{"type":"FeatureCollection","features":[{"type":"Feature","properties":{"code":"48170250","name":"문산읍","parent":"48170"},"geometry":{"type":"MultiPolygon","coordinates":[[[[128.24737,35.12847],[128.24669,35.12726],[128.24612,35.12692],[128.24559,35.12679],[128.24551,35.12678],[128.24254,35.12615],[128.24118,35.12651],[128.24033,35.12731],[128.23914,35.1286],[128.23813,35.12974],[128.23797,35.12996],[128.23786,35.1301],[128.23771,35.13026],[128.23719,35.13074],[128.23712,35.1308],[128.23706,35.13082],[128.23358,35.13213],[128.23183,35.13133],[128.23175,35.13127],[128.23168,35.13124],[128.23163,35.13123],[128.23151,35.13123],[128.23142,35.13125],[128.22928,35.1324],[128.22847,35.13372],[128.22847,35.13376],[128.22844,35.13389],[128.22793,35.13555],[128.22788,35.13571],[128.22783,35.13586],[128.22779,35.13595],[128.22774,35.13604],[128.22771,35.13609],[128.22761,35.13621],[128.22749,35.1363],[128.2274,35.13635],[128.22728,35.13639],[128.22721,35.1364],[128.22711,35.13641],[128.22694,35.13638],[128.22665,35.13627],[128.22629,35.1361],[128.22603,35.13594],[128.22565,35.13576],[128.22549,35.1357],[128.22531,35.13564],[128.22524,35.13562],[128.22517,35.13561],[128.22503,35.13562],[128.22495,35.13562],[128.22481,35.13565],[128.22472,35.13567],[128.22457,35.13573],[128.22234,35.13669],[128.2185,35.13854],[128.21736,35.13916],[128.21732,35.1392],[128.21729,35.13921],[128.21669,35.13995],[128.21653,35.14039],[128.21607,35.14089],[128.21485,35.1416],[128.21134,35.14355],[128.21127,35.14358],[128.21121,35.14358],[128.21112,35.14359],[128.21058,35.14354],[128.21032,35.14349],[128.21014,35.14345],[128.20574,35.14161],[128.20382,35.14056],[128.20235,35.13923],[128.19956,35.13691],[128.19943,35.13684],[128.19929,35.13679],[128.19918,35.13676],[128.19908,35.13675],[128.19904,35.13676],[128.1989,35.13677],[128.1988,35.13679],[128.19874,35.1368],[128.1987,35.13681],[128.19863,35.13683],[128.19855,35.13686],[128.1985,35.13689],[128.19842,35.13694],[128.19835,35.13699],[128.19831,35.13701],[128.1982,35.13708],[128.19808,35.13714],[128.19796,35.13717],[128.19758,35.13728],[128.19723,35.13736],[128.19685,35.13742],[128.19654,35.13742],[128.1964,35.13741],[128.1963,35.13739],[128.1962,35.13736],[128.19609,35.13728],[128.19449,35.13583],[128.19434,35.13568],[128.19422,35.13553],[128.19417,35.13544],[128.19414,35.13517],[128.19412,35.13504],[128.19411,35.13494],[128.19408,35.13486],[128.19403,35.13474],[128.19391,35.13456],[128.19366,35.13428],[128.19349,35.1341],[128.19338,35.13398],[128.19297,35.13356],[128.1928,35.13341],[128.19236,35.13302],[128.19226,35.13295],[128.19218,35.1329],[128.19212,35.13288],[128.19199,35.13285],[128.19187,35.13283],[128.19177,35.13285],[128.1916,35.1329],[128.19147,35.13296],[128.1913,35.13306],[128.1912,35.13312],[128.19114,35.13319],[128.19105,35.1333],[128.19085,35.13354],[128.19028,35.1344],[128.18982,35.13515],[128.18971,35.13531],[128.18958,35.1355],[128.18945,35.13567],[128.18933,35.13582],[128.18921,35.1359],[128.18902,35.136],[128.18816,35.13642],[128.18783,35.13654],[128.18747,35.13664],[128.18694,35.1368],[128.18668,35.13689],[128.18651,35.13695],[128.18629,35.13703],[128.18462,35.13767],[128.1845,35.13771],[128.18438,35.13782],[128.18384,35.13878],[128.1825,35.14116],[128.18244,35.14128],[128.18241,35.1414],[128.1824,35.14147],[128.18278,35.14263],[128.18281,35.14272],[128.18287,35.14279],[128.18322,35.14315],[128.18335,35.14329],[128.18338,35.14332],[128.18344,35.14339],[128.18349,35.14352],[128.18354,35.14365],[128.18355,35.14372],[128.18356,35.14381],[128.18357,35.14392],[128.18358,35.14405],[128.18357,35.14424],[128.18353,35.14448],[128.1835,35.14458],[128.18342,35.14475],[128.18336,35.14487],[128.18327,35.145],[128.18317,35.14513],[128.18311,35.14521],[128.18299,35.14534],[128.18283,35.1455],[128.18276,35.14556],[128.18262,35.14567],[128.1825,35.14576],[128.1824,35.14582],[128.18223,35.14587],[128.18208,35.1459],[128.18168,35.14597],[128.18139,35.14601],[128.18122,35.14602],[128.18064,35.14598],[128.17998,35.14609],[128.17985,35.1461],[128.17971,35.1461],[128.17964,35.14609],[128.17947,35.14604],[128.17938,35.146],[128.17873,35.14566],[128.17834,35.14546],[128.1735,35.14185],[128.1713,35.13937],[128.17123,35.13931],[128.17112,35.13928],[128.17079,35.13936],[128.17072,35.13941],[128.17067,35.13944],[128.17053,35.13955],[128.16935,35.13929],[128.16953,35.13735],[128.16969,35.13558],[128.16947,35.13555],[128.16676,35.13518],[128.16385,35.13302],[128.16384,35.13289],[128.1638,35.13283],[128.16375,35.13279],[128.16368,35.13275],[128.16359,35.13271],[128.1624,35.13235],[128.16137,35.13221],[128.1613,35.13221],[128.16117,35.13223],[128.15954,35.13271],[128.15799,35.13352],[128.15289,35.13584],[128.14835,35.13905],[128.14546,35.13933],[128.14319,35.13949],[128.14307,35.13952],[128.14171,35.13985],[128.14153,35.13993],[128.14113,35.14012],[128.14096,35.1402],[128.14085,35.14026],[128.14076,35.14037],[128.14067,35.14051],[128.1321,35.14335],[128.1311,35.14407],[128.13099,35.14414],[128.13087,35.14418],[128.13074,35.1442],[128.13062,35.14419],[128.12968,35.14409],[128.12986,35.14621],[128.12988,35.14644],[128.13,35.14669],[128.13013,35.14683],[128.13178,35.1482],[128.13289,35.14895],[128.13326,35.14913],[128.13331,35.1492],[128.13328,35.14932],[128.13325,35.14945],[128.13268,35.15087],[128.13218,35.15207],[128.13147,35.15299],[128.13086,35.15371],[128.13057,35.15412],[128.13026,35.15474],[128.1299,35.15601],[128.13048,35.15897],[128.13051,35.15903],[128.13055,35.15914],[128.13062,35.15924],[128.13075,35.15933],[128.13141,35.1597],[128.1335,35.16075],[128.13729,35.164],[128.13765,35.1644],[128.13781,35.16584],[128.14187,35.16717],[128.14796,35.16938],[128.14913,35.1698],[128.14963,35.17071],[128.15084,35.17224],[128.1532,35.17269],[128.15387,35.17248],[128.15448,35.17208],[128.1548,35.17193],[128.15529,35.17184],[128.15566,35.17183],[128.15667,35.17194],[128.15787,35.1722],[128.15827,35.17242],[128.15873,35.17313],[128.15847,35.17357],[128.15765,35.17435],[128.15699,35.17497],[128.15631,35.17591],[128.15648,35.17691],[128.15681,35.1777],[128.15645,35.17814],[128.15395,35.18058],[128.15424,35.18064],[128.15439,35.18066],[128.15447,35.18067],[128.15463,35.18068],[128.15484,35.18068],[128.15502,35.18067],[128.15518,35.18065],[128.15541,35.18061],[128.15553,35.18057],[128.15672,35.18011],[128.15686,35.18005],[128.1569,35.18002],[128.15696,35.17996],[128.15707,35.17983],[128.16084,35.17808],[128.16696,35.17589],[128.16701,35.1759],[128.17452,35.17694],[128.17461,35.17698],[128.17467,35.17703],[128.17477,35.17712],[128.17492,35.17731],[128.17499,35.17743],[128.17502,35.17751],[128.17595,35.18035],[128.17599,35.18052],[128.17604,35.18072],[128.17605,35.18092],[128.17604,35.18106],[128.17601,35.18114],[128.176,35.18117],[128.18146,35.18569],[128.18576,35.18689],[128.18596,35.18695],[128.18626,35.18708],[128.18815,35.18826],[128.18837,35.18841],[128.18873,35.18871],[128.18888,35.18885],[128.189,35.18896],[128.18913,35.18911],[128.18919,35.1892],[128.1892,35.18923],[128.18921,35.18928],[128.18922,35.18934],[128.18923,35.1894],[128.18928,35.18958],[128.18929,35.18962],[128.18932,35.18971],[128.18945,35.18995],[128.18997,35.19089],[128.19014,35.19117],[128.19031,35.19137],[128.19055,35.19158],[128.19082,35.19177],[128.19147,35.19209],[128.1956,35.19088],[128.19956,35.19036],[128.20004,35.19002],[128.20094,35.18793],[128.20086,35.18632],[128.20118,35.18323],[128.20202,35.18136],[128.20232,35.17957],[128.20136,35.17759],[128.20171,35.17721],[128.20333,35.17647],[128.20549,35.1756],[128.20616,35.17565],[128.20888,35.17523],[128.21303,35.17417],[128.21548,35.17314],[128.21609,35.17162],[128.2149,35.1707],[128.21561,35.16912],[128.21646,35.16812],[128.21718,35.16729],[128.21719,35.16656],[128.21719,35.16645],[128.21533,35.16257],[128.21492,35.16195],[128.21433,35.16122],[128.21494,35.15966],[128.21558,35.15884],[128.21974,35.15738],[128.2205,35.15752],[128.22107,35.15721],[128.22239,35.15436],[128.22331,35.1513],[128.22536,35.15002],[128.22771,35.14712],[128.2279,35.14683],[128.22768,35.14442],[128.2286,35.14253],[128.22972,35.14171],[128.23468,35.13889],[128.2373,35.13793],[128.23892,35.13766],[128.24021,35.1376],[128.24028,35.1376],[128.24152,35.13717],[128.24452,35.13603],[128.24471,35.13586],[128.24496,35.13472],[128.2461,35.13119],[128.24737,35.12847]]]]}},{"type":"Feature","properties":{"code":"48170310","name":"내동면","parent":"48170"},"geometry":{"type":"MultiPolygon","coordinates":[[[[128.08905,35.16048],[128.08959,35.15978],[128.09001,35.15791],[128.08998,35.15766],[128.08996,35.15734],[128.09009,35.15659],[128.09157,35.15475],[128.09262,35.15374],[128.09313,35.15342],[128.09377,35.15325],[128.09443,35.15248],[128.09619,35.1502],[128.0962,35.15011],[128.09611,35.14878],[128.09606,35.14877],[128.09556,35.14858],[128.09548,35.14853],[128.09511,35.14798],[128.09499,35.14779],[128.09452,35.14701],[128.09448,35.14693],[128.09446,35.14681],[128.09445,35.14677],[128.09444,35.14664],[128.09443,35.14659],[128.09441,35.14633],[128.09387,35.14557],[128.09247,35.14374],[128.09217,35.14336],[128.09207,35.14323],[128.08879,35.14034],[128.08801,35.13981],[128.08623,35.1386],[128.08603,35.13852],[128.08582,35.13847],[128.08497,35.13836],[128.08483,35.13834],[128.0847,35.13834],[128.08459,35.13836],[128.08448,35.1384],[128.08438,35.13846],[128.08424,35.13856],[128.08409,35.13869],[128.08392,35.13886],[128.0838,35.13893],[128.08349,35.13907],[128.08335,35.13911],[128.08254,35.1392],[128.08217,35.13923],[128.08113,35.13928],[128.08101,35.13928],[128.07249,35.13937],[128.07234,35.13937],[128.07225,35.13936],[128.07148,35.13923],[128.06707,35.13773],[128.06396,35.13636],[128.05887,35.1341],[128.05874,35.13403],[128.05754,35.13334],[128.0575,35.1333],[128.05667,35.13249],[128.05557,35.13133],[128.0545,35.13005],[128.05181,35.13072],[128.05079,35.13128],[128.05019,35.13131],[128.04952,35.13043],[128.04887,35.12953],[128.04764,35.12773],[128.04761,35.12768],[128.04759,35.12761],[128.0476,35.12755],[128.04764,35.12743],[128.04768,35.12732],[128.04772,35.12721],[128.04776,35.12711],[128.04783,35.12692],[128.04788,35.12687],[128.04803,35.12681],[128.04815,35.12678],[128.04838,35.12671],[128.04853,35.12661],[128.04863,35.12653],[128.04869,35.12643],[128.04871,35.12641],[128.04875,35.12633],[128.04886,35.12593],[128.0489,35.12559],[128.04898,35.12477],[128.04896,35.12466],[128.04891,35.12454],[128.04877,35.12438],[128.0487,35.12431],[128.04856,35.1242],[128.04619,35.12235],[128.04395,35.12085],[128.04376,35.12073],[128.04361,35.12065],[128.04342,35.12057],[128.04331,35.12053],[128.04323,35.12053],[128.04307,35.1206],[128.04298,35.12068],[128.03981,35.12085],[128.03673,35.12019],[128.03279,35.12095],[128.03156,35.12119],[128.0313,35.12128],[128.03039,35.12163],[128.03031,35.12167],[128.03015,35.12176],[128.02987,35.12199],[128.02972,35.12209],[128.02963,35.12214],[128.02945,35.12223],[128.02816,35.12282],[128.02809,35.12284],[128.02806,35.12284],[128.028,35.12283],[128.02552,35.12208],[128.02549,35.12206],[128.02541,35.122],[128.02477,35.12145],[128.02463,35.12128],[128.0246,35.12125],[128.02458,35.12122],[128.02456,35.12115],[128.02453,35.12107],[128.02449,35.12096],[128.02447,35.12089],[128.02445,35.12075],[128.02442,35.12054],[128.02441,35.12042],[128.02442,35.12038],[128.02442,35.12032],[128.02452,35.12009],[128.02465,35.11986],[128.02473,35.11966],[128.02476,35.11952],[128.02477,35.11936],[128.02476,35.11922],[128.02473,35.11913],[128.0247,35.11902],[128.02461,35.1188],[128.02447,35.11854],[128.02433,35.11833],[128.02427,35.11827],[128.02419,35.11819],[128.02405,35.11809],[128.02327,35.11759],[128.02283,35.11734],[128.02257,35.11728],[128.02237,35.11729],[128.02184,35.11727],[128.02087,35.11721],[128.02069,35.11719],[128.02067,35.11716],[128.02067,35.11713],[128.02068,35.11708],[128.02069,35.11704],[128.02075,35.11691],[128.02084,35.11672],[128.02184,35.11478],[128.02191,35.11465],[128.0222,35.11415],[128.0207,35.11315],[128.01936,35.11231],[128.01845,35.11218],[128.01088,35.1116],[128.01002,35.11177],[128.00556,35.11315],[128.00489,35.11361],[128.00466,35.11377],[128.00287,35.11536],[128.00167,35.11684],[128.00124,35.11737],[128.0012,35.1176],[128.00114,35.11796],[128.00111,35.11816],[128.0011,35.11829],[128.0011,35.12458],[128.00219,35.12699],[128.00231,35.12726],[128.00267,35.12806],[128.00313,35.13364],[128.00071,35.14089],[128.00056,35.14126],[128.00045,35.1413],[128.0003,35.14135],[127.99961,35.1416],[127.99943,35.14173],[127.99908,35.14197],[127.9982,35.14284],[127.99756,35.1436],[127.99746,35.14379],[127.99742,35.14386],[127.99733,35.14411],[127.99728,35.14432],[127.99732,35.14438],[127.99735,35.14444],[127.99744,35.14452],[127.99769,35.14463],[127.99899,35.14498],[127.99976,35.14518],[128.00101,35.14558],[128.00114,35.14573],[128.00176,35.14755],[128.00164,35.14859],[127.99993,35.15048],[127.9981,35.15166],[127.99642,35.15396],[127.99579,35.15505],[127.99521,35.15541],[127.99435,35.15594],[127.99414,35.15605],[127.99398,35.15612],[127.99628,35.1565],[127.99705,35.15671],[127.99892,35.1573],[128.00551,35.15948],[128.00626,35.1598],[128.00704,35.1602],[128.00751,35.16053],[128.00777,35.16072],[128.00825,35.16111],[128.00853,35.16134],[128.00876,35.16154],[128.00887,35.16164],[128.0089,35.16167],[128.00902,35.1618],[128.00908,35.16191],[128.0091,35.16193],[128.00912,35.16197],[128.00917,35.16208],[128.00919,35.16213],[128.00924,35.16226],[128.01019,35.16235],[128.01028,35.16235],[128.01044,35.16234],[128.01049,35.16234],[128.01066,35.1623],[128.01083,35.16225],[128.01109,35.16217],[128.01124,35.16207],[128.01134,35.16196],[128.01142,35.16185],[128.01149,35.16175],[128.01154,35.16162],[128.01155,35.1615],[128.01155,35.16141],[128.01153,35.1611],[128.01152,35.16107],[128.01151,35.16103],[128.01144,35.16091],[128.01137,35.1608],[128.01135,35.16076],[128.01134,35.16072],[128.01131,35.16063],[128.01127,35.16046],[128.01126,35.16027],[128.01125,35.16],[128.01127,35.15986],[128.01128,35.15976],[128.01141,35.15915],[128.01145,35.15899],[128.01152,35.15884],[128.0127,35.15675],[128.01287,35.15646],[128.013,35.15626],[128.01322,35.15601],[128.01343,35.15584],[128.0136,35.15572],[128.01377,35.15565],[128.01399,35.15557],[128.01437,35.15548],[128.0151,35.15537],[128.01575,35.15531],[128.01622,35.15528],[128.01652,35.15528],[128.01734,35.15536],[128.01789,35.15546],[128.0183,35.15557],[128.0186,35.1557],[128.01891,35.15591],[128.01913,35.15627],[128.01933,35.15659],[128.01984,35.15761],[128.02048,35.15882],[128.02076,35.15932],[128.02106,35.15983],[128.02165,35.16079],[128.02248,35.16212],[128.02286,35.16269],[128.02359,35.16356],[128.02392,35.1639],[128.02448,35.16442],[128.02496,35.16478],[128.02533,35.16506],[128.026,35.16549],[128.02624,35.16564],[128.02684,35.16588],[128.02756,35.16614],[128.0282,35.16634],[128.02863,35.16644],[128.02884,35.16649],[128.02897,35.1665],[128.02931,35.16652],[128.02939,35.16652],[128.02959,35.16652],[128.02987,35.1665],[128.03029,35.16645],[128.03048,35.1664],[128.03071,35.16632],[128.03097,35.1662],[128.0315,35.16592],[128.03182,35.16574],[128.03222,35.16549],[128.03256,35.16526],[128.03292,35.16497],[128.03323,35.16467],[128.03375,35.16409],[128.03408,35.16361],[128.03433,35.16328],[128.03448,35.16309],[128.03464,35.1629],[128.03518,35.16233],[128.03593,35.16171],[128.03611,35.16159],[128.03643,35.16139],[128.03664,35.16127],[128.03675,35.16122],[128.03803,35.16066],[128.03874,35.16037],[128.04057,35.15968],[128.04084,35.1596],[128.04119,35.15949],[128.04148,35.15942],[128.04167,35.15938],[128.0418,35.15935],[128.04237,35.15926],[128.04255,35.15924],[128.04269,35.15923],[128.04625,35.15896],[128.0465,35.15896],[128.04757,35.15896],[128.04945,35.15932],[128.05283,35.1604],[128.05337,35.16061],[128.05397,35.1609],[128.05428,35.16107],[128.05498,35.16147],[128.05677,35.16253],[128.05783,35.16318],[128.06159,35.1653],[128.06541,35.16769],[128.06739,35.16727],[128.06974,35.16648],[128.07119,35.16683],[128.07304,35.16712],[128.07322,35.16713],[128.0733,35.16713],[128.07343,35.16711],[128.07449,35.16669],[128.07458,35.16663],[128.07467,35.16656],[128.07476,35.16645],[128.0749,35.16624],[128.07498,35.16611],[128.07529,35.1655],[128.07547,35.1651],[128.07563,35.16457],[128.07807,35.16385],[128.07975,35.16374],[128.08287,35.16359],[128.08485,35.16319],[128.08855,35.16242],[128.08863,35.1624],[128.0887,35.16235],[128.08882,35.16226],[128.08888,35.16221],[128.08896,35.16206],[128.08899,35.16191],[128.08905,35.16048]]]]}},{"type":"Feature","properties":{"code":"48170320","name":"정촌면","parent":"48170"},"geometry":{"type":"MultiPolygon","coordinates":[[[[128.12968,35.14409],[128.13062,35.14419],[128.13074,35.1442],[128.13087,35.14418],[128.13099,35.14414],[128.1311,35.14407],[128.1321,35.14335],[128.14067,35.14051],[128.14076,35.14037],[128.14085,35.14026],[128.14096,35.1402],[128.14113,35.14012],[128.14153,35.13993],[128.14171,35.13985],[128.14307,35.13952],[128.14319,35.13949],[128.14546,35.13933],[128.14835,35.13905],[128.15289,35.13584],[128.15799,35.13352],[128.15954,35.13271],[128.15928,35.13189],[128.15919,35.12794],[128.15924,35.12787],[128.16069,35.12621],[128.16158,35.12398],[128.16241,35.12171],[128.16295,35.11992],[128.16325,35.11825],[128.16327,35.11806],[128.16324,35.11792],[128.16263,35.11597],[128.16206,35.11435],[128.15931,35.11172],[128.1592,35.11166],[128.15671,35.11084],[128.15578,35.11067],[128.15413,35.11044],[128.15411,35.11052],[128.15408,35.11061],[128.15398,35.11072],[128.15389,35.11081],[128.14757,35.11459],[128.14623,35.11524],[128.14616,35.11526],[128.14329,35.11602],[128.14279,35.11613],[128.14232,35.11619],[128.14184,35.11624],[128.14153,35.11624],[128.14114,35.11623],[128.14071,35.11621],[128.14008,35.11618],[128.13978,35.11614],[128.13946,35.11607],[128.13937,35.11604],[128.13931,35.116],[128.13921,35.11592],[128.13896,35.11564],[128.13873,35.1154],[128.13863,35.11532],[128.13857,35.1153],[128.1385,35.11531],[128.13757,35.11557],[128.13621,35.11611],[128.13494,35.11665],[128.13437,35.11699],[128.13434,35.117],[128.13427,35.11703],[128.13416,35.11704],[128.13411,35.11704],[128.13391,35.11702],[128.13318,35.11695],[128.13254,35.11687],[128.13236,35.11681],[128.13025,35.11594],[128.13016,35.11589],[128.13006,35.11584],[128.12993,35.11574],[128.12986,35.11569],[128.12983,35.11566],[128.1298,35.11564],[128.12975,35.11559],[128.12965,35.11544],[128.12954,35.1153],[128.12944,35.1152],[128.12933,35.11512],[128.12898,35.11496],[128.12854,35.1148],[128.12842,35.11476],[128.1283,35.11475],[128.12798,35.11475],[128.12737,35.11478],[128.12707,35.1148],[128.12658,35.11486],[128.12604,35.11493],[128.12586,35.11495],[128.12506,35.11511],[128.12461,35.11521],[128.12439,35.11524],[128.12426,35.11524],[128.12415,35.11524],[128.12357,35.1152],[128.12314,35.11512],[128.12282,35.11504],[128.12189,35.11476],[128.12155,35.11465],[128.12142,35.1146],[128.12125,35.11453],[128.12085,35.11431],[128.12058,35.11414],[128.12016,35.11386],[128.11967,35.1135],[128.11938,35.11328],[128.11903,35.11301],[128.11876,35.11279],[128.11763,35.11173],[128.11091,35.10646],[128.1108,35.10639],[128.11071,35.10633],[128.10907,35.10541],[128.10891,35.10532],[128.10873,35.10528],[128.10854,35.10529],[128.10822,35.10532],[128.10656,35.10593],[128.10625,35.10602],[128.10084,35.10656],[128.09912,35.10663],[128.09888,35.10663],[128.09866,35.10663],[128.09832,35.1066],[128.09816,35.10657],[128.09803,35.10654],[128.09799,35.10652],[128.09787,35.10647],[128.0944,35.10389],[128.09268,35.10164],[128.09271,35.10138],[128.09265,35.1013],[128.09251,35.10125],[128.09131,35.10099],[128.09116,35.10096],[128.09111,35.10098],[128.09107,35.10105],[128.08974,35.10391],[128.08951,35.10472],[128.09022,35.10666],[128.09149,35.11004],[128.09116,35.11586],[128.09111,35.11601],[128.09096,35.11621],[128.09008,35.11724],[128.09002,35.1173],[128.08992,35.1174],[128.08703,35.11998],[128.08679,35.12019],[128.08646,35.12036],[128.08618,35.1205],[128.08598,35.12055],[128.08576,35.12055],[128.08515,35.12048],[128.08466,35.12038],[128.0842,35.12027],[128.08385,35.12016],[128.07607,35.12307],[128.07577,35.1232],[128.07553,35.12337],[128.07441,35.12426],[128.07435,35.12431],[128.07425,35.12439],[128.07412,35.12452],[128.07409,35.12464],[128.07408,35.12471],[128.07407,35.12483],[128.07408,35.12493],[128.07409,35.125],[128.0742,35.12533],[128.07373,35.126],[128.07276,35.12689],[128.07087,35.12837],[128.07068,35.12845],[128.06982,35.12881],[128.06964,35.12887],[128.0692,35.12897],[128.06879,35.12904],[128.06804,35.12913],[128.06783,35.12915],[128.06759,35.12913],[128.06057,35.12808],[128.05591,35.12907],[128.0545,35.13005],[128.05557,35.13133],[128.05667,35.13249],[128.0575,35.1333],[128.05754,35.13334],[128.05874,35.13403],[128.05887,35.1341],[128.06396,35.13636],[128.06707,35.13773],[128.07148,35.13923],[128.07225,35.13936],[128.07234,35.13937],[128.07249,35.13937],[128.08101,35.13928],[128.08113,35.13928],[128.08217,35.13923],[128.08254,35.1392],[128.08335,35.13911],[128.08349,35.13907],[128.0838,35.13893],[128.08392,35.13886],[128.08409,35.13869],[128.08424,35.13856],[128.08438,35.13846],[128.08448,35.1384],[128.08459,35.13836],[128.0847,35.13834],[128.08483,35.13834],[128.08497,35.13836],[128.08582,35.13847],[128.08603,35.13852],[128.08623,35.1386],[128.08801,35.13981],[128.08879,35.14034],[128.09207,35.14323],[128.09217,35.14336],[128.09247,35.14374],[128.09387,35.14557],[128.09441,35.14633],[128.09443,35.14659],[128.09444,35.14664],[128.09445,35.14677],[128.09446,35.14681],[128.09448,35.14693],[128.09452,35.14701],[128.09499,35.14779],[128.09511,35.14798],[128.09548,35.14853],[128.09556,35.14858],[128.09606,35.14877],[128.09611,35.14878],[128.09756,35.14496],[128.10059,35.14428],[128.10161,35.14407],[128.10621,35.14341],[128.10643,35.14338],[128.10653,35.14338],[128.1066,35.14339],[128.10671,35.14342],[128.10819,35.14396],[128.10868,35.1442],[128.10871,35.14424],[128.10874,35.14428],[128.10888,35.14473],[128.11199,35.14656],[128.11629,35.14619],[128.11936,35.14483],[128.11963,35.14474],[128.11971,35.14472],[128.11987,35.14467],[128.12007,35.14463],[128.12013,35.14463],[128.12026,35.14463],[128.1204,35.14464],[128.12076,35.14468],[128.12085,35.1447],[128.12096,35.14473],[128.12104,35.14478],[128.12108,35.14482],[128.12113,35.14495],[128.12117,35.14507],[128.12133,35.14542],[128.1214,35.14557],[128.12147,35.14571],[128.12156,35.14585],[128.12169,35.146],[128.1218,35.14609],[128.12193,35.14618],[128.12198,35.1462],[128.12204,35.14622],[128.12222,35.14624],[128.12229,35.14624],[128.12247,35.14625],[128.12423,35.14621],[128.12447,35.14562],[128.12455,35.14519],[128.12468,35.14455],[128.12522,35.14368],[128.12624,35.14309],[128.127,35.14309],[128.12762,35.14377],[128.12844,35.14411],[128.12888,35.14416],[128.12893,35.14416],[128.12948,35.14414],[128.12968,35.14409]]]]}},{"type":"Feature","properties":{"code":"48170330","name":"금곡면","parent":"48170"},"geometry":{"type":"MultiPolygon","coordinates":[[[[128.24118,35.12651],[128.24288,35.12553],[128.24256,35.12385],[128.24174,35.12138],[128.24169,35.12125],[128.24155,35.121],[128.24151,35.12095],[128.24146,35.12091],[128.2414,35.12087],[128.23435,35.11696],[128.23224,35.11745],[128.22868,35.11699],[128.22826,35.1156],[128.2277,35.11426],[128.22764,35.11417],[128.22756,35.11408],[128.22747,35.11403],[128.22732,35.11397],[128.22712,35.1139],[128.22684,35.11385],[128.22658,35.1138],[128.22414,35.1136],[128.21284,35.11408],[128.21269,35.11409],[128.2125,35.11412],[128.21236,35.11414],[128.21226,35.11416],[128.21211,35.1142],[128.212,35.11424],[128.21191,35.11428],[128.21181,35.11435],[128.21174,35.1144],[128.21142,35.11465],[128.21128,35.11476],[128.21116,35.11487],[128.21104,35.11499],[128.21093,35.11512],[128.20934,35.11415],[128.20667,35.11118],[128.20056,35.10803],[128.20047,35.10799],[128.20037,35.10793],[128.20028,35.10786],[128.20016,35.10772],[128.20011,35.1076],[128.19834,35.10374],[128.19831,35.10365],[128.19831,35.10357],[128.19835,35.10352],[128.19841,35.10348],[128.1985,35.10342],[128.19865,35.10337],[128.19897,35.10327],[128.19918,35.10318],[128.19984,35.10285],[128.19989,35.10282],[128.19998,35.10276],[128.20006,35.10269],[128.20012,35.10262],[128.20016,35.10256],[128.20023,35.10244],[128.20036,35.10213],[128.20088,35.10055],[128.2009,35.10043],[128.2009,35.10031],[128.20087,35.10019],[128.20083,35.10008],[128.20073,35.09994],[128.20028,35.09937],[128.19917,35.09806],[128.19721,35.09605],[128.19705,35.09591],[128.1968,35.09579],[128.19656,35.09573],[128.1962,35.09571],[128.19562,35.09573],[128.19505,35.09578],[128.1948,35.09586],[128.1944,35.09603],[128.19374,35.09636],[128.19185,35.09779],[128.1916,35.09805],[128.19088,35.09748],[128.18958,35.09589],[128.18945,35.09573],[128.18929,35.09549],[128.18927,35.09545],[128.18918,35.09522],[128.18841,35.09302],[128.18754,35.08939],[128.18737,35.08854],[128.18738,35.08835],[128.18746,35.08824],[128.18773,35.0879],[128.18903,35.08502],[128.18896,35.08467],[128.18885,35.0842],[128.18868,35.08371],[128.18859,35.08328],[128.18852,35.08278],[128.18852,35.08257],[128.18852,35.08254],[128.18854,35.08232],[128.18864,35.0819],[128.189,35.0807],[128.18917,35.08019],[128.18973,35.0786],[128.18998,35.07791],[128.19052,35.07676],[128.19056,35.07669],[128.1906,35.07667],[128.19063,35.07666],[128.19066,35.07666],[128.19072,35.07664],[128.19077,35.07664],[128.19144,35.07678],[128.19234,35.07706],[128.19278,35.07718],[128.19301,35.07723],[128.19311,35.07724],[128.19325,35.07725],[128.19362,35.07725],[128.19385,35.07724],[128.1942,35.07719],[128.1943,35.07717],[128.19503,35.07697],[128.19576,35.07666],[128.19604,35.07653],[128.19644,35.07637],[128.19668,35.07627],[128.19681,35.07624],[128.19696,35.07622],[128.19732,35.0762],[128.19748,35.0762],[128.20151,35.07649],[128.20233,35.07656],[128.20315,35.07666],[128.20334,35.07649],[128.20373,35.07624],[128.20416,35.07602],[128.2045,35.07589],[128.20477,35.07581],[128.20496,35.07577],[128.20598,35.07572],[128.20631,35.07571],[128.20652,35.07572],[128.20662,35.07573],[128.20675,35.07576],[128.20714,35.07584],[128.20852,35.07589],[128.2087,35.07589],[128.20892,35.07587],[128.20912,35.07585],[128.21003,35.07575],[128.2105,35.07567],[128.21064,35.07563],[128.21074,35.07555],[128.21084,35.07544],[128.21095,35.07528],[128.21106,35.07505],[128.21125,35.07437],[128.21128,35.07425],[128.21131,35.0741],[128.21129,35.07386],[128.21124,35.07372],[128.21113,35.07351],[128.21093,35.07321],[128.21068,35.07293],[128.2105,35.07276],[128.21028,35.07261],[128.20983,35.07235],[128.2093,35.07209],[128.20895,35.07198],[128.20879,35.07194],[128.20868,35.07193],[128.20846,35.07196],[128.20829,35.07197],[128.20806,35.07197],[128.20783,35.07195],[128.20738,35.0719],[128.20714,35.07186],[128.20685,35.07177],[128.20652,35.07166],[128.20538,35.07119],[128.20464,35.07082],[128.20212,35.06942],[128.19729,35.06602],[128.19721,35.06596],[128.19518,35.0641],[128.19454,35.06349],[128.19452,35.06345],[128.19375,35.06038],[128.19122,35.05634],[128.18889,35.05311],[128.18753,35.05228],[128.18632,35.05153],[128.18456,35.0503],[128.18453,35.05037],[128.18448,35.05046],[128.18434,35.05065],[128.18422,35.05077],[128.18399,35.05095],[128.18385,35.05104],[128.18043,35.05299],[128.18021,35.05309],[128.17905,35.05356],[128.17899,35.05357],[128.1789,35.05359],[128.17878,35.05358],[128.17866,35.05358],[128.17836,35.05348],[128.17821,35.0534],[128.17814,35.05337],[128.1779,35.05318],[128.17765,35.05294],[128.17759,35.05288],[128.17682,35.05242],[128.17539,35.05213],[128.17453,35.05204],[128.1727,35.05194],[128.17263,35.05194],[128.17257,35.05196],[128.17255,35.05197],[128.17251,35.05199],[128.17243,35.05205],[128.17208,35.05241],[128.17204,35.05245],[128.172,35.05253],[128.17198,35.0526],[128.17198,35.05265],[128.17199,35.05269],[128.17207,35.05284],[128.1722,35.05309],[128.17226,35.0532],[128.17227,35.05327],[128.17227,35.05338],[128.17226,35.05344],[128.17224,35.05351],[128.17166,35.05469],[128.17162,35.05475],[128.17018,35.05685],[128.17006,35.05701],[128.16968,35.0575],[128.1696,35.05761],[128.16951,35.05769],[128.16944,35.05777],[128.16936,35.05782],[128.16928,35.05788],[128.16924,35.0579],[128.16919,35.05793],[128.16894,35.05805],[128.16877,35.05813],[128.16869,35.05818],[128.1686,35.05824],[128.16847,35.05834],[128.16805,35.05871],[128.1678,35.05894],[128.1677,35.05906],[128.16691,35.06055],[128.16639,35.06161],[128.16595,35.0624],[128.16521,35.06364],[128.16516,35.06371],[128.16293,35.06609],[128.16286,35.06615],[128.16275,35.0662],[128.16151,35.06648],[128.16142,35.0665],[128.16136,35.0665],[128.16126,35.06648],[128.16118,35.06645],[128.16113,35.06642],[128.16108,35.06639],[128.16068,35.0661],[128.16011,35.0657],[128.16001,35.06563],[128.15984,35.06554],[128.15967,35.06548],[128.15956,35.06546],[128.15944,35.06544],[128.15932,35.06543],[128.15866,35.06545],[128.15704,35.06575],[128.15696,35.06577],[128.15682,35.06582],[128.15678,35.06585],[128.15674,35.06589],[128.15612,35.06686],[128.15412,35.07029],[128.15292,35.0731],[128.15287,35.07328],[128.15283,35.0734],[128.15275,35.07359],[128.15269,35.07371],[128.15255,35.07394],[128.15248,35.07406],[128.15242,35.07413],[128.15238,35.07418],[128.15234,35.07421],[128.15226,35.07426],[128.15221,35.07429],[128.15217,35.07431],[128.15026,35.07511],[128.15017,35.07513],[128.15003,35.07514],[128.14892,35.07515],[128.14886,35.07523],[128.14877,35.07537],[128.14871,35.0755],[128.14862,35.07582],[128.14839,35.07679],[128.14838,35.07688],[128.14837,35.07695],[128.14837,35.07701],[128.14839,35.07704],[128.14843,35.07709],[128.15283,35.08064],[128.15289,35.08067],[128.15301,35.08072],[128.15727,35.08105],[128.15743,35.08104],[128.1575,35.08104],[128.15756,35.08104],[128.15913,35.08056],[128.16153,35.07981],[128.16176,35.0797],[128.16192,35.07967],[128.16208,35.07964],[128.16226,35.07964],[128.16256,35.07966],[128.16273,35.07969],[128.16296,35.07981],[128.16398,35.08039],[128.16803,35.08295],[128.16856,35.08333],[128.16863,35.08339],[128.16867,35.08347],[128.16868,35.08363],[128.16863,35.08382],[128.16813,35.08605],[128.16852,35.0886],[128.16856,35.08869],[128.17094,35.09226],[128.17113,35.09251],[128.17121,35.09258],[128.17131,35.09266],[128.17144,35.09271],[128.17162,35.09273],[128.1718,35.09275],[128.17223,35.09282],[128.17249,35.0929],[128.17272,35.09297],[128.17282,35.09301],[128.17303,35.0931],[128.17317,35.09323],[128.17329,35.09355],[128.17337,35.0938],[128.1734,35.09403],[128.17342,35.09414],[128.17331,35.09438],[128.17322,35.09456],[128.17302,35.0948],[128.17159,35.09598],[128.17148,35.09606],[128.16989,35.09715],[128.1698,35.09718],[128.16966,35.09714],[128.16903,35.09679],[128.16863,35.09661],[128.16817,35.09648],[128.16799,35.09645],[128.1678,35.09643],[128.16741,35.09644],[128.16722,35.09651],[128.16703,35.0966],[128.16685,35.09669],[128.16671,35.09679],[128.16658,35.09688],[128.16537,35.09837],[128.16461,35.09935],[128.16448,35.09957],[128.16436,35.09995],[128.16426,35.10019],[128.16416,35.10035],[128.16317,35.10146],[128.16309,35.10155],[128.16304,35.10157],[128.16296,35.10158],[128.16268,35.10149],[128.16188,35.10118],[128.16128,35.10088],[128.16065,35.10062],[128.1601,35.10044],[128.1599,35.10042],[128.15973,35.10044],[128.15934,35.10057],[128.15855,35.10089],[128.15837,35.10099],[128.15817,35.1011],[128.15809,35.10116],[128.15795,35.10126],[128.15791,35.10132],[128.15759,35.10308],[128.15771,35.10381],[128.15769,35.10393],[128.15761,35.10407],[128.15663,35.10547],[128.15656,35.10557],[128.15649,35.10566],[128.1544,35.10902],[128.15432,35.10927],[128.15423,35.10958],[128.1542,35.10974],[128.15417,35.10996],[128.15413,35.11044],[128.15578,35.11067],[128.15671,35.11084],[128.1592,35.11166],[128.15931,35.11172],[128.16206,35.11435],[128.16263,35.11597],[128.16324,35.11792],[128.16327,35.11806],[128.16325,35.11825],[128.16295,35.11992],[128.16241,35.12171],[128.16158,35.12398],[128.16069,35.12621],[128.15924,35.12787],[128.15919,35.12794],[128.15928,35.13189],[128.15954,35.13271],[128.16117,35.13223],[128.1613,35.13221],[128.16137,35.13221],[128.1624,35.13235],[128.16359,35.13271],[128.16368,35.13275],[128.16375,35.13279],[128.1638,35.13283],[128.16384,35.13289],[128.16385,35.13302],[128.16676,35.13518],[128.16947,35.13555],[128.16969,35.13558],[128.16953,35.13735],[128.16935,35.13929],[128.17053,35.13955],[128.17067,35.13944],[128.17072,35.13941],[128.17079,35.13936],[128.17112,35.13928],[128.17123,35.13931],[128.1713,35.13937],[128.1735,35.14185],[128.17834,35.14546],[128.17873,35.14566],[128.17938,35.146],[128.17947,35.14604],[128.17964,35.14609],[128.17971,35.1461],[128.17985,35.1461],[128.17998,35.14609],[128.18064,35.14598],[128.18122,35.14602],[128.18139,35.14601],[128.18168,35.14597],[128.18208,35.1459],[128.18223,35.14587],[128.1824,35.14582],[128.1825,35.14576],[128.18262,35.14567],[128.18276,35.14556],[128.18283,35.1455],[128.18299,35.14534],[128.18311,35.14521],[128.18317,35.14513],[128.18327,35.145],[128.18336,35.14487],[128.18342,35.14475],[128.1835,35.14458],[128.18353,35.14448],[128.18357,35.14424],[128.18358,35.14405],[128.18357,35.14392],[128.18356,35.14381],[128.18355,35.14372],[128.18354,35.14365],[128.18349,35.14352],[128.18344,35.14339],[128.18338,35.14332],[128.18335,35.14329],[128.18322,35.14315],[128.18287,35.14279],[128.18281,35.14272],[128.18278,35.14263],[128.1824,35.14147],[128.18241,35.1414],[128.18244,35.14128],[128.1825,35.14116],[128.18384,35.13878],[128.18438,35.13782],[128.1845,35.13771],[128.18462,35.13767],[128.18629,35.13703],[128.18651,35.13695],[128.18668,35.13689],[128.18694,35.1368],[128.18747,35.13664],[128.18783,35.13654],[128.18816,35.13642],[128.18902,35.136],[128.18921,35.1359],[128.18933,35.13582],[128.18945,35.13567],[128.18958,35.1355],[128.18971,35.13531],[128.18982,35.13515],[128.19028,35.1344],[128.19085,35.13354],[128.19105,35.1333],[128.19114,35.13319],[128.1912,35.13312],[128.1913,35.13306],[128.19147,35.13296],[128.1916,35.1329],[128.19177,35.13285],[128.19187,35.13283],[128.19199,35.13285],[128.19212,35.13288],[128.19218,35.1329],[128.19226,35.13295],[128.19236,35.13302],[128.1928,35.13341],[128.19297,35.13356],[128.19338,35.13398],[128.19349,35.1341],[128.19366,35.13428],[128.19391,35.13456],[128.19403,35.13474],[128.19408,35.13486],[128.19411,35.13494],[128.19412,35.13504],[128.19414,35.13517],[128.19417,35.13544],[128.19422,35.13553],[128.19434,35.13568],[128.19449,35.13583],[128.19609,35.13728],[128.1962,35.13736],[128.1963,35.13739],[128.1964,35.13741],[128.19654,35.13742],[128.19685,35.13742],[128.19723,35.13736],[128.19758,35.13728],[128.19796,35.13717],[128.19808,35.13714],[128.1982,35.13708],[128.19831,35.13701],[128.19835,35.13699],[128.19842,35.13694],[128.1985,35.13689],[128.19855,35.13686],[128.19863,35.13683],[128.1987,35.13681],[128.19874,35.1368],[128.1988,35.13679],[128.1989,35.13677],[128.19904,35.13676],[128.19908,35.13675],[128.19918,35.13676],[128.19929,35.13679],[128.19943,35.13684],[128.19956,35.13691],[128.20235,35.13923],[128.20382,35.14056],[128.20574,35.14161],[128.21014,35.14345],[128.21032,35.14349],[128.21058,35.14354],[128.21112,35.14359],[128.21121,35.14358],[128.21127,35.14358],[128.21134,35.14355],[128.21485,35.1416],[128.21607,35.14089],[128.21653,35.14039],[128.21669,35.13995],[128.21729,35.13921],[128.21732,35.1392],[128.21736,35.13916],[128.2185,35.13854],[128.22234,35.13669],[128.22457,35.13573],[128.22472,35.13567],[128.22481,35.13565],[128.22495,35.13562],[128.22503,35.13562],[128.22517,35.13561],[128.22524,35.13562],[128.22531,35.13564],[128.22549,35.1357],[128.22565,35.13576],[128.22603,35.13594],[128.22629,35.1361],[128.22665,35.13627],[128.22694,35.13638],[128.22711,35.13641],[128.22721,35.1364],[128.22728,35.13639],[128.2274,35.13635],[128.22749,35.1363],[128.22761,35.13621],[128.22771,35.13609],[128.22774,35.13604],[128.22779,35.13595],[128.22783,35.13586],[128.22788,35.13571],[128.22793,35.13555],[128.22844,35.13389],[128.22847,35.13376],[128.22847,35.13372],[128.22928,35.1324],[128.23142,35.13125],[128.23151,35.13123],[128.23163,35.13123],[128.23168,35.13124],[128.23175,35.13127],[128.23183,35.13133],[128.23358,35.13213],[128.23706,35.13082],[128.23712,35.1308],[128.23719,35.13074],[128.23771,35.13026],[128.23786,35.1301],[128.23797,35.12996],[128.23813,35.12974],[128.23914,35.1286],[128.24033,35.12731],[128.24118,35.12651]]]]}},{"type":"Feature","properties":{"code":"48170350","name":"진성면","parent":"48170"},"geometry":{"type":"MultiPolygon","coordinates":[[[[128.22176,35.21144],[128.2225,35.21127],[128.22312,35.21118],[128.22321,35.21115],[128.22329,35.21112],[128.22352,35.21103],[128.22382,35.21086],[128.22407,35.21068],[128.22417,35.21053],[128.22419,35.21043],[128.22416,35.21031],[128.224,35.20988],[128.22372,35.2094],[128.22345,35.20899],[128.22342,35.20892],[128.22338,35.20874],[128.22339,35.2086],[128.22339,35.2085],[128.22344,35.20826],[128.22471,35.20509],[128.2256,35.20399],[128.22786,35.20127],[128.22808,35.20103],[128.22822,35.20088],[128.22827,35.20084],[128.22831,35.20083],[128.2284,35.20085],[128.22851,35.20095],[128.22868,35.20121],[128.22892,35.20176],[128.22894,35.20183],[128.22905,35.20195],[128.22908,35.20199],[128.22927,35.20204],[128.22965,35.20206],[128.22997,35.20199],[128.23023,35.20191],[128.23047,35.20168],[128.23074,35.20132],[128.23139,35.20038],[128.23149,35.20016],[128.23208,35.19855],[128.23212,35.19842],[128.23215,35.19817],[128.23208,35.19789],[128.23205,35.1978],[128.23203,35.19771],[128.23204,35.1976],[128.23204,35.19744],[128.23219,35.19705],[128.23237,35.1968],[128.23251,35.1967],[128.23609,35.1948],[128.23739,35.19416],[128.24202,35.19246],[128.24659,35.19239],[128.24827,35.19237],[128.25163,35.19232],[128.25226,35.18716],[128.25226,35.18699],[128.25225,35.18685],[128.25218,35.18664],[128.25206,35.18642],[128.25139,35.18266],[128.25213,35.17737],[128.25244,35.17553],[128.2525,35.17541],[128.25284,35.17481],[128.25308,35.17442],[128.2536,35.17381],[128.25368,35.17372],[128.25371,35.17368],[128.25388,35.17356],[128.25612,35.17194],[128.26078,35.16876],[128.26105,35.1686],[128.26199,35.1679],[128.26249,35.16752],[128.26366,35.16644],[128.26376,35.16635],[128.2639,35.16621],[128.26404,35.16604],[128.264,35.16562],[128.26314,35.16393],[128.26443,35.16191],[128.26534,35.16049],[128.26557,35.16046],[128.26572,35.16041],[128.26578,35.16039],[128.26581,35.16037],[128.26591,35.1603],[128.266,35.16022],[128.26913,35.15689],[128.26962,35.15584],[128.27067,35.15128],[128.27067,35.15123],[128.27066,35.15117],[128.27044,35.15043],[128.27042,35.15037],[128.2704,35.15035],[128.27033,35.15027],[128.27023,35.15018],[128.27006,35.1501],[128.26764,35.14902],[128.26541,35.14912],[128.26536,35.14917],[128.26422,35.15037],[128.26416,35.15042],[128.26407,35.15048],[128.26396,35.15052],[128.26374,35.15056],[128.2635,35.15055],[128.26311,35.15049],[128.26273,35.15043],[128.25672,35.14944],[128.25658,35.14941],[128.25625,35.14925],[128.25595,35.14909],[128.25421,35.14813],[128.2542,35.1481],[128.25421,35.14807],[128.25431,35.14796],[128.25603,35.14646],[128.26056,35.14267],[128.26442,35.14003],[128.26607,35.13857],[128.26656,35.13639],[128.26862,35.13296],[128.26868,35.13288],[128.26929,35.13203],[128.26957,35.13172],[128.26883,35.13026],[128.26876,35.13014],[128.26864,35.12996],[128.26848,35.12982],[128.26804,35.12952],[128.26647,35.12846],[128.26397,35.12708],[128.26391,35.12706],[128.26367,35.12704],[128.26343,35.12705],[128.26285,35.12712],[128.2627,35.12715],[128.26262,35.12717],[128.26256,35.1272],[128.26245,35.12728],[128.26209,35.12752],[128.26169,35.12774],[128.26053,35.12819],[128.26028,35.12826],[128.26021,35.12827],[128.26002,35.12828],[128.25872,35.12835],[128.2586,35.12834],[128.25852,35.12833],[128.25838,35.12829],[128.25815,35.12822],[128.25781,35.12808],[128.25757,35.12794],[128.25743,35.12781],[128.25735,35.12772],[128.25724,35.12759],[128.25707,35.12737],[128.25695,35.12721],[128.25684,35.12709],[128.25674,35.12701],[128.25644,35.1268],[128.25624,35.12671],[128.25618,35.12669],[128.2488,35.12774],[128.24875,35.12775],[128.24862,35.12777],[128.24841,35.12783],[128.24822,35.12789],[128.24805,35.12797],[128.24797,35.12801],[128.24781,35.12808],[128.24768,35.1282],[128.24737,35.12847],[128.2461,35.13119],[128.24496,35.13472],[128.24471,35.13586],[128.24452,35.13603],[128.24152,35.13717],[128.24028,35.1376],[128.24021,35.1376],[128.23892,35.13766],[128.2373,35.13793],[128.23468,35.13889],[128.22972,35.14171],[128.2286,35.14253],[128.22768,35.14442],[128.2279,35.14683],[128.22771,35.14712],[128.22536,35.15002],[128.22331,35.1513],[128.22239,35.15436],[128.22107,35.15721],[128.2205,35.15752],[128.21974,35.15738],[128.21558,35.15884],[128.21494,35.15966],[128.21433,35.16122],[128.21492,35.16195],[128.21533,35.16257],[128.21719,35.16645],[128.21719,35.16656],[128.21718,35.16729],[128.21646,35.16812],[128.21561,35.16912],[128.2149,35.1707],[128.21609,35.17162],[128.21548,35.17314],[128.21303,35.17417],[128.20888,35.17523],[128.20616,35.17565],[128.20549,35.1756],[128.20333,35.17647],[128.20171,35.17721],[128.20136,35.17759],[128.20232,35.17957],[128.20202,35.18136],[128.20118,35.18323],[128.20086,35.18632],[128.20094,35.18793],[128.20004,35.19002],[128.19956,35.19036],[128.1956,35.19088],[128.19147,35.19209],[128.19109,35.1925],[128.1898,35.19385],[128.18966,35.19397],[128.18857,35.1946],[128.18719,35.19526],[128.18682,35.19542],[128.18652,35.19554],[128.18637,35.1956],[128.18618,35.19569],[128.18604,35.19576],[128.18569,35.19598],[128.18549,35.19615],[128.18539,35.19631],[128.18534,35.1965],[128.18533,35.19667],[128.18533,35.19678],[128.18534,35.19701],[128.18537,35.19715],[128.18542,35.1974],[128.18573,35.19865],[128.1858,35.19888],[128.1859,35.19912],[128.18603,35.1994],[128.18618,35.19968],[128.18786,35.20264],[128.18847,35.20348],[128.18866,35.20352],[128.1897,35.20381],[128.19021,35.20396],[128.19358,35.20536],[128.1941,35.20558],[128.19415,35.20562],[128.19418,35.20569],[128.19419,35.2058],[128.19417,35.20592],[128.19411,35.20612],[128.19351,35.20801],[128.19211,35.21201],[128.19118,35.21376],[128.19106,35.21395],[128.19097,35.21409],[128.19057,35.21505],[128.19052,35.21525],[128.19051,35.21542],[128.19052,35.21551],[128.19053,35.21557],[128.19078,35.21632],[128.19092,35.21666],[128.19105,35.21688],[128.19116,35.21709],[128.19123,35.21738],[128.19123,35.21769],[128.19074,35.21931],[128.19058,35.21982],[128.19052,35.22],[128.19217,35.22044],[128.19315,35.22071],[128.19457,35.22111],[128.19654,35.22168],[128.19781,35.22195],[128.19966,35.22228],[128.20031,35.22238],[128.2012,35.22248],[128.20187,35.22252],[128.20219,35.22251],[128.20248,35.22247],[128.20286,35.22236],[128.20326,35.22219],[128.20389,35.22187],[128.20552,35.22089],[128.20667,35.22015],[128.20787,35.21934],[128.21081,35.21723],[128.21284,35.21573],[128.21364,35.21513],[128.21373,35.21507],[128.21463,35.21441],[128.21479,35.21429],[128.21551,35.21376],[128.21604,35.2134],[128.21633,35.2132],[128.217,35.21278],[128.21825,35.21219],[128.21871,35.212],[128.2194,35.21182],[128.21966,35.21177],[128.21982,35.21174],[128.22176,35.21144]]]]}},{"type":"Feature","properties":{"code":"48170360","name":"일반성면","parent":"48170"},"geometry":{"type":"MultiPolygon","coordinates":[[[[128.31055,35.17786],[128.30862,35.17645],[128.30861,35.1764],[128.3087,35.17438],[128.30912,35.17171],[128.31014,35.16988],[128.31024,35.16988],[128.31034,35.16983],[128.31041,35.16976],[128.31052,35.16963],[128.31104,35.16857],[128.31106,35.16852],[128.31104,35.16844],[128.31096,35.16839],[128.31062,35.16816],[128.30989,35.16771],[128.30749,35.16628],[128.30544,35.16535],[128.30123,35.16564],[128.3004,35.16485],[128.29936,35.1639],[128.29907,35.16366],[128.29895,35.16359],[128.29885,35.16355],[128.29877,35.16354],[128.29856,35.16357],[128.29796,35.16373],[128.2978,35.16378],[128.29657,35.16404],[128.29577,35.16413],[128.29549,35.16416],[128.29501,35.16413],[128.29456,35.16405],[128.29337,35.16364],[128.29173,35.16305],[128.29161,35.163],[128.29145,35.16293],[128.29107,35.16269],[128.29101,35.16264],[128.29093,35.16256],[128.29085,35.16243],[128.29022,35.16124],[128.29016,35.16112],[128.29008,35.16094],[128.29006,35.1609],[128.29006,35.16087],[128.29009,35.16083],[128.2922,35.15801],[128.29223,35.15797],[128.29229,35.15791],[128.29235,35.15786],[128.29243,35.15781],[128.29385,35.15703],[128.294,35.15696],[128.29414,35.15691],[128.29429,35.15686],[128.29453,35.1568],[128.29459,35.15679],[128.29467,35.1568],[128.29474,35.15681],[128.29483,35.15685],[128.2949,35.15689],[128.29494,35.15693],[128.295,35.15705],[128.29503,35.15712],[128.29652,35.15691],[128.29847,35.15523],[128.30394,35.14822],[128.30449,35.14504],[128.3045,35.14497],[128.30448,35.14306],[128.30447,35.143],[128.30431,35.14267],[128.30415,35.14239],[128.30403,35.14222],[128.30346,35.14145],[128.30337,35.14138],[128.30319,35.14128],[128.30302,35.14121],[128.30238,35.14102],[128.30197,35.13852],[128.30262,35.13748],[128.30281,35.1371],[128.30309,35.13604],[128.30352,35.13312],[128.30354,35.13295],[128.30415,35.12804],[128.30405,35.1271],[128.30157,35.12588],[128.30132,35.12576],[128.3002,35.12554],[128.29999,35.1255],[128.29986,35.12551],[128.29981,35.12553],[128.29839,35.12659],[128.29705,35.12758],[128.29627,35.1281],[128.29525,35.12874],[128.29518,35.12878],[128.2916,35.13062],[128.29139,35.13072],[128.29127,35.13076],[128.28905,35.13139],[128.28896,35.13141],[128.28892,35.13142],[128.2878,35.13129],[128.28288,35.13139],[128.27616,35.1318],[128.27447,35.13213],[128.27242,35.13179],[128.26957,35.13172],[128.26929,35.13203],[128.26868,35.13288],[128.26862,35.13296],[128.26656,35.13639],[128.26607,35.13857],[128.26442,35.14003],[128.26056,35.14267],[128.25603,35.14646],[128.25431,35.14796],[128.25421,35.14807],[128.2542,35.1481],[128.25421,35.14813],[128.25595,35.14909],[128.25625,35.14925],[128.25658,35.14941],[128.25672,35.14944],[128.26273,35.15043],[128.26311,35.15049],[128.2635,35.15055],[128.26374,35.15056],[128.26396,35.15052],[128.26407,35.15048],[128.26416,35.15042],[128.26422,35.15037],[128.26536,35.14917],[128.26541,35.14912],[128.26764,35.14902],[128.27006,35.1501],[128.27023,35.15018],[128.27033,35.15027],[128.2704,35.15035],[128.27042,35.15037],[128.27044,35.15043],[128.27066,35.15117],[128.27067,35.15123],[128.27067,35.15128],[128.26962,35.15584],[128.26913,35.15689],[128.266,35.16022],[128.26591,35.1603],[128.26581,35.16037],[128.26578,35.16039],[128.26572,35.16041],[128.26557,35.16046],[128.26534,35.16049],[128.26443,35.16191],[128.26314,35.16393],[128.264,35.16562],[128.26404,35.16604],[128.2639,35.16621],[128.26376,35.16635],[128.26366,35.16644],[128.26249,35.16752],[128.26199,35.1679],[128.26105,35.1686],[128.26078,35.16876],[128.25612,35.17194],[128.25388,35.17356],[128.25399,35.17366],[128.25408,35.17374],[128.25424,35.17385],[128.25441,35.17392],[128.25465,35.174],[128.25562,35.17423],[128.25592,35.17429],[128.25613,35.17431],[128.25632,35.1743],[128.26159,35.174],[128.2682,35.17378],[128.27281,35.1733],[128.27307,35.17335],[128.276,35.17457],[128.27629,35.17473],[128.27736,35.17552],[128.27848,35.17635],[128.27923,35.17705],[128.28098,35.17833],[128.28306,35.1798],[128.2837,35.18001],[128.28507,35.1794],[128.2856,35.17914],[128.28905,35.18066],[128.28903,35.18081],[128.28908,35.1814],[128.2891,35.18157],[128.29088,35.1847],[128.29105,35.1849],[128.29422,35.18741],[128.29474,35.18714],[128.29608,35.18594],[128.29618,35.18581],[128.29628,35.1856],[128.29631,35.18551],[128.2963,35.18538],[128.29629,35.18531],[128.29649,35.18497],[128.29694,35.18443],[128.2971,35.18428],[128.30163,35.18263],[128.30172,35.1826],[128.30185,35.18257],[128.30203,35.18254],[128.3024,35.18249],[128.30257,35.18247],[128.30269,35.18247],[128.30278,35.18248],[128.30287,35.1825],[128.30293,35.18254],[128.30301,35.1826],[128.30318,35.18274],[128.30327,35.18282],[128.30335,35.18288],[128.30347,35.18295],[128.30363,35.18303],[128.3037,35.18304],[128.30688,35.18362],[128.30698,35.18364],[128.30712,35.18365],[128.30721,35.18364],[128.30732,35.18359],[128.31071,35.18157],[128.31091,35.18144],[128.311,35.18136],[128.31101,35.18133],[128.31092,35.18114],[128.31053,35.18011],[128.31052,35.17851],[128.31055,35.17786]]]]}},{"type":"Feature","properties":{"code":"48170370","name":"이반성면","parent":"48170"},"geometry":{"type":"MultiPolygon","coordinates":[[[[128.36754,35.19413],[128.36757,35.19402],[128.36778,35.19321],[128.36791,35.19269],[128.36797,35.19244],[128.36806,35.19196],[128.36817,35.19119],[128.36819,35.19102],[128.36816,35.19081],[128.3681,35.19064],[128.36798,35.1904],[128.36785,35.19021],[128.36774,35.19005],[128.36755,35.18981],[128.36723,35.18935],[128.36707,35.18893],[128.36697,35.18855],[128.36694,35.18842],[128.36681,35.18786],[128.3667,35.18717],[128.3667,35.18702],[128.36672,35.18693],[128.36674,35.18685],[128.36684,35.18312],[128.36628,35.18201],[128.3645,35.17808],[128.36481,35.175],[128.3651,35.17214],[128.36511,35.1719],[128.36511,35.17179],[128.36506,35.17158],[128.36492,35.17121],[128.36474,35.17082],[128.36453,35.17057],[128.36432,35.17033],[128.36316,35.16816],[128.36147,35.16324],[128.36131,35.16231],[128.36142,35.15606],[128.36174,35.15453],[128.36219,35.1522],[128.36182,35.15086],[128.36174,35.15072],[128.36163,35.15059],[128.36134,35.15048],[128.36099,35.15037],[128.36084,35.1503],[128.36067,35.15019],[128.36051,35.15001],[128.35933,35.14864],[128.35926,35.14851],[128.35869,35.14707],[128.35863,35.14691],[128.35864,35.14687],[128.35897,35.14599],[128.35903,35.14594],[128.35915,35.14589],[128.35931,35.14587],[128.35953,35.14586],[128.35971,35.14583],[128.35996,35.14572],[128.36013,35.1456],[128.36038,35.14531],[128.36077,35.14477],[128.36095,35.14448],[128.36211,35.14194],[128.36126,35.14056],[128.36112,35.14058],[128.36092,35.14058],[128.35984,35.14051],[128.35945,35.14034],[128.35803,35.13958],[128.35787,35.13949],[128.35723,35.13888],[128.35714,35.13877],[128.35699,35.13854],[128.35688,35.13827],[128.35687,35.13804],[128.35688,35.13787],[128.35698,35.13699],[128.35702,35.13675],[128.3571,35.13649],[128.35717,35.13639],[128.35732,35.13627],[128.35748,35.13617],[128.35787,35.13599],[128.35792,35.13596],[128.35803,35.13584],[128.35811,35.13561],[128.35811,35.1355],[128.35806,35.13538],[128.35802,35.13527],[128.35793,35.13514],[128.35784,35.13504],[128.35773,35.13497],[128.35753,35.13491],[128.35585,35.13451],[128.35557,35.13446],[128.35528,35.13443],[128.35499,35.13446],[128.35475,35.13452],[128.35435,35.13467],[128.35415,35.13472],[128.35403,35.13473],[128.35393,35.13472],[128.35374,35.13468],[128.35328,35.13448],[128.35261,35.13414],[128.3522,35.13392],[128.34881,35.13101],[128.3482,35.12904],[128.34795,35.12684],[128.34596,35.12687],[128.34252,35.12674],[128.34212,35.12671],[128.3418,35.12671],[128.34154,35.12673],[128.34111,35.12677],[128.34078,35.12681],[128.33969,35.12701],[128.33959,35.12704],[128.33949,35.12709],[128.339,35.12747],[128.33833,35.12792],[128.33825,35.12792],[128.33816,35.1279],[128.33648,35.12721],[128.3364,35.12716],[128.3359,35.12679],[128.33477,35.12566],[128.33464,35.12551],[128.33449,35.1253],[128.33428,35.12499],[128.33419,35.1249],[128.33401,35.12478],[128.33387,35.12471],[128.33373,35.12466],[128.33283,35.12449],[128.33029,35.12426],[128.32808,35.12435],[128.32532,35.12698],[128.32406,35.12848],[128.32229,35.1296],[128.32197,35.12939],[128.32112,35.12893],[128.32077,35.1288],[128.3205,35.12874],[128.32039,35.12873],[128.32028,35.12875],[128.31997,35.12882],[128.31961,35.12892],[128.31604,35.12953],[128.31594,35.12955],[128.31585,35.12953],[128.31571,35.12947],[128.31513,35.12908],[128.31471,35.12878],[128.31465,35.12868],[128.31461,35.12861],[128.31458,35.12844],[128.31449,35.12808],[128.31443,35.12797],[128.31434,35.12782],[128.31407,35.12745],[128.31398,35.12735],[128.31391,35.12728],[128.31384,35.12723],[128.31269,35.12654],[128.3126,35.12651],[128.30919,35.12546],[128.30905,35.12544],[128.30696,35.12521],[128.3069,35.1252],[128.30682,35.12521],[128.30676,35.12523],[128.30656,35.1253],[128.30608,35.12548],[128.30598,35.12551],[128.30589,35.12556],[128.30576,35.12564],[128.30563,35.12573],[128.30405,35.1271],[128.30415,35.12804],[128.30354,35.13295],[128.30352,35.13312],[128.30309,35.13604],[128.30281,35.1371],[128.30262,35.13748],[128.30197,35.13852],[128.30238,35.14102],[128.30302,35.14121],[128.30319,35.14128],[128.30337,35.14138],[128.30346,35.14145],[128.30403,35.14222],[128.30415,35.14239],[128.30431,35.14267],[128.30447,35.143],[128.30448,35.14306],[128.3045,35.14497],[128.30449,35.14504],[128.30394,35.14822],[128.29847,35.15523],[128.29652,35.15691],[128.29503,35.15712],[128.295,35.15705],[128.29494,35.15693],[128.2949,35.15689],[128.29483,35.15685],[128.29474,35.15681],[128.29467,35.1568],[128.29459,35.15679],[128.29453,35.1568],[128.29429,35.15686],[128.29414,35.15691],[128.294,35.15696],[128.29385,35.15703],[128.29243,35.15781],[128.29235,35.15786],[128.29229,35.15791],[128.29223,35.15797],[128.2922,35.15801],[128.29009,35.16083],[128.29006,35.16087],[128.29006,35.1609],[128.29008,35.16094],[128.29016,35.16112],[128.29022,35.16124],[128.29085,35.16243],[128.29093,35.16256],[128.29101,35.16264],[128.29107,35.16269],[128.29145,35.16293],[128.29161,35.163],[128.29173,35.16305],[128.29337,35.16364],[128.29456,35.16405],[128.29501,35.16413],[128.29549,35.16416],[128.29577,35.16413],[128.29657,35.16404],[128.2978,35.16378],[128.29796,35.16373],[128.29856,35.16357],[128.29877,35.16354],[128.29885,35.16355],[128.29895,35.16359],[128.29907,35.16366],[128.29936,35.1639],[128.3004,35.16485],[128.30123,35.16564],[128.30544,35.16535],[128.30749,35.16628],[128.30989,35.16771],[128.31062,35.16816],[128.31096,35.16839],[128.31104,35.16844],[128.31106,35.16852],[128.31104,35.16857],[128.31052,35.16963],[128.31041,35.16976],[128.31034,35.16983],[128.31024,35.16988],[128.31014,35.16988],[128.30912,35.17171],[128.3087,35.17438],[128.30861,35.1764],[128.30862,35.17645],[128.31055,35.17786],[128.31094,35.17795],[128.31115,35.17799],[128.31128,35.17799],[128.31218,35.17802],[128.31237,35.178],[128.3125,35.17798],[128.31373,35.17774],[128.31381,35.17772],[128.31387,35.17768],[128.31405,35.17749],[128.31412,35.17743],[128.3143,35.17734],[128.31441,35.17729],[128.31457,35.17726],[128.31466,35.17724],[128.31478,35.17724],[128.31502,35.17724],[128.31534,35.17725],[128.31554,35.17732],[128.31603,35.17757],[128.31883,35.18092],[128.31986,35.18217],[128.31988,35.1822],[128.31989,35.18223],[128.32013,35.18778],[128.3193,35.18945],[128.31914,35.18985],[128.3184,35.19235],[128.3184,35.1924],[128.31844,35.19322],[128.31845,35.19326],[128.31846,35.1933],[128.31848,35.19337],[128.3185,35.1934],[128.31859,35.19353],[128.31866,35.19363],[128.31881,35.19391],[128.31885,35.19401],[128.31884,35.19407],[128.31841,35.19823],[128.3184,35.19828],[128.31805,35.19948],[128.31802,35.19954],[128.318,35.19958],[128.31795,35.19964],[128.31776,35.19982],[128.31764,35.19999],[128.31721,35.20078],[128.31716,35.20087],[128.31715,35.20091],[128.31716,35.20094],[128.31721,35.20096],[128.31843,35.20102],[128.31857,35.20103],[128.31885,35.20101],[128.3189,35.20101],[128.31907,35.20096],[128.32004,35.20059],[128.32058,35.20037],[128.32084,35.20024],[128.32112,35.20008],[128.32156,35.19982],[128.32181,35.19966],[128.32204,35.19949],[128.32219,35.19937],[128.32248,35.19908],[128.3227,35.19889],[128.32342,35.19835],[128.32354,35.19826],[128.32362,35.19822],[128.32368,35.19819],[128.32378,35.19817],[128.32498,35.198],[128.32506,35.198],[128.32517,35.19801],[128.32747,35.19832],[128.32754,35.19833],[128.3276,35.19834],[128.3277,35.19837],[128.32779,35.19841],[128.32787,35.19845],[128.32793,35.1985],[128.32799,35.19856],[128.32801,35.1986],[128.32804,35.19864],[128.32805,35.19868],[128.3286,35.20132],[128.32861,35.20138],[128.32861,35.20148],[128.32859,35.20154],[128.32858,35.20156],[128.32854,35.20162],[128.32852,35.20165],[128.32846,35.20172],[128.32835,35.20182],[128.3282,35.20192],[128.32808,35.202],[128.32793,35.20209],[128.32785,35.20215],[128.3278,35.20219],[128.32769,35.20231],[128.32767,35.20234],[128.32767,35.20237],[128.32767,35.20243],[128.32769,35.20254],[128.32795,35.2034],[128.328,35.20352],[128.32839,35.20427],[128.32871,35.20486],[128.32914,35.20561],[128.32978,35.2067],[128.33252,35.20714],[128.33644,35.2083],[128.33665,35.20839],[128.33684,35.20846],[128.337,35.20849],[128.33733,35.20856],[128.33781,35.20862],[128.33806,35.20864],[128.3382,35.20862],[128.33831,35.20857],[128.33844,35.20848],[128.33884,35.20818],[128.33901,35.20803],[128.33908,35.20796],[128.33915,35.20789],[128.33926,35.20782],[128.33937,35.20777],[128.33952,35.2077],[128.3396,35.20768],[128.33977,35.20764],[128.33993,35.20761],[128.34018,35.20758],[128.34064,35.20755],[128.34107,35.20753],[128.34243,35.20758],[128.34258,35.20759],[128.34269,35.2076],[128.34278,35.20762],[128.34294,35.20766],[128.34663,35.20854],[128.34992,35.20983],[128.34998,35.20983],[128.35251,35.20945],[128.35265,35.20941],[128.35278,35.20936],[128.353,35.20924],[128.35341,35.20899],[128.35349,35.20892],[128.35359,35.20884],[128.35371,35.20871],[128.35378,35.2086],[128.35576,35.20763],[128.3559,35.20754],[128.35606,35.20742],[128.35694,35.20671],[128.35708,35.20657],[128.3581,35.20548],[128.35822,35.20533],[128.35866,35.20474],[128.35886,35.20437],[128.35893,35.20417],[128.35896,35.20402],[128.35894,35.20383],[128.35893,35.20358],[128.35895,35.2034],[128.35908,35.20307],[128.35969,35.2019],[128.35999,35.20133],[128.36009,35.20117],[128.36181,35.19952],[128.36293,35.19884],[128.36318,35.19875],[128.36436,35.19806],[128.36465,35.19776],[128.36609,35.19596],[128.36754,35.19413]]]]}},{"type":"Feature","properties":{"code":"48170380","name":"사봉면","parent":"48170"},"geometry":{"type":"MultiPolygon","coordinates":[[[[128.30577,35.22392],[128.30734,35.22168],[128.3093,35.22164],[128.31374,35.22182],[128.31483,35.22187],[128.31515,35.22202],[128.3156,35.22266],[128.31608,35.22268],[128.31762,35.22211],[128.31827,35.22173],[128.31929,35.22083],[128.32035,35.21969],[128.32162,35.21812],[128.32204,35.21694],[128.32218,35.21579],[128.32194,35.21518],[128.32194,35.21466],[128.32244,35.21341],[128.32553,35.21143],[128.3274,35.20781],[128.32805,35.20743],[128.32978,35.2067],[128.32914,35.20561],[128.32871,35.20486],[128.32839,35.20427],[128.328,35.20352],[128.32795,35.2034],[128.32769,35.20254],[128.32767,35.20243],[128.32767,35.20237],[128.32767,35.20234],[128.32769,35.20231],[128.3278,35.20219],[128.32785,35.20215],[128.32793,35.20209],[128.32808,35.202],[128.3282,35.20192],[128.32835,35.20182],[128.32846,35.20172],[128.32852,35.20165],[128.32854,35.20162],[128.32858,35.20156],[128.32859,35.20154],[128.32861,35.20148],[128.32861,35.20138],[128.3286,35.20132],[128.32805,35.19868],[128.32804,35.19864],[128.32801,35.1986],[128.32799,35.19856],[128.32793,35.1985],[128.32787,35.19845],[128.32779,35.19841],[128.3277,35.19837],[128.3276,35.19834],[128.32754,35.19833],[128.32747,35.19832],[128.32517,35.19801],[128.32506,35.198],[128.32498,35.198],[128.32378,35.19817],[128.32368,35.19819],[128.32362,35.19822],[128.32354,35.19826],[128.32342,35.19835],[128.3227,35.19889],[128.32248,35.19908],[128.32219,35.19937],[128.32204,35.19949],[128.32181,35.19966],[128.32156,35.19982],[128.32112,35.20008],[128.32084,35.20024],[128.32058,35.20037],[128.32004,35.20059],[128.31907,35.20096],[128.3189,35.20101],[128.31885,35.20101],[128.31857,35.20103],[128.31843,35.20102],[128.31721,35.20096],[128.31716,35.20094],[128.31715,35.20091],[128.31716,35.20087],[128.31721,35.20078],[128.31764,35.19999],[128.31776,35.19982],[128.31795,35.19964],[128.318,35.19958],[128.31802,35.19954],[128.31805,35.19948],[128.3184,35.19828],[128.31841,35.19823],[128.31884,35.19407],[128.31885,35.19401],[128.31881,35.19391],[128.31866,35.19363],[128.31859,35.19353],[128.3185,35.1934],[128.31848,35.19337],[128.31846,35.1933],[128.31845,35.19326],[128.31844,35.19322],[128.3184,35.1924],[128.3184,35.19235],[128.31914,35.18985],[128.3193,35.18945],[128.32013,35.18778],[128.31989,35.18223],[128.31988,35.1822],[128.31986,35.18217],[128.31883,35.18092],[128.31603,35.17757],[128.31554,35.17732],[128.31534,35.17725],[128.31502,35.17724],[128.31478,35.17724],[128.31466,35.17724],[128.31457,35.17726],[128.31441,35.17729],[128.3143,35.17734],[128.31412,35.17743],[128.31405,35.17749],[128.31387,35.17768],[128.31381,35.17772],[128.31373,35.17774],[128.3125,35.17798],[128.31237,35.178],[128.31218,35.17802],[128.31128,35.17799],[128.31115,35.17799],[128.31094,35.17795],[128.31055,35.17786],[128.31052,35.17851],[128.31053,35.18011],[128.31092,35.18114],[128.31101,35.18133],[128.311,35.18136],[128.31091,35.18144],[128.31071,35.18157],[128.30732,35.18359],[128.30721,35.18364],[128.30712,35.18365],[128.30698,35.18364],[128.30688,35.18362],[128.3037,35.18304],[128.30363,35.18303],[128.30347,35.18295],[128.30335,35.18288],[128.30327,35.18282],[128.30318,35.18274],[128.30301,35.1826],[128.30293,35.18254],[128.30287,35.1825],[128.30278,35.18248],[128.30269,35.18247],[128.30257,35.18247],[128.3024,35.18249],[128.30203,35.18254],[128.30185,35.18257],[128.30172,35.1826],[128.30163,35.18263],[128.2971,35.18428],[128.29694,35.18443],[128.29649,35.18497],[128.29629,35.18531],[128.2963,35.18538],[128.29631,35.18551],[128.29628,35.1856],[128.29618,35.18581],[128.29608,35.18594],[128.29474,35.18714],[128.29422,35.18741],[128.29105,35.1849],[128.29088,35.1847],[128.2891,35.18157],[128.28908,35.1814],[128.28903,35.18081],[128.28905,35.18066],[128.2856,35.17914],[128.28507,35.1794],[128.2837,35.18001],[128.28306,35.1798],[128.28098,35.17833],[128.27923,35.17705],[128.27848,35.17635],[128.27736,35.17552],[128.27629,35.17473],[128.276,35.17457],[128.27307,35.17335],[128.27281,35.1733],[128.2682,35.17378],[128.26159,35.174],[128.25632,35.1743],[128.25613,35.17431],[128.25592,35.17429],[128.25562,35.17423],[128.25465,35.174],[128.25441,35.17392],[128.25424,35.17385],[128.25408,35.17374],[128.25399,35.17366],[128.25388,35.17356],[128.25371,35.17368],[128.25368,35.17372],[128.2536,35.17381],[128.25308,35.17442],[128.25284,35.17481],[128.2525,35.17541],[128.25244,35.17553],[128.25213,35.17737],[128.25139,35.18266],[128.25206,35.18642],[128.25218,35.18664],[128.25225,35.18685],[128.25226,35.18699],[128.25226,35.18716],[128.25163,35.19232],[128.24827,35.19237],[128.24659,35.19239],[128.24202,35.19246],[128.23739,35.19416],[128.23609,35.1948],[128.23251,35.1967],[128.23237,35.1968],[128.23219,35.19705],[128.23204,35.19744],[128.23204,35.1976],[128.23203,35.19771],[128.23205,35.1978],[128.23208,35.19789],[128.23215,35.19817],[128.23212,35.19842],[128.23208,35.19855],[128.23149,35.20016],[128.23139,35.20038],[128.23074,35.20132],[128.23047,35.20168],[128.23023,35.20191],[128.22997,35.20199],[128.22965,35.20206],[128.22927,35.20204],[128.22908,35.20199],[128.22905,35.20195],[128.22894,35.20183],[128.22892,35.20176],[128.22868,35.20121],[128.22851,35.20095],[128.2284,35.20085],[128.22831,35.20083],[128.22827,35.20084],[128.22822,35.20088],[128.22808,35.20103],[128.22786,35.20127],[128.2256,35.20399],[128.22471,35.20509],[128.22344,35.20826],[128.22339,35.2085],[128.22339,35.2086],[128.22338,35.20874],[128.22342,35.20892],[128.22345,35.20899],[128.22372,35.2094],[128.224,35.20988],[128.22416,35.21031],[128.22419,35.21043],[128.22417,35.21053],[128.22407,35.21068],[128.22382,35.21086],[128.22352,35.21103],[128.22329,35.21112],[128.22321,35.21115],[128.22312,35.21118],[128.2225,35.21127],[128.22176,35.21144],[128.22352,35.21326],[128.22458,35.21404],[128.22511,35.21447],[128.22547,35.21475],[128.22578,35.215],[128.22682,35.21593],[128.2279,35.21697],[128.22883,35.21794],[128.232,35.22143],[128.23324,35.2228],[128.23399,35.22372],[128.23498,35.22511],[128.23565,35.22613],[128.23646,35.2275],[128.2374,35.22681],[128.238,35.22635],[128.24014,35.22415],[128.24082,35.22342],[128.24148,35.222],[128.24145,35.22188],[128.24132,35.22141],[128.24138,35.22031],[128.24148,35.21965],[128.24177,35.21917],[128.24239,35.21871],[128.24269,35.2185],[128.24301,35.21831],[128.24467,35.21732],[128.2449,35.21719],[128.2451,35.21713],[128.24534,35.21709],[128.24623,35.2171],[128.24647,35.21708],[128.24669,35.21702],[128.24682,35.21695],[128.24688,35.21686],[128.24765,35.21548],[128.24889,35.2139],[128.24976,35.21298],[128.24987,35.21288],[128.24995,35.21282],[128.25066,35.21252],[128.2508,35.21247],[128.25094,35.21243],[128.2511,35.2124],[128.25133,35.21237],[128.25162,35.21234],[128.25178,35.21231],[128.25193,35.21226],[128.25203,35.21221],[128.25209,35.21217],[128.25213,35.21211],[128.25378,35.2097],[128.2538,35.20964],[128.2538,35.20957],[128.25379,35.20953],[128.25372,35.20945],[128.25358,35.20934],[128.25335,35.2092],[128.25324,35.20912],[128.25319,35.20906],[128.25316,35.20902],[128.25314,35.20894],[128.25312,35.20887],[128.25312,35.2088],[128.25317,35.20851],[128.25322,35.20835],[128.25324,35.2083],[128.25328,35.20824],[128.25704,35.20251],[128.25708,35.20248],[128.25711,35.20245],[128.25736,35.20235],[128.25781,35.20219],[128.2579,35.20217],[128.25794,35.20218],[128.25801,35.2022],[128.26437,35.20517],[128.2644,35.2052],[128.26445,35.20527],[128.26453,35.20547],[128.2646,35.20567],[128.26464,35.20594],[128.26471,35.20649],[128.26479,35.20776],[128.26477,35.20866],[128.26468,35.20921],[128.26443,35.21009],[128.26438,35.21021],[128.2643,35.21037],[128.26404,35.21079],[128.26398,35.21091],[128.26393,35.21103],[128.26393,35.21113],[128.26393,35.21126],[128.26395,35.21143],[128.264,35.21155],[128.26406,35.21167],[128.26542,35.21371],[128.26546,35.21377],[128.26554,35.21385],[128.26614,35.21438],[128.26626,35.21447],[128.26638,35.21455],[128.26665,35.21468],[128.26672,35.2147],[128.26677,35.2147],[128.26681,35.21468],[128.26913,35.2135],[128.27277,35.21209],[128.27281,35.21208],[128.27331,35.21225],[128.27336,35.21228],[128.27355,35.21244],[128.2751,35.21388],[128.27519,35.21397],[128.27531,35.21411],[128.27597,35.21514],[128.27602,35.21526],[128.27604,35.21543],[128.27606,35.21571],[128.27607,35.21593],[128.27806,35.21707],[128.28088,35.21867],[128.28109,35.21873],[128.28123,35.21877],[128.28136,35.21876],[128.28155,35.21874],[128.28305,35.21848],[128.28507,35.21802],[128.28541,35.21792],[128.28653,35.21753],[128.28685,35.21738],[128.28706,35.21726],[128.28718,35.21717],[128.28729,35.21707],[128.28739,35.21693],[128.28745,35.21683],[128.28779,35.21561],[128.28784,35.21545],[128.28786,35.21527],[128.28785,35.21516],[128.28784,35.21504],[128.28842,35.21341],[128.28849,35.21324],[128.28857,35.21309],[128.28944,35.21194],[128.29108,35.21045],[128.29113,35.21041],[128.29129,35.21037],[128.29196,35.21023],[128.2923,35.21017],[128.29277,35.21011],[128.29312,35.21008],[128.29332,35.21008],[128.29351,35.21013],[128.29386,35.21024],[128.29401,35.21024],[128.29411,35.21022],[128.29424,35.21016],[128.29439,35.21006],[128.29519,35.20947],[128.29524,35.20941],[128.29586,35.20838],[128.29591,35.20829],[128.29618,35.20739],[128.2964,35.20655],[128.29645,35.20639],[128.29653,35.20619],[128.29658,35.20613],[128.29665,35.20609],[128.29677,35.20606],[128.29696,35.20604],[128.2986,35.20618],[128.29863,35.20619],[128.29867,35.2062],[128.29874,35.20623],[128.29881,35.20627],[128.30029,35.20726],[128.30038,35.20733],[128.30045,35.20739],[128.30055,35.2075],[128.30069,35.20768],[128.30118,35.20829],[128.30127,35.20843],[128.30131,35.20848],[128.30132,35.20851],[128.30134,35.20856],[128.30135,35.20863],[128.30135,35.20869],[128.30135,35.20876],[128.30135,35.20881],[128.30134,35.20887],[128.30129,35.20902],[128.30077,35.21036],[128.30002,35.2122],[128.29999,35.21227],[128.29997,35.21232],[128.29994,35.21237],[128.29989,35.21244],[128.29985,35.21249],[128.29874,35.21392],[128.29765,35.21525],[128.29761,35.21532],[128.2976,35.21536],[128.29821,35.2164],[128.29827,35.21645],[128.29831,35.21647],[128.2984,35.21651],[128.29849,35.21654],[128.29857,35.21657],[128.2987,35.2166],[128.2989,35.21663],[128.29911,35.21667],[128.29949,35.21672],[128.29959,35.21673],[128.2997,35.21674],[128.29981,35.21676],[128.29998,35.21679],[128.30002,35.21681],[128.30018,35.21687],[128.3003,35.21693],[128.30049,35.21703],[128.30056,35.21708],[128.30061,35.21712],[128.30075,35.21724],[128.3008,35.21729],[128.30087,35.21738],[128.30242,35.21934],[128.30246,35.2194],[128.30248,35.21946],[128.3025,35.21953],[128.30251,35.21964],[128.30251,35.21986],[128.30251,35.22001],[128.30251,35.22013],[128.30253,35.22022],[128.30254,35.2203],[128.30257,35.2204],[128.3026,35.22052],[128.30264,35.22063],[128.30277,35.22095],[128.30283,35.22107],[128.30289,35.22121],[128.30305,35.22147],[128.30322,35.22175],[128.30336,35.22196],[128.30393,35.22263],[128.30407,35.22277],[128.3042,35.22289],[128.3044,35.22306],[128.30461,35.22324],[128.30476,35.22334],[128.30487,35.22341],[128.30518,35.2236],[128.30545,35.22374],[128.30568,35.22387],[128.30577,35.22392]]]]}},{"type":"Feature","properties":{"code":"48170390","name":"지수면","parent":"48170"},"geometry":{"type":"MultiPolygon","coordinates":[[[[128.27424,35.25737],[128.27464,35.25731],[128.27524,35.25719],[128.27733,35.25675],[128.27763,35.25666],[128.27898,35.25585],[128.2806,35.25484],[128.28077,35.25469],[128.28116,35.25437],[128.28179,35.25389],[128.28202,35.25372],[128.28228,35.25357],[128.28329,35.25307],[128.28595,35.25173],[128.28609,35.25169],[128.28628,35.25167],[128.28644,35.25167],[128.28681,35.25172],[128.28874,35.25203],[128.28892,35.25208],[128.28903,35.25214],[128.28908,35.25217],[128.28924,35.25234],[128.28966,35.25276],[128.29027,35.25326],[128.29033,35.2533],[128.29039,35.25331],[128.29344,35.25353],[128.29351,35.25352],[128.29762,35.25084],[128.2978,35.25067],[128.29848,35.25005],[128.29855,35.24997],[128.29864,35.24983],[128.29867,35.24972],[128.299,35.24833],[128.29899,35.24821],[128.29896,35.24816],[128.29822,35.2469],[128.2981,35.24675],[128.29797,35.24662],[128.29769,35.24644],[128.29764,35.24642],[128.29659,35.24538],[128.29453,35.24327],[128.29447,35.24318],[128.29445,35.24309],[128.29441,35.24292],[128.2942,35.2413],[128.2942,35.24126],[128.29422,35.24119],[128.29426,35.24114],[128.29437,35.24107],[128.29742,35.23917],[128.29927,35.23803],[128.30044,35.23808],[128.3008,35.23809],[128.30097,35.23808],[128.30115,35.23807],[128.30133,35.23806],[128.30151,35.23803],[128.30169,35.238],[128.30188,35.23795],[128.30357,35.23748],[128.3036,35.23745],[128.30608,35.2336],[128.30617,35.23346],[128.30723,35.23157],[128.3074,35.23113],[128.3078,35.22958],[128.30781,35.22949],[128.30782,35.22941],[128.30782,35.22933],[128.3078,35.22916],[128.30777,35.22907],[128.30719,35.22764],[128.30677,35.22708],[128.30624,35.22591],[128.30606,35.22523],[128.30579,35.22413],[128.30577,35.22405],[128.30576,35.22399],[128.30577,35.22392],[128.30568,35.22387],[128.30545,35.22374],[128.30518,35.2236],[128.30487,35.22341],[128.30476,35.22334],[128.30461,35.22324],[128.3044,35.22306],[128.3042,35.22289],[128.30407,35.22277],[128.30393,35.22263],[128.30336,35.22196],[128.30322,35.22175],[128.30305,35.22147],[128.30289,35.22121],[128.30283,35.22107],[128.30277,35.22095],[128.30264,35.22063],[128.3026,35.22052],[128.30257,35.2204],[128.30254,35.2203],[128.30253,35.22022],[128.30251,35.22013],[128.30251,35.22001],[128.30251,35.21986],[128.30251,35.21964],[128.3025,35.21953],[128.30248,35.21946],[128.30246,35.2194],[128.30242,35.21934],[128.30087,35.21738],[128.3008,35.21729],[128.30075,35.21724],[128.30061,35.21712],[128.30056,35.21708],[128.30049,35.21703],[128.3003,35.21693],[128.30018,35.21687],[128.30002,35.21681],[128.29998,35.21679],[128.29981,35.21676],[128.2997,35.21674],[128.29959,35.21673],[128.29949,35.21672],[128.29911,35.21667],[128.2989,35.21663],[128.2987,35.2166],[128.29857,35.21657],[128.29849,35.21654],[128.2984,35.21651],[128.29831,35.21647],[128.29827,35.21645],[128.29821,35.2164],[128.2976,35.21536],[128.29761,35.21532],[128.29765,35.21525],[128.29874,35.21392],[128.29985,35.21249],[128.29989,35.21244],[128.29994,35.21237],[128.29997,35.21232],[128.29999,35.21227],[128.30002,35.2122],[128.30077,35.21036],[128.30129,35.20902],[128.30134,35.20887],[128.30135,35.20881],[128.30135,35.20876],[128.30135,35.20869],[128.30135,35.20863],[128.30134,35.20856],[128.30132,35.20851],[128.30131,35.20848],[128.30127,35.20843],[128.30118,35.20829],[128.30069,35.20768],[128.30055,35.2075],[128.30045,35.20739],[128.30038,35.20733],[128.30029,35.20726],[128.29881,35.20627],[128.29874,35.20623],[128.29867,35.2062],[128.29863,35.20619],[128.2986,35.20618],[128.29696,35.20604],[128.29677,35.20606],[128.29665,35.20609],[128.29658,35.20613],[128.29653,35.20619],[128.29645,35.20639],[128.2964,35.20655],[128.29618,35.20739],[128.29591,35.20829],[128.29586,35.20838],[128.29524,35.20941],[128.29519,35.20947],[128.29439,35.21006],[128.29424,35.21016],[128.29411,35.21022],[128.29401,35.21024],[128.29386,35.21024],[128.29351,35.21013],[128.29332,35.21008],[128.29312,35.21008],[128.29277,35.21011],[128.2923,35.21017],[128.29196,35.21023],[128.29129,35.21037],[128.29113,35.21041],[128.29108,35.21045],[128.28944,35.21194],[128.28857,35.21309],[128.28849,35.21324],[128.28842,35.21341],[128.28784,35.21504],[128.28785,35.21516],[128.28786,35.21527],[128.28784,35.21545],[128.28779,35.21561],[128.28745,35.21683],[128.28739,35.21693],[128.28729,35.21707],[128.28718,35.21717],[128.28706,35.21726],[128.28685,35.21738],[128.28653,35.21753],[128.28541,35.21792],[128.28507,35.21802],[128.28305,35.21848],[128.28155,35.21874],[128.28136,35.21876],[128.28123,35.21877],[128.28109,35.21873],[128.28088,35.21867],[128.27806,35.21707],[128.27607,35.21593],[128.27606,35.21571],[128.27604,35.21543],[128.27602,35.21526],[128.27597,35.21514],[128.27531,35.21411],[128.27519,35.21397],[128.2751,35.21388],[128.27355,35.21244],[128.27336,35.21228],[128.27331,35.21225],[128.27281,35.21208],[128.27277,35.21209],[128.26913,35.2135],[128.26681,35.21468],[128.26677,35.2147],[128.26672,35.2147],[128.26665,35.21468],[128.26638,35.21455],[128.26626,35.21447],[128.26614,35.21438],[128.26554,35.21385],[128.26546,35.21377],[128.26542,35.21371],[128.26406,35.21167],[128.264,35.21155],[128.26395,35.21143],[128.26393,35.21126],[128.26393,35.21113],[128.26393,35.21103],[128.26398,35.21091],[128.26404,35.21079],[128.2643,35.21037],[128.26438,35.21021],[128.26443,35.21009],[128.26468,35.20921],[128.26477,35.20866],[128.26479,35.20776],[128.26471,35.20649],[128.26464,35.20594],[128.2646,35.20567],[128.26453,35.20547],[128.26445,35.20527],[128.2644,35.2052],[128.26437,35.20517],[128.25801,35.2022],[128.25794,35.20218],[128.2579,35.20217],[128.25781,35.20219],[128.25736,35.20235],[128.25711,35.20245],[128.25708,35.20248],[128.25704,35.20251],[128.25328,35.20824],[128.25324,35.2083],[128.25322,35.20835],[128.25317,35.20851],[128.25312,35.2088],[128.25312,35.20887],[128.25314,35.20894],[128.25316,35.20902],[128.25319,35.20906],[128.25324,35.20912],[128.25335,35.2092],[128.25358,35.20934],[128.25372,35.20945],[128.25379,35.20953],[128.2538,35.20957],[128.2538,35.20964],[128.25378,35.2097],[128.25213,35.21211],[128.25209,35.21217],[128.25203,35.21221],[128.25193,35.21226],[128.25178,35.21231],[128.25162,35.21234],[128.25133,35.21237],[128.2511,35.2124],[128.25094,35.21243],[128.2508,35.21247],[128.25066,35.21252],[128.24995,35.21282],[128.24987,35.21288],[128.24976,35.21298],[128.24889,35.2139],[128.24765,35.21548],[128.24688,35.21686],[128.24682,35.21695],[128.24669,35.21702],[128.24647,35.21708],[128.24623,35.2171],[128.24534,35.21709],[128.2451,35.21713],[128.2449,35.21719],[128.24467,35.21732],[128.24301,35.21831],[128.24269,35.2185],[128.24239,35.21871],[128.24177,35.21917],[128.24148,35.21965],[128.24138,35.22031],[128.24132,35.22141],[128.24145,35.22188],[128.24148,35.222],[128.24082,35.22342],[128.24014,35.22415],[128.238,35.22635],[128.2374,35.22681],[128.23646,35.2275],[128.23678,35.22807],[128.23765,35.22984],[128.2379,35.23044],[128.23794,35.23058],[128.23799,35.23093],[128.23802,35.23115],[128.23805,35.23153],[128.23805,35.23166],[128.23803,35.23205],[128.23792,35.23302],[128.23789,35.23322],[128.23784,35.23362],[128.23777,35.23418],[128.23776,35.23428],[128.23753,35.2355],[128.23749,35.23572],[128.23738,35.23631],[128.23728,35.2367],[128.23722,35.23686],[128.23711,35.23716],[128.23692,35.23763],[128.23669,35.23813],[128.23666,35.23819],[128.23653,35.23847],[128.23639,35.23877],[128.23614,35.23922],[128.23609,35.23932],[128.23606,35.23935],[128.23532,35.24049],[128.23499,35.24098],[128.23475,35.2413],[128.23449,35.24164],[128.23427,35.24187],[128.23403,35.24212],[128.23383,35.2423],[128.23355,35.24251],[128.23337,35.24263],[128.23318,35.24272],[128.23302,35.24278],[128.23284,35.24283],[128.23258,35.24287],[128.23228,35.2429],[128.23184,35.24294],[128.22729,35.24325],[128.22644,35.24329],[128.22617,35.2433],[128.22594,35.24331],[128.22572,35.24331],[128.22552,35.24329],[128.22507,35.24324],[128.22451,35.24317],[128.22419,35.24313],[128.22394,35.24311],[128.22281,35.24302],[128.22192,35.24304],[128.22109,35.24306],[128.22004,35.24314],[128.21908,35.24324],[128.21887,35.24326],[128.21865,35.2433],[128.21853,35.24333],[128.2183,35.2434],[128.21808,35.2435],[128.21766,35.24369],[128.21735,35.24385],[128.21699,35.24406],[128.21647,35.24443],[128.21613,35.24472],[128.21598,35.24485],[128.21558,35.24524],[128.21511,35.24573],[128.21417,35.24683],[128.2139,35.24717],[128.21371,35.24742],[128.21347,35.24774],[128.2134,35.24787],[128.21334,35.24797],[128.21277,35.2492],[128.21252,35.24978],[128.21226,35.25042],[128.21205,35.25099],[128.21185,35.25157],[128.21169,35.25216],[128.2116,35.25247],[128.21147,35.25307],[128.21142,35.25346],[128.2113,35.25453],[128.21119,35.25572],[128.21118,35.25654],[128.2112,35.25738],[128.21129,35.2582],[128.21143,35.25901],[128.21162,35.25967],[128.21189,35.26023],[128.21215,35.26061],[128.21263,35.26102],[128.21316,35.26146],[128.21387,35.26199],[128.21481,35.26269],[128.21529,35.26304],[128.21589,35.26346],[128.21595,35.26351],[128.21639,35.2638],[128.21748,35.26452],[128.21776,35.26466],[128.21813,35.26477],[128.21861,35.26479],[128.21902,35.26476],[128.21919,35.26473],[128.21959,35.26456],[128.22119,35.26384],[128.22281,35.26297],[128.22326,35.26263],[128.22474,35.26146],[128.2255,35.26085],[128.22588,35.2605],[128.22614,35.26026],[128.22629,35.26012],[128.2264,35.25999],[128.22655,35.25981],[128.22684,35.2593],[128.22707,35.25869],[128.22719,35.25841],[128.2274,35.25802],[128.22769,35.25756],[128.22844,35.25658],[128.22877,35.25627],[128.2292,35.25593],[128.2299,35.25552],[128.23351,35.25419],[128.23444,35.25401],[128.23681,35.25367],[128.23726,35.25364],[128.23825,35.25359],[128.23948,35.25354],[128.23994,35.25353],[128.24041,35.25353],[128.24149,35.25353],[128.24315,35.25355],[128.24457,35.25358],[128.24619,35.25363],[128.24644,35.25364],[128.24711,35.25367],[128.24728,35.25368],[128.24753,35.25369],[128.24781,35.2537],[128.24797,35.25372],[128.24811,35.25375],[128.25329,35.2551],[128.25496,35.25569],[128.25549,35.25588],[128.25609,35.25615],[128.25662,35.25639],[128.25717,35.25661],[128.25772,35.25682],[128.25823,35.25699],[128.25923,35.25724],[128.25936,35.25725],[128.26001,35.25733],[128.26112,35.25727],[128.26179,35.25722],[128.26424,35.25703],[128.2649,35.25697],[128.26554,35.25686],[128.26616,35.25673],[128.26675,35.25659],[128.26758,35.25638],[128.26781,35.25633],[128.26828,35.25626],[128.26865,35.25621],[128.26901,35.25619],[128.26985,35.25613],[128.27196,35.25607],[128.27281,35.25608],[128.27296,35.25614],[128.27383,35.25694],[128.27424,35.25737]]]]}},{"type":"Feature","properties":{"code":"48170400","name":"대곡면","parent":"48170"},"geometry":{"type":"MultiPolygon","coordinates":[[[[128.16423,35.33614],[128.1649,35.33567],[128.16599,35.3348],[128.1685,35.33227],[128.16869,35.33207],[128.16952,35.33117],[128.16967,35.33101],[128.17051,35.33006],[128.17095,35.32951],[128.17103,35.32935],[128.17226,35.32806],[128.17231,35.32804],[128.17264,35.328],[128.17276,35.328],[128.17295,35.328],[128.17393,35.32767],[128.17413,35.32754],[128.17427,35.32741],[128.17702,35.32442],[128.17742,35.32396],[128.17825,35.3227],[128.17837,35.32247],[128.17877,35.32111],[128.17889,35.32038],[128.17888,35.32014],[128.17885,35.31988],[128.17763,35.31715],[128.17753,35.31699],[128.17733,35.31684],[128.17419,35.31475],[128.17277,35.30811],[128.17277,35.30807],[128.17493,35.30172],[128.17499,35.30165],[128.17506,35.3016],[128.17519,35.30155],[128.17531,35.30152],[128.17568,35.30135],[128.17601,35.30114],[128.17687,35.30007],[128.17727,35.29931],[128.1773,35.29893],[128.17732,35.2987],[128.17736,35.2981],[128.17737,35.29785],[128.17734,35.29775],[128.17616,35.29667],[128.17453,35.29499],[128.17436,35.29472],[128.1742,35.29447],[128.17417,35.29436],[128.17417,35.29432],[128.1745,35.29214],[128.17453,35.29205],[128.17667,35.28863],[128.17675,35.28854],[128.17879,35.28687],[128.17903,35.28669],[128.17928,35.28644],[128.17981,35.28586],[128.17986,35.28577],[128.17991,35.28565],[128.17995,35.28545],[128.17996,35.28513],[128.17993,35.28493],[128.17971,35.2836],[128.17964,35.28335],[128.17957,35.28315],[128.17949,35.28295],[128.17939,35.28279],[128.17891,35.28221],[128.17869,35.282],[128.1786,35.28188],[128.17858,35.28182],[128.17858,35.28174],[128.17861,35.28166],[128.18011,35.27944],[128.18024,35.27924],[128.18036,35.27914],[128.18385,35.2761],[128.18462,35.27545],[128.18471,35.27537],[128.18476,35.27535],[128.18481,35.27535],[128.18496,35.27534],[128.18521,35.27535],[128.18538,35.27537],[128.18567,35.27544],[128.18591,35.27549],[128.186,35.2755],[128.1861,35.27551],[128.18713,35.27543],[128.18722,35.27541],[128.18734,35.27535],[128.18762,35.2752],[128.18805,35.27494],[128.18813,35.27488],[128.18819,35.27481],[128.18826,35.27471],[128.18986,35.27232],[128.18993,35.27132],[128.19007,35.27002],[128.19079,35.26753],[128.19088,35.26743],[128.19098,35.26736],[128.19113,35.26725],[128.19121,35.26723],[128.19227,35.26696],[128.19319,35.26701],[128.19331,35.267],[128.19347,35.26696],[128.19363,35.2669],[128.19389,35.26675],[128.19507,35.26606],[128.19537,35.26518],[128.19566,35.26341],[128.19567,35.26333],[128.19549,35.26097],[128.19546,35.26073],[128.19541,35.26029],[128.19538,35.26016],[128.19531,35.25992],[128.19522,35.25974],[128.19463,35.25846],[128.19456,35.25832],[128.19439,35.25808],[128.19412,35.25774],[128.19395,35.2576],[128.19379,35.25744],[128.19372,35.25735],[128.1937,35.25727],[128.1937,35.25724],[128.1939,35.25656],[128.19392,35.25647],[128.19396,35.25641],[128.19402,35.25633],[128.19408,35.25628],[128.19927,35.25358],[128.19938,35.25354],[128.2005,35.25346],[128.20078,35.25345],[128.20089,35.25347],[128.20098,35.2535],[128.2011,35.25359],[128.20179,35.25456],[128.20198,35.25485],[128.20209,35.25506],[128.20218,35.25532],[128.20257,35.25681],[128.20306,35.25862],[128.20489,35.2618],[128.20552,35.26285],[128.20561,35.26291],[128.20724,35.26377],[128.20805,35.26416],[128.20865,35.26444],[128.20915,35.26466],[128.20927,35.26469],[128.21155,35.26495],[128.21205,35.26494],[128.21242,35.26489],[128.2127,35.2648],[128.21291,35.26469],[128.21331,35.26446],[128.2135,35.26428],[128.21462,35.26297],[128.21481,35.26269],[128.21387,35.26199],[128.21316,35.26146],[128.21263,35.26102],[128.21215,35.26061],[128.21189,35.26023],[128.21162,35.25967],[128.21143,35.25901],[128.21129,35.2582],[128.2112,35.25738],[128.21118,35.25654],[128.21119,35.25572],[128.2113,35.25453],[128.21142,35.25346],[128.21147,35.25307],[128.2116,35.25247],[128.21169,35.25216],[128.21185,35.25157],[128.21205,35.25099],[128.21226,35.25042],[128.21252,35.24978],[128.21277,35.2492],[128.21334,35.24797],[128.2134,35.24787],[128.21347,35.24774],[128.21371,35.24742],[128.2139,35.24717],[128.21417,35.24683],[128.21511,35.24573],[128.21558,35.24524],[128.21598,35.24485],[128.21613,35.24472],[128.21647,35.24443],[128.21699,35.24406],[128.21735,35.24385],[128.21766,35.24369],[128.21808,35.2435],[128.2183,35.2434],[128.21853,35.24333],[128.21865,35.2433],[128.21887,35.24326],[128.21908,35.24324],[128.22004,35.24314],[128.22109,35.24306],[128.22192,35.24304],[128.22281,35.24302],[128.22394,35.24311],[128.22419,35.24313],[128.22451,35.24317],[128.22507,35.24324],[128.22552,35.24329],[128.22572,35.24331],[128.22594,35.24331],[128.22617,35.2433],[128.22644,35.24329],[128.22729,35.24325],[128.23184,35.24294],[128.23228,35.2429],[128.23258,35.24287],[128.23284,35.24283],[128.23302,35.24278],[128.23318,35.24272],[128.23337,35.24263],[128.23355,35.24251],[128.23383,35.2423],[128.23403,35.24212],[128.23427,35.24187],[128.23449,35.24164],[128.23475,35.2413],[128.23499,35.24098],[128.23532,35.24049],[128.23606,35.23935],[128.23609,35.23932],[128.23614,35.23922],[128.23639,35.23877],[128.23653,35.23847],[128.23666,35.23819],[128.23669,35.23813],[128.23692,35.23763],[128.23711,35.23716],[128.23722,35.23686],[128.23728,35.2367],[128.23738,35.23631],[128.23749,35.23572],[128.23753,35.2355],[128.23776,35.23428],[128.23777,35.23418],[128.23784,35.23362],[128.23789,35.23322],[128.23792,35.23302],[128.23803,35.23205],[128.23805,35.23166],[128.23805,35.23153],[128.23802,35.23115],[128.23799,35.23093],[128.23794,35.23058],[128.2379,35.23044],[128.23765,35.22984],[128.23678,35.22807],[128.23646,35.2275],[128.23565,35.22613],[128.23498,35.22511],[128.23399,35.22372],[128.23324,35.2228],[128.232,35.22143],[128.22883,35.21794],[128.2279,35.21697],[128.22682,35.21593],[128.22578,35.215],[128.22547,35.21475],[128.22511,35.21447],[128.22458,35.21404],[128.22352,35.21326],[128.22176,35.21144],[128.21982,35.21174],[128.21966,35.21177],[128.2194,35.21182],[128.21871,35.212],[128.21825,35.21219],[128.217,35.21278],[128.21633,35.2132],[128.21604,35.2134],[128.21551,35.21376],[128.21479,35.21429],[128.21463,35.21441],[128.21373,35.21507],[128.21364,35.21513],[128.21284,35.21573],[128.21081,35.21723],[128.20787,35.21934],[128.20667,35.22015],[128.20552,35.22089],[128.20389,35.22187],[128.20326,35.22219],[128.20286,35.22236],[128.20248,35.22247],[128.20219,35.22251],[128.20187,35.22252],[128.2012,35.22248],[128.20031,35.22238],[128.19966,35.22228],[128.19781,35.22195],[128.19654,35.22168],[128.19457,35.22111],[128.19315,35.22071],[128.19217,35.22044],[128.19052,35.22],[128.19029,35.21995],[128.18914,35.21971],[128.18699,35.21926],[128.18604,35.21915],[128.18538,35.21912],[128.18456,35.21913],[128.18363,35.21922],[128.18272,35.21942],[128.18216,35.21958],[128.18065,35.22011],[128.17984,35.22049],[128.17921,35.22084],[128.17835,35.22145],[128.1779,35.22184],[128.17763,35.22212],[128.17753,35.22225],[128.17708,35.22284],[128.17636,35.22413],[128.17587,35.22544],[128.17522,35.2273],[128.17496,35.22807],[128.17492,35.22821],[128.17483,35.22852],[128.17473,35.22897],[128.1746,35.22965],[128.17447,35.23077],[128.1744,35.23134],[128.17429,35.2322],[128.17407,35.23355],[128.17396,35.23422],[128.17382,35.23481],[128.1732,35.23687],[128.17282,35.23798],[128.17199,35.24025],[128.17159,35.2411],[128.1714,35.24144],[128.17118,35.24181],[128.17083,35.24227],[128.1706,35.24255],[128.17039,35.24274],[128.17003,35.24299],[128.16946,35.24331],[128.16907,35.24344],[128.16798,35.24378],[128.16718,35.2439],[128.16664,35.24398],[128.16581,35.24408],[128.16472,35.24416],[128.16392,35.24417],[128.16334,35.24411],[128.16285,35.24406],[128.16198,35.24395],[128.16149,35.24383],[128.16101,35.24371],[128.1605,35.24355],[128.16017,35.24342],[128.15946,35.24312],[128.15887,35.24278],[128.15858,35.24259],[128.15827,35.24238],[128.15775,35.24203],[128.15651,35.24124],[128.15591,35.24088],[128.15522,35.24047],[128.15326,35.23944],[128.15271,35.2392],[128.15112,35.23849],[128.15036,35.23824],[128.14964,35.23809],[128.14922,35.23805],[128.14912,35.23804],[128.14838,35.238],[128.14782,35.238],[128.14626,35.238],[128.14465,35.23794],[128.1438,35.23791],[128.14307,35.23787],[128.14197,35.23775],[128.14118,35.23757],[128.13904,35.24098],[128.13802,35.24189],[128.13793,35.24168],[128.13501,35.24245],[128.13227,35.24567],[128.12988,35.24734],[128.12565,35.25167],[128.1261,35.25231],[128.1265,35.25279],[128.12732,35.25367],[128.12867,35.25502],[128.12866,35.25568],[128.12861,35.25645],[128.12831,35.25993],[128.12816,35.26004],[128.12703,35.26047],[128.12568,35.26079],[128.12498,35.26078],[128.12386,35.26069],[128.12413,35.26095],[128.1245,35.26122],[128.12685,35.26281],[128.13058,35.26517],[128.13153,35.26575],[128.13164,35.26583],[128.1317,35.26598],[128.13179,35.26634],[128.13183,35.26669],[128.13184,35.26697],[128.1319,35.26863],[128.1319,35.26964],[128.13192,35.27052],[128.13192,35.27066],[128.13203,35.27095],[128.13215,35.27108],[128.13384,35.27268],[128.134,35.27281],[128.13417,35.27293],[128.13456,35.27307],[128.13468,35.27315],[128.13483,35.27327],[128.13555,35.27388],[128.13557,35.27394],[128.1357,35.2748],[128.13521,35.27949],[128.13515,35.27966],[128.13509,35.27981],[128.13479,35.28041],[128.13464,35.2806],[128.13443,35.28083],[128.13426,35.28102],[128.13401,35.2814],[128.13397,35.28149],[128.13394,35.28154],[128.13392,35.2816],[128.13378,35.2819],[128.1338,35.282],[128.13463,35.28325],[128.13474,35.28337],[128.13489,35.2835],[128.13498,35.28352],[128.13565,35.28358],[128.13569,35.28358],[128.13577,35.28357],[128.13584,35.28355],[128.1369,35.28309],[128.13698,35.28305],[128.13702,35.28302],[128.1371,35.28292],[128.13729,35.28262],[128.13744,35.28242],[128.13757,35.28237],[128.13778,35.28232],[128.13795,35.28229],[128.13826,35.2823],[128.1411,35.28256],[128.14124,35.28258],[128.1414,35.28261],[128.14163,35.28268],[128.14184,35.28275],[128.14203,35.28284],[128.14228,35.28302],[128.14648,35.28454],[128.14699,35.28427],[128.14738,35.2841],[128.14774,35.28395],[128.14782,35.28393],[128.14799,35.28395],[128.15027,35.28427],[128.15061,35.28433],[128.1516,35.28461],[128.15172,35.28465],[128.15183,35.28469],[128.15194,35.28475],[128.15207,35.28484],[128.15224,35.28498],[128.15245,35.28516],[128.15259,35.28533],[128.15268,35.28544],[128.15542,35.28945],[128.155,35.29245],[128.15495,35.29248],[128.15487,35.29256],[128.15481,35.29266],[128.15476,35.29279],[128.15471,35.29298],[128.15468,35.29317],[128.15468,35.29329],[128.15499,35.29751],[128.15502,35.29787],[128.15506,35.29809],[128.15509,35.2982],[128.15514,35.2983],[128.15521,35.29839],[128.15688,35.30015],[128.15786,35.30109],[128.158,35.3012],[128.15814,35.30131],[128.15828,35.30138],[128.15854,35.30146],[128.15872,35.30154],[128.15884,35.30159],[128.159,35.30167],[128.15904,35.3017],[128.15907,35.30177],[128.15907,35.30181],[128.15907,35.30186],[128.15905,35.30193],[128.15802,35.30438],[128.15793,35.30444],[128.15587,35.30544],[128.15566,35.30552],[128.1553,35.30563],[128.15397,35.3061],[128.15194,35.307],[128.15175,35.3071],[128.1515,35.30725],[128.15141,35.30741],[128.1506,35.30942],[128.15046,35.30986],[128.15045,35.30999],[128.15055,35.31145],[128.15069,35.3122],[128.14984,35.31408],[128.14972,35.31416],[128.14863,35.31504],[128.1485,35.31515],[128.14769,35.31635],[128.14656,35.3197],[128.14629,35.32106],[128.14627,35.32118],[128.14624,35.32155],[128.14624,35.32184],[128.14644,35.32742],[128.14646,35.32759],[128.14657,35.32777],[128.1468,35.32801],[128.14687,35.32806],[128.14691,35.32809],[128.14713,35.32818],[128.14857,35.32871],[128.1487,35.32872],[128.14971,35.32876],[128.15049,35.32878],[128.15067,35.32876],[128.15078,35.32878],[128.15089,35.32884],[128.15105,35.329],[128.15289,35.33136],[128.15295,35.33149],[128.15303,35.33181],[128.15306,35.33204],[128.15304,35.33233],[128.15298,35.33259],[128.15294,35.33281],[128.15294,35.33347],[128.15295,35.33474],[128.15298,35.33499],[128.1531,35.33543],[128.15317,35.33549],[128.15444,35.33635],[128.15455,35.3364],[128.15465,35.3364],[128.15629,35.33617],[128.15723,35.33629],[128.15742,35.33631],[128.15754,35.33632],[128.15919,35.33622],[128.15952,35.33614],[128.15977,35.33607],[128.16005,35.33598],[128.16026,35.33586],[128.16045,35.3358],[128.1626,35.33581],[128.1628,35.33582],[128.16423,35.33614]]]]}},{"type":"Feature","properties":{"code":"48170410","name":"금산면","parent":"48170"},"geometry":{"type":"MultiPolygon","coordinates":[[[[128.19052,35.22],[128.19058,35.21982],[128.19074,35.21931],[128.19123,35.21769],[128.19123,35.21738],[128.19116,35.21709],[128.19105,35.21688],[128.19092,35.21666],[128.19078,35.21632],[128.19053,35.21557],[128.19052,35.21551],[128.19051,35.21542],[128.19052,35.21525],[128.19057,35.21505],[128.19097,35.21409],[128.19106,35.21395],[128.19118,35.21376],[128.19211,35.21201],[128.19351,35.20801],[128.19411,35.20612],[128.19417,35.20592],[128.19419,35.2058],[128.19418,35.20569],[128.19415,35.20562],[128.1941,35.20558],[128.19358,35.20536],[128.19021,35.20396],[128.1897,35.20381],[128.18866,35.20352],[128.18847,35.20348],[128.18786,35.20264],[128.18618,35.19968],[128.18603,35.1994],[128.1859,35.19912],[128.1858,35.19888],[128.18573,35.19865],[128.18542,35.1974],[128.18537,35.19715],[128.18534,35.19701],[128.18533,35.19678],[128.18533,35.19667],[128.18534,35.1965],[128.18539,35.19631],[128.18549,35.19615],[128.18569,35.19598],[128.18604,35.19576],[128.18618,35.19569],[128.18637,35.1956],[128.18652,35.19554],[128.18682,35.19542],[128.18719,35.19526],[128.18857,35.1946],[128.18966,35.19397],[128.1898,35.19385],[128.19109,35.1925],[128.19147,35.19209],[128.19082,35.19177],[128.19055,35.19158],[128.19031,35.19137],[128.19014,35.19117],[128.18997,35.19089],[128.18945,35.18995],[128.18932,35.18971],[128.18929,35.18962],[128.18928,35.18958],[128.18923,35.1894],[128.18922,35.18934],[128.18921,35.18928],[128.1892,35.18923],[128.18919,35.1892],[128.18913,35.18911],[128.189,35.18896],[128.18888,35.18885],[128.18873,35.18871],[128.18837,35.18841],[128.18815,35.18826],[128.18626,35.18708],[128.18596,35.18695],[128.18576,35.18689],[128.18146,35.18569],[128.176,35.18117],[128.17601,35.18114],[128.17604,35.18106],[128.17605,35.18092],[128.17604,35.18072],[128.17599,35.18052],[128.17595,35.18035],[128.17502,35.17751],[128.17499,35.17743],[128.17492,35.17731],[128.17477,35.17712],[128.17467,35.17703],[128.17461,35.17698],[128.17452,35.17694],[128.16701,35.1759],[128.16696,35.17589],[128.16084,35.17808],[128.15707,35.17983],[128.15696,35.17996],[128.1569,35.18002],[128.15686,35.18005],[128.15672,35.18011],[128.15553,35.18057],[128.15541,35.18061],[128.15518,35.18065],[128.15502,35.18067],[128.15484,35.18068],[128.15463,35.18068],[128.15447,35.18067],[128.15439,35.18066],[128.15424,35.18064],[128.15395,35.18058],[128.15321,35.18218],[128.15214,35.18445],[128.15182,35.18473],[128.15159,35.18484],[128.15139,35.1849],[128.15115,35.18493],[128.14872,35.18502],[128.14836,35.18502],[128.14737,35.18492],[128.14687,35.18483],[128.14635,35.18471],[128.1451,35.18437],[128.14464,35.18413],[128.14423,35.18392],[128.14387,35.18386],[128.14197,35.18364],[128.13998,35.18364],[128.13961,35.18382],[128.13949,35.18389],[128.13391,35.18632],[128.13109,35.18719],[128.1312,35.18815],[128.13124,35.18856],[128.13126,35.18869],[128.13096,35.19217],[128.1306,35.19455],[128.13049,35.19504],[128.13032,35.19573],[128.13031,35.1958],[128.13028,35.19591],[128.13011,35.19678],[128.12998,35.19746],[128.12973,35.19963],[128.12966,35.20045],[128.12888,35.20523],[128.12699,35.21362],[128.1265,35.21536],[128.12649,35.21541],[128.12646,35.2157],[128.12645,35.21596],[128.12645,35.21653],[128.12649,35.21721],[128.12793,35.22807],[128.12804,35.22864],[128.12814,35.22911],[128.12823,35.22954],[128.12854,35.23013],[128.12939,35.23135],[128.13004,35.23222],[128.13033,35.2326],[128.13047,35.23273],[128.1313,35.23348],[128.13204,35.23401],[128.13338,35.23488],[128.13444,35.23539],[128.1348,35.23556],[128.13528,35.23575],[128.1362,35.23606],[128.13671,35.23623],[128.13811,35.23667],[128.13968,35.23715],[128.14118,35.23757],[128.14197,35.23775],[128.14307,35.23787],[128.1438,35.23791],[128.14465,35.23794],[128.14626,35.238],[128.14782,35.238],[128.14838,35.238],[128.14912,35.23804],[128.14922,35.23805],[128.14964,35.23809],[128.15036,35.23824],[128.15112,35.23849],[128.15271,35.2392],[128.15326,35.23944],[128.15522,35.24047],[128.15591,35.24088],[128.15651,35.24124],[128.15775,35.24203],[128.15827,35.24238],[128.15858,35.24259],[128.15887,35.24278],[128.15946,35.24312],[128.16017,35.24342],[128.1605,35.24355],[128.16101,35.24371],[128.16149,35.24383],[128.16198,35.24395],[128.16285,35.24406],[128.16334,35.24411],[128.16392,35.24417],[128.16472,35.24416],[128.16581,35.24408],[128.16664,35.24398],[128.16718,35.2439],[128.16798,35.24378],[128.16907,35.24344],[128.16946,35.24331],[128.17003,35.24299],[128.17039,35.24274],[128.1706,35.24255],[128.17083,35.24227],[128.17118,35.24181],[128.1714,35.24144],[128.17159,35.2411],[128.17199,35.24025],[128.17282,35.23798],[128.1732,35.23687],[128.17382,35.23481],[128.17396,35.23422],[128.17407,35.23355],[128.17429,35.2322],[128.1744,35.23134],[128.17447,35.23077],[128.1746,35.22965],[128.17473,35.22897],[128.17483,35.22852],[128.17492,35.22821],[128.17496,35.22807],[128.17522,35.2273],[128.17587,35.22544],[128.17636,35.22413],[128.17708,35.22284],[128.17753,35.22225],[128.17763,35.22212],[128.1779,35.22184],[128.17835,35.22145],[128.17921,35.22084],[128.17984,35.22049],[128.18065,35.22011],[128.18216,35.21958],[128.18272,35.21942],[128.18363,35.21922],[128.18456,35.21913],[128.18538,35.21912],[128.18604,35.21915],[128.18699,35.21926],[128.18914,35.21971],[128.19029,35.21995],[128.19052,35.22]]]]}},{"type":"Feature","properties":{"code":"48170420","name":"집현면","parent":"48170"},"geometry":{"type":"MultiPolygon","coordinates":[[[[128.12386,35.26069],[128.12498,35.26078],[128.12568,35.26079],[128.12703,35.26047],[128.12816,35.26004],[128.12831,35.25993],[128.12861,35.25645],[128.12866,35.25568],[128.12867,35.25502],[128.12732,35.25367],[128.1265,35.25279],[128.1261,35.25231],[128.12565,35.25167],[128.12988,35.24734],[128.13227,35.24567],[128.13501,35.24245],[128.13793,35.24168],[128.13802,35.24189],[128.13904,35.24098],[128.14118,35.23757],[128.13968,35.23715],[128.13811,35.23667],[128.13671,35.23623],[128.1362,35.23606],[128.13528,35.23575],[128.1348,35.23556],[128.13444,35.23539],[128.13338,35.23488],[128.13204,35.23401],[128.1313,35.23348],[128.13047,35.23273],[128.13033,35.2326],[128.13004,35.23222],[128.12939,35.23135],[128.12854,35.23013],[128.12823,35.22954],[128.12814,35.22911],[128.12804,35.22864],[128.12793,35.22807],[128.12649,35.21721],[128.12645,35.21653],[128.12645,35.21596],[128.12646,35.2157],[128.12649,35.21541],[128.1265,35.21536],[128.12566,35.21537],[128.1241,35.21538],[128.12282,35.21527],[128.12121,35.21509],[128.12033,35.21498],[128.11947,35.21487],[128.11937,35.21486],[128.11932,35.21485],[128.11919,35.21485],[128.1191,35.21485],[128.11906,35.21486],[128.11902,35.21486],[128.11896,35.21487],[128.11865,35.21493],[128.11859,35.21494],[128.11855,35.21495],[128.1185,35.21496],[128.11807,35.21506],[128.11545,35.21576],[128.11437,35.21605],[128.11429,35.21607],[128.114,35.21615],[128.11385,35.2162],[128.11365,35.21626],[128.11327,35.21639],[128.11179,35.21701],[128.11168,35.21706],[128.11142,35.2172],[128.11122,35.21729],[128.11036,35.21827],[128.11031,35.21832],[128.11023,35.21846],[128.11014,35.21871],[128.11007,35.21892],[128.10994,35.21911],[128.10983,35.21927],[128.10976,35.21934],[128.10956,35.21946],[128.10944,35.21952],[128.10931,35.21958],[128.10892,35.21972],[128.10883,35.21973],[128.10751,35.2196],[128.10733,35.21958],[128.10719,35.21956],[128.1058,35.21925],[128.10511,35.2191],[128.10477,35.21906],[128.10447,35.21908],[128.10424,35.21912],[128.10408,35.21916],[128.10381,35.21928],[128.10364,35.21938],[128.10268,35.22001],[128.10257,35.22009],[128.10134,35.2217],[128.10129,35.22181],[128.10097,35.22263],[128.10084,35.223],[128.09445,35.22908],[128.08849,35.2305],[128.08692,35.23082],[128.08678,35.23082],[128.08629,35.23075],[128.08568,35.23097],[128.08562,35.23098],[128.08557,35.23098],[128.08554,35.23096],[128.0855,35.23095],[128.08545,35.23091],[128.08518,35.23053],[128.0851,35.2304],[128.08506,35.23028],[128.08503,35.23011],[128.08493,35.2294],[128.08492,35.22837],[128.08481,35.22658],[128.08479,35.22636],[128.08477,35.22605],[128.08474,35.22576],[128.08466,35.22545],[128.08456,35.22517],[128.08451,35.22504],[128.08448,35.22499],[128.08444,35.22498],[128.08309,35.22468],[128.08247,35.22464],[128.0813,35.22504],[128.08115,35.22514],[128.08026,35.22591],[128.08008,35.22608],[128.07993,35.22627],[128.07976,35.22652],[128.07963,35.22666],[128.07959,35.2267],[128.07947,35.22679],[128.07922,35.22694],[128.07916,35.22697],[128.07898,35.22704],[128.07862,35.22714],[128.07817,35.22724],[128.07796,35.22727],[128.07786,35.22728],[128.07413,35.22639],[128.07407,35.22634],[128.07261,35.22497],[128.06976,35.22092],[128.06973,35.22087],[128.06972,35.22081],[128.06973,35.22077],[128.06974,35.22073],[128.06978,35.22062],[128.06994,35.22028],[128.07009,35.22006],[128.07021,35.21993],[128.07033,35.2198],[128.07064,35.21956],[128.07099,35.21927],[128.0712,35.21904],[128.07124,35.21898],[128.07131,35.21884],[128.07134,35.21875],[128.07136,35.21867],[128.072,35.21383],[128.072,35.21377],[128.07198,35.21302],[128.07197,35.21287],[128.07194,35.2128],[128.07193,35.21274],[128.07161,35.21203],[128.07159,35.21199],[128.07154,35.21191],[128.07144,35.21182],[128.07133,35.21175],[128.07121,35.21171],[128.07079,35.21166],[128.07042,35.21156],[128.0704,35.21154],[128.0704,35.21149],[128.07094,35.20999],[128.07102,35.2098],[128.07092,35.20937],[128.07084,35.20925],[128.07067,35.20898],[128.06985,35.20842],[128.06851,35.20761],[128.06814,35.20758],[128.06671,35.2084],[128.06609,35.20901],[128.0657,35.20945],[128.06503,35.2102],[128.06419,35.21099],[128.06308,35.21162],[128.06277,35.21174],[128.06261,35.21176],[128.06252,35.21177],[128.06176,35.21168],[128.06029,35.21144],[128.05842,35.2106],[128.05617,35.2098],[128.05503,35.20947],[128.05444,35.20938],[128.05418,35.20961],[128.05355,35.21026],[128.05036,35.21264],[128.05084,35.213],[128.05105,35.21323],[128.05129,35.2135],[128.05183,35.21434],[128.05214,35.21495],[128.05231,35.21532],[128.05244,35.21564],[128.05249,35.21585],[128.0525,35.21591],[128.05249,35.21594],[128.0524,35.21608],[128.05199,35.21692],[128.05127,35.21877],[128.05054,35.22072],[128.04993,35.22324],[128.04993,35.2233],[128.04994,35.22341],[128.05022,35.22484],[128.05023,35.22489],[128.05089,35.22742],[128.05092,35.22744],[128.05157,35.22773],[128.05232,35.22807],[128.05304,35.22887],[128.05313,35.22899],[128.05316,35.22906],[128.0534,35.23],[128.0534,35.2301],[128.05338,35.23031],[128.05334,35.23055],[128.05329,35.2307],[128.0532,35.23088],[128.05315,35.23099],[128.05306,35.23112],[128.05303,35.23123],[128.05308,35.23131],[128.05321,35.23143],[128.05445,35.23217],[128.05453,35.23221],[128.05581,35.23258],[128.05718,35.23294],[128.05762,35.23299],[128.0577,35.23299],[128.05775,35.23302],[128.0602,35.23608],[128.06023,35.23617],[128.06024,35.23625],[128.06018,35.2366],[128.05999,35.23754],[128.05984,35.2381],[128.0595,35.23951],[128.05953,35.23966],[128.06038,35.24382],[128.06109,35.24478],[128.06115,35.24482],[128.06177,35.24516],[128.0626,35.24572],[128.0628,35.24588],[128.06303,35.24608],[128.0631,35.24616],[128.06315,35.24625],[128.06353,35.24766],[128.06365,35.24829],[128.06368,35.24852],[128.06368,35.24856],[128.06364,35.24861],[128.0636,35.24865],[128.06294,35.2492],[128.06281,35.24926],[128.06262,35.24934],[128.0622,35.24947],[128.06194,35.24957],[128.06168,35.24969],[128.06049,35.25049],[128.06043,35.25055],[128.06042,35.25059],[128.06053,35.25122],[128.06061,35.25144],[128.0608,35.25185],[128.06091,35.25208],[128.06092,35.2521],[128.06106,35.25223],[128.06146,35.25259],[128.06199,35.25307],[128.06228,35.25328],[128.06261,35.2535],[128.06273,35.25358],[128.06284,35.2536],[128.06304,35.25362],[128.06329,35.25364],[128.06351,35.25367],[128.06359,35.25368],[128.06365,35.25372],[128.06375,35.25395],[128.06375,35.25406],[128.06372,35.2542],[128.0636,35.25453],[128.06333,35.25517],[128.06309,35.2557],[128.06278,35.25618],[128.06231,35.25681],[128.0621,35.25707],[128.06124,35.25802],[128.06069,35.25895],[128.06064,35.25906],[128.06064,35.25914],[128.06067,35.25919],[128.06177,35.26103],[128.06181,35.26106],[128.06192,35.2611],[128.06217,35.26117],[128.06233,35.26123],[128.06256,35.26134],[128.06274,35.26146],[128.06286,35.26163],[128.06296,35.26184],[128.0631,35.2623],[128.06317,35.26259],[128.06318,35.26269],[128.06259,35.26426],[128.06239,35.26453],[128.06203,35.26494],[128.05996,35.26747],[128.0587,35.26918],[128.05616,35.27539],[128.0562,35.27547],[128.05685,35.27625],[128.0571,35.27649],[128.0573,35.27659],[128.05774,35.27679],[128.05827,35.27709],[128.05869,35.27741],[128.05892,35.27758],[128.05944,35.2782],[128.05976,35.27861],[128.06153,35.28091],[128.06049,35.28544],[128.05976,35.2871],[128.05963,35.28736],[128.05915,35.28805],[128.05899,35.28825],[128.05876,35.28845],[128.05832,35.28886],[128.05809,35.2891],[128.05799,35.28922],[128.05709,35.29061],[128.05602,35.29265],[128.05549,35.29432],[128.05495,35.29541],[128.05329,35.29805],[128.05309,35.29835],[128.05281,35.29865],[128.05208,35.29931],[128.05189,35.29947],[128.05162,35.29968],[128.0515,35.29975],[128.05126,35.29981],[128.05085,35.29989],[128.05067,35.29995],[128.05058,35.30001],[128.05023,35.30033],[128.04987,35.30069],[128.04968,35.30096],[128.04953,35.30128],[128.04932,35.30192],[128.04901,35.30285],[128.04895,35.30306],[128.04889,35.30332],[128.04885,35.3035],[128.04879,35.3037],[128.04876,35.30377],[128.04831,35.30443],[128.04817,35.30463],[128.04796,35.30486],[128.04783,35.30494],[128.04559,35.30612],[128.05246,35.31288],[128.05306,35.3126],[128.05337,35.31245],[128.05366,35.31229],[128.0539,35.3121],[128.0541,35.31192],[128.05665,35.30907],[128.05676,35.30895],[128.05698,35.30867],[128.05703,35.30857],[128.05716,35.30833],[128.05727,35.30794],[128.05731,35.30763],[128.05736,35.30725],[128.0574,35.30687],[128.05742,35.30669],[128.05746,35.30655],[128.05754,35.30644],[128.05863,35.30558],[128.05867,35.30556],[128.06128,35.30458],[128.06288,35.30419],[128.06451,35.30383],[128.06979,35.3039],[128.07314,35.30354],[128.07326,35.30354],[128.07479,35.3037],[128.07498,35.30376],[128.07511,35.30386],[128.07525,35.304],[128.07546,35.30431],[128.07578,35.30471],[128.07598,35.30487],[128.07609,35.30495],[128.07618,35.30499],[128.0783,35.30574],[128.07841,35.30574],[128.07893,35.30563],[128.0795,35.30548],[128.07987,35.30538],[128.08222,35.3042],[128.08238,35.30409],[128.08263,35.30391],[128.08351,35.30287],[128.08361,35.30269],[128.08366,35.30257],[128.08364,35.30222],[128.08356,35.30192],[128.08354,35.30176],[128.08358,35.30157],[128.08364,35.30144],[128.08378,35.30128],[128.08652,35.29824],[128.08674,35.29805],[128.08703,35.2943],[128.08723,35.29164],[128.08675,35.28652],[128.08901,35.28081],[128.09096,35.27529],[128.09101,35.27518],[128.09259,35.27331],[128.09272,35.27321],[128.09283,35.27313],[128.09313,35.27301],[128.09328,35.27298],[128.09344,35.27295],[128.09363,35.27295],[128.09379,35.27299],[128.09388,35.27303],[128.09398,35.27311],[128.09415,35.27316],[128.09451,35.27322],[128.09513,35.27331],[128.09539,35.27332],[128.09557,35.27333],[128.09579,35.2733],[128.09927,35.27205],[128.10119,35.27132],[128.10148,35.26989],[128.10137,35.26918],[128.10137,35.26904],[128.10139,35.26898],[128.10517,35.26442],[128.10553,35.26408],[128.10562,35.264],[128.10668,35.26309],[128.10676,35.26305],[128.10679,35.26304],[128.10689,35.26302],[128.1083,35.26323],[128.10844,35.26325],[128.10862,35.26328],[128.10898,35.26338],[128.10915,35.26343],[128.10928,35.26348],[128.10945,35.26355],[128.10987,35.26379],[128.11001,35.26389],[128.11024,35.26408],[128.11037,35.2642],[128.11626,35.26089],[128.1188,35.25855],[128.12201,35.2583],[128.12201,35.2584],[128.12204,35.25859],[128.12209,35.25875],[128.12214,35.25887],[128.12235,35.25932],[128.12244,35.25953],[128.1225,35.2596],[128.12282,35.25991],[128.12292,35.26],[128.12319,35.26024],[128.12386,35.26069]]]]}},{"type":"Feature","properties":{"code":"48170430","name":"미천면","parent":"48170"},"geometry":{"type":"MultiPolygon","coordinates":[[[[128.16423,35.33614],[128.1628,35.33582],[128.1626,35.33581],[128.16045,35.3358],[128.16026,35.33586],[128.16005,35.33598],[128.15977,35.33607],[128.15952,35.33614],[128.15919,35.33622],[128.15754,35.33632],[128.15742,35.33631],[128.15723,35.33629],[128.15629,35.33617],[128.15465,35.3364],[128.15455,35.3364],[128.15444,35.33635],[128.15317,35.33549],[128.1531,35.33543],[128.15298,35.33499],[128.15295,35.33474],[128.15294,35.33347],[128.15294,35.33281],[128.15298,35.33259],[128.15304,35.33233],[128.15306,35.33204],[128.15303,35.33181],[128.15295,35.33149],[128.15289,35.33136],[128.15105,35.329],[128.15089,35.32884],[128.15078,35.32878],[128.15067,35.32876],[128.15049,35.32878],[128.14971,35.32876],[128.1487,35.32872],[128.14857,35.32871],[128.14713,35.32818],[128.14691,35.32809],[128.14687,35.32806],[128.1468,35.32801],[128.14657,35.32777],[128.14646,35.32759],[128.14644,35.32742],[128.14624,35.32184],[128.14624,35.32155],[128.14627,35.32118],[128.14629,35.32106],[128.14656,35.3197],[128.14769,35.31635],[128.1485,35.31515],[128.14863,35.31504],[128.14972,35.31416],[128.14984,35.31408],[128.15069,35.3122],[128.15055,35.31145],[128.15045,35.30999],[128.15046,35.30986],[128.1506,35.30942],[128.15141,35.30741],[128.1515,35.30725],[128.15175,35.3071],[128.15194,35.307],[128.15397,35.3061],[128.1553,35.30563],[128.15566,35.30552],[128.15587,35.30544],[128.15793,35.30444],[128.15802,35.30438],[128.15905,35.30193],[128.15907,35.30186],[128.15907,35.30181],[128.15907,35.30177],[128.15904,35.3017],[128.159,35.30167],[128.15884,35.30159],[128.15872,35.30154],[128.15854,35.30146],[128.15828,35.30138],[128.15814,35.30131],[128.158,35.3012],[128.15786,35.30109],[128.15688,35.30015],[128.15521,35.29839],[128.15514,35.2983],[128.15509,35.2982],[128.15506,35.29809],[128.15502,35.29787],[128.15499,35.29751],[128.15468,35.29329],[128.15468,35.29317],[128.15471,35.29298],[128.15476,35.29279],[128.15481,35.29266],[128.15487,35.29256],[128.15495,35.29248],[128.155,35.29245],[128.15542,35.28945],[128.15268,35.28544],[128.15259,35.28533],[128.15245,35.28516],[128.15224,35.28498],[128.15207,35.28484],[128.15194,35.28475],[128.15183,35.28469],[128.15172,35.28465],[128.1516,35.28461],[128.15061,35.28433],[128.15027,35.28427],[128.14799,35.28395],[128.14782,35.28393],[128.14774,35.28395],[128.14738,35.2841],[128.14699,35.28427],[128.14648,35.28454],[128.14228,35.28302],[128.14203,35.28284],[128.14184,35.28275],[128.14163,35.28268],[128.1414,35.28261],[128.14124,35.28258],[128.1411,35.28256],[128.13826,35.2823],[128.13795,35.28229],[128.13778,35.28232],[128.13757,35.28237],[128.13744,35.28242],[128.13729,35.28262],[128.1371,35.28292],[128.13702,35.28302],[128.13698,35.28305],[128.1369,35.28309],[128.13584,35.28355],[128.13577,35.28357],[128.13569,35.28358],[128.13565,35.28358],[128.13498,35.28352],[128.13489,35.2835],[128.13474,35.28337],[128.13463,35.28325],[128.1338,35.282],[128.13378,35.2819],[128.13392,35.2816],[128.13394,35.28154],[128.13397,35.28149],[128.13401,35.2814],[128.13426,35.28102],[128.13443,35.28083],[128.13464,35.2806],[128.13479,35.28041],[128.13509,35.27981],[128.13515,35.27966],[128.13521,35.27949],[128.1357,35.2748],[128.13557,35.27394],[128.13555,35.27388],[128.13483,35.27327],[128.13468,35.27315],[128.13456,35.27307],[128.13417,35.27293],[128.134,35.27281],[128.13384,35.27268],[128.13215,35.27108],[128.13203,35.27095],[128.13192,35.27066],[128.13192,35.27052],[128.1319,35.26964],[128.1319,35.26863],[128.13184,35.26697],[128.13183,35.26669],[128.13179,35.26634],[128.1317,35.26598],[128.13164,35.26583],[128.13153,35.26575],[128.13058,35.26517],[128.12685,35.26281],[128.1245,35.26122],[128.12413,35.26095],[128.12386,35.26069],[128.12319,35.26024],[128.12292,35.26],[128.12282,35.25991],[128.1225,35.2596],[128.12244,35.25953],[128.12235,35.25932],[128.12214,35.25887],[128.12209,35.25875],[128.12204,35.25859],[128.12201,35.2584],[128.12201,35.2583],[128.1188,35.25855],[128.11626,35.26089],[128.11037,35.2642],[128.11024,35.26408],[128.11001,35.26389],[128.10987,35.26379],[128.10945,35.26355],[128.10928,35.26348],[128.10915,35.26343],[128.10898,35.26338],[128.10862,35.26328],[128.10844,35.26325],[128.1083,35.26323],[128.10689,35.26302],[128.10679,35.26304],[128.10676,35.26305],[128.10668,35.26309],[128.10562,35.264],[128.10553,35.26408],[128.10517,35.26442],[128.10139,35.26898],[128.10137,35.26904],[128.10137,35.26918],[128.10148,35.26989],[128.10119,35.27132],[128.09927,35.27205],[128.09579,35.2733],[128.09557,35.27333],[128.09539,35.27332],[128.09513,35.27331],[128.09451,35.27322],[128.09415,35.27316],[128.09398,35.27311],[128.09388,35.27303],[128.09379,35.27299],[128.09363,35.27295],[128.09344,35.27295],[128.09328,35.27298],[128.09313,35.27301],[128.09283,35.27313],[128.09272,35.27321],[128.09259,35.27331],[128.09101,35.27518],[128.09096,35.27529],[128.08901,35.28081],[128.08675,35.28652],[128.08723,35.29164],[128.08703,35.2943],[128.08674,35.29805],[128.08652,35.29824],[128.08378,35.30128],[128.08364,35.30144],[128.08358,35.30157],[128.08354,35.30176],[128.08356,35.30192],[128.08364,35.30222],[128.08366,35.30257],[128.08361,35.30269],[128.08351,35.30287],[128.08263,35.30391],[128.08238,35.30409],[128.08222,35.3042],[128.07987,35.30538],[128.0795,35.30548],[128.07893,35.30563],[128.07841,35.30574],[128.0783,35.30574],[128.07618,35.30499],[128.07609,35.30495],[128.07598,35.30487],[128.07578,35.30471],[128.07546,35.30431],[128.07525,35.304],[128.07511,35.30386],[128.07498,35.30376],[128.07479,35.3037],[128.07326,35.30354],[128.07314,35.30354],[128.06979,35.3039],[128.06451,35.30383],[128.06288,35.30419],[128.06128,35.30458],[128.05867,35.30556],[128.05863,35.30558],[128.05754,35.30644],[128.05746,35.30655],[128.05742,35.30669],[128.0574,35.30687],[128.05736,35.30725],[128.05731,35.30763],[128.05727,35.30794],[128.05716,35.30833],[128.05703,35.30857],[128.05698,35.30867],[128.05676,35.30895],[128.05665,35.30907],[128.0541,35.31192],[128.0539,35.3121],[128.05366,35.31229],[128.05337,35.31245],[128.05306,35.3126],[128.05246,35.31288],[128.05263,35.31329],[128.05269,35.31374],[128.05279,35.31471],[128.05281,35.3151],[128.05276,35.31536],[128.05274,35.31546],[128.05216,35.31867],[128.05139,35.31969],[128.05112,35.32],[128.05095,35.32016],[128.05052,35.32059],[128.05036,35.3208],[128.05027,35.32092],[128.0516,35.32345],[128.05173,35.32366],[128.05198,35.32401],[128.05211,35.32419],[128.05221,35.32433],[128.05233,35.32441],[128.05264,35.32462],[128.05311,35.32496],[128.05362,35.32533],[128.05388,35.32553],[128.05402,35.32567],[128.05502,35.32671],[128.05663,35.32847],[128.05677,35.32864],[128.05703,35.32899],[128.05747,35.3298],[128.05756,35.32997],[128.05762,35.33012],[128.05848,35.33235],[128.05878,35.33357],[128.06585,35.33328],[128.06607,35.33327],[128.06628,35.33323],[128.06653,35.33316],[128.0666,35.3331],[128.06669,35.33301],[128.06686,35.33283],[128.06695,35.33275],[128.0671,35.33266],[128.06739,35.33255],[128.06752,35.33251],[128.06891,35.33242],[128.0699,35.33248],[128.07273,35.33301],[128.07367,35.33334],[128.07374,35.33337],[128.07383,35.33342],[128.0739,35.33349],[128.07406,35.33367],[128.07427,35.33392],[128.07444,35.33419],[128.0746,35.33451],[128.07466,35.33474],[128.07463,35.33501],[128.07456,35.33557],[128.0745,35.33586],[128.07454,35.33597],[128.07469,35.33601],[128.07557,35.33624],[128.0757,35.33627],[128.07708,35.33655],[128.07715,35.33656],[128.08012,35.33679],[128.0809,35.33672],[128.08629,35.3361],[128.09441,35.33511],[128.09597,35.33501],[128.09886,35.33497],[128.09965,35.33498],[128.1009,35.33508],[128.10174,35.33528],[128.10252,35.3349],[128.10748,35.33184],[128.11258,35.33177],[128.11413,35.33114],[128.11445,35.33099],[128.11465,35.33088],[128.11469,35.33086],[128.11486,35.33072],[128.1156,35.33024],[128.11568,35.33021],[128.11583,35.33023],[128.11594,35.33026],[128.12404,35.33308],[128.12418,35.33316],[128.13,35.33637],[128.13004,35.33639],[128.1301,35.33643],[128.1318,35.33762],[128.13227,35.33799],[128.13236,35.33807],[128.13245,35.33815],[128.1325,35.3382],[128.13255,35.33825],[128.13309,35.33883],[128.13315,35.33895],[128.13321,35.33912],[128.13324,35.33925],[128.13325,35.33936],[128.13321,35.33953],[128.13318,35.3397],[128.13315,35.33987],[128.13316,35.33997],[128.13317,35.34005],[128.13351,35.34108],[128.13354,35.34115],[128.13361,35.34122],[128.13367,35.34128],[128.13584,35.34199],[128.13821,35.34257],[128.13825,35.34259],[128.13835,35.34266],[128.13842,35.34273],[128.1391,35.34376],[128.13945,35.34431],[128.13953,35.34445],[128.13958,35.34451],[128.13964,35.34458],[128.13972,35.34465],[128.1398,35.34473],[128.14047,35.34526],[128.14054,35.3453],[128.14526,35.34795],[128.1466,35.3485],[128.15087,35.34969],[128.15112,35.34965],[128.15206,35.3497],[128.15255,35.34985],[128.15271,35.34993],[128.15287,35.35],[128.15448,35.35108],[128.15667,35.34976],[128.15694,35.34866],[128.15706,35.3484],[128.15804,35.34648],[128.15846,35.34573],[128.15974,35.34443],[128.16079,35.34389],[128.16174,35.34351],[128.16216,35.34331],[128.16317,35.34269],[128.16338,35.34251],[128.16343,35.34248],[128.16346,35.34244],[128.16361,35.34229],[128.16376,35.34211],[128.16384,35.34195],[128.16388,35.34179],[128.16394,35.33767],[128.16423,35.33614]]]]}},{"type":"Feature","properties":{"code":"48170440","name":"명석면","parent":"48170"},"geometry":{"type":"MultiPolygon","coordinates":[[[[128.04559,35.30612],[128.04783,35.30494],[128.04796,35.30486],[128.04817,35.30463],[128.04831,35.30443],[128.04876,35.30377],[128.04879,35.3037],[128.04885,35.3035],[128.04889,35.30332],[128.04895,35.30306],[128.04901,35.30285],[128.04932,35.30192],[128.04953,35.30128],[128.04968,35.30096],[128.04987,35.30069],[128.05023,35.30033],[128.05058,35.30001],[128.05067,35.29995],[128.05085,35.29989],[128.05126,35.29981],[128.0515,35.29975],[128.05162,35.29968],[128.05189,35.29947],[128.05208,35.29931],[128.05281,35.29865],[128.05309,35.29835],[128.05329,35.29805],[128.05495,35.29541],[128.05549,35.29432],[128.05602,35.29265],[128.05709,35.29061],[128.05799,35.28922],[128.05809,35.2891],[128.05832,35.28886],[128.05876,35.28845],[128.05899,35.28825],[128.05915,35.28805],[128.05963,35.28736],[128.05976,35.2871],[128.06049,35.28544],[128.06153,35.28091],[128.05976,35.27861],[128.05944,35.2782],[128.05892,35.27758],[128.05869,35.27741],[128.05827,35.27709],[128.05774,35.27679],[128.0573,35.27659],[128.0571,35.27649],[128.05685,35.27625],[128.0562,35.27547],[128.05616,35.27539],[128.0587,35.26918],[128.05996,35.26747],[128.06203,35.26494],[128.06239,35.26453],[128.06259,35.26426],[128.06318,35.26269],[128.06317,35.26259],[128.0631,35.2623],[128.06296,35.26184],[128.06286,35.26163],[128.06274,35.26146],[128.06256,35.26134],[128.06233,35.26123],[128.06217,35.26117],[128.06192,35.2611],[128.06181,35.26106],[128.06177,35.26103],[128.06067,35.25919],[128.06064,35.25914],[128.06064,35.25906],[128.06069,35.25895],[128.06124,35.25802],[128.0621,35.25707],[128.06231,35.25681],[128.06278,35.25618],[128.06309,35.2557],[128.06333,35.25517],[128.0636,35.25453],[128.06372,35.2542],[128.06375,35.25406],[128.06375,35.25395],[128.06365,35.25372],[128.06359,35.25368],[128.06351,35.25367],[128.06329,35.25364],[128.06304,35.25362],[128.06284,35.2536],[128.06273,35.25358],[128.06261,35.2535],[128.06228,35.25328],[128.06199,35.25307],[128.06146,35.25259],[128.06106,35.25223],[128.06092,35.2521],[128.06091,35.25208],[128.0608,35.25185],[128.06061,35.25144],[128.06053,35.25122],[128.06042,35.25059],[128.06043,35.25055],[128.06049,35.25049],[128.06168,35.24969],[128.06194,35.24957],[128.0622,35.24947],[128.06262,35.24934],[128.06281,35.24926],[128.06294,35.2492],[128.0636,35.24865],[128.06364,35.24861],[128.06368,35.24856],[128.06368,35.24852],[128.06365,35.24829],[128.06353,35.24766],[128.06315,35.24625],[128.0631,35.24616],[128.06303,35.24608],[128.0628,35.24588],[128.0626,35.24572],[128.06177,35.24516],[128.06115,35.24482],[128.06109,35.24478],[128.06038,35.24382],[128.05953,35.23966],[128.0595,35.23951],[128.05984,35.2381],[128.05999,35.23754],[128.06018,35.2366],[128.06024,35.23625],[128.06023,35.23617],[128.0602,35.23608],[128.05775,35.23302],[128.0577,35.23299],[128.05762,35.23299],[128.05718,35.23294],[128.05581,35.23258],[128.05453,35.23221],[128.05445,35.23217],[128.05321,35.23143],[128.05308,35.23131],[128.05303,35.23123],[128.05306,35.23112],[128.05315,35.23099],[128.0532,35.23088],[128.05329,35.2307],[128.05334,35.23055],[128.05338,35.23031],[128.0534,35.2301],[128.0534,35.23],[128.05316,35.22906],[128.05313,35.22899],[128.05304,35.22887],[128.05232,35.22807],[128.05157,35.22773],[128.05092,35.22744],[128.05089,35.22742],[128.05023,35.22489],[128.05022,35.22484],[128.04994,35.22341],[128.04993,35.2233],[128.04993,35.22324],[128.05054,35.22072],[128.05127,35.21877],[128.05199,35.21692],[128.0524,35.21608],[128.05249,35.21594],[128.0525,35.21591],[128.05249,35.21585],[128.05244,35.21564],[128.05231,35.21532],[128.05214,35.21495],[128.05183,35.21434],[128.05129,35.2135],[128.05105,35.21323],[128.05084,35.213],[128.05036,35.21264],[128.05004,35.21283],[128.04981,35.21297],[128.04973,35.21302],[128.0497,35.21304],[128.04933,35.21321],[128.04918,35.21326],[128.04907,35.21329],[128.04899,35.21329],[128.04881,35.21327],[128.04854,35.21322],[128.04828,35.21315],[128.0482,35.21312],[128.04815,35.2131],[128.04811,35.21307],[128.04808,35.21304],[128.04805,35.213],[128.04802,35.21296],[128.048,35.2129],[128.04797,35.21283],[128.04789,35.21252],[128.04789,35.21249],[128.04788,35.21244],[128.04786,35.21207],[128.04786,35.21187],[128.04789,35.21158],[128.04651,35.21109],[128.04428,35.21103],[128.04221,35.21129],[128.04021,35.21053],[128.03983,35.21053],[128.03932,35.21046],[128.03844,35.21033],[128.03539,35.20962],[128.03535,35.2096],[128.03476,35.20935],[128.0347,35.20931],[128.03366,35.20811],[128.03356,35.20798],[128.03336,35.2077],[128.03332,35.20764],[128.03327,35.20752],[128.03323,35.20743],[128.0332,35.20733],[128.03318,35.20727],[128.03318,35.20721],[128.03318,35.20717],[128.03319,35.20713],[128.0332,35.20701],[128.0332,35.20687],[128.03319,35.20668],[128.03316,35.20652],[128.03312,35.20644],[128.03307,35.20637],[128.03216,35.20539],[128.03208,35.20532],[128.03196,35.20525],[128.03188,35.20525],[128.0318,35.20526],[128.03042,35.20547],[128.03027,35.2055],[128.03018,35.20551],[128.0301,35.20555],[128.02932,35.20588],[128.02927,35.20591],[128.02924,35.20597],[128.02919,35.20606],[128.02905,35.20623],[128.02893,35.20636],[128.02883,35.20644],[128.02877,35.20649],[128.02815,35.20685],[128.02768,35.20705],[128.02253,35.20723],[128.0225,35.20591],[128.02256,35.20581],[128.02259,35.20574],[128.02261,35.20529],[128.02256,35.205],[128.02247,35.20477],[128.02204,35.20378],[128.02191,35.20352],[128.0213,35.20231],[128.01926,35.2003],[128.01924,35.20027],[128.01907,35.20018],[128.01887,35.20014],[128.01873,35.20014],[128.01257,35.2016],[128.00963,35.20247],[128.00846,35.20282],[128.00705,35.20338],[128.00681,35.20351],[128.00666,35.20361],[128.00558,35.2045],[128.0055,35.20458],[128.00528,35.20491],[128.00493,35.20553],[128.00475,35.20587],[128.00459,35.20608],[128.00441,35.20627],[128.00384,35.20677],[128.00377,35.20681],[128.00334,35.20682],[128.0022,35.20684],[128.00128,35.20669],[128.00087,35.20654],[128.00078,35.20653],[128.00073,35.20654],[128.00058,35.20664],[128.0005,35.20676],[127.99943,35.20837],[127.99884,35.20954],[127.99881,35.20965],[127.99641,35.21115],[127.99605,35.21107],[127.9955,35.21097],[127.99518,35.21092],[127.99504,35.21091],[127.99493,35.21093],[127.99472,35.211],[127.99448,35.21112],[127.99429,35.21121],[127.9897,35.21379],[127.98955,35.21393],[127.98925,35.21421],[127.98885,35.21464],[127.98878,35.21473],[127.98876,35.21483],[127.98872,35.21508],[127.9887,35.21535],[127.98867,35.21661],[127.98885,35.21768],[127.99038,35.21996],[127.99068,35.22031],[127.99088,35.22059],[127.99102,35.22083],[127.99105,35.22092],[127.99106,35.22098],[127.99105,35.22105],[127.99057,35.22237],[127.99055,35.22241],[127.99004,35.22601],[127.99025,35.22631],[127.99036,35.22649],[127.99107,35.22782],[127.99111,35.22796],[127.99112,35.22807],[127.9911,35.22819],[127.99108,35.2283],[127.99049,35.23041],[127.99007,35.23171],[127.99006,35.23176],[127.99008,35.23183],[127.99028,35.23235],[127.99039,35.23254],[127.99073,35.23332],[127.99125,35.23484],[127.99126,35.23489],[127.9911,35.23579],[127.99109,35.23583],[127.99105,35.23586],[127.99084,35.236],[127.99064,35.2361],[127.99048,35.23618],[127.99034,35.23623],[127.98778,35.23703],[127.98652,35.23735],[127.98632,35.23738],[127.98616,35.23732],[127.98578,35.23716],[127.98541,35.237],[127.98504,35.23686],[127.98477,35.23677],[127.98468,35.23676],[127.98458,35.23678],[127.98452,35.23681],[127.98444,35.23686],[127.98293,35.23794],[127.98076,35.23978],[127.97787,35.24269],[127.977,35.24379],[127.97699,35.24412],[127.97699,35.24442],[127.97696,35.24472],[127.97692,35.24503],[127.9769,35.24514],[127.97677,35.24532],[127.97671,35.24541],[127.9761,35.24612],[127.97602,35.24619],[127.97594,35.24623],[127.97368,35.24787],[127.97283,35.2486],[127.97274,35.24862],[127.97226,35.24875],[127.97194,35.24884],[127.97177,35.24891],[127.9717,35.24897],[127.9716,35.24907],[127.97135,35.24949],[127.97118,35.24979],[127.97109,35.25008],[127.97097,35.25038],[127.97084,35.25057],[127.97063,35.25078],[127.97036,35.25104],[127.96997,35.25135],[127.97011,35.25312],[127.97207,35.25445],[127.97284,35.26024],[127.97296,35.26386],[127.97282,35.26445],[127.9726,35.26587],[127.97259,35.26595],[127.97278,35.26768],[127.97279,35.26779],[127.97347,35.26975],[127.97359,35.26998],[127.97365,35.27003],[127.97388,35.27011],[127.97481,35.27029],[127.97927,35.27085],[127.97946,35.27083],[127.97958,35.27077],[127.9811,35.27064],[127.98297,35.27065],[127.98309,35.27068],[127.98325,35.27081],[127.98345,35.27107],[127.98539,35.27378],[127.98545,35.27391],[127.98605,35.2756],[127.98613,35.27585],[127.98621,35.27626],[127.98626,35.27648],[127.98629,35.27665],[127.98633,35.27692],[127.98633,35.27714],[127.98628,35.27731],[127.98622,35.27742],[127.98562,35.2784],[127.98537,35.27878],[127.98527,35.27889],[127.98522,35.27894],[127.98511,35.27901],[127.98502,35.27911],[127.98498,35.27915],[127.98493,35.27922],[127.98486,35.27932],[127.98476,35.27952],[127.98416,35.28165],[127.98416,35.28174],[127.98447,35.28279],[127.98509,35.28446],[127.98617,35.28688],[127.98643,35.28675],[127.98711,35.2864],[127.98731,35.28631],[127.98759,35.28622],[127.98771,35.28619],[127.98782,35.28617],[127.99261,35.28611],[127.99586,35.28652],[127.99588,35.28665],[127.99591,35.28685],[127.99593,35.28691],[127.99597,35.28696],[127.99603,35.287],[127.99928,35.28954],[128.00065,35.29019],[128.00098,35.29017],[128.00123,35.2902],[128.00148,35.29024],[128.00177,35.29036],[128.00198,35.29053],[128.00433,35.29325],[128.00437,35.29332],[128.00441,35.2935],[128.00447,35.2942],[128.00481,35.29578],[128.00495,35.29611],[128.00505,35.29632],[128.00567,35.29736],[128.00572,35.29744],[128.00624,35.29777],[128.00644,35.29788],[128.00713,35.29804],[128.00752,35.29812],[128.00767,35.29813],[128.00808,35.29812],[128.00856,35.29814],[128.00961,35.29829],[128.01139,35.29856],[128.01162,35.29861],[128.01178,35.29868],[128.01279,35.29925],[128.01285,35.29931],[128.01401,35.30131],[128.01459,35.30264],[128.01462,35.30268],[128.01481,35.30306],[128.0149,35.30321],[128.01503,35.30336],[128.01508,35.30338],[128.01702,35.30338],[128.01926,35.30345],[128.02357,35.3052],[128.02628,35.30571],[128.02727,35.30591],[128.03007,35.30654],[128.03314,35.30727],[128.03366,35.30742],[128.03413,35.30765],[128.03451,35.30785],[128.03496,35.3074],[128.03559,35.30675],[128.0357,35.30666],[128.04069,35.30392],[128.04092,35.30385],[128.04128,35.30376],[128.04146,35.30374],[128.04152,35.30375],[128.04167,35.30383],[128.04186,35.30397],[128.04239,35.30446],[128.04431,35.30553],[128.04559,35.30612]]]]}},{"type":"Feature","properties":{"code":"48170450","name":"대평면","parent":"48170"},"geometry":{"type":"MultiPolygon","coordinates":[[[[128.01926,35.2003],[128.0197,35.20016],[128.01984,35.20012],[128.01993,35.20006],[128.02003,35.19992],[128.02068,35.19872],[128.02085,35.19836],[128.02092,35.19824],[128.02142,35.19647],[128.02144,35.1963],[128.02143,35.19606],[128.02136,35.19564],[128.02121,35.19531],[128.02275,35.19289],[128.02378,35.1925],[128.02557,35.19144],[128.02561,35.19141],[128.02564,35.19138],[128.02566,35.19135],[128.02711,35.18676],[128.02732,35.18413],[128.02748,35.18176],[128.02749,35.18172],[128.0275,35.18167],[128.02752,35.18158],[128.02759,35.18142],[128.02763,35.18134],[128.02797,35.18074],[128.0281,35.18052],[128.02818,35.18039],[128.02828,35.18023],[128.02836,35.18013],[128.02849,35.17997],[128.02857,35.17988],[128.02868,35.17977],[128.02877,35.17968],[128.02886,35.1796],[128.02893,35.17955],[128.02971,35.17893],[128.03084,35.1781],[128.03087,35.17806],[128.03091,35.17799],[128.03093,35.17794],[128.03094,35.1779],[128.03094,35.17788],[128.03093,35.17785],[128.03089,35.17777],[128.0308,35.17765],[128.03007,35.17671],[128.02937,35.17584],[128.02922,35.1757],[128.02894,35.17549],[128.02874,35.17536],[128.02864,35.17531],[128.02858,35.17528],[128.02852,35.17527],[128.0284,35.17525],[128.02834,35.17525],[128.02823,35.17526],[128.02817,35.17527],[128.0281,35.1753],[128.02794,35.17539],[128.02787,35.17544],[128.02782,35.17548],[128.02776,35.17556],[128.02759,35.1758],[128.02745,35.17605],[128.02732,35.17627],[128.02671,35.17729],[128.0266,35.17743],[128.02645,35.1776],[128.0264,35.17766],[128.02635,35.17771],[128.0262,35.17784],[128.02595,35.17807],[128.02582,35.17816],[128.02524,35.17848],[128.0247,35.17875],[128.01791,35.18206],[128.01528,35.18331],[128.01508,35.18338],[128.01426,35.18359],[128.01311,35.18383],[128.01213,35.18399],[128.01096,35.18404],[128.01029,35.18406],[128.00943,35.18406],[128.0085,35.18401],[128.00799,35.18394],[128.00714,35.18368],[128.00675,35.18347],[128.00638,35.18328],[128.00586,35.18295],[128.00537,35.18262],[128.00182,35.1799],[128.00099,35.17895],[127.99916,35.17549],[127.99912,35.17541],[127.99913,35.17534],[127.99919,35.17524],[128.00143,35.17212],[128.00399,35.16931],[128.0041,35.16922],[128.00425,35.1691],[128.00491,35.16851],[128.00524,35.16811],[128.00763,35.16489],[128.00813,35.16415],[128.00924,35.16226],[128.00919,35.16213],[128.00917,35.16208],[128.00912,35.16197],[128.0091,35.16193],[128.00908,35.16191],[128.00902,35.1618],[128.0089,35.16167],[128.00887,35.16164],[128.00876,35.16154],[128.00853,35.16134],[128.00825,35.16111],[128.00777,35.16072],[128.00751,35.16053],[128.00704,35.1602],[128.00626,35.1598],[128.00551,35.15948],[127.99892,35.1573],[127.99705,35.15671],[127.99628,35.1565],[127.99398,35.15612],[127.9931,35.15656],[127.98812,35.15687],[127.98373,35.15663],[127.98227,35.15746],[127.98164,35.15803],[127.98091,35.1586],[127.97996,35.15888],[127.97454,35.15735],[127.97367,35.15683],[127.97262,35.15592],[127.9719,35.15671],[127.97171,35.15691],[127.97146,35.15713],[127.96979,35.15837],[127.96894,35.15888],[127.96836,35.15918],[127.96827,35.15924],[127.96821,35.15931],[127.96818,35.15933],[127.96771,35.16003],[127.96753,35.16036],[127.96714,35.16112],[127.96709,35.16148],[127.96708,35.16158],[127.96707,35.16163],[127.96707,35.1617],[127.96709,35.1618],[127.96719,35.16206],[127.96722,35.16216],[127.96723,35.16224],[127.96722,35.16237],[127.96722,35.1624],[127.96722,35.16244],[127.96715,35.16339],[127.96713,35.16356],[127.96711,35.16369],[127.96709,35.16374],[127.96708,35.16379],[127.96522,35.16705],[127.96215,35.17105],[127.95944,35.17461],[127.959,35.17525],[127.95945,35.17581],[127.95975,35.1762],[127.96092,35.17707],[127.95968,35.17984],[127.95963,35.18374],[127.96045,35.18533],[127.96057,35.18562],[127.96061,35.18582],[127.96061,35.18609],[127.96059,35.18628],[127.96048,35.18655],[127.9602,35.1872],[127.95994,35.18776],[127.95973,35.18793],[127.95945,35.1881],[127.95929,35.18821],[127.95912,35.18838],[127.95906,35.18845],[127.95889,35.18877],[127.95837,35.19029],[127.9583,35.19072],[127.95818,35.1922],[127.95818,35.19267],[127.95821,35.19288],[127.95823,35.19301],[127.95828,35.19309],[127.95832,35.19318],[127.9584,35.19333],[127.95852,35.19347],[127.9588,35.19373],[127.95907,35.19401],[127.95911,35.19406],[127.95924,35.1942],[127.95876,35.19489],[127.95861,35.19508],[127.95792,35.19596],[127.95759,35.19638],[127.95678,35.19731],[127.9566,35.1975],[127.95635,35.19775],[127.95524,35.19851],[127.95508,35.19859],[127.95494,35.19864],[127.95484,35.19866],[127.95457,35.19871],[127.95402,35.19876],[127.95373,35.19882],[127.95362,35.19888],[127.95358,35.19892],[127.95261,35.20031],[127.95258,35.20038],[127.95255,35.20044],[127.95251,35.20057],[127.95252,35.20062],[127.95252,35.20066],[127.95276,35.2025],[127.95282,35.20281],[127.9529,35.20302],[127.95302,35.20322],[127.95313,35.20337],[127.95234,35.20729],[127.9511,35.21004],[127.94875,35.21292],[127.94855,35.21297],[127.9484,35.21301],[127.94792,35.21323],[127.94787,35.21326],[127.94784,35.21328],[127.94747,35.2135],[127.94724,35.2137],[127.94706,35.2139],[127.94696,35.21407],[127.94679,35.21436],[127.94669,35.21455],[127.94661,35.21468],[127.94659,35.21476],[127.94659,35.21482],[127.94658,35.21493],[127.94605,35.21985],[127.94605,35.21989],[127.94623,35.22005],[127.9468,35.22052],[127.94699,35.22064],[127.94745,35.22094],[127.94792,35.22133],[127.94871,35.2221],[127.94899,35.22237],[127.94906,35.22246],[127.94911,35.22252],[127.9492,35.22265],[127.94933,35.2229],[127.94936,35.22305],[127.94936,35.22318],[127.94935,35.22322],[127.94934,35.22326],[127.94883,35.22489],[127.9488,35.22499],[127.94874,35.22517],[127.94806,35.22682],[127.94785,35.22728],[127.94777,35.22736],[127.94744,35.22772],[127.9473,35.22788],[127.94707,35.22838],[127.94675,35.22937],[127.94663,35.22977],[127.94656,35.23006],[127.94655,35.23015],[127.94644,35.23071],[127.94629,35.2317],[127.94553,35.23703],[127.94544,35.23825],[127.94543,35.23848],[127.94545,35.23869],[127.94556,35.23928],[127.94563,35.23963],[127.94571,35.23989],[127.94579,35.24012],[127.94582,35.24019],[127.94585,35.24029],[127.94588,35.24033],[127.94593,35.24043],[127.94599,35.24051],[127.94605,35.24057],[127.94616,35.24068],[127.94628,35.24081],[127.9465,35.241],[127.94667,35.24112],[127.94739,35.24145],[127.95399,35.24275],[127.95458,35.24289],[127.95631,35.24338],[127.96628,35.24623],[127.96667,35.24637],[127.96712,35.24657],[127.96738,35.24674],[127.96773,35.247],[127.96802,35.24726],[127.9683,35.24753],[127.96853,35.24782],[127.96869,35.24807],[127.96921,35.24922],[127.96997,35.25135],[127.97036,35.25104],[127.97063,35.25078],[127.97084,35.25057],[127.97097,35.25038],[127.97109,35.25008],[127.97118,35.24979],[127.97135,35.24949],[127.9716,35.24907],[127.9717,35.24897],[127.97177,35.24891],[127.97194,35.24884],[127.97226,35.24875],[127.97274,35.24862],[127.97283,35.2486],[127.97368,35.24787],[127.97594,35.24623],[127.97602,35.24619],[127.9761,35.24612],[127.97671,35.24541],[127.97677,35.24532],[127.9769,35.24514],[127.97692,35.24503],[127.97696,35.24472],[127.97699,35.24442],[127.97699,35.24412],[127.977,35.24379],[127.97787,35.24269],[127.98076,35.23978],[127.98293,35.23794],[127.98444,35.23686],[127.98452,35.23681],[127.98458,35.23678],[127.98468,35.23676],[127.98477,35.23677],[127.98504,35.23686],[127.98541,35.237],[127.98578,35.23716],[127.98616,35.23732],[127.98632,35.23738],[127.98652,35.23735],[127.98778,35.23703],[127.99034,35.23623],[127.99048,35.23618],[127.99064,35.2361],[127.99084,35.236],[127.99105,35.23586],[127.99109,35.23583],[127.9911,35.23579],[127.99126,35.23489],[127.99125,35.23484],[127.99073,35.23332],[127.99039,35.23254],[127.99028,35.23235],[127.99008,35.23183],[127.99006,35.23176],[127.99007,35.23171],[127.99049,35.23041],[127.99108,35.2283],[127.9911,35.22819],[127.99112,35.22807],[127.99111,35.22796],[127.99107,35.22782],[127.99036,35.22649],[127.99025,35.22631],[127.99004,35.22601],[127.99055,35.22241],[127.99057,35.22237],[127.99105,35.22105],[127.99106,35.22098],[127.99105,35.22092],[127.99102,35.22083],[127.99088,35.22059],[127.99068,35.22031],[127.99038,35.21996],[127.98885,35.21768],[127.98867,35.21661],[127.9887,35.21535],[127.98872,35.21508],[127.98876,35.21483],[127.98878,35.21473],[127.98885,35.21464],[127.98925,35.21421],[127.98955,35.21393],[127.9897,35.21379],[127.99429,35.21121],[127.99448,35.21112],[127.99472,35.211],[127.99493,35.21093],[127.99504,35.21091],[127.99518,35.21092],[127.9955,35.21097],[127.99605,35.21107],[127.99641,35.21115],[127.99881,35.20965],[127.99884,35.20954],[127.99943,35.20837],[128.0005,35.20676],[128.00058,35.20664],[128.00073,35.20654],[128.00078,35.20653],[128.00087,35.20654],[128.00128,35.20669],[128.0022,35.20684],[128.00334,35.20682],[128.00377,35.20681],[128.00384,35.20677],[128.00441,35.20627],[128.00459,35.20608],[128.00475,35.20587],[128.00493,35.20553],[128.00528,35.20491],[128.0055,35.20458],[128.00558,35.2045],[128.00666,35.20361],[128.00681,35.20351],[128.00705,35.20338],[128.00846,35.20282],[128.00963,35.20247],[128.01257,35.2016],[128.01873,35.20014],[128.01887,35.20014],[128.01907,35.20018],[128.01924,35.20027],[128.01926,35.2003]]]]}},{"type":"Feature","properties":{"code":"48170460","name":"수곡면","parent":"48170"},"geometry":{"type":"MultiPolygon","coordinates":[[[[127.94739,35.24145],[127.94667,35.24112],[127.9465,35.241],[127.94628,35.24081],[127.94616,35.24068],[127.94605,35.24057],[127.94599,35.24051],[127.94593,35.24043],[127.94588,35.24033],[127.94585,35.24029],[127.94582,35.24019],[127.94579,35.24012],[127.94571,35.23989],[127.94563,35.23963],[127.94556,35.23928],[127.94545,35.23869],[127.94543,35.23848],[127.94544,35.23825],[127.94553,35.23703],[127.94629,35.2317],[127.94644,35.23071],[127.94655,35.23015],[127.94656,35.23006],[127.94663,35.22977],[127.94675,35.22937],[127.94707,35.22838],[127.9473,35.22788],[127.94744,35.22772],[127.94777,35.22736],[127.94785,35.22728],[127.94806,35.22682],[127.94874,35.22517],[127.9488,35.22499],[127.94883,35.22489],[127.94934,35.22326],[127.94935,35.22322],[127.94936,35.22318],[127.94936,35.22305],[127.94933,35.2229],[127.9492,35.22265],[127.94911,35.22252],[127.94906,35.22246],[127.94899,35.22237],[127.94871,35.2221],[127.94792,35.22133],[127.94745,35.22094],[127.94699,35.22064],[127.9468,35.22052],[127.94623,35.22005],[127.94605,35.21989],[127.94605,35.21985],[127.94658,35.21493],[127.94659,35.21482],[127.94659,35.21476],[127.94661,35.21468],[127.94669,35.21455],[127.94679,35.21436],[127.94696,35.21407],[127.94706,35.2139],[127.94724,35.2137],[127.94747,35.2135],[127.94784,35.21328],[127.94787,35.21326],[127.94792,35.21323],[127.9484,35.21301],[127.94855,35.21297],[127.94875,35.21292],[127.9511,35.21004],[127.95234,35.20729],[127.95313,35.20337],[127.95302,35.20322],[127.9529,35.20302],[127.95282,35.20281],[127.95276,35.2025],[127.95252,35.20066],[127.95252,35.20062],[127.95251,35.20057],[127.95255,35.20044],[127.95258,35.20038],[127.95261,35.20031],[127.95358,35.19892],[127.95362,35.19888],[127.95373,35.19882],[127.95402,35.19876],[127.95457,35.19871],[127.95484,35.19866],[127.95494,35.19864],[127.95508,35.19859],[127.95524,35.19851],[127.95635,35.19775],[127.9566,35.1975],[127.95678,35.19731],[127.95759,35.19638],[127.95792,35.19596],[127.95861,35.19508],[127.95876,35.19489],[127.95924,35.1942],[127.95911,35.19406],[127.95907,35.19401],[127.9588,35.19373],[127.95852,35.19347],[127.9584,35.19333],[127.95832,35.19318],[127.95828,35.19309],[127.95823,35.19301],[127.95821,35.19288],[127.95818,35.19267],[127.95818,35.1922],[127.9583,35.19072],[127.95837,35.19029],[127.95889,35.18877],[127.95906,35.18845],[127.95912,35.18838],[127.95929,35.18821],[127.95945,35.1881],[127.95973,35.18793],[127.95994,35.18776],[127.9602,35.1872],[127.96048,35.18655],[127.96059,35.18628],[127.96061,35.18609],[127.96061,35.18582],[127.96057,35.18562],[127.96045,35.18533],[127.95963,35.18374],[127.95968,35.17984],[127.96092,35.17707],[127.95975,35.1762],[127.95945,35.17581],[127.959,35.17525],[127.95944,35.17461],[127.96215,35.17105],[127.96522,35.16705],[127.96708,35.16379],[127.96709,35.16374],[127.96711,35.16369],[127.96713,35.16356],[127.96715,35.16339],[127.96722,35.16244],[127.96722,35.1624],[127.96722,35.16237],[127.96723,35.16224],[127.96722,35.16216],[127.96719,35.16206],[127.96709,35.1618],[127.96707,35.1617],[127.96707,35.16163],[127.96708,35.16158],[127.96709,35.16148],[127.96714,35.16112],[127.96753,35.16036],[127.96771,35.16003],[127.96818,35.15933],[127.96821,35.15931],[127.96827,35.15924],[127.96836,35.15918],[127.96894,35.15888],[127.96979,35.15837],[127.97146,35.15713],[127.97171,35.15691],[127.9719,35.15671],[127.97262,35.15592],[127.97275,35.1551],[127.97241,35.15423],[127.97198,35.1539],[127.97188,35.15382],[127.97129,35.15346],[127.96608,35.15422],[127.96602,35.15426],[127.96596,35.15432],[127.96563,35.15459],[127.96538,35.1551],[127.96526,35.15534],[127.96511,35.15655],[127.96483,35.15719],[127.9646,35.15732],[127.96408,35.15761],[127.96218,35.15782],[127.96059,35.15783],[127.95696,35.15749],[127.95471,35.15634],[127.95342,35.15545],[127.9517,35.15469],[127.95009,35.15444],[127.94549,35.15495],[127.9436,35.15527],[127.94276,35.15549],[127.9426,35.15554],[127.94252,35.15556],[127.9424,35.15559],[127.9404,35.15613],[127.93697,35.15821],[127.93681,35.15855],[127.93669,35.15878],[127.93661,35.15895],[127.93647,35.16031],[127.93674,35.16178],[127.93721,35.16257],[127.93855,35.16436],[127.93933,35.16524],[127.93957,35.16551],[127.93983,35.16599],[127.93989,35.16635],[127.93973,35.16701],[127.93948,35.16754],[127.93832,35.16922],[127.93784,35.1697],[127.93742,35.16996],[127.93663,35.17045],[127.93594,35.17085],[127.92901,35.17451],[127.92765,35.17517],[127.92295,35.17797],[127.92127,35.17926],[127.92036,35.17991],[127.91958,35.18042],[127.91767,35.18131],[127.91209,35.18313],[127.91039,35.18337],[127.90974,35.18353],[127.90808,35.18431],[127.90803,35.18434],[127.908,35.18436],[127.90747,35.18472],[127.90719,35.18492],[127.90599,35.18597],[127.90443,35.18738],[127.90384,35.1879],[127.90361,35.18811],[127.90245,35.18942],[127.90213,35.18991],[127.9016,35.19073],[127.9008,35.19182],[127.89872,35.19383],[127.89749,35.19492],[127.89713,35.19511],[127.89588,35.19542],[127.89546,35.19553],[127.89455,35.19594],[127.89373,35.19661],[127.89347,35.19689],[127.89327,35.19742],[127.89317,35.19785],[127.89307,35.19831],[127.893,35.19931],[127.89309,35.19974],[127.8936,35.20119],[127.89416,35.20277],[127.89496,35.20512],[127.89503,35.20545],[127.89504,35.20634],[127.89501,35.2072],[127.89483,35.20803],[127.89446,35.20942],[127.89415,35.21016],[127.8939,35.21062],[127.89363,35.21082],[127.89197,35.21169],[127.89148,35.21192],[127.89059,35.21236],[127.89048,35.21242],[127.88952,35.2129],[127.88893,35.2132],[127.88855,35.21345],[127.88811,35.21427],[127.88795,35.21466],[127.88792,35.21473],[127.8878,35.2153],[127.88776,35.21554],[127.88793,35.21679],[127.88824,35.2178],[127.88894,35.22014],[127.88901,35.22036],[127.88951,35.22175],[127.89006,35.22337],[127.89016,35.22378],[127.89027,35.22424],[127.89032,35.22649],[127.89419,35.22626],[127.89503,35.22625],[127.8951,35.22626],[127.89595,35.2265],[127.89708,35.22717],[127.89767,35.22746],[127.89804,35.22748],[127.89947,35.22683],[127.89973,35.2267],[127.89982,35.22666],[127.90155,35.22555],[127.90166,35.22546],[127.90178,35.22533],[127.90189,35.2252],[127.90216,35.22487],[127.90226,35.2247],[127.90246,35.22433],[127.9026,35.22417],[127.90288,35.22397],[127.90332,35.22371],[127.90509,35.2227],[127.90521,35.22264],[127.90537,35.2226],[127.90546,35.22258],[127.90555,35.22257],[127.90568,35.22258],[127.90588,35.22262],[127.90619,35.22271],[127.90644,35.2228],[127.90845,35.22365],[127.90863,35.22376],[127.90885,35.22393],[127.90899,35.22406],[127.90912,35.2242],[127.90943,35.22459],[127.91018,35.22556],[127.91041,35.22593],[127.91055,35.22619],[127.9107,35.22661],[127.91098,35.22746],[127.91098,35.22752],[127.91097,35.22759],[127.91063,35.22893],[127.91027,35.22996],[127.91026,35.23001],[127.91026,35.23007],[127.91027,35.23017],[127.91032,35.23037],[127.91065,35.23114],[127.91102,35.23281],[127.91178,35.23724],[127.91178,35.23727],[127.91178,35.23731],[127.91175,35.23736],[127.9115,35.2378],[127.9113,35.2381],[127.9111,35.23851],[127.91096,35.23881],[127.91097,35.23885],[127.91178,35.24099],[127.91189,35.24123],[127.91306,35.24365],[127.91568,35.24713],[127.91953,35.25137],[127.91956,35.2514],[127.91993,35.25165],[127.92018,35.2518],[127.92033,35.25187],[127.9212,35.25223],[127.9215,35.25234],[127.92155,35.25233],[127.9222,35.25216],[127.92239,35.25211],[127.92244,35.25209],[127.92265,35.25197],[127.92278,35.25188],[127.92284,35.25182],[127.92292,35.25173],[127.92306,35.25157],[127.92475,35.24922],[127.92674,35.24983],[127.92712,35.24995],[127.92728,35.24999],[127.92754,35.25005],[127.92839,35.25019],[127.92858,35.25022],[127.93219,35.25071],[127.93239,35.25072],[127.93251,35.25071],[127.93272,35.25067],[127.9345,35.25036],[127.93805,35.24965],[127.93809,35.24963],[127.93823,35.24954],[127.93834,35.24944],[127.93839,35.24937],[127.939,35.24848],[127.93913,35.24802],[127.93919,35.2478],[127.93925,35.24765],[127.93928,35.24759],[127.93935,35.2475],[127.93958,35.24734],[127.9398,35.24718],[127.94034,35.24688],[127.9423,35.24585],[127.94393,35.24544],[127.94414,35.24545],[127.94429,35.24544],[127.94448,35.24541],[127.94464,35.24536],[127.94483,35.24529],[127.94497,35.2452],[127.9452,35.24505],[127.94534,35.24494],[127.94679,35.24354],[127.94683,35.24349],[127.94693,35.24334],[127.94695,35.24326],[127.94707,35.24279],[127.94739,35.24145]]]]}},{"type":"Feature","properties":{"code":"48170673","name":"상대동","parent":"48170"},"geometry":{"type":"MultiPolygon","coordinates":[[[[128.13062,35.18489],[128.13169,35.17918],[128.13123,35.17837],[128.11234,35.17759],[128.11228,35.17866],[128.10011,35.17821],[128.10003,35.17918],[128.09945,35.18014],[128.09879,35.18125],[128.09813,35.18219],[128.09708,35.18369],[128.09604,35.18518],[128.09581,35.18548],[128.09514,35.18633],[128.09484,35.18671],[128.09555,35.18725],[128.09603,35.18939],[128.09746,35.19124],[128.10073,35.19138],[128.1024,35.19083],[128.10493,35.18843],[128.10569,35.18777],[128.10582,35.18766],[128.10596,35.18758],[128.10612,35.18751],[128.10631,35.18744],[128.10714,35.18726],[128.1105,35.18671],[128.11061,35.18671],[128.11068,35.18671],[128.11168,35.18675],[128.1123,35.18724],[128.11325,35.18796],[128.11379,35.18827],[128.11415,35.18841],[128.11433,35.18845],[128.11522,35.1886],[128.11553,35.1886],[128.11951,35.18875],[128.11965,35.18686],[128.11973,35.18552],[128.12763,35.18585],[128.1277,35.1848],[128.12782,35.18479],[128.13062,35.18489]]]]}},{"type":"Feature","properties":{"code":"48170678","name":"하대동","parent":"48170"},"geometry":{"type":"MultiPolygon","coordinates":[[[[128.13032,35.19573],[128.13049,35.19504],[128.1306,35.19455],[128.13096,35.19217],[128.13126,35.18869],[128.13124,35.18856],[128.1312,35.18815],[128.13109,35.18719],[128.13071,35.18601],[128.13062,35.18489],[128.12782,35.18479],[128.1277,35.1848],[128.12763,35.18585],[128.11973,35.18552],[128.11965,35.18686],[128.11951,35.18875],[128.11553,35.1886],[128.11522,35.1886],[128.11433,35.18845],[128.11415,35.18841],[128.11379,35.18827],[128.11325,35.18796],[128.1123,35.18724],[128.11168,35.18675],[128.11068,35.18671],[128.11061,35.18671],[128.1105,35.18671],[128.10714,35.18726],[128.10631,35.18744],[128.10612,35.18751],[128.10596,35.18758],[128.10582,35.18766],[128.10569,35.18777],[128.10493,35.18843],[128.1024,35.19083],[128.10073,35.19138],[128.09746,35.19124],[128.09717,35.19148],[128.09752,35.19177],[128.09804,35.19217],[128.09938,35.19228],[128.10004,35.19234],[128.09974,35.19399],[128.09924,35.1951],[128.09824,35.1954],[128.09853,35.19601],[128.09868,35.19633],[128.09896,35.19659],[128.09924,35.19635],[128.09981,35.19618],[128.10061,35.19628],[128.10114,35.19635],[128.10126,35.19641],[128.10247,35.19707],[128.10362,35.19764],[128.10374,35.19769],[128.10449,35.19802],[128.10484,35.19813],[128.1051,35.1982],[128.10542,35.19829],[128.10592,35.19823],[128.10691,35.19781],[128.10832,35.19829],[128.11131,35.19757],[128.11249,35.19703],[128.1128,35.19692],[128.1131,35.19681],[128.11331,35.19674],[128.1135,35.19668],[128.1144,35.19644],[128.11504,35.19628],[128.11555,35.19624],[128.11967,35.19606],[128.12453,35.19577],[128.12679,35.19471],[128.12713,35.1944],[128.12725,35.19429],[128.13032,35.19573]]]]}},{"type":"Feature","properties":{"code":"48170680","name":"상평동","parent":"48170"},"geometry":{"type":"MultiPolygon","coordinates":[[[[128.13078,35.17481],[128.1294,35.17358],[128.12674,35.17111],[128.12333,35.16828],[128.12306,35.16809],[128.12261,35.16795],[128.11872,35.16692],[128.11831,35.16695],[128.11383,35.16729],[128.10909,35.16787],[128.10731,35.16809],[128.10489,35.1684],[128.10247,35.1691],[128.1011,35.16955],[128.10023,35.16984],[128.10015,35.16987],[128.09958,35.17055],[128.09851,35.17185],[128.09857,35.17411],[128.09933,35.17805],[128.10011,35.17821],[128.11228,35.17866],[128.11234,35.17759],[128.13123,35.17837],[128.13169,35.17918],[128.13183,35.1782],[128.13078,35.17481]]]]}},{"type":"Feature","properties":{"code":"48170695","name":"초장동","parent":"48170"},"geometry":{"type":"MultiPolygon","coordinates":[[[[128.1265,35.21536],[128.12699,35.21362],[128.12888,35.20523],[128.12966,35.20045],[128.12973,35.19963],[128.12998,35.19746],[128.13011,35.19678],[128.13028,35.19591],[128.13031,35.1958],[128.13032,35.19573],[128.12725,35.19429],[128.12713,35.1944],[128.12679,35.19471],[128.12453,35.19577],[128.11967,35.19606],[128.11555,35.19624],[128.11504,35.19628],[128.1144,35.19644],[128.1135,35.19668],[128.11331,35.19674],[128.1131,35.19681],[128.1128,35.19692],[128.11249,35.19703],[128.11131,35.19757],[128.10832,35.19829],[128.10691,35.19781],[128.10592,35.19823],[128.10542,35.19829],[128.1051,35.1982],[128.10484,35.19813],[128.10449,35.19802],[128.10374,35.19769],[128.10362,35.19764],[128.10247,35.19707],[128.10126,35.19641],[128.10114,35.19635],[128.10061,35.19628],[128.09981,35.19618],[128.09924,35.19635],[128.09896,35.19659],[128.09831,35.20006],[128.09701,35.20096],[128.09535,35.20056],[128.09514,35.2005],[128.09491,35.20045],[128.09455,35.20043],[128.09437,35.20043],[128.0943,35.20043],[128.08855,35.20132],[128.08541,35.20258],[128.08527,35.20305],[128.0865,35.205],[128.08178,35.20386],[128.08184,35.20451],[128.08258,35.20635],[128.08265,35.20638],[128.08271,35.20644],[128.08306,35.20749],[128.08306,35.20759],[128.08298,35.20812],[128.08274,35.20876],[128.0825,35.20924],[128.08242,35.2093],[128.07923,35.21072],[128.07639,35.21095],[128.07622,35.21095],[128.07599,35.21091],[128.07561,35.21083],[128.07102,35.2098],[128.07094,35.20999],[128.0704,35.21149],[128.0704,35.21154],[128.07042,35.21156],[128.07079,35.21166],[128.07121,35.21171],[128.07133,35.21175],[128.07144,35.21182],[128.07154,35.21191],[128.07159,35.21199],[128.07161,35.21203],[128.07193,35.21274],[128.07194,35.2128],[128.07197,35.21287],[128.07198,35.21302],[128.072,35.21377],[128.072,35.21383],[128.07136,35.21867],[128.07134,35.21875],[128.07131,35.21884],[128.07124,35.21898],[128.0712,35.21904],[128.07099,35.21927],[128.07064,35.21956],[128.07033,35.2198],[128.07021,35.21993],[128.07009,35.22006],[128.06994,35.22028],[128.06978,35.22062],[128.06974,35.22073],[128.06973,35.22077],[128.06972,35.22081],[128.06973,35.22087],[128.06976,35.22092],[128.07261,35.22497],[128.07407,35.22634],[128.07413,35.22639],[128.07786,35.22728],[128.07796,35.22727],[128.07817,35.22724],[128.07862,35.22714],[128.07898,35.22704],[128.07916,35.22697],[128.07922,35.22694],[128.07947,35.22679],[128.07959,35.2267],[128.07963,35.22666],[128.07976,35.22652],[128.07993,35.22627],[128.08008,35.22608],[128.08026,35.22591],[128.08115,35.22514],[128.0813,35.22504],[128.08247,35.22464],[128.08309,35.22468],[128.08444,35.22498],[128.08448,35.22499],[128.08451,35.22504],[128.08456,35.22517],[128.08466,35.22545],[128.08474,35.22576],[128.08477,35.22605],[128.08479,35.22636],[128.08481,35.22658],[128.08492,35.22837],[128.08493,35.2294],[128.08503,35.23011],[128.08506,35.23028],[128.0851,35.2304],[128.08518,35.23053],[128.08545,35.23091],[128.0855,35.23095],[128.08554,35.23096],[128.08557,35.23098],[128.08562,35.23098],[128.08568,35.23097],[128.08629,35.23075],[128.08678,35.23082],[128.08692,35.23082],[128.08849,35.2305],[128.09445,35.22908],[128.10084,35.223],[128.10097,35.22263],[128.10129,35.22181],[128.10134,35.2217],[128.10257,35.22009],[128.10268,35.22001],[128.10364,35.21938],[128.10381,35.21928],[128.10408,35.21916],[128.10424,35.21912],[128.10447,35.21908],[128.10477,35.21906],[128.10511,35.2191],[128.1058,35.21925],[128.10719,35.21956],[128.10733,35.21958],[128.10751,35.2196],[128.10883,35.21973],[128.10892,35.21972],[128.10931,35.21958],[128.10944,35.21952],[128.10956,35.21946],[128.10976,35.21934],[128.10983,35.21927],[128.10994,35.21911],[128.11007,35.21892],[128.11014,35.21871],[128.11023,35.21846],[128.11031,35.21832],[128.11036,35.21827],[128.11122,35.21729],[128.11142,35.2172],[128.11168,35.21706],[128.11179,35.21701],[128.11327,35.21639],[128.11365,35.21626],[128.11385,35.2162],[128.114,35.21615],[128.11429,35.21607],[128.11437,35.21605],[128.11545,35.21576],[128.11807,35.21506],[128.1185,35.21496],[128.11855,35.21495],[128.11859,35.21494],[128.11865,35.21493],[128.11896,35.21487],[128.11902,35.21486],[128.11906,35.21486],[128.1191,35.21485],[128.11919,35.21485],[128.11932,35.21485],[128.11937,35.21486],[128.11947,35.21487],[128.12033,35.21498],[128.12121,35.21509],[128.12282,35.21527],[128.1241,35.21538],[128.12566,35.21537],[128.1265,35.21536]]]]}},{"type":"Feature","properties":{"code":"48170710","name":"평거동","parent":"48170"},"geometry":{"type":"MultiPolygon","coordinates":[[[[128.07325,35.17652],[128.07286,35.17513],[128.07263,35.17464],[128.07222,35.17378],[128.07104,35.17224],[128.06985,35.1709],[128.06974,35.17076],[128.06541,35.16769],[128.06159,35.1653],[128.05586,35.17115],[128.05453,35.17251],[128.05308,35.17366],[128.05154,35.17454],[128.05092,35.17477],[128.05073,35.17484],[128.05131,35.18115],[128.05192,35.18142],[128.05687,35.18267],[128.0602,35.18328],[128.06429,35.18396],[128.06438,35.18408],[128.06445,35.18419],[128.06503,35.18512],[128.06508,35.18545],[128.06718,35.18438],[128.06852,35.18453],[128.06844,35.18435],[128.0667,35.18191],[128.06553,35.18028],[128.06585,35.18012],[128.06675,35.17967],[128.07047,35.17785],[128.07055,35.17781],[128.07157,35.17731],[128.07325,35.17652]]]]}},{"type":"Feature","properties":{"code":"48170715","name":"신안동","parent":"48170"},"geometry":{"type":"MultiPolygon","coordinates":[[[[128.07827,35.18632],[128.07658,35.18487],[128.07609,35.18445],[128.07562,35.18356],[128.07395,35.18042],[128.07376,35.18008],[128.07454,35.18004],[128.07325,35.17652],[128.07157,35.17731],[128.07055,35.17781],[128.07047,35.17785],[128.06675,35.17967],[128.06585,35.18012],[128.06553,35.18028],[128.0667,35.18191],[128.06844,35.18435],[128.06852,35.18453],[128.06718,35.18438],[128.06508,35.18545],[128.06506,35.18548],[128.06488,35.18593],[128.06409,35.18782],[128.0637,35.18878],[128.06335,35.18962],[128.06615,35.19035],[128.06929,35.19136],[128.06932,35.19134],[128.06988,35.19087],[128.07,35.19077],[128.07096,35.18982],[128.07101,35.18977],[128.07164,35.18912],[128.07167,35.18909],[128.07174,35.18902],[128.07188,35.18865],[128.07199,35.18837],[128.07207,35.18815],[128.07313,35.18723],[128.07402,35.18697],[128.07462,35.1868],[128.07827,35.18632]]]]}},{"type":"Feature","properties":{"code":"48170720","name":"이현동","parent":"48170"},"geometry":{"type":"MultiPolygon","coordinates":[[[[128.05036,35.21264],[128.05355,35.21026],[128.05418,35.20961],[128.05444,35.20938],[128.05503,35.20947],[128.05617,35.2098],[128.05842,35.2106],[128.06029,35.21144],[128.06176,35.21168],[128.06252,35.21177],[128.06261,35.21176],[128.06277,35.21174],[128.06308,35.21162],[128.06419,35.21099],[128.06503,35.2102],[128.0657,35.20945],[128.06609,35.20901],[128.06581,35.2091],[128.0643,35.20907],[128.06367,35.20878],[128.06187,35.2066],[128.06181,35.20483],[128.06201,35.20044],[128.06217,35.19895],[128.06626,35.19708],[128.06682,35.197],[128.06735,35.19718],[128.06746,35.19724],[128.06784,35.19745],[128.06822,35.19747],[128.06827,35.19711],[128.06828,35.19694],[128.06824,35.19587],[128.0681,35.1943],[128.06929,35.19136],[128.06615,35.19035],[128.06335,35.18962],[128.0637,35.18878],[128.06409,35.18782],[128.06488,35.18593],[128.06506,35.18548],[128.06508,35.18545],[128.06503,35.18512],[128.06445,35.18419],[128.06438,35.18408],[128.06429,35.18396],[128.0602,35.18328],[128.05687,35.18267],[128.05192,35.18142],[128.05131,35.18151],[128.05077,35.18162],[128.05057,35.18181],[128.04994,35.18243],[128.04982,35.18258],[128.04981,35.1828],[128.04991,35.18309],[128.0502,35.1838],[128.05028,35.18391],[128.05077,35.18454],[128.05082,35.1846],[128.05098,35.18478],[128.05112,35.1849],[128.05127,35.185],[128.05137,35.18503],[128.05149,35.18504],[128.05169,35.18505],[128.0519,35.18514],[128.05265,35.18547],[128.05407,35.18649],[128.05353,35.18714],[128.05247,35.18819],[128.05192,35.18867],[128.05167,35.18878],[128.0516,35.18875],[128.05134,35.18858],[128.05109,35.1884],[128.05099,35.18835],[128.05091,35.18835],[128.05087,35.18835],[128.05066,35.18847],[128.0505,35.18858],[128.05027,35.18872],[128.04841,35.18994],[128.0483,35.19003],[128.04824,35.19007],[128.04383,35.19397],[128.04363,35.19426],[128.04357,35.19433],[128.0435,35.19444],[128.04303,35.19534],[128.04299,35.19557],[128.04299,35.19623],[128.04299,35.19672],[128.04289,35.19723],[128.04154,35.19978],[128.03969,35.20284],[128.03772,35.20564],[128.03771,35.20567],[128.03831,35.20597],[128.03882,35.20619],[128.03907,35.20626],[128.03924,35.20627],[128.03963,35.20627],[128.0404,35.20641],[128.04058,35.20654],[128.04123,35.20767],[128.04122,35.20783],[128.0404,35.21005],[128.04021,35.21053],[128.04221,35.21129],[128.04428,35.21103],[128.04651,35.21109],[128.04789,35.21158],[128.04786,35.21187],[128.04786,35.21207],[128.04788,35.21244],[128.04789,35.21249],[128.04789,35.21252],[128.04797,35.21283],[128.048,35.2129],[128.04802,35.21296],[128.04805,35.213],[128.04808,35.21304],[128.04811,35.21307],[128.04815,35.2131],[128.0482,35.21312],[128.04828,35.21315],[128.04854,35.21322],[128.04881,35.21327],[128.04899,35.21329],[128.04907,35.21329],[128.04918,35.21326],[128.04933,35.21321],[128.0497,35.21304],[128.04973,35.21302],[128.04981,35.21297],[128.05004,35.21283],[128.05036,35.21264]]]]}},{"type":"Feature","properties":{"code":"48170730","name":"판문동","parent":"48170"},"geometry":{"type":"MultiPolygon","coordinates":[[[[128.05192,35.18142],[128.05131,35.18115],[128.05073,35.17484],[128.05092,35.17477],[128.05154,35.17454],[128.05308,35.17366],[128.05453,35.17251],[128.05586,35.17115],[128.06159,35.1653],[128.05783,35.16318],[128.05677,35.16253],[128.05498,35.16147],[128.05428,35.16107],[128.05397,35.1609],[128.05337,35.16061],[128.05283,35.1604],[128.04945,35.15932],[128.04757,35.15896],[128.0465,35.15896],[128.04625,35.15896],[128.04269,35.15923],[128.04255,35.15924],[128.04237,35.15926],[128.0418,35.15935],[128.04167,35.15938],[128.04148,35.15942],[128.04119,35.15949],[128.04084,35.1596],[128.04057,35.15968],[128.03874,35.16037],[128.03803,35.16066],[128.03675,35.16122],[128.03664,35.16127],[128.03643,35.16139],[128.03611,35.16159],[128.03593,35.16171],[128.03518,35.16233],[128.03464,35.1629],[128.03448,35.16309],[128.03433,35.16328],[128.03408,35.16361],[128.03375,35.16409],[128.03323,35.16467],[128.03292,35.16497],[128.03256,35.16526],[128.03222,35.16549],[128.03182,35.16574],[128.0315,35.16592],[128.03097,35.1662],[128.03071,35.16632],[128.03048,35.1664],[128.03029,35.16645],[128.02987,35.1665],[128.02959,35.16652],[128.02939,35.16652],[128.02931,35.16652],[128.02897,35.1665],[128.02884,35.16649],[128.02863,35.16644],[128.0282,35.16634],[128.02756,35.16614],[128.02684,35.16588],[128.02624,35.16564],[128.026,35.16549],[128.02533,35.16506],[128.02496,35.16478],[128.02448,35.16442],[128.02392,35.1639],[128.02359,35.16356],[128.02286,35.16269],[128.02248,35.16212],[128.02165,35.16079],[128.02106,35.15983],[128.02076,35.15932],[128.02048,35.15882],[128.01984,35.15761],[128.01933,35.15659],[128.01913,35.15627],[128.01891,35.15591],[128.0186,35.1557],[128.0183,35.15557],[128.01789,35.15546],[128.01734,35.15536],[128.01652,35.15528],[128.01622,35.15528],[128.01575,35.15531],[128.0151,35.15537],[128.01437,35.15548],[128.01399,35.15557],[128.01377,35.15565],[128.0136,35.15572],[128.01343,35.15584],[128.01322,35.15601],[128.013,35.15626],[128.01287,35.15646],[128.0127,35.15675],[128.01152,35.15884],[128.01145,35.15899],[128.01141,35.15915],[128.01128,35.15976],[128.01127,35.15986],[128.01125,35.16],[128.01126,35.16027],[128.01127,35.16046],[128.01131,35.16063],[128.01134,35.16072],[128.01135,35.16076],[128.01137,35.1608],[128.01144,35.16091],[128.01151,35.16103],[128.01152,35.16107],[128.01153,35.1611],[128.01155,35.16141],[128.01155,35.1615],[128.01154,35.16162],[128.01149,35.16175],[128.01142,35.16185],[128.01134,35.16196],[128.01124,35.16207],[128.01109,35.16217],[128.01083,35.16225],[128.01066,35.1623],[128.01049,35.16234],[128.01044,35.16234],[128.01028,35.16235],[128.01019,35.16235],[128.00924,35.16226],[128.00813,35.16415],[128.00763,35.16489],[128.00524,35.16811],[128.00491,35.16851],[128.00425,35.1691],[128.0041,35.16922],[128.00399,35.16931],[128.00143,35.17212],[127.99919,35.17524],[127.99913,35.17534],[127.99912,35.17541],[127.99916,35.17549],[128.00099,35.17895],[128.00182,35.1799],[128.00537,35.18262],[128.00586,35.18295],[128.00638,35.18328],[128.00675,35.18347],[128.00714,35.18368],[128.00799,35.18394],[128.0085,35.18401],[128.00943,35.18406],[128.01029,35.18406],[128.01096,35.18404],[128.01213,35.18399],[128.01311,35.18383],[128.01426,35.18359],[128.01508,35.18338],[128.01528,35.18331],[128.01791,35.18206],[128.0247,35.17875],[128.02524,35.17848],[128.02582,35.17816],[128.02595,35.17807],[128.0262,35.17784],[128.02635,35.17771],[128.0264,35.17766],[128.02645,35.1776],[128.0266,35.17743],[128.02671,35.17729],[128.02732,35.17627],[128.02745,35.17605],[128.02759,35.1758],[128.02776,35.17556],[128.02782,35.17548],[128.02787,35.17544],[128.02794,35.17539],[128.0281,35.1753],[128.02817,35.17527],[128.02823,35.17526],[128.02834,35.17525],[128.0284,35.17525],[128.02852,35.17527],[128.02858,35.17528],[128.02864,35.17531],[128.02874,35.17536],[128.02894,35.17549],[128.02922,35.1757],[128.02937,35.17584],[128.03007,35.17671],[128.0308,35.17765],[128.03089,35.17777],[128.03093,35.17785],[128.03094,35.17788],[128.03094,35.1779],[128.03093,35.17794],[128.03091,35.17799],[128.03087,35.17806],[128.03084,35.1781],[128.02971,35.17893],[128.02893,35.17955],[128.02886,35.1796],[128.02877,35.17968],[128.02868,35.17977],[128.02857,35.17988],[128.02849,35.17997],[128.02836,35.18013],[128.02828,35.18023],[128.02818,35.18039],[128.0281,35.18052],[128.02797,35.18074],[128.02763,35.18134],[128.02759,35.18142],[128.02752,35.18158],[128.0275,35.18167],[128.02749,35.18172],[128.02748,35.18176],[128.02732,35.18413],[128.02711,35.18676],[128.02566,35.19135],[128.02564,35.19138],[128.02561,35.19141],[128.02557,35.19144],[128.02378,35.1925],[128.02275,35.19289],[128.02121,35.19531],[128.02136,35.19564],[128.02143,35.19606],[128.02144,35.1963],[128.02142,35.19647],[128.02092,35.19824],[128.02085,35.19836],[128.02068,35.19872],[128.02003,35.19992],[128.01993,35.20006],[128.01984,35.20012],[128.0197,35.20016],[128.01926,35.2003],[128.0213,35.20231],[128.02191,35.20352],[128.02204,35.20378],[128.02247,35.20477],[128.02256,35.205],[128.02261,35.20529],[128.02259,35.20574],[128.02256,35.20581],[128.0225,35.20591],[128.02253,35.20723],[128.02768,35.20705],[128.02815,35.20685],[128.02877,35.20649],[128.02883,35.20644],[128.02893,35.20636],[128.02905,35.20623],[128.02919,35.20606],[128.02924,35.20597],[128.02927,35.20591],[128.02932,35.20588],[128.0301,35.20555],[128.03018,35.20551],[128.03027,35.2055],[128.03042,35.20547],[128.0318,35.20526],[128.03188,35.20525],[128.03196,35.20525],[128.03208,35.20532],[128.03216,35.20539],[128.03307,35.20637],[128.03312,35.20644],[128.03316,35.20652],[128.03319,35.20668],[128.0332,35.20687],[128.0332,35.20701],[128.03319,35.20713],[128.03318,35.20717],[128.03318,35.20721],[128.03318,35.20727],[128.0332,35.20733],[128.03323,35.20743],[128.03327,35.20752],[128.03332,35.20764],[128.03336,35.2077],[128.03356,35.20798],[128.03366,35.20811],[128.0347,35.20931],[128.03476,35.20935],[128.03535,35.2096],[128.03539,35.20962],[128.03844,35.21033],[128.03932,35.21046],[128.03983,35.21053],[128.04021,35.21053],[128.0404,35.21005],[128.04122,35.20783],[128.04123,35.20767],[128.04058,35.20654],[128.0404,35.20641],[128.03963,35.20627],[128.03924,35.20627],[128.03907,35.20626],[128.03882,35.20619],[128.03831,35.20597],[128.03771,35.20567],[128.03772,35.20564],[128.03969,35.20284],[128.04154,35.19978],[128.04289,35.19723],[128.04299,35.19672],[128.04299,35.19623],[128.04299,35.19557],[128.04303,35.19534],[128.0435,35.19444],[128.04357,35.19433],[128.04363,35.19426],[128.04383,35.19397],[128.04824,35.19007],[128.0483,35.19003],[128.04841,35.18994],[128.05027,35.18872],[128.0505,35.18858],[128.05066,35.18847],[128.05087,35.18835],[128.05091,35.18835],[128.05099,35.18835],[128.05109,35.1884],[128.05134,35.18858],[128.0516,35.18875],[128.05167,35.18878],[128.05192,35.18867],[128.05247,35.18819],[128.05353,35.18714],[128.05407,35.18649],[128.05265,35.18547],[128.0519,35.18514],[128.05169,35.18505],[128.05149,35.18504],[128.05137,35.18503],[128.05127,35.185],[128.05112,35.1849],[128.05098,35.18478],[128.05082,35.1846],[128.05077,35.18454],[128.05028,35.18391],[128.0502,35.1838],[128.04991,35.18309],[128.04981,35.1828],[128.04982,35.18258],[128.04994,35.18243],[128.05057,35.18181],[128.05077,35.18162],[128.05131,35.18151],[128.05192,35.18142]]]]}},{"type":"Feature","properties":{"code":"48170740","name":"가호동","parent":"48170"},"geometry":{"type":"MultiPolygon","coordinates":[[[[128.13781,35.16584],[128.13765,35.1644],[128.13729,35.164],[128.1335,35.16075],[128.13141,35.1597],[128.13075,35.15933],[128.13062,35.15924],[128.13055,35.15914],[128.13051,35.15903],[128.13048,35.15897],[128.1299,35.15601],[128.13026,35.15474],[128.13057,35.15412],[128.13086,35.15371],[128.13147,35.15299],[128.13218,35.15207],[128.13268,35.15087],[128.13325,35.14945],[128.13328,35.14932],[128.13331,35.1492],[128.13326,35.14913],[128.13289,35.14895],[128.13178,35.1482],[128.13013,35.14683],[128.13,35.14669],[128.12988,35.14644],[128.12986,35.14621],[128.12968,35.14409],[128.12948,35.14414],[128.12893,35.14416],[128.12888,35.14416],[128.12844,35.14411],[128.12762,35.14377],[128.127,35.14309],[128.12624,35.14309],[128.12522,35.14368],[128.12468,35.14455],[128.12455,35.14519],[128.12447,35.14562],[128.12423,35.14621],[128.12247,35.14625],[128.12229,35.14624],[128.12222,35.14624],[128.12204,35.14622],[128.12198,35.1462],[128.12193,35.14618],[128.1218,35.14609],[128.12169,35.146],[128.12156,35.14585],[128.12147,35.14571],[128.1214,35.14557],[128.12133,35.14542],[128.12117,35.14507],[128.12113,35.14495],[128.12108,35.14482],[128.12104,35.14478],[128.12096,35.14473],[128.12085,35.1447],[128.12076,35.14468],[128.1204,35.14464],[128.12026,35.14463],[128.12013,35.14463],[128.12007,35.14463],[128.11987,35.14467],[128.11971,35.14472],[128.11963,35.14474],[128.11936,35.14483],[128.11629,35.14619],[128.11199,35.14656],[128.10888,35.14473],[128.10874,35.14428],[128.10871,35.14424],[128.10868,35.1442],[128.10819,35.14396],[128.10671,35.14342],[128.1066,35.14339],[128.10653,35.14338],[128.10643,35.14338],[128.10621,35.14341],[128.10161,35.14407],[128.10059,35.14428],[128.09756,35.14496],[128.09611,35.14878],[128.0962,35.15011],[128.09619,35.1502],[128.09443,35.15248],[128.09377,35.15325],[128.09313,35.15342],[128.09262,35.15374],[128.09157,35.15475],[128.09009,35.15659],[128.08996,35.15734],[128.08998,35.15766],[128.09001,35.15791],[128.08959,35.15978],[128.08905,35.16048],[128.0891,35.16112],[128.08912,35.16129],[128.08913,35.16141],[128.09019,35.16387],[128.09223,35.16576],[128.09326,35.16604],[128.09444,35.16637],[128.09978,35.16699],[128.10003,35.16747],[128.1011,35.16955],[128.10247,35.1691],[128.10489,35.1684],[128.10731,35.16809],[128.10909,35.16787],[128.11383,35.16729],[128.11831,35.16695],[128.11872,35.16692],[128.12261,35.16795],[128.12306,35.16809],[128.12333,35.16828],[128.12674,35.17111],[128.1294,35.17358],[128.13078,35.17481],[128.13212,35.17415],[128.13428,35.1731],[128.13576,35.16979],[128.13606,35.169],[128.1362,35.16835],[128.13598,35.16779],[128.13589,35.16753],[128.13586,35.16742],[128.13587,35.16702],[128.13592,35.16597],[128.13598,35.16549],[128.1363,35.16554],[128.13781,35.16584]]]]}},{"type":"Feature","properties":{"code":"48170515","name":"천전동","parent":"48170"},"geometry":{"type":"MultiPolygon","coordinates":[[[[128.09484,35.18671],[128.09514,35.18633],[128.09581,35.18548],[128.09604,35.18518],[128.09708,35.18369],[128.09813,35.18219],[128.09879,35.18125],[128.09945,35.18014],[128.10003,35.17918],[128.10011,35.17821],[128.09933,35.17805],[128.09857,35.17411],[128.09851,35.17185],[128.09958,35.17055],[128.10015,35.16987],[128.10023,35.16984],[128.1011,35.16955],[128.10003,35.16747],[128.09978,35.16699],[128.09444,35.16637],[128.09326,35.16604],[128.09223,35.16576],[128.09019,35.16387],[128.08913,35.16141],[128.08912,35.16129],[128.0891,35.16112],[128.08905,35.16048],[128.08899,35.16191],[128.08896,35.16206],[128.08888,35.16221],[128.08882,35.16226],[128.0887,35.16235],[128.08863,35.1624],[128.08855,35.16242],[128.08485,35.16319],[128.08287,35.16359],[128.07975,35.16374],[128.07807,35.16385],[128.07563,35.16457],[128.07547,35.1651],[128.07529,35.1655],[128.07498,35.16611],[128.0749,35.16624],[128.07476,35.16645],[128.07467,35.16656],[128.07458,35.16663],[128.07449,35.16669],[128.07343,35.16711],[128.0733,35.16713],[128.07322,35.16713],[128.07304,35.16712],[128.07119,35.16683],[128.06974,35.16648],[128.06739,35.16727],[128.06541,35.16769],[128.06974,35.17076],[128.06985,35.1709],[128.07104,35.17224],[128.07222,35.17378],[128.07263,35.17464],[128.07286,35.17513],[128.07325,35.17652],[128.07454,35.18004],[128.07376,35.18008],[128.07395,35.18042],[128.07562,35.18356],[128.07609,35.18445],[128.07658,35.18487],[128.07827,35.18632],[128.07854,35.18661],[128.07931,35.18744],[128.08072,35.18793],[128.08237,35.18851],[128.08297,35.18872],[128.08318,35.18873],[128.08327,35.18873],[128.08376,35.18884],[128.08406,35.18892],[128.08428,35.18897],[128.08591,35.18951],[128.08551,35.19045],[128.08691,35.19049],[128.08745,35.1905],[128.08781,35.1905],[128.08884,35.19049],[128.08892,35.19049],[128.08929,35.19049],[128.08987,35.19042],[128.09196,35.1889],[128.09484,35.18671]]]]}},{"type":"Feature","properties":{"code":"48170555","name":"성북동","parent":"48170"},"geometry":{"type":"MultiPolygon","coordinates":[[[[128.08551,35.19045],[128.08591,35.18951],[128.08428,35.18897],[128.08406,35.18892],[128.08376,35.18884],[128.08327,35.18873],[128.08318,35.18873],[128.08297,35.18872],[128.08237,35.18851],[128.08072,35.18793],[128.07931,35.18744],[128.07854,35.18661],[128.07827,35.18632],[128.07462,35.1868],[128.07402,35.18697],[128.07313,35.18723],[128.07207,35.18815],[128.07199,35.18837],[128.07188,35.18865],[128.07174,35.18902],[128.07167,35.18909],[128.07164,35.18912],[128.07101,35.18977],[128.07096,35.18982],[128.07,35.19077],[128.06988,35.19087],[128.06932,35.19134],[128.06929,35.19136],[128.0681,35.1943],[128.06815,35.19431],[128.06819,35.19432],[128.07086,35.19506],[128.07833,35.19712],[128.07941,35.19779],[128.08048,35.19809],[128.08125,35.1983],[128.08148,35.19766],[128.08233,35.19518],[128.08282,35.19374],[128.08406,35.19046],[128.08413,35.1904],[128.08436,35.1903],[128.08532,35.19039],[128.08551,35.19045]]]]}},{"type":"Feature","properties":{"code":"48170565","name":"중앙동","parent":"48170"},"geometry":{"type":"MultiPolygon","coordinates":[[[[128.09896,35.19659],[128.09868,35.19633],[128.09853,35.19601],[128.09824,35.1954],[128.09924,35.1951],[128.09974,35.19399],[128.10004,35.19234],[128.09938,35.19228],[128.09804,35.19217],[128.09752,35.19177],[128.09717,35.19148],[128.09746,35.19124],[128.09603,35.18939],[128.09555,35.18725],[128.09484,35.18671],[128.09196,35.1889],[128.08987,35.19042],[128.08929,35.19049],[128.08892,35.19049],[128.08884,35.19049],[128.08781,35.1905],[128.08745,35.1905],[128.08691,35.19049],[128.08551,35.19045],[128.08532,35.19039],[128.08436,35.1903],[128.08413,35.1904],[128.08406,35.19046],[128.08282,35.19374],[128.08233,35.19518],[128.08148,35.19766],[128.08125,35.1983],[128.08184,35.19985],[128.08158,35.20349],[128.0816,35.20375],[128.08168,35.20384],[128.08178,35.20386],[128.0865,35.205],[128.08527,35.20305],[128.08541,35.20258],[128.08855,35.20132],[128.0943,35.20043],[128.09437,35.20043],[128.09455,35.20043],[128.09491,35.20045],[128.09514,35.2005],[128.09535,35.20056],[128.09701,35.20096],[128.09831,35.20006],[128.09896,35.19659]]]]}},{"type":"Feature","properties":{"code":"48170595","name":"상봉동","parent":"48170"},"geometry":{"type":"MultiPolygon","coordinates":[[[[128.08178,35.20386],[128.08168,35.20384],[128.0816,35.20375],[128.08158,35.20349],[128.08184,35.19985],[128.08125,35.1983],[128.08048,35.19809],[128.07941,35.19779],[128.07833,35.19712],[128.07086,35.19506],[128.06819,35.19432],[128.06815,35.19431],[128.0681,35.1943],[128.06824,35.19587],[128.06828,35.19694],[128.06827,35.19711],[128.06822,35.19747],[128.06784,35.19745],[128.06746,35.19724],[128.06735,35.19718],[128.06682,35.197],[128.06626,35.19708],[128.06217,35.19895],[128.06201,35.20044],[128.06181,35.20483],[128.06187,35.2066],[128.06367,35.20878],[128.0643,35.20907],[128.06581,35.2091],[128.06609,35.20901],[128.06671,35.2084],[128.06814,35.20758],[128.06851,35.20761],[128.06985,35.20842],[128.07067,35.20898],[128.07084,35.20925],[128.07092,35.20937],[128.07102,35.2098],[128.07561,35.21083],[128.07599,35.21091],[128.07622,35.21095],[128.07639,35.21095],[128.07923,35.21072],[128.08242,35.2093],[128.0825,35.20924],[128.08274,35.20876],[128.08298,35.20812],[128.08306,35.20759],[128.08306,35.20749],[128.08271,35.20644],[128.08265,35.20638],[128.08258,35.20635],[128.08184,35.20451],[128.08178,35.20386]]]]}},{"type":"Feature","properties":{"code":"48170750","name":"충무공동","parent":"48170"},"geometry":{"type":"MultiPolygon","coordinates":[[[[128.15395,35.18058],[128.15645,35.17814],[128.15681,35.1777],[128.15648,35.17691],[128.15631,35.17591],[128.15699,35.17497],[128.15765,35.17435],[128.15847,35.17357],[128.15873,35.17313],[128.15827,35.17242],[128.15787,35.1722],[128.15667,35.17194],[128.15566,35.17183],[128.15529,35.17184],[128.1548,35.17193],[128.15448,35.17208],[128.15387,35.17248],[128.1532,35.17269],[128.15084,35.17224],[128.14963,35.17071],[128.14913,35.1698],[128.14796,35.16938],[128.14187,35.16717],[128.13781,35.16584],[128.1363,35.16554],[128.13598,35.16549],[128.13592,35.16597],[128.13587,35.16702],[128.13586,35.16742],[128.13589,35.16753],[128.13598,35.16779],[128.1362,35.16835],[128.13606,35.169],[128.13576,35.16979],[128.13428,35.1731],[128.13212,35.17415],[128.13078,35.17481],[128.13183,35.1782],[128.13169,35.17918],[128.13062,35.18489],[128.13071,35.18601],[128.13109,35.18719],[128.13391,35.18632],[128.13949,35.18389],[128.13961,35.18382],[128.13998,35.18364],[128.14197,35.18364],[128.14387,35.18386],[128.14423,35.18392],[128.14464,35.18413],[128.1451,35.18437],[128.14635,35.18471],[128.14687,35.18483],[128.14737,35.18492],[128.14836,35.18502],[128.14872,35.18502],[128.15115,35.18493],[128.15139,35.1849],[128.15159,35.18484],[128.15182,35.18473],[128.15214,35.18445],[128.15321,35.18218],[128.15395,35.18058]]]]}}]}