{"type":"FeatureCollection","features":[{"type":"Feature","properties":{"code":"47210250","name":"풍기읍","parent":"47210"},"geometry":{"type":"MultiPolygon","coordinates":[[[[128.48496,36.95746],[128.48508,36.95744],[128.48627,36.95714],[128.48645,36.95703],[128.48663,36.95691],[128.487,36.95664],[128.48802,36.95579],[128.48814,36.95567],[128.4882,36.95559],[128.48933,36.95427],[128.49044,36.95318],[128.49094,36.95275],[128.49102,36.95269],[128.49936,36.94892],[128.49966,36.94881],[128.49982,36.94882],[128.50025,36.94893],[128.50059,36.949],[128.50109,36.94905],[128.50227,36.94913],[128.50257,36.94908],[128.50291,36.94901],[128.50315,36.94893],[128.50327,36.94887],[128.50395,36.94843],[128.50692,36.9459],[128.5086,36.94443],[128.50873,36.94431],[128.51155,36.94057],[128.51258,36.93801],[128.51297,36.93652],[128.51286,36.9363],[128.51283,36.9362],[128.51281,36.93599],[128.51281,36.93582],[128.51325,36.93397],[128.51332,36.93381],[128.51529,36.92951],[128.51789,36.92699],[128.5202,36.92636],[128.52277,36.92531],[128.52335,36.92398],[128.52339,36.92385],[128.52339,36.92377],[128.52336,36.92367],[128.52331,36.92348],[128.52331,36.92335],[128.52336,36.92295],[128.52339,36.92281],[128.52343,36.92265],[128.52371,36.92165],[128.52392,36.92115],[128.52415,36.92065],[128.52425,36.92048],[128.52756,36.91554],[128.52768,36.91544],[128.5279,36.91529],[128.52843,36.91503],[128.52867,36.91492],[128.52905,36.91479],[128.52935,36.9147],[128.52968,36.91461],[128.53045,36.91431],[128.53196,36.91347],[128.53204,36.91342],[128.53351,36.91103],[128.53367,36.91065],[128.53369,36.91059],[128.53368,36.91019],[128.53362,36.90927],[128.53353,36.90882],[128.53345,36.90874],[128.53331,36.90861],[128.53327,36.90852],[128.53308,36.90758],[128.53306,36.90747],[128.53306,36.90738],[128.53312,36.90716],[128.53316,36.90702],[128.53321,36.90697],[128.53457,36.90617],[128.5376,36.90452],[128.53773,36.90449],[128.53945,36.90452],[128.54119,36.90458],[128.54133,36.90458],[128.54155,36.90456],[128.54489,36.90346],[128.54514,36.90335],[128.54535,36.90324],[128.54594,36.90288],[128.54596,36.90286],[128.54602,36.90278],[128.54766,36.90055],[128.54784,36.90018],[128.54795,36.8999],[128.54809,36.89946],[128.5482,36.89922],[128.54834,36.899],[128.55066,36.89735],[128.55149,36.89705],[128.55209,36.89639],[128.55225,36.89617],[128.55239,36.89591],[128.55297,36.89423],[128.55313,36.8935],[128.55053,36.88851],[128.54965,36.88766],[128.54841,36.88469],[128.5478,36.88031],[128.5478,36.88024],[128.54784,36.88011],[128.548,36.87995],[128.549,36.87926],[128.55189,36.87822],[128.55352,36.87818],[128.55359,36.8782],[128.55378,36.87834],[128.55416,36.87854],[128.55424,36.87857],[128.5543,36.87859],[128.55531,36.87845],[128.5554,36.8784],[128.55566,36.8782],[128.55589,36.87803],[128.55592,36.87795],[128.55594,36.87789],[128.5561,36.87724],[128.55612,36.87714],[128.5562,36.87614],[128.55593,36.87575],[128.55375,36.87358],[128.55091,36.86856],[128.54968,36.86577],[128.54892,36.86258],[128.54748,36.85979],[128.54727,36.85939],[128.54662,36.85845],[128.54652,36.85833],[128.54631,36.85817],[128.546,36.85799],[128.54512,36.85756],[128.54497,36.85752],[128.54481,36.85756],[128.5408,36.85916],[128.54059,36.85929],[128.53976,36.85991],[128.53959,36.86009],[128.53938,36.86052],[128.53912,36.86088],[128.53882,36.86114],[128.53854,36.86137],[128.53826,36.8616],[128.53811,36.86167],[128.538,36.86169],[128.53784,36.86166],[128.53751,36.86155],[128.53747,36.86153],[128.53648,36.86097],[128.53618,36.86104],[128.53585,36.86115],[128.53499,36.86148],[128.53469,36.8616],[128.52988,36.86377],[128.52711,36.86618],[128.52323,36.86747],[128.52305,36.86754],[128.51738,36.87043],[128.51716,36.87055],[128.51615,36.8712],[128.51601,36.87131],[128.51541,36.87179],[128.51518,36.872],[128.51501,36.87222],[128.51489,36.87242],[128.51474,36.87256],[128.51461,36.87263],[128.51171,36.87397],[128.5116,36.87399],[128.50845,36.87433],[128.50815,36.87435],[128.50728,36.87429],[128.50702,36.87449],[128.50589,36.87465],[128.50558,36.87465],[128.50456,36.87453],[128.5012,36.87325],[128.498,36.87158],[128.49706,36.87085],[128.49422,36.86863],[128.49403,36.86848],[128.49383,36.86835],[128.49368,36.86828],[128.4935,36.86822],[128.49337,36.86817],[128.49317,36.86813],[128.48631,36.86721],[128.4819,36.86682],[128.47775,36.8659],[128.47755,36.86581],[128.47742,36.86575],[128.47731,36.86572],[128.47425,36.86485],[128.47406,36.8648],[128.47382,36.86478],[128.47318,36.86474],[128.47126,36.86468],[128.47101,36.86468],[128.46998,36.86467],[128.46949,36.86468],[128.46917,36.86472],[128.4689,36.86477],[128.46865,36.8648],[128.46668,36.86488],[128.46629,36.86489],[128.46605,36.86487],[128.46596,36.86486],[128.46323,36.86424],[128.45909,36.86319],[128.45864,36.86311],[128.45801,36.86308],[128.45705,36.8631],[128.44892,36.86339],[128.44798,36.86458],[128.44508,36.8669],[128.44293,36.8683],[128.43908,36.87285],[128.43902,36.87297],[128.43896,36.87307],[128.43893,36.87311],[128.4389,36.87314],[128.43885,36.87318],[128.43874,36.87324],[128.43864,36.87329],[128.43858,36.87331],[128.43248,36.87536],[128.4324,36.87537],[128.43041,36.87551],[128.43031,36.87551],[128.43024,36.8755],[128.43018,36.87549],[128.42954,36.8754],[128.42949,36.87539],[128.42944,36.87538],[128.42919,36.87531],[128.42909,36.87528],[128.42904,36.87526],[128.42898,36.87523],[128.42889,36.87517],[128.42878,36.87508],[128.42866,36.87502],[128.4286,36.875],[128.42854,36.87501],[128.42844,36.87503],[128.42823,36.8751],[128.42745,36.87536],[128.42727,36.87543],[128.4269,36.87556],[128.42441,36.87647],[128.42445,36.8771],[128.42468,36.87811],[128.42491,36.879],[128.42495,36.87916],[128.42501,36.87927],[128.42508,36.87939],[128.42595,36.8803],[128.42606,36.88041],[128.42618,36.88052],[128.42643,36.88068],[128.42663,36.88078],[128.42681,36.88088],[128.42712,36.88105],[128.42717,36.88116],[128.42726,36.88138],[128.42729,36.88145],[128.42747,36.88202],[128.42758,36.88252],[128.428,36.88497],[128.42805,36.88584],[128.42785,36.8865],[128.42721,36.88828],[128.427,36.88864],[128.42694,36.88878],[128.4269,36.8889],[128.42689,36.88912],[128.42692,36.88923],[128.42695,36.88931],[128.42795,36.8907],[128.42922,36.89203],[128.42937,36.89211],[128.42966,36.89222],[128.43086,36.89265],[128.43606,36.89699],[128.44011,36.90137],[128.44023,36.90152],[128.4403,36.90163],[128.44036,36.90179],[128.44038,36.90188],[128.44038,36.90202],[128.44175,36.90632],[128.44306,36.90953],[128.44486,36.91381],[128.4454,36.91775],[128.4454,36.91782],[128.44538,36.91784],[128.44522,36.91793],[128.44506,36.918],[128.44492,36.91809],[128.44444,36.91854],[128.44433,36.91866],[128.44417,36.91883],[128.44347,36.91963],[128.44315,36.9201],[128.44312,36.92015],[128.4431,36.92025],[128.44307,36.92053],[128.44307,36.9206],[128.44308,36.92102],[128.4431,36.9211],[128.44313,36.92125],[128.44323,36.9215],[128.44334,36.92176],[128.44338,36.92184],[128.44357,36.92261],[128.44357,36.92266],[128.44357,36.9227],[128.44356,36.92277],[128.44352,36.92298],[128.4435,36.92307],[128.44315,36.92425],[128.44187,36.9279],[128.44273,36.92796],[128.4428,36.92797],[128.44519,36.92821],[128.44536,36.92823],[128.44544,36.92825],[128.4457,36.92832],[128.44578,36.92835],[128.44587,36.92841],[128.44599,36.9285],[128.44606,36.92855],[128.45072,36.93105],[128.45704,36.93385],[128.4574,36.9338],[128.4602,36.93401],[128.46281,36.94209],[128.4634,36.94636],[128.46336,36.94648],[128.46326,36.94685],[128.46322,36.94719],[128.46322,36.94722],[128.46323,36.94734],[128.46324,36.94745],[128.46333,36.94755],[128.46371,36.94792],[128.46779,36.95181],[128.47617,36.9572],[128.47633,36.9573],[128.47645,36.95737],[128.47656,36.95741],[128.47665,36.95744],[128.47713,36.95754],[128.47745,36.95768],[128.4776,36.95772],[128.47776,36.95776],[128.47853,36.95786],[128.48131,36.95811],[128.48168,36.95813],[128.48185,36.95813],[128.48237,36.95811],[128.48289,36.95806],[128.48355,36.95795],[128.48375,36.9579],[128.48392,36.95786],[128.48496,36.95746]]]]}},{"type":"Feature","properties":{"code":"47210310","name":"이산면","parent":"47210"},"geometry":{"type":"MultiPolygon","coordinates":[[[[128.73664,36.84422],[128.73701,36.84204],[128.73709,36.84144],[128.73706,36.84065],[128.73691,36.84011],[128.73667,36.83933],[128.7362,36.83844],[128.73593,36.83801],[128.7357,36.83769],[128.73478,36.83664],[128.73471,36.83659],[128.7346,36.83657],[128.7345,36.83658],[128.73435,36.83662],[128.73418,36.83668],[128.73404,36.83675],[128.73389,36.83684],[128.73119,36.83524],[128.7291,36.83241],[128.72905,36.83234],[128.72881,36.83215],[128.72863,36.83203],[128.72851,36.83197],[128.72592,36.83101],[128.72581,36.83099],[128.72563,36.83098],[128.72548,36.83099],[128.7253,36.83101],[128.7252,36.83105],[128.7251,36.83112],[128.72504,36.83118],[128.72487,36.83133],[128.72477,36.83138],[128.72466,36.83143],[128.7244,36.83146],[128.7237,36.83148],[128.72352,36.83148],[128.72163,36.83119],[128.72142,36.83115],[128.72081,36.83096],[128.72058,36.83089],[128.72053,36.83086],[128.7205,36.83084],[128.71859,36.82934],[128.71852,36.82928],[128.71843,36.82913],[128.71838,36.82898],[128.71822,36.82789],[128.71822,36.82764],[128.71834,36.82471],[128.71837,36.82459],[128.71847,36.82444],[128.71925,36.82364],[128.71931,36.82365],[128.71997,36.82395],[128.72021,36.82412],[128.72051,36.82434],[128.72347,36.82256],[128.72348,36.82253],[128.72381,36.82148],[128.72384,36.82145],[128.7239,36.82143],[128.72439,36.82128],[128.72444,36.82128],[128.72804,36.82185],[128.72817,36.82189],[128.72934,36.8223],[128.72944,36.82235],[128.72956,36.82243],[128.72968,36.82253],[128.72974,36.82257],[128.73001,36.82266],[128.7306,36.8228],[128.7307,36.82281],[128.73077,36.8228],[128.73156,36.82258],[128.73159,36.82255],[128.73161,36.82247],[128.73166,36.82224],[128.73168,36.82203],[128.73167,36.82196],[128.73164,36.82191],[128.7301,36.82075],[128.72997,36.82069],[128.72974,36.82062],[128.72945,36.82056],[128.72932,36.82055],[128.72912,36.82056],[128.729,36.82057],[128.72893,36.82055],[128.72885,36.82049],[128.72794,36.81952],[128.72789,36.81946],[128.72763,36.81894],[128.7276,36.81883],[128.72728,36.81668],[128.72768,36.81545],[128.72784,36.81533],[128.72794,36.81522],[128.72801,36.81514],[128.72806,36.81503],[128.72807,36.81494],[128.72805,36.81402],[128.72802,36.81336],[128.72752,36.81162],[128.72735,36.81119],[128.7273,36.81111],[128.7262,36.8095],[128.72611,36.80939],[128.72557,36.80872],[128.72551,36.80868],[128.72534,36.80862],[128.72521,36.80859],[128.72495,36.80854],[128.72486,36.80851],[128.72478,36.80848],[128.72475,36.80845],[128.72467,36.80834],[128.72451,36.80804],[128.72297,36.80421],[128.72297,36.80414],[128.72303,36.80403],[128.7231,36.80393],[128.7235,36.80353],[128.72368,36.8034],[128.72368,36.80307],[128.72361,36.80221],[128.72352,36.80212],[128.72306,36.80172],[128.72295,36.80165],[128.72275,36.80153],[128.72267,36.80147],[128.72258,36.80143],[128.72125,36.80084],[128.71979,36.7995],[128.71973,36.79948],[128.71759,36.7989],[128.71652,36.79869],[128.71645,36.79869],[128.71294,36.79479],[128.71293,36.79476],[128.71267,36.79313],[128.71267,36.79287],[128.71269,36.79284],[128.71277,36.79277],[128.71309,36.7926],[128.71324,36.7925],[128.7133,36.79243],[128.71366,36.7918],[128.71372,36.79166],[128.71373,36.79157],[128.71371,36.79147],[128.71364,36.79139],[128.71185,36.78979],[128.71181,36.78977],[128.71173,36.78976],[128.71161,36.78977],[128.70945,36.79019],[128.70801,36.7909],[128.70645,36.79171],[128.70604,36.792],[128.70578,36.79212],[128.70555,36.79219],[128.70436,36.79251],[128.70401,36.7926],[128.70278,36.79271],[128.70269,36.79269],[128.70176,36.79235],[128.70162,36.7923],[128.70129,36.79213],[128.70106,36.79201],[128.70105,36.79199],[128.70103,36.79196],[128.70105,36.79186],[128.70111,36.79173],[128.70137,36.79135],[128.7017,36.79094],[128.70296,36.78979],[128.70351,36.7893],[128.70419,36.7888],[128.70462,36.78844],[128.70482,36.78818],[128.70502,36.78776],[128.70512,36.78742],[128.70514,36.78716],[128.70511,36.78696],[128.70465,36.78537],[128.70456,36.78521],[128.7044,36.78499],[128.70412,36.7847],[128.70389,36.78453],[128.70328,36.78416],[128.70098,36.78294],[128.70059,36.78275],[128.69763,36.78035],[128.69759,36.78021],[128.69753,36.78007],[128.69604,36.77704],[128.69589,36.77674],[128.6952,36.7758],[128.6949,36.77551],[128.69392,36.77469],[128.69359,36.77453],[128.69342,36.77446],[128.69326,36.77443],[128.69323,36.77443],[128.69247,36.77443],[128.69192,36.77452],[128.69138,36.77464],[128.69079,36.77474],[128.69011,36.77475],[128.68972,36.7747],[128.68887,36.77445],[128.68798,36.77408],[128.68621,36.77324],[128.68601,36.7731],[128.68524,36.77233],[128.68455,36.77161],[128.68418,36.77122],[128.68392,36.77088],[128.68368,36.77031],[128.68355,36.76972],[128.68353,36.76917],[128.68352,36.76864],[128.68357,36.76737],[128.68351,36.7652],[128.68322,36.76159],[128.68283,36.75981],[128.68274,36.75949],[128.68255,36.75908],[128.6823,36.75897],[128.6803,36.75896],[128.67603,36.76053],[128.67587,36.7606],[128.67526,36.76131],[128.67514,36.76157],[128.67246,36.76344],[128.67086,36.76389],[128.66963,36.7648],[128.66949,36.76493],[128.66941,36.76504],[128.66888,36.76609],[128.66886,36.76612],[128.66709,36.76746],[128.66593,36.76807],[128.6631,36.77043],[128.66301,36.77051],[128.66187,36.77168],[128.66143,36.77326],[128.66092,36.77469],[128.66088,36.77479],[128.66082,36.77488],[128.66067,36.77498],[128.66055,36.77503],[128.66033,36.77507],[128.65981,36.77512],[128.65819,36.77538],[128.65774,36.77548],[128.65741,36.77556],[128.65713,36.77563],[128.6566,36.77577],[128.65462,36.77634],[128.65446,36.7764],[128.6543,36.77651],[128.6541,36.77667],[128.65396,36.77681],[128.65381,36.77699],[128.65352,36.77729],[128.65341,36.77739],[128.65323,36.77754],[128.65291,36.77779],[128.65242,36.77814],[128.65218,36.77829],[128.65197,36.77842],[128.65189,36.77844],[128.65167,36.77852],[128.65144,36.77855],[128.65073,36.77859],[128.64979,36.77863],[128.64958,36.77862],[128.64951,36.77861],[128.64932,36.77859],[128.64924,36.77857],[128.64907,36.77853],[128.64885,36.77848],[128.64868,36.77845],[128.64837,36.77842],[128.64818,36.77842],[128.64803,36.77843],[128.64792,36.77844],[128.64347,36.77956],[128.6432,36.77974],[128.64273,36.78037],[128.64258,36.78071],[128.64501,36.78531],[128.64696,36.78718],[128.64714,36.78714],[128.64744,36.78709],[128.64771,36.78707],[128.64776,36.78707],[128.64781,36.78707],[128.64788,36.78709],[128.64793,36.78713],[128.64805,36.78722],[128.64822,36.78741],[128.64841,36.78761],[128.64854,36.7878],[128.64861,36.78796],[128.64869,36.78814],[128.64871,36.78823],[128.6487,36.78827],[128.64867,36.78836],[128.64815,36.78978],[128.64832,36.79123],[128.6513,36.79083],[128.65223,36.7907],[128.65235,36.79069],[128.65644,36.79175],[128.65855,36.79275],[128.65871,36.79281],[128.65896,36.79284],[128.66074,36.79302],[128.66103,36.79302],[128.66134,36.79297],[128.6616,36.79291],[128.66178,36.79287],[128.66199,36.79284],[128.66213,36.79284],[128.66224,36.79289],[128.66345,36.79353],[128.66506,36.7947],[128.66715,36.79654],[128.66731,36.7967],[128.66736,36.79694],[128.66724,36.79878],[128.66842,36.80099],[128.66861,36.8011],[128.66881,36.80129],[128.66895,36.80144],[128.66905,36.80157],[128.66908,36.80169],[128.6691,36.80187],[128.6689,36.802],[128.66867,36.80214],[128.66667,36.80291],[128.6649,36.80331],[128.66474,36.80347],[128.66467,36.8037],[128.66501,36.80473],[128.66578,36.80529],[128.66969,36.80802],[128.6716,36.81233],[128.67162,36.81251],[128.67163,36.81274],[128.67159,36.81291],[128.67102,36.81394],[128.67096,36.81402],[128.67083,36.81412],[128.66927,36.8152],[128.66906,36.81769],[128.66962,36.81809],[128.6697,36.81816],[128.66973,36.8182],[128.66975,36.81826],[128.66989,36.81868],[128.6699,36.81925],[128.66988,36.81937],[128.66984,36.81949],[128.6696,36.81995],[128.66954,36.82004],[128.66895,36.82031],[128.66885,36.8203],[128.66874,36.82028],[128.66869,36.82026],[128.6686,36.82022],[128.66601,36.8187],[128.66587,36.81861],[128.66579,36.81853],[128.66204,36.81852],[128.65769,36.81872],[128.65451,36.81898],[128.65445,36.81911],[128.65435,36.81922],[128.65414,36.81934],[128.65393,36.81944],[128.65279,36.81971],[128.65267,36.81973],[128.64857,36.81983],[128.64851,36.81987],[128.64839,36.81998],[128.64826,36.82012],[128.64811,36.82036],[128.64807,36.82048],[128.64805,36.82059],[128.64805,36.82064],[128.64816,36.82146],[128.64827,36.82176],[128.64829,36.82225],[128.64826,36.82364],[128.64826,36.82374],[128.64823,36.82379],[128.64782,36.82405],[128.64698,36.82431],[128.64409,36.82503],[128.64391,36.82504],[128.64218,36.82496],[128.64315,36.82631],[128.64489,36.82932],[128.64548,36.83189],[128.64549,36.83191],[128.64551,36.83196],[128.64555,36.832],[128.64563,36.83205],[128.64689,36.83274],[128.64735,36.83298],[128.64933,36.83395],[128.64945,36.834],[128.64957,36.83403],[128.64966,36.83404],[128.64988,36.83403],[128.65197,36.83415],[128.65383,36.83452],[128.65391,36.83455],[128.65403,36.83459],[128.65412,36.83465],[128.65495,36.8357],[128.65503,36.83581],[128.65514,36.83601],[128.6552,36.83613],[128.65954,36.83511],[128.65983,36.83461],[128.65997,36.83441],[128.66006,36.83431],[128.66019,36.83424],[128.66033,36.83419],[128.66143,36.83404],[128.6616,36.83405],[128.66167,36.83408],[128.66179,36.83415],[128.66454,36.83592],[128.66464,36.83599],[128.66487,36.83618],[128.66538,36.83671],[128.66543,36.8368],[128.66557,36.83703],[128.66561,36.83715],[128.66561,36.83751],[128.66696,36.84028],[128.66703,36.84035],[128.66908,36.84272],[128.66921,36.84295],[128.66941,36.84342],[128.67092,36.84226],[128.67098,36.84223],[128.6724,36.8417],[128.67255,36.84166],[128.67285,36.84161],[128.67297,36.84163],[128.67331,36.84174],[128.67422,36.84209],[128.67431,36.84215],[128.67439,36.84226],[128.6747,36.84384],[128.67474,36.84419],[128.67473,36.84429],[128.67463,36.84464],[128.67456,36.84472],[128.67428,36.84509],[128.6734,36.84763],[128.67337,36.84782],[128.67338,36.84787],[128.67342,36.84792],[128.67548,36.84938],[128.67674,36.85002],[128.67715,36.85008],[128.67763,36.85018],[128.67789,36.85026],[128.67793,36.85029],[128.67836,36.85154],[128.67836,36.85162],[128.67834,36.85168],[128.67787,36.8528],[128.67747,36.85366],[128.67731,36.85391],[128.67708,36.85433],[128.67706,36.8545],[128.67706,36.85516],[128.67712,36.85543],[128.67715,36.85552],[128.67718,36.85555],[128.67728,36.8556],[128.67835,36.85591],[128.67957,36.85646],[128.68146,36.8575],[128.68162,36.85797],[128.68165,36.85809],[128.68182,36.85865],[128.682,36.85945],[128.68203,36.85953],[128.68216,36.85996],[128.68232,36.86034],[128.68284,36.86091],[128.68617,36.86332],[128.68638,36.8634],[128.68674,36.86341],[128.68748,36.8634],[128.68758,36.86338],[128.69251,36.86186],[128.69284,36.86194],[128.69446,36.8623],[128.69943,36.86171],[128.6996,36.86164],[128.69972,36.86155],[128.70011,36.86119],[128.70033,36.86093],[128.70045,36.86073],[128.70054,36.86063],[128.70061,36.86058],[128.70066,36.86058],[128.70114,36.86066],[128.70128,36.8607],[128.70139,36.86075],[128.7031,36.86258],[128.70321,36.86272],[128.70325,36.86291],[128.70337,36.86385],[128.70338,36.86398],[128.70333,36.86425],[128.70329,36.86442],[128.7033,36.8645],[128.70364,36.86506],[128.70457,36.86623],[128.70469,36.86638],[128.70476,36.86645],[128.70543,36.86706],[128.70555,36.8671],[128.70629,36.86719],[128.70639,36.8672],[128.70666,36.86718],[128.71035,36.86651],[128.71045,36.86649],[128.7107,36.86638],[128.71088,36.86629],[128.71106,36.86611],[128.71112,36.86598],[128.71123,36.86578],[128.7113,36.86568],[128.71145,36.86551],[128.71163,36.86537],[128.71218,36.86513],[128.71248,36.865],[128.71263,36.86495],[128.71302,36.86484],[128.71401,36.86457],[128.71412,36.86454],[128.71436,36.86453],[128.71469,36.86453],[128.71473,36.86454],[128.71592,36.8657],[128.71596,36.86576],[128.71598,36.86605],[128.71601,36.86623],[128.71602,36.86628],[128.71608,36.86641],[128.71619,36.86649],[128.71639,36.86659],[128.71732,36.86702],[128.7199,36.86769],[128.71996,36.86769],[128.72039,36.86763],[128.72297,36.86689],[128.72317,36.86676],[128.72469,36.86573],[128.72546,36.86597],[128.72599,36.86613],[128.72619,36.86617],[128.72644,36.8662],[128.72656,36.86617],[128.72827,36.86406],[128.72835,36.86395],[128.72861,36.86285],[128.72862,36.86276],[128.72858,36.86271],[128.72755,36.86161],[128.72739,36.86149],[128.72731,36.86145],[128.72677,36.86119],[128.72668,36.86119],[128.72625,36.86128],[128.72557,36.86041],[128.72715,36.856],[128.73015,36.85053],[128.73242,36.84689],[128.73346,36.84634],[128.73533,36.84535],[128.73555,36.84521],[128.73664,36.84422]]]]}},{"type":"Feature","properties":{"code":"47210320","name":"평은면","parent":"47210"},"geometry":{"type":"MultiPolygon","coordinates":[[[[128.74338,36.79613],[128.74279,36.79398],[128.74257,36.79315],[128.74205,36.7918],[128.74196,36.79158],[128.74187,36.79144],[128.74114,36.79081],[128.74095,36.79066],[128.74071,36.79049],[128.74046,36.79032],[128.74039,36.79029],[128.74033,36.79028],[128.74029,36.79029],[128.74015,36.79038],[128.73943,36.79085],[128.73892,36.79122],[128.73842,36.79159],[128.73827,36.79168],[128.73812,36.79175],[128.73791,36.79183],[128.73773,36.79186],[128.73756,36.79187],[128.73744,36.79187],[128.73733,36.79186],[128.73727,36.79184],[128.73715,36.79179],[128.73706,36.79172],[128.73703,36.79166],[128.73699,36.79158],[128.73689,36.7912],[128.73686,36.79105],[128.7361,36.78418],[128.73609,36.78383],[128.73618,36.78353],[128.73631,36.78329],[128.73643,36.78318],[128.74122,36.77988],[128.7432,36.77854],[128.7437,36.77827],[128.74381,36.77823],[128.74395,36.77818],[128.74441,36.77813],[128.74472,36.77812],[128.7448,36.77812],[128.7449,36.77811],[128.74495,36.7781],[128.74501,36.77807],[128.74509,36.77799],[128.74521,36.77787],[128.74531,36.77773],[128.74534,36.77767],[128.74537,36.77756],[128.74538,36.77744],[128.74468,36.77635],[128.74334,36.77425],[128.73914,36.76877],[128.73785,36.76732],[128.73777,36.76723],[128.73754,36.76708],[128.73703,36.76674],[128.73664,36.76669],[128.73653,36.76665],[128.73643,36.76656],[128.73628,36.76636],[128.73623,36.76626],[128.73558,36.76388],[128.73552,36.76363],[128.73533,36.76281],[128.73534,36.76275],[128.73537,36.76269],[128.73545,36.76261],[128.73556,36.76257],[128.73569,36.76255],[128.73609,36.76253],[128.73649,36.76247],[128.73697,36.76238],[128.73743,36.7622],[128.73748,36.76217],[128.73753,36.76213],[128.73781,36.76189],[128.74294,36.75576],[128.74295,36.75572],[128.74298,36.75553],[128.74301,36.75498],[128.74289,36.75],[128.74288,36.74989],[128.74285,36.74981],[128.74144,36.74872],[128.73729,36.74419],[128.73728,36.74413],[128.73692,36.74192],[128.73693,36.74183],[128.73646,36.73895],[128.73417,36.73543],[128.73261,36.73127],[128.73203,36.72961],[128.73189,36.72917],[128.73188,36.72909],[128.73206,36.72874],[128.73216,36.72857],[128.73222,36.72849],[128.73232,36.72841],[128.73244,36.72833],[128.73273,36.7282],[128.73298,36.7281],[128.73315,36.72806],[128.73337,36.72804],[128.73372,36.72807],[128.7339,36.72805],[128.73411,36.72797],[128.73436,36.72783],[128.73453,36.72773],[128.73466,36.72764],[128.73473,36.72757],[128.73533,36.7268],[128.73587,36.72524],[128.73587,36.72516],[128.73581,36.72492],[128.73575,36.7247],[128.73565,36.7245],[128.73378,36.72093],[128.7313,36.71885],[128.73118,36.71882],[128.73098,36.71877],[128.73091,36.71874],[128.73088,36.71872],[128.73085,36.71869],[128.73042,36.7177],[128.72917,36.71417],[128.72912,36.71401],[128.72912,36.71395],[128.72913,36.71387],[128.72913,36.71383],[128.72921,36.71366],[128.72952,36.71295],[128.73017,36.7116],[128.73021,36.71153],[128.73092,36.71062],[128.73096,36.7106],[128.73106,36.71059],[128.73123,36.71061],[128.7314,36.71063],[128.73176,36.71064],[128.73201,36.71061],[128.73327,36.71011],[128.73353,36.70999],[128.73379,36.70984],[128.73393,36.70975],[128.73415,36.70957],[128.73619,36.70732],[128.73743,36.70581],[128.73783,36.70391],[128.7378,36.70384],[128.73773,36.70377],[128.7366,36.70309],[128.73649,36.70304],[128.73514,36.70151],[128.73444,36.70042],[128.73473,36.6998],[128.73066,36.69609],[128.73055,36.69602],[128.72873,36.69556],[128.72852,36.69551],[128.72753,36.69561],[128.72744,36.69564],[128.72407,36.69753],[128.72375,36.69775],[128.72338,36.69803],[128.72309,36.69827],[128.72257,36.69877],[128.72237,36.69898],[128.72216,36.69922],[128.72213,36.69928],[128.72212,36.6994],[128.72216,36.69956],[128.72219,36.6997],[128.72214,36.70014],[128.72212,36.7002],[128.72108,36.70227],[128.72102,36.70235],[128.72096,36.7024],[128.72083,36.70247],[128.72062,36.70253],[128.71628,36.70339],[128.71611,36.70342],[128.7159,36.70338],[128.71561,36.70328],[128.71533,36.70318],[128.71504,36.70304],[128.71362,36.70231],[128.71322,36.7021],[128.71225,36.70156],[128.71172,36.70124],[128.71142,36.70098],[128.71121,36.70079],[128.71118,36.70075],[128.71098,36.70052],[128.71077,36.70028],[128.71063,36.70017],[128.71055,36.70014],[128.70908,36.69977],[128.70903,36.69978],[128.70696,36.70024],[128.7063,36.70041],[128.70615,36.70046],[128.70473,36.70096],[128.70459,36.70102],[128.70447,36.7011],[128.70301,36.70208],[128.70292,36.70216],[128.70269,36.70256],[128.70235,36.70299],[128.70206,36.70334],[128.70155,36.70387],[128.70126,36.70413],[128.70103,36.70432],[128.69836,36.70644],[128.6982,36.70654],[128.69775,36.70667],[128.69767,36.70669],[128.69762,36.70669],[128.69612,36.70588],[128.69603,36.70582],[128.69589,36.70567],[128.69585,36.70562],[128.69582,36.70552],[128.69582,36.70526],[128.69579,36.70512],[128.6957,36.70502],[128.69548,36.70483],[128.69526,36.70468],[128.69198,36.70252],[128.68564,36.70047],[128.68533,36.70038],[128.68494,36.70029],[128.68481,36.70027],[128.6847,36.70031],[128.68463,36.70035],[128.68441,36.70052],[128.6842,36.70063],[128.68396,36.70074],[128.68361,36.70087],[128.68344,36.70092],[128.6832,36.70094],[128.68301,36.70094],[128.682,36.70088],[128.68192,36.70088],[128.68177,36.70086],[128.68167,36.70083],[128.6809,36.70053],[128.67995,36.7001],[128.67972,36.69995],[128.67949,36.69974],[128.67916,36.69938],[128.67907,36.69932],[128.67894,36.69926],[128.67878,36.69923],[128.67869,36.69922],[128.67862,36.69923],[128.67858,36.69924],[128.6782,36.69949],[128.677,36.7006],[128.67301,36.70475],[128.67284,36.70494],[128.67281,36.70498],[128.67277,36.7066],[128.67277,36.70671],[128.67287,36.70743],[128.67292,36.70774],[128.6711,36.70891],[128.66808,36.71093],[128.66656,36.71292],[128.66653,36.71294],[128.66642,36.71304],[128.66446,36.71439],[128.66431,36.71448],[128.66402,36.71458],[128.6637,36.71468],[128.66309,36.71485],[128.66297,36.71484],[128.66284,36.7148],[128.66196,36.71434],[128.66044,36.71353],[128.6603,36.71341],[128.66018,36.71327],[128.65996,36.71287],[128.65988,36.71275],[128.65976,36.71263],[128.65963,36.71255],[128.65954,36.71251],[128.65199,36.71075],[128.65074,36.71139],[128.65073,36.71149],[128.6506,36.71174],[128.65032,36.71213],[128.64973,36.7129],[128.64956,36.71302],[128.64588,36.71492],[128.64418,36.71557],[128.64315,36.71699],[128.6431,36.71709],[128.64305,36.71715],[128.64269,36.71748],[128.64256,36.71758],[128.64246,36.71765],[128.64232,36.71769],[128.64212,36.71773],[128.64196,36.71775],[128.64083,36.71786],[128.63996,36.71793],[128.63992,36.71793],[128.63987,36.71794],[128.63977,36.71799],[128.63967,36.71806],[128.63894,36.7186],[128.63907,36.72025],[128.63906,36.72172],[128.63979,36.72275],[128.64086,36.7231],[128.64096,36.72315],[128.64184,36.72363],[128.64192,36.7237],[128.64197,36.72383],[128.64196,36.72406],[128.64136,36.72757],[128.64118,36.72798],[128.64107,36.72804],[128.64096,36.72806],[128.64059,36.72806],[128.63978,36.72823],[128.63923,36.72837],[128.6388,36.72861],[128.63853,36.72891],[128.63839,36.72941],[128.63838,36.72972],[128.63855,36.73043],[128.63876,36.731],[128.63876,36.73112],[128.63861,36.7319],[128.63843,36.73227],[128.63819,36.73263],[128.63802,36.73278],[128.63736,36.73317],[128.63507,36.73452],[128.63464,36.73465],[128.63396,36.73479],[128.63617,36.73576],[128.64312,36.73628],[128.64367,36.73621],[128.64426,36.73616],[128.6467,36.73604],[128.6473,36.73664],[128.64705,36.73688],[128.6466,36.7374],[128.64652,36.73756],[128.64649,36.73772],[128.64639,36.73942],[128.64641,36.73953],[128.64924,36.74179],[128.65248,36.74521],[128.6526,36.74537],[128.65363,36.7468],[128.65369,36.74688],[128.6537,36.74703],[128.65369,36.74711],[128.65364,36.74731],[128.65364,36.74741],[128.65392,36.74854],[128.65396,36.7487],[128.654,36.74874],[128.65479,36.7495],[128.6551,36.74969],[128.65606,36.75024],[128.65626,36.75034],[128.65647,36.75042],[128.65855,36.75112],[128.65862,36.75113],[128.65968,36.75092],[128.66336,36.74894],[128.66353,36.74878],[128.66462,36.74769],[128.66463,36.74747],[128.66462,36.74707],[128.66471,36.74684],[128.66508,36.74651],[128.66549,36.74625],[128.66725,36.74529],[128.66751,36.74519],[128.6688,36.74518],[128.67133,36.74766],[128.67249,36.75071],[128.67257,36.75077],[128.67289,36.7509],[128.67296,36.75093],[128.67386,36.75124],[128.67391,36.75125],[128.6741,36.75124],[128.67427,36.75122],[128.6746,36.75119],[128.67474,36.75119],[128.6748,36.7512],[128.67484,36.75121],[128.67488,36.75125],[128.67614,36.75261],[128.67664,36.75319],[128.67729,36.75452],[128.67741,36.75523],[128.67744,36.75668],[128.67682,36.75854],[128.67641,36.75894],[128.67626,36.75898],[128.67569,36.75897],[128.67345,36.7586],[128.6712,36.76201],[128.67106,36.76228],[128.67086,36.76389],[128.67246,36.76344],[128.67514,36.76157],[128.67526,36.76131],[128.67587,36.7606],[128.67603,36.76053],[128.6803,36.75896],[128.6823,36.75897],[128.68255,36.75908],[128.68274,36.75949],[128.68283,36.75981],[128.68322,36.76159],[128.68351,36.7652],[128.68357,36.76737],[128.68352,36.76864],[128.68353,36.76917],[128.68355,36.76972],[128.68368,36.77031],[128.68392,36.77088],[128.68418,36.77122],[128.68455,36.77161],[128.68524,36.77233],[128.68601,36.7731],[128.68621,36.77324],[128.68798,36.77408],[128.68887,36.77445],[128.68972,36.7747],[128.69011,36.77475],[128.69079,36.77474],[128.69138,36.77464],[128.69192,36.77452],[128.69247,36.77443],[128.69323,36.77443],[128.69326,36.77443],[128.69342,36.77446],[128.69359,36.77453],[128.69392,36.77469],[128.6949,36.77551],[128.6952,36.7758],[128.69589,36.77674],[128.69604,36.77704],[128.69753,36.78007],[128.69759,36.78021],[128.69763,36.78035],[128.70059,36.78275],[128.70098,36.78294],[128.70328,36.78416],[128.70389,36.78453],[128.70412,36.7847],[128.7044,36.78499],[128.70456,36.78521],[128.70465,36.78537],[128.70511,36.78696],[128.70514,36.78716],[128.70512,36.78742],[128.70502,36.78776],[128.70482,36.78818],[128.70462,36.78844],[128.70419,36.7888],[128.70351,36.7893],[128.70296,36.78979],[128.7017,36.79094],[128.70137,36.79135],[128.70111,36.79173],[128.70105,36.79186],[128.70103,36.79196],[128.70105,36.79199],[128.70106,36.79201],[128.70129,36.79213],[128.70162,36.7923],[128.70176,36.79235],[128.70269,36.79269],[128.70278,36.79271],[128.70401,36.7926],[128.70436,36.79251],[128.70555,36.79219],[128.70578,36.79212],[128.70604,36.792],[128.70645,36.79171],[128.70801,36.7909],[128.70945,36.79019],[128.71161,36.78977],[128.71173,36.78976],[128.71181,36.78977],[128.71185,36.78979],[128.71364,36.79139],[128.71371,36.79147],[128.71373,36.79157],[128.71372,36.79166],[128.71366,36.7918],[128.7133,36.79243],[128.71324,36.7925],[128.71309,36.7926],[128.71277,36.79277],[128.71269,36.79284],[128.71267,36.79287],[128.71267,36.79313],[128.71293,36.79476],[128.71294,36.79479],[128.71645,36.79869],[128.71652,36.79869],[128.71759,36.7989],[128.71973,36.79948],[128.71979,36.7995],[128.72125,36.80084],[128.72209,36.80045],[128.72282,36.79901],[128.72275,36.79896],[128.7227,36.7989],[128.72263,36.7988],[128.72259,36.79871],[128.72258,36.7986],[128.7226,36.79842],[128.72263,36.79829],[128.72269,36.79816],[128.72561,36.79284],[128.72563,36.79282],[128.7291,36.79075],[128.72932,36.79064],[128.72936,36.79062],[128.72943,36.79059],[128.72951,36.79057],[128.7297,36.79055],[128.72983,36.79055],[128.72998,36.79055],[128.73041,36.79058],[128.73056,36.7906],[128.73159,36.7909],[128.73167,36.79093],[128.73174,36.791],[128.73214,36.79155],[128.73387,36.79495],[128.73479,36.79683],[128.73443,36.79735],[128.7344,36.79744],[128.7344,36.79749],[128.73452,36.79859],[128.73597,36.80189],[128.73601,36.80193],[128.73605,36.80194],[128.73632,36.80197],[128.73661,36.802],[128.73667,36.802],[128.73673,36.802],[128.73678,36.80197],[128.73681,36.80194],[128.73717,36.80138],[128.74003,36.79833],[128.74195,36.79732],[128.74207,36.79725],[128.74266,36.79657],[128.74338,36.79613]]]]}},{"type":"Feature","properties":{"code":"47210330","name":"문수면","parent":"47210"},"geometry":{"type":"MultiPolygon","coordinates":[[[[128.64815,36.78978],[128.64867,36.78836],[128.6487,36.78827],[128.64871,36.78823],[128.64869,36.78814],[128.64861,36.78796],[128.64854,36.7878],[128.64841,36.78761],[128.64822,36.78741],[128.64805,36.78722],[128.64793,36.78713],[128.64788,36.78709],[128.64781,36.78707],[128.64776,36.78707],[128.64771,36.78707],[128.64744,36.78709],[128.64714,36.78714],[128.64696,36.78718],[128.64501,36.78531],[128.64258,36.78071],[128.64273,36.78037],[128.6432,36.77974],[128.64347,36.77956],[128.64792,36.77844],[128.64803,36.77843],[128.64818,36.77842],[128.64837,36.77842],[128.64868,36.77845],[128.64885,36.77848],[128.64907,36.77853],[128.64924,36.77857],[128.64932,36.77859],[128.64951,36.77861],[128.64958,36.77862],[128.64979,36.77863],[128.65073,36.77859],[128.65144,36.77855],[128.65167,36.77852],[128.65189,36.77844],[128.65197,36.77842],[128.65218,36.77829],[128.65242,36.77814],[128.65291,36.77779],[128.65323,36.77754],[128.65341,36.77739],[128.65352,36.77729],[128.65381,36.77699],[128.65396,36.77681],[128.6541,36.77667],[128.6543,36.77651],[128.65446,36.7764],[128.65462,36.77634],[128.6566,36.77577],[128.65713,36.77563],[128.65741,36.77556],[128.65774,36.77548],[128.65819,36.77538],[128.65981,36.77512],[128.66033,36.77507],[128.66055,36.77503],[128.66067,36.77498],[128.66082,36.77488],[128.66088,36.77479],[128.66092,36.77469],[128.66143,36.77326],[128.66187,36.77168],[128.66301,36.77051],[128.6631,36.77043],[128.66593,36.76807],[128.66709,36.76746],[128.66886,36.76612],[128.66888,36.76609],[128.66941,36.76504],[128.66949,36.76493],[128.66963,36.7648],[128.67086,36.76389],[128.67106,36.76228],[128.6712,36.76201],[128.67345,36.7586],[128.67569,36.75897],[128.67626,36.75898],[128.67641,36.75894],[128.67682,36.75854],[128.67744,36.75668],[128.67741,36.75523],[128.67729,36.75452],[128.67664,36.75319],[128.67614,36.75261],[128.67488,36.75125],[128.67484,36.75121],[128.6748,36.7512],[128.67474,36.75119],[128.6746,36.75119],[128.67427,36.75122],[128.6741,36.75124],[128.67391,36.75125],[128.67386,36.75124],[128.67296,36.75093],[128.67289,36.7509],[128.67257,36.75077],[128.67249,36.75071],[128.67133,36.74766],[128.6688,36.74518],[128.66751,36.74519],[128.66725,36.74529],[128.66549,36.74625],[128.66508,36.74651],[128.66471,36.74684],[128.66462,36.74707],[128.66463,36.74747],[128.66462,36.74769],[128.66353,36.74878],[128.66336,36.74894],[128.65968,36.75092],[128.65862,36.75113],[128.65855,36.75112],[128.65647,36.75042],[128.65626,36.75034],[128.65606,36.75024],[128.6551,36.74969],[128.65479,36.7495],[128.654,36.74874],[128.65396,36.7487],[128.65392,36.74854],[128.65364,36.74741],[128.65364,36.74731],[128.65369,36.74711],[128.6537,36.74703],[128.65369,36.74688],[128.65363,36.7468],[128.6526,36.74537],[128.65248,36.74521],[128.64924,36.74179],[128.64641,36.73953],[128.64639,36.73942],[128.64649,36.73772],[128.64652,36.73756],[128.6466,36.7374],[128.64705,36.73688],[128.6473,36.73664],[128.6467,36.73604],[128.64426,36.73616],[128.64367,36.73621],[128.64312,36.73628],[128.63617,36.73576],[128.63396,36.73479],[128.63464,36.73465],[128.63507,36.73452],[128.63736,36.73317],[128.63802,36.73278],[128.63819,36.73263],[128.63843,36.73227],[128.63861,36.7319],[128.63876,36.73112],[128.63876,36.731],[128.63855,36.73043],[128.63838,36.72972],[128.63839,36.72941],[128.63853,36.72891],[128.6388,36.72861],[128.63923,36.72837],[128.63978,36.72823],[128.64059,36.72806],[128.64096,36.72806],[128.64107,36.72804],[128.64118,36.72798],[128.64136,36.72757],[128.64196,36.72406],[128.64197,36.72383],[128.64192,36.7237],[128.64184,36.72363],[128.64096,36.72315],[128.64086,36.7231],[128.63979,36.72275],[128.63906,36.72172],[128.63907,36.72025],[128.63902,36.71995],[128.63899,36.71983],[128.63894,36.71968],[128.63883,36.71953],[128.63826,36.71886],[128.63821,36.71885],[128.63814,36.71883],[128.63802,36.71882],[128.63747,36.71885],[128.6374,36.71886],[128.63452,36.71925],[128.63037,36.71977],[128.63033,36.71977],[128.62989,36.71972],[128.6296,36.71968],[128.62939,36.71962],[128.62919,36.71952],[128.62912,36.71942],[128.62911,36.7194],[128.62906,36.71914],[128.62904,36.71882],[128.62903,36.71873],[128.62901,36.71855],[128.62892,36.71825],[128.6288,36.71791],[128.62865,36.71766],[128.62845,36.71736],[128.62827,36.71715],[128.62786,36.71694],[128.62765,36.71687],[128.62741,36.7168],[128.62709,36.71675],[128.62597,36.71659],[128.62434,36.71639],[128.62362,36.71632],[128.62313,36.71631],[128.62078,36.71572],[128.61989,36.71536],[128.6194,36.71504],[128.61914,36.71486],[128.61891,36.71465],[128.61849,36.71413],[128.61818,36.71374],[128.61724,36.71269],[128.61697,36.71245],[128.61672,36.71226],[128.61646,36.71208],[128.61614,36.71197],[128.616,36.71192],[128.61596,36.71191],[128.61568,36.71188],[128.61546,36.71189],[128.61521,36.71194],[128.61463,36.71208],[128.61415,36.71221],[128.61376,36.71237],[128.61359,36.71248],[128.61345,36.71258],[128.61335,36.71267],[128.61324,36.71285],[128.6123,36.7144],[128.61179,36.71525],[128.6115,36.71584],[128.61122,36.71612],[128.61099,36.71626],[128.6105,36.71649],[128.60994,36.71669],[128.60933,36.71684],[128.60903,36.71688],[128.60868,36.71689],[128.60834,36.71687],[128.60253,36.71595],[128.60233,36.71591],[128.6016,36.71575],[128.60088,36.71555],[128.60019,36.71533],[128.59983,36.71513],[128.59669,36.71297],[128.59583,36.71235],[128.59579,36.71229],[128.59564,36.71205],[128.59554,36.7117],[128.59545,36.71134],[128.59543,36.7106],[128.59553,36.70982],[128.59569,36.70917],[128.59601,36.7084],[128.59646,36.70742],[128.59699,36.7064],[128.59752,36.7052],[128.59763,36.70493],[128.59771,36.70403],[128.59769,36.70336],[128.59763,36.70277],[128.5976,36.7026],[128.59755,36.70243],[128.59744,36.70221],[128.59727,36.70194],[128.59715,36.70179],[128.59706,36.70168],[128.59685,36.70145],[128.59656,36.70122],[128.59623,36.70099],[128.59601,36.70085],[128.59583,36.70075],[128.5957,36.70069],[128.59538,36.70056],[128.5948,36.70036],[128.59408,36.70013],[128.59379,36.70007],[128.59348,36.70002],[128.59301,36.69997],[128.59268,36.69995],[128.5924,36.69994],[128.59199,36.69996],[128.59164,36.70001],[128.59134,36.70009],[128.59101,36.70021],[128.59046,36.70045],[128.59009,36.70064],[128.5899,36.70074],[128.58982,36.70079],[128.58975,36.70088],[128.58924,36.70169],[128.58933,36.70199],[128.58959,36.70208],[128.5897,36.70267],[128.58902,36.70546],[128.58878,36.70588],[128.58706,36.70865],[128.5853,36.70908],[128.58389,36.71304],[128.58222,36.71665],[128.5812,36.71818],[128.58086,36.7185],[128.58036,36.71993],[128.58036,36.72017],[128.58043,36.72036],[128.58049,36.72047],[128.58066,36.72103],[128.58071,36.72144],[128.58072,36.72165],[128.5807,36.7218],[128.58064,36.72194],[128.58014,36.72299],[128.58004,36.7231],[128.57993,36.72317],[128.57964,36.72336],[128.57943,36.72347],[128.57822,36.72396],[128.57795,36.72402],[128.57763,36.72407],[128.57753,36.7241],[128.57738,36.72416],[128.57713,36.72428],[128.5766,36.72459],[128.57645,36.72468],[128.5764,36.72471],[128.57627,36.7248],[128.57618,36.72486],[128.57615,36.72492],[128.57614,36.72499],[128.57616,36.72508],[128.57624,36.72544],[128.57658,36.7268],[128.57661,36.7269],[128.57667,36.72701],[128.57681,36.72713],[128.57689,36.72722],[128.57695,36.72732],[128.577,36.72742],[128.57701,36.7275],[128.5773,36.72877],[128.57731,36.72887],[128.57733,36.72901],[128.57732,36.72922],[128.57732,36.72938],[128.5773,36.72955],[128.57728,36.72965],[128.57728,36.72968],[128.57726,36.72972],[128.57722,36.72976],[128.57713,36.72988],[128.57705,36.72993],[128.57852,36.73214],[128.57947,36.73273],[128.58016,36.73335],[128.58046,36.73389],[128.58114,36.73534],[128.5814,36.73572],[128.58169,36.73603],[128.58199,36.73611],[128.58226,36.73613],[128.58243,36.73609],[128.58262,36.73601],[128.58375,36.73533],[128.58396,36.73508],[128.58452,36.73467],[128.58476,36.73454],[128.58515,36.73436],[128.58651,36.73501],[128.58762,36.73619],[128.58894,36.73769],[128.58924,36.73801],[128.58983,36.73857],[128.59456,36.74124],[128.59591,36.74118],[128.59602,36.74124],[128.59647,36.7416],[128.59689,36.74197],[128.59749,36.74278],[128.59751,36.7429],[128.59748,36.74305],[128.59734,36.74323],[128.59693,36.74391],[128.59666,36.74446],[128.59648,36.74489],[128.59666,36.7453],[128.59809,36.74935],[128.59932,36.75357],[128.60034,36.75495],[128.60127,36.75623],[128.60131,36.75658],[128.60123,36.75688],[128.60101,36.75721],[128.60075,36.75771],[128.60044,36.75948],[128.60045,36.75989],[128.60089,36.7607],[128.6016,36.76215],[128.60169,36.76241],[128.60166,36.76366],[128.6016,36.76505],[128.60119,36.76538],[128.60108,36.76571],[128.60079,36.76665],[128.60073,36.76698],[128.60056,36.76835],[128.60055,36.76847],[128.60055,36.76855],[128.60021,36.77396],[128.60025,36.7741],[128.60208,36.77836],[128.60227,36.77862],[128.60235,36.77869],[128.60714,36.78339],[128.60818,36.78441],[128.61141,36.78282],[128.61239,36.78245],[128.61246,36.7824],[128.61299,36.78122],[128.614,36.77835],[128.61486,36.77543],[128.61592,36.77248],[128.61656,36.77147],[128.61668,36.77139],[128.62031,36.77006],[128.62105,36.76979],[128.62125,36.76972],[128.62155,36.76967],[128.62188,36.76968],[128.62205,36.76975],[128.62216,36.76991],[128.62235,36.77052],[128.62244,36.77081],[128.62247,36.77104],[128.62243,36.77143],[128.6223,36.77188],[128.62197,36.77249],[128.62144,36.77323],[128.6201,36.77518],[128.61995,36.77543],[128.6198,36.77578],[128.61971,36.77604],[128.61954,36.77673],[128.6196,36.7779],[128.61997,36.77869],[128.62024,36.77898],[128.62072,36.77942],[128.62135,36.77989],[128.62189,36.78019],[128.62247,36.7804],[128.62366,36.78048],[128.62445,36.78056],[128.62793,36.78101],[128.62828,36.7811],[128.62898,36.78134],[128.63049,36.78202],[128.63146,36.78289],[128.63248,36.784],[128.63276,36.78451],[128.63307,36.78522],[128.63358,36.78674],[128.63355,36.78728],[128.63343,36.78788],[128.633,36.78927],[128.63276,36.78982],[128.63265,36.79007],[128.632,36.79114],[128.63041,36.79312],[128.63381,36.79493],[128.63416,36.79486],[128.63561,36.79402],[128.63614,36.7934],[128.63722,36.7919],[128.63921,36.79071],[128.64484,36.78955],[128.64781,36.78963],[128.64815,36.78978]]]]}},{"type":"Feature","properties":{"code":"47210340","name":"장수면","parent":"47210"},"geometry":{"type":"MultiPolygon","coordinates":[[[[128.59317,36.81582],[128.59184,36.81422],[128.59177,36.81408],[128.59171,36.81379],[128.5917,36.81333],[128.59175,36.81288],[128.59185,36.81259],[128.59253,36.81075],[128.59259,36.81071],[128.59461,36.80809],[128.59622,36.80504],[128.59646,36.8029],[128.59577,36.80012],[128.59264,36.79695],[128.59263,36.79686],[128.59261,36.79651],[128.59257,36.7957],[128.59255,36.79554],[128.59247,36.79529],[128.59228,36.79495],[128.59207,36.79469],[128.59,36.79298],[128.58828,36.79041],[128.58822,36.79027],[128.58824,36.79023],[128.58828,36.7902],[128.59268,36.78942],[128.59494,36.78966],[128.59569,36.78994],[128.59685,36.79039],[128.59868,36.79117],[128.59885,36.79122],[128.60082,36.7916],[128.60108,36.79165],[128.6012,36.79166],[128.60262,36.79147],[128.60274,36.79143],[128.60277,36.79138],[128.60279,36.79121],[128.60283,36.79088],[128.60282,36.79078],[128.60272,36.79045],[128.60262,36.79013],[128.60259,36.79001],[128.60264,36.78991],[128.60445,36.78731],[128.6047,36.78702],[128.60499,36.78678],[128.6051,36.78669],[128.60521,36.7866],[128.6058,36.78625],[128.6074,36.7851],[128.60818,36.78441],[128.60714,36.78339],[128.60235,36.77869],[128.60227,36.77862],[128.60208,36.77836],[128.60025,36.7741],[128.60021,36.77396],[128.60055,36.76855],[128.60055,36.76847],[128.60056,36.76835],[128.60073,36.76698],[128.60079,36.76665],[128.60108,36.76571],[128.60119,36.76538],[128.6016,36.76505],[128.60166,36.76366],[128.60169,36.76241],[128.6016,36.76215],[128.60089,36.7607],[128.60045,36.75989],[128.60044,36.75948],[128.60075,36.75771],[128.60101,36.75721],[128.60123,36.75688],[128.60131,36.75658],[128.60127,36.75623],[128.60034,36.75495],[128.59932,36.75357],[128.59809,36.74935],[128.59666,36.7453],[128.59648,36.74489],[128.59666,36.74446],[128.59693,36.74391],[128.59734,36.74323],[128.59748,36.74305],[128.59751,36.7429],[128.59749,36.74278],[128.59689,36.74197],[128.59647,36.7416],[128.59602,36.74124],[128.59591,36.74118],[128.59456,36.74124],[128.58983,36.73857],[128.58924,36.73801],[128.58894,36.73769],[128.58762,36.73619],[128.58651,36.73501],[128.58515,36.73436],[128.58476,36.73454],[128.58452,36.73467],[128.58396,36.73508],[128.58375,36.73533],[128.58262,36.73601],[128.58243,36.73609],[128.58226,36.73613],[128.58199,36.73611],[128.58169,36.73603],[128.5814,36.73572],[128.58114,36.73534],[128.58046,36.73389],[128.58016,36.73335],[128.57947,36.73273],[128.57852,36.73214],[128.57816,36.73256],[128.57767,36.73313],[128.5768,36.73408],[128.5758,36.73474],[128.57352,36.73593],[128.57288,36.73624],[128.57231,36.73625],[128.57127,36.73603],[128.57067,36.73585],[128.57034,36.73579],[128.5701,36.73579],[128.56986,36.73611],[128.56899,36.73868],[128.56895,36.73948],[128.56901,36.73982],[128.56933,36.74055],[128.56973,36.74092],[128.56997,36.74108],[128.57039,36.74186],[128.57068,36.74272],[128.57068,36.74298],[128.56855,36.74651],[128.56817,36.7468],[128.56711,36.74728],[128.56563,36.75075],[128.56601,36.75164],[128.56607,36.75184],[128.56612,36.75224],[128.56601,36.75256],[128.56503,36.75393],[128.56461,36.75427],[128.56445,36.75432],[128.56388,36.75447],[128.56246,36.7577],[128.56145,36.76012],[128.55917,36.76035],[128.55577,36.76097],[128.55564,36.76102],[128.55559,36.76106],[128.55371,36.76265],[128.55362,36.76276],[128.55172,36.76532],[128.55168,36.76537],[128.55161,36.76571],[128.55158,36.76754],[128.55158,36.76763],[128.54881,36.7677],[128.54752,36.76657],[128.54746,36.76654],[128.54481,36.76674],[128.5447,36.76676],[128.54265,36.76731],[128.54237,36.7674],[128.54191,36.76763],[128.53937,36.76924],[128.5393,36.7693],[128.53926,36.76936],[128.53924,36.76942],[128.53924,36.76949],[128.53927,36.77014],[128.53939,36.77055],[128.53941,36.7707],[128.53942,36.77082],[128.53937,36.77091],[128.53784,36.77256],[128.53774,36.77267],[128.53763,36.77275],[128.53745,36.77286],[128.53661,36.77336],[128.53657,36.77336],[128.53417,36.77318],[128.5341,36.77316],[128.53255,36.7727],[128.53246,36.77266],[128.53239,36.7726],[128.53234,36.7725],[128.53232,36.77237],[128.53232,36.77221],[128.53234,36.77199],[128.53234,36.77191],[128.5323,36.77183],[128.53219,36.77174],[128.53201,36.7716],[128.53198,36.77158],[128.53024,36.77094],[128.53014,36.77091],[128.5253,36.7701],[128.5252,36.77009],[128.52459,36.77006],[128.52431,36.77006],[128.52347,36.77015],[128.52335,36.77017],[128.52313,36.77021],[128.52305,36.77025],[128.52295,36.77034],[128.52277,36.77052],[128.52264,36.77066],[128.5225,36.77079],[128.52238,36.7709],[128.52156,36.77148],[128.52144,36.77157],[128.52136,36.7716],[128.5212,36.77164],[128.52098,36.77165],[128.52079,36.77164],[128.51917,36.77141],[128.51909,36.77139],[128.51903,36.77137],[128.5186,36.77094],[128.51857,36.7709],[128.51853,36.77084],[128.51851,36.77073],[128.51849,36.77067],[128.51843,36.77057],[128.51833,36.77047],[128.51812,36.77029],[128.51799,36.77019],[128.51626,36.76927],[128.51615,36.76926],[128.51602,36.76927],[128.51568,36.76937],[128.51549,36.76944],[128.51528,36.76957],[128.51511,36.77032],[128.51383,36.77348],[128.51268,36.77646],[128.51113,36.78099],[128.51078,36.78666],[128.51085,36.78802],[128.51088,36.78817],[128.51119,36.78832],[128.51793,36.7904],[128.51846,36.79051],[128.52069,36.79036],[128.5211,36.79029],[128.52134,36.79015],[128.52154,36.78994],[128.52493,36.79225],[128.52708,36.79389],[128.52742,36.79414],[128.52784,36.79425],[128.52904,36.79447],[128.53041,36.79445],[128.53297,36.79322],[128.53353,36.79293],[128.5393,36.78949],[128.54044,36.78855],[128.54064,36.78834],[128.54102,36.78769],[128.54106,36.78741],[128.54105,36.78718],[128.54176,36.78656],[128.543,36.78607],[128.54341,36.78877],[128.54337,36.78938],[128.54286,36.79039],[128.54233,36.79119],[128.54176,36.79201],[128.54137,36.79354],[128.54211,36.79435],[128.5428,36.7951],[128.54302,36.79617],[128.54365,36.80073],[128.54594,36.80622],[128.54898,36.80703],[128.55234,36.80682],[128.55796,36.80471],[128.55973,36.80427],[128.56008,36.80429],[128.56035,36.80438],[128.56049,36.80447],[128.56052,36.80488],[128.56052,36.80517],[128.56072,36.80543],[128.5617,36.80633],[128.56254,36.80696],[128.56382,36.80749],[128.56401,36.8075],[128.56455,36.80748],[128.5649,36.80741],[128.56523,36.80746],[128.56656,36.80799],[128.56788,36.80948],[128.568,36.81016],[128.56901,36.81097],[128.57078,36.81224],[128.57168,36.81262],[128.57283,36.8134],[128.57317,36.81369],[128.57415,36.81496],[128.57427,36.81512],[128.57429,36.81527],[128.57359,36.81665],[128.5728,36.81827],[128.57388,36.81996],[128.57427,36.82042],[128.5741,36.82106],[128.57366,36.82204],[128.57352,36.82224],[128.57138,36.82491],[128.57055,36.82612],[128.57139,36.82675],[128.57215,36.82818],[128.57233,36.8284],[128.5726,36.82845],[128.57897,36.82943],[128.58069,36.82905],[128.58113,36.8287],[128.58135,36.8284],[128.58298,36.82525],[128.58469,36.82395],[128.58608,36.82031],[128.58618,36.82018],[128.58759,36.81922],[128.59179,36.8165],[128.59317,36.81582]]]]}},{"type":"Feature","properties":{"code":"47210350","name":"안정면","parent":"47210"},"geometry":{"type":"MultiPolygon","coordinates":[[[[128.59876,36.87908],[128.59934,36.87647],[128.59953,36.8761],[128.5998,36.87566],[128.59997,36.87541],[128.60096,36.87423],[128.60114,36.87409],[128.60154,36.87384],[128.60196,36.8736],[128.60239,36.8734],[128.60301,36.87325],[128.60416,36.87305],[128.60457,36.87291],[128.60556,36.87257],[128.60727,36.87194],[128.60861,36.87139],[128.60898,36.87115],[128.60929,36.87094],[128.60955,36.87074],[128.60967,36.87045],[128.60972,36.8703],[128.6098,36.86961],[128.60981,36.86919],[128.60971,36.86842],[128.60863,36.86847],[128.60318,36.86798],[128.60062,36.86663],[128.60072,36.86651],[128.60086,36.86612],[128.60088,36.86578],[128.60043,36.86361],[128.60003,36.86211],[128.59995,36.86202],[128.59982,36.86196],[128.59967,36.86193],[128.59919,36.86187],[128.59856,36.86184],[128.59756,36.862],[128.59652,36.86237],[128.59629,36.86247],[128.59602,36.86268],[128.59587,36.86289],[128.59573,36.86324],[128.59555,36.8635],[128.59547,36.86358],[128.59525,36.86373],[128.59321,36.86441],[128.59206,36.86468],[128.59186,36.86471],[128.59165,36.86475],[128.5914,36.86474],[128.5912,36.86472],[128.59107,36.86468],[128.59099,36.86456],[128.59096,36.86434],[128.59128,36.86346],[128.59135,36.86336],[128.5915,36.86323],[128.59159,36.86318],[128.59172,36.86313],[128.59236,36.86144],[128.59235,36.86123],[128.59233,36.86084],[128.59231,36.86063],[128.59227,36.86015],[128.5922,36.85974],[128.59211,36.85928],[128.59201,36.85904],[128.59192,36.85892],[128.59179,36.85883],[128.59169,36.85883],[128.59156,36.85891],[128.59117,36.85911],[128.59112,36.85912],[128.59101,36.85905],[128.59054,36.85864],[128.59039,36.8585],[128.59028,36.85831],[128.5901,36.85798],[128.58997,36.85763],[128.58822,36.85233],[128.58807,36.8503],[128.58697,36.84825],[128.58574,36.8472],[128.58464,36.84519],[128.58402,36.8435],[128.58402,36.84315],[128.58399,36.84296],[128.58396,36.8428],[128.58326,36.84153],[128.58283,36.84133],[128.58106,36.84132],[128.58068,36.84135],[128.58032,36.84139],[128.57984,36.84149],[128.57973,36.84154],[128.57949,36.84169],[128.57931,36.8418],[128.57921,36.84185],[128.57907,36.8419],[128.57887,36.84194],[128.57871,36.84196],[128.57849,36.84199],[128.57834,36.84196],[128.57823,36.84192],[128.57816,36.84189],[128.57807,36.84184],[128.57798,36.84174],[128.57795,36.8417],[128.57794,36.84168],[128.57787,36.84158],[128.57785,36.84156],[128.57773,36.84135],[128.57757,36.84101],[128.57756,36.84095],[128.57756,36.84089],[128.57758,36.84085],[128.57766,36.8408],[128.57772,36.84077],[128.57856,36.84043],[128.57995,36.83989],[128.58071,36.8396],[128.5812,36.83942],[128.58145,36.83932],[128.58148,36.8393],[128.58146,36.83926],[128.58106,36.83847],[128.57874,36.83905],[128.57853,36.83911],[128.57777,36.83938],[128.57752,36.83947],[128.57718,36.83959],[128.57627,36.83996],[128.57598,36.84008],[128.57557,36.84021],[128.57524,36.84031],[128.57459,36.84048],[128.57436,36.8405],[128.57399,36.8405],[128.57365,36.84049],[128.5734,36.84046],[128.57252,36.84035],[128.57233,36.84031],[128.572,36.84015],[128.57156,36.83988],[128.56826,36.83758],[128.56806,36.83743],[128.56788,36.83729],[128.56778,36.83719],[128.56777,36.8371],[128.56764,36.83594],[128.56704,36.83379],[128.56531,36.82985],[128.56522,36.82967],[128.56714,36.82707],[128.56927,36.8267],[128.56946,36.82664],[128.57055,36.82612],[128.57138,36.82491],[128.57352,36.82224],[128.57366,36.82204],[128.5741,36.82106],[128.57427,36.82042],[128.57388,36.81996],[128.5728,36.81827],[128.57359,36.81665],[128.57429,36.81527],[128.57427,36.81512],[128.57415,36.81496],[128.57317,36.81369],[128.57283,36.8134],[128.57168,36.81262],[128.57078,36.81224],[128.56901,36.81097],[128.568,36.81016],[128.56788,36.80948],[128.56656,36.80799],[128.56523,36.80746],[128.5649,36.80741],[128.56455,36.80748],[128.56401,36.8075],[128.56382,36.80749],[128.56254,36.80696],[128.5617,36.80633],[128.56072,36.80543],[128.56052,36.80517],[128.56052,36.80488],[128.56049,36.80447],[128.56035,36.80438],[128.56008,36.80429],[128.55973,36.80427],[128.55796,36.80471],[128.55234,36.80682],[128.54898,36.80703],[128.54594,36.80622],[128.54365,36.80073],[128.54302,36.79617],[128.5428,36.7951],[128.54211,36.79435],[128.54137,36.79354],[128.54176,36.79201],[128.54233,36.79119],[128.54286,36.79039],[128.54337,36.78938],[128.54341,36.78877],[128.543,36.78607],[128.54176,36.78656],[128.54105,36.78718],[128.54106,36.78741],[128.54102,36.78769],[128.54064,36.78834],[128.54044,36.78855],[128.5393,36.78949],[128.53353,36.79293],[128.53297,36.79322],[128.53041,36.79445],[128.52904,36.79447],[128.52784,36.79425],[128.52742,36.79414],[128.52708,36.79389],[128.52493,36.79225],[128.52154,36.78994],[128.52134,36.79015],[128.5211,36.79029],[128.52069,36.79036],[128.51846,36.79051],[128.51793,36.7904],[128.51119,36.78832],[128.51136,36.78888],[128.51184,36.79037],[128.51279,36.79312],[128.51313,36.79392],[128.51383,36.79534],[128.51716,36.80037],[128.51931,36.80183],[128.5194,36.80187],[128.51948,36.80195],[128.51964,36.80217],[128.51986,36.80253],[128.5205,36.80387],[128.52057,36.80405],[128.52064,36.80425],[128.52068,36.80435],[128.52121,36.80743],[128.5212,36.80751],[128.52117,36.80763],[128.52088,36.80817],[128.52161,36.81149],[128.52251,36.81487],[128.52323,36.81683],[128.52323,36.81687],[128.52328,36.81772],[128.52326,36.81789],[128.52265,36.82134],[128.52235,36.82192],[128.52296,36.82411],[128.52355,36.82448],[128.52366,36.82457],[128.52372,36.82466],[128.52479,36.82744],[128.52559,36.8297],[128.5256,36.82981],[128.52566,36.82999],[128.52601,36.83084],[128.52611,36.83102],[128.52625,36.83119],[128.52646,36.83139],[128.52675,36.83152],[128.52701,36.83158],[128.52732,36.83166],[128.52759,36.83176],[128.52779,36.83186],[128.528,36.83199],[128.52816,36.83213],[128.52833,36.8323],[128.52861,36.83268],[128.52878,36.83294],[128.52962,36.83438],[128.52968,36.83453],[128.52979,36.83483],[128.52991,36.83525],[128.52994,36.83537],[128.53001,36.83565],[128.53001,36.83574],[128.52996,36.83587],[128.52984,36.83604],[128.52938,36.83671],[128.52891,36.83752],[128.52799,36.83978],[128.52797,36.83986],[128.52797,36.83992],[128.52854,36.84115],[128.5286,36.84122],[128.52868,36.84129],[128.53029,36.84247],[128.53262,36.84391],[128.53357,36.84579],[128.53503,36.84879],[128.53523,36.84946],[128.53554,36.85049],[128.53557,36.8506],[128.53557,36.85067],[128.53556,36.85148],[128.53554,36.85171],[128.53264,36.85374],[128.53355,36.85676],[128.53391,36.8576],[128.53398,36.8577],[128.53635,36.86089],[128.53648,36.86097],[128.53747,36.86153],[128.53751,36.86155],[128.53784,36.86166],[128.538,36.86169],[128.53811,36.86167],[128.53826,36.8616],[128.53854,36.86137],[128.53882,36.86114],[128.53912,36.86088],[128.53938,36.86052],[128.53959,36.86009],[128.53976,36.85991],[128.54059,36.85929],[128.5408,36.85916],[128.54481,36.85756],[128.54497,36.85752],[128.54512,36.85756],[128.546,36.85799],[128.54631,36.85817],[128.54652,36.85833],[128.54662,36.85845],[128.54727,36.85939],[128.54748,36.85979],[128.54892,36.86258],[128.54968,36.86577],[128.55091,36.86856],[128.55375,36.87358],[128.55593,36.87575],[128.5562,36.87614],[128.55612,36.87714],[128.5561,36.87724],[128.55594,36.87789],[128.55592,36.87795],[128.55589,36.87803],[128.55566,36.8782],[128.5554,36.8784],[128.55531,36.87845],[128.5543,36.87859],[128.55424,36.87857],[128.55416,36.87854],[128.55378,36.87834],[128.55359,36.8782],[128.55352,36.87818],[128.55189,36.87822],[128.549,36.87926],[128.548,36.87995],[128.54784,36.88011],[128.5478,36.88024],[128.5478,36.88031],[128.54841,36.88469],[128.54965,36.88766],[128.55053,36.88851],[128.55313,36.8935],[128.55297,36.89423],[128.55239,36.89591],[128.55225,36.89617],[128.55209,36.89639],[128.55149,36.89705],[128.55151,36.89718],[128.55156,36.89719],[128.55185,36.89728],[128.55558,36.89771],[128.56092,36.8985],[128.56095,36.89852],[128.56246,36.8994],[128.5626,36.89929],[128.56273,36.89919],[128.56497,36.89837],[128.56636,36.898],[128.56648,36.89791],[128.56692,36.8976],[128.56694,36.89755],[128.56671,36.89627],[128.56667,36.8962],[128.56655,36.89611],[128.56571,36.89482],[128.5665,36.88985],[128.56656,36.88968],[128.56671,36.88946],[128.56685,36.8893],[128.56753,36.88858],[128.57106,36.88496],[128.57262,36.88416],[128.57528,36.88322],[128.57694,36.88313],[128.57708,36.88313],[128.57717,36.88317],[128.57727,36.88322],[128.57752,36.88337],[128.57799,36.8837],[128.57858,36.88415],[128.57872,36.88429],[128.57886,36.88445],[128.57925,36.88471],[128.57938,36.88479],[128.57954,36.88485],[128.58151,36.88496],[128.58172,36.88494],[128.58304,36.88475],[128.58313,36.88473],[128.5832,36.88469],[128.58324,36.88464],[128.58515,36.88303],[128.58758,36.88118],[128.58776,36.88109],[128.588,36.88103],[128.59112,36.88039],[128.59217,36.88018],[128.59253,36.88017],[128.59279,36.88019],[128.59292,36.88023],[128.59321,36.8804],[128.59349,36.88063],[128.59364,36.88073],[128.59373,36.88078],[128.59472,36.88105],[128.59483,36.88108],[128.59511,36.88114],[128.59526,36.88114],[128.59547,36.88112],[128.5958,36.88104],[128.59623,36.88091],[128.59658,36.88074],[128.5967,36.88067],[128.59695,36.88052],[128.59711,36.8804],[128.59728,36.88029],[128.59855,36.87934],[128.59876,36.87908]]]]}},{"type":"Feature","properties":{"code":"47210360","name":"봉현면","parent":"47210"},"geometry":{"type":"MultiPolygon","coordinates":[[[[128.53648,36.86097],[128.53635,36.86089],[128.53398,36.8577],[128.53391,36.8576],[128.53355,36.85676],[128.53264,36.85374],[128.53554,36.85171],[128.53556,36.85148],[128.53557,36.85067],[128.53557,36.8506],[128.53554,36.85049],[128.53523,36.84946],[128.53503,36.84879],[128.53357,36.84579],[128.53262,36.84391],[128.53029,36.84247],[128.52868,36.84129],[128.5286,36.84122],[128.52854,36.84115],[128.52797,36.83992],[128.52797,36.83986],[128.52799,36.83978],[128.52891,36.83752],[128.52938,36.83671],[128.52984,36.83604],[128.52996,36.83587],[128.53001,36.83574],[128.53001,36.83565],[128.52994,36.83537],[128.52991,36.83525],[128.52979,36.83483],[128.52968,36.83453],[128.52962,36.83438],[128.52878,36.83294],[128.52861,36.83268],[128.52833,36.8323],[128.52816,36.83213],[128.528,36.83199],[128.52779,36.83186],[128.52759,36.83176],[128.52732,36.83166],[128.52701,36.83158],[128.52675,36.83152],[128.52646,36.83139],[128.52625,36.83119],[128.52611,36.83102],[128.52601,36.83084],[128.52566,36.82999],[128.5256,36.82981],[128.52559,36.8297],[128.52479,36.82744],[128.52372,36.82466],[128.52366,36.82457],[128.52355,36.82448],[128.52296,36.82411],[128.52235,36.82192],[128.52265,36.82134],[128.52326,36.81789],[128.52328,36.81772],[128.52323,36.81687],[128.52323,36.81683],[128.52251,36.81487],[128.52161,36.81149],[128.52088,36.80817],[128.52117,36.80763],[128.5212,36.80751],[128.52121,36.80743],[128.52068,36.80435],[128.52064,36.80425],[128.52057,36.80405],[128.5205,36.80387],[128.51986,36.80253],[128.51964,36.80217],[128.51948,36.80195],[128.5194,36.80187],[128.51931,36.80183],[128.51716,36.80037],[128.51383,36.79534],[128.51313,36.79392],[128.51279,36.79312],[128.51184,36.79037],[128.51136,36.78888],[128.51119,36.78832],[128.51088,36.78817],[128.51085,36.78802],[128.51078,36.78666],[128.51113,36.78099],[128.51268,36.77646],[128.51383,36.77348],[128.51511,36.77032],[128.51528,36.76957],[128.5135,36.76879],[128.51325,36.76867],[128.51301,36.76854],[128.51223,36.76805],[128.51208,36.76795],[128.51201,36.7679],[128.51188,36.76778],[128.51184,36.76772],[128.51175,36.76756],[128.51111,36.76702],[128.50835,36.76477],[128.50818,36.76465],[128.5075,36.76422],[128.50724,36.76408],[128.50714,36.76404],[128.50664,36.76386],[128.50646,36.76381],[128.50637,36.7638],[128.49984,36.76476],[128.49912,36.76492],[128.49848,36.76528],[128.49784,36.76587],[128.49709,36.76677],[128.49688,36.76704],[128.49668,36.76733],[128.49652,36.76757],[128.49648,36.76765],[128.49638,36.76783],[128.49625,36.76809],[128.49612,36.76837],[128.49606,36.7685],[128.49598,36.76871],[128.49597,36.76889],[128.49591,36.76906],[128.49568,36.76959],[128.49498,36.77032],[128.49477,36.77045],[128.4937,36.77091],[128.49356,36.77096],[128.49339,36.77101],[128.49031,36.77189],[128.4864,36.77449],[128.48299,36.77629],[128.48225,36.77675],[128.48002,36.7766],[128.47795,36.77624],[128.47783,36.77622],[128.47758,36.77621],[128.47732,36.77621],[128.47718,36.77622],[128.47699,36.77625],[128.47484,36.77666],[128.47429,36.78166],[128.47476,36.78227],[128.47543,36.78325],[128.4759,36.78417],[128.47623,36.78486],[128.47647,36.78645],[128.47648,36.78655],[128.47579,36.79375],[128.47478,36.79815],[128.47419,36.79966],[128.47414,36.79979],[128.47408,36.79989],[128.47391,36.80012],[128.47388,36.80015],[128.47386,36.80018],[128.47367,36.80036],[128.47363,36.80039],[128.47293,36.80098],[128.47285,36.80102],[128.47277,36.80105],[128.47264,36.80107],[128.47252,36.80109],[128.4724,36.80111],[128.47228,36.80115],[128.47222,36.80118],[128.47217,36.80122],[128.47193,36.80147],[128.47183,36.8016],[128.47174,36.80174],[128.47166,36.80192],[128.47099,36.80345],[128.47098,36.8036],[128.47138,36.80587],[128.47145,36.80608],[128.47179,36.80703],[128.47189,36.80728],[128.47194,36.80736],[128.47234,36.80807],[128.47277,36.80883],[128.47315,36.81072],[128.47309,36.81143],[128.47301,36.81169],[128.47288,36.81222],[128.47284,36.81248],[128.47279,36.813],[128.47281,36.81335],[128.47283,36.81352],[128.47289,36.81366],[128.47427,36.81689],[128.47435,36.81704],[128.47443,36.81718],[128.47456,36.81732],[128.4747,36.81748],[128.47483,36.81757],[128.475,36.81762],[128.47507,36.81764],[128.4753,36.81764],[128.47537,36.81762],[128.47555,36.81759],[128.47607,36.81757],[128.47617,36.81757],[128.47627,36.81759],[128.47634,36.81762],[128.47656,36.81774],[128.47684,36.81795],[128.477,36.81808],[128.47712,36.81821],[128.47717,36.81831],[128.47779,36.81962],[128.47785,36.81978],[128.47818,36.82138],[128.47819,36.82154],[128.47818,36.82165],[128.47815,36.82179],[128.47811,36.82194],[128.47802,36.82221],[128.47794,36.82237],[128.47791,36.8225],[128.4779,36.82265],[128.4779,36.82278],[128.47794,36.82297],[128.47798,36.82309],[128.47826,36.82398],[128.4783,36.82405],[128.47868,36.82469],[128.48004,36.82659],[128.48012,36.82669],[128.48034,36.82689],[128.48062,36.82711],[128.48075,36.82718],[128.48087,36.82721],[128.48109,36.82722],[128.48135,36.82723],[128.48145,36.82723],[128.48154,36.82726],[128.48158,36.8273],[128.48187,36.8277],[128.48193,36.82789],[128.48249,36.82986],[128.48158,36.83368],[128.48126,36.83492],[128.48124,36.83498],[128.48121,36.83502],[128.48117,36.83506],[128.4811,36.8351],[128.48101,36.83516],[128.47989,36.8358],[128.47911,36.83617],[128.4789,36.83617],[128.47883,36.83618],[128.47879,36.83619],[128.47875,36.8362],[128.47871,36.83621],[128.47866,36.83623],[128.47861,36.83626],[128.47748,36.83687],[128.4755,36.83795],[128.47548,36.83797],[128.47543,36.83801],[128.47477,36.8387],[128.47471,36.83876],[128.47467,36.83881],[128.47459,36.83895],[128.47457,36.839],[128.47455,36.83908],[128.47454,36.83913],[128.47451,36.83931],[128.473,36.84066],[128.47118,36.84195],[128.46946,36.84293],[128.46836,36.84337],[128.46644,36.84437],[128.46389,36.84585],[128.46298,36.84667],[128.4621,36.84683],[128.46089,36.84633],[128.45932,36.84555],[128.45927,36.84554],[128.45921,36.84553],[128.45917,36.84553],[128.4591,36.84555],[128.45887,36.84562],[128.45854,36.84575],[128.45839,36.84582],[128.45767,36.84618],[128.45747,36.84631],[128.45738,36.84637],[128.45734,36.8464],[128.4573,36.84646],[128.45702,36.84677],[128.45694,36.84686],[128.45686,36.84693],[128.4568,36.84697],[128.45676,36.84699],[128.4567,36.84701],[128.45651,36.84707],[128.45637,36.84712],[128.45616,36.84716],[128.45594,36.8472],[128.45573,36.84722],[128.45555,36.84723],[128.4554,36.84724],[128.45521,36.84724],[128.455,36.84723],[128.45482,36.84722],[128.4539,36.84718],[128.44911,36.84891],[128.44889,36.84971],[128.44833,36.85167],[128.44802,36.85207],[128.44792,36.8522],[128.44774,36.8524],[128.44714,36.85458],[128.44773,36.8613],[128.44776,36.86143],[128.44779,36.86156],[128.44785,36.86172],[128.44788,36.8618],[128.44793,36.86189],[128.44798,36.86198],[128.4483,36.86252],[128.44843,36.86271],[128.44851,36.86283],[128.44892,36.86339],[128.45705,36.8631],[128.45801,36.86308],[128.45864,36.86311],[128.45909,36.86319],[128.46323,36.86424],[128.46596,36.86486],[128.46605,36.86487],[128.46629,36.86489],[128.46668,36.86488],[128.46865,36.8648],[128.4689,36.86477],[128.46917,36.86472],[128.46949,36.86468],[128.46998,36.86467],[128.47101,36.86468],[128.47126,36.86468],[128.47318,36.86474],[128.47382,36.86478],[128.47406,36.8648],[128.47425,36.86485],[128.47731,36.86572],[128.47742,36.86575],[128.47755,36.86581],[128.47775,36.8659],[128.4819,36.86682],[128.48631,36.86721],[128.49317,36.86813],[128.49337,36.86817],[128.4935,36.86822],[128.49368,36.86828],[128.49383,36.86835],[128.49403,36.86848],[128.49422,36.86863],[128.49706,36.87085],[128.498,36.87158],[128.5012,36.87325],[128.50456,36.87453],[128.50558,36.87465],[128.50589,36.87465],[128.50702,36.87449],[128.50728,36.87429],[128.50815,36.87435],[128.50845,36.87433],[128.5116,36.87399],[128.51171,36.87397],[128.51461,36.87263],[128.51474,36.87256],[128.51489,36.87242],[128.51501,36.87222],[128.51518,36.872],[128.51541,36.87179],[128.51601,36.87131],[128.51615,36.8712],[128.51716,36.87055],[128.51738,36.87043],[128.52305,36.86754],[128.52323,36.86747],[128.52711,36.86618],[128.52988,36.86377],[128.53469,36.8616],[128.53499,36.86148],[128.53585,36.86115],[128.53618,36.86104],[128.53648,36.86097]]]]}},{"type":"Feature","properties":{"code":"47210370","name":"순흥면","parent":"47210"},"geometry":{"type":"MultiPolygon","coordinates":[[[[128.59876,36.87908],[128.59855,36.87934],[128.59728,36.88029],[128.59711,36.8804],[128.59695,36.88052],[128.5967,36.88067],[128.59658,36.88074],[128.59623,36.88091],[128.5958,36.88104],[128.59547,36.88112],[128.59526,36.88114],[128.59511,36.88114],[128.59483,36.88108],[128.59472,36.88105],[128.59373,36.88078],[128.59364,36.88073],[128.59349,36.88063],[128.59321,36.8804],[128.59292,36.88023],[128.59279,36.88019],[128.59253,36.88017],[128.59217,36.88018],[128.59112,36.88039],[128.588,36.88103],[128.58776,36.88109],[128.58758,36.88118],[128.58515,36.88303],[128.58324,36.88464],[128.5832,36.88469],[128.58313,36.88473],[128.58304,36.88475],[128.58172,36.88494],[128.58151,36.88496],[128.57954,36.88485],[128.57938,36.88479],[128.57925,36.88471],[128.57886,36.88445],[128.57872,36.88429],[128.57858,36.88415],[128.57799,36.8837],[128.57752,36.88337],[128.57727,36.88322],[128.57717,36.88317],[128.57708,36.88313],[128.57694,36.88313],[128.57528,36.88322],[128.57262,36.88416],[128.57106,36.88496],[128.56753,36.88858],[128.56685,36.8893],[128.56671,36.88946],[128.56656,36.88968],[128.5665,36.88985],[128.56571,36.89482],[128.56655,36.89611],[128.56667,36.8962],[128.56671,36.89627],[128.56694,36.89755],[128.56692,36.8976],[128.56648,36.89791],[128.56636,36.898],[128.56497,36.89837],[128.56273,36.89919],[128.5626,36.89929],[128.56246,36.8994],[128.56095,36.89852],[128.56092,36.8985],[128.55558,36.89771],[128.55185,36.89728],[128.55156,36.89719],[128.55151,36.89718],[128.55149,36.89705],[128.55066,36.89735],[128.54834,36.899],[128.5482,36.89922],[128.54809,36.89946],[128.54795,36.8999],[128.54784,36.90018],[128.54766,36.90055],[128.54602,36.90278],[128.54596,36.90286],[128.54594,36.90288],[128.54535,36.90324],[128.54514,36.90335],[128.54489,36.90346],[128.54155,36.90456],[128.54133,36.90458],[128.54119,36.90458],[128.53945,36.90452],[128.53773,36.90449],[128.5376,36.90452],[128.53457,36.90617],[128.53321,36.90697],[128.53316,36.90702],[128.53312,36.90716],[128.53306,36.90738],[128.53306,36.90747],[128.53308,36.90758],[128.53327,36.90852],[128.53331,36.90861],[128.53345,36.90874],[128.53353,36.90882],[128.53362,36.90927],[128.53368,36.91019],[128.53369,36.91059],[128.53367,36.91065],[128.53351,36.91103],[128.53204,36.91342],[128.53196,36.91347],[128.53045,36.91431],[128.52968,36.91461],[128.52935,36.9147],[128.52905,36.91479],[128.52867,36.91492],[128.52843,36.91503],[128.5279,36.91529],[128.52768,36.91544],[128.52756,36.91554],[128.52425,36.92048],[128.52415,36.92065],[128.52392,36.92115],[128.52371,36.92165],[128.52343,36.92265],[128.52339,36.92281],[128.52336,36.92295],[128.52331,36.92335],[128.52331,36.92348],[128.52336,36.92367],[128.52339,36.92377],[128.52339,36.92385],[128.52335,36.92398],[128.52277,36.92531],[128.5202,36.92636],[128.51789,36.92699],[128.51529,36.92951],[128.51332,36.93381],[128.51325,36.93397],[128.51281,36.93582],[128.51281,36.93599],[128.51283,36.9362],[128.51286,36.9363],[128.51297,36.93652],[128.51258,36.93801],[128.51155,36.94057],[128.50873,36.94431],[128.5086,36.94443],[128.50692,36.9459],[128.50395,36.94843],[128.50327,36.94887],[128.50315,36.94893],[128.50291,36.94901],[128.50257,36.94908],[128.50227,36.94913],[128.50109,36.94905],[128.50059,36.949],[128.50025,36.94893],[128.49982,36.94882],[128.49966,36.94881],[128.49936,36.94892],[128.49102,36.95269],[128.49094,36.95275],[128.49044,36.95318],[128.48933,36.95427],[128.4882,36.95559],[128.48814,36.95567],[128.48802,36.95579],[128.487,36.95664],[128.48663,36.95691],[128.48645,36.95703],[128.48627,36.95714],[128.48508,36.95744],[128.48496,36.95746],[128.48519,36.96013],[128.4852,36.96022],[128.48547,36.96153],[128.48551,36.96167],[128.48552,36.96171],[128.48566,36.96181],[128.48594,36.96201],[128.4861,36.96209],[128.48817,36.96315],[128.48831,36.96322],[128.48843,36.96326],[128.48897,36.96345],[128.48911,36.96348],[128.48976,36.96352],[128.49049,36.96361],[128.49148,36.96375],[128.49344,36.96437],[128.49511,36.96499],[128.50377,36.96867],[128.50486,36.96914],[128.50655,36.97009],[128.5067,36.97019],[128.50674,36.97027],[128.50684,36.9717],[128.50685,36.97192],[128.50685,36.972],[128.50985,36.97453],[128.5124,36.97583],[128.51262,36.97594],[128.51276,36.97602],[128.51287,36.97609],[128.51355,36.97669],[128.51363,36.97681],[128.51524,36.97656],[128.51923,36.97585],[128.51944,36.97579],[128.51959,36.97579],[128.5198,36.97582],[128.5201,36.97592],[128.52129,36.97636],[128.5235,36.97671],[128.5246,36.97678],[128.52516,36.97677],[128.52566,36.97669],[128.52584,36.97665],[128.53011,36.97577],[128.53612,36.97399],[128.53859,36.97202],[128.54099,36.97071],[128.54141,36.97063],[128.54205,36.97048],[128.54247,36.97029],[128.54414,36.96952],[128.54655,36.96813],[128.54883,36.96662],[128.55292,36.96388],[128.55529,36.96232],[128.5583,36.96053],[128.56344,36.95713],[128.56376,36.95691],[128.5639,36.95678],[128.56414,36.95653],[128.56427,36.95639],[128.5646,36.95557],[128.5647,36.95519],[128.56474,36.955],[128.56484,36.95477],[128.56495,36.95456],[128.56675,36.95288],[128.56682,36.95283],[128.56863,36.95226],[128.56884,36.95222],[128.57087,36.95202],[128.57433,36.95171],[128.57445,36.95171],[128.57475,36.95172],[128.57505,36.95177],[128.57609,36.95174],[128.5767,36.95167],[128.57794,36.95152],[128.5808,36.95051],[128.58278,36.94979],[128.58278,36.94968],[128.58284,36.94933],[128.5829,36.94916],[128.58301,36.94889],[128.58323,36.9485],[128.58345,36.9483],[128.58473,36.94743],[128.58484,36.94738],[128.58594,36.94726],[128.58598,36.94726],[128.58601,36.94726],[128.58609,36.9473],[128.58638,36.94754],[128.58656,36.94772],[128.58665,36.94775],[128.58671,36.94776],[128.58919,36.9478],[128.58941,36.94776],[128.59029,36.94748],[128.59071,36.94735],[128.59078,36.94729],[128.59235,36.94565],[128.5924,36.94556],[128.59248,36.94534],[128.59402,36.9409],[128.59403,36.94076],[128.59411,36.93599],[128.59392,36.93587],[128.59315,36.9353],[128.59109,36.93339],[128.59077,36.933],[128.59018,36.93191],[128.59041,36.92827],[128.59042,36.92814],[128.59045,36.92802],[128.5905,36.92795],[128.591,36.92731],[128.59168,36.92688],[128.59171,36.92688],[128.59179,36.9269],[128.59204,36.92694],[128.59236,36.92696],[128.5926,36.92692],[128.59316,36.92675],[128.59333,36.92666],[128.59353,36.92653],[128.5939,36.9262],[128.59418,36.92537],[128.59423,36.92518],[128.59419,36.92504],[128.59403,36.92462],[128.59369,36.92406],[128.59358,36.9239],[128.59193,36.92116],[128.59026,36.91805],[128.5901,36.91662],[128.5901,36.91654],[128.59014,36.91645],[128.5903,36.9163],[128.59043,36.91622],[128.59062,36.91597],[128.59088,36.91305],[128.59083,36.91165],[128.5908,36.91151],[128.59066,36.91106],[128.59042,36.91087],[128.59022,36.91081],[128.58999,36.91076],[128.58965,36.91057],[128.58953,36.91046],[128.58854,36.909],[128.5884,36.90877],[128.58809,36.90794],[128.58804,36.90775],[128.58804,36.90765],[128.5883,36.90437],[128.58843,36.90372],[128.59101,36.89656],[128.59247,36.89294],[128.59332,36.88982],[128.59348,36.88868],[128.59389,36.88702],[128.59398,36.88675],[128.59472,36.88627],[128.59494,36.88624],[128.59517,36.88622],[128.59644,36.88613],[128.59714,36.88608],[128.59877,36.88598],[128.59937,36.88595],[128.59949,36.88219],[128.5995,36.88147],[128.59937,36.88082],[128.59876,36.87908]]]]}},{"type":"Feature","properties":{"code":"47210380","name":"단산면","parent":"47210"},"geometry":{"type":"MultiPolygon","coordinates":[[[[128.63029,37.039],[128.6327,37.03804],[128.63439,37.03761],[128.63722,37.03525],[128.63747,37.03499],[128.63777,37.03462],[128.6388,37.03319],[128.63883,37.03298],[128.63893,37.02945],[128.63818,37.02631],[128.63805,37.02612],[128.63517,37.02218],[128.63286,37.01981],[128.63267,37.01972],[128.63249,37.01962],[128.63212,37.01958],[128.63191,37.01958],[128.63151,37.01972],[128.63124,37.01973],[128.62909,37.01969],[128.62783,37.01957],[128.62735,37.01937],[128.62706,37.01917],[128.6264,37.01856],[128.62615,37.01848],[128.6243,37.0184],[128.62319,37.01897],[128.62276,37.01938],[128.61994,37.01963],[128.61942,37.01963],[128.61769,37.019],[128.61338,37.01692],[128.61292,37.01656],[128.61221,37.01551],[128.6115,37.0148],[128.61089,37.01459],[128.61027,37.01446],[128.60939,37.01451],[128.60712,37.01458],[128.60523,37.01411],[128.60471,37.01376],[128.60416,37.01308],[128.60319,37.01203],[128.6008,37.01016],[128.60017,37.00984],[128.59908,37.00966],[128.59828,37.00944],[128.5976,37.00911],[128.59734,37.00883],[128.59723,37.00842],[128.59731,37.00819],[128.59876,37.00592],[128.59928,37.00551],[128.60033,37.00512],[128.60124,37.00494],[128.60218,37.0049],[128.60424,37.00438],[128.60551,37.00386],[128.60729,37.00288],[128.61142,36.99815],[128.61146,36.99805],[128.61181,36.99689],[128.61184,36.99671],[128.61186,36.99599],[128.61182,36.99592],[128.61164,36.99577],[128.6115,36.99562],[128.61142,36.9955],[128.61132,36.9953],[128.61128,36.99517],[128.61133,36.99499],[128.61141,36.99483],[128.6121,36.99378],[128.6122,36.99365],[128.61233,36.99356],[128.61376,36.99263],[128.61591,36.99048],[128.61812,36.9878],[128.62246,36.98243],[128.62253,36.98232],[128.62265,36.98184],[128.62266,36.98169],[128.62245,36.98115],[128.62235,36.98102],[128.62212,36.98082],[128.6218,36.98044],[128.62136,36.97991],[128.62126,36.97976],[128.6202,36.97748],[128.62015,36.97722],[128.62016,36.97706],[128.62017,36.97695],[128.62022,36.97686],[128.62023,36.97683],[128.6204,36.97662],[128.62063,36.97637],[128.6239,36.97399],[128.62532,36.97301],[128.62552,36.97287],[128.62562,36.97281],[128.62656,36.97239],[128.62671,36.97239],[128.62681,36.9724],[128.62713,36.97245],[128.62727,36.97245],[128.62735,36.97243],[128.62761,36.9723],[128.62777,36.97222],[128.62779,36.97218],[128.62813,36.97123],[128.62814,36.97117],[128.62817,36.97097],[128.62816,36.97086],[128.62759,36.96652],[128.62754,36.96636],[128.62846,36.96417],[128.62884,36.9632],[128.62912,36.96144],[128.62911,36.96131],[128.62902,36.96117],[128.62889,36.96102],[128.62873,36.96091],[128.62844,36.96072],[128.62824,36.96064],[128.62797,36.96055],[128.62777,36.96046],[128.62756,36.96036],[128.62744,36.96027],[128.62716,36.96004],[128.627,36.95988],[128.6261,36.95898],[128.62596,36.95879],[128.62587,36.95864],[128.62572,36.95841],[128.62556,36.95805],[128.62537,36.95743],[128.62536,36.95739],[128.62536,36.95733],[128.62542,36.95727],[128.62544,36.95725],[128.62607,36.95686],[128.62641,36.95667],[128.62656,36.95659],[128.62685,36.95642],[128.62698,36.95628],[128.62708,36.95617],[128.62787,36.95484],[128.62862,36.95288],[128.62861,36.9528],[128.62858,36.95271],[128.62851,36.95266],[128.62629,36.9494],[128.62637,36.94926],[128.62688,36.94839],[128.62691,36.94832],[128.62692,36.94823],[128.62687,36.94814],[128.62563,36.94616],[128.62422,36.94574],[128.62403,36.94569],[128.62392,36.94565],[128.6238,36.94561],[128.62378,36.94559],[128.62101,36.94055],[128.62109,36.93953],[128.62136,36.93809],[128.62182,36.93688],[128.62346,36.93571],[128.62551,36.93462],[128.62564,36.9346],[128.62572,36.93457],[128.62627,36.93412],[128.6263,36.93406],[128.62627,36.93285],[128.62621,36.93271],[128.62513,36.93132],[128.62504,36.93124],[128.62085,36.92887],[128.61615,36.92397],[128.61387,36.92218],[128.61215,36.91709],[128.61212,36.91699],[128.61204,36.9161],[128.61204,36.91604],[128.61203,36.91577],[128.61204,36.91565],[128.61211,36.91555],[128.61228,36.9154],[128.61237,36.91537],[128.61476,36.91541],[128.61616,36.91577],[128.61707,36.91602],[128.61721,36.91608],[128.61756,36.91631],[128.61772,36.91644],[128.6199,36.91827],[128.61995,36.91834],[128.62272,36.91927],[128.62452,36.91889],[128.62696,36.91872],[128.62707,36.91873],[128.62931,36.91903],[128.62939,36.91904],[128.63209,36.91969],[128.63431,36.92069],[128.6361,36.92133],[128.63615,36.92133],[128.63617,36.9213],[128.63785,36.91803],[128.63936,36.91271],[128.63847,36.91051],[128.63576,36.90817],[128.63493,36.90489],[128.63524,36.90019],[128.63525,36.9001],[128.63537,36.89985],[128.63733,36.89705],[128.63749,36.89691],[128.63762,36.89683],[128.63784,36.89673],[128.63815,36.89668],[128.6384,36.89672],[128.6387,36.89681],[128.6389,36.89684],[128.63931,36.89683],[128.63976,36.89682],[128.64074,36.89675],[128.64104,36.89672],[128.64161,36.89655],[128.6421,36.89638],[128.6428,36.89609],[128.64178,36.89465],[128.64124,36.89263],[128.64125,36.89252],[128.64118,36.89157],[128.64112,36.89145],[128.64101,36.8913],[128.63736,36.88768],[128.63621,36.88558],[128.63613,36.88545],[128.63607,36.88538],[128.63507,36.8847],[128.63446,36.88436],[128.63236,36.88271],[128.63024,36.88064],[128.6302,36.88057],[128.63018,36.88043],[128.63022,36.88031],[128.63031,36.8802],[128.6315,36.87912],[128.63016,36.87661],[128.62987,36.87669],[128.62944,36.87679],[128.62925,36.87683],[128.62906,36.87687],[128.62874,36.87694],[128.62854,36.87695],[128.62547,36.877],[128.62316,36.87625],[128.62301,36.87619],[128.62296,36.87613],[128.62291,36.87601],[128.62287,36.87587],[128.62162,36.87474],[128.61883,36.87376],[128.61512,36.87249],[128.61416,36.87228],[128.61396,36.87222],[128.613,36.87172],[128.61277,36.87159],[128.61273,36.87154],[128.61258,36.87122],[128.61246,36.87096],[128.61176,36.86995],[128.61158,36.86974],[128.61141,36.86962],[128.61109,36.86947],[128.60981,36.86919],[128.6098,36.86961],[128.60972,36.8703],[128.60967,36.87045],[128.60955,36.87074],[128.60929,36.87094],[128.60898,36.87115],[128.60861,36.87139],[128.60727,36.87194],[128.60556,36.87257],[128.60457,36.87291],[128.60416,36.87305],[128.60301,36.87325],[128.60239,36.8734],[128.60196,36.8736],[128.60154,36.87384],[128.60114,36.87409],[128.60096,36.87423],[128.59997,36.87541],[128.5998,36.87566],[128.59953,36.8761],[128.59934,36.87647],[128.59876,36.87908],[128.59937,36.88082],[128.5995,36.88147],[128.59949,36.88219],[128.59937,36.88595],[128.59877,36.88598],[128.59714,36.88608],[128.59644,36.88613],[128.59517,36.88622],[128.59494,36.88624],[128.59472,36.88627],[128.59398,36.88675],[128.59389,36.88702],[128.59348,36.88868],[128.59332,36.88982],[128.59247,36.89294],[128.59101,36.89656],[128.58843,36.90372],[128.5883,36.90437],[128.58804,36.90765],[128.58804,36.90775],[128.58809,36.90794],[128.5884,36.90877],[128.58854,36.909],[128.58953,36.91046],[128.58965,36.91057],[128.58999,36.91076],[128.59022,36.91081],[128.59042,36.91087],[128.59066,36.91106],[128.5908,36.91151],[128.59083,36.91165],[128.59088,36.91305],[128.59062,36.91597],[128.59043,36.91622],[128.5903,36.9163],[128.59014,36.91645],[128.5901,36.91654],[128.5901,36.91662],[128.59026,36.91805],[128.59193,36.92116],[128.59358,36.9239],[128.59369,36.92406],[128.59403,36.92462],[128.59419,36.92504],[128.59423,36.92518],[128.59418,36.92537],[128.5939,36.9262],[128.59353,36.92653],[128.59333,36.92666],[128.59316,36.92675],[128.5926,36.92692],[128.59236,36.92696],[128.59204,36.92694],[128.59179,36.9269],[128.59171,36.92688],[128.59168,36.92688],[128.591,36.92731],[128.5905,36.92795],[128.59045,36.92802],[128.59042,36.92814],[128.59041,36.92827],[128.59018,36.93191],[128.59077,36.933],[128.59109,36.93339],[128.59315,36.9353],[128.59392,36.93587],[128.59411,36.93599],[128.59403,36.94076],[128.59402,36.9409],[128.59248,36.94534],[128.5924,36.94556],[128.59235,36.94565],[128.59078,36.94729],[128.59071,36.94735],[128.59029,36.94748],[128.58941,36.94776],[128.58919,36.9478],[128.58671,36.94776],[128.58665,36.94775],[128.58656,36.94772],[128.58638,36.94754],[128.58609,36.9473],[128.58601,36.94726],[128.58598,36.94726],[128.58594,36.94726],[128.58484,36.94738],[128.58473,36.94743],[128.58345,36.9483],[128.58323,36.9485],[128.58301,36.94889],[128.5829,36.94916],[128.58284,36.94933],[128.58278,36.94968],[128.58278,36.94979],[128.5808,36.95051],[128.57794,36.95152],[128.5767,36.95167],[128.57609,36.95174],[128.57505,36.95177],[128.57475,36.95172],[128.57445,36.95171],[128.57433,36.95171],[128.57087,36.95202],[128.56884,36.95222],[128.56863,36.95226],[128.56682,36.95283],[128.56675,36.95288],[128.56495,36.95456],[128.56484,36.95477],[128.56474,36.955],[128.5647,36.95519],[128.5646,36.95557],[128.56427,36.95639],[128.56414,36.95653],[128.5639,36.95678],[128.56376,36.95691],[128.56344,36.95713],[128.5583,36.96053],[128.55529,36.96232],[128.55292,36.96388],[128.54883,36.96662],[128.54655,36.96813],[128.54414,36.96952],[128.54247,36.97029],[128.54205,36.97048],[128.54141,36.97063],[128.54099,36.97071],[128.53859,36.97202],[128.53612,36.97399],[128.53011,36.97577],[128.52584,36.97665],[128.52566,36.97669],[128.52516,36.97677],[128.5246,36.97678],[128.5235,36.97671],[128.52129,36.97636],[128.5201,36.97592],[128.5198,36.97582],[128.51959,36.97579],[128.51944,36.97579],[128.51923,36.97585],[128.51524,36.97656],[128.51363,36.97681],[128.51346,36.97729],[128.51278,36.97963],[128.51275,36.97984],[128.51277,36.98031],[128.51279,36.98047],[128.51285,36.98077],[128.51367,36.98256],[128.51374,36.9827],[128.51406,36.98311],[128.51435,36.98339],[128.51439,36.98344],[128.51459,36.9849],[128.51462,36.98627],[128.51449,36.98681],[128.51582,36.98685],[128.51589,36.98686],[128.51602,36.98689],[128.52143,36.98855],[128.52359,36.98924],[128.52416,36.98948],[128.52458,36.9897],[128.52621,36.99023],[128.52915,36.99073],[128.5313,36.99055],[128.5315,36.99052],[128.53248,36.9903],[128.533,36.99016],[128.53308,36.99013],[128.53318,36.99013],[128.53326,36.99013],[128.53438,36.99014],[128.53493,36.99014],[128.53809,36.99076],[128.5398,36.99133],[128.54261,36.99226],[128.54514,36.99314],[128.54805,36.99447],[128.5539,36.99772],[128.55471,36.99823],[128.55564,36.99991],[128.55617,37.00174],[128.55618,37.00179],[128.55591,37.0024],[128.55557,37.00325],[128.55549,37.00366],[128.55545,37.0041],[128.55558,37.00469],[128.55587,37.00529],[128.55604,37.0055],[128.55635,37.00567],[128.55861,37.00629],[128.5629,37.00796],[128.56305,37.00815],[128.56334,37.0087],[128.56684,37.01133],[128.56752,37.01172],[128.56866,37.01257],[128.56945,37.01329],[128.56992,37.01373],[128.57082,37.01513],[128.57131,37.01598],[128.57147,37.01643],[128.57286,37.0208],[128.57291,37.02112],[128.57292,37.0214],[128.57292,37.02167],[128.57282,37.02188],[128.57063,37.02318],[128.56963,37.02378],[128.56934,37.02405],[128.56718,37.02618],[128.56693,37.02651],[128.56516,37.03087],[128.56516,37.03122],[128.56526,37.03149],[128.5662,37.03262],[128.56767,37.03414],[128.56811,37.0345],[128.56853,37.03476],[128.56886,37.03493],[128.57149,37.036],[128.57183,37.03608],[128.57214,37.0361],[128.57504,37.03576],[128.57556,37.03566],[128.57605,37.03554],[128.57656,37.03547],[128.57679,37.03551],[128.57711,37.03564],[128.57734,37.03584],[128.58028,37.03933],[128.58102,37.04073],[128.58154,37.04195],[128.58188,37.04263],[128.58215,37.04297],[128.58279,37.04347],[128.58309,37.04367],[128.58339,37.04381],[128.58364,37.04389],[128.58386,37.04389],[128.5903,37.04306],[128.59154,37.04247],[128.59189,37.04231],[128.59221,37.04225],[128.59321,37.04222],[128.5941,37.04229],[128.59515,37.0425],[128.59658,37.04276],[128.60008,37.04303],[128.60206,37.04316],[128.60516,37.04333],[128.60679,37.0434],[128.60707,37.04372],[128.6071,37.04385],[128.60704,37.04413],[128.60674,37.04456],[128.60668,37.0447],[128.6066,37.04508],[128.60655,37.04548],[128.60717,37.05019],[128.60729,37.0505],[128.60826,37.05217],[128.60863,37.05259],[128.60882,37.05263],[128.61465,37.05126],[128.61824,37.05],[128.61927,37.04955],[128.62,37.04902],[128.62064,37.04853],[128.62118,37.04788],[128.62228,37.046],[128.62256,37.04564],[128.62273,37.04549],[128.62297,37.04535],[128.62356,37.04523],[128.62415,37.04521],[128.62455,37.04512],[128.62494,37.0449],[128.62531,37.04439],[128.62555,37.04354],[128.62602,37.04282],[128.6273,37.04106],[128.62971,37.03925],[128.63,37.03905],[128.63029,37.039]]]]}},{"type":"Feature","properties":{"code":"47210390","name":"부석면","parent":"47210"},"geometry":{"type":"MultiPolygon","coordinates":[[[[128.70894,37.03923],[128.70827,37.0387],[128.70685,37.03694],[128.70661,37.03654],[128.70602,37.03475],[128.70574,37.03427],[128.70558,37.03408],[128.70345,37.03294],[128.703,37.03276],[128.70271,37.03256],[128.70227,37.03223],[128.70199,37.03178],[128.70083,37.02931],[128.70074,37.029],[128.70008,37.02485],[128.7001,37.02453],[128.70043,37.02245],[128.70098,37.02041],[128.7011,37.01894],[128.70103,37.01615],[128.7006,37.01471],[128.70056,37.01452],[128.70067,37.01412],[128.70115,37.01323],[128.70141,37.01293],[128.70145,37.01275],[128.70132,37.01245],[128.70052,37.01133],[128.70033,37.01111],[128.69768,37.00859],[128.69591,37.00713],[128.69303,37.0041],[128.69285,37.00388],[128.69281,37.00356],[128.69279,37.0033],[128.69281,37.00275],[128.69294,37.00253],[128.69314,37.00203],[128.69336,37.00142],[128.69393,36.99983],[128.69402,36.99953],[128.69406,36.99939],[128.69407,36.99928],[128.6942,36.99845],[128.69419,36.99704],[128.69411,36.99587],[128.69379,36.99433],[128.69365,36.99408],[128.69341,36.99387],[128.69331,36.99378],[128.69317,36.99371],[128.69297,36.99367],[128.69204,36.99161],[128.69193,36.98894],[128.69172,36.98616],[128.69148,36.98333],[128.69128,36.98313],[128.69087,36.98268],[128.69048,36.98148],[128.69018,36.97934],[128.69099,36.97845],[128.6913,36.97839],[128.69136,36.97836],[128.6932,36.97691],[128.69329,36.97671],[128.69329,36.97662],[128.69302,36.97385],[128.69299,36.97378],[128.69229,36.97325],[128.69212,36.97315],[128.69201,36.97312],[128.69191,36.97311],[128.69047,36.97224],[128.68871,36.9711],[128.68717,36.96964],[128.68707,36.96955],[128.68703,36.96945],[128.68687,36.96889],[128.6865,36.96349],[128.68639,36.96188],[128.68626,36.95977],[128.68623,36.95972],[128.68583,36.95951],[128.68553,36.95936],[128.68542,36.95934],[128.68536,36.95935],[128.68526,36.95941],[128.68508,36.9595],[128.68499,36.95949],[128.68479,36.95938],[128.68467,36.9593],[128.68363,36.95754],[128.68172,36.95387],[128.68168,36.9537],[128.68161,36.9535],[128.68152,36.95342],[128.68145,36.9534],[128.68133,36.95339],[128.68029,36.95337],[128.68017,36.9534],[128.67982,36.95353],[128.67963,36.95363],[128.67956,36.95368],[128.67929,36.95372],[128.67849,36.95377],[128.67839,36.95377],[128.67829,36.95377],[128.67816,36.95375],[128.67742,36.95334],[128.67734,36.95328],[128.67723,36.95309],[128.67715,36.95293],[128.67644,36.95075],[128.67662,36.94919],[128.67651,36.94853],[128.67624,36.94772],[128.67608,36.94733],[128.67547,36.94605],[128.67538,36.94588],[128.67529,36.9458],[128.67515,36.9457],[128.67044,36.94388],[128.66658,36.94245],[128.6665,36.94246],[128.66428,36.94103],[128.66248,36.93938],[128.66173,36.93801],[128.66096,36.93381],[128.66095,36.93372],[128.66074,36.93275],[128.66067,36.93268],[128.65987,36.93241],[128.65977,36.9324],[128.6595,36.9324],[128.65924,36.93242],[128.65907,36.9324],[128.65901,36.93236],[128.65896,36.93219],[128.65883,36.9309],[128.65885,36.93077],[128.65989,36.92875],[128.66011,36.9284],[128.66215,36.92634],[128.66228,36.92623],[128.66235,36.92619],[128.6632,36.92593],[128.66467,36.9249],[128.66639,36.92341],[128.66639,36.92338],[128.66629,36.9231],[128.66573,36.92199],[128.66542,36.9214],[128.66714,36.9198],[128.66843,36.91983],[128.66907,36.91962],[128.66933,36.9195],[128.66942,36.91942],[128.66949,36.91923],[128.66948,36.91915],[128.66871,36.91819],[128.66861,36.91811],[128.66855,36.91811],[128.66847,36.91815],[128.66832,36.91829],[128.66813,36.91839],[128.66798,36.91843],[128.66783,36.91842],[128.66751,36.91837],[128.66728,36.91828],[128.66632,36.91782],[128.65917,36.91018],[128.65913,36.91012],[128.65913,36.90995],[128.65909,36.90979],[128.65888,36.90952],[128.65867,36.90932],[128.65857,36.90931],[128.65742,36.90931],[128.65536,36.90957],[128.65517,36.90962],[128.65506,36.90973],[128.65493,36.90995],[128.65492,36.91026],[128.65498,36.91052],[128.65508,36.9108],[128.65504,36.911],[128.65479,36.91145],[128.6546,36.91152],[128.65446,36.91152],[128.65129,36.91101],[128.65105,36.91096],[128.64971,36.91036],[128.64958,36.91018],[128.64913,36.90952],[128.64911,36.90946],[128.64803,36.90525],[128.6436,36.89793],[128.6428,36.89609],[128.6421,36.89638],[128.64161,36.89655],[128.64104,36.89672],[128.64074,36.89675],[128.63976,36.89682],[128.63931,36.89683],[128.6389,36.89684],[128.6387,36.89681],[128.6384,36.89672],[128.63815,36.89668],[128.63784,36.89673],[128.63762,36.89683],[128.63749,36.89691],[128.63733,36.89705],[128.63537,36.89985],[128.63525,36.9001],[128.63524,36.90019],[128.63493,36.90489],[128.63576,36.90817],[128.63847,36.91051],[128.63936,36.91271],[128.63785,36.91803],[128.63617,36.9213],[128.63615,36.92133],[128.6361,36.92133],[128.63431,36.92069],[128.63209,36.91969],[128.62939,36.91904],[128.62931,36.91903],[128.62707,36.91873],[128.62696,36.91872],[128.62452,36.91889],[128.62272,36.91927],[128.61995,36.91834],[128.6199,36.91827],[128.61772,36.91644],[128.61756,36.91631],[128.61721,36.91608],[128.61707,36.91602],[128.61616,36.91577],[128.61476,36.91541],[128.61237,36.91537],[128.61228,36.9154],[128.61211,36.91555],[128.61204,36.91565],[128.61203,36.91577],[128.61204,36.91604],[128.61204,36.9161],[128.61212,36.91699],[128.61215,36.91709],[128.61387,36.92218],[128.61615,36.92397],[128.62085,36.92887],[128.62504,36.93124],[128.62513,36.93132],[128.62621,36.93271],[128.62627,36.93285],[128.6263,36.93406],[128.62627,36.93412],[128.62572,36.93457],[128.62564,36.9346],[128.62551,36.93462],[128.62346,36.93571],[128.62182,36.93688],[128.62136,36.93809],[128.62109,36.93953],[128.62101,36.94055],[128.62378,36.94559],[128.6238,36.94561],[128.62392,36.94565],[128.62403,36.94569],[128.62422,36.94574],[128.62563,36.94616],[128.62687,36.94814],[128.62692,36.94823],[128.62691,36.94832],[128.62688,36.94839],[128.62637,36.94926],[128.62629,36.9494],[128.62851,36.95266],[128.62858,36.95271],[128.62861,36.9528],[128.62862,36.95288],[128.62787,36.95484],[128.62708,36.95617],[128.62698,36.95628],[128.62685,36.95642],[128.62656,36.95659],[128.62641,36.95667],[128.62607,36.95686],[128.62544,36.95725],[128.62542,36.95727],[128.62536,36.95733],[128.62536,36.95739],[128.62537,36.95743],[128.62556,36.95805],[128.62572,36.95841],[128.62587,36.95864],[128.62596,36.95879],[128.6261,36.95898],[128.627,36.95988],[128.62716,36.96004],[128.62744,36.96027],[128.62756,36.96036],[128.62777,36.96046],[128.62797,36.96055],[128.62824,36.96064],[128.62844,36.96072],[128.62873,36.96091],[128.62889,36.96102],[128.62902,36.96117],[128.62911,36.96131],[128.62912,36.96144],[128.62884,36.9632],[128.62846,36.96417],[128.62754,36.96636],[128.62759,36.96652],[128.62816,36.97086],[128.62817,36.97097],[128.62814,36.97117],[128.62813,36.97123],[128.62779,36.97218],[128.62777,36.97222],[128.62761,36.9723],[128.62735,36.97243],[128.62727,36.97245],[128.62713,36.97245],[128.62681,36.9724],[128.62671,36.97239],[128.62656,36.97239],[128.62562,36.97281],[128.62552,36.97287],[128.62532,36.97301],[128.6239,36.97399],[128.62063,36.97637],[128.6204,36.97662],[128.62023,36.97683],[128.62022,36.97686],[128.62017,36.97695],[128.62016,36.97706],[128.62015,36.97722],[128.6202,36.97748],[128.62126,36.97976],[128.62136,36.97991],[128.6218,36.98044],[128.62212,36.98082],[128.62235,36.98102],[128.62245,36.98115],[128.62266,36.98169],[128.62265,36.98184],[128.62253,36.98232],[128.62246,36.98243],[128.61812,36.9878],[128.61591,36.99048],[128.61376,36.99263],[128.61233,36.99356],[128.6122,36.99365],[128.6121,36.99378],[128.61141,36.99483],[128.61133,36.99499],[128.61128,36.99517],[128.61132,36.9953],[128.61142,36.9955],[128.6115,36.99562],[128.61164,36.99577],[128.61182,36.99592],[128.61186,36.99599],[128.61184,36.99671],[128.61181,36.99689],[128.61146,36.99805],[128.61142,36.99815],[128.60729,37.00288],[128.60551,37.00386],[128.60424,37.00438],[128.60218,37.0049],[128.60124,37.00494],[128.60033,37.00512],[128.59928,37.00551],[128.59876,37.00592],[128.59731,37.00819],[128.59723,37.00842],[128.59734,37.00883],[128.5976,37.00911],[128.59828,37.00944],[128.59908,37.00966],[128.60017,37.00984],[128.6008,37.01016],[128.60319,37.01203],[128.60416,37.01308],[128.60471,37.01376],[128.60523,37.01411],[128.60712,37.01458],[128.60939,37.01451],[128.61027,37.01446],[128.61089,37.01459],[128.6115,37.0148],[128.61221,37.01551],[128.61292,37.01656],[128.61338,37.01692],[128.61769,37.019],[128.61942,37.01963],[128.61994,37.01963],[128.62276,37.01938],[128.62319,37.01897],[128.6243,37.0184],[128.62615,37.01848],[128.6264,37.01856],[128.62706,37.01917],[128.62735,37.01937],[128.62783,37.01957],[128.62909,37.01969],[128.63124,37.01973],[128.63151,37.01972],[128.63191,37.01958],[128.63212,37.01958],[128.63249,37.01962],[128.63267,37.01972],[128.63286,37.01981],[128.63517,37.02218],[128.63805,37.02612],[128.63818,37.02631],[128.63893,37.02945],[128.63883,37.03298],[128.6388,37.03319],[128.63777,37.03462],[128.63747,37.03499],[128.63722,37.03525],[128.63439,37.03761],[128.6327,37.03804],[128.63029,37.039],[128.63051,37.03896],[128.63067,37.03917],[128.6329,37.04264],[128.63453,37.04655],[128.63486,37.047],[128.63625,37.04834],[128.63641,37.04855],[128.63765,37.05099],[128.63768,37.05115],[128.63758,37.05142],[128.63945,37.05368],[128.64115,37.05433],[128.6414,37.05447],[128.64181,37.0549],[128.64237,37.05581],[128.64335,37.05855],[128.64344,37.05934],[128.64363,37.06004],[128.64431,37.06141],[128.64462,37.06193],[128.64489,37.0622],[128.64524,37.06237],[128.649,37.06393],[128.65223,37.06546],[128.65323,37.06534],[128.65351,37.06529],[128.65375,37.06525],[128.65446,37.06505],[128.65573,37.06459],[128.656,37.06442],[128.65606,37.06434],[128.65631,37.06398],[128.65749,37.06108],[128.65998,37.06044],[128.6613,37.0608],[128.66155,37.06084],[128.66169,37.06086],[128.66357,37.06093],[128.66389,37.06093],[128.66954,37.05951],[128.673,37.05893],[128.67339,37.05897],[128.67541,37.05877],[128.67613,37.05831],[128.67883,37.05655],[128.67964,37.05584],[128.67971,37.05566],[128.68002,37.05444],[128.68015,37.05418],[128.68035,37.05399],[128.68374,37.05164],[128.68389,37.05157],[128.68425,37.05164],[128.68499,37.05201],[128.68867,37.05307],[128.68891,37.05312],[128.68906,37.05311],[128.68927,37.05303],[128.69145,37.05101],[128.69589,37.0462],[128.69855,37.04276],[128.69972,37.04166],[128.70021,37.04119],[128.70043,37.04106],[128.70071,37.041],[128.70772,37.03946],[128.70894,37.03923]]]]}},{"type":"Feature","properties":{"code":"47210510","name":"상망동","parent":"47210"},"geometry":{"type":"MultiPolygon","coordinates":[[[[128.66941,36.84342],[128.66921,36.84295],[128.66908,36.84272],[128.66703,36.84035],[128.66696,36.84028],[128.66561,36.83751],[128.66561,36.83715],[128.66557,36.83703],[128.66543,36.8368],[128.66538,36.83671],[128.66487,36.83618],[128.66464,36.83599],[128.66454,36.83592],[128.66179,36.83415],[128.66167,36.83408],[128.6616,36.83405],[128.66143,36.83404],[128.66033,36.83419],[128.66019,36.83424],[128.66006,36.83431],[128.65997,36.83441],[128.65983,36.83461],[128.65954,36.83511],[128.6552,36.83613],[128.65514,36.83601],[128.65503,36.83581],[128.65495,36.8357],[128.65412,36.83465],[128.65403,36.83459],[128.65391,36.83455],[128.65383,36.83452],[128.65197,36.83415],[128.64988,36.83403],[128.64966,36.83404],[128.64957,36.83403],[128.64945,36.834],[128.64933,36.83395],[128.64735,36.83298],[128.64689,36.83274],[128.64563,36.83205],[128.64555,36.832],[128.64551,36.83196],[128.64549,36.83191],[128.64548,36.83189],[128.64489,36.82932],[128.64315,36.82631],[128.64218,36.82496],[128.64107,36.82442],[128.64005,36.82421],[128.63541,36.82479],[128.63428,36.82559],[128.63448,36.82595],[128.63355,36.82655],[128.63221,36.82727],[128.63142,36.82734],[128.62699,36.82772],[128.62721,36.82813],[128.62744,36.82878],[128.62724,36.82961],[128.62603,36.83211],[128.62412,36.83353],[128.62485,36.83589],[128.62504,36.83607],[128.62526,36.83668],[128.62543,36.83725],[128.62412,36.83745],[128.62401,36.83802],[128.62381,36.83989],[128.62381,36.84001],[128.62393,36.84038],[128.62639,36.8425],[128.62723,36.84256],[128.62739,36.84257],[128.62755,36.84359],[128.62752,36.84372],[128.62708,36.84474],[128.62497,36.84556],[128.62393,36.84582],[128.62254,36.8459],[128.62191,36.84615],[128.62141,36.84636],[128.62169,36.84886],[128.62191,36.84944],[128.61859,36.853],[128.61782,36.85379],[128.61634,36.85404],[128.61528,36.85409],[128.61148,36.85543],[128.61203,36.85685],[128.61202,36.85716],[128.61196,36.85724],[128.60914,36.85964],[128.60777,36.86036],[128.60758,36.86046],[128.60736,36.86101],[128.60818,36.86211],[128.60906,36.86353],[128.60962,36.865],[128.60972,36.86639],[128.60962,36.8676],[128.60971,36.86842],[128.60981,36.86919],[128.61109,36.86947],[128.61141,36.86962],[128.61158,36.86974],[128.61176,36.86995],[128.61246,36.87096],[128.61258,36.87122],[128.61273,36.87154],[128.61277,36.87159],[128.613,36.87172],[128.61396,36.87222],[128.61416,36.87228],[128.61512,36.87249],[128.61883,36.87376],[128.62162,36.87474],[128.62287,36.87587],[128.62291,36.87601],[128.62296,36.87613],[128.62301,36.87619],[128.62316,36.87625],[128.62547,36.877],[128.62854,36.87695],[128.62874,36.87694],[128.62906,36.87687],[128.62925,36.87683],[128.62944,36.87679],[128.62987,36.87669],[128.63016,36.87661],[128.6315,36.87912],[128.63031,36.8802],[128.63022,36.88031],[128.63018,36.88043],[128.6302,36.88057],[128.63024,36.88064],[128.63236,36.88271],[128.63446,36.88436],[128.63507,36.8847],[128.63607,36.88538],[128.63613,36.88545],[128.63621,36.88558],[128.63736,36.88768],[128.63792,36.88544],[128.63796,36.88534],[128.63803,36.88522],[128.63816,36.88505],[128.64094,36.88236],[128.64204,36.88143],[128.64225,36.88129],[128.64249,36.88116],[128.64279,36.88105],[128.64339,36.88075],[128.64429,36.88023],[128.64442,36.8801],[128.64468,36.87948],[128.64476,36.87946],[128.64495,36.87947],[128.64564,36.87965],[128.64675,36.88005],[128.64697,36.88014],[128.64725,36.88027],[128.64748,36.88046],[128.6476,36.8806],[128.64776,36.88077],[128.64784,36.88084],[128.64832,36.88106],[128.64875,36.88126],[128.64938,36.88152],[128.64955,36.88158],[128.64976,36.88163],[128.6511,36.88175],[128.65171,36.8818],[128.65178,36.88178],[128.65192,36.8816],[128.65198,36.88148],[128.65197,36.88139],[128.65193,36.88129],[128.65186,36.8812],[128.65149,36.8809],[128.65135,36.88081],[128.65108,36.88071],[128.65096,36.88062],[128.65086,36.88052],[128.65052,36.87981],[128.65002,36.87836],[128.64999,36.87826],[128.64997,36.87815],[128.65,36.87806],[128.65003,36.87797],[128.65007,36.87793],[128.65178,36.87632],[128.65205,36.87614],[128.65276,36.87573],[128.65316,36.87552],[128.65333,36.87542],[128.65337,36.87537],[128.65411,36.87439],[128.65532,36.87263],[128.65561,36.87161],[128.65596,36.87031],[128.65598,36.87022],[128.65599,36.87007],[128.65592,36.86971],[128.6558,36.86935],[128.65577,36.86924],[128.65568,36.86915],[128.65432,36.86796],[128.65311,36.86711],[128.65203,36.86705],[128.65043,36.86685],[128.65018,36.86675],[128.65,36.86668],[128.64856,36.86598],[128.64571,36.86453],[128.64557,36.86444],[128.64456,36.86364],[128.64437,36.86348],[128.64432,36.8634],[128.64338,36.86147],[128.64194,36.85732],[128.64194,36.85721],[128.64194,36.85713],[128.64201,36.85696],[128.64209,36.85683],[128.64215,36.85676],[128.64313,36.85577],[128.64333,36.85564],[128.64529,36.85468],[128.64551,36.85462],[128.64566,36.8546],[128.64572,36.8546],[128.64627,36.85455],[128.64648,36.85457],[128.6466,36.85462],[128.64697,36.85477],[128.6471,36.85483],[128.6496,36.85423],[128.65517,36.85263],[128.6556,36.85247],[128.65659,36.85203],[128.65673,36.85196],[128.65987,36.84951],[128.66121,36.84668],[128.66216,36.84353],[128.66287,36.84255],[128.66409,36.84159],[128.66413,36.84156],[128.66418,36.84156],[128.66424,36.84158],[128.66431,36.84163],[128.66445,36.84175],[128.66485,36.84212],[128.66637,36.84361],[128.66739,36.84464],[128.66744,36.84468],[128.66752,36.8447],[128.66813,36.84439],[128.66885,36.84398],[128.6691,36.84383],[128.66934,36.84367],[128.66941,36.84359],[128.66944,36.84352],[128.66941,36.84342]]]]}},{"type":"Feature","properties":{"code":"47210525","name":"하망동","parent":"47210"},"geometry":{"type":"MultiPolygon","coordinates":[[[[128.64218,36.82496],[128.64391,36.82504],[128.64409,36.82503],[128.64698,36.82431],[128.64782,36.82405],[128.64823,36.82379],[128.64826,36.82374],[128.64826,36.82364],[128.64829,36.82225],[128.64827,36.82176],[128.64816,36.82146],[128.64805,36.82064],[128.64805,36.82059],[128.64807,36.82048],[128.64811,36.82036],[128.64826,36.82012],[128.64839,36.81998],[128.64851,36.81987],[128.64857,36.81983],[128.64792,36.81885],[128.64783,36.81877],[128.64484,36.81733],[128.64425,36.81717],[128.64193,36.81779],[128.64096,36.81932],[128.64089,36.81956],[128.64122,36.82082],[128.64118,36.82086],[128.63944,36.8216],[128.63875,36.8219],[128.63715,36.82227],[128.63575,36.82086],[128.63308,36.81995],[128.63231,36.82024],[128.63224,36.82027],[128.63213,36.82038],[128.63205,36.82046],[128.63206,36.82081],[128.62828,36.82181],[128.62697,36.82172],[128.62597,36.82083],[128.62442,36.82206],[128.62526,36.82371],[128.62547,36.82413],[128.62518,36.82465],[128.62498,36.82485],[128.62491,36.82493],[128.6246,36.82548],[128.62465,36.82622],[128.62465,36.8263],[128.62636,36.82772],[128.62699,36.82772],[128.63142,36.82734],[128.63221,36.82727],[128.63355,36.82655],[128.63448,36.82595],[128.63428,36.82559],[128.63541,36.82479],[128.64005,36.82421],[128.64107,36.82442],[128.64218,36.82496]]]]}},{"type":"Feature","properties":{"code":"47210550","name":"영주1동","parent":"47210"},"geometry":{"type":"MultiPolygon","coordinates":[[[[128.62699,36.82772],[128.62636,36.82772],[128.62465,36.8263],[128.62465,36.82622],[128.6246,36.82548],[128.62491,36.82493],[128.62498,36.82485],[128.62518,36.82465],[128.62547,36.82413],[128.62526,36.82371],[128.62442,36.82206],[128.61846,36.82699],[128.61691,36.82643],[128.61609,36.82639],[128.6159,36.82677],[128.61577,36.82679],[128.61528,36.82661],[128.614,36.82612],[128.61313,36.82577],[128.61308,36.82828],[128.6137,36.83088],[128.61385,36.83153],[128.61502,36.83138],[128.61726,36.83203],[128.61888,36.83252],[128.61958,36.83331],[128.62352,36.83533],[128.62485,36.83589],[128.62412,36.83353],[128.62603,36.83211],[128.62724,36.82961],[128.62744,36.82878],[128.62721,36.82813],[128.62699,36.82772]]]]}},{"type":"Feature","properties":{"code":"47210560","name":"영주2동","parent":"47210"},"geometry":{"type":"MultiPolygon","coordinates":[[[[128.62442,36.82206],[128.62597,36.82083],[128.62085,36.81932],[128.62044,36.81906],[128.62019,36.81935],[128.61984,36.81988],[128.61979,36.81995],[128.6191,36.82113],[128.61851,36.82156],[128.61812,36.82155],[128.61533,36.82067],[128.61448,36.82137],[128.61346,36.82332],[128.6133,36.82383],[128.61328,36.82391],[128.61321,36.82412],[128.61315,36.82516],[128.61314,36.82549],[128.61313,36.82577],[128.614,36.82612],[128.61528,36.82661],[128.61577,36.82679],[128.6159,36.82677],[128.61609,36.82639],[128.61691,36.82643],[128.61846,36.82699],[128.62442,36.82206]]]]}},{"type":"Feature","properties":{"code":"47210590","name":"휴천1동","parent":"47210"},"geometry":{"type":"MultiPolygon","coordinates":[[[[128.64857,36.81983],[128.65267,36.81973],[128.65279,36.81971],[128.65393,36.81944],[128.65414,36.81934],[128.65435,36.81922],[128.65445,36.81911],[128.65451,36.81898],[128.65769,36.81872],[128.66204,36.81852],[128.66579,36.81853],[128.66587,36.81861],[128.66601,36.8187],[128.6686,36.82022],[128.66869,36.82026],[128.66874,36.82028],[128.66885,36.8203],[128.66895,36.82031],[128.66954,36.82004],[128.6696,36.81995],[128.66984,36.81949],[128.66988,36.81937],[128.6699,36.81925],[128.66989,36.81868],[128.66975,36.81826],[128.66973,36.8182],[128.6697,36.81816],[128.66962,36.81809],[128.66906,36.81769],[128.66927,36.8152],[128.67083,36.81412],[128.67096,36.81402],[128.67102,36.81394],[128.67159,36.81291],[128.67163,36.81274],[128.67162,36.81251],[128.6716,36.81233],[128.66969,36.80802],[128.66578,36.80529],[128.66501,36.80473],[128.66467,36.8037],[128.66474,36.80347],[128.6649,36.80331],[128.66431,36.80354],[128.661,36.80468],[128.6605,36.80372],[128.65955,36.803],[128.65913,36.80301],[128.65885,36.80316],[128.65649,36.80478],[128.65647,36.80488],[128.65628,36.80629],[128.65143,36.8106],[128.64797,36.81039],[128.64654,36.81006],[128.64634,36.81],[128.64615,36.80992],[128.64479,36.80936],[128.64297,36.80864],[128.64265,36.80852],[128.64125,36.80815],[128.64098,36.80815],[128.64053,36.80821],[128.64036,36.80824],[128.64026,36.80828],[128.64016,36.80831],[128.63997,36.80837],[128.63976,36.80837],[128.63972,36.80832],[128.63922,36.80786],[128.63797,36.80662],[128.63786,36.80639],[128.63775,36.80591],[128.63691,36.80404],[128.6358,36.80208],[128.63475,36.8014],[128.63267,36.80057],[128.63253,36.80054],[128.63243,36.80063],[128.63153,36.80176],[128.63144,36.80193],[128.63139,36.80204],[128.6325,36.80458],[128.63257,36.8064],[128.6318,36.80654],[128.63135,36.80697],[128.63132,36.80705],[128.63125,36.80723],[128.63114,36.80965],[128.63114,36.81017],[128.63133,36.81081],[128.63108,36.81262],[128.63097,36.81273],[128.63059,36.81293],[128.62763,36.81383],[128.62764,36.8142],[128.62765,36.81442],[128.62767,36.81532],[128.6277,36.81634],[128.62775,36.81866],[128.62775,36.8187],[128.62775,36.81912],[128.62772,36.81917],[128.62759,36.81945],[128.62755,36.81953],[128.62609,36.82077],[128.62597,36.82083],[128.62697,36.82172],[128.62828,36.82181],[128.63206,36.82081],[128.63205,36.82046],[128.63213,36.82038],[128.63224,36.82027],[128.63231,36.82024],[128.63308,36.81995],[128.63575,36.82086],[128.63715,36.82227],[128.63875,36.8219],[128.63944,36.8216],[128.64118,36.82086],[128.64122,36.82082],[128.64089,36.81956],[128.64096,36.81932],[128.64193,36.81779],[128.64425,36.81717],[128.64484,36.81733],[128.64783,36.81877],[128.64792,36.81885],[128.64857,36.81983]]]]}},{"type":"Feature","properties":{"code":"47210600","name":"휴천2동","parent":"47210"},"geometry":{"type":"MultiPolygon","coordinates":[[[[128.61334,36.80216],[128.61092,36.80244],[128.6098,36.80361],[128.61026,36.80513],[128.61139,36.80662],[128.61171,36.80698],[128.61252,36.8079],[128.61356,36.80737],[128.61386,36.80721],[128.61449,36.80721],[128.61601,36.80771],[128.61974,36.81238],[128.62027,36.81319],[128.62054,36.8137],[128.62056,36.81378],[128.62057,36.81386],[128.62053,36.81418],[128.62022,36.81645],[128.62044,36.81791],[128.62085,36.81932],[128.62139,36.81834],[128.6234,36.81481],[128.62349,36.81472],[128.62382,36.8144],[128.62428,36.81409],[128.62596,36.81302],[128.62662,36.81222],[128.62727,36.81135],[128.62741,36.81106],[128.62762,36.8105],[128.62766,36.81029],[128.6281,36.80706],[128.62753,36.80477],[128.62746,36.80463],[128.62689,36.8041],[128.62665,36.80394],[128.62644,36.80393],[128.6262,36.80396],[128.62607,36.80403],[128.62588,36.8042],[128.62559,36.80462],[128.62485,36.80498],[128.6245,36.80499],[128.62354,36.80481],[128.62213,36.80367],[128.61883,36.80164],[128.61769,36.80209],[128.61713,36.80227],[128.61571,36.80271],[128.61543,36.8027],[128.61488,36.80265],[128.61334,36.80216]]]]}},{"type":"Feature","properties":{"code":"47210610","name":"휴천3동","parent":"47210"},"geometry":{"type":"MultiPolygon","coordinates":[[[[128.6649,36.80331],[128.66667,36.80291],[128.66867,36.80214],[128.6689,36.802],[128.6691,36.80187],[128.66908,36.80169],[128.66905,36.80157],[128.66895,36.80144],[128.66881,36.80129],[128.66861,36.8011],[128.66842,36.80099],[128.66724,36.79878],[128.66736,36.79694],[128.66731,36.7967],[128.66715,36.79654],[128.66506,36.7947],[128.66345,36.79353],[128.66224,36.79289],[128.66213,36.79284],[128.66199,36.79284],[128.66178,36.79287],[128.6616,36.79291],[128.66134,36.79297],[128.66103,36.79302],[128.66074,36.79302],[128.65896,36.79284],[128.65871,36.79281],[128.65855,36.79275],[128.65644,36.79175],[128.65235,36.79069],[128.65223,36.7907],[128.6513,36.79083],[128.64832,36.79123],[128.64815,36.78978],[128.64781,36.78963],[128.64484,36.78955],[128.63921,36.79071],[128.63722,36.7919],[128.63614,36.7934],[128.63561,36.79402],[128.63416,36.79486],[128.63381,36.79493],[128.63041,36.79312],[128.632,36.79114],[128.63265,36.79007],[128.63276,36.78982],[128.633,36.78927],[128.63343,36.78788],[128.63355,36.78728],[128.63358,36.78674],[128.63307,36.78522],[128.63276,36.78451],[128.63248,36.784],[128.63146,36.78289],[128.63049,36.78202],[128.62898,36.78134],[128.62828,36.7811],[128.62793,36.78101],[128.62445,36.78056],[128.62366,36.78048],[128.62247,36.7804],[128.62189,36.78019],[128.62135,36.77989],[128.62072,36.77942],[128.62024,36.77898],[128.61997,36.77869],[128.6196,36.7779],[128.61954,36.77673],[128.61971,36.77604],[128.6198,36.77578],[128.61995,36.77543],[128.6201,36.77518],[128.62144,36.77323],[128.62197,36.77249],[128.6223,36.77188],[128.62243,36.77143],[128.62247,36.77104],[128.62244,36.77081],[128.62235,36.77052],[128.62216,36.76991],[128.62205,36.76975],[128.62188,36.76968],[128.62155,36.76967],[128.62125,36.76972],[128.62105,36.76979],[128.62031,36.77006],[128.61668,36.77139],[128.61656,36.77147],[128.61592,36.77248],[128.61486,36.77543],[128.614,36.77835],[128.61299,36.78122],[128.61246,36.7824],[128.61239,36.78245],[128.61141,36.78282],[128.61154,36.78296],[128.61189,36.78359],[128.61313,36.78625],[128.61369,36.78757],[128.61401,36.78865],[128.61418,36.78916],[128.61428,36.78931],[128.61431,36.78933],[128.61514,36.78996],[128.61792,36.79207],[128.61851,36.79228],[128.61898,36.79232],[128.61929,36.79234],[128.62225,36.79457],[128.62059,36.79511],[128.62022,36.79609],[128.62015,36.79627],[128.61858,36.79848],[128.61622,36.80072],[128.61518,36.80157],[128.61347,36.80212],[128.61334,36.80216],[128.61488,36.80265],[128.61543,36.8027],[128.61571,36.80271],[128.61713,36.80227],[128.61769,36.80209],[128.61883,36.80164],[128.62213,36.80367],[128.62354,36.80481],[128.6245,36.80499],[128.62485,36.80498],[128.62559,36.80462],[128.62588,36.8042],[128.62607,36.80403],[128.6262,36.80396],[128.62644,36.80393],[128.62665,36.80394],[128.62689,36.8041],[128.62746,36.80463],[128.62753,36.80477],[128.6281,36.80706],[128.62766,36.81029],[128.62762,36.8105],[128.62741,36.81106],[128.62727,36.81135],[128.62662,36.81222],[128.62596,36.81302],[128.62428,36.81409],[128.62382,36.8144],[128.62349,36.81472],[128.6234,36.81481],[128.62139,36.81834],[128.62085,36.81932],[128.62597,36.82083],[128.62609,36.82077],[128.62755,36.81953],[128.62759,36.81945],[128.62772,36.81917],[128.62775,36.81912],[128.62775,36.8187],[128.62775,36.81866],[128.6277,36.81634],[128.62767,36.81532],[128.62765,36.81442],[128.62764,36.8142],[128.62763,36.81383],[128.63059,36.81293],[128.63097,36.81273],[128.63108,36.81262],[128.63133,36.81081],[128.63114,36.81017],[128.63114,36.80965],[128.63125,36.80723],[128.63132,36.80705],[128.63135,36.80697],[128.6318,36.80654],[128.63257,36.8064],[128.6325,36.80458],[128.63139,36.80204],[128.63144,36.80193],[128.63153,36.80176],[128.63243,36.80063],[128.63253,36.80054],[128.63267,36.80057],[128.63475,36.8014],[128.6358,36.80208],[128.63691,36.80404],[128.63775,36.80591],[128.63786,36.80639],[128.63797,36.80662],[128.63922,36.80786],[128.63972,36.80832],[128.63976,36.80837],[128.63997,36.80837],[128.64016,36.80831],[128.64026,36.80828],[128.64036,36.80824],[128.64053,36.80821],[128.64098,36.80815],[128.64125,36.80815],[128.64265,36.80852],[128.64297,36.80864],[128.64479,36.80936],[128.64615,36.80992],[128.64634,36.81],[128.64654,36.81006],[128.64797,36.81039],[128.65143,36.8106],[128.65628,36.80629],[128.65647,36.80488],[128.65649,36.80478],[128.65885,36.80316],[128.65913,36.80301],[128.65955,36.803],[128.6605,36.80372],[128.661,36.80468],[128.66431,36.80354],[128.6649,36.80331]]]]}},{"type":"Feature","properties":{"code":"47210620","name":"가흥1동","parent":"47210"},"geometry":{"type":"MultiPolygon","coordinates":[[[[128.62085,36.81932],[128.62044,36.81791],[128.62022,36.81645],[128.62053,36.81418],[128.62057,36.81386],[128.62056,36.81378],[128.62054,36.8137],[128.62027,36.81319],[128.61974,36.81238],[128.61601,36.80771],[128.61449,36.80721],[128.61386,36.80721],[128.61356,36.80737],[128.61252,36.8079],[128.61171,36.80698],[128.61139,36.80662],[128.61026,36.80513],[128.6098,36.80361],[128.61092,36.80244],[128.61334,36.80216],[128.61347,36.80212],[128.61518,36.80157],[128.61622,36.80072],[128.61858,36.79848],[128.62015,36.79627],[128.62022,36.79609],[128.62059,36.79511],[128.62225,36.79457],[128.61929,36.79234],[128.61898,36.79232],[128.61851,36.79228],[128.61792,36.79207],[128.61514,36.78996],[128.61431,36.78933],[128.61428,36.78931],[128.61418,36.78916],[128.61401,36.78865],[128.61369,36.78757],[128.61313,36.78625],[128.61189,36.78359],[128.61154,36.78296],[128.61141,36.78282],[128.60818,36.78441],[128.6074,36.7851],[128.6058,36.78625],[128.60521,36.7866],[128.6051,36.78669],[128.60499,36.78678],[128.6047,36.78702],[128.60445,36.78731],[128.60264,36.78991],[128.60259,36.79001],[128.60262,36.79013],[128.60272,36.79045],[128.60282,36.79078],[128.60283,36.79088],[128.60279,36.79121],[128.60277,36.79138],[128.60274,36.79143],[128.60262,36.79147],[128.6012,36.79166],[128.60108,36.79165],[128.60082,36.7916],[128.59885,36.79122],[128.59868,36.79117],[128.59685,36.79039],[128.59569,36.78994],[128.59494,36.78966],[128.59268,36.78942],[128.58828,36.7902],[128.58824,36.79023],[128.58822,36.79027],[128.58828,36.79041],[128.59,36.79298],[128.59207,36.79469],[128.59228,36.79495],[128.59247,36.79529],[128.59255,36.79554],[128.59257,36.7957],[128.59261,36.79651],[128.59263,36.79686],[128.59264,36.79695],[128.59577,36.80012],[128.59646,36.8029],[128.59622,36.80504],[128.59461,36.80809],[128.59259,36.81071],[128.59253,36.81075],[128.59185,36.81259],[128.59175,36.81288],[128.5917,36.81333],[128.59171,36.81379],[128.59177,36.81408],[128.59184,36.81422],[128.59317,36.81582],[128.59453,36.81626],[128.5982,36.81721],[128.5983,36.81724],[128.59987,36.8179],[128.59986,36.818],[128.59976,36.81876],[128.59978,36.81887],[128.59985,36.81893],[128.60019,36.81907],[128.6005,36.81918],[128.60255,36.81914],[128.60401,36.81894],[128.60432,36.81879],[128.61055,36.81726],[128.61202,36.81751],[128.61527,36.82014],[128.61527,36.82019],[128.61533,36.82067],[128.61812,36.82155],[128.61851,36.82156],[128.6191,36.82113],[128.61979,36.81995],[128.61984,36.81988],[128.62019,36.81935],[128.62044,36.81906],[128.62085,36.81932]]]]}},{"type":"Feature","properties":{"code":"47210630","name":"가흥2동","parent":"47210"},"geometry":{"type":"MultiPolygon","coordinates":[[[[128.60971,36.86842],[128.60962,36.8676],[128.60972,36.86639],[128.60962,36.865],[128.60906,36.86353],[128.60818,36.86211],[128.60736,36.86101],[128.60758,36.86046],[128.60777,36.86036],[128.60914,36.85964],[128.61196,36.85724],[128.61202,36.85716],[128.61203,36.85685],[128.61148,36.85543],[128.61528,36.85409],[128.61634,36.85404],[128.61782,36.85379],[128.61859,36.853],[128.62191,36.84944],[128.62169,36.84886],[128.62141,36.84636],[128.62191,36.84615],[128.62254,36.8459],[128.62393,36.84582],[128.62497,36.84556],[128.62708,36.84474],[128.62752,36.84372],[128.62755,36.84359],[128.62739,36.84257],[128.62723,36.84256],[128.62639,36.8425],[128.62393,36.84038],[128.62381,36.84001],[128.62381,36.83989],[128.62401,36.83802],[128.62412,36.83745],[128.62543,36.83725],[128.62526,36.83668],[128.62504,36.83607],[128.62485,36.83589],[128.62352,36.83533],[128.61958,36.83331],[128.61888,36.83252],[128.61726,36.83203],[128.61502,36.83138],[128.61385,36.83153],[128.6137,36.83088],[128.61308,36.82828],[128.61313,36.82577],[128.61314,36.82549],[128.61315,36.82516],[128.61321,36.82412],[128.61328,36.82391],[128.6133,36.82383],[128.61346,36.82332],[128.61448,36.82137],[128.61533,36.82067],[128.61527,36.82019],[128.61527,36.82014],[128.61202,36.81751],[128.61055,36.81726],[128.60432,36.81879],[128.60401,36.81894],[128.60255,36.81914],[128.6005,36.81918],[128.60019,36.81907],[128.59985,36.81893],[128.59978,36.81887],[128.59976,36.81876],[128.59986,36.818],[128.59987,36.8179],[128.5983,36.81724],[128.5982,36.81721],[128.59453,36.81626],[128.59317,36.81582],[128.59179,36.8165],[128.58759,36.81922],[128.58618,36.82018],[128.58608,36.82031],[128.58469,36.82395],[128.58298,36.82525],[128.58135,36.8284],[128.58113,36.8287],[128.58069,36.82905],[128.57897,36.82943],[128.5726,36.82845],[128.57233,36.8284],[128.57215,36.82818],[128.57139,36.82675],[128.57055,36.82612],[128.56946,36.82664],[128.56927,36.8267],[128.56714,36.82707],[128.56522,36.82967],[128.56531,36.82985],[128.56704,36.83379],[128.56764,36.83594],[128.56777,36.8371],[128.56778,36.83719],[128.56788,36.83729],[128.56806,36.83743],[128.56826,36.83758],[128.57156,36.83988],[128.572,36.84015],[128.57233,36.84031],[128.57252,36.84035],[128.5734,36.84046],[128.57365,36.84049],[128.57399,36.8405],[128.57436,36.8405],[128.57459,36.84048],[128.57524,36.84031],[128.57557,36.84021],[128.57598,36.84008],[128.57627,36.83996],[128.57718,36.83959],[128.57752,36.83947],[128.57777,36.83938],[128.57853,36.83911],[128.57874,36.83905],[128.58106,36.83847],[128.58146,36.83926],[128.58148,36.8393],[128.58145,36.83932],[128.5812,36.83942],[128.58071,36.8396],[128.57995,36.83989],[128.57856,36.84043],[128.57772,36.84077],[128.57766,36.8408],[128.57758,36.84085],[128.57756,36.84089],[128.57756,36.84095],[128.57757,36.84101],[128.57773,36.84135],[128.57785,36.84156],[128.57787,36.84158],[128.57794,36.84168],[128.57795,36.8417],[128.57798,36.84174],[128.57807,36.84184],[128.57816,36.84189],[128.57823,36.84192],[128.57834,36.84196],[128.57849,36.84199],[128.57871,36.84196],[128.57887,36.84194],[128.57907,36.8419],[128.57921,36.84185],[128.57931,36.8418],[128.57949,36.84169],[128.57973,36.84154],[128.57984,36.84149],[128.58032,36.84139],[128.58068,36.84135],[128.58106,36.84132],[128.58283,36.84133],[128.58326,36.84153],[128.58396,36.8428],[128.58399,36.84296],[128.58402,36.84315],[128.58402,36.8435],[128.58464,36.84519],[128.58574,36.8472],[128.58697,36.84825],[128.58807,36.8503],[128.58822,36.85233],[128.58997,36.85763],[128.5901,36.85798],[128.59028,36.85831],[128.59039,36.8585],[128.59054,36.85864],[128.59101,36.85905],[128.59112,36.85912],[128.59117,36.85911],[128.59156,36.85891],[128.59169,36.85883],[128.59179,36.85883],[128.59192,36.85892],[128.59201,36.85904],[128.59211,36.85928],[128.5922,36.85974],[128.59227,36.86015],[128.59231,36.86063],[128.59233,36.86084],[128.59235,36.86123],[128.59236,36.86144],[128.59172,36.86313],[128.59159,36.86318],[128.5915,36.86323],[128.59135,36.86336],[128.59128,36.86346],[128.59096,36.86434],[128.59099,36.86456],[128.59107,36.86468],[128.5912,36.86472],[128.5914,36.86474],[128.59165,36.86475],[128.59186,36.86471],[128.59206,36.86468],[128.59321,36.86441],[128.59525,36.86373],[128.59547,36.86358],[128.59555,36.8635],[128.59573,36.86324],[128.59587,36.86289],[128.59602,36.86268],[128.59629,36.86247],[128.59652,36.86237],[128.59756,36.862],[128.59856,36.86184],[128.59919,36.86187],[128.59967,36.86193],[128.59982,36.86196],[128.59995,36.86202],[128.60003,36.86211],[128.60043,36.86361],[128.60088,36.86578],[128.60086,36.86612],[128.60072,36.86651],[128.60062,36.86663],[128.60318,36.86798],[128.60863,36.86847],[128.60971,36.86842]]]]}}]}