{"type":"FeatureCollection","features":[{"type":"Feature","properties":{"code":"52750250","name":"임실읍","parent":"52750"},"geometry":{"type":"MultiPolygon","coordinates":[[[[127.32023,35.65092],[127.32001,35.65081],[127.31975,35.65059],[127.31963,35.6504],[127.31953,35.65021],[127.31945,35.64996],[127.31929,35.64928],[127.31926,35.64916],[127.3189,35.64533],[127.31891,35.64528],[127.31667,35.64274],[127.31045,35.63663],[127.30838,35.635],[127.30829,35.63497],[127.30791,35.63491],[127.30738,35.63483],[127.30723,35.63484],[127.3071,35.63489],[127.30679,35.63506],[127.30647,35.63521],[127.30611,35.63534],[127.30592,35.63536],[127.30558,35.63533],[127.30318,35.63506],[127.2996,35.63409],[127.29747,35.63346],[127.29726,35.63338],[127.29706,35.6333],[127.29681,35.63315],[127.29545,35.6322],[127.29505,35.63189],[127.29486,35.63171],[127.2945,35.63136],[127.29435,35.63122],[127.29419,35.63105],[127.29406,35.6309],[127.29399,35.6308],[127.29394,35.6307],[127.29356,35.62974],[127.29353,35.62948],[127.29433,35.62777],[127.29492,35.62765],[127.29554,35.62796],[127.29605,35.62854],[127.29626,35.62893],[127.29669,35.6297],[127.29828,35.62956],[127.29852,35.62953],[127.29875,35.6295],[127.29923,35.62941],[127.29963,35.62931],[127.29976,35.62928],[127.29988,35.62924],[127.30007,35.62916],[127.30028,35.62907],[127.30555,35.62686],[127.3056,35.62681],[127.30565,35.62676],[127.30569,35.62667],[127.3057,35.62655],[127.30569,35.62636],[127.30566,35.62615],[127.30533,35.62466],[127.30527,35.62454],[127.30516,35.62442],[127.305,35.62429],[127.30486,35.62418],[127.30469,35.62399],[127.30461,35.6238],[127.30451,35.6234],[127.30449,35.62311],[127.30448,35.62239],[127.30449,35.6223],[127.3045,35.62221],[127.30507,35.62029],[127.30625,35.61863],[127.30625,35.61856],[127.30553,35.61667],[127.30494,35.61505],[127.30492,35.61491],[127.30558,35.61337],[127.30564,35.61323],[127.30574,35.61317],[127.30586,35.61311],[127.30692,35.61273],[127.30813,35.61257],[127.30829,35.61253],[127.30847,35.61245],[127.30869,35.61229],[127.30975,35.61137],[127.31193,35.60895],[127.31194,35.60884],[127.31091,35.60491],[127.31041,35.60302],[127.30895,35.60008],[127.3072,35.59644],[127.30712,35.59623],[127.3071,35.59617],[127.30698,35.59556],[127.30695,35.59539],[127.30694,35.59525],[127.30694,35.59507],[127.30695,35.59504],[127.30703,35.59478],[127.30706,35.5947],[127.30715,35.59452],[127.30723,35.5944],[127.30737,35.59415],[127.30742,35.59402],[127.30741,35.59396],[127.30738,35.59391],[127.30623,35.59223],[127.30586,35.59175],[127.30493,35.58943],[127.30486,35.58931],[127.30478,35.58919],[127.30473,35.58913],[127.30427,35.58866],[127.30422,35.58862],[127.30306,35.58788],[127.30302,35.58785],[127.30299,35.58784],[127.30295,35.58782],[127.3029,35.58781],[127.30279,35.58778],[127.30198,35.58768],[127.30069,35.58482],[127.29919,35.58254],[127.29917,35.58252],[127.29913,35.58249],[127.29818,35.582],[127.29812,35.58197],[127.29803,35.58194],[127.29795,35.58193],[127.29782,35.58191],[127.29762,35.58195],[127.29757,35.58197],[127.29738,35.58204],[127.29722,35.5821],[127.29716,35.58212],[127.29707,35.58214],[127.29649,35.58224],[127.29623,35.58228],[127.29618,35.58228],[127.29599,35.58227],[127.29591,35.58226],[127.29353,35.5817],[127.29347,35.58168],[127.29344,35.58167],[127.29341,35.58165],[127.29339,35.58163],[127.29333,35.58156],[127.29105,35.57815],[127.28951,35.57547],[127.28914,35.57362],[127.28796,35.56836],[127.28791,35.56823],[127.28601,35.56541],[127.28512,35.56449],[127.28417,35.56379],[127.28379,35.56365],[127.28368,35.56359],[127.28308,35.56319],[127.28295,35.56309],[127.28267,35.56289],[127.28244,35.5627],[127.28222,35.5625],[127.27723,35.55548],[127.27716,35.55535],[127.27634,35.55305],[127.27625,35.5527],[127.27625,35.55259],[127.27627,35.55254],[127.27686,35.55122],[127.27692,35.55113],[127.27697,35.55104],[127.27705,35.55097],[127.27813,35.55025],[127.27817,35.55024],[127.27822,35.55021],[127.27834,35.55016],[127.2743,35.54256],[127.27211,35.53921],[127.27164,35.53833],[127.27097,35.53706],[127.27062,35.53608],[127.27017,35.53485],[127.26984,35.53472],[127.26881,35.5343],[127.26824,35.53426],[127.26746,35.53513],[127.26688,35.53509],[127.26552,35.5331],[127.2645,35.53163],[127.26306,35.53136],[127.25926,35.5247],[127.25741,35.52395],[127.25495,35.52585],[127.25347,35.52853],[127.25223,35.53172],[127.24771,35.53383],[127.24547,35.53554],[127.24482,35.53581],[127.24463,35.53586],[127.24432,35.53576],[127.24418,35.53556],[127.24402,35.53524],[127.24382,35.53455],[127.24358,35.53429],[127.24298,35.53416],[127.2426,35.5342],[127.2391,35.5355],[127.23808,35.53604],[127.23727,35.53657],[127.23701,35.53695],[127.23688,35.5374],[127.23689,35.5377],[127.23687,35.5381],[127.2368,35.53831],[127.23661,35.53868],[127.23647,35.53878],[127.23626,35.53887],[127.23572,35.53876],[127.23506,35.53858],[127.23467,35.53835],[127.23429,35.53808],[127.23234,35.53691],[127.2311,35.53645],[127.23037,35.53631],[127.22978,35.5363],[127.22911,35.53634],[127.22845,35.5364],[127.22665,35.53664],[127.22655,35.53789],[127.22665,35.53871],[127.22697,35.53952],[127.22747,35.5406],[127.22879,35.5424],[127.22924,35.54354],[127.22953,35.5444],[127.22954,35.54526],[127.22971,35.54559],[127.22994,35.5458],[127.23032,35.546],[127.23073,35.5461],[127.23123,35.5461],[127.23226,35.5461],[127.23302,35.54616],[127.23358,35.54623],[127.23423,35.54656],[127.23474,35.54719],[127.23604,35.54896],[127.23882,35.55276],[127.24035,35.55516],[127.24076,35.55608],[127.2409,35.55675],[127.24109,35.55801],[127.24112,35.55831],[127.24101,35.55856],[127.2408,35.55883],[127.24054,35.55916],[127.24035,35.55951],[127.24026,35.55969],[127.24026,35.55986],[127.24117,35.56163],[127.24143,35.56198],[127.24252,35.56311],[127.24281,35.56352],[127.2433,35.56451],[127.24417,35.56744],[127.24422,35.56781],[127.24416,35.56803],[127.24398,35.56835],[127.24357,35.56858],[127.24312,35.56873],[127.24244,35.56884],[127.24162,35.56905],[127.24115,35.56929],[127.24071,35.56974],[127.24038,35.57026],[127.24021,35.57053],[127.24007,35.57127],[127.23992,35.57276],[127.23968,35.57327],[127.23822,35.57505],[127.23749,35.57591],[127.23693,35.57656],[127.23672,35.57682],[127.23663,35.57704],[127.23658,35.57733],[127.23658,35.57758],[127.23665,35.58026],[127.23673,35.58055],[127.23697,35.58087],[127.23774,35.58141],[127.23815,35.58182],[127.23827,35.582],[127.23829,35.58217],[127.23733,35.58415],[127.23701,35.58458],[127.23615,35.58538],[127.23459,35.5866],[127.2338,35.58709],[127.23366,35.58714],[127.23283,35.58745],[127.23178,35.58786],[127.2301,35.58965],[127.2287,35.59118],[127.2285,35.59145],[127.22845,35.59163],[127.22861,35.59199],[127.22899,35.59281],[127.22903,35.59328],[127.22897,35.59371],[127.22852,35.59428],[127.228,35.59461],[127.22788,35.59469],[127.22757,35.59487],[127.22679,35.59516],[127.22631,35.59532],[127.22574,35.59552],[127.22544,35.59571],[127.22509,35.59617],[127.22481,35.59657],[127.22459,35.59699],[127.22379,35.59784],[127.22367,35.59808],[127.22376,35.59829],[127.22439,35.59882],[127.22472,35.59926],[127.22481,35.59966],[127.22469,35.59993],[127.22383,35.60133],[127.22431,35.60202],[127.22599,35.60564],[127.22648,35.60779],[127.22922,35.61062],[127.2293,35.61097],[127.22929,35.61124],[127.22924,35.61173],[127.22689,35.61303],[127.22436,35.6174],[127.22429,35.61757],[127.22426,35.61764],[127.22421,35.61786],[127.22417,35.61803],[127.22456,35.61983],[127.22548,35.62015],[127.22646,35.62069],[127.22763,35.62133],[127.23331,35.62501],[127.23675,35.62768],[127.23899,35.6296],[127.23987,35.63012],[127.24072,35.63021],[127.24136,35.63017],[127.24266,35.62982],[127.24322,35.62971],[127.24338,35.62968],[127.2441,35.62982],[127.24481,35.63079],[127.24506,35.63137],[127.24543,35.63222],[127.24551,35.63277],[127.24577,35.63298],[127.25049,35.63443],[127.25076,35.63449],[127.25105,35.63451],[127.25137,35.63449],[127.25176,35.63446],[127.25197,35.63443],[127.25217,35.6344],[127.25257,35.63428],[127.25272,35.63417],[127.25304,35.63388],[127.25314,35.63378],[127.25328,35.63361],[127.25333,35.6335],[127.25338,35.63339],[127.25338,35.63332],[127.25338,35.63329],[127.25336,35.63322],[127.25333,35.63304],[127.25334,35.63287],[127.25335,35.63273],[127.2534,35.63265],[127.25348,35.63256],[127.2536,35.63247],[127.25374,35.63242],[127.25386,35.63242],[127.25755,35.63274],[127.25979,35.63345],[127.26052,35.63397],[127.26101,35.63416],[127.26128,35.63422],[127.26156,35.63427],[127.26203,35.63433],[127.2634,35.63448],[127.26353,35.63446],[127.26368,35.63441],[127.26399,35.6342],[127.2641,35.6341],[127.26419,35.63402],[127.26441,35.63376],[127.26452,35.63358],[127.26467,35.63343],[127.26482,35.63334],[127.265,35.63328],[127.2669,35.63283],[127.26698,35.63281],[127.26707,35.63281],[127.26715,35.63282],[127.26729,35.63289],[127.26748,35.63302],[127.2716,35.63589],[127.27176,35.63601],[127.27185,35.6361],[127.27256,35.63682],[127.27264,35.63694],[127.27296,35.63754],[127.27299,35.6377],[127.27298,35.63781],[127.27293,35.638],[127.27289,35.63807],[127.27285,35.63814],[127.27283,35.63819],[127.27282,35.63828],[127.27285,35.63926],[127.27288,35.63939],[127.27297,35.63961],[127.27299,35.63966],[127.2734,35.64046],[127.2742,35.64175],[127.27428,35.64182],[127.27438,35.64192],[127.27452,35.64204],[127.27688,35.64394],[127.27726,35.64418],[127.27745,35.64429],[127.27773,35.64441],[127.27803,35.64451],[127.27818,35.64455],[127.27954,35.64327],[127.28005,35.64261],[127.28014,35.64246],[127.28021,35.64229],[127.28032,35.64195],[127.28038,35.64173],[127.2804,35.64161],[127.28041,35.64151],[127.28037,35.64142],[127.27967,35.64046],[127.27943,35.64022],[127.27925,35.64005],[127.27908,35.63992],[127.27901,35.63988],[127.27892,35.63982],[127.2787,35.63965],[127.27861,35.63958],[127.27858,35.63952],[127.27855,35.6394],[127.27855,35.63931],[127.27867,35.63909],[127.27884,35.63888],[127.27908,35.63864],[127.27914,35.63859],[127.27927,35.63848],[127.27948,35.63839],[127.27958,35.63837],[127.28078,35.63826],[127.28136,35.63821],[127.28263,35.63819],[127.28277,35.63819],[127.28518,35.63843],[127.28744,35.64293],[127.28778,35.64494],[127.28779,35.64595],[127.2903,35.64605],[127.29209,35.64836],[127.29219,35.64848],[127.2955,35.64982],[127.29653,35.65008],[127.29958,35.64823],[127.30322,35.6463],[127.30614,35.64761],[127.30936,35.64961],[127.31094,35.65117],[127.31146,35.65241],[127.31185,35.65334],[127.31519,35.65429],[127.31567,35.65431],[127.31652,35.65409],[127.31757,35.65383],[127.3195,35.65297],[127.32023,35.65092]]]]}},{"type":"Feature","properties":{"code":"52750310","name":"청웅면","parent":"52750"},"geometry":{"type":"MultiPolygon","coordinates":[[[[127.22665,35.53664],[127.22653,35.53578],[127.22563,35.53156],[127.22552,35.53103],[127.22497,35.52816],[127.22499,35.52765],[127.22505,35.52687],[127.22499,35.52515],[127.22442,35.52194],[127.22421,35.52148],[127.22348,35.52099],[127.22192,35.52052],[127.21745,35.51922],[127.21614,35.51897],[127.21525,35.51888],[127.21455,35.5189],[127.21369,35.51914],[127.21304,35.5195],[127.21321,35.51984],[127.21323,35.52042],[127.21316,35.52097],[127.21302,35.52146],[127.21273,35.52208],[127.21206,35.5231],[127.21107,35.52449],[127.20923,35.52886],[127.20894,35.52975],[127.20881,35.53004],[127.20842,35.5305],[127.20751,35.53103],[127.20624,35.53161],[127.20572,35.53192],[127.2048,35.53287],[127.20399,35.53405],[127.20352,35.53443],[127.20331,35.53449],[127.20311,35.53446],[127.20294,35.53438],[127.20279,35.53426],[127.20241,35.53372],[127.20215,35.53344],[127.20172,35.53322],[127.20119,35.53301],[127.20072,35.533],[127.19997,35.53321],[127.19973,35.53335],[127.19941,35.53359],[127.1991,35.53385],[127.19894,35.53398],[127.19885,35.53406],[127.19836,35.53446],[127.19784,35.53467],[127.19752,35.53476],[127.19719,35.53479],[127.1938,35.53489],[127.1927,35.53482],[127.18986,35.53622],[127.19006,35.53741],[127.18997,35.53781],[127.18965,35.53805],[127.18881,35.53834],[127.18818,35.53851],[127.18589,35.53902],[127.18458,35.53954],[127.17974,35.54254],[127.17969,35.54271],[127.17968,35.54291],[127.17973,35.54306],[127.18,35.54331],[127.18076,35.54372],[127.18439,35.54546],[127.18511,35.54572],[127.19223,35.54808],[127.1943,35.54867],[127.19717,35.54989],[127.19751,35.55007],[127.1977,35.55023],[127.19821,35.55129],[127.19744,35.5518],[127.19722,35.55192],[127.19712,35.55218],[127.19664,35.55401],[127.1966,35.55464],[127.19661,35.55508],[127.19696,35.56008],[127.19711,35.56042],[127.19806,35.56212],[127.19906,35.56446],[127.19954,35.56602],[127.19935,35.56671],[127.1963,35.57019],[127.19377,35.57276],[127.19209,35.57379],[127.19144,35.57409],[127.19091,35.57425],[127.19003,35.5739],[127.18719,35.57254],[127.18681,35.57231],[127.18591,35.57198],[127.18506,35.57185],[127.1847,35.57181],[127.18453,35.57181],[127.18289,35.57205],[127.18257,35.5721],[127.1822,35.57213],[127.1813,35.57211],[127.18061,35.57203],[127.17996,35.57184],[127.17843,35.57105],[127.17777,35.57071],[127.17587,35.56996],[127.17558,35.56993],[127.17439,35.56985],[127.17349,35.5699],[127.17332,35.56992],[127.17309,35.56994],[127.1719,35.57005],[127.17127,35.5699],[127.17108,35.56982],[127.17041,35.56947],[127.16972,35.56903],[127.1695,35.56867],[127.16913,35.56802],[127.16895,35.56775],[127.16876,35.5675],[127.16863,35.56739],[127.16847,35.56739],[127.16815,35.56743],[127.16789,35.56769],[127.16738,35.56846],[127.1647,35.57251],[127.16344,35.57563],[127.16328,35.57733],[127.16323,35.57758],[127.16205,35.57959],[127.16182,35.57988],[127.1615,35.58009],[127.16036,35.58023],[127.16008,35.58024],[127.15902,35.58055],[127.15813,35.58099],[127.15784,35.58124],[127.1574,35.58176],[127.15693,35.58259],[127.15662,35.58371],[127.15566,35.58464],[127.15622,35.58583],[127.15721,35.58903],[127.15738,35.58935],[127.15764,35.58963],[127.15789,35.58978],[127.15827,35.5898],[127.15921,35.58974],[127.16028,35.58965],[127.16666,35.59164],[127.1674,35.59157],[127.16805,35.59148],[127.16827,35.59141],[127.17116,35.59013],[127.17667,35.58811],[127.17718,35.58801],[127.17805,35.58768],[127.17835,35.58753],[127.17859,35.58731],[127.1787,35.5872],[127.17881,35.58701],[127.17906,35.58658],[127.17925,35.58602],[127.1793,35.58564],[127.17946,35.58538],[127.17972,35.58518],[127.17995,35.58519],[127.18135,35.58578],[127.18153,35.58589],[127.18193,35.58614],[127.18426,35.58782],[127.18544,35.58958],[127.18543,35.59036],[127.18549,35.59069],[127.18609,35.59195],[127.18666,35.59269],[127.18723,35.59324],[127.18745,35.59345],[127.18827,35.59418],[127.18836,35.59427],[127.18886,35.59471],[127.18936,35.59502],[127.19257,35.5963],[127.19299,35.5963],[127.19325,35.59628],[127.19357,35.59621],[127.19408,35.59598],[127.19442,35.59573],[127.19542,35.59478],[127.19775,35.59232],[127.19803,35.59184],[127.19817,35.59159],[127.19828,35.59141],[127.19859,35.59126],[127.19874,35.59122],[127.19905,35.5912],[127.19921,35.5912],[127.20025,35.59128],[127.20103,35.59149],[127.20135,35.59185],[127.20159,35.59246],[127.20191,35.59297],[127.2024,35.59327],[127.2035,35.59361],[127.20451,35.59374],[127.20532,35.59382],[127.20698,35.59427],[127.20959,35.59528],[127.21046,35.59594],[127.2117,35.59668],[127.21205,35.59679],[127.21238,35.59685],[127.21267,35.59685],[127.2133,35.59685],[127.21494,35.59662],[127.21522,35.59659],[127.21583,35.59656],[127.2163,35.59662],[127.21695,35.59687],[127.21753,35.59716],[127.21796,35.59748],[127.21805,35.59769],[127.21804,35.59787],[127.21767,35.59873],[127.21759,35.59901],[127.21764,35.59931],[127.21769,35.59941],[127.21778,35.5996],[127.21819,35.5999],[127.21867,35.60016],[127.21974,35.60029],[127.22017,35.60031],[127.22048,35.60032],[127.22171,35.60053],[127.22254,35.60076],[127.22329,35.60105],[127.22383,35.60133],[127.22469,35.59993],[127.22481,35.59966],[127.22472,35.59926],[127.22439,35.59882],[127.22376,35.59829],[127.22367,35.59808],[127.22379,35.59784],[127.22459,35.59699],[127.22481,35.59657],[127.22509,35.59617],[127.22544,35.59571],[127.22574,35.59552],[127.22631,35.59532],[127.22679,35.59516],[127.22757,35.59487],[127.22788,35.59469],[127.228,35.59461],[127.22852,35.59428],[127.22897,35.59371],[127.22903,35.59328],[127.22899,35.59281],[127.22861,35.59199],[127.22845,35.59163],[127.2285,35.59145],[127.2287,35.59118],[127.2301,35.58965],[127.23178,35.58786],[127.23283,35.58745],[127.23366,35.58714],[127.2338,35.58709],[127.23459,35.5866],[127.23615,35.58538],[127.23701,35.58458],[127.23733,35.58415],[127.23829,35.58217],[127.23827,35.582],[127.23815,35.58182],[127.23774,35.58141],[127.23697,35.58087],[127.23673,35.58055],[127.23665,35.58026],[127.23658,35.57758],[127.23658,35.57733],[127.23663,35.57704],[127.23672,35.57682],[127.23693,35.57656],[127.23749,35.57591],[127.23822,35.57505],[127.23968,35.57327],[127.23992,35.57276],[127.24007,35.57127],[127.24021,35.57053],[127.24038,35.57026],[127.24071,35.56974],[127.24115,35.56929],[127.24162,35.56905],[127.24244,35.56884],[127.24312,35.56873],[127.24357,35.56858],[127.24398,35.56835],[127.24416,35.56803],[127.24422,35.56781],[127.24417,35.56744],[127.2433,35.56451],[127.24281,35.56352],[127.24252,35.56311],[127.24143,35.56198],[127.24117,35.56163],[127.24026,35.55986],[127.24026,35.55969],[127.24035,35.55951],[127.24054,35.55916],[127.2408,35.55883],[127.24101,35.55856],[127.24112,35.55831],[127.24109,35.55801],[127.2409,35.55675],[127.24076,35.55608],[127.24035,35.55516],[127.23882,35.55276],[127.23604,35.54896],[127.23474,35.54719],[127.23423,35.54656],[127.23358,35.54623],[127.23302,35.54616],[127.23226,35.5461],[127.23123,35.5461],[127.23073,35.5461],[127.23032,35.546],[127.22994,35.5458],[127.22971,35.54559],[127.22954,35.54526],[127.22953,35.5444],[127.22924,35.54354],[127.22879,35.5424],[127.22747,35.5406],[127.22697,35.53952],[127.22665,35.53871],[127.22655,35.53789],[127.22665,35.53664]]]]}},{"type":"Feature","properties":{"code":"52750320","name":"운암면","parent":"52750"},"geometry":{"type":"MultiPolygon","coordinates":[[[[127.19163,35.65243],[127.19132,35.65233],[127.19026,35.65147],[127.18983,35.65048],[127.18922,35.64876],[127.18895,35.64718],[127.1888,35.64639],[127.18867,35.64585],[127.18819,35.64533],[127.18772,35.64485],[127.18676,35.64353],[127.18643,35.64287],[127.18618,35.64235],[127.18609,35.64201],[127.18606,35.64189],[127.18597,35.64142],[127.18597,35.64115],[127.18614,35.64073],[127.18726,35.64011],[127.18861,35.63928],[127.18998,35.63838],[127.19132,35.63701],[127.19205,35.63619],[127.19225,35.63591],[127.19279,35.63484],[127.193,35.63394],[127.19307,35.63323],[127.19301,35.63304],[127.19274,35.63221],[127.19263,35.63181],[127.1928,35.63111],[127.19301,35.6305],[127.19398,35.62855],[127.19412,35.62838],[127.19464,35.62808],[127.19483,35.62807],[127.19509,35.62807],[127.19531,35.62806],[127.19554,35.6281],[127.19603,35.62816],[127.19847,35.62886],[127.19905,35.62902],[127.2012,35.6282],[127.20111,35.62803],[127.20064,35.62706],[127.20053,35.62619],[127.20044,35.62529],[127.20044,35.62506],[127.20048,35.62414],[127.20062,35.62361],[127.2011,35.62211],[127.20258,35.61908],[127.20284,35.61881],[127.20298,35.61866],[127.20432,35.61791],[127.20515,35.61753],[127.20614,35.61733],[127.20913,35.61872],[127.2116,35.61986],[127.21499,35.62],[127.21865,35.62019],[127.22083,35.62045],[127.22186,35.62074],[127.2223,35.62068],[127.22254,35.62063],[127.2231,35.62042],[127.22456,35.61983],[127.22417,35.61803],[127.22421,35.61786],[127.22426,35.61764],[127.22429,35.61757],[127.22436,35.6174],[127.22689,35.61303],[127.22924,35.61173],[127.22929,35.61124],[127.2293,35.61097],[127.22922,35.61062],[127.22648,35.60779],[127.22599,35.60564],[127.22431,35.60202],[127.22383,35.60133],[127.22329,35.60105],[127.22254,35.60076],[127.22171,35.60053],[127.22048,35.60032],[127.22017,35.60031],[127.21974,35.60029],[127.21867,35.60016],[127.21819,35.5999],[127.21778,35.5996],[127.21769,35.59941],[127.21764,35.59931],[127.21759,35.59901],[127.21767,35.59873],[127.21804,35.59787],[127.21805,35.59769],[127.21796,35.59748],[127.21753,35.59716],[127.21695,35.59687],[127.2163,35.59662],[127.21583,35.59656],[127.21522,35.59659],[127.21494,35.59662],[127.2133,35.59685],[127.21267,35.59685],[127.21238,35.59685],[127.21205,35.59679],[127.2117,35.59668],[127.21046,35.59594],[127.20959,35.59528],[127.20698,35.59427],[127.20532,35.59382],[127.20451,35.59374],[127.2035,35.59361],[127.2024,35.59327],[127.20191,35.59297],[127.20159,35.59246],[127.20135,35.59185],[127.20103,35.59149],[127.20025,35.59128],[127.19921,35.5912],[127.19905,35.5912],[127.19874,35.59122],[127.19859,35.59126],[127.19828,35.59141],[127.19817,35.59159],[127.19803,35.59184],[127.19775,35.59232],[127.19542,35.59478],[127.19442,35.59573],[127.19408,35.59598],[127.19357,35.59621],[127.19325,35.59628],[127.19299,35.5963],[127.19257,35.5963],[127.18936,35.59502],[127.18886,35.59471],[127.18836,35.59427],[127.18827,35.59418],[127.18745,35.59345],[127.18723,35.59324],[127.18666,35.59269],[127.18609,35.59195],[127.18549,35.59069],[127.18543,35.59036],[127.18544,35.58958],[127.18426,35.58782],[127.18193,35.58614],[127.18153,35.58589],[127.18135,35.58578],[127.17995,35.58519],[127.17972,35.58518],[127.17946,35.58538],[127.1793,35.58564],[127.17925,35.58602],[127.17906,35.58658],[127.17881,35.58701],[127.1787,35.5872],[127.17859,35.58731],[127.17835,35.58753],[127.17805,35.58768],[127.17718,35.58801],[127.17667,35.58811],[127.17116,35.59013],[127.16827,35.59141],[127.16805,35.59148],[127.1674,35.59157],[127.16666,35.59164],[127.16028,35.58965],[127.15921,35.58974],[127.15827,35.5898],[127.15789,35.58978],[127.15764,35.58963],[127.15738,35.58935],[127.15721,35.58903],[127.15622,35.58583],[127.15566,35.58464],[127.15534,35.58465],[127.15496,35.58457],[127.15443,35.58444],[127.1543,35.58439],[127.15278,35.58369],[127.15244,35.58346],[127.15206,35.58321],[127.15097,35.58277],[127.15063,35.58269],[127.15052,35.58268],[127.15038,35.58267],[127.14902,35.5826],[127.14789,35.58277],[127.14762,35.58283],[127.14648,35.58312],[127.14546,35.58334],[127.14269,35.5839],[127.14241,35.58386],[127.14234,35.58385],[127.14214,35.58376],[127.14114,35.58326],[127.13962,35.58214],[127.13946,35.58206],[127.13907,35.58185],[127.13884,35.58173],[127.13792,35.58134],[127.13672,35.58114],[127.13587,35.58109],[127.13579,35.58107],[127.13534,35.58099],[127.1352,35.58095],[127.13448,35.58076],[127.13365,35.58049],[127.13305,35.5802],[127.13229,35.57974],[127.13149,35.57894],[127.131,35.57827],[127.13094,35.57794],[127.13114,35.57747],[127.13128,35.57712],[127.13162,35.57608],[127.13174,35.57548],[127.13181,35.57334],[127.13165,35.57228],[127.1315,35.5716],[127.13036,35.56909],[127.12971,35.56587],[127.12971,35.56515],[127.12966,35.5651],[127.12962,35.56506],[127.12932,35.565],[127.12885,35.56498],[127.12855,35.56496],[127.12823,35.56497],[127.1276,35.56497],[127.12735,35.565],[127.12656,35.56519],[127.12643,35.56522],[127.1251,35.56579],[127.12449,35.56591],[127.12436,35.56594],[127.12379,35.56594],[127.11839,35.565],[127.11782,35.56485],[127.1175,35.56475],[127.11731,35.56469],[127.11694,35.5643],[127.11664,35.56398],[127.11646,35.56369],[127.11639,35.56337],[127.11665,35.56281],[127.11707,35.56156],[127.11713,35.56138],[127.11717,35.5609],[127.11688,35.56042],[127.11467,35.55886],[127.11433,35.55876],[127.11389,35.55864],[127.11338,35.55866],[127.11211,35.55891],[127.11141,35.55924],[127.1099,35.56042],[127.10966,35.56078],[127.10938,35.5619],[127.10911,35.56231],[127.10861,35.5625],[127.10854,35.56253],[127.1024,35.56337],[127.10199,35.56341],[127.10132,35.56347],[127.10078,35.56348],[127.1003,35.56344],[127.10014,35.56341],[127.09962,35.56328],[127.09921,35.56297],[127.09896,35.56287],[127.09867,35.56289],[127.09829,35.56303],[127.09804,35.56313],[127.09414,35.56562],[127.09332,35.56632],[127.09271,35.56704],[127.09135,35.569],[127.08964,35.57029],[127.08876,35.57143],[127.08845,35.5739],[127.08498,35.5785],[127.08359,35.57912],[127.08271,35.58247],[127.08271,35.58288],[127.08293,35.58441],[127.08537,35.58573],[127.08602,35.58621],[127.08611,35.58663],[127.08855,35.5874],[127.09047,35.58713],[127.09672,35.58725],[127.09873,35.58811],[127.10095,35.59021],[127.10115,35.59042],[127.1025,35.59182],[127.10423,35.59484],[127.10437,35.59584],[127.10406,35.59659],[127.10309,35.59741],[127.10178,35.59888],[127.1013,35.60055],[127.10111,35.60192],[127.10062,35.6031],[127.10022,35.60398],[127.10014,35.60405],[127.09832,35.60588],[127.0972,35.60711],[127.09678,35.60827],[127.09671,35.60858],[127.09348,35.6119],[127.09221,35.61222],[127.09206,35.61248],[127.09141,35.61372],[127.09119,35.61572],[127.09149,35.61786],[127.09218,35.61989],[127.09325,35.62126],[127.0936,35.62144],[127.09393,35.62143],[127.09424,35.62142],[127.09727,35.62121],[127.09916,35.62072],[127.09984,35.6205],[127.10048,35.61995],[127.10091,35.61956],[127.10123,35.61926],[127.10146,35.61917],[127.10214,35.6189],[127.10326,35.61865],[127.10518,35.61896],[127.10589,35.61933],[127.10628,35.61954],[127.10655,35.61985],[127.10674,35.62014],[127.10719,35.62102],[127.10879,35.62316],[127.11114,35.62422],[127.11231,35.62462],[127.11244,35.62463],[127.11528,35.62741],[127.11586,35.62858],[127.11834,35.63173],[127.12007,35.63348],[127.12411,35.63589],[127.1247,35.63606],[127.12501,35.63575],[127.12525,35.63552],[127.1258,35.63512],[127.12645,35.63516],[127.12703,35.63533],[127.12891,35.63684],[127.12941,35.63733],[127.13105,35.64008],[127.13227,35.64305],[127.13223,35.64354],[127.13247,35.64424],[127.13328,35.64546],[127.13386,35.64597],[127.13553,35.6468],[127.13614,35.64675],[127.13656,35.64672],[127.1376,35.64682],[127.13822,35.6469],[127.13891,35.64741],[127.13948,35.64764],[127.14062,35.64774],[127.14116,35.64774],[127.14131,35.6477],[127.14191,35.64754],[127.14241,35.64728],[127.1437,35.6465],[127.1442,35.6462],[127.14511,35.64571],[127.14573,35.64566],[127.14645,35.6462],[127.14832,35.64766],[127.14917,35.64858],[127.14967,35.64945],[127.14961,35.65037],[127.14955,35.65101],[127.14955,35.65157],[127.14984,35.65316],[127.15003,35.65372],[127.15146,35.65679],[127.15189,35.65725],[127.15199,35.65737],[127.15253,35.65773],[127.15303,35.65845],[127.15259,35.65968],[127.15236,35.66027],[127.15219,35.6607],[127.15186,35.66146],[127.15167,35.66188],[127.15112,35.66231],[127.15083,35.66254],[127.15071,35.66279],[127.15048,35.66324],[127.14942,35.66572],[127.14927,35.66687],[127.1494,35.66912],[127.15001,35.66961],[127.15058,35.66994],[127.15111,35.66996],[127.1517,35.66978],[127.15192,35.66953],[127.15277,35.6685],[127.15327,35.6682],[127.15424,35.66796],[127.15613,35.66811],[127.16088,35.66755],[127.16415,35.66762],[127.16541,35.66772],[127.1661,35.66762],[127.16681,35.66746],[127.16729,35.66736],[127.17314,35.66587],[127.17657,35.66461],[127.17669,35.66456],[127.17738,35.66427],[127.18385,35.66048],[127.18442,35.65999],[127.1847,35.65968],[127.18485,35.6593],[127.18526,35.65771],[127.18601,35.65751],[127.1867,35.65753],[127.1873,35.65761],[127.18805,35.65761],[127.18899,35.65745],[127.18949,35.65709],[127.18977,35.65666],[127.1899,35.6564],[127.19011,35.65596],[127.19117,35.65333],[127.19163,35.65243]]]]}},{"type":"Feature","properties":{"code":"52750330","name":"신평면","parent":"52750"},"geometry":{"type":"MultiPolygon","coordinates":[[[[127.27818,35.64455],[127.27803,35.64451],[127.27773,35.64441],[127.27745,35.64429],[127.27726,35.64418],[127.27688,35.64394],[127.27452,35.64204],[127.27438,35.64192],[127.27428,35.64182],[127.2742,35.64175],[127.2734,35.64046],[127.27299,35.63966],[127.27297,35.63961],[127.27288,35.63939],[127.27285,35.63926],[127.27282,35.63828],[127.27283,35.63819],[127.27285,35.63814],[127.27289,35.63807],[127.27293,35.638],[127.27298,35.63781],[127.27299,35.6377],[127.27296,35.63754],[127.27264,35.63694],[127.27256,35.63682],[127.27185,35.6361],[127.27176,35.63601],[127.2716,35.63589],[127.26748,35.63302],[127.26729,35.63289],[127.26715,35.63282],[127.26707,35.63281],[127.26698,35.63281],[127.2669,35.63283],[127.265,35.63328],[127.26482,35.63334],[127.26467,35.63343],[127.26452,35.63358],[127.26441,35.63376],[127.26419,35.63402],[127.2641,35.6341],[127.26399,35.6342],[127.26368,35.63441],[127.26353,35.63446],[127.2634,35.63448],[127.26203,35.63433],[127.26156,35.63427],[127.26128,35.63422],[127.26101,35.63416],[127.26052,35.63397],[127.25979,35.63345],[127.25755,35.63274],[127.25386,35.63242],[127.25374,35.63242],[127.2536,35.63247],[127.25348,35.63256],[127.2534,35.63265],[127.25335,35.63273],[127.25334,35.63287],[127.25333,35.63304],[127.25336,35.63322],[127.25338,35.63329],[127.25338,35.63332],[127.25338,35.63339],[127.25333,35.6335],[127.25328,35.63361],[127.25314,35.63378],[127.25304,35.63388],[127.25272,35.63417],[127.25257,35.63428],[127.25217,35.6344],[127.25197,35.63443],[127.25176,35.63446],[127.25137,35.63449],[127.25105,35.63451],[127.25076,35.63449],[127.25049,35.63443],[127.24577,35.63298],[127.24551,35.63277],[127.24543,35.63222],[127.24506,35.63137],[127.24481,35.63079],[127.2441,35.62982],[127.24338,35.62968],[127.24322,35.62971],[127.24266,35.62982],[127.24136,35.63017],[127.24072,35.63021],[127.23987,35.63012],[127.23899,35.6296],[127.23675,35.62768],[127.23331,35.62501],[127.22763,35.62133],[127.22646,35.62069],[127.22548,35.62015],[127.22456,35.61983],[127.2231,35.62042],[127.22254,35.62063],[127.2223,35.62068],[127.22186,35.62074],[127.22083,35.62045],[127.21865,35.62019],[127.21499,35.62],[127.2116,35.61986],[127.20913,35.61872],[127.20614,35.61733],[127.20515,35.61753],[127.20432,35.61791],[127.20298,35.61866],[127.20284,35.61881],[127.20258,35.61908],[127.2011,35.62211],[127.20062,35.62361],[127.20048,35.62414],[127.20044,35.62506],[127.20044,35.62529],[127.20053,35.62619],[127.20064,35.62706],[127.20111,35.62803],[127.2012,35.6282],[127.19905,35.62902],[127.19847,35.62886],[127.19603,35.62816],[127.19554,35.6281],[127.19531,35.62806],[127.19509,35.62807],[127.19483,35.62807],[127.19464,35.62808],[127.19412,35.62838],[127.19398,35.62855],[127.19301,35.6305],[127.1928,35.63111],[127.19263,35.63181],[127.19274,35.63221],[127.19301,35.63304],[127.19307,35.63323],[127.193,35.63394],[127.19279,35.63484],[127.19225,35.63591],[127.19205,35.63619],[127.19132,35.63701],[127.18998,35.63838],[127.18861,35.63928],[127.18726,35.64011],[127.18614,35.64073],[127.18597,35.64115],[127.18597,35.64142],[127.18606,35.64189],[127.18609,35.64201],[127.18618,35.64235],[127.18643,35.64287],[127.18676,35.64353],[127.18772,35.64485],[127.18819,35.64533],[127.18867,35.64585],[127.1888,35.64639],[127.18895,35.64718],[127.18922,35.64876],[127.18983,35.65048],[127.19026,35.65147],[127.19132,35.65233],[127.19163,35.65243],[127.19228,35.65209],[127.19292,35.65219],[127.19413,35.65263],[127.19451,35.6528],[127.19533,35.65325],[127.19603,35.65377],[127.19722,35.6545],[127.19827,35.65508],[127.19925,35.65542],[127.20036,35.65537],[127.20178,35.65464],[127.20342,35.65349],[127.20406,35.65326],[127.20453,35.65322],[127.20504,35.65322],[127.2059,35.65333],[127.20651,35.65356],[127.20726,35.65488],[127.20748,35.65545],[127.20748,35.65593],[127.20741,35.65685],[127.20773,35.65758],[127.20824,35.6581],[127.21096,35.66024],[127.21136,35.66023],[127.21206,35.66006],[127.2139,35.65913],[127.21423,35.65892],[127.21452,35.65874],[127.21526,35.65843],[127.21591,35.65839],[127.2171,35.65905],[127.21749,35.65945],[127.21757,35.66],[127.21748,35.66056],[127.2172,35.66119],[127.21662,35.66191],[127.21595,35.66271],[127.21502,35.66345],[127.21477,35.66403],[127.21326,35.66879],[127.21312,35.66934],[127.21342,35.66972],[127.21517,35.67136],[127.2155,35.67146],[127.21638,35.67151],[127.21767,35.67114],[127.22117,35.67033],[127.22175,35.67034],[127.22206,35.67048],[127.22228,35.67086],[127.22251,35.67145],[127.22244,35.67226],[127.22228,35.67295],[127.22224,35.67353],[127.22223,35.67406],[127.22232,35.67442],[127.22254,35.67469],[127.22476,35.67605],[127.22588,35.67658],[127.22654,35.67665],[127.22696,35.67667],[127.22742,35.67666],[127.2278,35.67662],[127.22826,35.67649],[127.23264,35.67458],[127.23301,35.67426],[127.23345,35.6738],[127.23353,35.67339],[127.23365,35.67296],[127.2339,35.67267],[127.23414,35.67253],[127.23424,35.67248],[127.2347,35.67239],[127.23521,35.67235],[127.23571,35.67239],[127.23642,35.6725],[127.24129,35.67436],[127.24161,35.67487],[127.24201,35.67582],[127.24234,35.67644],[127.24284,35.67696],[127.24348,35.67751],[127.2462,35.67677],[127.24817,35.675],[127.24894,35.67347],[127.24896,35.67342],[127.24901,35.67334],[127.25013,35.67201],[127.25048,35.67161],[127.25064,35.67162],[127.25086,35.67165],[127.25104,35.67169],[127.25123,35.67173],[127.25143,35.67179],[127.25163,35.67183],[127.25176,35.67185],[127.25198,35.67186],[127.25209,35.67186],[127.25371,35.67174],[127.25389,35.67172],[127.25407,35.67169],[127.25426,35.67166],[127.25444,35.67163],[127.25464,35.67157],[127.25479,35.67152],[127.25486,35.67149],[127.25564,35.67114],[127.25582,35.67105],[127.25599,35.67093],[127.25613,35.67082],[127.25618,35.67077],[127.25627,35.67068],[127.25638,35.67053],[127.25645,35.6704],[127.25652,35.67024],[127.25658,35.67014],[127.2566,35.67009],[127.25668,35.66995],[127.25677,35.66983],[127.25686,35.66971],[127.25693,35.66964],[127.25697,35.6696],[127.25844,35.66822],[127.25858,35.66814],[127.2587,35.66809],[127.26398,35.66631],[127.26401,35.6663],[127.26411,35.66627],[127.26426,35.66625],[127.26445,35.66625],[127.26484,35.66634],[127.26493,35.66637],[127.26504,35.66645],[127.26509,35.66653],[127.26513,35.66661],[127.2652,35.66677],[127.26529,35.66692],[127.26537,35.66706],[127.26546,35.66717],[127.26547,35.66719],[127.26553,35.66726],[127.26556,35.66729],[127.26563,35.66733],[127.26568,35.66736],[127.26578,35.6674],[127.26612,35.66748],[127.26627,35.66751],[127.26683,35.66761],[127.267,35.66763],[127.26716,35.66761],[127.26733,35.66759],[127.2675,35.66754],[127.26767,35.66747],[127.26784,35.66738],[127.26856,35.66687],[127.26887,35.66665],[127.26904,35.66653],[127.27382,35.66265],[127.274,35.66249],[127.27407,35.66242],[127.27418,35.66227],[127.27428,35.66213],[127.27433,35.66206],[127.27442,35.66193],[127.27448,35.66186],[127.27501,35.66107],[127.27538,35.66043],[127.27563,35.65999],[127.27572,35.65982],[127.27584,35.65959],[127.27594,35.65932],[127.276,35.65906],[127.27602,35.65891],[127.27604,35.65832],[127.27601,35.65789],[127.27595,35.65764],[127.27594,35.6576],[127.27591,35.65753],[127.27567,35.65708],[127.27504,35.65621],[127.27458,35.6556],[127.27443,35.65541],[127.27416,35.65502],[127.27379,35.65443],[127.27372,35.6543],[127.2737,35.65411],[127.27365,35.65329],[127.27371,35.65168],[127.27374,35.65144],[127.27378,35.65124],[127.27383,35.65101],[127.27403,35.65008],[127.27406,35.65001],[127.27409,35.64995],[127.27739,35.64609],[127.27818,35.64455]]]]}},{"type":"Feature","properties":{"code":"52750340","name":"성수면","parent":"52750"},"geometry":{"type":"MultiPolygon","coordinates":[[[[127.43599,35.62186],[127.43435,35.62108],[127.43279,35.6203],[127.4295,35.61812],[127.42937,35.618],[127.42689,35.61516],[127.4266,35.61488],[127.42654,35.61483],[127.42649,35.6148],[127.42595,35.61469],[127.42569,35.61465],[127.42228,35.61463],[127.4131,35.61434],[127.41297,35.61442],[127.41282,35.6145],[127.41235,35.61471],[127.41226,35.61474],[127.41209,35.61478],[127.41196,35.6148],[127.41115,35.61486],[127.41107,35.61486],[127.40248,35.61373],[127.40241,35.61372],[127.40231,35.6137],[127.40226,35.61368],[127.40215,35.6136],[127.40198,35.61347],[127.40184,35.61335],[127.40145,35.61303],[127.4014,35.61299],[127.40132,35.61294],[127.4012,35.61289],[127.40113,35.61287],[127.39996,35.61279],[127.39989,35.61279],[127.39902,35.61287],[127.39619,35.61313],[127.39612,35.61314],[127.39607,35.61315],[127.39595,35.61318],[127.39592,35.61319],[127.39555,35.61331],[127.39501,35.61351],[127.39434,35.61378],[127.3918,35.61454],[127.38861,35.61491],[127.38681,35.61493],[127.3815,35.61329],[127.37723,35.60951],[127.3756,35.60875],[127.37548,35.60869],[127.37535,35.60862],[127.37478,35.60827],[127.37469,35.60821],[127.37461,35.60814],[127.37459,35.6081],[127.37436,35.60758],[127.37242,35.6063],[127.37019,35.60632],[127.36749,35.6063],[127.36744,35.60628],[127.36736,35.60624],[127.36731,35.60621],[127.36725,35.60617],[127.36649,35.60566],[127.36638,35.60558],[127.36622,35.60545],[127.36611,35.60533],[127.36572,35.60491],[127.36559,35.60476],[127.36502,35.60421],[127.36497,35.60418],[127.36489,35.60414],[127.36461,35.60407],[127.36446,35.60406],[127.3643,35.60404],[127.3641,35.60404],[127.36111,35.60439],[127.36095,35.60443],[127.36076,35.60451],[127.36067,35.60455],[127.3606,35.60459],[127.36043,35.60472],[127.3602,35.60489],[127.36007,35.60498],[127.36001,35.60501],[127.3599,35.60502],[127.35965,35.60503],[127.34903,35.60498],[127.34896,35.60497],[127.34769,35.60467],[127.34765,35.60464],[127.34562,35.60272],[127.3451,35.60216],[127.34499,35.60202],[127.34493,35.60193],[127.33864,35.59183],[127.33862,35.5918],[127.33861,35.59176],[127.33825,35.59015],[127.33824,35.5901],[127.33825,35.59005],[127.33827,35.59],[127.33845,35.58978],[127.33857,35.58963],[127.33858,35.5896],[127.33861,35.58957],[127.33864,35.5895],[127.33867,35.58942],[127.33866,35.58937],[127.33805,35.58805],[127.33625,35.58447],[127.33547,35.58374],[127.33508,35.58357],[127.33469,35.5834],[127.33463,35.58338],[127.33357,35.58321],[127.33126,35.58287],[127.33027,35.5828],[127.3302,35.5828],[127.32699,35.58343],[127.32258,35.58622],[127.31951,35.58806],[127.3194,35.58805],[127.31818,35.58806],[127.3181,35.58806],[127.31797,35.58808],[127.31755,35.58815],[127.31334,35.58897],[127.3095,35.58984],[127.30807,35.58997],[127.30586,35.59175],[127.30623,35.59223],[127.30738,35.59391],[127.30741,35.59396],[127.30742,35.59402],[127.30737,35.59415],[127.30723,35.5944],[127.30715,35.59452],[127.30706,35.5947],[127.30703,35.59478],[127.30695,35.59504],[127.30694,35.59507],[127.30694,35.59525],[127.30695,35.59539],[127.30698,35.59556],[127.3071,35.59617],[127.30712,35.59623],[127.3072,35.59644],[127.30895,35.60008],[127.31041,35.60302],[127.31091,35.60491],[127.31194,35.60884],[127.31193,35.60895],[127.30975,35.61137],[127.30869,35.61229],[127.30847,35.61245],[127.30829,35.61253],[127.30813,35.61257],[127.30692,35.61273],[127.30586,35.61311],[127.30574,35.61317],[127.30564,35.61323],[127.30558,35.61337],[127.30492,35.61491],[127.30494,35.61505],[127.30553,35.61667],[127.30625,35.61856],[127.30625,35.61863],[127.30507,35.62029],[127.3045,35.62221],[127.30449,35.6223],[127.30448,35.62239],[127.30449,35.62311],[127.30451,35.6234],[127.30461,35.6238],[127.30469,35.62399],[127.30486,35.62418],[127.305,35.62429],[127.30516,35.62442],[127.30527,35.62454],[127.30533,35.62466],[127.30566,35.62615],[127.30569,35.62636],[127.3057,35.62655],[127.30569,35.62667],[127.30565,35.62676],[127.3056,35.62681],[127.30555,35.62686],[127.30028,35.62907],[127.30007,35.62916],[127.29988,35.62924],[127.29976,35.62928],[127.29963,35.62931],[127.29923,35.62941],[127.29875,35.6295],[127.29852,35.62953],[127.29828,35.62956],[127.29669,35.6297],[127.29626,35.62893],[127.29605,35.62854],[127.29554,35.62796],[127.29492,35.62765],[127.29433,35.62777],[127.29353,35.62948],[127.29356,35.62974],[127.29394,35.6307],[127.29399,35.6308],[127.29406,35.6309],[127.29419,35.63105],[127.29435,35.63122],[127.2945,35.63136],[127.29486,35.63171],[127.29505,35.63189],[127.29545,35.6322],[127.29681,35.63315],[127.29706,35.6333],[127.29726,35.63338],[127.29747,35.63346],[127.2996,35.63409],[127.30318,35.63506],[127.30558,35.63533],[127.30592,35.63536],[127.30611,35.63534],[127.30647,35.63521],[127.30679,35.63506],[127.3071,35.63489],[127.30723,35.63484],[127.30738,35.63483],[127.30791,35.63491],[127.30829,35.63497],[127.30838,35.635],[127.31045,35.63663],[127.31667,35.64274],[127.31891,35.64528],[127.3189,35.64533],[127.31926,35.64916],[127.31929,35.64928],[127.31945,35.64996],[127.31953,35.65021],[127.31963,35.6504],[127.31975,35.65059],[127.32001,35.65081],[127.32023,35.65092],[127.32165,35.65113],[127.32176,35.65118],[127.32324,35.65191],[127.32339,35.65202],[127.3235,35.65215],[127.3282,35.65033],[127.33141,35.64764],[127.33143,35.6476],[127.33156,35.64753],[127.33193,35.64735],[127.33217,35.64726],[127.33231,35.64721],[127.33245,35.64717],[127.33265,35.64713],[127.33441,35.64698],[127.33451,35.64697],[127.33458,35.64698],[127.33466,35.64699],[127.33472,35.64702],[127.33524,35.6473],[127.33539,35.64741],[127.33596,35.64787],[127.33635,35.6482],[127.33691,35.64868],[127.33795,35.64958],[127.33883,35.65073],[127.34157,35.65536],[127.34238,35.6574],[127.34281,35.65899],[127.34759,35.66166],[127.34766,35.6617],[127.34783,35.66175],[127.35051,35.6623],[127.35062,35.66231],[127.35073,35.66232],[127.35647,35.66113],[127.35661,35.6611],[127.35683,35.66101],[127.357,35.66093],[127.3571,35.66087],[127.35903,35.6595],[127.35912,35.65941],[127.35918,35.65934],[127.35929,35.65913],[127.35932,35.65903],[127.35933,35.65899],[127.35939,35.65874],[127.35942,35.65861],[127.35946,35.65849],[127.35952,35.65837],[127.35957,35.6583],[127.35963,35.65826],[127.36003,35.65826],[127.36199,35.65859],[127.36214,35.65862],[127.36227,35.65865],[127.36242,35.65868],[127.36254,35.65873],[127.36266,35.65879],[127.3647,35.66039],[127.36604,35.6605],[127.36619,35.66052],[127.36625,35.66054],[127.36633,35.66056],[127.36642,35.66058],[127.36652,35.66064],[127.36662,35.66074],[127.36669,35.66084],[127.36677,35.66101],[127.36682,35.66119],[127.36685,35.66127],[127.36693,35.66151],[127.36712,35.66198],[127.36733,35.66242],[127.36742,35.66257],[127.36749,35.66263],[127.36753,35.66266],[127.36762,35.66269],[127.37133,35.66339],[127.37452,35.66395],[127.37713,35.66424],[127.37728,35.6641],[127.37769,35.66372],[127.37773,35.66365],[127.37869,35.66097],[127.37872,35.66081],[127.37869,35.66073],[127.37832,35.65828],[127.3779,35.65454],[127.37789,35.65441],[127.3779,35.65427],[127.37792,35.65418],[127.37797,35.65412],[127.37801,35.6541],[127.37814,35.65407],[127.37818,35.65406],[127.37836,35.65402],[127.37874,35.65396],[127.37894,35.65397],[127.38011,35.65414],[127.38362,35.65477],[127.38516,35.65515],[127.38759,35.65557],[127.38775,35.65557],[127.38812,35.65548],[127.38818,35.65546],[127.38831,35.65541],[127.38862,35.65527],[127.38869,35.65524],[127.39083,35.65367],[127.39097,35.65357],[127.39213,35.65239],[127.39262,35.65189],[127.39268,35.65183],[127.3962,35.6515],[127.39908,35.65172],[127.39915,35.65172],[127.39919,35.65171],[127.39924,35.65167],[127.39934,35.65156],[127.40017,35.65049],[127.40024,35.65041],[127.40142,35.64952],[127.40316,35.64827],[127.40332,35.64816],[127.40344,35.64809],[127.4035,35.64805],[127.40364,35.648],[127.40704,35.64686],[127.4107,35.64563],[127.4108,35.64564],[127.41084,35.64565],[127.41103,35.64562],[127.41107,35.6456],[127.41118,35.64557],[127.41266,35.64507],[127.41445,35.64422],[127.41449,35.64419],[127.41508,35.64368],[127.41516,35.64361],[127.41525,35.64351],[127.41536,35.64337],[127.4155,35.64315],[127.4156,35.643],[127.41568,35.64284],[127.41578,35.64263],[127.41583,35.64255],[127.41588,35.64249],[127.41593,35.64244],[127.4166,35.6418],[127.41664,35.64177],[127.41668,35.64175],[127.41672,35.64173],[127.41695,35.64165],[127.41862,35.6411],[127.41872,35.64107],[127.42072,35.64066],[127.42185,35.64067],[127.42395,35.64077],[127.42516,35.64097],[127.42527,35.64099],[127.42858,35.64095],[127.43143,35.63762],[127.43155,35.63746],[127.43213,35.63662],[127.43219,35.63652],[127.43222,35.63642],[127.43259,35.63453],[127.43259,35.63449],[127.43251,35.63439],[127.43236,35.63428],[127.43075,35.63245],[127.4306,35.63228],[127.43055,35.63215],[127.43046,35.63191],[127.43044,35.63176],[127.43044,35.63173],[127.43051,35.63003],[127.43052,35.62999],[127.43111,35.62903],[127.43139,35.62862],[127.43152,35.62845],[127.43161,35.62838],[127.43166,35.62833],[127.43173,35.6283],[127.43189,35.62822],[127.43203,35.62816],[127.43221,35.62813],[127.43257,35.62811],[127.43264,35.62811],[127.43268,35.6281],[127.43286,35.62804],[127.43313,35.6279],[127.43331,35.62781],[127.43339,35.62777],[127.43438,35.62697],[127.43444,35.62692],[127.43454,35.62683],[127.43491,35.62642],[127.43499,35.62632],[127.43501,35.62627],[127.4352,35.62566],[127.43556,35.6243],[127.43564,35.62401],[127.43566,35.62391],[127.43599,35.62186]]]]}},{"type":"Feature","properties":{"code":"52750355","name":"오수면","parent":"52750"},"geometry":{"type":"MultiPolygon","coordinates":[[[[127.33547,35.58374],[127.33571,35.58138],[127.33686,35.57723],[127.33709,35.57644],[127.33667,35.57468],[127.33663,35.57462],[127.3366,35.57458],[127.33653,35.57452],[127.33632,35.57443],[127.33594,35.57424],[127.33585,35.57418],[127.33575,35.57407],[127.33508,35.57301],[127.33501,35.5729],[127.33284,35.56827],[127.33279,35.56809],[127.33279,35.56802],[127.33291,35.56387],[127.33299,35.56179],[127.33299,35.56169],[127.33297,35.5616],[127.33223,35.55996],[127.33149,35.55857],[127.33082,35.55747],[127.33012,35.55623],[127.32958,35.55517],[127.32918,35.55414],[127.3291,35.5539],[127.32877,35.55266],[127.33227,35.55021],[127.33233,35.55017],[127.33246,35.55011],[127.33274,35.55006],[127.33291,35.55006],[127.33308,35.55006],[127.33323,35.55008],[127.3335,35.55011],[127.33366,35.55015],[127.33378,35.55019],[127.33391,35.55029],[127.33404,35.55042],[127.33412,35.55052],[127.33459,35.54875],[127.33889,35.54515],[127.33925,35.54488],[127.3407,35.54388],[127.34316,35.54274],[127.34328,35.54268],[127.34338,35.54265],[127.34492,35.54233],[127.34505,35.5423],[127.34517,35.54231],[127.34533,35.54236],[127.34553,35.54248],[127.34568,35.54263],[127.34578,35.5427],[127.34633,35.54292],[127.3464,35.54295],[127.34645,35.54297],[127.34656,35.54298],[127.34665,35.54297],[127.34672,35.54294],[127.34779,35.54227],[127.34789,35.5422],[127.348,35.54211],[127.34899,35.54041],[127.3498,35.53723],[127.34935,35.53529],[127.34766,35.53311],[127.34662,35.52959],[127.34551,35.52811],[127.34442,35.52701],[127.34275,35.52594],[127.34242,35.52578],[127.34231,35.52574],[127.34074,35.52582],[127.34068,35.52585],[127.34062,35.52592],[127.3406,35.52608],[127.34063,35.52639],[127.34062,35.5266],[127.34052,35.52732],[127.34047,35.52742],[127.34034,35.52751],[127.34014,35.52761],[127.33992,35.52766],[127.33792,35.52781],[127.33788,35.52781],[127.33783,35.5278],[127.3378,35.52777],[127.33776,35.52768],[127.33772,35.52661],[127.33771,35.52614],[127.33771,35.52593],[127.33775,35.52581],[127.3378,35.52564],[127.33789,35.52545],[127.33824,35.52492],[127.33841,35.52468],[127.34297,35.52049],[127.34317,35.52032],[127.3454,35.51888],[127.34987,35.51588],[127.3547,35.51231],[127.35482,35.51201],[127.3548,35.51061],[127.35466,35.51049],[127.35451,35.51039],[127.35422,35.51015],[127.35418,35.51011],[127.35415,35.51003],[127.35413,35.5099],[127.35415,35.5098],[127.35444,35.50834],[127.355,35.50635],[127.35534,35.50463],[127.35286,35.50381],[127.35296,35.50372],[127.35385,35.50289],[127.35558,35.50232],[127.35608,35.50169],[127.35625,35.50026],[127.35225,35.49729],[127.35024,35.49669],[127.34686,35.4965],[127.34514,35.49662],[127.34453,35.4966],[127.34138,35.4964],[127.34108,35.49619],[127.34084,35.49591],[127.34036,35.49534],[127.33866,35.49397],[127.33482,35.49261],[127.33444,35.49257],[127.33425,35.49256],[127.33221,35.49237],[127.33214,35.49239],[127.3318,35.4925],[127.33176,35.49252],[127.33149,35.49309],[127.33118,35.49355],[127.3296,35.49467],[127.32733,35.49541],[127.326,35.49583],[127.32527,35.49581],[127.32467,35.49567],[127.32114,35.49441],[127.32045,35.49376],[127.32003,35.4934],[127.31942,35.49338],[127.31874,35.49366],[127.31786,35.49527],[127.31782,35.49534],[127.31781,35.49536],[127.31682,35.49534],[127.31552,35.49524],[127.31055,35.49394],[127.31041,35.49389],[127.31026,35.49354],[127.30773,35.48754],[127.30722,35.4864],[127.30493,35.48691],[127.30246,35.48826],[127.29915,35.49127],[127.29913,35.4913],[127.29913,35.49134],[127.29917,35.4915],[127.29921,35.49161],[127.29926,35.49173],[127.30086,35.49473],[127.30176,35.49628],[127.30187,35.49648],[127.30194,35.49656],[127.30208,35.49667],[127.30231,35.49676],[127.30267,35.4968],[127.30308,35.49685],[127.30323,35.49691],[127.30407,35.49726],[127.30417,35.49734],[127.30423,35.49741],[127.3043,35.49749],[127.30611,35.49999],[127.3078,35.50243],[127.30787,35.50251],[127.3079,35.50254],[127.3082,35.50257],[127.30858,35.50261],[127.30888,35.50264],[127.30924,35.50264],[127.30948,35.50264],[127.30954,35.50265],[127.30965,35.50265],[127.30972,35.50268],[127.30974,35.50269],[127.30977,35.50271],[127.30983,35.50278],[127.31012,35.50319],[127.31174,35.50766],[127.31211,35.50905],[127.3136,35.51245],[127.31587,35.51748],[127.31642,35.51856],[127.31727,35.52007],[127.31729,35.5201],[127.31733,35.52012],[127.31738,35.52012],[127.31743,35.5201],[127.3175,35.52007],[127.31758,35.52004],[127.31766,35.52002],[127.31774,35.52001],[127.31779,35.52],[127.31784,35.52001],[127.31792,35.52003],[127.31798,35.52006],[127.31803,35.52009],[127.31812,35.52015],[127.31818,35.52021],[127.31834,35.52043],[127.31839,35.52053],[127.31845,35.52067],[127.31846,35.52073],[127.31847,35.52079],[127.31848,35.52088],[127.3185,35.52106],[127.31851,35.52124],[127.31851,35.52136],[127.31851,35.5214],[127.31851,35.52145],[127.3185,35.52164],[127.31849,35.52174],[127.31815,35.52468],[127.31896,35.52846],[127.31898,35.52855],[127.31895,35.52869],[127.31861,35.5292],[127.31605,35.53257],[127.31355,35.53451],[127.31326,35.53451],[127.31304,35.53457],[127.31276,35.53466],[127.31199,35.53501],[127.31096,35.53548],[127.31091,35.53553],[127.31088,35.53556],[127.31029,35.53653],[127.30994,35.53713],[127.30996,35.53731],[127.30997,35.53736],[127.30997,35.53771],[127.30993,35.5378],[127.30929,35.53881],[127.30925,35.53885],[127.30405,35.54207],[127.304,35.5421],[127.30387,35.5421],[127.3037,35.5421],[127.29818,35.54138],[127.29688,35.54037],[127.29541,35.53925],[127.29535,35.53922],[127.29465,35.53904],[127.29437,35.53897],[127.29413,35.53892],[127.29404,35.53892],[127.29399,35.53892],[127.29154,35.53946],[127.29136,35.5395],[127.29117,35.53956],[127.29103,35.53963],[127.291,35.53964],[127.2909,35.53971],[127.2908,35.53978],[127.29014,35.54038],[127.29005,35.54046],[127.29001,35.54049],[127.28958,35.54109],[127.28955,35.54114],[127.28951,35.54125],[127.2895,35.54135],[127.28952,35.54142],[127.28962,35.54177],[127.28971,35.54194],[127.28973,35.54199],[127.28978,35.54208],[127.2898,35.54215],[127.2898,35.54222],[127.28905,35.54351],[127.28887,35.54377],[127.28783,35.54498],[127.28779,35.54501],[127.28775,35.54503],[127.2877,35.54503],[127.28726,35.545],[127.28603,35.54571],[127.28423,35.54694],[127.28402,35.54718],[127.28385,35.54733],[127.28266,35.54818],[127.28249,35.5483],[127.28244,35.54833],[127.28196,35.54864],[127.28186,35.54869],[127.2791,35.5499],[127.27834,35.55016],[127.27822,35.55021],[127.27817,35.55024],[127.27813,35.55025],[127.27705,35.55097],[127.27697,35.55104],[127.27692,35.55113],[127.27686,35.55122],[127.27627,35.55254],[127.27625,35.55259],[127.27625,35.5527],[127.27634,35.55305],[127.27716,35.55535],[127.27723,35.55548],[127.28222,35.5625],[127.28244,35.5627],[127.28267,35.56289],[127.28295,35.56309],[127.28308,35.56319],[127.28368,35.56359],[127.28379,35.56365],[127.28417,35.56379],[127.28512,35.56449],[127.28601,35.56541],[127.28791,35.56823],[127.28796,35.56836],[127.28914,35.57362],[127.28951,35.57547],[127.29105,35.57815],[127.29333,35.58156],[127.29339,35.58163],[127.29341,35.58165],[127.29344,35.58167],[127.29347,35.58168],[127.29353,35.5817],[127.29591,35.58226],[127.29599,35.58227],[127.29618,35.58228],[127.29623,35.58228],[127.29649,35.58224],[127.29707,35.58214],[127.29716,35.58212],[127.29722,35.5821],[127.29738,35.58204],[127.29757,35.58197],[127.29762,35.58195],[127.29782,35.58191],[127.29795,35.58193],[127.29803,35.58194],[127.29812,35.58197],[127.29818,35.582],[127.29913,35.58249],[127.29917,35.58252],[127.29919,35.58254],[127.30069,35.58482],[127.30198,35.58768],[127.30279,35.58778],[127.3029,35.58781],[127.30295,35.58782],[127.30299,35.58784],[127.30302,35.58785],[127.30306,35.58788],[127.30422,35.58862],[127.30427,35.58866],[127.30473,35.58913],[127.30478,35.58919],[127.30486,35.58931],[127.30493,35.58943],[127.30586,35.59175],[127.30807,35.58997],[127.3095,35.58984],[127.31334,35.58897],[127.31755,35.58815],[127.31797,35.58808],[127.3181,35.58806],[127.31818,35.58806],[127.3194,35.58805],[127.31951,35.58806],[127.32258,35.58622],[127.32699,35.58343],[127.3302,35.5828],[127.33027,35.5828],[127.33126,35.58287],[127.33357,35.58321],[127.33463,35.58338],[127.33469,35.5834],[127.33508,35.58357],[127.33547,35.58374]]]]}},{"type":"Feature","properties":{"code":"52750360","name":"신덕면","parent":"52750"},"geometry":{"type":"MultiPolygon","coordinates":[[[[127.18631,35.73582],[127.18738,35.73526],[127.18807,35.73437],[127.18835,35.7337],[127.18848,35.73311],[127.18805,35.73215],[127.18788,35.7313],[127.18795,35.73088],[127.18849,35.73074],[127.19032,35.73044],[127.19427,35.72976],[127.19504,35.72946],[127.19515,35.72942],[127.19567,35.72923],[127.19722,35.7285],[127.19785,35.72801],[127.198,35.72764],[127.20063,35.72549],[127.20124,35.72537],[127.20315,35.72487],[127.20452,35.72441],[127.20557,35.72378],[127.20595,35.72322],[127.20669,35.72046],[127.20676,35.71952],[127.2067,35.71907],[127.20639,35.71792],[127.20593,35.71697],[127.20546,35.71575],[127.20553,35.7153],[127.20572,35.71479],[127.20611,35.71438],[127.20685,35.71383],[127.20737,35.71331],[127.20755,35.71284],[127.20763,35.71196],[127.20759,35.71094],[127.20777,35.71011],[127.20794,35.70982],[127.20835,35.70952],[127.20877,35.70934],[127.20953,35.7093],[127.21569,35.7102],[127.21899,35.71092],[127.22023,35.71126],[127.22219,35.71166],[127.22341,35.71183],[127.22396,35.71172],[127.22643,35.71004],[127.22693,35.70935],[127.22706,35.70902],[127.22741,35.70862],[127.22775,35.70829],[127.23223,35.70466],[127.23324,35.70403],[127.23383,35.70393],[127.2343,35.70393],[127.23472,35.70393],[127.23483,35.70392],[127.23513,35.70387],[127.23601,35.70349],[127.24055,35.6986],[127.24122,35.69787],[127.24153,35.69698],[127.24171,35.69508],[127.24157,35.69417],[127.24117,35.69306],[127.24067,35.69203],[127.23995,35.69102],[127.23985,35.69063],[127.24003,35.69033],[127.24124,35.68864],[127.24218,35.68707],[127.24243,35.68562],[127.24331,35.68248],[127.24338,35.6821],[127.24338,35.68168],[127.24283,35.68093],[127.2426,35.68063],[127.24246,35.68044],[127.24238,35.68014],[127.24249,35.67975],[127.24315,35.67794],[127.24336,35.67767],[127.24348,35.67751],[127.24284,35.67696],[127.24234,35.67644],[127.24201,35.67582],[127.24161,35.67487],[127.24129,35.67436],[127.23642,35.6725],[127.23571,35.67239],[127.23521,35.67235],[127.2347,35.67239],[127.23424,35.67248],[127.23414,35.67253],[127.2339,35.67267],[127.23365,35.67296],[127.23353,35.67339],[127.23345,35.6738],[127.23301,35.67426],[127.23264,35.67458],[127.22826,35.67649],[127.2278,35.67662],[127.22742,35.67666],[127.22696,35.67667],[127.22654,35.67665],[127.22588,35.67658],[127.22476,35.67605],[127.22254,35.67469],[127.22232,35.67442],[127.22223,35.67406],[127.22224,35.67353],[127.22228,35.67295],[127.22244,35.67226],[127.22251,35.67145],[127.22228,35.67086],[127.22206,35.67048],[127.22175,35.67034],[127.22117,35.67033],[127.21767,35.67114],[127.21638,35.67151],[127.2155,35.67146],[127.21517,35.67136],[127.21342,35.66972],[127.21312,35.66934],[127.21326,35.66879],[127.21477,35.66403],[127.21502,35.66345],[127.21595,35.66271],[127.21662,35.66191],[127.2172,35.66119],[127.21748,35.66056],[127.21757,35.66],[127.21749,35.65945],[127.2171,35.65905],[127.21591,35.65839],[127.21526,35.65843],[127.21452,35.65874],[127.21423,35.65892],[127.2139,35.65913],[127.21206,35.66006],[127.21136,35.66023],[127.21096,35.66024],[127.20824,35.6581],[127.20773,35.65758],[127.20741,35.65685],[127.20748,35.65593],[127.20748,35.65545],[127.20726,35.65488],[127.20651,35.65356],[127.2059,35.65333],[127.20504,35.65322],[127.20453,35.65322],[127.20406,35.65326],[127.20342,35.65349],[127.20178,35.65464],[127.20036,35.65537],[127.19925,35.65542],[127.19827,35.65508],[127.19722,35.6545],[127.19603,35.65377],[127.19533,35.65325],[127.19451,35.6528],[127.19413,35.65263],[127.19292,35.65219],[127.19228,35.65209],[127.19163,35.65243],[127.19117,35.65333],[127.19011,35.65596],[127.1899,35.6564],[127.18977,35.65666],[127.18949,35.65709],[127.18899,35.65745],[127.18805,35.65761],[127.1873,35.65761],[127.1867,35.65753],[127.18601,35.65751],[127.18526,35.65771],[127.18485,35.6593],[127.1847,35.65968],[127.18442,35.65999],[127.18385,35.66048],[127.17738,35.66427],[127.17669,35.66456],[127.17657,35.66461],[127.17314,35.66587],[127.16729,35.66736],[127.16681,35.66746],[127.1661,35.66762],[127.16541,35.66772],[127.16415,35.66762],[127.16088,35.66755],[127.15613,35.66811],[127.15424,35.66796],[127.15327,35.6682],[127.15277,35.6685],[127.15192,35.66953],[127.1517,35.66978],[127.15111,35.66996],[127.15058,35.66994],[127.15001,35.66961],[127.1494,35.66912],[127.14927,35.66687],[127.14942,35.66572],[127.15048,35.66324],[127.15071,35.66279],[127.15083,35.66254],[127.15112,35.66231],[127.15167,35.66188],[127.15186,35.66146],[127.15219,35.6607],[127.15236,35.66027],[127.15259,35.65968],[127.15303,35.65845],[127.15253,35.65773],[127.15199,35.65737],[127.15189,35.65725],[127.15146,35.65679],[127.15003,35.65372],[127.14984,35.65316],[127.14955,35.65157],[127.14955,35.65101],[127.14961,35.65037],[127.14967,35.64945],[127.14917,35.64858],[127.14832,35.64766],[127.14645,35.6462],[127.14573,35.64566],[127.14511,35.64571],[127.1442,35.6462],[127.1437,35.6465],[127.14241,35.64728],[127.14191,35.64754],[127.14131,35.6477],[127.14116,35.64774],[127.14062,35.64774],[127.13948,35.64764],[127.13891,35.64741],[127.13822,35.6469],[127.1376,35.64682],[127.13656,35.64672],[127.13614,35.64675],[127.13553,35.6468],[127.13537,35.64811],[127.13465,35.64928],[127.13204,35.65264],[127.13076,35.6542],[127.12947,35.65546],[127.12822,35.6564],[127.12756,35.65674],[127.12732,35.65694],[127.12698,35.65722],[127.12706,35.65788],[127.12708,35.65799],[127.12767,35.65845],[127.1284,35.65912],[127.12865,35.65981],[127.12941,35.66277],[127.1309,35.66574],[127.13091,35.66597],[127.13099,35.66715],[127.131,35.66725],[127.13097,35.66955],[127.12981,35.67127],[127.12893,35.67155],[127.12837,35.67155],[127.12768,35.67155],[127.12738,35.67177],[127.12708,35.67199],[127.12635,35.67368],[127.12633,35.67429],[127.12632,35.67493],[127.1262,35.67682],[127.12604,35.6778],[127.12562,35.67829],[127.12548,35.67846],[127.12494,35.67898],[127.12476,35.67946],[127.12497,35.68073],[127.12491,35.68478],[127.12469,35.68691],[127.12509,35.68965],[127.12528,35.69],[127.126,35.69072],[127.12773,35.69156],[127.12831,35.69163],[127.12857,35.69166],[127.12886,35.69165],[127.12945,35.69161],[127.13024,35.69174],[127.13112,35.69256],[127.1333,35.69465],[127.13399,35.69593],[127.13506,35.69729],[127.13632,35.69815],[127.13661,35.69822],[127.13738,35.69838],[127.13764,35.69843],[127.13825,35.69869],[127.13894,35.69935],[127.13907,35.69969],[127.13856,35.70056],[127.13844,35.70076],[127.1384,35.70082],[127.13763,35.70212],[127.13728,35.70375],[127.13722,35.70404],[127.13732,35.70606],[127.13847,35.71028],[127.13895,35.71128],[127.13951,35.7122],[127.13961,35.71253],[127.13909,35.71532],[127.13866,35.71801],[127.13891,35.71819],[127.14309,35.72069],[127.14593,35.72186],[127.14741,35.72224],[127.15124,35.72418],[127.15248,35.725],[127.15368,35.72513],[127.15468,35.7252],[127.15578,35.72513],[127.15678,35.72489],[127.15785,35.72446],[127.15918,35.72392],[127.15964,35.72396],[127.15978,35.72397],[127.16258,35.72517],[127.16283,35.72528],[127.16308,35.7254],[127.16333,35.7257],[127.16367,35.72614],[127.1633,35.72709],[127.16346,35.7278],[127.16533,35.72946],[127.16747,35.73112],[127.16882,35.73212],[127.17707,35.73771],[127.17748,35.73791],[127.17813,35.73822],[127.17905,35.73806],[127.17913,35.73804],[127.17954,35.7375],[127.18026,35.73668],[127.18104,35.73627],[127.18161,35.73614],[127.18384,35.73594],[127.18631,35.73582]]]]}},{"type":"Feature","properties":{"code":"52750370","name":"삼계면","parent":"52750"},"geometry":{"type":"MultiPolygon","coordinates":[[[[127.30722,35.4864],[127.30731,35.4844],[127.30812,35.47965],[127.30866,35.47766],[127.30842,35.47765],[127.30823,35.47766],[127.30555,35.47789],[127.30404,35.47813],[127.30313,35.47833],[127.30292,35.47836],[127.30271,35.47839],[127.30242,35.47839],[127.30218,35.47839],[127.30183,35.47835],[127.29879,35.47801],[127.29795,35.47772],[127.29658,35.47643],[127.29589,35.47562],[127.29582,35.47551],[127.29567,35.47531],[127.29561,35.47525],[127.29555,35.4752],[127.29541,35.47514],[127.29527,35.4751],[127.2952,35.47509],[127.29347,35.47505],[127.29253,35.47509],[127.29242,35.47511],[127.2889,35.4763],[127.28854,35.47644],[127.28845,35.47648],[127.28836,35.47653],[127.28658,35.47778],[127.28419,35.47913],[127.28413,35.47914],[127.28396,35.47908],[127.28168,35.47804],[127.28095,35.47768],[127.27666,35.47545],[127.27575,35.4747],[127.27501,35.47378],[127.27497,35.47373],[127.27486,35.47362],[127.2747,35.47351],[127.27464,35.47348],[127.27453,35.47343],[127.27446,35.47341],[127.27418,35.47335],[127.2741,35.47334],[127.27403,35.47333],[127.27382,35.47332],[127.27372,35.47332],[127.2726,35.47337],[127.27147,35.47345],[127.27143,35.47345],[127.27138,35.47346],[127.27126,35.47351],[127.26941,35.47422],[127.26934,35.47427],[127.26931,35.4743],[127.26919,35.4746],[127.26908,35.47489],[127.26893,35.47515],[127.26873,35.4754],[127.26859,35.47553],[127.2675,35.47625],[127.26745,35.47628],[127.2674,35.47631],[127.26736,35.47632],[127.26732,35.47632],[127.26668,35.47619],[127.26655,35.47615],[127.26645,35.4761],[127.26505,35.47527],[127.26468,35.47503],[127.26461,35.47496],[127.2645,35.47483],[127.26441,35.47469],[127.26437,35.47467],[127.26433,35.47467],[127.26428,35.47469],[127.26378,35.47488],[127.2637,35.47492],[127.26134,35.47626],[127.26125,35.47631],[127.26121,35.47636],[127.2593,35.479],[127.25929,35.47903],[127.25929,35.47915],[127.25929,35.47922],[127.25934,35.47949],[127.25935,35.47954],[127.25934,35.47963],[127.25932,35.47968],[127.25929,35.47972],[127.25926,35.47976],[127.25907,35.4799],[127.25899,35.47996],[127.25894,35.47998],[127.25889,35.47999],[127.25885,35.48],[127.25879,35.48],[127.25421,35.48022],[127.25415,35.4803],[127.2526,35.48174],[127.25251,35.48182],[127.25245,35.48186],[127.25231,35.48194],[127.24893,35.48379],[127.24463,35.48445],[127.24444,35.48445],[127.2416,35.48249],[127.23926,35.48007],[127.23853,35.47919],[127.23807,35.47809],[127.23718,35.47734],[127.2326,35.47424],[127.2316,35.47409],[127.23074,35.47414],[127.2303,35.47447],[127.2299,35.47506],[127.22875,35.47767],[127.22856,35.47811],[127.22805,35.47881],[127.22411,35.48231],[127.22001,35.48525],[127.21955,35.4858],[127.21904,35.48669],[127.21845,35.4887],[127.21772,35.48931],[127.21659,35.48991],[127.21664,35.49025],[127.21656,35.49098],[127.21648,35.4913],[127.21638,35.49159],[127.21594,35.49233],[127.21581,35.49241],[127.21521,35.49273],[127.21443,35.49317],[127.2142,35.4934],[127.21412,35.49356],[127.21385,35.49543],[127.21381,35.49616],[127.21382,35.49653],[127.21411,35.49792],[127.21429,35.49856],[127.21449,35.49897],[127.21508,35.49967],[127.21517,35.49996],[127.21512,35.50035],[127.21497,35.50067],[127.21475,35.50088],[127.21423,35.50136],[127.21381,35.50164],[127.21255,35.50242],[127.21037,35.50451],[127.20984,35.50515],[127.20878,35.50664],[127.20872,35.50723],[127.20879,35.51224],[127.20971,35.51447],[127.21019,35.51544],[127.21037,35.5158],[127.21173,35.51825],[127.21241,35.51898],[127.21304,35.5195],[127.21369,35.51914],[127.21455,35.5189],[127.21525,35.51888],[127.21614,35.51897],[127.21745,35.51922],[127.22192,35.52052],[127.22348,35.52099],[127.22421,35.52148],[127.22442,35.52194],[127.22499,35.52515],[127.22505,35.52687],[127.22499,35.52765],[127.22497,35.52816],[127.22552,35.53103],[127.22563,35.53156],[127.22653,35.53578],[127.22665,35.53664],[127.22845,35.5364],[127.22911,35.53634],[127.22978,35.5363],[127.23037,35.53631],[127.2311,35.53645],[127.23234,35.53691],[127.23429,35.53808],[127.23467,35.53835],[127.23506,35.53858],[127.23572,35.53876],[127.23626,35.53887],[127.23647,35.53878],[127.23661,35.53868],[127.2368,35.53831],[127.23687,35.5381],[127.23689,35.5377],[127.23688,35.5374],[127.23701,35.53695],[127.23727,35.53657],[127.23808,35.53604],[127.2391,35.5355],[127.2426,35.5342],[127.24298,35.53416],[127.24358,35.53429],[127.24382,35.53455],[127.24402,35.53524],[127.24418,35.53556],[127.24432,35.53576],[127.24463,35.53586],[127.24482,35.53581],[127.24547,35.53554],[127.24771,35.53383],[127.25223,35.53172],[127.25347,35.52853],[127.25495,35.52585],[127.25741,35.52395],[127.25926,35.5247],[127.26306,35.53136],[127.2645,35.53163],[127.26552,35.5331],[127.26688,35.53509],[127.26746,35.53513],[127.26824,35.53426],[127.26881,35.5343],[127.26984,35.53472],[127.27017,35.53485],[127.27062,35.53608],[127.27097,35.53706],[127.27164,35.53833],[127.27211,35.53921],[127.2743,35.54256],[127.27834,35.55016],[127.2791,35.5499],[127.28186,35.54869],[127.28196,35.54864],[127.28244,35.54833],[127.28249,35.5483],[127.28266,35.54818],[127.28385,35.54733],[127.28402,35.54718],[127.28423,35.54694],[127.28603,35.54571],[127.28726,35.545],[127.2877,35.54503],[127.28775,35.54503],[127.28779,35.54501],[127.28783,35.54498],[127.28887,35.54377],[127.28905,35.54351],[127.2898,35.54222],[127.2898,35.54215],[127.28978,35.54208],[127.28973,35.54199],[127.28971,35.54194],[127.28962,35.54177],[127.28952,35.54142],[127.2895,35.54135],[127.28951,35.54125],[127.28955,35.54114],[127.28958,35.54109],[127.29001,35.54049],[127.29005,35.54046],[127.29014,35.54038],[127.2908,35.53978],[127.2909,35.53971],[127.291,35.53964],[127.29103,35.53963],[127.29117,35.53956],[127.29136,35.5395],[127.29154,35.53946],[127.29399,35.53892],[127.29404,35.53892],[127.29413,35.53892],[127.29437,35.53897],[127.29465,35.53904],[127.29535,35.53922],[127.29541,35.53925],[127.29688,35.54037],[127.29818,35.54138],[127.3037,35.5421],[127.30387,35.5421],[127.304,35.5421],[127.30405,35.54207],[127.30925,35.53885],[127.30929,35.53881],[127.30993,35.5378],[127.30997,35.53771],[127.30997,35.53736],[127.30996,35.53731],[127.30994,35.53713],[127.31029,35.53653],[127.31088,35.53556],[127.31091,35.53553],[127.31096,35.53548],[127.31199,35.53501],[127.31276,35.53466],[127.31304,35.53457],[127.31326,35.53451],[127.31355,35.53451],[127.31605,35.53257],[127.31861,35.5292],[127.31895,35.52869],[127.31898,35.52855],[127.31896,35.52846],[127.31815,35.52468],[127.31849,35.52174],[127.3185,35.52164],[127.31851,35.52145],[127.31851,35.5214],[127.31851,35.52136],[127.31851,35.52124],[127.3185,35.52106],[127.31848,35.52088],[127.31847,35.52079],[127.31846,35.52073],[127.31845,35.52067],[127.31839,35.52053],[127.31834,35.52043],[127.31818,35.52021],[127.31812,35.52015],[127.31803,35.52009],[127.31798,35.52006],[127.31792,35.52003],[127.31784,35.52001],[127.31779,35.52],[127.31774,35.52001],[127.31766,35.52002],[127.31758,35.52004],[127.3175,35.52007],[127.31743,35.5201],[127.31738,35.52012],[127.31733,35.52012],[127.31729,35.5201],[127.31727,35.52007],[127.31642,35.51856],[127.31587,35.51748],[127.3136,35.51245],[127.31211,35.50905],[127.31174,35.50766],[127.31012,35.50319],[127.30983,35.50278],[127.30977,35.50271],[127.30974,35.50269],[127.30972,35.50268],[127.30965,35.50265],[127.30954,35.50265],[127.30948,35.50264],[127.30924,35.50264],[127.30888,35.50264],[127.30858,35.50261],[127.3082,35.50257],[127.3079,35.50254],[127.30787,35.50251],[127.3078,35.50243],[127.30611,35.49999],[127.3043,35.49749],[127.30423,35.49741],[127.30417,35.49734],[127.30407,35.49726],[127.30323,35.49691],[127.30308,35.49685],[127.30267,35.4968],[127.30231,35.49676],[127.30208,35.49667],[127.30194,35.49656],[127.30187,35.49648],[127.30176,35.49628],[127.30086,35.49473],[127.29926,35.49173],[127.29921,35.49161],[127.29917,35.4915],[127.29913,35.49134],[127.29913,35.4913],[127.29915,35.49127],[127.30246,35.48826],[127.30493,35.48691],[127.30722,35.4864]]]]}},{"type":"Feature","properties":{"code":"52750380","name":"관촌면","parent":"52750"},"geometry":{"type":"MultiPolygon","coordinates":[[[[127.2708,35.77796],[127.27108,35.77734],[127.27145,35.77678],[127.27205,35.77628],[127.27265,35.77594],[127.27299,35.77561],[127.27306,35.7754],[127.27306,35.7753],[127.27306,35.77513],[127.27275,35.7747],[127.27204,35.77419],[127.27161,35.77395],[127.27042,35.77326],[127.26954,35.77273],[127.26883,35.77224],[127.26852,35.772],[127.26613,35.76966],[127.26578,35.76907],[127.26563,35.76871],[127.26522,35.76735],[127.26516,35.76703],[127.26513,35.76477],[127.26514,35.76451],[127.26546,35.76276],[127.26557,35.76246],[127.26827,35.75895],[127.26876,35.75831],[127.27243,35.75614],[127.27347,35.75562],[127.27384,35.75545],[127.27411,35.75525],[127.2761,35.75301],[127.27658,35.75193],[127.27659,35.75189],[127.27658,35.75185],[127.27657,35.75182],[127.27652,35.75178],[127.27646,35.75174],[127.2764,35.75171],[127.2761,35.75157],[127.27587,35.75149],[127.27584,35.75147],[127.27583,35.75144],[127.27583,35.7514],[127.27601,35.75007],[127.27603,35.75],[127.27615,35.74956],[127.27628,35.74914],[127.27632,35.74904],[127.2764,35.74885],[127.27667,35.74829],[127.27702,35.7476],[127.27727,35.7471],[127.27731,35.74703],[127.2779,35.74606],[127.27798,35.74594],[127.27815,35.7457],[127.27836,35.74545],[127.27842,35.74539],[127.27947,35.74402],[127.28084,35.74212],[127.28169,35.73912],[127.28172,35.73899],[127.28173,35.73893],[127.28172,35.73888],[127.28171,35.73878],[127.28171,35.73874],[127.28169,35.73867],[127.28165,35.73858],[127.28158,35.73843],[127.28155,35.73838],[127.28152,35.73833],[127.28143,35.73822],[127.28118,35.73797],[127.28102,35.73782],[127.28099,35.73779],[127.28097,35.73776],[127.28097,35.73773],[127.28096,35.7377],[127.28097,35.73766],[127.28097,35.73761],[127.28101,35.73745],[127.28104,35.73736],[127.28106,35.7373],[127.28109,35.73725],[127.28112,35.73721],[127.28231,35.73576],[127.28302,35.73499],[127.28316,35.73485],[127.28321,35.73481],[127.2833,35.73476],[127.28335,35.73474],[127.28341,35.73472],[127.28346,35.73471],[127.2836,35.73472],[127.28382,35.73474],[127.28413,35.7348],[127.28463,35.73487],[127.28475,35.73488],[127.28497,35.7349],[127.28527,35.73489],[127.28566,35.73486],[127.28577,35.73484],[127.28587,35.73482],[127.28592,35.73481],[127.28598,35.73479],[127.28603,35.73477],[127.28607,35.73474],[127.28614,35.7347],[127.28648,35.73444],[127.28671,35.73426],[127.28677,35.7342],[127.28718,35.73376],[127.28734,35.73359],[127.28738,35.73354],[127.28813,35.73214],[127.28815,35.73209],[127.28816,35.73205],[127.28817,35.73199],[127.28816,35.73195],[127.28816,35.73192],[127.28814,35.73189],[127.28809,35.73183],[127.2874,35.73096],[127.28709,35.73059],[127.28704,35.73052],[127.28692,35.73033],[127.28689,35.73027],[127.28687,35.73017],[127.28687,35.73012],[127.28687,35.73006],[127.28688,35.72998],[127.28689,35.72994],[127.28691,35.72988],[127.29042,35.72235],[127.29058,35.72212],[127.2909,35.72191],[127.29134,35.72184],[127.29155,35.72175],[127.29176,35.72145],[127.292,35.721],[127.29359,35.71732],[127.29355,35.71687],[127.29352,35.71671],[127.29345,35.71658],[127.29336,35.71642],[127.29324,35.71626],[127.29312,35.71611],[127.29289,35.71588],[127.29278,35.71577],[127.29251,35.71559],[127.29158,35.71516],[127.29058,35.71395],[127.2903,35.71349],[127.2901,35.7131],[127.28994,35.71275],[127.2898,35.71232],[127.28974,35.7116],[127.28972,35.71131],[127.28972,35.7112],[127.28966,35.70836],[127.28966,35.7083],[127.28969,35.70813],[127.28971,35.708],[127.2911,35.70412],[127.2922,35.70175],[127.29276,35.70102],[127.29277,35.6981],[127.2926,35.69799],[127.29236,35.69778],[127.29203,35.69747],[127.2909,35.69621],[127.2908,35.69603],[127.29074,35.69587],[127.29076,35.69569],[127.29081,35.69549],[127.29091,35.69525],[127.29097,35.69515],[127.29114,35.69492],[127.29145,35.69454],[127.29168,35.69426],[127.2918,35.69408],[127.29185,35.69394],[127.29206,35.69283],[127.29219,35.69213],[127.29222,35.6918],[127.29214,35.69156],[127.29194,35.69118],[127.29139,35.69038],[127.29031,35.68924],[127.29023,35.68918],[127.29079,35.68617],[127.29627,35.68243],[127.29632,35.68242],[127.29651,35.68242],[127.29684,35.68243],[127.29734,35.68253],[127.29773,35.68263],[127.29834,35.68284],[127.29901,35.68308],[127.30013,35.68366],[127.30021,35.68371],[127.30029,35.68377],[127.30036,35.68384],[127.30051,35.68401],[127.30075,35.68423],[127.30097,35.68435],[127.30188,35.68479],[127.30219,35.68493],[127.30238,35.685],[127.30261,35.68505],[127.30288,35.6851],[127.30328,35.68515],[127.30447,35.68528],[127.30468,35.68527],[127.30514,35.68522],[127.30549,35.68516],[127.30575,35.6851],[127.30595,35.68504],[127.30633,35.68484],[127.31248,35.68095],[127.31571,35.67877],[127.31801,35.67638],[127.31976,35.67379],[127.32202,35.67018],[127.32211,35.66998],[127.32217,35.66979],[127.32222,35.66961],[127.32276,35.66656],[127.32288,35.66541],[127.32316,35.66409],[127.32325,35.66376],[127.3233,35.66361],[127.32336,35.66347],[127.32346,35.66334],[127.32359,35.66317],[127.32368,35.66309],[127.32414,35.66272],[127.32444,35.66249],[127.3248,35.66224],[127.32512,35.66205],[127.32582,35.66167],[127.32722,35.66092],[127.32742,35.66082],[127.32751,35.66079],[127.32762,35.66078],[127.32769,35.66079],[127.32789,35.66088],[127.33053,35.66271],[127.3307,35.66286],[127.3324,35.66375],[127.33452,35.66462],[127.33589,35.66511],[127.33858,35.66552],[127.33883,35.66551],[127.33898,35.66549],[127.33924,35.66543],[127.34266,35.66537],[127.34642,35.66542],[127.35426,35.66748],[127.35438,35.66752],[127.35453,35.66759],[127.35463,35.66767],[127.35475,35.66779],[127.35483,35.66789],[127.35489,35.668],[127.35494,35.66814],[127.355,35.6684],[127.35505,35.66858],[127.35508,35.66866],[127.35512,35.6687],[127.35518,35.66873],[127.356,35.66908],[127.35616,35.66913],[127.35634,35.66917],[127.35651,35.66919],[127.35714,35.66913],[127.35915,35.66873],[127.35932,35.66867],[127.36195,35.66691],[127.36211,35.66584],[127.36222,35.66455],[127.36215,35.66437],[127.36214,35.66427],[127.36216,35.66417],[127.3622,35.66397],[127.36267,35.66281],[127.36278,35.66267],[127.3642,35.66088],[127.3647,35.66039],[127.36266,35.65879],[127.36254,35.65873],[127.36242,35.65868],[127.36227,35.65865],[127.36214,35.65862],[127.36199,35.65859],[127.36003,35.65826],[127.35963,35.65826],[127.35957,35.6583],[127.35952,35.65837],[127.35946,35.65849],[127.35942,35.65861],[127.35939,35.65874],[127.35933,35.65899],[127.35932,35.65903],[127.35929,35.65913],[127.35918,35.65934],[127.35912,35.65941],[127.35903,35.6595],[127.3571,35.66087],[127.357,35.66093],[127.35683,35.66101],[127.35661,35.6611],[127.35647,35.66113],[127.35073,35.66232],[127.35062,35.66231],[127.35051,35.6623],[127.34783,35.66175],[127.34766,35.6617],[127.34759,35.66166],[127.34281,35.65899],[127.34238,35.6574],[127.34157,35.65536],[127.33883,35.65073],[127.33795,35.64958],[127.33691,35.64868],[127.33635,35.6482],[127.33596,35.64787],[127.33539,35.64741],[127.33524,35.6473],[127.33472,35.64702],[127.33466,35.64699],[127.33458,35.64698],[127.33451,35.64697],[127.33441,35.64698],[127.33265,35.64713],[127.33245,35.64717],[127.33231,35.64721],[127.33217,35.64726],[127.33193,35.64735],[127.33156,35.64753],[127.33143,35.6476],[127.33141,35.64764],[127.3282,35.65033],[127.3235,35.65215],[127.32339,35.65202],[127.32324,35.65191],[127.32176,35.65118],[127.32165,35.65113],[127.32023,35.65092],[127.3195,35.65297],[127.31757,35.65383],[127.31652,35.65409],[127.31567,35.65431],[127.31519,35.65429],[127.31185,35.65334],[127.31146,35.65241],[127.31094,35.65117],[127.30936,35.64961],[127.30614,35.64761],[127.30322,35.6463],[127.29958,35.64823],[127.29653,35.65008],[127.2955,35.64982],[127.29219,35.64848],[127.29209,35.64836],[127.2903,35.64605],[127.28779,35.64595],[127.28778,35.64494],[127.28744,35.64293],[127.28518,35.63843],[127.28277,35.63819],[127.28263,35.63819],[127.28136,35.63821],[127.28078,35.63826],[127.27958,35.63837],[127.27948,35.63839],[127.27927,35.63848],[127.27914,35.63859],[127.27908,35.63864],[127.27884,35.63888],[127.27867,35.63909],[127.27855,35.63931],[127.27855,35.6394],[127.27858,35.63952],[127.27861,35.63958],[127.2787,35.63965],[127.27892,35.63982],[127.27901,35.63988],[127.27908,35.63992],[127.27925,35.64005],[127.27943,35.64022],[127.27967,35.64046],[127.28037,35.64142],[127.28041,35.64151],[127.2804,35.64161],[127.28038,35.64173],[127.28032,35.64195],[127.28021,35.64229],[127.28014,35.64246],[127.28005,35.64261],[127.27954,35.64327],[127.27818,35.64455],[127.27739,35.64609],[127.27409,35.64995],[127.27406,35.65001],[127.27403,35.65008],[127.27383,35.65101],[127.27378,35.65124],[127.27374,35.65144],[127.27371,35.65168],[127.27365,35.65329],[127.2737,35.65411],[127.27372,35.6543],[127.27379,35.65443],[127.27416,35.65502],[127.27443,35.65541],[127.27458,35.6556],[127.27504,35.65621],[127.27567,35.65708],[127.27591,35.65753],[127.27594,35.6576],[127.27595,35.65764],[127.27601,35.65789],[127.27604,35.65832],[127.27602,35.65891],[127.276,35.65906],[127.27594,35.65932],[127.27584,35.65959],[127.27572,35.65982],[127.27563,35.65999],[127.27538,35.66043],[127.27501,35.66107],[127.27448,35.66186],[127.27442,35.66193],[127.27433,35.66206],[127.27428,35.66213],[127.27418,35.66227],[127.27407,35.66242],[127.274,35.66249],[127.27382,35.66265],[127.26904,35.66653],[127.26887,35.66665],[127.26856,35.66687],[127.26784,35.66738],[127.26767,35.66747],[127.2675,35.66754],[127.26733,35.66759],[127.26716,35.66761],[127.267,35.66763],[127.26683,35.66761],[127.26627,35.66751],[127.26612,35.66748],[127.26578,35.6674],[127.26568,35.66736],[127.26563,35.66733],[127.26556,35.66729],[127.26553,35.66726],[127.26547,35.66719],[127.26546,35.66717],[127.26537,35.66706],[127.26529,35.66692],[127.2652,35.66677],[127.26513,35.66661],[127.26509,35.66653],[127.26504,35.66645],[127.26493,35.66637],[127.26484,35.66634],[127.26445,35.66625],[127.26426,35.66625],[127.26411,35.66627],[127.26401,35.6663],[127.26398,35.66631],[127.2587,35.66809],[127.25858,35.66814],[127.25844,35.66822],[127.25697,35.6696],[127.25693,35.66964],[127.25686,35.66971],[127.25677,35.66983],[127.25668,35.66995],[127.2566,35.67009],[127.25658,35.67014],[127.25652,35.67024],[127.25645,35.6704],[127.25638,35.67053],[127.25627,35.67068],[127.25618,35.67077],[127.25613,35.67082],[127.25599,35.67093],[127.25582,35.67105],[127.25564,35.67114],[127.25486,35.67149],[127.25479,35.67152],[127.25464,35.67157],[127.25444,35.67163],[127.25426,35.67166],[127.25407,35.67169],[127.25389,35.67172],[127.25371,35.67174],[127.25209,35.67186],[127.25198,35.67186],[127.25176,35.67185],[127.25163,35.67183],[127.25143,35.67179],[127.25123,35.67173],[127.25104,35.67169],[127.25086,35.67165],[127.25064,35.67162],[127.25048,35.67161],[127.25013,35.67201],[127.24901,35.67334],[127.24896,35.67342],[127.24894,35.67347],[127.24817,35.675],[127.2462,35.67677],[127.24348,35.67751],[127.24336,35.67767],[127.24315,35.67794],[127.24249,35.67975],[127.24238,35.68014],[127.24246,35.68044],[127.2426,35.68063],[127.24283,35.68093],[127.24338,35.68168],[127.24338,35.6821],[127.24331,35.68248],[127.24243,35.68562],[127.24218,35.68707],[127.24233,35.68727],[127.2432,35.68811],[127.24355,35.68812],[127.24407,35.68814],[127.24576,35.68848],[127.24637,35.68861],[127.248,35.68952],[127.2487,35.68997],[127.24876,35.69001],[127.24885,35.69009],[127.249,35.6903],[127.24925,35.69056],[127.24992,35.69121],[127.25002,35.69129],[127.25008,35.69134],[127.25017,35.69137],[127.25022,35.69139],[127.25032,35.69141],[127.25127,35.69156],[127.25131,35.69156],[127.25136,35.69157],[127.2514,35.69157],[127.25478,35.69149],[127.25491,35.69149],[127.25504,35.69148],[127.25532,35.69143],[127.25546,35.69138],[127.2556,35.69133],[127.25601,35.69116],[127.25759,35.69168],[127.25949,35.69308],[127.25952,35.69313],[127.25955,35.69328],[127.25959,35.69356],[127.2596,35.6937],[127.25961,35.69383],[127.25962,35.69396],[127.25961,35.69409],[127.25928,35.69642],[127.25927,35.69648],[127.25921,35.69658],[127.25902,35.69685],[127.25871,35.69725],[127.25856,35.69742],[127.25758,35.69831],[127.25672,35.69907],[127.25654,35.69919],[127.25632,35.69939],[127.25629,35.69942],[127.25626,35.69946],[127.25623,35.69951],[127.25621,35.6996],[127.2562,35.69974],[127.25613,35.70157],[127.25625,35.70284],[127.25633,35.70287],[127.25637,35.7029],[127.25641,35.70292],[127.25645,35.70296],[127.25646,35.703],[127.25653,35.70322],[127.25657,35.70335],[127.25661,35.70357],[127.25662,35.70375],[127.25663,35.70381],[127.25662,35.70386],[127.25655,35.7051],[127.25644,35.7058],[127.25642,35.70585],[127.25555,35.70863],[127.25518,35.70961],[127.25516,35.70965],[127.25507,35.70976],[127.25493,35.70991],[127.25415,35.71067],[127.25406,35.7107],[127.25386,35.71075],[127.25382,35.71075],[127.25371,35.71076],[127.25362,35.71074],[127.25356,35.71073],[127.25353,35.71071],[127.25341,35.71073],[127.25332,35.71078],[127.25327,35.71082],[127.25322,35.71087],[127.25316,35.71095],[127.25284,35.71174],[127.25282,35.71178],[127.25281,35.71183],[127.25225,35.71408],[127.25224,35.71412],[127.25162,35.71891],[127.2525,35.72328],[127.25271,35.72338],[127.25347,35.7238],[127.25392,35.72406],[127.25505,35.72484],[127.25509,35.72489],[127.25514,35.72496],[127.25519,35.72507],[127.25664,35.72949],[127.25665,35.72953],[127.25627,35.73282],[127.25624,35.73286],[127.25602,35.73311],[127.25592,35.7332],[127.25587,35.73324],[127.25582,35.73328],[127.25579,35.7333],[127.25571,35.73334],[127.25565,35.73337],[127.25561,35.73338],[127.25553,35.73341],[127.25545,35.73342],[127.25518,35.73347],[127.25508,35.73348],[127.25499,35.73348],[127.25468,35.73352],[127.25456,35.73354],[127.25434,35.73359],[127.25425,35.73362],[127.2542,35.73364],[127.25414,35.73366],[127.25234,35.73447],[127.25229,35.7345],[127.25222,35.73455],[127.25218,35.73459],[127.25162,35.73503],[127.25154,35.7351],[127.2515,35.73513],[127.25147,35.73518],[127.25145,35.73521],[127.25143,35.73526],[127.25173,35.73823],[127.25174,35.73829],[127.25175,35.73836],[127.25176,35.73839],[127.25177,35.73843],[127.25182,35.73856],[127.25251,35.74014],[127.25253,35.7402],[127.25254,35.74022],[127.25257,35.74026],[127.2526,35.74029],[127.25283,35.74045],[127.25289,35.74049],[127.25304,35.74058],[127.25318,35.74066],[127.25332,35.74073],[127.25339,35.74077],[127.25342,35.74079],[127.25345,35.74083],[127.2535,35.74091],[127.25353,35.74096],[127.25361,35.74117],[127.25367,35.74141],[127.25369,35.74157],[127.25369,35.74167],[127.25369,35.74175],[127.25367,35.74181],[127.25362,35.74191],[127.25355,35.742],[127.25236,35.74353],[127.25112,35.7445],[127.25108,35.74453],[127.25017,35.74503],[127.25001,35.74511],[127.24994,35.74514],[127.24907,35.74589],[127.24678,35.74838],[127.24646,35.74893],[127.24464,35.75303],[127.24456,35.75382],[127.24456,35.75389],[127.24445,35.75619],[127.24445,35.75626],[127.24451,35.75641],[127.2446,35.75658],[127.24638,35.75961],[127.24653,35.75984],[127.24661,35.75995],[127.24674,35.76009],[127.24704,35.76032],[127.24719,35.76044],[127.24737,35.76057],[127.24744,35.76063],[127.24788,35.76091],[127.25109,35.76343],[127.25211,35.76504],[127.25244,35.76546],[127.2532,35.76641],[127.25326,35.76649],[127.25387,35.76682],[127.25617,35.76771],[127.25681,35.76792],[127.25794,35.7682],[127.25843,35.76839],[127.25895,35.76873],[127.26056,35.77006],[127.26243,35.77203],[127.26272,35.77247],[127.263,35.77292],[127.26309,35.77418],[127.26315,35.77476],[127.26443,35.77722],[127.26476,35.77762],[127.26547,35.77783],[127.26645,35.77804],[127.26741,35.77802],[127.26858,35.77795],[127.26892,35.77791],[127.2708,35.77796]]]]}},{"type":"Feature","properties":{"code":"52750390","name":"강진면","parent":"52750"},"geometry":{"type":"MultiPolygon","coordinates":[[[[127.15566,35.58464],[127.15662,35.58371],[127.15693,35.58259],[127.1574,35.58176],[127.15784,35.58124],[127.15813,35.58099],[127.15902,35.58055],[127.16008,35.58024],[127.16036,35.58023],[127.1615,35.58009],[127.16182,35.57988],[127.16205,35.57959],[127.16323,35.57758],[127.16328,35.57733],[127.16344,35.57563],[127.1647,35.57251],[127.16738,35.56846],[127.16789,35.56769],[127.16815,35.56743],[127.16847,35.56739],[127.16863,35.56739],[127.16876,35.5675],[127.16895,35.56775],[127.16913,35.56802],[127.1695,35.56867],[127.16972,35.56903],[127.17041,35.56947],[127.17108,35.56982],[127.17127,35.5699],[127.1719,35.57005],[127.17309,35.56994],[127.17332,35.56992],[127.17349,35.5699],[127.17439,35.56985],[127.17558,35.56993],[127.17587,35.56996],[127.17777,35.57071],[127.17843,35.57105],[127.17996,35.57184],[127.18061,35.57203],[127.1813,35.57211],[127.1822,35.57213],[127.18257,35.5721],[127.18289,35.57205],[127.18453,35.57181],[127.1847,35.57181],[127.18506,35.57185],[127.18591,35.57198],[127.18681,35.57231],[127.18719,35.57254],[127.19003,35.5739],[127.19091,35.57425],[127.19144,35.57409],[127.19209,35.57379],[127.19377,35.57276],[127.1963,35.57019],[127.19935,35.56671],[127.19954,35.56602],[127.19906,35.56446],[127.19806,35.56212],[127.19711,35.56042],[127.19696,35.56008],[127.19661,35.55508],[127.1966,35.55464],[127.19664,35.55401],[127.19712,35.55218],[127.19722,35.55192],[127.19744,35.5518],[127.19821,35.55129],[127.1977,35.55023],[127.19751,35.55007],[127.19717,35.54989],[127.1943,35.54867],[127.19223,35.54808],[127.18511,35.54572],[127.18439,35.54546],[127.18076,35.54372],[127.18,35.54331],[127.17973,35.54306],[127.17968,35.54291],[127.17969,35.54271],[127.17974,35.54254],[127.18458,35.53954],[127.18589,35.53902],[127.18818,35.53851],[127.18881,35.53834],[127.18965,35.53805],[127.18997,35.53781],[127.19006,35.53741],[127.18986,35.53622],[127.18917,35.53555],[127.18803,35.5343],[127.18388,35.52912],[127.18361,35.52862],[127.18364,35.5284],[127.18407,35.52757],[127.18432,35.52693],[127.18429,35.52681],[127.18423,35.52664],[127.18402,35.52637],[127.18122,35.52479],[127.18048,35.52459],[127.1802,35.52452],[127.17899,35.52424],[127.178,35.52411],[127.17784,35.52411],[127.1774,35.5243],[127.17498,35.52548],[127.17147,35.52621],[127.17096,35.52628],[127.17049,35.52629],[127.1702,35.52626],[127.16969,35.52595],[127.16911,35.52554],[127.16821,35.52457],[127.16435,35.52423],[127.16412,35.52432],[127.1637,35.5243],[127.16123,35.5238],[127.15985,35.52342],[127.15943,35.52316],[127.15913,35.52287],[127.15893,35.52226],[127.15617,35.52187],[127.15488,35.5226],[127.15454,35.52277],[127.15401,35.52289],[127.15079,35.52349],[127.15067,35.5235],[127.15059,35.5235],[127.15043,35.5235],[127.15036,35.52349],[127.15019,35.52348],[127.14945,35.52336],[127.14913,35.52324],[127.14878,35.52312],[127.1483,35.52289],[127.14766,35.52255],[127.14721,35.52231],[127.14673,35.52218],[127.14636,35.52215],[127.1462,35.52214],[127.14482,35.52217],[127.14331,35.52223],[127.14325,35.52224],[127.1431,35.52227],[127.13997,35.52224],[127.13883,35.52222],[127.13696,35.52221],[127.13407,35.52203],[127.13246,35.52158],[127.13203,35.52141],[127.13171,35.52115],[127.13162,35.52098],[127.13151,35.5208],[127.13135,35.51935],[127.13199,35.51464],[127.13227,35.51388],[127.13314,35.51261],[127.13326,35.51202],[127.13333,35.5117],[127.13333,35.51129],[127.13212,35.50594],[127.13166,35.50402],[127.13144,35.50352],[127.13102,35.50335],[127.13065,35.50332],[127.12772,35.50325],[127.12744,35.50338],[127.12716,35.50342],[127.12291,35.50391],[127.12155,35.50337],[127.11991,35.50343],[127.11854,35.5035],[127.11755,35.50357],[127.11663,35.50363],[127.11582,35.50401],[127.11558,35.50435],[127.11547,35.50477],[127.11529,35.50526],[127.11416,35.5065],[127.11379,35.50683],[127.11131,35.50874],[127.11086,35.509],[127.10779,35.50913],[127.10739,35.50912],[127.10617,35.50909],[127.1045,35.50871],[127.10227,35.50763],[127.09775,35.5072],[127.09748,35.50723],[127.0968,35.50721],[127.09396,35.50647],[127.09254,35.50608],[127.09223,35.50583],[127.08949,35.50688],[127.08791,35.50805],[127.0879,35.50825],[127.08854,35.51029],[127.08941,35.51272],[127.09006,35.51553],[127.08927,35.51696],[127.08867,35.5172],[127.08812,35.51755],[127.08762,35.518],[127.08726,35.5184],[127.0869,35.5188],[127.08649,35.51958],[127.08731,35.52054],[127.08801,35.52102],[127.08892,35.52121],[127.09013,35.52156],[127.09093,35.52188],[127.09157,35.52231],[127.09293,35.52352],[127.09305,35.52417],[127.0933,35.52476],[127.09374,35.52524],[127.09689,35.52794],[127.09903,35.52971],[127.09953,35.52997],[127.10033,35.53027],[127.10075,35.53038],[127.10138,35.53055],[127.10213,35.53077],[127.10379,35.5315],[127.10397,35.53186],[127.10401,35.53247],[127.10468,35.53349],[127.10503,35.53389],[127.10567,35.53435],[127.10643,35.53455],[127.10718,35.53451],[127.10888,35.53425],[127.11045,35.53322],[127.11077,35.53282],[127.11104,35.53235],[127.11127,35.53192],[127.11169,35.5314],[127.1123,35.53074],[127.11363,35.52944],[127.11463,35.52895],[127.11492,35.52887],[127.11507,35.52882],[127.11659,35.5316],[127.1171,35.53388],[127.11719,35.53457],[127.11727,35.53583],[127.11635,35.5378],[127.11595,35.53822],[127.11547,35.53865],[127.1148,35.539],[127.10775,35.54264],[127.10676,35.54302],[127.10604,35.54329],[127.10569,35.54341],[127.10525,35.54352],[127.09868,35.5451],[127.08938,35.54827],[127.08786,35.54884],[127.08744,35.54913],[127.08681,35.54984],[127.08659,35.55015],[127.08635,35.55054],[127.08589,35.55154],[127.08578,35.55242],[127.08559,35.5542],[127.08564,35.55477],[127.08601,35.5561],[127.08654,35.55763],[127.08733,35.55914],[127.08759,35.55958],[127.0886,35.56123],[127.08898,35.56175],[127.09004,35.56317],[127.09161,35.56511],[127.092,35.56561],[127.09271,35.56704],[127.09332,35.56632],[127.09414,35.56562],[127.09804,35.56313],[127.09829,35.56303],[127.09867,35.56289],[127.09896,35.56287],[127.09921,35.56297],[127.09962,35.56328],[127.10014,35.56341],[127.1003,35.56344],[127.10078,35.56348],[127.10132,35.56347],[127.10199,35.56341],[127.1024,35.56337],[127.10854,35.56253],[127.10861,35.5625],[127.10911,35.56231],[127.10938,35.5619],[127.10966,35.56078],[127.1099,35.56042],[127.11141,35.55924],[127.11211,35.55891],[127.11338,35.55866],[127.11389,35.55864],[127.11433,35.55876],[127.11467,35.55886],[127.11688,35.56042],[127.11717,35.5609],[127.11713,35.56138],[127.11707,35.56156],[127.11665,35.56281],[127.11639,35.56337],[127.11646,35.56369],[127.11664,35.56398],[127.11694,35.5643],[127.11731,35.56469],[127.1175,35.56475],[127.11782,35.56485],[127.11839,35.565],[127.12379,35.56594],[127.12436,35.56594],[127.12449,35.56591],[127.1251,35.56579],[127.12643,35.56522],[127.12656,35.56519],[127.12735,35.565],[127.1276,35.56497],[127.12823,35.56497],[127.12855,35.56496],[127.12885,35.56498],[127.12932,35.565],[127.12962,35.56506],[127.12966,35.5651],[127.12971,35.56515],[127.12971,35.56587],[127.13036,35.56909],[127.1315,35.5716],[127.13165,35.57228],[127.13181,35.57334],[127.13174,35.57548],[127.13162,35.57608],[127.13128,35.57712],[127.13114,35.57747],[127.13094,35.57794],[127.131,35.57827],[127.13149,35.57894],[127.13229,35.57974],[127.13305,35.5802],[127.13365,35.58049],[127.13448,35.58076],[127.1352,35.58095],[127.13534,35.58099],[127.13579,35.58107],[127.13587,35.58109],[127.13672,35.58114],[127.13792,35.58134],[127.13884,35.58173],[127.13907,35.58185],[127.13946,35.58206],[127.13962,35.58214],[127.14114,35.58326],[127.14214,35.58376],[127.14234,35.58385],[127.14241,35.58386],[127.14269,35.5839],[127.14546,35.58334],[127.14648,35.58312],[127.14762,35.58283],[127.14789,35.58277],[127.14902,35.5826],[127.15038,35.58267],[127.15052,35.58268],[127.15063,35.58269],[127.15097,35.58277],[127.15206,35.58321],[127.15244,35.58346],[127.15278,35.58369],[127.1543,35.58439],[127.15443,35.58444],[127.15496,35.58457],[127.15534,35.58465],[127.15566,35.58464]]]]}},{"type":"Feature","properties":{"code":"52750400","name":"덕치면","parent":"52750"},"geometry":{"type":"MultiPolygon","coordinates":[[[[127.21304,35.5195],[127.21241,35.51898],[127.21173,35.51825],[127.21037,35.5158],[127.21019,35.51544],[127.20971,35.51447],[127.20879,35.51224],[127.20872,35.50723],[127.20878,35.50664],[127.20984,35.50515],[127.21037,35.50451],[127.21255,35.50242],[127.21381,35.50164],[127.21423,35.50136],[127.21475,35.50088],[127.21497,35.50067],[127.21512,35.50035],[127.21517,35.49996],[127.21508,35.49967],[127.21449,35.49897],[127.21429,35.49856],[127.21411,35.49792],[127.21382,35.49653],[127.21381,35.49616],[127.21385,35.49543],[127.21412,35.49356],[127.2142,35.4934],[127.21443,35.49317],[127.21521,35.49273],[127.21581,35.49241],[127.21594,35.49233],[127.21638,35.49159],[127.21648,35.4913],[127.21656,35.49098],[127.21664,35.49025],[127.21659,35.48991],[127.21208,35.48986],[127.21092,35.49002],[127.21046,35.49008],[127.20413,35.48999],[127.20332,35.48986],[127.20232,35.48938],[127.20224,35.48931],[127.20124,35.48852],[127.20029,35.4882],[127.19956,35.4882],[127.19883,35.4884],[127.19748,35.48909],[127.19654,35.48931],[127.19583,35.48933],[127.19562,35.48924],[127.19545,35.48896],[127.19534,35.48849],[127.19485,35.48688],[127.19458,35.48638],[127.18966,35.48242],[127.1892,35.48221],[127.18418,35.47955],[127.17894,35.47633],[127.17718,35.47466],[127.17661,35.4734],[127.17662,35.47325],[127.17666,35.47245],[127.17744,35.47081],[127.17717,35.47082],[127.17678,35.47055],[127.17663,35.47019],[127.17632,35.4689],[127.17623,35.46814],[127.17638,35.46723],[127.17647,35.46692],[127.17723,35.46566],[127.17748,35.46473],[127.17739,35.46422],[127.17552,35.46255],[127.17485,35.46145],[127.17366,35.45917],[127.1733,35.45888],[127.17115,35.45938],[127.17034,35.45963],[127.16896,35.46046],[127.1668,35.46179],[127.16605,35.46224],[127.16533,35.46251],[127.16519,35.46257],[127.16338,35.4628],[127.16188,35.4628],[127.16094,35.46276],[127.15774,35.46198],[127.15631,35.46098],[127.15581,35.46087],[127.15546,35.46086],[127.15498,35.46101],[127.15309,35.46184],[127.15254,35.46198],[127.14906,35.46219],[127.14899,35.46219],[127.1477,35.46217],[127.14433,35.46178],[127.14334,35.46366],[127.14316,35.46445],[127.1431,35.46519],[127.14317,35.46713],[127.14323,35.46745],[127.14319,35.46778],[127.14303,35.46808],[127.14216,35.46846],[127.14064,35.46944],[127.14018,35.46986],[127.14014,35.47007],[127.14014,35.47032],[127.14052,35.471],[127.14137,35.4725],[127.14177,35.4743],[127.1421,35.47641],[127.14188,35.47723],[127.14152,35.4776],[127.14069,35.47803],[127.13955,35.47867],[127.13637,35.48272],[127.13587,35.48379],[127.13481,35.48646],[127.13442,35.48755],[127.13426,35.49178],[127.13423,35.49266],[127.13407,35.4931],[127.13359,35.49388],[127.13172,35.49584],[127.1307,35.4968],[127.12997,35.49713],[127.12973,35.49753],[127.12943,35.49853],[127.12892,35.5009],[127.12833,35.50244],[127.12772,35.50325],[127.13065,35.50332],[127.13102,35.50335],[127.13144,35.50352],[127.13166,35.50402],[127.13212,35.50594],[127.13333,35.51129],[127.13333,35.5117],[127.13326,35.51202],[127.13314,35.51261],[127.13227,35.51388],[127.13199,35.51464],[127.13135,35.51935],[127.13151,35.5208],[127.13162,35.52098],[127.13171,35.52115],[127.13203,35.52141],[127.13246,35.52158],[127.13407,35.52203],[127.13696,35.52221],[127.13883,35.52222],[127.13997,35.52224],[127.1431,35.52227],[127.14325,35.52224],[127.14331,35.52223],[127.14482,35.52217],[127.1462,35.52214],[127.14636,35.52215],[127.14673,35.52218],[127.14721,35.52231],[127.14766,35.52255],[127.1483,35.52289],[127.14878,35.52312],[127.14913,35.52324],[127.14945,35.52336],[127.15019,35.52348],[127.15036,35.52349],[127.15043,35.5235],[127.15059,35.5235],[127.15067,35.5235],[127.15079,35.52349],[127.15401,35.52289],[127.15454,35.52277],[127.15488,35.5226],[127.15617,35.52187],[127.15893,35.52226],[127.15913,35.52287],[127.15943,35.52316],[127.15985,35.52342],[127.16123,35.5238],[127.1637,35.5243],[127.16412,35.52432],[127.16435,35.52423],[127.16821,35.52457],[127.16911,35.52554],[127.16969,35.52595],[127.1702,35.52626],[127.17049,35.52629],[127.17096,35.52628],[127.17147,35.52621],[127.17498,35.52548],[127.1774,35.5243],[127.17784,35.52411],[127.178,35.52411],[127.17899,35.52424],[127.1802,35.52452],[127.18048,35.52459],[127.18122,35.52479],[127.18402,35.52637],[127.18423,35.52664],[127.18429,35.52681],[127.18432,35.52693],[127.18407,35.52757],[127.18364,35.5284],[127.18361,35.52862],[127.18388,35.52912],[127.18803,35.5343],[127.18917,35.53555],[127.18986,35.53622],[127.1927,35.53482],[127.1938,35.53489],[127.19719,35.53479],[127.19752,35.53476],[127.19784,35.53467],[127.19836,35.53446],[127.19885,35.53406],[127.19894,35.53398],[127.1991,35.53385],[127.19941,35.53359],[127.19973,35.53335],[127.19997,35.53321],[127.20072,35.533],[127.20119,35.53301],[127.20172,35.53322],[127.20215,35.53344],[127.20241,35.53372],[127.20279,35.53426],[127.20294,35.53438],[127.20311,35.53446],[127.20331,35.53449],[127.20352,35.53443],[127.20399,35.53405],[127.2048,35.53287],[127.20572,35.53192],[127.20624,35.53161],[127.20751,35.53103],[127.20842,35.5305],[127.20881,35.53004],[127.20894,35.52975],[127.20923,35.52886],[127.21107,35.52449],[127.21206,35.5231],[127.21273,35.52208],[127.21302,35.52146],[127.21316,35.52097],[127.21323,35.52042],[127.21321,35.51984],[127.21304,35.5195]]]]}},{"type":"Feature","properties":{"code":"52750410","name":"지사면","parent":"52750"},"geometry":{"type":"MultiPolygon","coordinates":[[[[127.36347,35.55823],[127.36153,35.55694],[127.35972,35.55859],[127.35953,35.55875],[127.35941,35.55885],[127.35922,35.55891],[127.35911,35.55893],[127.35894,35.55896],[127.35877,35.55897],[127.35862,35.55897],[127.35852,35.55894],[127.35841,35.55889],[127.35835,35.55881],[127.35823,35.55863],[127.35682,35.55678],[127.35343,35.55355],[127.35324,35.55337],[127.35262,35.55279],[127.35241,35.5526],[127.35215,35.55238],[127.35192,35.5522],[127.35158,35.55195],[127.35132,35.55179],[127.3511,35.55169],[127.35087,35.55159],[127.35057,35.55146],[127.35032,35.5514],[127.35005,35.55133],[127.34987,35.55131],[127.3441,35.55091],[127.34369,35.55099],[127.34341,35.55114],[127.34297,35.55144],[127.3421,35.55223],[127.34161,35.55264],[127.34006,35.55385],[127.33976,35.55408],[127.33954,35.55422],[127.33913,35.55439],[127.33874,35.55447],[127.33838,35.5545],[127.33798,35.5545],[127.33759,35.55447],[127.33737,35.55444],[127.33708,35.55439],[127.33664,35.55432],[127.3362,35.55422],[127.33593,35.55416],[127.33549,35.55396],[127.33513,35.55374],[127.33479,35.55346],[127.33453,35.55314],[127.33437,35.55294],[127.33403,35.55248],[127.33394,35.55232],[127.33391,35.55221],[127.33395,35.55088],[127.33396,35.55081],[127.33402,35.55067],[127.33412,35.55052],[127.33404,35.55042],[127.33391,35.55029],[127.33378,35.55019],[127.33366,35.55015],[127.3335,35.55011],[127.33323,35.55008],[127.33308,35.55006],[127.33291,35.55006],[127.33274,35.55006],[127.33246,35.55011],[127.33233,35.55017],[127.33227,35.55021],[127.32877,35.55266],[127.3291,35.5539],[127.32918,35.55414],[127.32958,35.55517],[127.33012,35.55623],[127.33082,35.55747],[127.33149,35.55857],[127.33223,35.55996],[127.33297,35.5616],[127.33299,35.56169],[127.33299,35.56179],[127.33291,35.56387],[127.33279,35.56802],[127.33279,35.56809],[127.33284,35.56827],[127.33501,35.5729],[127.33508,35.57301],[127.33575,35.57407],[127.33585,35.57418],[127.33594,35.57424],[127.33632,35.57443],[127.33653,35.57452],[127.3366,35.57458],[127.33663,35.57462],[127.33667,35.57468],[127.33709,35.57644],[127.33686,35.57723],[127.33571,35.58138],[127.33547,35.58374],[127.33625,35.58447],[127.33805,35.58805],[127.33866,35.58937],[127.33867,35.58942],[127.33864,35.5895],[127.33861,35.58957],[127.33858,35.5896],[127.33857,35.58963],[127.33845,35.58978],[127.33827,35.59],[127.33825,35.59005],[127.33824,35.5901],[127.33825,35.59015],[127.33861,35.59176],[127.33862,35.5918],[127.33864,35.59183],[127.34493,35.60193],[127.34499,35.60202],[127.3451,35.60216],[127.34562,35.60272],[127.34765,35.60464],[127.34769,35.60467],[127.34896,35.60497],[127.34903,35.60498],[127.35965,35.60503],[127.3599,35.60502],[127.36001,35.60501],[127.36007,35.60498],[127.3602,35.60489],[127.36043,35.60472],[127.3606,35.60459],[127.36067,35.60455],[127.36076,35.60451],[127.36095,35.60443],[127.36111,35.60439],[127.3641,35.60404],[127.3643,35.60404],[127.36446,35.60406],[127.36461,35.60407],[127.36489,35.60414],[127.36497,35.60418],[127.36502,35.60421],[127.36559,35.60476],[127.36572,35.60491],[127.36611,35.60533],[127.36622,35.60545],[127.36638,35.60558],[127.36649,35.60566],[127.36725,35.60617],[127.36731,35.60621],[127.36736,35.60624],[127.36744,35.60628],[127.36749,35.6063],[127.37019,35.60632],[127.37242,35.6063],[127.37436,35.60758],[127.37426,35.60682],[127.37423,35.6063],[127.37424,35.60547],[127.37435,35.60435],[127.37438,35.60411],[127.37442,35.60388],[127.37456,35.60339],[127.37515,35.60129],[127.37572,35.59918],[127.37574,35.59912],[127.37573,35.59907],[127.37571,35.59903],[127.37569,35.59899],[127.37552,35.59881],[127.37546,35.59875],[127.37474,35.59797],[127.37387,35.59679],[127.37375,35.5966],[127.37358,35.59632],[127.37356,35.59627],[127.37351,35.59614],[127.37235,35.5932],[127.37219,35.59277],[127.37216,35.59265],[127.37212,35.59216],[127.37193,35.58862],[127.372,35.58737],[127.37208,35.58669],[127.37272,35.58648],[127.37377,35.5863],[127.37646,35.58488],[127.37665,35.58473],[127.37888,35.57903],[127.37909,35.57764],[127.37911,35.57745],[127.37909,35.57734],[127.37905,35.57723],[127.3789,35.57697],[127.37798,35.57573],[127.37766,35.5754],[127.37732,35.5751],[127.37708,35.57493],[127.37685,35.57477],[127.37195,35.57167],[127.37169,35.57152],[127.37149,35.57143],[127.3711,35.57128],[127.37014,35.57091],[127.36967,35.57074],[127.36894,35.5705],[127.36873,35.57043],[127.36863,35.57039],[127.36804,35.5702],[127.36789,35.57016],[127.36765,35.57006],[127.36675,35.5697],[127.36602,35.5694],[127.36571,35.56924],[127.36549,35.56913],[127.36525,35.569],[127.36511,35.56893],[127.36488,35.56876],[127.36471,35.56859],[127.36451,35.56837],[127.36445,35.5683],[127.36421,35.568],[127.364,35.5677],[127.36157,35.56409],[127.36151,35.56397],[127.36148,35.56389],[127.36146,35.5637],[127.36146,35.56356],[127.3616,35.56202],[127.36162,35.56186],[127.36164,35.56175],[127.36173,35.56163],[127.36184,35.56158],[127.36205,35.5615],[127.36273,35.56128],[127.363,35.56119],[127.36329,35.56111],[127.36351,35.56106],[127.36361,35.561],[127.36362,35.56095],[127.36415,35.55881],[127.36407,35.55873],[127.36347,35.55823]]]]}}]}