{"type":"FeatureCollection","features":[{"type":"Feature","properties":{"code":"48820250","name":"고성읍","parent":"48820"},"geometry":{"type":"MultiPolygon","coordinates":[[[[128.32562,34.94141],[128.32475,34.94132],[128.32462,34.94134],[128.32452,34.94141],[128.32429,34.9416],[128.32424,34.9417],[128.32424,34.94179],[128.32432,34.94203],[128.32454,34.94248],[128.32513,34.94343],[128.32517,34.94347],[128.32565,34.9439],[128.32581,34.94402],[128.32595,34.94411],[128.32609,34.94417],[128.32621,34.94418],[128.32636,34.94416],[128.32652,34.94407],[128.32665,34.94398],[128.32709,34.94286],[128.32708,34.94274],[128.32706,34.94264],[128.32576,34.94148],[128.32562,34.94141]]],[[[128.32924,35.01748],[128.33046,35.01544],[128.33066,35.01512],[128.33082,35.01488],[128.33279,35.01226],[128.33285,35.0122],[128.33306,35.01214],[128.33349,35.01208],[128.33382,35.01207],[128.33565,35.01205],[128.33838,35.01206],[128.33856,35.01207],[128.33891,35.01215],[128.33933,35.0123],[128.33974,35.01239],[128.3404,35.01251],[128.34067,35.01253],[128.34086,35.01249],[128.34112,35.01237],[128.34178,35.012],[128.34189,35.01189],[128.34197,35.01175],[128.34199,35.01155],[128.34194,35.01129],[128.34148,35.0094],[128.34142,35.0092],[128.3413,35.00895],[128.3411,35.00866],[128.33968,35.00674],[128.34138,35.00417],[128.34426,35.00315],[128.34442,35.0031],[128.34524,35.00384],[128.34613,35.00466],[128.34632,35.00479],[128.34674,35.00502],[128.34734,35.00526],[128.34895,35.00589],[128.34903,35.00589],[128.35002,35.00577],[128.35343,35.00532],[128.35365,35.00499],[128.35328,35.0034],[128.35171,35.00003],[128.34941,34.99521],[128.34872,34.99461],[128.34731,34.99308],[128.34723,34.99202],[128.34757,34.99099],[128.34758,34.99096],[128.34733,34.98851],[128.3463,34.98199],[128.34609,34.98129],[128.34326,34.9783],[128.34295,34.97796],[128.34224,34.97067],[128.34288,34.96962],[128.3441,34.96868],[128.34539,34.9677],[128.34956,34.96761],[128.35354,34.96793],[128.35394,34.96797],[128.3557,34.96824],[128.35733,34.96851],[128.3574,34.96851],[128.35746,34.96852],[128.35813,34.96852],[128.35835,34.96839],[128.35931,34.96782],[128.3597,34.96747],[128.3601,34.96713],[128.36028,34.96646],[128.36007,34.96547],[128.36036,34.96233],[128.36203,34.95929],[128.36325,34.95835],[128.3651,34.95757],[128.36628,34.95732],[128.36773,34.95526],[128.36924,34.95331],[128.37149,34.95231],[128.37296,34.95221],[128.37447,34.9521],[128.37517,34.95197],[128.37995,34.95108],[128.38235,34.9495],[128.38342,34.94846],[128.38272,34.94742],[128.38136,34.94713],[128.37768,34.94597],[128.37748,34.94592],[128.37728,34.94589],[128.37372,34.94543],[128.37333,34.94538],[128.3728,34.94533],[128.3726,34.94532],[128.37229,34.94532],[128.37209,34.94535],[128.3719,34.94543],[128.37152,34.94566],[128.37127,34.94583],[128.37092,34.94605],[128.37073,34.94612],[128.3706,34.94616],[128.37047,34.94618],[128.37035,34.94617],[128.36928,34.94608],[128.369,34.94603],[128.36719,34.94559],[128.367,34.94553],[128.36681,34.94546],[128.36664,34.94537],[128.36642,34.94526],[128.36575,34.94466],[128.36077,34.94378],[128.35062,34.94104],[128.34754,34.93989],[128.34596,34.9389],[128.34416,34.93735],[128.34387,34.93911],[128.34256,34.9391],[128.34044,34.93807],[128.33841,34.93677],[128.33783,34.93584],[128.33764,34.93565],[128.33739,34.93555],[128.33603,34.93554],[128.33534,34.93601],[128.33508,34.93647],[128.33506,34.93681],[128.33533,34.93701],[128.33785,34.93822],[128.33953,34.93862],[128.34011,34.93881],[128.34095,34.93962],[128.34159,34.94035],[128.34179,34.94067],[128.34214,34.94295],[128.34047,34.94836],[128.34016,34.94861],[128.33952,34.94856],[128.33925,34.94838],[128.3388,34.94769],[128.33843,34.94722],[128.33719,34.94575],[128.3368,34.94536],[128.33641,34.94512],[128.33531,34.94464],[128.3339,34.94447],[128.33189,34.94587],[128.32981,34.94787],[128.33076,34.9522],[128.33102,34.95327],[128.33161,34.95374],[128.32411,34.95809],[128.32372,34.95818],[128.32333,34.95811],[128.32166,34.95799],[128.31978,34.961],[128.31777,34.96143],[128.31772,34.96151],[128.31677,34.9632],[128.30931,34.96348],[128.3085,34.96345],[128.3076,34.96324],[128.30735,34.96317],[128.30608,34.96283],[128.30407,34.96211],[128.30387,34.96119],[128.30317,34.96071],[128.30279,34.9606],[128.30129,34.96073],[128.29867,34.96112],[128.298,34.96214],[128.29763,34.96216],[128.29655,34.96207],[128.29625,34.96186],[128.29512,34.96093],[128.29207,34.95858],[128.29146,34.95814],[128.29092,34.95774],[128.28757,34.95791],[128.28622,34.95811],[128.28266,34.96104],[128.28021,34.96174],[128.27964,34.96234],[128.27931,34.96342],[128.27895,34.96491],[128.27722,34.96648],[128.27662,34.9667],[128.27007,34.9676],[128.26797,34.96749],[128.26554,34.968],[128.25589,34.97022],[128.25155,34.97229],[128.25086,34.97326],[128.25056,34.97379],[128.25032,34.97501],[128.2503,34.9751],[128.2503,34.97522],[128.25038,34.9754],[128.25077,34.97612],[128.25098,34.97644],[128.25111,34.97664],[128.25119,34.97675],[128.25129,34.97685],[128.25141,34.97697],[128.25154,34.97705],[128.25185,34.97723],[128.25216,34.97739],[128.25237,34.97749],[128.2527,34.97763],[128.25289,34.97773],[128.25299,34.9778],[128.25305,34.97787],[128.2531,34.97795],[128.25346,34.97916],[128.25354,34.97944],[128.25355,34.97954],[128.25356,34.98162],[128.25355,34.98173],[128.25326,34.98317],[128.25235,34.98739],[128.25231,34.98747],[128.25224,34.98755],[128.252,34.98776],[128.25188,34.98784],[128.25178,34.98791],[128.25162,34.988],[128.25153,34.98805],[128.25146,34.9881],[128.25142,34.98816],[128.25138,34.98823],[128.25139,34.9883],[128.2514,34.98837],[128.25145,34.98844],[128.2541,34.99163],[128.25421,34.99174],[128.25534,34.99292],[128.25546,34.99305],[128.25554,34.99313],[128.25599,34.99344],[128.25615,34.99355],[128.25632,34.99364],[128.25649,34.99372],[128.25676,34.99386],[128.25683,34.9939],[128.25692,34.99397],[128.25699,34.99404],[128.25706,34.99413],[128.25726,34.99445],[128.25728,34.99454],[128.25731,34.9947],[128.25734,34.99485],[128.25739,34.99526],[128.25741,34.99537],[128.2574,34.99549],[128.25826,34.99542],[128.2621,34.99453],[128.26218,34.99451],[128.26221,34.99449],[128.26229,34.99441],[128.2639,34.99264],[128.26668,34.99139],[128.26678,34.99141],[128.26686,34.99142],[128.26708,34.99141],[128.26732,34.99138],[128.26762,34.99134],[128.26785,34.9913],[128.2684,34.99118],[128.26865,34.99112],[128.26888,34.99104],[128.27235,34.98976],[128.27241,34.98973],[128.27469,34.98841],[128.2748,34.98835],[128.27493,34.98822],[128.27516,34.98788],[128.2754,34.98746],[128.27545,34.98738],[128.2756,34.98723],[128.27583,34.98706],[128.27663,34.98661],[128.27678,34.98653],[128.27704,34.98644],[128.27877,34.9863],[128.27899,34.98632],[128.2806,34.98674],[128.28076,34.9868],[128.28156,34.98718],[128.28208,34.98746],[128.28408,34.99029],[128.28321,34.99234],[128.28314,34.99255],[128.2831,34.99273],[128.2831,34.99287],[128.28316,34.99301],[128.28328,34.99315],[128.28336,34.99323],[128.28358,34.99341],[128.28731,34.99531],[128.29181,34.99661],[128.29124,34.99743],[128.29111,34.99778],[128.29117,34.99902],[128.29124,34.99917],[128.29134,34.99933],[128.29161,34.99945],[128.29401,35.00032],[128.29538,35.00041],[128.30299,34.99988],[128.30317,34.99982],[128.30351,34.99967],[128.30381,34.99954],[128.30399,34.99942],[128.30447,34.99908],[128.30576,34.99833],[128.30771,34.99759],[128.30782,34.99756],[128.30795,34.99752],[128.30809,34.9975],[128.31593,34.99668],[128.31611,34.99666],[128.31666,34.99672],[128.31672,34.99675],[128.31678,34.99685],[128.31682,34.99697],[128.31685,34.99905],[128.31676,34.99949],[128.31672,34.9996],[128.31663,34.99972],[128.31544,35.00181],[128.31424,35.00574],[128.31421,35.00586],[128.31405,35.00718],[128.31404,35.00726],[128.31404,35.0088],[128.31407,35.00889],[128.31409,35.00896],[128.31413,35.00904],[128.31501,35.01016],[128.31505,35.01019],[128.31511,35.01022],[128.31521,35.01025],[128.31536,35.01027],[128.31651,35.01047],[128.31788,35.01085],[128.31797,35.01088],[128.31808,35.01093],[128.31813,35.01097],[128.32058,35.01298],[128.32125,35.01355],[128.3228,35.0151],[128.32294,35.01526],[128.32303,35.01537],[128.3231,35.01554],[128.32315,35.01579],[128.32324,35.01591],[128.32354,35.01611],[128.32371,35.01622],[128.32645,35.01771],[128.32649,35.01772],[128.32655,35.01771],[128.32738,35.017],[128.32924,35.01748]]]]}},{"type":"Feature","properties":{"code":"48820310","name":"삼산면","parent":"48820"},"geometry":{"type":"MultiPolygon","coordinates":[[[[128.28068,34.89045],[128.28036,34.89043],[128.28001,34.89048],[128.27969,34.89056],[128.27948,34.89064],[128.27934,34.89082],[128.27924,34.89103],[128.28009,34.89382],[128.28047,34.89391],[128.28064,34.89373],[128.28112,34.89223],[128.28145,34.89112],[128.28145,34.89095],[128.28124,34.89073],[128.28093,34.89052],[128.28068,34.89045]]],[[[128.254,34.89561],[128.25412,34.8956],[128.2543,34.89561],[128.25457,34.89557],[128.25494,34.89504],[128.25494,34.8945],[128.25491,34.89437],[128.25484,34.89423],[128.25292,34.89145],[128.2527,34.89124],[128.25252,34.89111],[128.25209,34.89095],[128.25182,34.89097],[128.25159,34.89104],[128.25125,34.89121],[128.25113,34.89134],[128.24966,34.89374],[128.24957,34.89393],[128.24952,34.89409],[128.2497,34.89545],[128.24972,34.89554],[128.24977,34.89568],[128.25,34.89624],[128.25198,34.89696],[128.25225,34.89696],[128.25225,34.89692],[128.252,34.89692],[128.25179,34.89657],[128.25264,34.89616],[128.254,34.89561]]],[[[128.26317,34.91548],[128.26289,34.91536],[128.26236,34.91548],[128.26209,34.91566],[128.26199,34.91576],[128.26091,34.91703],[128.26076,34.91723],[128.26078,34.91754],[128.26083,34.91813],[128.26089,34.9183],[128.261,34.91844],[128.2611,34.91853],[128.26119,34.91858],[128.26129,34.91863],[128.26144,34.91869],[128.26157,34.91873],[128.26178,34.91874],[128.2619,34.91872],[128.26205,34.91866],[128.26217,34.91858],[128.26231,34.91849],[128.2624,34.91842],[128.26255,34.9183],[128.26263,34.91824],[128.26358,34.9174],[128.26368,34.91728],[128.26378,34.91708],[128.2638,34.91688],[128.26368,34.91595],[128.26347,34.91569],[128.26317,34.91548]]],[[[128.31215,34.9213],[128.31195,34.9213],[128.31179,34.92137],[128.31047,34.922],[128.31025,34.92215],[128.3101,34.92234],[128.3087,34.92421],[128.30868,34.92426],[128.30866,34.9243],[128.30795,34.92622],[128.30798,34.92638],[128.3081,34.92651],[128.30828,34.92662],[128.30853,34.92668],[128.3087,34.92654],[128.30885,34.92635],[128.30983,34.92442],[128.30992,34.92441],[128.31003,34.9244],[128.3101,34.92438],[128.31046,34.92427],[128.31213,34.92244],[128.31216,34.9224],[128.31219,34.92237],[128.31221,34.92231],[128.31223,34.92226],[128.31231,34.92173],[128.3123,34.92158],[128.31227,34.92142],[128.31215,34.9213]]],[[[128.26239,34.92814],[128.26231,34.92813],[128.26222,34.92814],[128.26212,34.92817],[128.26202,34.92821],[128.26194,34.92828],[128.26185,34.9284],[128.26178,34.92853],[128.26075,34.93083],[128.26071,34.93096],[128.26123,34.93374],[128.26126,34.93387],[128.26134,34.93396],[128.26145,34.93404],[128.26157,34.93408],[128.26177,34.9341],[128.26216,34.93411],[128.26221,34.93411],[128.26227,34.93411],[128.26235,34.9341],[128.2624,34.93409],[128.26276,34.93408],[128.26288,34.93407],[128.26299,34.93405],[128.26307,34.93401],[128.26315,34.93397],[128.26322,34.93391],[128.2633,34.93383],[128.26348,34.93362],[128.26353,34.93356],[128.26355,34.93351],[128.26358,34.93343],[128.26373,34.93243],[128.26382,34.93168],[128.26382,34.93163],[128.26382,34.93157],[128.26378,34.93057],[128.26376,34.93049],[128.26321,34.92915],[128.26319,34.92911],[128.26316,34.92905],[128.26269,34.92828],[128.26259,34.92819],[128.26246,34.92815],[128.26239,34.92814]]],[[[128.25069,34.9333],[128.25056,34.93329],[128.25038,34.93334],[128.25028,34.93342],[128.25022,34.93351],[128.24954,34.93455],[128.24949,34.93467],[128.2494,34.93493],[128.24939,34.935],[128.2494,34.93506],[128.2495,34.93549],[128.24954,34.9356],[128.24987,34.9362],[128.24992,34.93628],[128.25037,34.9367],[128.25043,34.93675],[128.2505,34.93679],[128.25058,34.93683],[128.25067,34.93686],[128.25078,34.9369],[128.25089,34.93691],[128.25096,34.93691],[128.25106,34.9369],[128.25113,34.93688],[128.2512,34.93684],[128.25128,34.9368],[128.25132,34.93676],[128.2514,34.93668],[128.25146,34.93661],[128.25203,34.936],[128.25207,34.93595],[128.25211,34.93591],[128.25247,34.93538],[128.25253,34.93525],[128.25256,34.93518],[128.25257,34.93507],[128.25255,34.93498],[128.2525,34.93489],[128.25243,34.93479],[128.25229,34.93462],[128.25206,34.93441],[128.25103,34.93349],[128.25091,34.93339],[128.25081,34.93334],[128.25069,34.9333]]],[[[128.23821,34.93563],[128.23803,34.93559],[128.23773,34.93572],[128.23744,34.93598],[128.23735,34.93613],[128.23696,34.93769],[128.23692,34.93785],[128.23703,34.93888],[128.23708,34.93906],[128.23716,34.93923],[128.23733,34.93935],[128.23779,34.93954],[128.23804,34.9396],[128.23838,34.93959],[128.23865,34.93948],[128.23878,34.93932],[128.23918,34.93837],[128.23923,34.93814],[128.23921,34.93796],[128.23906,34.93677],[128.23904,34.93658],[128.23901,34.93648],[128.23847,34.93583],[128.23835,34.93569],[128.23821,34.93563]]],[[[128.31777,34.96143],[128.31703,34.96059],[128.31751,34.95655],[128.31938,34.95231],[128.31984,34.95154],[128.32082,34.95005],[128.32096,34.9489],[128.32122,34.94551],[128.32081,34.94402],[128.31941,34.94422],[128.31707,34.94406],[128.31456,34.94255],[128.3144,34.94204],[128.3146,34.94012],[128.31552,34.9394],[128.31449,34.93794],[128.3134,34.93795],[128.3096,34.93889],[128.30861,34.93999],[128.30937,34.94137],[128.30907,34.94156],[128.30817,34.94153],[128.3072,34.93949],[128.30757,34.93827],[128.30833,34.93698],[128.30684,34.93604],[128.30342,34.93627],[128.3018,34.93693],[128.29999,34.93579],[128.3007,34.93159],[128.30167,34.93052],[128.30292,34.92408],[128.30282,34.92287],[128.30279,34.92127],[128.3045,34.92131],[128.30512,34.92067],[128.30524,34.91875],[128.30195,34.91705],[128.30121,34.91463],[128.30055,34.91214],[128.29827,34.91258],[128.29681,34.91349],[128.29604,34.91395],[128.29526,34.9137],[128.29539,34.91197],[128.29537,34.91082],[128.29115,34.90933],[128.28874,34.90974],[128.28712,34.91021],[128.28575,34.91188],[128.28393,34.91504],[128.28301,34.91582],[128.28192,34.91564],[128.2819,34.91468],[128.28179,34.91244],[128.28152,34.91033],[128.28119,34.90893],[128.28203,34.90815],[128.28318,34.90679],[128.28347,34.90557],[128.28314,34.90436],[128.28273,34.90414],[128.28173,34.90361],[128.27955,34.9035],[128.27777,34.9041],[128.27403,34.90311],[128.27339,34.9021],[128.27361,34.90094],[128.27336,34.89986],[128.2728,34.89942],[128.27141,34.89962],[128.27056,34.89982],[128.2705,34.90091],[128.27062,34.90373],[128.27071,34.90475],[128.27212,34.90525],[128.27313,34.90549],[128.27439,34.90631],[128.27451,34.90804],[128.27407,34.91012],[128.27065,34.91156],[128.26661,34.9116],[128.26606,34.91183],[128.26569,34.91199],[128.26552,34.91264],[128.26559,34.91413],[128.26565,34.91501],[128.26654,34.91587],[128.26739,34.91705],[128.26764,34.91834],[128.26622,34.91935],[128.26553,34.91978],[128.26291,34.92129],[128.26076,34.92292],[128.26067,34.92349],[128.26161,34.92387],[128.2618,34.92434],[128.26108,34.9258],[128.26017,34.9268],[128.25906,34.92739],[128.25815,34.92808],[128.25738,34.92931],[128.2573,34.93054],[128.2581,34.93114],[128.25874,34.93087],[128.25962,34.93017],[128.2597,34.92999],[128.26007,34.92929],[128.26111,34.92748],[128.2617,34.92717],[128.26412,34.92722],[128.26505,34.92748],[128.26594,34.92793],[128.26855,34.92997],[128.26865,34.93009],[128.26789,34.93146],[128.2695,34.93387],[128.27001,34.93496],[128.26711,34.93944],[128.26617,34.93978],[128.26535,34.93852],[128.26403,34.93696],[128.26299,34.93718],[128.26012,34.93908],[128.25952,34.94011],[128.25889,34.93971],[128.25763,34.93784],[128.25715,34.93587],[128.25551,34.9369],[128.25289,34.93926],[128.2521,34.94033],[128.25218,34.9414],[128.25146,34.94227],[128.2506,34.94309],[128.2495,34.9434],[128.2482,34.94281],[128.24823,34.94124],[128.24831,34.94113],[128.24835,34.94107],[128.24866,34.94062],[128.24895,34.93991],[128.24867,34.93727],[128.24575,34.93598],[128.24519,34.93579],[128.24476,34.93599],[128.24452,34.93661],[128.24429,34.93732],[128.24371,34.94017],[128.24415,34.94067],[128.24484,34.94122],[128.24565,34.94167],[128.24616,34.94303],[128.24531,34.9439],[128.24118,34.94374],[128.23908,34.94356],[128.23839,34.94296],[128.23825,34.94144],[128.23792,34.94002],[128.23681,34.94024],[128.23633,34.94115],[128.23508,34.9421],[128.23474,34.94415],[128.23419,34.94448],[128.23344,34.9449],[128.23263,34.94552],[128.23236,34.94576],[128.23104,34.94706],[128.23101,34.94724],[128.23074,34.94796],[128.23044,34.94853],[128.23029,34.94871],[128.22814,34.95045],[128.22705,34.95096],[128.22698,34.95106],[128.2259,34.95357],[128.22584,34.95379],[128.22586,34.95411],[128.22595,34.95589],[128.22645,34.95717],[128.22681,34.95772],[128.22693,34.95792],[128.22689,34.95823],[128.22679,34.95859],[128.22669,34.95884],[128.22658,34.95894],[128.22636,34.95908],[128.22581,34.95928],[128.22563,34.95932],[128.22389,34.9595],[128.22239,34.95966],[128.21865,34.96027],[128.2185,34.96029],[128.2183,34.9604],[128.21645,34.96194],[128.21634,34.96205],[128.21616,34.96225],[128.21583,34.96285],[128.21577,34.96298],[128.21575,34.96305],[128.21574,34.96321],[128.2154,34.96421],[128.21487,34.96547],[128.21484,34.96555],[128.21471,34.9657],[128.21299,34.96722],[128.21276,34.9674],[128.21253,34.96757],[128.21227,34.96772],[128.21206,34.9678],[128.2119,34.96781],[128.2116,34.96783],[128.21153,34.96785],[128.21149,34.96791],[128.21147,34.96799],[128.21148,34.96805],[128.21151,34.96818],[128.21157,34.96834],[128.21165,34.9685],[128.21181,34.96869],[128.21227,34.96919],[128.21246,34.96938],[128.21445,34.9698],[128.21949,34.9716],[128.22537,34.97096],[128.22641,34.97038],[128.22657,34.97028],[128.22687,34.96999],[128.22735,34.96959],[128.22754,34.96948],[128.22777,34.96938],[128.22795,34.96934],[128.22834,34.96935],[128.22921,34.96943],[128.22948,34.96946],[128.22972,34.96954],[128.2318,34.97034],[128.23728,34.96953],[128.23755,34.96944],[128.23808,34.96932],[128.23853,34.96923],[128.24081,34.96892],[128.2409,34.96891],[128.24644,34.97028],[128.24699,34.97042],[128.24781,34.97067],[128.25106,34.97176],[128.25132,34.97198],[128.25148,34.97215],[128.25153,34.97222],[128.25155,34.97229],[128.25589,34.97022],[128.26554,34.968],[128.26797,34.96749],[128.27007,34.9676],[128.27662,34.9667],[128.27722,34.96648],[128.27895,34.96491],[128.27931,34.96342],[128.27964,34.96234],[128.28021,34.96174],[128.28266,34.96104],[128.28622,34.95811],[128.28757,34.95791],[128.29092,34.95774],[128.29146,34.95814],[128.29207,34.95858],[128.29512,34.96093],[128.29625,34.96186],[128.29655,34.96207],[128.29763,34.96216],[128.298,34.96214],[128.29867,34.96112],[128.30129,34.96073],[128.30279,34.9606],[128.30317,34.96071],[128.30387,34.96119],[128.30407,34.96211],[128.30608,34.96283],[128.30735,34.96317],[128.3076,34.96324],[128.3085,34.96345],[128.30931,34.96348],[128.31677,34.9632],[128.31772,34.96151],[128.31777,34.96143]]]]}},{"type":"Feature","properties":{"code":"48820320","name":"하일면","parent":"48820"},"geometry":{"type":"MultiPolygon","coordinates":[[[[128.18121,34.88412],[128.1809,34.88407],[128.18066,34.8841],[128.17908,34.88446],[128.17884,34.88452],[128.17865,34.88459],[128.17827,34.88476],[128.17804,34.88489],[128.17699,34.8855],[128.17646,34.88589],[128.17632,34.88603],[128.17616,34.88625],[128.17604,34.88645],[128.17605,34.88671],[128.17749,34.89171],[128.1776,34.89192],[128.17794,34.8921],[128.17828,34.89206],[128.17848,34.89197],[128.17869,34.89186],[128.18121,34.89041],[128.18186,34.88993],[128.18211,34.88969],[128.18227,34.88943],[128.18229,34.88926],[128.18209,34.88567],[128.18208,34.88548],[128.18171,34.88456],[128.18163,34.88439],[128.18147,34.88424],[128.18121,34.88412]]],[[[128.20757,34.90664],[128.20741,34.90663],[128.20728,34.90664],[128.20707,34.90672],[128.20693,34.9068],[128.20664,34.90707],[128.20631,34.90797],[128.20633,34.90825],[128.20636,34.90854],[128.20644,34.90872],[128.20659,34.90898],[128.20668,34.9091],[128.20692,34.9093],[128.20714,34.90938],[128.2074,34.90937],[128.20765,34.90932],[128.20798,34.90925],[128.20818,34.90914],[128.20833,34.90896],[128.20839,34.90874],[128.20843,34.90847],[128.20844,34.90804],[128.20843,34.90797],[128.20839,34.90782],[128.20801,34.90703],[128.20787,34.9068],[128.20774,34.90672],[128.20757,34.90664]]],[[[128.20657,34.9223],[128.2069,34.92219],[128.20776,34.92223],[128.20786,34.92182],[128.20806,34.92069],[128.208,34.91892],[128.20784,34.91877],[128.20762,34.9187],[128.20717,34.91879],[128.20661,34.9191],[128.20652,34.91922],[128.20623,34.91967],[128.20597,34.92013],[128.20587,34.92032],[128.2058,34.92049],[128.20577,34.92069],[128.20578,34.92088],[128.2062,34.92203],[128.20633,34.9222],[128.20657,34.9223]]],[[[128.20379,34.93146],[128.20326,34.93143],[128.20226,34.93148],[128.20123,34.93158],[128.20022,34.93205],[128.19938,34.93316],[128.19933,34.93328],[128.19957,34.93368],[128.19987,34.9338],[128.20183,34.93395],[128.20206,34.93394],[128.20224,34.93391],[128.2024,34.93378],[128.20262,34.93341],[128.20277,34.93325],[128.20297,34.933],[128.20308,34.93286],[128.20389,34.93169],[128.20379,34.93146]]],[[[128.22413,34.92368],[128.22324,34.92277],[128.22017,34.92365],[128.21884,34.92477],[128.21767,34.92589],[128.21753,34.92693],[128.21794,34.92797],[128.21873,34.92816],[128.2204,34.92847],[128.21981,34.93121],[128.22086,34.93289],[128.22349,34.93391],[128.22484,34.93422],[128.22618,34.93395],[128.22728,34.93341],[128.22773,34.93172],[128.22779,34.93022],[128.22737,34.92859],[128.22583,34.92652],[128.22526,34.92523],[128.22413,34.92368]]],[[[128.23508,34.9421],[128.23421,34.94221],[128.2323,34.94226],[128.23056,34.94202],[128.2301,34.9418],[128.22985,34.94148],[128.2299,34.9411],[128.22707,34.94083],[128.22658,34.94089],[128.22507,34.9417],[128.22435,34.94249],[128.2246,34.94316],[128.22468,34.94431],[128.22438,34.94477],[128.2228,34.94631],[128.22256,34.94627],[128.22105,34.9457],[128.21904,34.94468],[128.21894,34.94411],[128.21904,34.94243],[128.21915,34.9417],[128.21906,34.9414],[128.21871,34.9406],[128.21802,34.93913],[128.21756,34.93899],[128.21671,34.93912],[128.2162,34.9396],[128.21608,34.94013],[128.21612,34.94075],[128.21586,34.94123],[128.21362,34.94261],[128.21304,34.94264],[128.21213,34.94247],[128.21111,34.94216],[128.21046,34.94166],[128.2104,34.94134],[128.2105,34.94123],[128.21105,34.94068],[128.21132,34.94053],[128.2115,34.94046],[128.2118,34.94042],[128.21175,34.94004],[128.21166,34.93967],[128.20907,34.93594],[128.20864,34.93597],[128.20822,34.93662],[128.20752,34.93836],[128.20319,34.9402],[128.20262,34.94016],[128.20075,34.93988],[128.19777,34.9381],[128.19598,34.93669],[128.19567,34.93601],[128.1964,34.9358],[128.19694,34.93565],[128.19899,34.93395],[128.19931,34.93314],[128.19934,34.93277],[128.1996,34.93181],[128.20042,34.93021],[128.20109,34.92891],[128.20131,34.92848],[128.20249,34.9284],[128.2036,34.92703],[128.20436,34.92491],[128.20385,34.92366],[128.20325,34.92321],[128.202,34.92245],[128.2012,34.92145],[128.20019,34.91999],[128.19983,34.91894],[128.19996,34.91796],[128.19954,34.91622],[128.19923,34.91526],[128.19848,34.91462],[128.19768,34.91398],[128.19707,34.91322],[128.19703,34.91317],[128.19687,34.91252],[128.19709,34.91057],[128.19769,34.90804],[128.19878,34.90476],[128.19916,34.90361],[128.20017,34.90153],[128.20095,34.9012],[128.20203,34.90086],[128.20321,34.90032],[128.20354,34.89926],[128.20365,34.89678],[128.20334,34.89544],[128.20248,34.89415],[128.20099,34.89356],[128.19916,34.89337],[128.19447,34.89358],[128.19334,34.89404],[128.18954,34.89432],[128.189,34.89416],[128.18849,34.89323],[128.18749,34.89343],[128.18686,34.89395],[128.18656,34.895],[128.18646,34.89904],[128.18678,34.89949],[128.18772,34.90046],[128.18898,34.90396],[128.18845,34.9052],[128.18679,34.90542],[128.18616,34.90542],[128.18606,34.90438],[128.18628,34.90282],[128.18665,34.90118],[128.18568,34.89983],[128.18504,34.89905],[128.18509,34.89742],[128.18434,34.89476],[128.18323,34.89477],[128.1812,34.89616],[128.18049,34.89675],[128.17761,34.8999],[128.17731,34.90101],[128.17748,34.90192],[128.17814,34.90361],[128.17767,34.90427],[128.17705,34.90512],[128.17555,34.90553],[128.17469,34.90566],[128.17244,34.90321],[128.17354,34.90294],[128.17464,34.90247],[128.17517,34.90077],[128.17576,34.89771],[128.17486,34.89596],[128.16988,34.89633],[128.16902,34.89673],[128.16864,34.89752],[128.16859,34.8996],[128.169,34.90083],[128.16873,34.90172],[128.1669,34.90177],[128.1658,34.90173],[128.16471,34.89951],[128.16468,34.89833],[128.16355,34.89845],[128.16313,34.9011],[128.16342,34.90425],[128.16345,34.90447],[128.1635,34.90463],[128.16357,34.90476],[128.16366,34.90489],[128.16372,34.90495],[128.1638,34.90499],[128.16672,34.90648],[128.16695,34.90652],[128.16707,34.90658],[128.16719,34.90666],[128.16729,34.90675],[128.16739,34.90686],[128.1677,34.90729],[128.16774,34.90737],[128.16794,34.90814],[128.16792,34.9103],[128.16787,34.91038],[128.16737,34.91089],[128.16715,34.91107],[128.16697,34.91119],[128.16669,34.91143],[128.16591,34.91262],[128.1658,34.91279],[128.16576,34.91291],[128.16552,34.91485],[128.16529,34.91708],[128.16518,34.91876],[128.16521,34.91883],[128.16527,34.91888],[128.16534,34.91889],[128.16703,34.91914],[128.16718,34.91916],[128.1675,34.91916],[128.16783,34.91916],[128.16811,34.91915],[128.16848,34.91913],[128.16855,34.91913],[128.16869,34.91923],[128.16878,34.91931],[128.169,34.91954],[128.16918,34.91976],[128.16925,34.91987],[128.16932,34.91998],[128.1701,34.92211],[128.17012,34.92218],[128.17015,34.92241],[128.17017,34.92271],[128.17017,34.92286],[128.17009,34.92414],[128.16979,34.9246],[128.16836,34.92622],[128.16684,34.9277],[128.16677,34.92776],[128.16656,34.92786],[128.16635,34.92795],[128.16563,34.92824],[128.16534,34.92834],[128.16502,34.92841],[128.16465,34.92852],[128.1643,34.92864],[128.16291,34.92932],[128.16049,34.9306],[128.16027,34.93075],[128.16003,34.93095],[128.15993,34.93109],[128.15988,34.9312],[128.15986,34.93127],[128.15986,34.93148],[128.15987,34.93166],[128.16108,34.93542],[128.16111,34.93549],[128.16118,34.93563],[128.16125,34.93572],[128.16141,34.9358],[128.16173,34.93589],[128.16201,34.93597],[128.1623,34.93601],[128.16251,34.936],[128.16263,34.93598],[128.16311,34.93592],[128.16322,34.93592],[128.16337,34.93596],[128.16422,34.93627],[128.16433,34.93631],[128.16412,34.93732],[128.16408,34.93748],[128.16392,34.93785],[128.16353,34.9387],[128.1634,34.93897],[128.16322,34.93935],[128.1632,34.93954],[128.16322,34.93971],[128.16376,34.9428],[128.16379,34.94296],[128.16385,34.94311],[128.16568,34.94527],[128.16595,34.94551],[128.16623,34.94574],[128.16639,34.94587],[128.16656,34.94596],[128.16682,34.94608],[128.1671,34.94618],[128.1673,34.94624],[128.16764,34.94634],[128.16817,34.94648],[128.16854,34.94659],[128.16882,34.94668],[128.16897,34.94675],[128.16914,34.94685],[128.16934,34.94702],[128.16976,34.94738],[128.16992,34.94752],[128.17227,34.95062],[128.17236,34.95086],[128.17243,34.95112],[128.1727,34.95224],[128.17272,34.95235],[128.1727,34.9525],[128.17141,34.95818],[128.17106,34.95869],[128.17126,34.95869],[128.17139,34.9587],[128.17154,34.95874],[128.17282,34.95908],[128.17291,34.95912],[128.17333,34.95934],[128.17353,34.95946],[128.17371,34.95963],[128.17398,34.95994],[128.17428,34.96023],[128.17471,34.96056],[128.17661,34.96199],[128.17847,34.96319],[128.18112,34.96466],[128.18138,34.96474],[128.18259,34.96496],[128.18595,34.96543],[128.18845,34.96583],[128.18881,34.96591],[128.18926,34.96607],[128.18944,34.96619],[128.18952,34.9663],[128.18962,34.96652],[128.18975,34.96712],[128.18987,34.96773],[128.18998,34.96833],[128.19003,34.9686],[128.19005,34.96873],[128.19006,34.96892],[128.19006,34.96916],[128.19013,34.96947],[128.19038,34.97002],[128.19051,34.97032],[128.19098,34.97116],[128.19114,34.97139],[128.19176,34.97192],[128.19198,34.97204],[128.19215,34.9721],[128.19267,34.97216],[128.19314,34.9722],[128.19356,34.97221],[128.1942,34.97223],[128.19703,34.97399],[128.19715,34.97413],[128.19939,34.97573],[128.19964,34.9759],[128.20041,34.97638],[128.20068,34.97652],[128.20154,34.97696],[128.20184,34.97709],[128.20239,34.97731],[128.20269,34.97741],[128.20289,34.97746],[128.20327,34.97748],[128.20341,34.97748],[128.20386,34.97748],[128.20415,34.97743],[128.20453,34.97731],[128.20506,34.97708],[128.20573,34.97667],[128.20595,34.97651],[128.20661,34.97603],[128.20703,34.97567],[128.21014,34.97202],[128.21,34.97161],[128.2102,34.97128],[128.2104,34.97103],[128.21053,34.97089],[128.21212,34.96963],[128.21246,34.96938],[128.21227,34.96919],[128.21181,34.96869],[128.21165,34.9685],[128.21157,34.96834],[128.21151,34.96818],[128.21148,34.96805],[128.21147,34.96799],[128.21149,34.96791],[128.21153,34.96785],[128.2116,34.96783],[128.2119,34.96781],[128.21206,34.9678],[128.21227,34.96772],[128.21253,34.96757],[128.21276,34.9674],[128.21299,34.96722],[128.21471,34.9657],[128.21484,34.96555],[128.21487,34.96547],[128.2154,34.96421],[128.21574,34.96321],[128.21575,34.96305],[128.21577,34.96298],[128.21583,34.96285],[128.21616,34.96225],[128.21634,34.96205],[128.21645,34.96194],[128.2183,34.9604],[128.2185,34.96029],[128.21865,34.96027],[128.22239,34.95966],[128.22389,34.9595],[128.22563,34.95932],[128.22581,34.95928],[128.22636,34.95908],[128.22658,34.95894],[128.22669,34.95884],[128.22679,34.95859],[128.22689,34.95823],[128.22693,34.95792],[128.22681,34.95772],[128.22645,34.95717],[128.22595,34.95589],[128.22586,34.95411],[128.22584,34.95379],[128.2259,34.95357],[128.22698,34.95106],[128.22705,34.95096],[128.22814,34.95045],[128.23029,34.94871],[128.23044,34.94853],[128.23074,34.94796],[128.23101,34.94724],[128.23104,34.94706],[128.23236,34.94576],[128.23263,34.94552],[128.23344,34.9449],[128.23419,34.94448],[128.23474,34.94415],[128.23508,34.9421]]]]}},{"type":"Feature","properties":{"code":"48820330","name":"하이면","parent":"48820"},"geometry":{"type":"MultiPolygon","coordinates":[[[[128.16627,34.98326],[128.1658,34.98316],[128.16551,34.98308],[128.16535,34.98302],[128.16517,34.98296],[128.16495,34.98287],[128.16419,34.98241],[128.16406,34.98232],[128.16389,34.98221],[128.16377,34.98209],[128.16368,34.98199],[128.16352,34.98178],[128.1634,34.98161],[128.1633,34.98145],[128.16315,34.98116],[128.16298,34.98084],[128.16283,34.98053],[128.16268,34.98021],[128.16257,34.97991],[128.16249,34.97961],[128.16248,34.97943],[128.16249,34.97928],[128.16267,34.9786],[128.16275,34.97834],[128.16246,34.97575],[128.16243,34.97566],[128.1624,34.97556],[128.1623,34.97539],[128.16209,34.97514],[128.16183,34.97486],[128.16148,34.97451],[128.16133,34.97434],[128.16123,34.97419],[128.16119,34.97409],[128.16121,34.97401],[128.16223,34.97223],[128.16228,34.97215],[128.16311,34.97104],[128.16318,34.97096],[128.16331,34.97085],[128.16344,34.97077],[128.16418,34.97042],[128.16447,34.97028],[128.1647,34.97018],[128.16502,34.97012],[128.16536,34.97005],[128.16644,34.96857],[128.16712,34.96656],[128.1672,34.9663],[128.16722,34.96621],[128.16725,34.96608],[128.16798,34.96231],[128.17106,34.95869],[128.17141,34.95818],[128.1727,34.9525],[128.17272,34.95235],[128.1727,34.95224],[128.17243,34.95112],[128.17236,34.95086],[128.17227,34.95062],[128.16992,34.94752],[128.16976,34.94738],[128.16934,34.94702],[128.16914,34.94685],[128.16897,34.94675],[128.16882,34.94668],[128.16854,34.94659],[128.16817,34.94648],[128.16764,34.94634],[128.1673,34.94624],[128.1671,34.94618],[128.16682,34.94608],[128.16656,34.94596],[128.16639,34.94587],[128.16623,34.94574],[128.16595,34.94551],[128.16568,34.94527],[128.16385,34.94311],[128.16379,34.94296],[128.16376,34.9428],[128.16322,34.93971],[128.1632,34.93954],[128.16322,34.93935],[128.1634,34.93897],[128.16353,34.9387],[128.16392,34.93785],[128.16408,34.93748],[128.16412,34.93732],[128.16433,34.93631],[128.16422,34.93627],[128.16337,34.93596],[128.16322,34.93592],[128.16311,34.93592],[128.16263,34.93598],[128.16251,34.936],[128.1623,34.93601],[128.16201,34.93597],[128.16173,34.93589],[128.16141,34.9358],[128.16125,34.93572],[128.16118,34.93563],[128.16111,34.93549],[128.16108,34.93542],[128.15987,34.93166],[128.15986,34.93148],[128.15986,34.93127],[128.15988,34.9312],[128.15993,34.93109],[128.16003,34.93095],[128.16027,34.93075],[128.16049,34.9306],[128.16291,34.92932],[128.1643,34.92864],[128.16465,34.92852],[128.16502,34.92841],[128.16534,34.92834],[128.16563,34.92824],[128.16635,34.92795],[128.16656,34.92786],[128.16677,34.92776],[128.16684,34.9277],[128.16836,34.92622],[128.16979,34.9246],[128.17009,34.92414],[128.17017,34.92286],[128.17017,34.92271],[128.17015,34.92241],[128.17012,34.92218],[128.1701,34.92211],[128.16932,34.91998],[128.16925,34.91987],[128.16918,34.91976],[128.169,34.91954],[128.16878,34.91931],[128.16869,34.91923],[128.16855,34.91913],[128.16848,34.91913],[128.16811,34.91915],[128.16783,34.91916],[128.1675,34.91916],[128.16718,34.91916],[128.16703,34.91914],[128.16534,34.91889],[128.16527,34.91888],[128.16521,34.91883],[128.16518,34.91876],[128.16529,34.91708],[128.16552,34.91485],[128.16576,34.91291],[128.1658,34.91279],[128.16591,34.91262],[128.16669,34.91143],[128.16697,34.91119],[128.16715,34.91107],[128.16737,34.91089],[128.16787,34.91038],[128.16792,34.9103],[128.16794,34.90814],[128.16774,34.90737],[128.1677,34.90729],[128.16739,34.90686],[128.16729,34.90675],[128.16719,34.90666],[128.16707,34.90658],[128.16695,34.90652],[128.16672,34.90648],[128.1638,34.90499],[128.16372,34.90495],[128.16366,34.90489],[128.16357,34.90476],[128.1635,34.90463],[128.16345,34.90447],[128.16342,34.90425],[128.16313,34.9011],[128.16355,34.89845],[128.16192,34.89914],[128.1608,34.90024],[128.15941,34.90266],[128.15916,34.90446],[128.15938,34.90687],[128.15751,34.90813],[128.1568,34.90832],[128.15628,34.90845],[128.15552,34.90815],[128.15598,34.90698],[128.1553,34.90613],[128.15215,34.90359],[128.14969,34.90385],[128.1478,34.90425],[128.14667,34.90457],[128.14694,34.90356],[128.14862,34.9016],[128.1504,34.90049],[128.15066,34.8987],[128.14612,34.89851],[128.14471,34.89922],[128.14397,34.90047],[128.14277,34.90282],[128.14173,34.90252],[128.14114,34.90081],[128.14061,34.89661],[128.14126,34.89575],[128.14074,34.89288],[128.1392,34.89079],[128.13615,34.88903],[128.13406,34.88803],[128.13273,34.88773],[128.13125,34.89008],[128.12883,34.89283],[128.12695,34.89409],[128.12641,34.89549],[128.12595,34.89667],[128.12634,34.89791],[128.12459,34.90089],[128.1218,34.90442],[128.11962,34.90413],[128.11753,34.90352],[128.11395,34.90472],[128.11171,34.90646],[128.11096,34.90693],[128.10859,34.90695],[128.10477,34.91088],[128.10245,34.91417],[128.10332,34.91921],[128.11209,34.92305],[128.11253,34.92312],[128.11296,34.92308],[128.11344,34.92294],[128.11394,34.92245],[128.11472,34.92171],[128.11509,34.92145],[128.11562,34.92117],[128.11622,34.92096],[128.11671,34.92086],[128.11704,34.92083],[128.11818,34.92096],[128.11947,34.92112],[128.11949,34.92132],[128.11948,34.92158],[128.1194,34.92189],[128.11694,34.92532],[128.11663,34.92577],[128.11625,34.92631],[128.11488,34.93004],[128.11481,34.93027],[128.11478,34.93045],[128.11454,34.93166],[128.11433,34.93365],[128.11433,34.93374],[128.11442,34.93386],[128.11446,34.9339],[128.11458,34.93401],[128.11482,34.93415],[128.11514,34.93431],[128.11528,34.93436],[128.11543,34.93442],[128.11557,34.93445],[128.11688,34.93509],[128.11926,34.93653],[128.12218,34.93838],[128.12225,34.93843],[128.12235,34.9385],[128.12261,34.93876],[128.12267,34.93887],[128.12401,34.94285],[128.12409,34.94317],[128.12412,34.94343],[128.12409,34.94367],[128.12371,34.94582],[128.12317,34.94901],[128.12449,34.95004],[128.12541,34.95083],[128.12586,34.95125],[128.12643,34.95179],[128.13096,34.95724],[128.13168,34.95815],[128.13233,34.95927],[128.13275,34.96015],[128.13408,34.96307],[128.13429,34.96357],[128.13529,34.96759],[128.13504,34.96942],[128.13481,34.97061],[128.13475,34.97205],[128.13442,34.97584],[128.1341,34.97716],[128.13376,34.97795],[128.13352,34.97915],[128.13368,34.9793],[128.13377,34.97938],[128.13385,34.97945],[128.13518,34.98059],[128.13525,34.98063],[128.13638,34.98132],[128.13668,34.98149],[128.13696,34.98166],[128.13726,34.98184],[128.13758,34.98202],[128.1378,34.98215],[128.13788,34.98221],[128.13799,34.9823],[128.13805,34.98237],[128.13934,34.98367],[128.13948,34.98383],[128.13964,34.98403],[128.13982,34.98426],[128.14134,34.98626],[128.14245,34.98801],[128.14271,34.98837],[128.14341,34.9893],[128.14348,34.98938],[128.14358,34.98946],[128.14374,34.98955],[128.14405,34.98972],[128.14438,34.9899],[128.1454,34.99041],[128.14578,34.9906],[128.146,34.99071],[128.1461,34.99075],[128.14632,34.99083],[128.14664,34.99092],[128.14736,34.99112],[128.14749,34.99115],[128.14771,34.99121],[128.14803,34.99128],[128.14815,34.9913],[128.14821,34.99131],[128.1497,34.99125],[128.15082,34.99112],[128.15227,34.99091],[128.15244,34.99088],[128.15254,34.99086],[128.15277,34.99082],[128.1544,34.99044],[128.15473,34.99034],[128.15485,34.99029],[128.15499,34.99023],[128.15608,34.98974],[128.15625,34.98965],[128.15629,34.98962],[128.15633,34.98959],[128.15638,34.98955],[128.15643,34.98951],[128.15653,34.9894],[128.15664,34.98924],[128.15667,34.98915],[128.15671,34.98904],[128.15677,34.9889],[128.15683,34.98882],[128.16008,34.98627],[128.16028,34.98615],[128.16054,34.98607],[128.16068,34.98604],[128.16208,34.98582],[128.16311,34.9857],[128.16321,34.9857],[128.1634,34.98566],[128.16378,34.9855],[128.16398,34.98542],[128.16444,34.98518],[128.16454,34.98512],[128.16465,34.98505],[128.16479,34.98494],[128.16488,34.98488],[128.16514,34.98467],[128.16541,34.98443],[128.16602,34.98373],[128.16615,34.98355],[128.16627,34.98326]]]]}},{"type":"Feature","properties":{"code":"48820340","name":"상리면","parent":"48820"},"geometry":{"type":"MultiPolygon","coordinates":[[[[128.23986,35.01006],[128.23983,35.0094],[128.23982,35.0093],[128.23983,35.00922],[128.24023,35.0068],[128.24024,35.00672],[128.24089,35.00555],[128.24096,35.00546],[128.24198,35.00468],[128.24215,35.00459],[128.24291,35.00425],[128.24315,35.00416],[128.24541,35.00343],[128.24855,35.00242],[128.24867,35.00241],[128.24876,35.00238],[128.24884,35.00235],[128.249,35.00224],[128.24913,35.00214],[128.24924,35.00206],[128.24945,35.00188],[128.24988,35.0015],[128.25,35.00138],[128.25006,35.0013],[128.2507,35.00041],[128.25077,35.00029],[128.25082,35.0002],[128.25085,35.0001],[128.25088,34.99999],[128.25089,34.99989],[128.25089,34.99982],[128.25088,34.99972],[128.25079,34.99931],[128.25079,34.99894],[128.2509,34.99781],[128.25095,34.99776],[128.25258,34.99664],[128.25268,34.99657],[128.25365,34.99606],[128.25372,34.99604],[128.25405,34.99595],[128.25608,34.99562],[128.2574,34.99549],[128.25741,34.99537],[128.25739,34.99526],[128.25734,34.99485],[128.25731,34.9947],[128.25728,34.99454],[128.25726,34.99445],[128.25706,34.99413],[128.25699,34.99404],[128.25692,34.99397],[128.25683,34.9939],[128.25676,34.99386],[128.25649,34.99372],[128.25632,34.99364],[128.25615,34.99355],[128.25599,34.99344],[128.25554,34.99313],[128.25546,34.99305],[128.25534,34.99292],[128.25421,34.99174],[128.2541,34.99163],[128.25145,34.98844],[128.2514,34.98837],[128.25139,34.9883],[128.25138,34.98823],[128.25142,34.98816],[128.25146,34.9881],[128.25153,34.98805],[128.25162,34.988],[128.25178,34.98791],[128.25188,34.98784],[128.252,34.98776],[128.25224,34.98755],[128.25231,34.98747],[128.25235,34.98739],[128.25326,34.98317],[128.25355,34.98173],[128.25356,34.98162],[128.25355,34.97954],[128.25354,34.97944],[128.25346,34.97916],[128.2531,34.97795],[128.25305,34.97787],[128.25299,34.9778],[128.25289,34.97773],[128.2527,34.97763],[128.25237,34.97749],[128.25216,34.97739],[128.25185,34.97723],[128.25154,34.97705],[128.25141,34.97697],[128.25129,34.97685],[128.25119,34.97675],[128.25111,34.97664],[128.25098,34.97644],[128.25077,34.97612],[128.25038,34.9754],[128.2503,34.97522],[128.2503,34.9751],[128.25032,34.97501],[128.25056,34.97379],[128.25086,34.97326],[128.25155,34.97229],[128.25153,34.97222],[128.25148,34.97215],[128.25132,34.97198],[128.25106,34.97176],[128.24781,34.97067],[128.24699,34.97042],[128.24644,34.97028],[128.2409,34.96891],[128.24081,34.96892],[128.23853,34.96923],[128.23808,34.96932],[128.23755,34.96944],[128.23728,34.96953],[128.2318,34.97034],[128.22972,34.96954],[128.22948,34.96946],[128.22921,34.96943],[128.22834,34.96935],[128.22795,34.96934],[128.22777,34.96938],[128.22754,34.96948],[128.22735,34.96959],[128.22687,34.96999],[128.22657,34.97028],[128.22641,34.97038],[128.22537,34.97096],[128.21949,34.9716],[128.21445,34.9698],[128.21246,34.96938],[128.21212,34.96963],[128.21053,34.97089],[128.2104,34.97103],[128.2102,34.97128],[128.21,34.97161],[128.21014,34.97202],[128.20703,34.97567],[128.20661,34.97603],[128.20595,34.97651],[128.20573,34.97667],[128.20506,34.97708],[128.20453,34.97731],[128.20415,34.97743],[128.20386,34.97748],[128.20341,34.97748],[128.20327,34.97748],[128.20289,34.97746],[128.20269,34.97741],[128.20239,34.97731],[128.20184,34.97709],[128.20154,34.97696],[128.20068,34.97652],[128.20041,34.97638],[128.19964,34.9759],[128.19939,34.97573],[128.19715,34.97413],[128.19703,34.97399],[128.1942,34.97223],[128.19356,34.97221],[128.19314,34.9722],[128.19267,34.97216],[128.19215,34.9721],[128.19198,34.97204],[128.19176,34.97192],[128.19114,34.97139],[128.19098,34.97116],[128.19051,34.97032],[128.19038,34.97002],[128.19013,34.96947],[128.19006,34.96916],[128.19006,34.96892],[128.19005,34.96873],[128.19003,34.9686],[128.18998,34.96833],[128.18987,34.96773],[128.18975,34.96712],[128.18962,34.96652],[128.18952,34.9663],[128.18944,34.96619],[128.18926,34.96607],[128.18881,34.96591],[128.18845,34.96583],[128.18595,34.96543],[128.18259,34.96496],[128.18138,34.96474],[128.18112,34.96466],[128.17847,34.96319],[128.17661,34.96199],[128.17471,34.96056],[128.17428,34.96023],[128.17398,34.95994],[128.17371,34.95963],[128.17353,34.95946],[128.17333,34.95934],[128.17291,34.95912],[128.17282,34.95908],[128.17154,34.95874],[128.17139,34.9587],[128.17126,34.95869],[128.17106,34.95869],[128.16798,34.96231],[128.16725,34.96608],[128.16722,34.96621],[128.1672,34.9663],[128.16712,34.96656],[128.16644,34.96857],[128.16536,34.97005],[128.16502,34.97012],[128.1647,34.97018],[128.16447,34.97028],[128.16418,34.97042],[128.16344,34.97077],[128.16331,34.97085],[128.16318,34.97096],[128.16311,34.97104],[128.16228,34.97215],[128.16223,34.97223],[128.16121,34.97401],[128.16119,34.97409],[128.16123,34.97419],[128.16133,34.97434],[128.16148,34.97451],[128.16183,34.97486],[128.16209,34.97514],[128.1623,34.97539],[128.1624,34.97556],[128.16243,34.97566],[128.16246,34.97575],[128.16275,34.97834],[128.16267,34.9786],[128.16249,34.97928],[128.16248,34.97943],[128.16249,34.97961],[128.16257,34.97991],[128.16268,34.98021],[128.16283,34.98053],[128.16298,34.98084],[128.16315,34.98116],[128.1633,34.98145],[128.1634,34.98161],[128.16352,34.98178],[128.16368,34.98199],[128.16377,34.98209],[128.16389,34.98221],[128.16406,34.98232],[128.16419,34.98241],[128.16495,34.98287],[128.16517,34.98296],[128.16535,34.98302],[128.16551,34.98308],[128.1658,34.98316],[128.16627,34.98326],[128.17002,34.98445],[128.17008,34.98448],[128.17012,34.9845],[128.17016,34.98453],[128.17018,34.98457],[128.17053,34.98606],[128.16954,34.98706],[128.16934,34.98715],[128.1692,34.98725],[128.16914,34.98732],[128.16906,34.98742],[128.16851,34.98813],[128.16718,34.98985],[128.16712,34.98995],[128.16702,34.9902],[128.16693,34.99055],[128.16657,34.99201],[128.16652,34.9922],[128.16615,34.99427],[128.166,34.99469],[128.16591,34.9949],[128.16534,34.9961],[128.16528,34.9962],[128.1648,34.99699],[128.16469,34.99717],[128.16129,35.00185],[128.15873,35.00507],[128.15812,35.00578],[128.15806,35.00592],[128.158,35.00606],[128.15795,35.00626],[128.1578,35.00692],[128.15779,35.00705],[128.15784,35.00736],[128.158,35.00814],[128.15921,35.0129],[128.16052,35.01656],[128.16055,35.01671],[128.16063,35.01738],[128.16065,35.01752],[128.16066,35.01785],[128.16065,35.01802],[128.16062,35.01898],[128.16121,35.02243],[128.16132,35.02284],[128.16264,35.02739],[128.16273,35.02756],[128.16285,35.02771],[128.16301,35.02786],[128.16497,35.02974],[128.1651,35.02986],[128.16521,35.02992],[128.16531,35.02997],[128.16713,35.03045],[128.16948,35.03071],[128.17045,35.03074],[128.17054,35.03074],[128.17061,35.03073],[128.17077,35.03069],[128.1709,35.03064],[128.17099,35.03061],[128.17114,35.03056],[128.17125,35.03055],[128.17131,35.03055],[128.17137,35.03055],[128.17146,35.03058],[128.17259,35.03111],[128.17762,35.03662],[128.17999,35.03829],[128.18002,35.03833],[128.1811,35.03965],[128.1812,35.03978],[128.18128,35.0399],[128.18135,35.04004],[128.18143,35.0402],[128.18148,35.04034],[128.18153,35.04054],[128.18213,35.04301],[128.18294,35.0483],[128.18456,35.0503],[128.18457,35.0501],[128.18458,35.04997],[128.18461,35.0499],[128.18463,35.04985],[128.18468,35.04979],[128.18656,35.04789],[128.18661,35.04784],[128.18758,35.04702],[128.1877,35.04693],[128.18779,35.04687],[128.18795,35.04679],[128.18841,35.04659],[128.18869,35.04647],[128.18878,35.04644],[128.18886,35.04642],[128.18951,35.04639],[128.19158,35.04566],[128.1917,35.04562],[128.19178,35.04558],[128.1919,35.04551],[128.19196,35.04546],[128.193,35.04462],[128.19305,35.04456],[128.19655,35.03973],[128.19657,35.03969],[128.19771,35.03499],[128.19772,35.03494],[128.19771,35.0349],[128.19761,35.03468],[128.19733,35.03421],[128.19715,35.03394],[128.19699,35.0337],[128.19688,35.03357],[128.19663,35.0333],[128.19649,35.03316],[128.19634,35.03303],[128.19624,35.03296],[128.19571,35.0326],[128.19542,35.03241],[128.19528,35.03232],[128.19514,35.03221],[128.19495,35.03206],[128.19389,35.031],[128.19383,35.03093],[128.19376,35.03081],[128.19355,35.0304],[128.19344,35.03015],[128.19336,35.02996],[128.19322,35.02957],[128.19319,35.02946],[128.19316,35.02929],[128.19315,35.02919],[128.19317,35.02814],[128.19318,35.02809],[128.19322,35.02791],[128.19331,35.02765],[128.19345,35.02732],[128.19352,35.0272],[128.19358,35.02715],[128.19591,35.0255],[128.19604,35.02545],[128.19624,35.02541],[128.19652,35.02539],[128.19662,35.02538],[128.19675,35.02534],[128.19691,35.02524],[128.19709,35.02509],[128.2,35.02256],[128.20012,35.02244],[128.20021,35.02232],[128.20028,35.02219],[128.20125,35.01999],[128.20332,35.01575],[128.20482,35.01347],[128.20487,35.01334],[128.2049,35.01323],[128.20492,35.01313],[128.20491,35.013],[128.20489,35.01269],[128.20485,35.01245],[128.20483,35.01227],[128.20482,35.01215],[128.20482,35.01199],[128.20484,35.01184],[128.20487,35.01174],[128.20491,35.01162],[128.20638,35.00844],[128.20647,35.00827],[128.20654,35.00819],[128.20663,35.00813],[128.20675,35.00808],[128.20698,35.00801],[128.2072,35.00797],[128.20734,35.00797],[128.21099,35.00826],[128.2111,35.00828],[128.21126,35.00834],[128.21151,35.00844],[128.21172,35.00854],[128.21336,35.00933],[128.21347,35.00939],[128.2138,35.00962],[128.21411,35.00986],[128.21421,35.00995],[128.21429,35.01],[128.21441,35.01006],[128.2145,35.01008],[128.21458,35.01008],[128.21476,35.01005],[128.21506,35.00996],[128.21565,35.00976],[128.21596,35.00965],[128.21645,35.00946],[128.21681,35.00931],[128.21698,35.00924],[128.21716,35.00915],[128.2174,35.009],[128.21792,35.00861],[128.21872,35.008],[128.21886,35.00789],[128.21899,35.00775],[128.21908,35.00763],[128.21922,35.0074],[128.21933,35.00718],[128.21943,35.00697],[128.21952,35.00686],[128.21966,35.0067],[128.2198,35.0066],[128.22104,35.00582],[128.22441,35.00396],[128.22462,35.00385],[128.22483,35.00377],[128.22512,35.00368],[128.22558,35.00359],[128.22572,35.00356],[128.22584,35.00357],[128.22591,35.00359],[128.22594,35.00361],[128.22602,35.00364],[128.2263,35.00384],[128.22659,35.00408],[128.22677,35.00426],[128.22689,35.00443],[128.22696,35.00458],[128.22701,35.00477],[128.227,35.0052],[128.227,35.00552],[128.22701,35.00574],[128.22704,35.00595],[128.22709,35.00614],[128.22716,35.00636],[128.22728,35.00663],[128.22854,35.00922],[128.23152,35.01128],[128.2335,35.01172],[128.23891,35.01102],[128.23986,35.01006]]]]}},{"type":"Feature","properties":{"code":"48820350","name":"대가면","parent":"48820"},"geometry":{"type":"MultiPolygon","coordinates":[[[[128.25893,35.06604],[128.2593,35.06506],[128.25933,35.065],[128.25939,35.06492],[128.25952,35.06479],[128.25966,35.06465],[128.26072,35.06377],[128.26237,35.06262],[128.26252,35.06255],[128.265,35.0618],[128.26531,35.06172],[128.26667,35.06142],[128.26675,35.0614],[128.26683,35.06139],[128.26691,35.0614],[128.26708,35.06143],[128.26735,35.06152],[128.26759,35.06158],[128.26774,35.0616],[128.26808,35.06163],[128.26834,35.06163],[128.26864,35.06161],[128.26881,35.06158],[128.27437,35.06049],[128.27451,35.06042],[128.27458,35.06038],[128.27467,35.0603],[128.2761,35.05866],[128.27622,35.05851],[128.27631,35.05837],[128.27734,35.05582],[128.27747,35.05533],[128.27764,35.05461],[128.27765,35.05442],[128.27765,35.05318],[128.27767,35.05216],[128.27768,35.05214],[128.27788,35.05199],[128.27803,35.0519],[128.28112,35.05022],[128.28209,35.04999],[128.28248,35.04895],[128.28253,35.04888],[128.28258,35.04882],[128.28265,35.04876],[128.2828,35.04867],[128.28295,35.04859],[128.28505,35.04764],[128.28513,35.04762],[128.28528,35.04757],[128.28999,35.04614],[128.29016,35.04609],[128.29027,35.04607],[128.29338,35.04577],[128.29546,35.04569],[128.29551,35.04569],[128.29561,35.04571],[128.30002,35.04741],[128.30262,35.05035],[128.30269,35.05036],[128.30288,35.05037],[128.30632,35.05039],[128.30652,35.05038],[128.30839,35.05008],[128.30851,35.05004],[128.30858,35.04999],[128.3108,35.04817],[128.31412,35.04625],[128.3144,35.04621],[128.31465,35.04615],[128.31553,35.04586],[128.31559,35.04583],[128.32029,35.04188],[128.32034,35.04182],[128.32036,35.04177],[128.3201,35.04132],[128.31969,35.04067],[128.3196,35.04047],[128.31959,35.04036],[128.3198,35.03957],[128.31984,35.03947],[128.32278,35.03406],[128.32288,35.03396],[128.32303,35.03391],[128.32562,35.03335],[128.32577,35.03332],[128.32595,35.03329],[128.32808,35.03329],[128.32814,35.03331],[128.32822,35.03338],[128.32836,35.03354],[128.3285,35.0337],[128.32859,35.03374],[128.32918,35.03391],[128.32943,35.03398],[128.32955,35.03399],[128.33094,35.03394],[128.33118,35.03393],[128.33136,35.03386],[128.33227,35.03323],[128.33246,35.03307],[128.33255,35.03291],[128.33257,35.03283],[128.33389,35.02786],[128.33425,35.02552],[128.33426,35.02542],[128.33424,35.0251],[128.3322,35.01957],[128.3298,35.01771],[128.32968,35.01765],[128.32946,35.01755],[128.32924,35.01748],[128.32738,35.017],[128.32655,35.01771],[128.32649,35.01772],[128.32645,35.01771],[128.32371,35.01622],[128.32354,35.01611],[128.32324,35.01591],[128.32315,35.01579],[128.3231,35.01554],[128.32303,35.01537],[128.32294,35.01526],[128.3228,35.0151],[128.32125,35.01355],[128.32058,35.01298],[128.31813,35.01097],[128.31808,35.01093],[128.31797,35.01088],[128.31788,35.01085],[128.31651,35.01047],[128.31536,35.01027],[128.31521,35.01025],[128.31511,35.01022],[128.31505,35.01019],[128.31501,35.01016],[128.31413,35.00904],[128.31409,35.00896],[128.31407,35.00889],[128.31404,35.0088],[128.31404,35.00726],[128.31405,35.00718],[128.31421,35.00586],[128.31424,35.00574],[128.31544,35.00181],[128.31663,34.99972],[128.31672,34.9996],[128.31676,34.99949],[128.31685,34.99905],[128.31682,34.99697],[128.31678,34.99685],[128.31672,34.99675],[128.31666,34.99672],[128.31611,34.99666],[128.31593,34.99668],[128.30809,34.9975],[128.30795,34.99752],[128.30782,34.99756],[128.30771,34.99759],[128.30576,34.99833],[128.30447,34.99908],[128.30399,34.99942],[128.30381,34.99954],[128.30351,34.99967],[128.30317,34.99982],[128.30299,34.99988],[128.29538,35.00041],[128.29401,35.00032],[128.29161,34.99945],[128.29134,34.99933],[128.29124,34.99917],[128.29117,34.99902],[128.29111,34.99778],[128.29124,34.99743],[128.29181,34.99661],[128.28731,34.99531],[128.28358,34.99341],[128.28336,34.99323],[128.28328,34.99315],[128.28316,34.99301],[128.2831,34.99287],[128.2831,34.99273],[128.28314,34.99255],[128.28321,34.99234],[128.28408,34.99029],[128.28208,34.98746],[128.28156,34.98718],[128.28076,34.9868],[128.2806,34.98674],[128.27899,34.98632],[128.27877,34.9863],[128.27704,34.98644],[128.27678,34.98653],[128.27663,34.98661],[128.27583,34.98706],[128.2756,34.98723],[128.27545,34.98738],[128.2754,34.98746],[128.27516,34.98788],[128.27493,34.98822],[128.2748,34.98835],[128.27469,34.98841],[128.27241,34.98973],[128.27235,34.98976],[128.26888,34.99104],[128.26865,34.99112],[128.2684,34.99118],[128.26785,34.9913],[128.26762,34.99134],[128.26732,34.99138],[128.26708,34.99141],[128.26686,34.99142],[128.26678,34.99141],[128.26668,34.99139],[128.2639,34.99264],[128.26229,34.99441],[128.26221,34.99449],[128.26218,34.99451],[128.2621,34.99453],[128.25826,34.99542],[128.2574,34.99549],[128.25608,34.99562],[128.25405,34.99595],[128.25372,34.99604],[128.25365,34.99606],[128.25268,34.99657],[128.25258,34.99664],[128.25095,34.99776],[128.2509,34.99781],[128.25079,34.99894],[128.25079,34.99931],[128.25088,34.99972],[128.25089,34.99982],[128.25089,34.99989],[128.25088,34.99999],[128.25085,35.0001],[128.25082,35.0002],[128.25077,35.00029],[128.2507,35.00041],[128.25006,35.0013],[128.25,35.00138],[128.24988,35.0015],[128.24945,35.00188],[128.24924,35.00206],[128.24913,35.00214],[128.249,35.00224],[128.24884,35.00235],[128.24876,35.00238],[128.24867,35.00241],[128.24855,35.00242],[128.24541,35.00343],[128.24315,35.00416],[128.24291,35.00425],[128.24215,35.00459],[128.24198,35.00468],[128.24096,35.00546],[128.24089,35.00555],[128.24024,35.00672],[128.24023,35.0068],[128.23983,35.00922],[128.23982,35.0093],[128.23983,35.0094],[128.23986,35.01006],[128.23999,35.01016],[128.24011,35.0103],[128.24023,35.01051],[128.24075,35.01164],[128.24089,35.01203],[128.24096,35.0123],[128.24102,35.01265],[128.24106,35.01302],[128.24108,35.01339],[128.2411,35.01391],[128.24107,35.01428],[128.24104,35.01451],[128.24095,35.01473],[128.24083,35.01492],[128.24058,35.01527],[128.24039,35.0156],[128.24019,35.01595],[128.24011,35.01615],[128.24007,35.01634],[128.24007,35.01654],[128.2401,35.01666],[128.24105,35.01907],[128.23873,35.02132],[128.23726,35.02189],[128.23713,35.02195],[128.23696,35.02203],[128.23594,35.02263],[128.23578,35.02276],[128.2357,35.02284],[128.23332,35.02736],[128.23329,35.02742],[128.23328,35.02747],[128.2333,35.02757],[128.23336,35.02775],[128.23365,35.02837],[128.23375,35.02856],[128.23443,35.02999],[128.23511,35.03145],[128.23516,35.03156],[128.23518,35.03168],[128.23572,35.03472],[128.23576,35.03504],[128.23578,35.03528],[128.23586,35.03794],[128.23584,35.03818],[128.2358,35.03883],[128.23577,35.03895],[128.23572,35.03904],[128.23567,35.03908],[128.23562,35.0391],[128.23539,35.0392],[128.23497,35.03936],[128.23476,35.03944],[128.23456,35.03955],[128.23429,35.03973],[128.23419,35.0398],[128.23404,35.0399],[128.23391,35.04002],[128.23375,35.04019],[128.2336,35.04042],[128.23345,35.04068],[128.2332,35.04115],[128.23311,35.04137],[128.23303,35.04171],[128.23255,35.04358],[128.23254,35.04368],[128.23343,35.04324],[128.23395,35.04302],[128.23432,35.04289],[128.23438,35.04287],[128.23496,35.04282],[128.23562,35.04283],[128.23704,35.04476],[128.23751,35.04564],[128.23772,35.04787],[128.2375,35.04888],[128.23707,35.0494],[128.23618,35.05026],[128.2344,35.05131],[128.23268,35.05262],[128.23179,35.0541],[128.23179,35.05421],[128.23177,35.05437],[128.23172,35.05461],[128.2314,35.05541],[128.23018,35.05749],[128.23014,35.05753],[128.23009,35.05759],[128.22976,35.05797],[128.2296,35.05812],[128.22947,35.05822],[128.2294,35.05827],[128.22925,35.05836],[128.22912,35.05844],[128.22863,35.05869],[128.22871,35.0613],[128.23439,35.06091],[128.23468,35.06231],[128.23475,35.06255],[128.23487,35.0628],[128.23497,35.06297],[128.23508,35.0631],[128.23803,35.06644],[128.23811,35.06653],[128.23823,35.06663],[128.23836,35.06671],[128.23863,35.06683],[128.2391,35.06702],[128.23951,35.06716],[128.23985,35.06725],[128.24011,35.0673],[128.24058,35.06738],[128.24099,35.06745],[128.24164,35.06752],[128.24241,35.0676],[128.24287,35.06763],[128.24303,35.06762],[128.24322,35.06759],[128.24343,35.06754],[128.24404,35.06737],[128.24429,35.0673],[128.24444,35.06728],[128.24469,35.06729],[128.24474,35.06729],[128.24515,35.0673],[128.24811,35.06753],[128.24974,35.06777],[128.25004,35.06782],[128.2502,35.06785],[128.25031,35.06788],[128.25048,35.06794],[128.25066,35.06805],[128.25091,35.0682],[128.25107,35.06828],[128.25125,35.06833],[128.2514,35.06835],[128.25149,35.06836],[128.25284,35.06833],[128.25315,35.06831],[128.25343,35.06828],[128.25488,35.06802],[128.25507,35.06798],[128.25519,35.06794],[128.25581,35.06771],[128.2559,35.06767],[128.256,35.0676],[128.25612,35.06751],[128.25619,35.06745],[128.25893,35.06604]]]]}},{"type":"Feature","properties":{"code":"48820360","name":"영현면","parent":"48820"},"geometry":{"type":"MultiPolygon","coordinates":[[[[128.23881,35.08227],[128.23909,35.08227],[128.23931,35.08224],[128.23952,35.08216],[128.23974,35.08206],[128.23989,35.08194],[128.24007,35.08175],[128.24049,35.08118],[128.24093,35.08056],[128.24106,35.08038],[128.24124,35.08],[128.24136,35.07981],[128.24154,35.07961],[128.24177,35.07939],[128.24195,35.07926],[128.24214,35.07919],[128.24355,35.07868],[128.24394,35.07857],[128.24415,35.07855],[128.24904,35.07815],[128.24934,35.07815],[128.2524,35.07817],[128.25252,35.07818],[128.25275,35.07819],[128.2529,35.07821],[128.25318,35.07827],[128.25375,35.0784],[128.25404,35.07846],[128.25652,35.0769],[128.25801,35.07433],[128.25813,35.07413],[128.25826,35.07395],[128.25854,35.0736],[128.25907,35.07303],[128.25924,35.07286],[128.25949,35.0726],[128.25967,35.07244],[128.26002,35.07213],[128.26058,35.07165],[128.26084,35.07146],[128.26118,35.07123],[128.26137,35.07111],[128.26166,35.07093],[128.26189,35.07077],[128.26205,35.07064],[128.26217,35.07054],[128.26231,35.07041],[128.26248,35.07023],[128.26256,35.07013],[128.26263,35.07],[128.26265,35.06992],[128.26267,35.06983],[128.26266,35.06979],[128.26162,35.06876],[128.26152,35.06866],[128.26137,35.06854],[128.26117,35.06841],[128.25978,35.0671],[128.25893,35.06604],[128.25619,35.06745],[128.25612,35.06751],[128.256,35.0676],[128.2559,35.06767],[128.25581,35.06771],[128.25519,35.06794],[128.25507,35.06798],[128.25488,35.06802],[128.25343,35.06828],[128.25315,35.06831],[128.25284,35.06833],[128.25149,35.06836],[128.2514,35.06835],[128.25125,35.06833],[128.25107,35.06828],[128.25091,35.0682],[128.25066,35.06805],[128.25048,35.06794],[128.25031,35.06788],[128.2502,35.06785],[128.25004,35.06782],[128.24974,35.06777],[128.24811,35.06753],[128.24515,35.0673],[128.24474,35.06729],[128.24469,35.06729],[128.24444,35.06728],[128.24429,35.0673],[128.24404,35.06737],[128.24343,35.06754],[128.24322,35.06759],[128.24303,35.06762],[128.24287,35.06763],[128.24241,35.0676],[128.24164,35.06752],[128.24099,35.06745],[128.24058,35.06738],[128.24011,35.0673],[128.23985,35.06725],[128.23951,35.06716],[128.2391,35.06702],[128.23863,35.06683],[128.23836,35.06671],[128.23823,35.06663],[128.23811,35.06653],[128.23803,35.06644],[128.23508,35.0631],[128.23497,35.06297],[128.23487,35.0628],[128.23475,35.06255],[128.23468,35.06231],[128.23439,35.06091],[128.22871,35.0613],[128.22863,35.05869],[128.22912,35.05844],[128.22925,35.05836],[128.2294,35.05827],[128.22947,35.05822],[128.2296,35.05812],[128.22976,35.05797],[128.23009,35.05759],[128.23014,35.05753],[128.23018,35.05749],[128.2314,35.05541],[128.23172,35.05461],[128.23177,35.05437],[128.23179,35.05421],[128.23179,35.0541],[128.23268,35.05262],[128.2344,35.05131],[128.23618,35.05026],[128.23707,35.0494],[128.2375,35.04888],[128.23772,35.04787],[128.23751,35.04564],[128.23704,35.04476],[128.23562,35.04283],[128.23496,35.04282],[128.23438,35.04287],[128.23432,35.04289],[128.23395,35.04302],[128.23343,35.04324],[128.23254,35.04368],[128.23255,35.04358],[128.23303,35.04171],[128.23311,35.04137],[128.2332,35.04115],[128.23345,35.04068],[128.2336,35.04042],[128.23375,35.04019],[128.23391,35.04002],[128.23404,35.0399],[128.23419,35.0398],[128.23429,35.03973],[128.23456,35.03955],[128.23476,35.03944],[128.23497,35.03936],[128.23539,35.0392],[128.23562,35.0391],[128.23567,35.03908],[128.23572,35.03904],[128.23577,35.03895],[128.2358,35.03883],[128.23584,35.03818],[128.23586,35.03794],[128.23578,35.03528],[128.23576,35.03504],[128.23572,35.03472],[128.23518,35.03168],[128.23516,35.03156],[128.23511,35.03145],[128.23443,35.02999],[128.23375,35.02856],[128.23365,35.02837],[128.23336,35.02775],[128.2333,35.02757],[128.23328,35.02747],[128.23329,35.02742],[128.23332,35.02736],[128.2357,35.02284],[128.23578,35.02276],[128.23594,35.02263],[128.23696,35.02203],[128.23713,35.02195],[128.23726,35.02189],[128.23873,35.02132],[128.24105,35.01907],[128.2401,35.01666],[128.24007,35.01654],[128.24007,35.01634],[128.24011,35.01615],[128.24019,35.01595],[128.24039,35.0156],[128.24058,35.01527],[128.24083,35.01492],[128.24095,35.01473],[128.24104,35.01451],[128.24107,35.01428],[128.2411,35.01391],[128.24108,35.01339],[128.24106,35.01302],[128.24102,35.01265],[128.24096,35.0123],[128.24089,35.01203],[128.24075,35.01164],[128.24023,35.01051],[128.24011,35.0103],[128.23999,35.01016],[128.23986,35.01006],[128.23891,35.01102],[128.2335,35.01172],[128.23152,35.01128],[128.22854,35.00922],[128.22728,35.00663],[128.22716,35.00636],[128.22709,35.00614],[128.22704,35.00595],[128.22701,35.00574],[128.227,35.00552],[128.227,35.0052],[128.22701,35.00477],[128.22696,35.00458],[128.22689,35.00443],[128.22677,35.00426],[128.22659,35.00408],[128.2263,35.00384],[128.22602,35.00364],[128.22594,35.00361],[128.22591,35.00359],[128.22584,35.00357],[128.22572,35.00356],[128.22558,35.00359],[128.22512,35.00368],[128.22483,35.00377],[128.22462,35.00385],[128.22441,35.00396],[128.22104,35.00582],[128.2198,35.0066],[128.21966,35.0067],[128.21952,35.00686],[128.21943,35.00697],[128.21933,35.00718],[128.21922,35.0074],[128.21908,35.00763],[128.21899,35.00775],[128.21886,35.00789],[128.21872,35.008],[128.21792,35.00861],[128.2174,35.009],[128.21716,35.00915],[128.21698,35.00924],[128.21681,35.00931],[128.21645,35.00946],[128.21596,35.00965],[128.21565,35.00976],[128.21506,35.00996],[128.21476,35.01005],[128.21458,35.01008],[128.2145,35.01008],[128.21441,35.01006],[128.21429,35.01],[128.21421,35.00995],[128.21411,35.00986],[128.2138,35.00962],[128.21347,35.00939],[128.21336,35.00933],[128.21172,35.00854],[128.21151,35.00844],[128.21126,35.00834],[128.2111,35.00828],[128.21099,35.00826],[128.20734,35.00797],[128.2072,35.00797],[128.20698,35.00801],[128.20675,35.00808],[128.20663,35.00813],[128.20654,35.00819],[128.20647,35.00827],[128.20638,35.00844],[128.20491,35.01162],[128.20487,35.01174],[128.20484,35.01184],[128.20482,35.01199],[128.20482,35.01215],[128.20483,35.01227],[128.20485,35.01245],[128.20489,35.01269],[128.20491,35.013],[128.20492,35.01313],[128.2049,35.01323],[128.20487,35.01334],[128.20482,35.01347],[128.20332,35.01575],[128.20125,35.01999],[128.20028,35.02219],[128.20021,35.02232],[128.20012,35.02244],[128.2,35.02256],[128.19709,35.02509],[128.19691,35.02524],[128.19675,35.02534],[128.19662,35.02538],[128.19652,35.02539],[128.19624,35.02541],[128.19604,35.02545],[128.19591,35.0255],[128.19358,35.02715],[128.19352,35.0272],[128.19345,35.02732],[128.19331,35.02765],[128.19322,35.02791],[128.19318,35.02809],[128.19317,35.02814],[128.19315,35.02919],[128.19316,35.02929],[128.19319,35.02946],[128.19322,35.02957],[128.19336,35.02996],[128.19344,35.03015],[128.19355,35.0304],[128.19376,35.03081],[128.19383,35.03093],[128.19389,35.031],[128.19495,35.03206],[128.19514,35.03221],[128.19528,35.03232],[128.19542,35.03241],[128.19571,35.0326],[128.19624,35.03296],[128.19634,35.03303],[128.19649,35.03316],[128.19663,35.0333],[128.19688,35.03357],[128.19699,35.0337],[128.19715,35.03394],[128.19733,35.03421],[128.19761,35.03468],[128.19771,35.0349],[128.19772,35.03494],[128.19771,35.03499],[128.19657,35.03969],[128.19655,35.03973],[128.19305,35.04456],[128.193,35.04462],[128.19196,35.04546],[128.1919,35.04551],[128.19178,35.04558],[128.1917,35.04562],[128.19158,35.04566],[128.18951,35.04639],[128.18886,35.04642],[128.18878,35.04644],[128.18869,35.04647],[128.18841,35.04659],[128.18795,35.04679],[128.18779,35.04687],[128.1877,35.04693],[128.18758,35.04702],[128.18661,35.04784],[128.18656,35.04789],[128.18468,35.04979],[128.18463,35.04985],[128.18461,35.0499],[128.18458,35.04997],[128.18457,35.0501],[128.18456,35.0503],[128.18632,35.05153],[128.18753,35.05228],[128.18889,35.05311],[128.19122,35.05634],[128.19375,35.06038],[128.19452,35.06345],[128.19454,35.06349],[128.19518,35.0641],[128.19721,35.06596],[128.19729,35.06602],[128.20212,35.06942],[128.20464,35.07082],[128.20538,35.07119],[128.20652,35.07166],[128.20685,35.07177],[128.20714,35.07186],[128.20738,35.0719],[128.20783,35.07195],[128.20806,35.07197],[128.20829,35.07197],[128.20846,35.07196],[128.20868,35.07193],[128.20879,35.07194],[128.20895,35.07198],[128.2093,35.07209],[128.20983,35.07235],[128.21028,35.07261],[128.2105,35.07276],[128.21068,35.07293],[128.21093,35.07321],[128.21113,35.07351],[128.21124,35.07372],[128.21129,35.07386],[128.21131,35.0741],[128.21128,35.07425],[128.21125,35.07437],[128.21106,35.07505],[128.21095,35.07528],[128.21084,35.07544],[128.21074,35.07555],[128.21064,35.07563],[128.2105,35.07567],[128.21003,35.07575],[128.20912,35.07585],[128.20892,35.07587],[128.2087,35.07589],[128.20852,35.07589],[128.20714,35.07584],[128.20675,35.07576],[128.20662,35.07573],[128.20652,35.07572],[128.20631,35.07571],[128.20598,35.07572],[128.20496,35.07577],[128.20477,35.07581],[128.2045,35.07589],[128.20416,35.07602],[128.20373,35.07624],[128.20334,35.07649],[128.20315,35.07666],[128.20183,35.07784],[128.20176,35.07791],[128.20171,35.07804],[128.2017,35.07809],[128.20158,35.07964],[128.20178,35.08102],[128.20216,35.08215],[128.20325,35.0828],[128.20446,35.08341],[128.20525,35.08374],[128.2069,35.08416],[128.20808,35.08432],[128.21887,35.08525],[128.21894,35.08525],[128.22441,35.08502],[128.2252,35.08496],[128.22583,35.08493],[128.22615,35.08488],[128.22621,35.08486],[128.22894,35.08357],[128.23076,35.08252],[128.23082,35.08247],[128.23101,35.08242],[128.23446,35.08149],[128.23466,35.08145],[128.23486,35.08141],[128.23509,35.08139],[128.23533,35.08141],[128.23623,35.08149],[128.23732,35.0817],[128.23771,35.08182],[128.2383,35.082],[128.23861,35.08211],[128.23873,35.08219],[128.23881,35.08227]]]]}},{"type":"Feature","properties":{"code":"48820370","name":"영오면","parent":"48820"},"geometry":{"type":"MultiPolygon","coordinates":[[[[128.23881,35.08227],[128.23873,35.08219],[128.23861,35.08211],[128.2383,35.082],[128.23771,35.08182],[128.23732,35.0817],[128.23623,35.08149],[128.23533,35.08141],[128.23509,35.08139],[128.23486,35.08141],[128.23466,35.08145],[128.23446,35.08149],[128.23101,35.08242],[128.23082,35.08247],[128.23076,35.08252],[128.22894,35.08357],[128.22621,35.08486],[128.22615,35.08488],[128.22583,35.08493],[128.2252,35.08496],[128.22441,35.08502],[128.21894,35.08525],[128.21887,35.08525],[128.20808,35.08432],[128.2069,35.08416],[128.20525,35.08374],[128.20446,35.08341],[128.20325,35.0828],[128.20216,35.08215],[128.20178,35.08102],[128.20158,35.07964],[128.2017,35.07809],[128.20171,35.07804],[128.20176,35.07791],[128.20183,35.07784],[128.20315,35.07666],[128.20233,35.07656],[128.20151,35.07649],[128.19748,35.0762],[128.19732,35.0762],[128.19696,35.07622],[128.19681,35.07624],[128.19668,35.07627],[128.19644,35.07637],[128.19604,35.07653],[128.19576,35.07666],[128.19503,35.07697],[128.1943,35.07717],[128.1942,35.07719],[128.19385,35.07724],[128.19362,35.07725],[128.19325,35.07725],[128.19311,35.07724],[128.19301,35.07723],[128.19278,35.07718],[128.19234,35.07706],[128.19144,35.07678],[128.19077,35.07664],[128.19072,35.07664],[128.19066,35.07666],[128.19063,35.07666],[128.1906,35.07667],[128.19056,35.07669],[128.19052,35.07676],[128.18998,35.07791],[128.18973,35.0786],[128.18917,35.08019],[128.189,35.0807],[128.18864,35.0819],[128.18854,35.08232],[128.18852,35.08254],[128.18852,35.08257],[128.18852,35.08278],[128.18859,35.08328],[128.18868,35.08371],[128.18885,35.0842],[128.18896,35.08467],[128.18903,35.08502],[128.18773,35.0879],[128.18746,35.08824],[128.18738,35.08835],[128.18737,35.08854],[128.18754,35.08939],[128.18841,35.09302],[128.18918,35.09522],[128.18927,35.09545],[128.18929,35.09549],[128.18945,35.09573],[128.18958,35.09589],[128.19088,35.09748],[128.1916,35.09805],[128.19185,35.09779],[128.19374,35.09636],[128.1944,35.09603],[128.1948,35.09586],[128.19505,35.09578],[128.19562,35.09573],[128.1962,35.09571],[128.19656,35.09573],[128.1968,35.09579],[128.19705,35.09591],[128.19721,35.09605],[128.19917,35.09806],[128.20028,35.09937],[128.20073,35.09994],[128.20083,35.10008],[128.20087,35.10019],[128.2009,35.10031],[128.2009,35.10043],[128.20088,35.10055],[128.20036,35.10213],[128.20023,35.10244],[128.20016,35.10256],[128.20012,35.10262],[128.20006,35.10269],[128.19998,35.10276],[128.19989,35.10282],[128.19984,35.10285],[128.19918,35.10318],[128.19897,35.10327],[128.19865,35.10337],[128.1985,35.10342],[128.19841,35.10348],[128.19835,35.10352],[128.19831,35.10357],[128.19831,35.10365],[128.19834,35.10374],[128.20011,35.1076],[128.20016,35.10772],[128.20028,35.10786],[128.20037,35.10793],[128.20047,35.10799],[128.20056,35.10803],[128.20667,35.11118],[128.20934,35.11415],[128.21093,35.11512],[128.21104,35.11499],[128.21116,35.11487],[128.21128,35.11476],[128.21142,35.11465],[128.21174,35.1144],[128.21181,35.11435],[128.21191,35.11428],[128.212,35.11424],[128.21211,35.1142],[128.21226,35.11416],[128.21236,35.11414],[128.2125,35.11412],[128.21269,35.11409],[128.21284,35.11408],[128.22414,35.1136],[128.22658,35.1138],[128.22684,35.11385],[128.22712,35.1139],[128.22732,35.11397],[128.22747,35.11403],[128.22756,35.11408],[128.22764,35.11417],[128.2277,35.11426],[128.22826,35.1156],[128.22868,35.11699],[128.23224,35.11745],[128.23435,35.11696],[128.2414,35.12087],[128.24146,35.12091],[128.24151,35.12095],[128.24155,35.121],[128.24169,35.12125],[128.24174,35.12138],[128.24256,35.12385],[128.24288,35.12553],[128.24118,35.12651],[128.24254,35.12615],[128.24551,35.12678],[128.24559,35.12679],[128.24612,35.12692],[128.24669,35.12726],[128.24737,35.12847],[128.24768,35.1282],[128.24781,35.12808],[128.24797,35.12801],[128.24805,35.12797],[128.24822,35.12789],[128.24841,35.12783],[128.24862,35.12777],[128.24875,35.12775],[128.2488,35.12774],[128.25618,35.12669],[128.25624,35.12671],[128.25644,35.1268],[128.25674,35.12701],[128.25684,35.12709],[128.25695,35.12721],[128.25707,35.12737],[128.25724,35.12759],[128.25735,35.12772],[128.25743,35.12781],[128.25757,35.12794],[128.25781,35.12808],[128.25815,35.12822],[128.25838,35.12829],[128.25852,35.12833],[128.2586,35.12834],[128.25872,35.12835],[128.26002,35.12828],[128.26021,35.12827],[128.26028,35.12826],[128.26053,35.12819],[128.26169,35.12774],[128.26209,35.12752],[128.26245,35.12728],[128.26256,35.1272],[128.26262,35.12717],[128.2627,35.12715],[128.26285,35.12712],[128.26343,35.12705],[128.26367,35.12704],[128.26391,35.12706],[128.26397,35.12708],[128.26647,35.12846],[128.26804,35.12952],[128.26848,35.12982],[128.26864,35.12996],[128.26876,35.13014],[128.26883,35.13026],[128.26957,35.13172],[128.27242,35.13179],[128.27257,35.12949],[128.27259,35.1293],[128.27263,35.12915],[128.27265,35.12911],[128.27383,35.12808],[128.27413,35.12793],[128.27417,35.12791],[128.27437,35.12788],[128.27496,35.12786],[128.27638,35.12778],[128.27646,35.12775],[128.27655,35.1277],[128.27667,35.12759],[128.27695,35.12724],[128.27745,35.12648],[128.27767,35.12586],[128.27774,35.12564],[128.27773,35.12533],[128.2777,35.12511],[128.27677,35.12238],[128.27669,35.12214],[128.27621,35.12137],[128.27578,35.12071],[128.27566,35.12046],[128.27536,35.11863],[128.27537,35.11854],[128.27537,35.11846],[128.27542,35.11835],[128.27546,35.11826],[128.27565,35.11805],[128.27584,35.11792],[128.27603,35.11784],[128.27625,35.11781],[128.27653,35.11779],[128.2768,35.11774],[128.27701,35.11766],[128.27717,35.11758],[128.27724,35.11751],[128.27732,35.11736],[128.27796,35.1153],[128.27802,35.11497],[128.27807,35.11462],[128.27809,35.11428],[128.27804,35.11389],[128.27794,35.11343],[128.27785,35.11319],[128.2777,35.113],[128.27752,35.11285],[128.27729,35.11273],[128.27703,35.11261],[128.27636,35.11236],[128.27621,35.11233],[128.2758,35.11229],[128.27526,35.11228],[128.27514,35.11229],[128.27494,35.11234],[128.27479,35.1124],[128.27442,35.11268],[128.27419,35.11283],[128.27393,35.11297],[128.27364,35.1131],[128.27339,35.11319],[128.27281,35.11338],[128.27231,35.11334],[128.27199,35.11329],[128.27127,35.11311],[128.27114,35.11306],[128.26979,35.11254],[128.26873,35.11199],[128.26719,35.11118],[128.26589,35.11021],[128.26462,35.10908],[128.2621,35.10732],[128.25684,35.10414],[128.25674,35.1041],[128.25469,35.10377],[128.25457,35.10377],[128.25443,35.10378],[128.25429,35.10379],[128.25358,35.10394],[128.25333,35.104],[128.25324,35.10403],[128.25311,35.1041],[128.25302,35.10416],[128.25292,35.10425],[128.25274,35.10443],[128.25262,35.10454],[128.25251,35.10462],[128.25152,35.10516],[128.25133,35.10524],[128.2511,35.10529],[128.25093,35.10531],[128.2444,35.10611],[128.24432,35.10612],[128.24425,35.10611],[128.24413,35.10607],[128.2431,35.10573],[128.24147,35.10491],[128.23938,35.10313],[128.23936,35.10308],[128.23934,35.10293],[128.23929,35.10009],[128.23939,35.09977],[128.24072,35.09718],[128.24175,35.09535],[128.24182,35.09529],[128.24241,35.09474],[128.24247,35.09469],[128.24398,35.09366],[128.24416,35.09357],[128.24489,35.0919],[128.24379,35.08801],[128.24338,35.08711],[128.24323,35.08693],[128.24209,35.08546],[128.24191,35.08532],[128.24163,35.08519],[128.24137,35.08514],[128.24112,35.0851],[128.2408,35.08508],[128.2403,35.08502],[128.24023,35.08499],[128.23947,35.08456],[128.2394,35.0845],[128.23888,35.08326],[128.23881,35.08227]]]]}},{"type":"Feature","properties":{"code":"48820380","name":"개천면","parent":"48820"},"geometry":{"type":"MultiPolygon","coordinates":[[[[128.30405,35.1271],[128.30563,35.12573],[128.30576,35.12564],[128.30589,35.12556],[128.30598,35.12551],[128.30608,35.12548],[128.30656,35.1253],[128.30676,35.12523],[128.30682,35.12521],[128.3069,35.1252],[128.30696,35.12521],[128.30905,35.12544],[128.30919,35.12546],[128.3126,35.12651],[128.31269,35.12654],[128.31384,35.12723],[128.31391,35.12728],[128.31398,35.12735],[128.31407,35.12745],[128.31434,35.12782],[128.31443,35.12797],[128.31449,35.12808],[128.31458,35.12844],[128.31461,35.12861],[128.31465,35.12868],[128.31471,35.12878],[128.31513,35.12908],[128.31571,35.12947],[128.31585,35.12953],[128.31594,35.12955],[128.31604,35.12953],[128.31961,35.12892],[128.31997,35.12882],[128.32028,35.12875],[128.32039,35.12873],[128.3205,35.12874],[128.32077,35.1288],[128.32112,35.12893],[128.32197,35.12939],[128.32229,35.1296],[128.32406,35.12848],[128.32532,35.12698],[128.32808,35.12435],[128.33029,35.12426],[128.33283,35.12449],[128.33373,35.12466],[128.33387,35.12471],[128.33401,35.12478],[128.33419,35.1249],[128.33428,35.12499],[128.33449,35.1253],[128.33464,35.12551],[128.33477,35.12566],[128.3359,35.12679],[128.3364,35.12716],[128.33648,35.12721],[128.33816,35.1279],[128.33825,35.12792],[128.33833,35.12792],[128.339,35.12747],[128.33949,35.12709],[128.33959,35.12704],[128.33969,35.12701],[128.34078,35.12681],[128.34111,35.12677],[128.34154,35.12673],[128.3418,35.12671],[128.34212,35.12671],[128.34252,35.12674],[128.34596,35.12687],[128.34795,35.12684],[128.34833,35.12619],[128.349,35.12556],[128.34981,35.125],[128.35007,35.12479],[128.3503,35.12456],[128.35072,35.1241],[128.35103,35.12364],[128.34939,35.12211],[128.34909,35.12185],[128.34872,35.12156],[128.34859,35.1215],[128.3478,35.12127],[128.34746,35.1212],[128.34736,35.12119],[128.3462,35.12129],[128.34613,35.1213],[128.346,35.12133],[128.34591,35.12136],[128.34582,35.12141],[128.34566,35.12151],[128.34559,35.12155],[128.34554,35.12156],[128.34546,35.12158],[128.34475,35.12162],[128.34294,35.12135],[128.34282,35.12133],[128.34067,35.12039],[128.34058,35.12034],[128.34047,35.12029],[128.33768,35.11801],[128.33753,35.11787],[128.33737,35.1177],[128.33381,35.11344],[128.33271,35.11203],[128.33267,35.11197],[128.33263,35.11189],[128.33262,35.11181],[128.33262,35.11175],[128.33264,35.11168],[128.3327,35.1115],[128.33276,35.11137],[128.33285,35.11124],[128.33304,35.11102],[128.33329,35.11069],[128.33358,35.11027],[128.33364,35.11012],[128.33365,35.10999],[128.33365,35.10987],[128.33363,35.10986],[128.33277,35.10931],[128.33227,35.10903],[128.33199,35.10889],[128.33178,35.1088],[128.33158,35.10873],[128.33129,35.10865],[128.33096,35.10858],[128.3307,35.10854],[128.33058,35.10854],[128.33044,35.10853],[128.32606,35.1089],[128.3239,35.11024],[128.32364,35.11038],[128.32206,35.11095],[128.32197,35.11097],[128.32181,35.11099],[128.32169,35.11098],[128.31099,35.10554],[128.30656,35.10292],[128.30653,35.10288],[128.30536,35.10017],[128.3053,35.10003],[128.30526,35.09988],[128.30525,35.09975],[128.30526,35.09968],[128.3053,35.09961],[128.30545,35.09946],[128.30615,35.0988],[128.30631,35.09869],[128.30653,35.09853],[128.30658,35.09851],[128.30664,35.0985],[128.30674,35.0985],[128.3069,35.0985],[128.30718,35.09851],[128.30737,35.09851],[128.3076,35.0985],[128.3079,35.09847],[128.30836,35.0984],[128.3088,35.09831],[128.30896,35.09826],[128.30926,35.09816],[128.30939,35.0981],[128.30947,35.09805],[128.30966,35.09786],[128.30992,35.09761],[128.31007,35.09742],[128.31067,35.09671],[128.31073,35.09659],[128.31338,35.09113],[128.31341,35.09105],[128.31344,35.09096],[128.31344,35.09091],[128.31344,35.09085],[128.31343,35.09081],[128.31341,35.09076],[128.31334,35.09068],[128.3132,35.09057],[128.31305,35.09049],[128.31288,35.09043],[128.31272,35.09039],[128.31245,35.09033],[128.31161,35.09016],[128.31124,35.09009],[128.31108,35.09006],[128.31096,35.09003],[128.31066,35.08995],[128.31046,35.08989],[128.31036,35.08984],[128.31028,35.08978],[128.309,35.08894],[128.30853,35.08845],[128.3083,35.08735],[128.30829,35.08729],[128.3083,35.08723],[128.30875,35.08577],[128.30919,35.0847],[128.30963,35.08194],[128.30952,35.08052],[128.30949,35.0803],[128.30946,35.08019],[128.30897,35.07809],[128.30862,35.0772],[128.30747,35.07533],[128.30739,35.07521],[128.30712,35.07492],[128.30493,35.07326],[128.30276,35.07251],[128.30057,35.07249],[128.29827,35.07219],[128.29448,35.07164],[128.29444,35.07163],[128.28752,35.06748],[128.28723,35.06729],[128.28702,35.06712],[128.28677,35.06689],[128.28659,35.06671],[128.28636,35.06643],[128.28624,35.06623],[128.28621,35.06616],[128.28619,35.06597],[128.28605,35.06435],[128.28605,35.06424],[128.28609,35.06409],[128.28613,35.06399],[128.28624,35.06379],[128.28643,35.06351],[128.28714,35.06264],[128.2872,35.06259],[128.28909,35.06056],[128.29062,35.0583],[128.29068,35.0582],[128.29072,35.05807],[128.29074,35.05795],[128.2908,35.05684],[128.29081,35.05653],[128.29077,35.05627],[128.29072,35.05607],[128.2906,35.05586],[128.28994,35.05473],[128.2898,35.05451],[128.28966,35.05433],[128.28946,35.05415],[128.28403,35.05078],[128.28378,35.05064],[128.28346,35.0505],[128.28209,35.04999],[128.28112,35.05022],[128.27803,35.0519],[128.27788,35.05199],[128.27768,35.05214],[128.27767,35.05216],[128.27765,35.05318],[128.27765,35.05442],[128.27764,35.05461],[128.27747,35.05533],[128.27734,35.05582],[128.27631,35.05837],[128.27622,35.05851],[128.2761,35.05866],[128.27467,35.0603],[128.27458,35.06038],[128.27451,35.06042],[128.27437,35.06049],[128.26881,35.06158],[128.26864,35.06161],[128.26834,35.06163],[128.26808,35.06163],[128.26774,35.0616],[128.26759,35.06158],[128.26735,35.06152],[128.26708,35.06143],[128.26691,35.0614],[128.26683,35.06139],[128.26675,35.0614],[128.26667,35.06142],[128.26531,35.06172],[128.265,35.0618],[128.26252,35.06255],[128.26237,35.06262],[128.26072,35.06377],[128.25966,35.06465],[128.25952,35.06479],[128.25939,35.06492],[128.25933,35.065],[128.2593,35.06506],[128.25893,35.06604],[128.25978,35.0671],[128.26117,35.06841],[128.26137,35.06854],[128.26152,35.06866],[128.26162,35.06876],[128.26266,35.06979],[128.26267,35.06983],[128.26265,35.06992],[128.26263,35.07],[128.26256,35.07013],[128.26248,35.07023],[128.26231,35.07041],[128.26217,35.07054],[128.26205,35.07064],[128.26189,35.07077],[128.26166,35.07093],[128.26137,35.07111],[128.26118,35.07123],[128.26084,35.07146],[128.26058,35.07165],[128.26002,35.07213],[128.25967,35.07244],[128.25949,35.0726],[128.25924,35.07286],[128.25907,35.07303],[128.25854,35.0736],[128.25826,35.07395],[128.25813,35.07413],[128.25801,35.07433],[128.25652,35.0769],[128.25404,35.07846],[128.25375,35.0784],[128.25318,35.07827],[128.2529,35.07821],[128.25275,35.07819],[128.25252,35.07818],[128.2524,35.07817],[128.24934,35.07815],[128.24904,35.07815],[128.24415,35.07855],[128.24394,35.07857],[128.24355,35.07868],[128.24214,35.07919],[128.24195,35.07926],[128.24177,35.07939],[128.24154,35.07961],[128.24136,35.07981],[128.24124,35.08],[128.24106,35.08038],[128.24093,35.08056],[128.24049,35.08118],[128.24007,35.08175],[128.23989,35.08194],[128.23974,35.08206],[128.23952,35.08216],[128.23931,35.08224],[128.23909,35.08227],[128.23881,35.08227],[128.23888,35.08326],[128.2394,35.0845],[128.23947,35.08456],[128.24023,35.08499],[128.2403,35.08502],[128.2408,35.08508],[128.24112,35.0851],[128.24137,35.08514],[128.24163,35.08519],[128.24191,35.08532],[128.24209,35.08546],[128.24323,35.08693],[128.24338,35.08711],[128.24379,35.08801],[128.24489,35.0919],[128.24416,35.09357],[128.24398,35.09366],[128.24247,35.09469],[128.24241,35.09474],[128.24182,35.09529],[128.24175,35.09535],[128.24072,35.09718],[128.23939,35.09977],[128.23929,35.10009],[128.23934,35.10293],[128.23936,35.10308],[128.23938,35.10313],[128.24147,35.10491],[128.2431,35.10573],[128.24413,35.10607],[128.24425,35.10611],[128.24432,35.10612],[128.2444,35.10611],[128.25093,35.10531],[128.2511,35.10529],[128.25133,35.10524],[128.25152,35.10516],[128.25251,35.10462],[128.25262,35.10454],[128.25274,35.10443],[128.25292,35.10425],[128.25302,35.10416],[128.25311,35.1041],[128.25324,35.10403],[128.25333,35.104],[128.25358,35.10394],[128.25429,35.10379],[128.25443,35.10378],[128.25457,35.10377],[128.25469,35.10377],[128.25674,35.1041],[128.25684,35.10414],[128.2621,35.10732],[128.26462,35.10908],[128.26589,35.11021],[128.26719,35.11118],[128.26873,35.11199],[128.26979,35.11254],[128.27114,35.11306],[128.27127,35.11311],[128.27199,35.11329],[128.27231,35.11334],[128.27281,35.11338],[128.27339,35.11319],[128.27364,35.1131],[128.27393,35.11297],[128.27419,35.11283],[128.27442,35.11268],[128.27479,35.1124],[128.27494,35.11234],[128.27514,35.11229],[128.27526,35.11228],[128.2758,35.11229],[128.27621,35.11233],[128.27636,35.11236],[128.27703,35.11261],[128.27729,35.11273],[128.27752,35.11285],[128.2777,35.113],[128.27785,35.11319],[128.27794,35.11343],[128.27804,35.11389],[128.27809,35.11428],[128.27807,35.11462],[128.27802,35.11497],[128.27796,35.1153],[128.27732,35.11736],[128.27724,35.11751],[128.27717,35.11758],[128.27701,35.11766],[128.2768,35.11774],[128.27653,35.11779],[128.27625,35.11781],[128.27603,35.11784],[128.27584,35.11792],[128.27565,35.11805],[128.27546,35.11826],[128.27542,35.11835],[128.27537,35.11846],[128.27537,35.11854],[128.27536,35.11863],[128.27566,35.12046],[128.27578,35.12071],[128.27621,35.12137],[128.27669,35.12214],[128.27677,35.12238],[128.2777,35.12511],[128.27773,35.12533],[128.27774,35.12564],[128.27767,35.12586],[128.27745,35.12648],[128.27695,35.12724],[128.27667,35.12759],[128.27655,35.1277],[128.27646,35.12775],[128.27638,35.12778],[128.27496,35.12786],[128.27437,35.12788],[128.27417,35.12791],[128.27413,35.12793],[128.27383,35.12808],[128.27265,35.12911],[128.27263,35.12915],[128.27259,35.1293],[128.27257,35.12949],[128.27242,35.13179],[128.27447,35.13213],[128.27616,35.1318],[128.28288,35.13139],[128.2878,35.13129],[128.28892,35.13142],[128.28896,35.13141],[128.28905,35.13139],[128.29127,35.13076],[128.29139,35.13072],[128.2916,35.13062],[128.29518,35.12878],[128.29525,35.12874],[128.29627,35.1281],[128.29705,35.12758],[128.29839,35.12659],[128.29981,35.12553],[128.29986,35.12551],[128.29999,35.1255],[128.3002,35.12554],[128.30132,35.12576],[128.30157,35.12588],[128.30405,35.1271]]]]}},{"type":"Feature","properties":{"code":"48820390","name":"구만면","parent":"48820"},"geometry":{"type":"MultiPolygon","coordinates":[[[[128.36683,35.10882],[128.3664,35.10796],[128.3662,35.10755],[128.36597,35.10699],[128.36582,35.10662],[128.36568,35.1061],[128.3656,35.10574],[128.36507,35.10298],[128.36396,35.09891],[128.36268,35.0943],[128.36263,35.0942],[128.3626,35.09413],[128.36253,35.09407],[128.36241,35.09398],[128.36168,35.09348],[128.36155,35.09342],[128.36036,35.09312],[128.36012,35.09307],[128.35999,35.09306],[128.35972,35.09309],[128.35935,35.09318],[128.35917,35.09319],[128.35899,35.09319],[128.35833,35.09309],[128.35824,35.09307],[128.35819,35.09305],[128.35791,35.0929],[128.35762,35.09271],[128.35754,35.09263],[128.35745,35.09244],[128.3574,35.09221],[128.35743,35.09208],[128.3582,35.08917],[128.35856,35.08852],[128.3587,35.08819],[128.3588,35.08795],[128.35945,35.08595],[128.35948,35.08585],[128.35922,35.08437],[128.35919,35.08426],[128.35907,35.08388],[128.35896,35.08367],[128.35848,35.08304],[128.35753,35.08043],[128.3575,35.08022],[128.35717,35.07818],[128.35716,35.07462],[128.35719,35.07448],[128.35727,35.07434],[128.35737,35.07426],[128.35759,35.07417],[128.35772,35.07413],[128.35782,35.07404],[128.358,35.07376],[128.358,35.0737],[128.35785,35.07304],[128.35514,35.06861],[128.35528,35.06833],[128.35541,35.06801],[128.35544,35.0679],[128.35562,35.06658],[128.35563,35.06636],[128.3553,35.06442],[128.35527,35.06432],[128.35521,35.06423],[128.35436,35.06343],[128.35364,35.06278],[128.35303,35.06231],[128.3523,35.0618],[128.35202,35.06161],[128.35091,35.0621],[128.35068,35.06223],[128.35059,35.06231],[128.34903,35.06393],[128.34415,35.06782],[128.34407,35.06787],[128.34399,35.06789],[128.3438,35.0679],[128.34358,35.06793],[128.34326,35.06801],[128.34294,35.06809],[128.34265,35.06819],[128.34103,35.06884],[128.3409,35.0689],[128.33726,35.07038],[128.33711,35.07044],[128.33695,35.07053],[128.33544,35.07144],[128.3346,35.07199],[128.33447,35.07208],[128.33005,35.07126],[128.32987,35.07118],[128.32979,35.07116],[128.32972,35.07115],[128.32749,35.07162],[128.32733,35.07166],[128.32719,35.0717],[128.32707,35.07176],[128.32013,35.07552],[128.31998,35.0756],[128.3198,35.07576],[128.31973,35.07583],[128.31872,35.07694],[128.31868,35.07699],[128.31865,35.07705],[128.31861,35.07712],[128.31829,35.07855],[128.31822,35.07937],[128.31829,35.07972],[128.31832,35.07986],[128.31833,35.07997],[128.31831,35.08008],[128.31828,35.08015],[128.31821,35.08024],[128.31816,35.08032],[128.31808,35.08038],[128.31789,35.0805],[128.31688,35.08108],[128.31672,35.08117],[128.31661,35.08122],[128.31653,35.08124],[128.31642,35.08127],[128.31444,35.08155],[128.3142,35.08158],[128.31334,35.08163],[128.31325,35.08163],[128.31312,35.08163],[128.313,35.08162],[128.31115,35.08126],[128.30963,35.08194],[128.30919,35.0847],[128.30875,35.08577],[128.3083,35.08723],[128.30829,35.08729],[128.3083,35.08735],[128.30853,35.08845],[128.309,35.08894],[128.31028,35.08978],[128.31036,35.08984],[128.31046,35.08989],[128.31066,35.08995],[128.31096,35.09003],[128.31108,35.09006],[128.31124,35.09009],[128.31161,35.09016],[128.31245,35.09033],[128.31272,35.09039],[128.31288,35.09043],[128.31305,35.09049],[128.3132,35.09057],[128.31334,35.09068],[128.31341,35.09076],[128.31343,35.09081],[128.31344,35.09085],[128.31344,35.09091],[128.31344,35.09096],[128.31341,35.09105],[128.31338,35.09113],[128.31073,35.09659],[128.31067,35.09671],[128.31007,35.09742],[128.30992,35.09761],[128.30966,35.09786],[128.30947,35.09805],[128.30939,35.0981],[128.30926,35.09816],[128.30896,35.09826],[128.3088,35.09831],[128.30836,35.0984],[128.3079,35.09847],[128.3076,35.0985],[128.30737,35.09851],[128.30718,35.09851],[128.3069,35.0985],[128.30674,35.0985],[128.30664,35.0985],[128.30658,35.09851],[128.30653,35.09853],[128.30631,35.09869],[128.30615,35.0988],[128.30545,35.09946],[128.3053,35.09961],[128.30526,35.09968],[128.30525,35.09975],[128.30526,35.09988],[128.3053,35.10003],[128.30536,35.10017],[128.30653,35.10288],[128.30656,35.10292],[128.31099,35.10554],[128.32169,35.11098],[128.32181,35.11099],[128.32197,35.11097],[128.32206,35.11095],[128.32364,35.11038],[128.3239,35.11024],[128.32606,35.1089],[128.33044,35.10853],[128.33058,35.10854],[128.3307,35.10854],[128.33096,35.10858],[128.33129,35.10865],[128.33158,35.10873],[128.33178,35.1088],[128.33199,35.10889],[128.33227,35.10903],[128.33277,35.10931],[128.33363,35.10986],[128.33365,35.10987],[128.33365,35.10999],[128.33364,35.11012],[128.33358,35.11027],[128.33329,35.11069],[128.33304,35.11102],[128.33285,35.11124],[128.33276,35.11137],[128.3327,35.1115],[128.33264,35.11168],[128.33262,35.11175],[128.33262,35.11181],[128.33263,35.11189],[128.33267,35.11197],[128.33271,35.11203],[128.33381,35.11344],[128.33737,35.1177],[128.33753,35.11787],[128.33768,35.11801],[128.34047,35.12029],[128.34058,35.12034],[128.34067,35.12039],[128.34282,35.12133],[128.34294,35.12135],[128.34475,35.12162],[128.34546,35.12158],[128.34554,35.12156],[128.34559,35.12155],[128.34566,35.12151],[128.34582,35.12141],[128.34591,35.12136],[128.346,35.12133],[128.34613,35.1213],[128.3462,35.12129],[128.34736,35.12119],[128.34746,35.1212],[128.3478,35.12127],[128.34859,35.1215],[128.34872,35.12156],[128.34909,35.12185],[128.34939,35.12211],[128.35103,35.12364],[128.35199,35.1213],[128.35202,35.12111],[128.35209,35.12089],[128.35261,35.11936],[128.35279,35.1191],[128.35304,35.11887],[128.35317,35.11878],[128.35337,35.11869],[128.35363,35.11861],[128.35372,35.11855],[128.35377,35.11851],[128.3538,35.11844],[128.3538,35.11831],[128.35294,35.11487],[128.35281,35.11462],[128.35267,35.11449],[128.35236,35.11422],[128.35192,35.11387],[128.35164,35.11362],[128.35012,35.11195],[128.35015,35.11188],[128.35024,35.1118],[128.35214,35.11029],[128.35248,35.11003],[128.35275,35.10984],[128.3529,35.10975],[128.35312,35.10967],[128.3575,35.10889],[128.35766,35.10904],[128.35774,35.1091],[128.35789,35.10915],[128.36023,35.1097],[128.36061,35.10975],[128.36084,35.10974],[128.361,35.10971],[128.36143,35.10954],[128.36207,35.10925],[128.36277,35.10889],[128.363,35.1088],[128.36496,35.10836],[128.36509,35.10836],[128.36524,35.10839],[128.36683,35.10882]]]]}},{"type":"Feature","properties":{"code":"48820400","name":"회화면","parent":"48820"},"geometry":{"type":"MultiPolygon","coordinates":[[[[128.42242,35.05629],[128.4216,35.05742],[128.42103,35.0577],[128.4203,35.05746],[128.41988,35.05721],[128.41969,35.05704],[128.41954,35.05688],[128.41944,35.05666],[128.41944,35.05654],[128.41961,35.0563],[128.41977,35.05606],[128.41977,35.05594],[128.41945,35.0549],[128.41941,35.05478],[128.41931,35.05473],[128.41778,35.05483],[128.4171,35.05492],[128.41524,35.05524],[128.41513,35.05531],[128.41504,35.05553],[128.41459,35.05679],[128.41464,35.05725],[128.41507,35.05776],[128.41534,35.05793],[128.41647,35.05839],[128.41673,35.05849],[128.41698,35.05875],[128.41742,35.05975],[128.41738,35.05989],[128.41593,35.06145],[128.41529,35.0621],[128.41208,35.06181],[128.41172,35.06177],[128.41151,35.06168],[128.41094,35.06126],[128.41034,35.06073],[128.41024,35.06039],[128.41026,35.06032],[128.41028,35.06025],[128.41028,35.06022],[128.41029,35.06018],[128.41029,35.06013],[128.41029,35.06006],[128.41028,35.05989],[128.41028,35.05984],[128.41019,35.05899],[128.41018,35.05895],[128.41017,35.05887],[128.41014,35.05874],[128.41013,35.05871],[128.41011,35.05867],[128.41009,35.05863],[128.41004,35.05856],[128.41003,35.05854],[128.41,35.05851],[128.40995,35.05847],[128.40992,35.05844],[128.40989,35.05842],[128.40976,35.05837],[128.40972,35.05835],[128.40962,35.05835],[128.40607,35.05837],[128.4031,35.05833],[128.4017,35.05584],[128.40157,35.05526],[128.40151,35.05509],[128.40149,35.05506],[128.40148,35.05503],[128.40145,35.05499],[128.40113,35.05466],[128.40109,35.05463],[128.40105,35.05461],[128.401,35.05459],[128.40096,35.05457],[128.39682,35.05316],[128.38944,35.05153],[128.38395,35.05056],[128.38365,35.05038],[128.38345,35.05009],[128.38349,35.04981],[128.3838,35.04841],[128.38368,35.04649],[128.38352,35.04611],[128.3831,35.04588],[128.38236,35.04589],[128.3812,35.04645],[128.38088,35.04671],[128.38081,35.04692],[128.381,35.0471],[128.38129,35.04724],[128.38052,35.04872],[128.3779,35.04948],[128.37561,35.04993],[128.37511,35.04991],[128.37465,35.04986],[128.37344,35.04964],[128.3735,35.04851],[128.37375,35.04662],[128.3741,35.04332],[128.3728,35.04361],[128.37182,35.04388],[128.37067,35.04424],[128.36919,35.04495],[128.36828,35.04566],[128.36789,35.04597],[128.36729,35.04648],[128.36686,35.04686],[128.36434,35.04913],[128.36418,35.04937],[128.36409,35.04955],[128.36405,35.04982],[128.36405,35.05012],[128.36419,35.05101],[128.36436,35.0515],[128.36451,35.05194],[128.36452,35.05206],[128.36452,35.05214],[128.36408,35.05381],[128.36121,35.05633],[128.36113,35.05634],[128.3611,35.05634],[128.35967,35.05637],[128.3571,35.05629],[128.35672,35.05622],[128.35649,35.05618],[128.35608,35.05617],[128.356,35.05617],[128.35568,35.05626],[128.3553,35.05645],[128.35518,35.05652],[128.35499,35.05666],[128.35474,35.05687],[128.35383,35.05784],[128.35364,35.05809],[128.35343,35.05846],[128.35329,35.05878],[128.35322,35.05897],[128.35315,35.05924],[128.35312,35.05939],[128.35318,35.05974],[128.35285,35.06056],[128.35236,35.06128],[128.35221,35.06146],[128.35202,35.06161],[128.3523,35.0618],[128.35303,35.06231],[128.35364,35.06278],[128.35436,35.06343],[128.35521,35.06423],[128.35527,35.06432],[128.3553,35.06442],[128.35563,35.06636],[128.35562,35.06658],[128.35544,35.0679],[128.35541,35.06801],[128.35528,35.06833],[128.35514,35.06861],[128.35785,35.07304],[128.358,35.0737],[128.358,35.07376],[128.35782,35.07404],[128.35772,35.07413],[128.35759,35.07417],[128.35737,35.07426],[128.35727,35.07434],[128.35719,35.07448],[128.35716,35.07462],[128.35717,35.07818],[128.3575,35.08022],[128.35753,35.08043],[128.35848,35.08304],[128.35896,35.08367],[128.35907,35.08388],[128.35919,35.08426],[128.35922,35.08437],[128.35948,35.08585],[128.35945,35.08595],[128.3588,35.08795],[128.3587,35.08819],[128.35856,35.08852],[128.3582,35.08917],[128.35743,35.09208],[128.3574,35.09221],[128.35745,35.09244],[128.35754,35.09263],[128.35762,35.09271],[128.35791,35.0929],[128.35819,35.09305],[128.35824,35.09307],[128.35833,35.09309],[128.35899,35.09319],[128.35917,35.09319],[128.35935,35.09318],[128.35972,35.09309],[128.35999,35.09306],[128.36012,35.09307],[128.36036,35.09312],[128.36155,35.09342],[128.36168,35.09348],[128.36241,35.09398],[128.36253,35.09407],[128.3626,35.09413],[128.36263,35.0942],[128.36268,35.0943],[128.36396,35.09891],[128.36507,35.10298],[128.3656,35.10574],[128.36568,35.1061],[128.36582,35.10662],[128.36597,35.10699],[128.3662,35.10755],[128.3664,35.10796],[128.36683,35.10882],[128.36914,35.10933],[128.36981,35.10944],[128.3728,35.10977],[128.37302,35.10975],[128.37316,35.10972],[128.37387,35.10939],[128.37406,35.10932],[128.37474,35.10898],[128.37513,35.10878],[128.37604,35.10822],[128.37616,35.1081],[128.37746,35.10674],[128.37921,35.1052],[128.38256,35.10353],[128.38288,35.10337],[128.38355,35.10309],[128.38403,35.10292],[128.38431,35.10283],[128.38453,35.1028],[128.38473,35.10279],[128.38531,35.10279],[128.38575,35.10275],[128.38611,35.10268],[128.38633,35.1026],[128.38658,35.10244],[128.38678,35.10226],[128.38704,35.10201],[128.38993,35.09879],[128.38998,35.09872],[128.39036,35.09722],[128.39039,35.09709],[128.39037,35.09703],[128.39035,35.09698],[128.39029,35.0969],[128.39009,35.09668],[128.38991,35.09643],[128.38984,35.09629],[128.38985,35.09625],[128.38988,35.09489],[128.39049,35.09146],[128.39051,35.09137],[128.39245,35.08803],[128.393,35.08732],[128.39311,35.08723],[128.39317,35.08721],[128.39443,35.08669],[128.39529,35.08646],[128.39556,35.08638],[128.39578,35.08629],[128.39746,35.08519],[128.39799,35.08464],[128.39817,35.08441],[128.3983,35.0843],[128.39838,35.08424],[128.39951,35.08361],[128.39968,35.08354],[128.39972,35.08354],[128.39981,35.08356],[128.40053,35.08382],[128.40067,35.0839],[128.40084,35.08401],[128.40087,35.08403],[128.40087,35.08406],[128.40111,35.08565],[128.40111,35.08569],[128.40108,35.08573],[128.40002,35.08688],[128.39946,35.08792],[128.39923,35.0891],[128.39921,35.08923],[128.39922,35.08928],[128.39925,35.08934],[128.3998,35.09039],[128.39982,35.09042],[128.39987,35.09043],[128.40415,35.09098],[128.40835,35.09157],[128.40842,35.09159],[128.40943,35.09185],[128.40951,35.09188],[128.40966,35.09198],[128.41007,35.0923],[128.41028,35.09242],[128.41042,35.09247],[128.41062,35.09253],[128.4111,35.09264],[128.41116,35.09265],[128.41128,35.09266],[128.41148,35.09268],[128.41196,35.09266],[128.41256,35.09255],[128.41329,35.0924],[128.41713,35.09146],[128.41732,35.09136],[128.41754,35.09123],[128.41778,35.09101],[128.41806,35.09069],[128.41821,35.09049],[128.41834,35.09027],[128.41869,35.08959],[128.41897,35.08911],[128.41915,35.08888],[128.41933,35.08873],[128.41956,35.08858],[128.41976,35.08848],[128.41993,35.0884],[128.42017,35.08832],[128.4203,35.08829],[128.42062,35.08825],[128.42101,35.08823],[128.42128,35.08824],[128.42153,35.08825],[128.42192,35.08828],[128.42236,35.08834],[128.42279,35.08842],[128.42283,35.08844],[128.4229,35.08847],[128.42298,35.08849],[128.42306,35.0885],[128.42317,35.0885],[128.42329,35.08849],[128.42341,35.08846],[128.42361,35.08839],[128.42379,35.08832],[128.42621,35.08713],[128.4264,35.08703],[128.42655,35.08693],[128.42678,35.08677],[128.42696,35.0866],[128.42705,35.0865],[128.42711,35.08644],[128.42826,35.08469],[128.42828,35.08464],[128.42828,35.08459],[128.42822,35.08339],[128.4281,35.08274],[128.42703,35.08004],[128.42697,35.07993],[128.42688,35.0798],[128.4268,35.07969],[128.42672,35.07961],[128.42661,35.07953],[128.42649,35.07945],[128.42635,35.07937],[128.42547,35.07856],[128.42497,35.07582],[128.42634,35.07406],[128.42694,35.07256],[128.42737,35.07088],[128.42598,35.06748],[128.42457,35.06412],[128.4234,35.06119],[128.42339,35.06113],[128.4234,35.06107],[128.42351,35.06088],[128.42354,35.06077],[128.42353,35.06066],[128.42351,35.06053],[128.42266,35.0571],[128.42242,35.05629]]]]}},{"type":"Feature","properties":{"code":"48820410","name":"마암면","parent":"48820"},"geometry":{"type":"MultiPolygon","coordinates":[[[[128.35202,35.06161],[128.35221,35.06146],[128.35236,35.06128],[128.35285,35.06056],[128.35318,35.05974],[128.35312,35.05939],[128.35315,35.05924],[128.35322,35.05897],[128.35329,35.05878],[128.35343,35.05846],[128.35364,35.05809],[128.35383,35.05784],[128.35474,35.05687],[128.35499,35.05666],[128.35518,35.05652],[128.3553,35.05645],[128.35568,35.05626],[128.356,35.05617],[128.35608,35.05617],[128.35649,35.05618],[128.35672,35.05622],[128.3571,35.05629],[128.35967,35.05637],[128.3611,35.05634],[128.36113,35.05634],[128.36121,35.05633],[128.36408,35.05381],[128.36452,35.05214],[128.36452,35.05206],[128.36451,35.05194],[128.36436,35.0515],[128.36419,35.05101],[128.36405,35.05012],[128.36405,35.04982],[128.36409,35.04955],[128.36418,35.04937],[128.36434,35.04913],[128.36686,35.04686],[128.36729,35.04648],[128.36789,35.04597],[128.36828,35.04566],[128.36919,35.04495],[128.37067,35.04424],[128.37182,35.04388],[128.3728,35.04361],[128.3741,35.04332],[128.37273,35.04204],[128.37395,35.0409],[128.37576,35.03937],[128.37594,35.03924],[128.3762,35.03909],[128.37652,35.03899],[128.37681,35.03894],[128.37711,35.03892],[128.37746,35.03896],[128.37784,35.03907],[128.37906,35.0396],[128.37939,35.0397],[128.3802,35.03958],[128.38045,35.03926],[128.38161,35.03751],[128.38224,35.03643],[128.38226,35.03534],[128.37925,35.03408],[128.37734,35.03375],[128.37676,35.03274],[128.37689,35.03216],[128.37674,35.03161],[128.37505,35.03015],[128.37408,35.02972],[128.37247,35.03146],[128.36946,35.03123],[128.3693,35.03071],[128.36974,35.0284],[128.37057,35.02671],[128.37112,35.02573],[128.37241,35.02591],[128.37302,35.02578],[128.37406,35.0253],[128.37467,35.02494],[128.37528,35.02443],[128.37531,35.02369],[128.37405,35.02171],[128.37357,35.02179],[128.37283,35.02282],[128.37274,35.0234],[128.37199,35.02404],[128.36918,35.02341],[128.36805,35.02263],[128.36649,35.02156],[128.36485,35.01988],[128.36392,35.01868],[128.36291,35.01767],[128.36172,35.01741],[128.36082,35.01746],[128.35972,35.0172],[128.35895,35.01666],[128.35818,35.01605],[128.35739,35.0141],[128.35667,35.01259],[128.35631,35.01181],[128.35499,35.00964],[128.35417,35.00902],[128.35388,35.00873],[128.35376,35.00856],[128.3537,35.00847],[128.35366,35.00837],[128.35347,35.00598],[128.35345,35.00573],[128.35343,35.00532],[128.35002,35.00577],[128.34903,35.00589],[128.34895,35.00589],[128.34734,35.00526],[128.34674,35.00502],[128.34632,35.00479],[128.34613,35.00466],[128.34524,35.00384],[128.34442,35.0031],[128.34426,35.00315],[128.34138,35.00417],[128.33968,35.00674],[128.3411,35.00866],[128.3413,35.00895],[128.34142,35.0092],[128.34148,35.0094],[128.34194,35.01129],[128.34199,35.01155],[128.34197,35.01175],[128.34189,35.01189],[128.34178,35.012],[128.34112,35.01237],[128.34086,35.01249],[128.34067,35.01253],[128.3404,35.01251],[128.33974,35.01239],[128.33933,35.0123],[128.33891,35.01215],[128.33856,35.01207],[128.33838,35.01206],[128.33565,35.01205],[128.33382,35.01207],[128.33349,35.01208],[128.33306,35.01214],[128.33285,35.0122],[128.33279,35.01226],[128.33082,35.01488],[128.33066,35.01512],[128.33046,35.01544],[128.32924,35.01748],[128.32946,35.01755],[128.32968,35.01765],[128.3298,35.01771],[128.3322,35.01957],[128.33424,35.0251],[128.33426,35.02542],[128.33425,35.02552],[128.33389,35.02786],[128.33257,35.03283],[128.33255,35.03291],[128.33246,35.03307],[128.33227,35.03323],[128.33136,35.03386],[128.33118,35.03393],[128.33094,35.03394],[128.32955,35.03399],[128.32943,35.03398],[128.32918,35.03391],[128.32859,35.03374],[128.3285,35.0337],[128.32836,35.03354],[128.32822,35.03338],[128.32814,35.03331],[128.32808,35.03329],[128.32595,35.03329],[128.32577,35.03332],[128.32562,35.03335],[128.32303,35.03391],[128.32288,35.03396],[128.32278,35.03406],[128.31984,35.03947],[128.3198,35.03957],[128.31959,35.04036],[128.3196,35.04047],[128.31969,35.04067],[128.3201,35.04132],[128.32036,35.04177],[128.32034,35.04182],[128.32029,35.04188],[128.31559,35.04583],[128.31553,35.04586],[128.31465,35.04615],[128.3144,35.04621],[128.31412,35.04625],[128.3108,35.04817],[128.30858,35.04999],[128.30851,35.05004],[128.30839,35.05008],[128.30652,35.05038],[128.30632,35.05039],[128.30288,35.05037],[128.30269,35.05036],[128.30262,35.05035],[128.30002,35.04741],[128.29561,35.04571],[128.29551,35.04569],[128.29546,35.04569],[128.29338,35.04577],[128.29027,35.04607],[128.29016,35.04609],[128.28999,35.04614],[128.28528,35.04757],[128.28513,35.04762],[128.28505,35.04764],[128.28295,35.04859],[128.2828,35.04867],[128.28265,35.04876],[128.28258,35.04882],[128.28253,35.04888],[128.28248,35.04895],[128.28209,35.04999],[128.28346,35.0505],[128.28378,35.05064],[128.28403,35.05078],[128.28946,35.05415],[128.28966,35.05433],[128.2898,35.05451],[128.28994,35.05473],[128.2906,35.05586],[128.29072,35.05607],[128.29077,35.05627],[128.29081,35.05653],[128.2908,35.05684],[128.29074,35.05795],[128.29072,35.05807],[128.29068,35.0582],[128.29062,35.0583],[128.28909,35.06056],[128.2872,35.06259],[128.28714,35.06264],[128.28643,35.06351],[128.28624,35.06379],[128.28613,35.06399],[128.28609,35.06409],[128.28605,35.06424],[128.28605,35.06435],[128.28619,35.06597],[128.28621,35.06616],[128.28624,35.06623],[128.28636,35.06643],[128.28659,35.06671],[128.28677,35.06689],[128.28702,35.06712],[128.28723,35.06729],[128.28752,35.06748],[128.29444,35.07163],[128.29448,35.07164],[128.29827,35.07219],[128.30057,35.07249],[128.30276,35.07251],[128.30493,35.07326],[128.30712,35.07492],[128.30739,35.07521],[128.30747,35.07533],[128.30862,35.0772],[128.30897,35.07809],[128.30946,35.08019],[128.30949,35.0803],[128.30952,35.08052],[128.30963,35.08194],[128.31115,35.08126],[128.313,35.08162],[128.31312,35.08163],[128.31325,35.08163],[128.31334,35.08163],[128.3142,35.08158],[128.31444,35.08155],[128.31642,35.08127],[128.31653,35.08124],[128.31661,35.08122],[128.31672,35.08117],[128.31688,35.08108],[128.31789,35.0805],[128.31808,35.08038],[128.31816,35.08032],[128.31821,35.08024],[128.31828,35.08015],[128.31831,35.08008],[128.31833,35.07997],[128.31832,35.07986],[128.31829,35.07972],[128.31822,35.07937],[128.31829,35.07855],[128.31861,35.07712],[128.31865,35.07705],[128.31868,35.07699],[128.31872,35.07694],[128.31973,35.07583],[128.3198,35.07576],[128.31998,35.0756],[128.32013,35.07552],[128.32707,35.07176],[128.32719,35.0717],[128.32733,35.07166],[128.32749,35.07162],[128.32972,35.07115],[128.32979,35.07116],[128.32987,35.07118],[128.33005,35.07126],[128.33447,35.07208],[128.3346,35.07199],[128.33544,35.07144],[128.33695,35.07053],[128.33711,35.07044],[128.33726,35.07038],[128.3409,35.0689],[128.34103,35.06884],[128.34265,35.06819],[128.34294,35.06809],[128.34326,35.06801],[128.34358,35.06793],[128.3438,35.0679],[128.34399,35.06789],[128.34407,35.06787],[128.34415,35.06782],[128.34903,35.06393],[128.35059,35.06231],[128.35068,35.06223],[128.35091,35.0621],[128.35202,35.06161]]]]}},{"type":"Feature","properties":{"code":"48820420","name":"동해면","parent":"48820"},"geometry":{"type":"MultiPolygon","coordinates":[[[[128.40784,34.99352],[128.4061,34.99652],[128.40438,34.99934],[128.40346,35.00072],[128.40272,35.00146],[128.4019,35.00293],[128.40076,35.00508],[128.40129,35.00585],[128.40143,35.00721],[128.40138,35.00735],[128.40075,35.00913],[128.40062,35.00928],[128.39925,35.00925],[128.39867,35.00918],[128.39796,35.00901],[128.39491,35.01195],[128.39355,35.01408],[128.3935,35.01416],[128.39255,35.01518],[128.39194,35.01568],[128.39184,35.01574],[128.38942,35.01686],[128.3889,35.01706],[128.38862,35.01717],[128.38772,35.0194],[128.38773,35.02377],[128.38782,35.02577],[128.38864,35.03313],[128.38917,35.03507],[128.39643,35.03936],[128.39754,35.0399],[128.3992,35.04071],[128.40662,35.04345],[128.40932,35.04294],[128.41371,35.0437],[128.41475,35.04397],[128.41683,35.04337],[128.41779,35.04303],[128.41991,35.04433],[128.42185,35.04516],[128.42444,35.04586],[128.42564,35.04585],[128.42708,35.04524],[128.42788,35.04509],[128.4282,35.04528],[128.42877,35.04561],[128.43114,35.04724],[128.43316,35.04794],[128.43557,35.04791],[128.43635,35.04658],[128.43715,35.0462],[128.43763,35.04597],[128.43815,35.04828],[128.43842,35.04993],[128.44052,35.05056],[128.44521,35.05156],[128.44827,35.05186],[128.45036,35.05183],[128.44901,35.05271],[128.44757,35.05332],[128.44628,35.0534],[128.44487,35.05507],[128.44346,35.05743],[128.44198,35.06022],[128.44234,35.06213],[128.44336,35.06542],[128.44518,35.06818],[128.4477,35.06993],[128.45095,35.07141],[128.45232,35.07166],[128.45492,35.07104],[128.45659,35.06963],[128.45838,35.06657],[128.45916,35.06497],[128.46149,35.06481],[128.46733,35.06785],[128.46824,35.06883],[128.46764,35.07161],[128.46734,35.07254],[128.46721,35.07459],[128.46747,35.07564],[128.46917,35.07608],[128.47155,35.07407],[128.47352,35.072],[128.47606,35.06985],[128.47737,35.06881],[128.47749,35.06871],[128.47731,35.06772],[128.47664,35.06668],[128.47591,35.06622],[128.47519,35.06596],[128.47694,35.0661],[128.47906,35.06651],[128.48202,35.06608],[128.48288,35.06435],[128.4827,35.06323],[128.48229,35.06284],[128.48093,35.06325],[128.48019,35.06273],[128.48002,35.06194],[128.48031,35.06029],[128.47997,35.0593],[128.47867,35.05846],[128.47687,35.05702],[128.47606,35.05631],[128.4755,35.05576],[128.47547,35.05567],[128.47541,35.0554],[128.47546,35.0544],[128.47634,35.05426],[128.47803,35.0543],[128.47908,35.05455],[128.48093,35.05433],[128.48243,35.05293],[128.48007,35.04705],[128.47966,35.04688],[128.47942,35.04679],[128.47814,35.04681],[128.46915,35.04771],[128.46833,35.04814],[128.46828,35.04816],[128.46747,35.04859],[128.46587,35.04907],[128.46483,35.04928],[128.46183,35.04968],[128.46147,35.04962],[128.46114,35.04952],[128.45983,35.04822],[128.45957,35.04756],[128.46321,35.04428],[128.46482,35.04426],[128.4665,35.04351],[128.46769,35.04297],[128.46993,35.04195],[128.4716,35.04094],[128.47213,35.03948],[128.4721,35.03756],[128.4724,35.03657],[128.47383,35.03556],[128.47443,35.03727],[128.47422,35.03925],[128.47442,35.0413],[128.47483,35.04189],[128.47652,35.0418],[128.47837,35.04158],[128.48116,35.04076],[128.48635,35.03864],[128.48625,35.03724],[128.48577,35.03321],[128.48423,35.03217],[128.48236,35.03134],[128.48171,35.03062],[128.4816,35.02936],[128.48239,35.0283],[128.48614,35.02686],[128.48902,35.02436],[128.49134,35.02347],[128.4935,35.02324],[128.49688,35.02307],[128.49816,35.02266],[128.50165,35.0203],[128.5022,35.0195],[128.50345,35.01744],[128.50283,35.01434],[128.50096,35.01317],[128.49805,35.01255],[128.49603,35.01171],[128.49705,35.01025],[128.49343,35.00576],[128.49213,35.00505],[128.49092,35.00506],[128.48823,35.00715],[128.48809,35.0086],[128.48716,35.0102],[128.48646,35.01133],[128.48517,35.01141],[128.48429,35.01084],[128.48361,35.00978],[128.48359,35.00839],[128.48436,35.00653],[128.48457,35.00501],[128.48351,35.00416],[128.4841,35.00138],[128.48489,35.00011],[128.48484,34.99958],[128.48479,34.99899],[128.48325,34.99861],[128.48116,34.99851],[128.47874,34.99827],[128.4781,34.99815],[128.47713,34.99783],[128.47809,34.99755],[128.48,34.99641],[128.48054,34.99554],[128.47856,34.99259],[128.47431,34.99297],[128.47303,34.99325],[128.46915,34.99598],[128.46796,34.99741],[128.46772,34.99744],[128.46675,34.99756],[128.46554,34.99718],[128.46521,34.99654],[128.46895,34.9923],[128.46771,34.98916],[128.46462,34.98789],[128.46328,34.98737],[128.46,34.98958],[128.45897,34.99058],[128.45769,34.99086],[128.45647,34.99002],[128.45478,34.99004],[128.45351,34.99085],[128.44992,34.99234],[128.44908,34.99193],[128.44887,34.99183],[128.44678,34.99205],[128.4431,34.99289],[128.43925,34.99366],[128.43772,34.99361],[128.43308,34.99314],[128.43107,34.99296],[128.43099,34.99296],[128.4293,34.99285],[128.42263,34.99286],[128.42228,34.99298],[128.42055,34.99355],[128.41864,34.99496],[128.41521,34.99632],[128.41368,34.99627],[128.4078,34.99383],[128.40784,34.99352]]]]}},{"type":"Feature","properties":{"code":"48820430","name":"거류면","parent":"48820"},"geometry":{"type":"MultiPolygon","coordinates":[[[[128.38862,35.01717],[128.3889,35.01706],[128.38942,35.01686],[128.39184,35.01574],[128.39194,35.01568],[128.39255,35.01518],[128.3935,35.01416],[128.39355,35.01408],[128.39491,35.01195],[128.39796,35.00901],[128.39867,35.00918],[128.39925,35.00925],[128.40062,35.00928],[128.40075,35.00913],[128.40138,35.00735],[128.40143,35.00721],[128.40129,35.00585],[128.40076,35.00508],[128.4019,35.00293],[128.40272,35.00146],[128.40346,35.00072],[128.40438,34.99934],[128.4061,34.99652],[128.40784,34.99352],[128.40795,34.99275],[128.40795,34.99003],[128.40793,34.98883],[128.40621,34.98776],[128.40572,34.98645],[128.40613,34.98571],[128.40793,34.98317],[128.40821,34.98285],[128.40896,34.98273],[128.40982,34.9833],[128.41039,34.98368],[128.41021,34.98407],[128.41007,34.98458],[128.41212,34.98568],[128.41245,34.98579],[128.41738,34.98674],[128.41779,34.98678],[128.41823,34.98681],[128.4195,34.98664],[128.42373,34.98601],[128.42406,34.98577],[128.42557,34.9856],[128.42788,34.98561],[128.43438,34.98507],[128.43508,34.98444],[128.43531,34.98425],[128.43601,34.98375],[128.43652,34.98345],[128.43958,34.9828],[128.44043,34.98282],[128.44086,34.98313],[128.44127,34.98278],[128.44201,34.98145],[128.44338,34.97895],[128.44378,34.97774],[128.4439,34.97658],[128.44356,34.97396],[128.44355,34.97391],[128.44294,34.97281],[128.44277,34.97284],[128.44257,34.97288],[128.44107,34.97329],[128.43318,34.97554],[128.43231,34.97648],[128.43216,34.97654],[128.43194,34.97656],[128.43087,34.97652],[128.43071,34.97651],[128.42596,34.9759],[128.4239,34.97547],[128.42363,34.97541],[128.42346,34.97532],[128.42267,34.97474],[128.42263,34.97471],[128.4226,34.97468],[128.42256,34.97465],[128.42252,34.97461],[128.41869,34.97109],[128.41855,34.97096],[128.41805,34.9703],[128.41791,34.97004],[128.41778,34.96977],[128.41765,34.96952],[128.41753,34.96922],[128.41739,34.96885],[128.41735,34.96873],[128.41657,34.96727],[128.41646,34.96708],[128.41624,34.96683],[128.41608,34.96673],[128.41593,34.96669],[128.41579,34.96666],[128.41558,34.96667],[128.41233,34.96714],[128.412,34.96719],[128.41179,34.96723],[128.4116,34.96726],[128.41137,34.9673],[128.40521,34.96862],[128.40506,34.96867],[128.40499,34.96869],[128.40494,34.96872],[128.40489,34.96874],[128.40481,34.96882],[128.40474,34.9689],[128.40463,34.96911],[128.40456,34.96923],[128.40447,34.96933],[128.40431,34.96949],[128.40366,34.96996],[128.40348,34.97009],[128.40328,34.9702],[128.40318,34.97025],[128.40303,34.97031],[128.4018,34.9708],[128.40152,34.9709],[128.40142,34.97093],[128.40131,34.97093],[128.40122,34.97092],[128.40112,34.97088],[128.40104,34.97082],[128.40095,34.97075],[128.40088,34.97068],[128.40083,34.97063],[128.40072,34.97046],[128.40053,34.97013],[128.40043,34.96983],[128.40039,34.96963],[128.40033,34.96907],[128.40031,34.96862],[128.40041,34.96719],[128.40043,34.96689],[128.40047,34.9666],[128.40052,34.96639],[128.40058,34.96621],[128.40063,34.96613],[128.40065,34.96594],[128.40053,34.96469],[128.40047,34.9643],[128.40043,34.96422],[128.40034,34.96408],[128.40024,34.96401],[128.40021,34.96399],[128.40018,34.96397],[128.4,34.96394],[128.3999,34.96393],[128.3997,34.96394],[128.39948,34.96396],[128.39898,34.96403],[128.39833,34.96414],[128.39804,34.9642],[128.3978,34.96425],[128.3975,34.96431],[128.3971,34.96436],[128.39702,34.96437],[128.39693,34.96439],[128.39686,34.96439],[128.3968,34.96439],[128.39672,34.96438],[128.39666,34.96437],[128.39328,34.96375],[128.39302,34.96369],[128.39285,34.96365],[128.39276,34.9636],[128.39264,34.96353],[128.38988,34.9616],[128.38968,34.96146],[128.38946,34.96129],[128.38923,34.96113],[128.38914,34.96106],[128.38906,34.961],[128.38904,34.96096],[128.38899,34.9609],[128.38896,34.96084],[128.38894,34.96075],[128.38885,34.95974],[128.38884,34.95957],[128.38886,34.95944],[128.38915,34.95792],[128.38938,34.9571],[128.38977,34.95617],[128.39027,34.95481],[128.39114,34.95188],[128.39114,34.95183],[128.39112,34.95181],[128.39109,34.95179],[128.39105,34.95178],[128.39102,34.95178],[128.39084,34.95181],[128.39028,34.95189],[128.39006,34.95191],[128.38995,34.95191],[128.38982,34.95192],[128.38972,34.95191],[128.38963,34.95191],[128.38933,34.95187],[128.38911,34.95183],[128.38879,34.95176],[128.38664,34.95113],[128.38655,34.9511],[128.38629,34.95099],[128.38625,34.95097],[128.38621,34.95093],[128.38618,34.95089],[128.38615,34.95086],[128.38583,34.95046],[128.38569,34.95029],[128.38556,34.95012],[128.38527,34.94981],[128.38514,34.94969],[128.3847,34.94929],[128.38455,34.94918],[128.38446,34.94911],[128.38434,34.94903],[128.38342,34.94846],[128.38235,34.9495],[128.37995,34.95108],[128.37517,34.95197],[128.37447,34.9521],[128.37296,34.95221],[128.37149,34.95231],[128.36924,34.95331],[128.36773,34.95526],[128.36628,34.95732],[128.3651,34.95757],[128.36325,34.95835],[128.36203,34.95929],[128.36036,34.96233],[128.36007,34.96547],[128.36028,34.96646],[128.3601,34.96713],[128.3597,34.96747],[128.35931,34.96782],[128.35835,34.96839],[128.35813,34.96852],[128.35746,34.96852],[128.3574,34.96851],[128.35733,34.96851],[128.3557,34.96824],[128.35394,34.96797],[128.35354,34.96793],[128.34956,34.96761],[128.34539,34.9677],[128.3441,34.96868],[128.34288,34.96962],[128.34224,34.97067],[128.34295,34.97796],[128.34326,34.9783],[128.34609,34.98129],[128.3463,34.98199],[128.34733,34.98851],[128.34758,34.99096],[128.34757,34.99099],[128.34723,34.99202],[128.34731,34.99308],[128.34872,34.99461],[128.34941,34.99521],[128.35171,35.00003],[128.35328,35.0034],[128.35365,35.00499],[128.35343,35.00532],[128.35345,35.00573],[128.35347,35.00598],[128.35366,35.00837],[128.3537,35.00847],[128.35376,35.00856],[128.35388,35.00873],[128.35417,35.00902],[128.35499,35.00964],[128.35512,35.00964],[128.35644,35.00964],[128.35924,35.00872],[128.36012,35.01053],[128.36171,35.0118],[128.36754,35.01624],[128.36879,35.01632],[128.37132,35.0156],[128.37268,35.01548],[128.37353,35.01541],[128.37537,35.01581],[128.37583,35.01591],[128.37733,35.01633],[128.3781,35.01672],[128.37859,35.01737],[128.37932,35.0177],[128.3824,35.01872],[128.38345,35.01864],[128.38862,35.01717]]]]}}]}