{"type":"FeatureCollection","features":[{"type":"Feature","properties":{"code":"44230250","name":"강경읍","parent":"44230"},"geometry":{"type":"MultiPolygon","coordinates":[[[[127.03959,36.14233],[127.03985,36.13951],[127.03906,36.13887],[127.03697,36.13894],[127.03551,36.13904],[127.03452,36.13904],[127.03093,36.13763],[127.03094,36.1376],[127.03018,36.13685],[127.03002,36.13671],[127.02985,36.13665],[127.02969,36.13663],[127.02665,36.13651],[127.02608,36.1365],[127.02485,36.1365],[127.02426,36.13653],[127.02366,36.13656],[127.02357,36.13659],[127.0215,36.13745],[127.02126,36.13759],[127.02111,36.13769],[127.02067,36.13799],[127.02055,36.13812],[127.01991,36.1393],[127.01982,36.13949],[127.01959,36.14008],[127.01957,36.14013],[127.01868,36.1427],[127.01827,36.1439],[127.01792,36.14529],[127.0172,36.14661],[127.01627,36.14817],[127.01598,36.14855],[127.01566,36.14892],[127.01531,36.14873],[127.01458,36.14814],[127.01426,36.14785],[127.01413,36.14758],[127.0143,36.14736],[127.01435,36.14729],[127.0142,36.14711],[127.01393,36.14684],[127.01381,36.14671],[127.01253,36.14616],[127.01108,36.14607],[127.01028,36.14608],[127.00981,36.14626],[127.00942,36.14649],[127.00931,36.1466],[127.00921,36.14671],[127.00907,36.14692],[127.00897,36.14701],[127.00683,36.14727],[127.00592,36.14737],[127.00345,36.14914],[126.9989,36.15233],[126.99887,36.15236],[126.99737,36.15638],[126.99799,36.15902],[126.99912,36.15998],[127.00048,36.15953],[127.00222,36.1602],[127.00336,36.16093],[127.00528,36.16176],[127.00577,36.16197],[127.00717,36.16235],[127.00742,36.16242],[127.00895,36.16429],[127.01049,36.16608],[127.01145,36.16719],[127.01175,36.16722],[127.01263,36.1673],[127.01321,36.16733],[127.0172,36.16755],[127.01984,36.16647],[127.02109,36.16596],[127.02242,36.16541],[127.02463,36.16235],[127.0251,36.16169],[127.02628,36.15975],[127.02741,36.15789],[127.02971,36.15409],[127.03214,36.15029],[127.0363,36.14559],[127.03792,36.14399],[127.03959,36.14233]]]]}},{"type":"Feature","properties":{"code":"44230253","name":"연무읍","parent":"44230"},"geometry":{"type":"MultiPolygon","coordinates":[[[[127.13606,36.13099],[127.13676,36.12963],[127.13694,36.12932],[127.13877,36.12736],[127.14055,36.12568],[127.14345,36.12434],[127.14359,36.12429],[127.14424,36.12448],[127.14459,36.12461],[127.14493,36.12473],[127.14516,36.12475],[127.14539,36.12468],[127.14566,36.12452],[127.14597,36.12424],[127.14621,36.12388],[127.14649,36.12333],[127.14654,36.12299],[127.1464,36.12166],[127.14835,36.11616],[127.14847,36.11593],[127.14862,36.11572],[127.14879,36.11555],[127.14903,36.11537],[127.14925,36.11521],[127.14934,36.11516],[127.14947,36.11513],[127.14969,36.11512],[127.15008,36.11511],[127.15033,36.11511],[127.15038,36.1151],[127.1505,36.11504],[127.15069,36.11488],[127.15086,36.11474],[127.15107,36.11454],[127.1512,36.11438],[127.15156,36.11375],[127.1516,36.11366],[127.15198,36.11204],[127.15199,36.11192],[127.15199,36.11177],[127.15187,36.11123],[127.15154,36.10993],[127.1515,36.10984],[127.1514,36.10977],[127.15125,36.10971],[127.15085,36.10962],[127.15057,36.10959],[127.15034,36.10958],[127.15026,36.10953],[127.14968,36.10872],[127.14938,36.10816],[127.14927,36.10796],[127.14899,36.10735],[127.14879,36.10687],[127.14832,36.10526],[127.14831,36.10521],[127.14834,36.10507],[127.1486,36.10469],[127.14947,36.10359],[127.14968,36.10336],[127.1499,36.1032],[127.15051,36.10279],[127.1513,36.10217],[127.15144,36.10204],[127.15164,36.10186],[127.15176,36.10175],[127.15184,36.10164],[127.1537,36.09752],[127.15387,36.09706],[127.15396,36.09679],[127.15399,36.09661],[127.15401,36.09646],[127.15412,36.09496],[127.15413,36.09456],[127.15413,36.09425],[127.15412,36.09404],[127.15408,36.09383],[127.15405,36.09375],[127.15335,36.09161],[127.15326,36.09141],[127.1532,36.09132],[127.15316,36.09127],[127.15309,36.09121],[127.153,36.09114],[127.15236,36.09067],[127.15214,36.09052],[127.152,36.09042],[127.15125,36.08992],[127.15118,36.08997],[127.15085,36.09008],[127.14926,36.09031],[127.14698,36.09044],[127.14626,36.09044],[127.14595,36.09044],[127.14416,36.08919],[127.1424,36.08785],[127.14172,36.08757],[127.14033,36.08805],[127.13857,36.08741],[127.13716,36.08685],[127.13643,36.0861],[127.13516,36.08445],[127.13351,36.08134],[127.13381,36.07932],[127.134,36.07841],[127.1343,36.07806],[127.13438,36.07797],[127.1345,36.07621],[127.13445,36.07378],[127.1337,36.06968],[127.13366,36.06958],[127.13362,36.06951],[127.13194,36.0668],[127.13109,36.06579],[127.12991,36.06565],[127.12594,36.06477],[127.1258,36.06472],[127.12485,36.06441],[127.1233,36.06356],[127.1229,36.06319],[127.12199,36.06358],[127.12143,36.06443],[127.12094,36.06519],[127.11846,36.067],[127.11797,36.06732],[127.11723,36.06767],[127.11657,36.06766],[127.11595,36.06769],[127.11511,36.0679],[127.1136,36.06849],[127.11171,36.07002],[127.10797,36.07261],[127.10541,36.07419],[127.10178,36.0757],[127.10124,36.07583],[127.10098,36.07572],[127.10094,36.0757],[127.10086,36.07539],[127.10082,36.07531],[127.09928,36.07473],[127.09586,36.07427],[127.09361,36.07513],[127.09192,36.07341],[127.09187,36.07334],[127.0918,36.07323],[127.09093,36.07197],[127.08984,36.07242],[127.08909,36.07315],[127.08847,36.07404],[127.08837,36.07424],[127.08826,36.07448],[127.08806,36.07567],[127.0879,36.07576],[127.08773,36.07586],[127.08205,36.07777],[127.0816,36.07792],[127.08013,36.07929],[127.07983,36.07959],[127.07917,36.08037],[127.07905,36.08122],[127.07881,36.08164],[127.07453,36.08449],[127.0718,36.08436],[127.07047,36.08682],[127.07016,36.08757],[127.06962,36.08769],[127.06921,36.08778],[127.06766,36.08823],[127.06531,36.08994],[127.06303,36.09211],[127.0614,36.09349],[127.06127,36.09368],[127.06086,36.09489],[127.06067,36.10092],[127.06106,36.10472],[127.06109,36.1049],[127.06111,36.10499],[127.06017,36.10595],[127.0599,36.10623],[127.05939,36.10672],[127.05922,36.10694],[127.05918,36.107],[127.05824,36.10824],[127.05869,36.11014],[127.05832,36.11286],[127.0582,36.11372],[127.05805,36.11475],[127.05778,36.11688],[127.05778,36.11716],[127.05836,36.11825],[127.0584,36.11829],[127.05888,36.11871],[127.05909,36.11883],[127.06026,36.11891],[127.06058,36.11984],[127.06073,36.12243],[127.06076,36.12401],[127.06079,36.12501],[127.06079,36.12513],[127.05845,36.12515],[127.05817,36.1251],[127.05627,36.12746],[127.05436,36.12983],[127.05287,36.1302],[127.05084,36.13111],[127.05065,36.13126],[127.05048,36.13147],[127.04958,36.13275],[127.04956,36.13294],[127.04961,36.13313],[127.04997,36.13397],[127.05014,36.13434],[127.05047,36.13454],[127.05069,36.13461],[127.0512,36.13486],[127.05144,36.13505],[127.05145,36.13508],[127.05152,36.13518],[127.0515,36.13553],[127.05102,36.13956],[127.05004,36.1418],[127.04976,36.14237],[127.04886,36.14251],[127.04631,36.14291],[127.04607,36.14296],[127.04601,36.14309],[127.0461,36.14378],[127.04614,36.14383],[127.04628,36.14399],[127.04636,36.14407],[127.04669,36.14427],[127.04857,36.14541],[127.04956,36.14586],[127.05003,36.14602],[127.05021,36.14604],[127.05025,36.14605],[127.05303,36.14624],[127.05416,36.14619],[127.05437,36.14613],[127.05451,36.14606],[127.05529,36.14559],[127.05809,36.14381],[127.05811,36.14377],[127.05817,36.14367],[127.05838,36.14345],[127.05877,36.14316],[127.05907,36.14294],[127.05955,36.14271],[127.05977,36.14261],[127.06017,36.14249],[127.06079,36.14263],[127.06232,36.14307],[127.06342,36.14339],[127.06402,36.14362],[127.06441,36.14383],[127.06462,36.1439],[127.06473,36.14391],[127.06508,36.14391],[127.06551,36.1439],[127.06591,36.14373],[127.06618,36.14344],[127.06887,36.1388],[127.06868,36.13794],[127.06864,36.13776],[127.07192,36.13723],[127.07201,36.13735],[127.07231,36.13772],[127.07292,36.13875],[127.07374,36.13954],[127.07503,36.13952],[127.07521,36.13948],[127.0763,36.13923],[127.07646,36.13916],[127.07658,36.13907],[127.07673,36.13891],[127.07694,36.13855],[127.0773,36.13805],[127.07795,36.13794],[127.07893,36.13778],[127.07905,36.13776],[127.07908,36.13776],[127.07915,36.13776],[127.07929,36.13779],[127.08158,36.1383],[127.08165,36.13832],[127.08297,36.13889],[127.08303,36.13893],[127.08314,36.13902],[127.08385,36.13983],[127.08387,36.13987],[127.08393,36.13994],[127.08397,36.14001],[127.08415,36.14043],[127.08424,36.14072],[127.08432,36.14111],[127.08431,36.14147],[127.08427,36.14191],[127.0842,36.14242],[127.08414,36.14266],[127.08412,36.14284],[127.08414,36.14311],[127.08419,36.14337],[127.08429,36.14364],[127.0844,36.14388],[127.08454,36.14412],[127.08485,36.14452],[127.08502,36.14474],[127.08513,36.14485],[127.08527,36.14494],[127.08712,36.14596],[127.08857,36.14608],[127.0887,36.14608],[127.08896,36.14607],[127.08936,36.14596],[127.09067,36.14533],[127.09058,36.14518],[127.09039,36.14488],[127.09028,36.14474],[127.08994,36.14441],[127.08989,36.1443],[127.08989,36.14421],[127.08992,36.14407],[127.09038,36.14275],[127.09053,36.14239],[127.09223,36.1418],[127.09356,36.14147],[127.09697,36.14124],[127.09773,36.14143],[127.10223,36.14328],[127.10262,36.14412],[127.10305,36.14532],[127.1032,36.14569],[127.1033,36.14593],[127.1035,36.14587],[127.10376,36.14576],[127.10468,36.14536],[127.10498,36.14505],[127.10624,36.14391],[127.10627,36.14389],[127.10658,36.14424],[127.10694,36.1461],[127.10693,36.14672],[127.10693,36.1471],[127.10682,36.14768],[127.10669,36.14801],[127.10675,36.14819],[127.10702,36.14853],[127.1073,36.14886],[127.10946,36.1503],[127.111,36.15082],[127.1142,36.15159],[127.11439,36.15162],[127.11472,36.15166],[127.1149,36.15167],[127.11531,36.15164],[127.11899,36.15117],[127.11946,36.15111],[127.1196,36.15109],[127.12007,36.15102],[127.12044,36.15097],[127.12084,36.15089],[127.12099,36.15085],[127.12111,36.15082],[127.12126,36.15075],[127.12133,36.15071],[127.12154,36.15055],[127.12653,36.14657],[127.12907,36.14279],[127.13103,36.14065],[127.13116,36.14048],[127.13183,36.13926],[127.13359,36.13582],[127.13384,36.13367],[127.13379,36.13354],[127.13353,36.13316],[127.13339,36.13292],[127.13337,36.13274],[127.13343,36.13259],[127.13355,36.13246],[127.13543,36.13118],[127.13565,36.13106],[127.13578,36.13102],[127.13606,36.13099]]]]}},{"type":"Feature","properties":{"code":"44230310","name":"성동면","parent":"44230"},"geometry":{"type":"MultiPolygon","coordinates":[[[[127.07882,36.20892],[127.07821,36.20848],[127.07703,36.2076],[127.07623,36.20699],[127.07145,36.20332],[127.06528,36.19798],[127.065,36.19764],[127.06465,36.19701],[127.06438,36.19645],[127.06426,36.19587],[127.06424,36.19572],[127.06421,36.19536],[127.06425,36.19508],[127.06432,36.19488],[127.06439,36.19469],[127.06448,36.19437],[127.06455,36.194],[127.06453,36.19384],[127.06436,36.19358],[127.06386,36.19314],[127.06318,36.19274],[127.06279,36.19255],[127.06092,36.19146],[127.05866,36.19009],[127.05847,36.18997],[127.05804,36.18968],[127.05788,36.18952],[127.05775,36.18939],[127.05657,36.18781],[127.05621,36.18729],[127.05605,36.18706],[127.05576,36.1867],[127.05511,36.18597],[127.05451,36.18536],[127.05396,36.18491],[127.05312,36.18424],[127.05288,36.18408],[127.05242,36.18382],[127.05216,36.1837],[127.05172,36.18351],[127.04739,36.18236],[127.04692,36.18222],[127.04636,36.18204],[127.04601,36.18191],[127.03778,36.17851],[127.03382,36.17621],[127.03357,36.17602],[127.03318,36.17576],[127.03281,36.17554],[127.03273,36.17548],[127.03155,36.1748],[127.03112,36.17458],[127.03066,36.17442],[127.03012,36.17427],[127.02969,36.17418],[127.02291,36.17287],[127.01915,36.17224],[127.01876,36.17203],[127.01517,36.16951],[127.01379,36.16835],[127.0133,36.16793],[127.01281,36.16748],[127.01263,36.1673],[127.01175,36.16722],[127.01145,36.16719],[127.01049,36.16608],[127.00895,36.16429],[127.00742,36.16242],[127.00281,36.1706],[127.00159,36.17276],[126.99938,36.17683],[126.99754,36.18021],[126.98678,36.18948],[126.98511,36.19091],[126.98357,36.19224],[126.98555,36.19487],[126.98555,36.19731],[126.98538,36.19757],[126.98403,36.19964],[126.98409,36.19979],[126.98473,36.20033],[126.98547,36.20052],[126.98615,36.20083],[126.98681,36.20121],[126.98743,36.20174],[126.98775,36.20222],[126.98743,36.20314],[126.98586,36.20543],[126.98415,36.20791],[126.98619,36.21011],[126.98683,36.21031],[126.98906,36.21055],[126.98989,36.20977],[126.99064,36.20973],[126.9915,36.2101],[126.99272,36.21168],[126.99511,36.21476],[126.99524,36.21479],[127.0013,36.21608],[127.00535,36.21532],[127.00661,36.21308],[127.00676,36.21166],[127.00697,36.20968],[127.01009,36.2107],[127.01012,36.21071],[127.011,36.211],[127.01265,36.21135],[127.01436,36.21109],[127.01873,36.21528],[127.01975,36.21653],[127.02166,36.21796],[127.02311,36.2186],[127.02474,36.21933],[127.02554,36.22024],[127.02592,36.22135],[127.02701,36.22508],[127.02722,36.22618],[127.02738,36.22706],[127.02727,36.22833],[127.02961,36.23327],[127.03091,36.23459],[127.03095,36.23461],[127.03241,36.23537],[127.03925,36.23328],[127.04012,36.23329],[127.04032,36.23329],[127.04057,36.23328],[127.04073,36.23327],[127.04105,36.23323],[127.04135,36.23317],[127.04168,36.23309],[127.04193,36.23301],[127.0421,36.23294],[127.04213,36.23293],[127.04216,36.23292],[127.0423,36.23286],[127.04243,36.23279],[127.04248,36.23275],[127.04264,36.23262],[127.04512,36.23036],[127.0452,36.23027],[127.04523,36.23025],[127.04527,36.23021],[127.04539,36.23008],[127.04937,36.227],[127.05182,36.22511],[127.05819,36.2214],[127.06051,36.22008],[127.0611,36.21982],[127.06154,36.21957],[127.06204,36.21927],[127.06221,36.21917],[127.06249,36.21896],[127.06274,36.21873],[127.06293,36.21849],[127.06303,36.21827],[127.06311,36.218],[127.06308,36.21753],[127.06303,36.21674],[127.06305,36.21629],[127.0632,36.21584],[127.06348,36.21546],[127.06378,36.21521],[127.06426,36.21495],[127.06457,36.21481],[127.06485,36.21472],[127.06706,36.21404],[127.06885,36.21349],[127.06963,36.21453],[127.07188,36.21561],[127.07228,36.21509],[127.0743,36.21243],[127.07601,36.21021],[127.07613,36.21013],[127.07649,36.20989],[127.07663,36.20983],[127.07882,36.20892]]]]}},{"type":"Feature","properties":{"code":"44230320","name":"광석면","parent":"44230"},"geometry":{"type":"MultiPolygon","coordinates":[[[[127.13431,36.23758],[127.13292,36.23495],[127.13201,36.23463],[127.13039,36.23351],[127.13015,36.23338],[127.1298,36.23323],[127.12932,36.23305],[127.12929,36.23304],[127.12839,36.23286],[127.12809,36.2328],[127.12762,36.23273],[127.12616,36.23251],[127.12432,36.23234],[127.12378,36.23236],[127.12235,36.23253],[127.12113,36.23268],[127.12043,36.23275],[127.11955,36.23279],[127.11944,36.2328],[127.11912,36.23281],[127.11892,36.2328],[127.11859,36.23277],[127.11829,36.23273],[127.11791,36.23269],[127.11744,36.23261],[127.11708,36.23249],[127.11489,36.23151],[127.11359,36.23094],[127.11019,36.22944],[127.10765,36.22838],[127.10672,36.22808],[127.1062,36.22795],[127.10535,36.22781],[127.10496,36.22776],[127.10434,36.22773],[127.10399,36.22771],[127.10307,36.22768],[127.10217,36.22759],[127.1017,36.22751],[127.10158,36.22749],[127.1011,36.22741],[127.09918,36.22687],[127.09869,36.22661],[127.09832,36.2264],[127.0979,36.22615],[127.09785,36.22611],[127.0978,36.22608],[127.09768,36.22595],[127.09756,36.22582],[127.09625,36.22415],[127.09538,36.22299],[127.09506,36.22252],[127.09483,36.22215],[127.09458,36.22166],[127.0943,36.22103],[127.09407,36.22028],[127.09397,36.21986],[127.09382,36.21933],[127.09379,36.21927],[127.09366,36.21898],[127.09251,36.2172],[127.09198,36.21658],[127.09172,36.21638],[127.09113,36.21592],[127.09063,36.21556],[127.09035,36.2154],[127.08995,36.21519],[127.08988,36.21515],[127.08944,36.21491],[127.08928,36.21482],[127.08915,36.21473],[127.08889,36.21456],[127.08882,36.21448],[127.08876,36.21435],[127.08862,36.21395],[127.08855,36.21362],[127.08852,36.21338],[127.08835,36.21332],[127.08583,36.21252],[127.08516,36.21229],[127.08431,36.21198],[127.08392,36.21182],[127.08222,36.21106],[127.0818,36.21085],[127.08169,36.21079],[127.08043,36.21004],[127.07996,36.20974],[127.07926,36.20926],[127.07882,36.20892],[127.07663,36.20983],[127.07649,36.20989],[127.07613,36.21013],[127.07601,36.21021],[127.0743,36.21243],[127.07228,36.21509],[127.07188,36.21561],[127.06963,36.21453],[127.06885,36.21349],[127.06706,36.21404],[127.06485,36.21472],[127.06457,36.21481],[127.06426,36.21495],[127.06378,36.21521],[127.06348,36.21546],[127.0632,36.21584],[127.06305,36.21629],[127.06303,36.21674],[127.06308,36.21753],[127.06311,36.218],[127.06303,36.21827],[127.06293,36.21849],[127.06274,36.21873],[127.06249,36.21896],[127.06221,36.21917],[127.06204,36.21927],[127.06154,36.21957],[127.0611,36.21982],[127.06051,36.22008],[127.05819,36.2214],[127.05182,36.22511],[127.04937,36.227],[127.04539,36.23008],[127.04527,36.23021],[127.04523,36.23025],[127.0452,36.23027],[127.04512,36.23036],[127.04264,36.23262],[127.04248,36.23275],[127.04243,36.23279],[127.0423,36.23286],[127.04216,36.23292],[127.04213,36.23293],[127.0421,36.23294],[127.04193,36.23301],[127.04168,36.23309],[127.04135,36.23317],[127.04105,36.23323],[127.04073,36.23327],[127.04057,36.23328],[127.04032,36.23329],[127.04012,36.23329],[127.03925,36.23328],[127.03241,36.23537],[127.03245,36.23547],[127.03246,36.23551],[127.03277,36.23638],[127.03351,36.23779],[127.0348,36.23909],[127.03543,36.23932],[127.03682,36.23965],[127.03831,36.2402],[127.03924,36.24104],[127.03993,36.24241],[127.03994,36.2439],[127.03988,36.24536],[127.0399,36.24583],[127.0422,36.24771],[127.04351,36.24855],[127.04473,36.24885],[127.0455,36.24883],[127.04743,36.24918],[127.04981,36.24992],[127.05143,36.25091],[127.05294,36.25218],[127.05299,36.25277],[127.05352,36.25322],[127.05364,36.25332],[127.05589,36.2545],[127.05641,36.25451],[127.05802,36.25473],[127.06006,36.25507],[127.06244,36.256],[127.06348,36.25656],[127.06414,36.25691],[127.06756,36.2612],[127.06759,36.26128],[127.06844,36.26298],[127.06917,36.2666],[127.06972,36.26905],[127.07024,36.26897],[127.07047,36.26894],[127.07074,36.26894],[127.07433,36.26922],[127.07478,36.26933],[127.07511,36.26947],[127.07584,36.27035],[127.07609,36.27064],[127.07797,36.27265],[127.08069,36.27489],[127.08219,36.2761],[127.08252,36.27636],[127.08316,36.27611],[127.08391,36.27591],[127.08416,36.27587],[127.085,36.27602],[127.08654,36.27631],[127.08794,36.27664],[127.08889,36.27671],[127.09106,36.27674],[127.09146,36.27668],[127.09079,36.27518],[127.09075,36.27495],[127.09076,36.2746],[127.09138,36.27146],[127.09143,36.27128],[127.09272,36.26945],[127.09379,36.26816],[127.09471,36.26743],[127.09498,36.2673],[127.09549,36.26727],[127.09569,36.26731],[127.09574,36.26732],[127.09575,36.26735],[127.09579,36.26776],[127.0958,36.26798],[127.09582,36.26829],[127.09603,36.26907],[127.09634,36.26964],[127.09682,36.2705],[127.09846,36.27058],[127.09924,36.27039],[127.09929,36.27037],[127.09949,36.27022],[127.09967,36.26976],[127.1001,36.26857],[127.10047,36.26756],[127.10119,36.26613],[127.1016,36.2658],[127.10258,36.26586],[127.10344,36.26588],[127.10378,36.26589],[127.10438,36.26567],[127.10525,36.26529],[127.10832,36.26369],[127.10818,36.26322],[127.1079,36.26269],[127.10907,36.26076],[127.10975,36.25974],[127.11043,36.25912],[127.11185,36.25653],[127.1131,36.24964],[127.11306,36.24953],[127.11302,36.24941],[127.11304,36.2493],[127.11311,36.24913],[127.11321,36.24892],[127.11342,36.24864],[127.1136,36.24846],[127.11374,36.24833],[127.11387,36.24825],[127.114,36.24819],[127.11417,36.24816],[127.11599,36.24792],[127.11617,36.2479],[127.1163,36.24791],[127.11644,36.24792],[127.11664,36.248],[127.11677,36.24807],[127.11696,36.24821],[127.1171,36.24836],[127.11721,36.24851],[127.1173,36.24873],[127.11737,36.249],[127.11745,36.2494],[127.11753,36.24981],[127.11768,36.25047],[127.11774,36.25066],[127.11781,36.25084],[127.11791,36.25098],[127.11837,36.25157],[127.11852,36.25175],[127.11866,36.25191],[127.11885,36.25206],[127.11893,36.2521],[127.119,36.25214],[127.11977,36.25258],[127.12068,36.25285],[127.12118,36.25294],[127.12277,36.25322],[127.12479,36.2532],[127.12495,36.2528],[127.12506,36.25233],[127.12505,36.2521],[127.12505,36.25187],[127.12508,36.25157],[127.12515,36.25146],[127.1253,36.2512],[127.12549,36.25096],[127.12581,36.25061],[127.12607,36.25041],[127.1263,36.25026],[127.12792,36.24941],[127.12803,36.24936],[127.12904,36.24904],[127.1295,36.24892],[127.12964,36.24887],[127.1298,36.24877],[127.12984,36.2487],[127.12986,36.24864],[127.13021,36.24683],[127.13025,36.24655],[127.13037,36.24487],[127.13213,36.24151],[127.13375,36.23903],[127.13425,36.23807],[127.1343,36.23791],[127.13431,36.23758]]]]}},{"type":"Feature","properties":{"code":"44230330","name":"노성면","parent":"44230"},"geometry":{"type":"MultiPolygon","coordinates":[[[[127.12071,36.31792],[127.12067,36.31622],[127.11887,36.31425],[127.11875,36.31416],[127.11871,36.31412],[127.11869,36.31408],[127.11869,36.31404],[127.11868,36.31279],[127.11868,36.31236],[127.1187,36.31214],[127.11871,36.31208],[127.11878,36.31178],[127.11883,36.31159],[127.11893,36.31132],[127.11898,36.31127],[127.11904,36.31122],[127.11917,36.31113],[127.11929,36.31105],[127.11938,36.31099],[127.11957,36.31088],[127.11971,36.3108],[127.11982,36.31073],[127.11991,36.31064],[127.12008,36.31048],[127.12011,36.31044],[127.12013,36.3104],[127.12013,36.31036],[127.12017,36.30614],[127.1201,36.30591],[127.11994,36.30555],[127.11988,36.30545],[127.11978,36.30533],[127.11918,36.30479],[127.11869,36.30436],[127.11866,36.30431],[127.11864,36.3042],[127.11862,36.30405],[127.11861,36.3039],[127.11861,36.30365],[127.11862,36.30352],[127.11865,36.30341],[127.11981,36.30007],[127.11987,36.29997],[127.12044,36.29913],[127.1205,36.29905],[127.12059,36.29898],[127.12074,36.29892],[127.12101,36.2988],[127.12236,36.29837],[127.12372,36.29777],[127.12385,36.29771],[127.12394,36.29765],[127.12399,36.29758],[127.12546,36.29479],[127.12551,36.29467],[127.12587,36.2937],[127.12612,36.29236],[127.1264,36.29135],[127.12645,36.29126],[127.12773,36.28928],[127.12776,36.28924],[127.12826,36.28884],[127.12832,36.28879],[127.13016,36.28775],[127.13022,36.28773],[127.13199,36.28737],[127.13234,36.28731],[127.13317,36.28724],[127.13337,36.2872],[127.13355,36.28716],[127.1336,36.28714],[127.13403,36.28701],[127.13555,36.2864],[127.13643,36.28604],[127.13845,36.28503],[127.13862,36.28492],[127.13873,36.28483],[127.1388,36.28475],[127.14067,36.2818],[127.14074,36.28166],[127.14079,36.28147],[127.141,36.27959],[127.14122,36.27726],[127.14098,36.27723],[127.14035,36.27702],[127.13959,36.27652],[127.13915,36.27609],[127.13878,36.27566],[127.13864,36.27532],[127.13857,36.27489],[127.13852,36.27454],[127.13855,36.27409],[127.13877,36.27333],[127.13894,36.27305],[127.13906,36.27295],[127.1392,36.27284],[127.13939,36.27269],[127.13978,36.2723],[127.14,36.27205],[127.1402,36.27183],[127.14056,36.27123],[127.14066,36.27104],[127.14198,36.26692],[127.14214,36.26629],[127.14221,36.26598],[127.14226,36.26579],[127.14223,36.26485],[127.1422,36.26441],[127.1421,36.26381],[127.14113,36.25957],[127.14044,36.25835],[127.14012,36.25791],[127.13991,36.25766],[127.13897,36.25696],[127.13843,36.25669],[127.13815,36.25661],[127.1375,36.2561],[127.13705,36.25569],[127.13676,36.25542],[127.13657,36.25509],[127.13565,36.25317],[127.13466,36.25029],[127.13452,36.24983],[127.13446,36.24949],[127.13448,36.24916],[127.13456,36.24901],[127.13492,36.24865],[127.13497,36.2486],[127.13574,36.248],[127.13623,36.2477],[127.13684,36.2473],[127.13702,36.24717],[127.13713,36.24707],[127.13728,36.2468],[127.1375,36.24615],[127.13761,36.24378],[127.13762,36.2435],[127.13758,36.24236],[127.13741,36.24173],[127.13602,36.23954],[127.13431,36.23758],[127.1343,36.23791],[127.13425,36.23807],[127.13375,36.23903],[127.13213,36.24151],[127.13037,36.24487],[127.13025,36.24655],[127.13021,36.24683],[127.12986,36.24864],[127.12984,36.2487],[127.1298,36.24877],[127.12964,36.24887],[127.1295,36.24892],[127.12904,36.24904],[127.12803,36.24936],[127.12792,36.24941],[127.1263,36.25026],[127.12607,36.25041],[127.12581,36.25061],[127.12549,36.25096],[127.1253,36.2512],[127.12515,36.25146],[127.12508,36.25157],[127.12505,36.25187],[127.12505,36.2521],[127.12506,36.25233],[127.12495,36.2528],[127.12479,36.2532],[127.12277,36.25322],[127.12118,36.25294],[127.12068,36.25285],[127.11977,36.25258],[127.119,36.25214],[127.11893,36.2521],[127.11885,36.25206],[127.11866,36.25191],[127.11852,36.25175],[127.11837,36.25157],[127.11791,36.25098],[127.11781,36.25084],[127.11774,36.25066],[127.11768,36.25047],[127.11753,36.24981],[127.11745,36.2494],[127.11737,36.249],[127.1173,36.24873],[127.11721,36.24851],[127.1171,36.24836],[127.11696,36.24821],[127.11677,36.24807],[127.11664,36.248],[127.11644,36.24792],[127.1163,36.24791],[127.11617,36.2479],[127.11599,36.24792],[127.11417,36.24816],[127.114,36.24819],[127.11387,36.24825],[127.11374,36.24833],[127.1136,36.24846],[127.11342,36.24864],[127.11321,36.24892],[127.11311,36.24913],[127.11304,36.2493],[127.11302,36.24941],[127.11306,36.24953],[127.1131,36.24964],[127.11185,36.25653],[127.11043,36.25912],[127.10975,36.25974],[127.10907,36.26076],[127.1079,36.26269],[127.10818,36.26322],[127.10832,36.26369],[127.10525,36.26529],[127.10438,36.26567],[127.10378,36.26589],[127.10344,36.26588],[127.10258,36.26586],[127.1016,36.2658],[127.10119,36.26613],[127.10047,36.26756],[127.1001,36.26857],[127.09967,36.26976],[127.09949,36.27022],[127.09929,36.27037],[127.09924,36.27039],[127.09846,36.27058],[127.09682,36.2705],[127.09634,36.26964],[127.09603,36.26907],[127.09582,36.26829],[127.0958,36.26798],[127.09579,36.26776],[127.09575,36.26735],[127.09574,36.26732],[127.09569,36.26731],[127.09549,36.26727],[127.09498,36.2673],[127.09471,36.26743],[127.09379,36.26816],[127.09272,36.26945],[127.09143,36.27128],[127.09138,36.27146],[127.09076,36.2746],[127.09075,36.27495],[127.09079,36.27518],[127.09146,36.27668],[127.09106,36.27674],[127.08889,36.27671],[127.08794,36.27664],[127.08654,36.27631],[127.085,36.27602],[127.08416,36.27587],[127.08391,36.27591],[127.08316,36.27611],[127.08252,36.27636],[127.08219,36.2761],[127.08069,36.27489],[127.07797,36.27265],[127.07609,36.27064],[127.07584,36.27035],[127.07511,36.26947],[127.07478,36.26933],[127.07433,36.26922],[127.07074,36.26894],[127.07047,36.26894],[127.07024,36.26897],[127.06972,36.26905],[127.06976,36.27034],[127.06712,36.27485],[127.06606,36.27661],[127.06579,36.27701],[127.06572,36.27803],[127.06613,36.28013],[127.06643,36.2822],[127.06648,36.28298],[127.06629,36.28422],[127.06541,36.28572],[127.06582,36.28678],[127.06708,36.28834],[127.06785,36.28946],[127.06802,36.29029],[127.06802,36.29077],[127.06751,36.29237],[127.0674,36.29297],[127.06726,36.29433],[127.06741,36.29499],[127.06759,36.29563],[127.06775,36.29604],[127.06783,36.29621],[127.06801,36.2966],[127.06855,36.29707],[127.06881,36.29724],[127.06904,36.29727],[127.06908,36.29726],[127.06926,36.29719],[127.06948,36.29652],[127.0698,36.29605],[127.07037,36.2956],[127.07085,36.29529],[127.0711,36.29526],[127.07227,36.29511],[127.07306,36.29514],[127.07369,36.29522],[127.07714,36.29602],[127.07777,36.29628],[127.07781,36.29629],[127.0781,36.29695],[127.08025,36.30207],[127.08089,36.30407],[127.08328,36.31019],[127.08415,36.31228],[127.08467,36.31469],[127.08453,36.31657],[127.08459,36.3168],[127.08473,36.31697],[127.08498,36.31707],[127.08603,36.31722],[127.08686,36.31712],[127.08757,36.31707],[127.08817,36.31727],[127.08838,36.31734],[127.0888,36.31774],[127.08942,36.31925],[127.09009,36.32058],[127.09014,36.32065],[127.09017,36.32068],[127.09169,36.32186],[127.09267,36.3216],[127.09389,36.32328],[127.09732,36.32684],[127.09875,36.32832],[127.1012,36.33192],[127.10234,36.3338],[127.10458,36.33496],[127.10625,36.33793],[127.10671,36.34004],[127.10764,36.33917],[127.11044,36.33609],[127.11048,36.33604],[127.11055,36.33596],[127.11437,36.33105],[127.11518,36.32997],[127.11587,36.32828],[127.11597,36.32643],[127.11617,36.32641],[127.11628,36.32636],[127.11644,36.32626],[127.11685,36.32598],[127.11689,36.32594],[127.11715,36.32553],[127.1172,36.32546],[127.11745,36.32466],[127.11746,36.32462],[127.11745,36.32455],[127.11744,36.32287],[127.11873,36.32024],[127.1188,36.32014],[127.12071,36.31792]]]]}},{"type":"Feature","properties":{"code":"44230340","name":"상월면","parent":"44230"},"geometry":{"type":"MultiPolygon","coordinates":[[[[127.19578,36.334],[127.19809,36.33044],[127.19844,36.32977],[127.19858,36.32949],[127.19861,36.3294],[127.19869,36.32896],[127.19872,36.3286],[127.19874,36.32841],[127.19874,36.32814],[127.1987,36.32765],[127.19869,36.3276],[127.19863,36.32754],[127.19838,36.32743],[127.19834,36.3274],[127.19825,36.32734],[127.19815,36.32724],[127.1981,36.32713],[127.19811,36.32707],[127.19833,36.32656],[127.19844,36.32643],[127.19853,36.32634],[127.2008,36.3243],[127.20096,36.32427],[127.20136,36.32413],[127.20139,36.32411],[127.20149,36.32406],[127.20191,36.32379],[127.20207,36.32367],[127.20218,36.32357],[127.20224,36.32351],[127.20235,36.3233],[127.20257,36.32284],[127.20259,36.32257],[127.20325,36.31478],[127.20367,36.30979],[127.20367,36.3097],[127.20388,36.3081],[127.20404,36.30727],[127.20418,36.30695],[127.20437,36.3067],[127.20461,36.30626],[127.20506,36.30497],[127.20511,36.30476],[127.20533,36.30375],[127.20534,36.30367],[127.20528,36.30159],[127.20476,36.30103],[127.20472,36.30097],[127.20434,36.3004],[127.20433,36.30036],[127.20431,36.30034],[127.20204,36.29462],[127.2019,36.29275],[127.20213,36.2923],[127.2031,36.29018],[127.20313,36.2901],[127.20313,36.29007],[127.20313,36.29004],[127.20311,36.28994],[127.20291,36.28896],[127.20179,36.28544],[127.20153,36.28484],[127.20138,36.28451],[127.2013,36.28436],[127.20127,36.28432],[127.20124,36.28429],[127.2012,36.28425],[127.20117,36.28423],[127.20115,36.28421],[127.2011,36.28419],[127.20106,36.28418],[127.20099,36.28417],[127.2009,36.28415],[127.20084,36.28413],[127.20079,36.28411],[127.20075,36.28409],[127.20068,36.28404],[127.20058,36.28395],[127.20055,36.28392],[127.20052,36.28387],[127.20007,36.28313],[127.19832,36.28007],[127.19748,36.27795],[127.19645,36.27688],[127.19532,36.27708],[127.19218,36.27432],[127.18934,36.27404],[127.18614,36.27336],[127.1858,36.27326],[127.18554,36.27313],[127.18445,36.2725],[127.18361,36.27197],[127.18335,36.27173],[127.18305,36.27146],[127.18284,36.27136],[127.18249,36.27127],[127.1823,36.27127],[127.18216,36.27129],[127.18197,36.27135],[127.18194,36.27136],[127.17947,36.2722],[127.17741,36.27241],[127.17521,36.27237],[127.17061,36.27352],[127.16674,36.27424],[127.16668,36.27424],[127.1666,36.2742],[127.16487,36.27329],[127.16454,36.2731],[127.16412,36.27282],[127.1624,36.27159],[127.1624,36.27154],[127.16242,36.27149],[127.16273,36.271],[127.16303,36.27055],[127.16315,36.27038],[127.16436,36.26855],[127.16489,36.26643],[127.16453,36.26593],[127.16396,36.26568],[127.16287,36.26506],[127.16276,36.26499],[127.16272,36.26484],[127.16271,36.26479],[127.16269,36.26461],[127.16273,36.2644],[127.16276,36.26429],[127.16278,36.26422],[127.1642,36.26248],[127.16443,36.2623],[127.16513,36.26189],[127.1664,36.26089],[127.16647,36.26083],[127.16656,36.26073],[127.16665,36.2606],[127.16711,36.25971],[127.16721,36.25946],[127.16774,36.25774],[127.16779,36.25753],[127.16751,36.25388],[127.16738,36.25292],[127.16573,36.25293],[127.16535,36.25293],[127.16517,36.25291],[127.16509,36.25287],[127.16249,36.25079],[127.16244,36.25075],[127.16104,36.24937],[127.16007,36.2481],[127.1601,36.24763],[127.16014,36.24728],[127.16022,36.24703],[127.16024,36.24686],[127.16023,36.24666],[127.16019,36.24656],[127.15983,36.24598],[127.15978,36.24593],[127.15974,36.24589],[127.15782,36.24501],[127.15444,36.24303],[127.15405,36.24248],[127.15388,36.24231],[127.15362,36.2421],[127.15338,36.24192],[127.15277,36.2415],[127.15247,36.24137],[127.14918,36.24002],[127.14902,36.23998],[127.14885,36.23999],[127.14822,36.24002],[127.14802,36.24031],[127.14773,36.24071],[127.14729,36.24106],[127.1467,36.24117],[127.14564,36.24101],[127.14547,36.24088],[127.14518,36.24048],[127.14494,36.24005],[127.14446,36.23938],[127.14379,36.23861],[127.14319,36.23799],[127.14299,36.23779],[127.14277,36.2376],[127.14252,36.23748],[127.13556,36.2351],[127.13522,36.23503],[127.13435,36.23492],[127.13402,36.23489],[127.1335,36.23487],[127.13328,36.23489],[127.13292,36.23495],[127.13431,36.23758],[127.13602,36.23954],[127.13741,36.24173],[127.13758,36.24236],[127.13762,36.2435],[127.13761,36.24378],[127.1375,36.24615],[127.13728,36.2468],[127.13713,36.24707],[127.13702,36.24717],[127.13684,36.2473],[127.13623,36.2477],[127.13574,36.248],[127.13497,36.2486],[127.13492,36.24865],[127.13456,36.24901],[127.13448,36.24916],[127.13446,36.24949],[127.13452,36.24983],[127.13466,36.25029],[127.13565,36.25317],[127.13657,36.25509],[127.13676,36.25542],[127.13705,36.25569],[127.1375,36.2561],[127.13815,36.25661],[127.13843,36.25669],[127.13897,36.25696],[127.13991,36.25766],[127.14012,36.25791],[127.14044,36.25835],[127.14113,36.25957],[127.1421,36.26381],[127.1422,36.26441],[127.14223,36.26485],[127.14226,36.26579],[127.14221,36.26598],[127.14214,36.26629],[127.14198,36.26692],[127.14066,36.27104],[127.14056,36.27123],[127.1402,36.27183],[127.14,36.27205],[127.13978,36.2723],[127.13939,36.27269],[127.1392,36.27284],[127.13906,36.27295],[127.13894,36.27305],[127.13877,36.27333],[127.13855,36.27409],[127.13852,36.27454],[127.13857,36.27489],[127.13864,36.27532],[127.13878,36.27566],[127.13915,36.27609],[127.13959,36.27652],[127.14035,36.27702],[127.14098,36.27723],[127.14122,36.27726],[127.141,36.27959],[127.14079,36.28147],[127.14074,36.28166],[127.14067,36.2818],[127.1388,36.28475],[127.13873,36.28483],[127.13862,36.28492],[127.13845,36.28503],[127.13643,36.28604],[127.13555,36.2864],[127.13403,36.28701],[127.1336,36.28714],[127.13355,36.28716],[127.13337,36.2872],[127.13317,36.28724],[127.13234,36.28731],[127.13199,36.28737],[127.13022,36.28773],[127.13016,36.28775],[127.12832,36.28879],[127.12826,36.28884],[127.12776,36.28924],[127.12773,36.28928],[127.12645,36.29126],[127.1264,36.29135],[127.12612,36.29236],[127.12587,36.2937],[127.12551,36.29467],[127.12546,36.29479],[127.12399,36.29758],[127.12394,36.29765],[127.12385,36.29771],[127.12372,36.29777],[127.12236,36.29837],[127.12101,36.2988],[127.12074,36.29892],[127.12059,36.29898],[127.1205,36.29905],[127.12044,36.29913],[127.11987,36.29997],[127.11981,36.30007],[127.11865,36.30341],[127.11862,36.30352],[127.11861,36.30365],[127.11861,36.3039],[127.11862,36.30405],[127.11864,36.3042],[127.11866,36.30431],[127.11869,36.30436],[127.11918,36.30479],[127.11978,36.30533],[127.11988,36.30545],[127.11994,36.30555],[127.1201,36.30591],[127.12017,36.30614],[127.12013,36.31036],[127.12013,36.3104],[127.12011,36.31044],[127.12008,36.31048],[127.11991,36.31064],[127.11982,36.31073],[127.11971,36.3108],[127.11957,36.31088],[127.11938,36.31099],[127.11929,36.31105],[127.11917,36.31113],[127.11904,36.31122],[127.11898,36.31127],[127.11893,36.31132],[127.11883,36.31159],[127.11878,36.31178],[127.11871,36.31208],[127.1187,36.31214],[127.11868,36.31236],[127.11868,36.31279],[127.11869,36.31404],[127.11869,36.31408],[127.11871,36.31412],[127.11875,36.31416],[127.11887,36.31425],[127.12067,36.31622],[127.12071,36.31792],[127.12102,36.31846],[127.12109,36.31856],[127.12114,36.31862],[127.1212,36.31868],[127.12127,36.31875],[127.12142,36.31882],[127.12156,36.31889],[127.12534,36.32045],[127.12845,36.32065],[127.13015,36.32063],[127.13047,36.31998],[127.1305,36.31983],[127.1305,36.31972],[127.13048,36.31954],[127.13043,36.31923],[127.13039,36.31888],[127.13039,36.31874],[127.13041,36.31861],[127.13044,36.31848],[127.1305,36.31834],[127.1306,36.3182],[127.13085,36.31795],[127.1313,36.31757],[127.1316,36.31734],[127.13231,36.31681],[127.13288,36.31638],[127.13559,36.31386],[127.13817,36.31145],[127.14034,36.30802],[127.14056,36.3076],[127.14312,36.30692],[127.1467,36.30922],[127.1488,36.31203],[127.14893,36.31223],[127.14896,36.31228],[127.14899,36.31232],[127.14906,36.31236],[127.14911,36.31239],[127.14922,36.31244],[127.15192,36.313],[127.15482,36.31376],[127.15568,36.31404],[127.15588,36.31412],[127.15592,36.31414],[127.15598,36.31418],[127.15602,36.31421],[127.15835,36.31635],[127.15838,36.31639],[127.1584,36.31641],[127.15845,36.31645],[127.1585,36.31664],[127.15857,36.31812],[127.15857,36.3189],[127.15863,36.31985],[127.15872,36.3212],[127.15872,36.32123],[127.15874,36.32133],[127.15876,36.32143],[127.1588,36.32161],[127.15886,36.3218],[127.1589,36.32191],[127.15893,36.32197],[127.15901,36.32215],[127.15903,36.32218],[127.1591,36.32224],[127.15915,36.32226],[127.15937,36.32231],[127.16047,36.32247],[127.16272,36.32276],[127.16278,36.32276],[127.16292,36.32275],[127.1635,36.32269],[127.16375,36.32263],[127.16385,36.3226],[127.16389,36.32259],[127.16399,36.32257],[127.16412,36.32253],[127.16428,36.3225],[127.16451,36.32247],[127.16492,36.32244],[127.16509,36.32244],[127.16534,36.32246],[127.16553,36.3225],[127.16592,36.32265],[127.16611,36.32275],[127.16626,36.32284],[127.16834,36.32424],[127.17032,36.32535],[127.17049,36.32544],[127.17084,36.32559],[127.17289,36.32633],[127.17592,36.32778],[127.17738,36.32952],[127.18024,36.32997],[127.18265,36.33032],[127.18284,36.33036],[127.184,36.33065],[127.18409,36.33067],[127.18442,36.33078],[127.18477,36.3309],[127.19074,36.33303],[127.19343,36.33423],[127.19578,36.334]]]]}},{"type":"Feature","properties":{"code":"44230350","name":"부적면","parent":"44230"},"geometry":{"type":"MultiPolygon","coordinates":[[[[127.18752,36.1835],[127.18566,36.18105],[127.18559,36.18104],[127.18348,36.18077],[127.18216,36.18025],[127.18041,36.1794],[127.18034,36.17938],[127.17996,36.17927],[127.17694,36.17872],[127.17578,36.17863],[127.17399,36.17874],[127.1729,36.17897],[127.16853,36.1804],[127.16816,36.18053],[127.16789,36.18063],[127.16776,36.18068],[127.16747,36.18077],[127.16253,36.18214],[127.16171,36.18235],[127.16138,36.18242],[127.15978,36.18267],[127.15901,36.18271],[127.158,36.18271],[127.15675,36.18262],[127.15642,36.18258],[127.15613,36.18253],[127.15574,36.18246],[127.15542,36.18238],[127.14945,36.17996],[127.14648,36.17899],[127.14648,36.17894],[127.14651,36.17829],[127.1465,36.17822],[127.14558,36.17758],[127.14542,36.17751],[127.14461,36.17742],[127.14439,36.17741],[127.14412,36.17744],[127.14397,36.17746],[127.14195,36.17796],[127.14045,36.17921],[127.13846,36.1811],[127.13526,36.18369],[127.13508,36.18383],[127.13465,36.18417],[127.13457,36.18422],[127.13435,36.18437],[127.13409,36.18447],[127.13374,36.18456],[127.1333,36.18468],[127.13317,36.18473],[127.13294,36.18483],[127.13289,36.18485],[127.13279,36.18491],[127.13122,36.18603],[127.12793,36.18847],[127.12781,36.18911],[127.12732,36.19186],[127.12751,36.19403],[127.12761,36.19508],[127.1263,36.19692],[127.12558,36.19821],[127.12388,36.19979],[127.12271,36.20088],[127.12242,36.20109],[127.12185,36.20152],[127.12183,36.20154],[127.12121,36.20201],[127.12091,36.20223],[127.12055,36.20276],[127.11887,36.2052],[127.11866,36.20551],[127.11851,36.20573],[127.11768,36.20758],[127.11629,36.20904],[127.1154,36.20998],[127.11049,36.21299],[127.11037,36.21306],[127.11003,36.21326],[127.10948,36.21353],[127.10924,36.21364],[127.10769,36.21434],[127.10738,36.21446],[127.10643,36.21468],[127.10629,36.21472],[127.10596,36.21479],[127.10478,36.21505],[127.10439,36.21513],[127.10355,36.21523],[127.10329,36.21524],[127.10049,36.21511],[127.09519,36.21479],[127.09502,36.21477],[127.09483,36.21474],[127.09408,36.21459],[127.09402,36.21457],[127.09377,36.2145],[127.08852,36.21338],[127.08855,36.21362],[127.08862,36.21395],[127.08876,36.21435],[127.08882,36.21448],[127.08889,36.21456],[127.08915,36.21473],[127.08928,36.21482],[127.08944,36.21491],[127.08988,36.21515],[127.08995,36.21519],[127.09035,36.2154],[127.09063,36.21556],[127.09113,36.21592],[127.09172,36.21638],[127.09198,36.21658],[127.09251,36.2172],[127.09366,36.21898],[127.09379,36.21927],[127.09382,36.21933],[127.09397,36.21986],[127.09407,36.22028],[127.0943,36.22103],[127.09458,36.22166],[127.09483,36.22215],[127.09506,36.22252],[127.09538,36.22299],[127.09625,36.22415],[127.09756,36.22582],[127.09768,36.22595],[127.0978,36.22608],[127.09785,36.22611],[127.0979,36.22615],[127.09832,36.2264],[127.09869,36.22661],[127.09918,36.22687],[127.1011,36.22741],[127.10158,36.22749],[127.1017,36.22751],[127.10217,36.22759],[127.10307,36.22768],[127.10399,36.22771],[127.10434,36.22773],[127.10496,36.22776],[127.10535,36.22781],[127.1062,36.22795],[127.10672,36.22808],[127.10765,36.22838],[127.11019,36.22944],[127.11359,36.23094],[127.11489,36.23151],[127.11708,36.23249],[127.11744,36.23261],[127.11791,36.23269],[127.11829,36.23273],[127.11859,36.23277],[127.11892,36.2328],[127.11912,36.23281],[127.11944,36.2328],[127.11955,36.23279],[127.12043,36.23275],[127.12113,36.23268],[127.12235,36.23253],[127.12378,36.23236],[127.12432,36.23234],[127.12616,36.23251],[127.12762,36.23273],[127.12809,36.2328],[127.12839,36.23286],[127.12929,36.23304],[127.12932,36.23305],[127.1298,36.23323],[127.13015,36.23338],[127.13039,36.23351],[127.13201,36.23463],[127.13373,36.23425],[127.13625,36.23438],[127.13748,36.23437],[127.13845,36.23424],[127.13951,36.23398],[127.14005,36.23382],[127.14022,36.23377],[127.14186,36.23302],[127.14258,36.23266],[127.14369,36.232],[127.14417,36.23164],[127.14436,36.2315],[127.14482,36.23113],[127.14491,36.23103],[127.14507,36.23087],[127.14576,36.23007],[127.14601,36.22969],[127.14627,36.22932],[127.14657,36.229],[127.14933,36.22709],[127.151,36.22654],[127.15821,36.22459],[127.15867,36.22447],[127.15944,36.22441],[127.16102,36.2244],[127.16188,36.22445],[127.16191,36.22446],[127.16202,36.22448],[127.16208,36.22448],[127.16213,36.22448],[127.16225,36.22445],[127.1624,36.2244],[127.16468,36.22312],[127.16681,36.22134],[127.1671,36.22107],[127.16754,36.22063],[127.16757,36.22059],[127.17039,36.21705],[127.17048,36.21692],[127.17051,36.21684],[127.17129,36.21353],[127.17127,36.21183],[127.17289,36.21095],[127.17368,36.2105],[127.174,36.21031],[127.17415,36.21021],[127.17429,36.21007],[127.17469,36.20965],[127.17791,36.20622],[127.17922,36.20446],[127.18164,36.20019],[127.18133,36.1993],[127.18112,36.19842],[127.18111,36.1983],[127.18112,36.19826],[127.18115,36.19819],[127.18116,36.19815],[127.18214,36.19659],[127.18221,36.19652],[127.18232,36.19641],[127.18249,36.19627],[127.18277,36.19608],[127.1829,36.196],[127.18297,36.19586],[127.18304,36.19561],[127.18352,36.19224],[127.18355,36.19202],[127.18355,36.1919],[127.18354,36.19171],[127.18322,36.18867],[127.18287,36.18719],[127.18282,36.18701],[127.1828,36.18694],[127.18274,36.18686],[127.18267,36.18677],[127.18235,36.18656],[127.18205,36.18638],[127.18196,36.18566],[127.18277,36.18418],[127.18295,36.18395],[127.18302,36.18386],[127.18322,36.18371],[127.1834,36.18364],[127.18344,36.18363],[127.18356,36.18359],[127.18379,36.18355],[127.18752,36.1835]]]]}},{"type":"Feature","properties":{"code":"44230360","name":"연산면","parent":"44230"},"geometry":{"type":"MultiPolygon","coordinates":[[[[127.19645,36.27688],[127.19605,36.27649],[127.19593,36.27632],[127.19582,36.27607],[127.19577,36.27586],[127.19575,36.27566],[127.19575,36.27538],[127.19575,36.27522],[127.19578,36.27513],[127.19584,36.27496],[127.19628,36.27422],[127.19654,36.27381],[127.19787,36.2718],[127.19894,36.27039],[127.19905,36.27024],[127.19911,36.27002],[127.1991,36.26992],[127.19909,36.26966],[127.19893,36.26916],[127.19858,36.26818],[127.19855,36.2681],[127.1985,36.26797],[127.19823,36.2678],[127.19785,36.26534],[127.1978,36.25988],[127.19796,36.25976],[127.20003,36.25801],[127.20026,36.25781],[127.20032,36.25773],[127.20045,36.25747],[127.20093,36.25613],[127.20147,36.25398],[127.20151,36.25295],[127.20147,36.25258],[127.20146,36.25229],[127.20146,36.25213],[127.20148,36.25209],[127.20154,36.25201],[127.20166,36.25189],[127.2017,36.25187],[127.20179,36.2518],[127.20193,36.25171],[127.20234,36.2515],[127.20259,36.25141],[127.20276,36.25137],[127.20279,36.25137],[127.20293,36.25137],[127.20628,36.25201],[127.20653,36.25206],[127.20912,36.25284],[127.20921,36.25287],[127.20926,36.2529],[127.20928,36.25295],[127.20928,36.25332],[127.20923,36.25363],[127.20979,36.25514],[127.21038,36.25631],[127.21048,36.25645],[127.2105,36.25647],[127.21064,36.25661],[127.21182,36.25769],[127.21676,36.26042],[127.22015,36.26229],[127.2202,36.26232],[127.22043,36.26234],[127.22067,36.26235],[127.22084,36.26235],[127.22109,36.26233],[127.22121,36.2623],[127.22125,36.26228],[127.22129,36.26227],[127.22631,36.25852],[127.22795,36.25766],[127.22811,36.25755],[127.22816,36.25747],[127.22817,36.25713],[127.22814,36.25579],[127.22802,36.25524],[127.22802,36.2552],[127.22802,36.25513],[127.22805,36.25507],[127.2281,36.25504],[127.22817,36.25501],[127.23089,36.25453],[127.23121,36.25448],[127.23136,36.25448],[127.23226,36.25459],[127.23292,36.25478],[127.23386,36.25503],[127.23494,36.25521],[127.23587,36.25531],[127.23604,36.25533],[127.23607,36.25532],[127.23613,36.25532],[127.23619,36.25529],[127.23739,36.25502],[127.2383,36.25569],[127.24045,36.25592],[127.24051,36.25589],[127.24059,36.25575],[127.24065,36.25555],[127.24068,36.25538],[127.24083,36.25439],[127.24083,36.25431],[127.24078,36.25414],[127.24069,36.25398],[127.24055,36.25372],[127.24051,36.25364],[127.24039,36.25351],[127.23965,36.25295],[127.2387,36.25178],[127.23751,36.25025],[127.23749,36.2502],[127.23748,36.25015],[127.23746,36.25001],[127.23746,36.24996],[127.23738,36.24933],[127.23753,36.24595],[127.23754,36.24567],[127.23757,36.2453],[127.23758,36.24516],[127.23759,36.24512],[127.2376,36.2451],[127.23763,36.24507],[127.23783,36.24494],[127.23798,36.24485],[127.23819,36.24474],[127.23836,36.24466],[127.23851,36.24462],[127.23859,36.2446],[127.23875,36.24454],[127.23888,36.2445],[127.23901,36.24444],[127.2394,36.24425],[127.24011,36.24376],[127.24015,36.24373],[127.24017,36.24369],[127.24018,36.24359],[127.24026,36.24296],[127.24029,36.24273],[127.2403,36.2426],[127.24031,36.24253],[127.24032,36.24229],[127.24032,36.24215],[127.24032,36.2421],[127.2399,36.23996],[127.23906,36.23719],[127.23904,36.23711],[127.23903,36.237],[127.23938,36.23616],[127.23999,36.23523],[127.24003,36.23516],[127.24006,36.23508],[127.24009,36.23502],[127.24012,36.23487],[127.24013,36.2348],[127.24011,36.23468],[127.23805,36.22391],[127.23678,36.22047],[127.23521,36.21614],[127.23616,36.21504],[127.23691,36.21355],[127.23692,36.21347],[127.23715,36.21217],[127.23715,36.21207],[127.23715,36.21197],[127.23708,36.21175],[127.23694,36.21122],[127.23688,36.21026],[127.23689,36.21014],[127.23696,36.20967],[127.237,36.20946],[127.23701,36.20937],[127.23712,36.20907],[127.23795,36.20701],[127.23804,36.20682],[127.23811,36.20671],[127.23822,36.20657],[127.2394,36.20531],[127.23972,36.20508],[127.24057,36.2046],[127.24081,36.2045],[127.24097,36.20446],[127.24106,36.20443],[127.24123,36.20435],[127.24131,36.20428],[127.2414,36.20417],[127.2415,36.20397],[127.2423,36.20191],[127.24233,36.20181],[127.24235,36.20175],[127.24237,36.20167],[127.24237,36.2015],[127.24234,36.20135],[127.24232,36.20127],[127.24221,36.20096],[127.24219,36.20093],[127.24148,36.19921],[127.24095,36.1975],[127.24084,36.19709],[127.24065,36.19619],[127.24064,36.19614],[127.24063,36.19605],[127.24096,36.19476],[127.2411,36.19467],[127.24155,36.19441],[127.24179,36.19427],[127.24185,36.19422],[127.24187,36.19418],[127.24188,36.1941],[127.24197,36.19218],[127.24023,36.18907],[127.2416,36.18612],[127.24167,36.18594],[127.24175,36.18565],[127.24182,36.18538],[127.24186,36.18521],[127.24188,36.1851],[127.24189,36.18503],[127.2419,36.18488],[127.24192,36.18319],[127.24191,36.18313],[127.24186,36.18306],[127.24175,36.18295],[127.24159,36.18281],[127.24138,36.18265],[127.24126,36.18256],[127.24108,36.18244],[127.23989,36.18163],[127.2398,36.18157],[127.23971,36.18151],[127.23813,36.18048],[127.23789,36.18034],[127.23778,36.18027],[127.23757,36.18016],[127.23745,36.18011],[127.23741,36.18011],[127.23377,36.18034],[127.22741,36.17983],[127.22728,36.17983],[127.22715,36.17984],[127.22702,36.17988],[127.22695,36.17991],[127.22682,36.17997],[127.22675,36.18001],[127.22651,36.18013],[127.22643,36.18019],[127.22633,36.18028],[127.22631,36.1803],[127.22625,36.18041],[127.22622,36.18045],[127.22611,36.18073],[127.22599,36.181],[127.22595,36.18111],[127.22591,36.18122],[127.22591,36.18125],[127.2259,36.1814],[127.22552,36.18353],[127.22516,36.18502],[127.22357,36.18803],[127.2191,36.19502],[127.21793,36.19647],[127.21733,36.19657],[127.2172,36.19661],[127.21709,36.19665],[127.21692,36.19673],[127.21659,36.19691],[127.21617,36.19726],[127.21567,36.1977],[127.21538,36.19801],[127.21532,36.19818],[127.21505,36.19911],[127.21508,36.19961],[127.21516,36.20018],[127.21516,36.20021],[127.21511,36.20042],[127.21506,36.20058],[127.2149,36.20083],[127.21484,36.20088],[127.21472,36.20101],[127.21453,36.20115],[127.21445,36.20121],[127.21432,36.2013],[127.21422,36.20135],[127.21418,36.20138],[127.21404,36.20146],[127.21364,36.20162],[127.21348,36.20167],[127.21304,36.20179],[127.21231,36.20194],[127.21218,36.20198],[127.21195,36.20207],[127.21164,36.20221],[127.21149,36.20231],[127.21142,36.20235],[127.21123,36.20255],[127.21115,36.20265],[127.21106,36.20281],[127.21105,36.20289],[127.21104,36.20296],[127.21107,36.20392],[127.21111,36.20419],[127.21123,36.20478],[127.21132,36.20519],[127.21153,36.20552],[127.21162,36.20561],[127.21183,36.2058],[127.21192,36.20593],[127.21192,36.20606],[127.21189,36.20613],[127.21176,36.20615],[127.21142,36.20611],[127.21085,36.20595],[127.21059,36.20584],[127.20517,36.20257],[127.20505,36.20249],[127.20501,36.20246],[127.20421,36.20183],[127.20416,36.20177],[127.20408,36.20166],[127.20397,36.20145],[127.2037,36.20049],[127.20365,36.20028],[127.20357,36.19989],[127.20346,36.19915],[127.2035,36.19883],[127.20346,36.19858],[127.20323,36.19738],[127.20319,36.19727],[127.20311,36.19717],[127.20305,36.19714],[127.20289,36.19708],[127.20285,36.19706],[127.20217,36.19686],[127.20136,36.19663],[127.20064,36.19644],[127.20033,36.19636],[127.20015,36.19634],[127.19984,36.19633],[127.19949,36.19636],[127.19931,36.19639],[127.19925,36.1964],[127.19915,36.1964],[127.19865,36.19626],[127.19848,36.19619],[127.19779,36.19584],[127.19541,36.1944],[127.19507,36.19414],[127.19314,36.1923],[127.19231,36.1915],[127.19182,36.19074],[127.19177,36.19065],[127.191,36.18913],[127.19095,36.18903],[127.19092,36.18895],[127.19091,36.18881],[127.19093,36.18866],[127.19097,36.18836],[127.19103,36.18812],[127.19106,36.18789],[127.19108,36.18764],[127.19108,36.18754],[127.19105,36.18738],[127.191,36.18721],[127.19097,36.18712],[127.1907,36.18661],[127.19055,36.18637],[127.19039,36.18612],[127.19022,36.18592],[127.18999,36.18566],[127.18977,36.18545],[127.18839,36.18421],[127.18792,36.1838],[127.18752,36.1835],[127.18379,36.18355],[127.18356,36.18359],[127.18344,36.18363],[127.1834,36.18364],[127.18322,36.18371],[127.18302,36.18386],[127.18295,36.18395],[127.18277,36.18418],[127.18196,36.18566],[127.18205,36.18638],[127.18235,36.18656],[127.18267,36.18677],[127.18274,36.18686],[127.1828,36.18694],[127.18282,36.18701],[127.18287,36.18719],[127.18322,36.18867],[127.18354,36.19171],[127.18355,36.1919],[127.18355,36.19202],[127.18352,36.19224],[127.18304,36.19561],[127.18297,36.19586],[127.1829,36.196],[127.18277,36.19608],[127.18249,36.19627],[127.18232,36.19641],[127.18221,36.19652],[127.18214,36.19659],[127.18116,36.19815],[127.18115,36.19819],[127.18112,36.19826],[127.18111,36.1983],[127.18112,36.19842],[127.18133,36.1993],[127.18164,36.20019],[127.17922,36.20446],[127.17791,36.20622],[127.17469,36.20965],[127.17429,36.21007],[127.17415,36.21021],[127.174,36.21031],[127.17368,36.2105],[127.17289,36.21095],[127.17127,36.21183],[127.17129,36.21353],[127.17051,36.21684],[127.17048,36.21692],[127.17039,36.21705],[127.16757,36.22059],[127.16754,36.22063],[127.1671,36.22107],[127.16681,36.22134],[127.16468,36.22312],[127.1624,36.2244],[127.16225,36.22445],[127.16213,36.22448],[127.16208,36.22448],[127.16202,36.22448],[127.16191,36.22446],[127.16188,36.22445],[127.16102,36.2244],[127.15944,36.22441],[127.15867,36.22447],[127.15821,36.22459],[127.151,36.22654],[127.14933,36.22709],[127.14657,36.229],[127.14627,36.22932],[127.14601,36.22969],[127.14576,36.23007],[127.14507,36.23087],[127.14491,36.23103],[127.14482,36.23113],[127.14436,36.2315],[127.14417,36.23164],[127.14369,36.232],[127.14258,36.23266],[127.14186,36.23302],[127.14022,36.23377],[127.14005,36.23382],[127.13951,36.23398],[127.13845,36.23424],[127.13748,36.23437],[127.13625,36.23438],[127.13373,36.23425],[127.13201,36.23463],[127.13292,36.23495],[127.13328,36.23489],[127.1335,36.23487],[127.13402,36.23489],[127.13435,36.23492],[127.13522,36.23503],[127.13556,36.2351],[127.14252,36.23748],[127.14277,36.2376],[127.14299,36.23779],[127.14319,36.23799],[127.14379,36.23861],[127.14446,36.23938],[127.14494,36.24005],[127.14518,36.24048],[127.14547,36.24088],[127.14564,36.24101],[127.1467,36.24117],[127.14729,36.24106],[127.14773,36.24071],[127.14802,36.24031],[127.14822,36.24002],[127.14885,36.23999],[127.14902,36.23998],[127.14918,36.24002],[127.15247,36.24137],[127.15277,36.2415],[127.15338,36.24192],[127.15362,36.2421],[127.15388,36.24231],[127.15405,36.24248],[127.15444,36.24303],[127.15782,36.24501],[127.15974,36.24589],[127.15978,36.24593],[127.15983,36.24598],[127.16019,36.24656],[127.16023,36.24666],[127.16024,36.24686],[127.16022,36.24703],[127.16014,36.24728],[127.1601,36.24763],[127.16007,36.2481],[127.16104,36.24937],[127.16244,36.25075],[127.16249,36.25079],[127.16509,36.25287],[127.16517,36.25291],[127.16535,36.25293],[127.16573,36.25293],[127.16738,36.25292],[127.16751,36.25388],[127.16779,36.25753],[127.16774,36.25774],[127.16721,36.25946],[127.16711,36.25971],[127.16665,36.2606],[127.16656,36.26073],[127.16647,36.26083],[127.1664,36.26089],[127.16513,36.26189],[127.16443,36.2623],[127.1642,36.26248],[127.16278,36.26422],[127.16276,36.26429],[127.16273,36.2644],[127.16269,36.26461],[127.16271,36.26479],[127.16272,36.26484],[127.16276,36.26499],[127.16287,36.26506],[127.16396,36.26568],[127.16453,36.26593],[127.16489,36.26643],[127.16436,36.26855],[127.16315,36.27038],[127.16303,36.27055],[127.16273,36.271],[127.16242,36.27149],[127.1624,36.27154],[127.1624,36.27159],[127.16412,36.27282],[127.16454,36.2731],[127.16487,36.27329],[127.1666,36.2742],[127.16668,36.27424],[127.16674,36.27424],[127.17061,36.27352],[127.17521,36.27237],[127.17741,36.27241],[127.17947,36.2722],[127.18194,36.27136],[127.18197,36.27135],[127.18216,36.27129],[127.1823,36.27127],[127.18249,36.27127],[127.18284,36.27136],[127.18305,36.27146],[127.18335,36.27173],[127.18361,36.27197],[127.18445,36.2725],[127.18554,36.27313],[127.1858,36.27326],[127.18614,36.27336],[127.18934,36.27404],[127.19218,36.27432],[127.19532,36.27708],[127.19645,36.27688]]]]}},{"type":"Feature","properties":{"code":"44230380","name":"벌곡면","parent":"44230"},"geometry":{"type":"MultiPolygon","coordinates":[[[[127.33143,36.18432],[127.33071,36.18373],[127.32951,36.1822],[127.32924,36.18064],[127.32885,36.17871],[127.32721,36.17551],[127.32691,36.17511],[127.32602,36.17424],[127.32481,36.17316],[127.32327,36.1741],[127.3228,36.17474],[127.32216,36.17494],[127.32114,36.17487],[127.32107,36.17487],[127.31903,36.17286],[127.32077,36.16961],[127.32118,36.16937],[127.32168,36.1691],[127.32187,36.16885],[127.32157,36.16688],[127.32102,36.16455],[127.32085,36.16446],[127.3205,36.16452],[127.32002,36.16463],[127.31925,36.16423],[127.31879,36.1622],[127.3188,36.16142],[127.31955,36.15907],[127.31994,36.15853],[127.32002,36.15653],[127.31939,36.15539],[127.31882,36.15479],[127.31847,36.15403],[127.32057,36.15162],[127.32286,36.14603],[127.32297,36.14511],[127.32314,36.14239],[127.32301,36.14211],[127.32242,36.14123],[127.32212,36.139],[127.32249,36.13723],[127.32318,36.13632],[127.32321,36.13558],[127.323,36.13373],[127.32277,36.1328],[127.32264,36.13096],[127.323,36.13009],[127.32312,36.13002],[127.32326,36.12994],[127.32351,36.12975],[127.32355,36.12971],[127.32358,36.12967],[127.3236,36.12963],[127.32376,36.12838],[127.32375,36.12835],[127.32291,36.12589],[127.32288,36.12584],[127.32224,36.12527],[127.32215,36.12521],[127.32173,36.12496],[127.3217,36.12495],[127.32161,36.12499],[127.32148,36.12502],[127.32095,36.12509],[127.32085,36.1251],[127.32075,36.1251],[127.32063,36.12508],[127.32057,36.12506],[127.31944,36.12426],[127.31936,36.12419],[127.31925,36.12409],[127.31918,36.12399],[127.31773,36.121],[127.31771,36.12094],[127.31771,36.12089],[127.31774,36.12081],[127.3178,36.12067],[127.31782,36.12061],[127.31784,36.12054],[127.31786,36.12048],[127.31784,36.12043],[127.31778,36.12038],[127.31768,36.12031],[127.31664,36.11961],[127.31588,36.11917],[127.31438,36.11863],[127.31343,36.11923],[127.31278,36.11966],[127.31273,36.1197],[127.31268,36.11977],[127.31264,36.11995],[127.31261,36.12014],[127.31258,36.12026],[127.31255,36.12038],[127.31246,36.12054],[127.31232,36.12072],[127.31218,36.12089],[127.31213,36.12094],[127.31189,36.12121],[127.31026,36.12292],[127.31017,36.123],[127.30918,36.1238],[127.30906,36.12388],[127.30648,36.1252],[127.30506,36.12548],[127.30237,36.12545],[127.30211,36.12571],[127.30182,36.12608],[127.30142,36.12665],[127.30139,36.12668],[127.30136,36.12673],[127.2999,36.12914],[127.29862,36.13158],[127.29811,36.13291],[127.29811,36.13297],[127.29812,36.13304],[127.29815,36.13446],[127.29814,36.13451],[127.29812,36.13455],[127.29797,36.13475],[127.29735,36.13542],[127.29731,36.13547],[127.29728,36.1355],[127.29721,36.13555],[127.29712,36.13561],[127.29702,36.13567],[127.29437,36.13678],[127.29313,36.13728],[127.29302,36.13731],[127.29289,36.13736],[127.29269,36.13745],[127.29254,36.13752],[127.29238,36.13761],[127.29217,36.13777],[127.29214,36.13782],[127.2914,36.13961],[127.29137,36.13967],[127.29118,36.14051],[127.29107,36.14113],[127.29101,36.14135],[127.29093,36.14157],[127.29082,36.14182],[127.29076,36.14195],[127.29071,36.14206],[127.28949,36.14417],[127.28946,36.1442],[127.28944,36.14422],[127.28623,36.14416],[127.28619,36.14415],[127.28494,36.14402],[127.28475,36.14399],[127.28469,36.14397],[127.28452,36.14393],[127.28363,36.14361],[127.28324,36.14347],[127.2818,36.14286],[127.28147,36.14272],[127.2812,36.14256],[127.28089,36.14237],[127.27794,36.14341],[127.27789,36.14343],[127.27785,36.14345],[127.27363,36.14622],[127.27358,36.14625],[127.2735,36.14632],[127.27348,36.14636],[127.27228,36.14909],[127.27228,36.14912],[127.27244,36.14933],[127.2726,36.14951],[127.2728,36.14971],[127.27295,36.14982],[127.27306,36.1499],[127.27321,36.15001],[127.27359,36.15025],[127.27431,36.15627],[127.27442,36.15634],[127.27579,36.15776],[127.27583,36.15781],[127.27588,36.1579],[127.2759,36.15802],[127.27589,36.15813],[127.27582,36.15827],[127.27549,36.15876],[127.27544,36.1588],[127.27532,36.1589],[127.27507,36.15907],[127.27489,36.15916],[127.27483,36.15919],[127.27433,36.15939],[127.27397,36.1595],[127.27295,36.16037],[127.27051,36.1633],[127.27008,36.16406],[127.26995,36.16426],[127.26983,36.16443],[127.26969,36.16458],[127.26854,36.16551],[127.26848,36.16555],[127.26831,36.16567],[127.26026,36.17088],[127.25817,36.17158],[127.25791,36.17163],[127.25726,36.1717],[127.25685,36.17173],[127.25653,36.17177],[127.25643,36.17181],[127.25635,36.17189],[127.25313,36.17694],[127.25266,36.17796],[127.25236,36.17988],[127.2524,36.18422],[127.25247,36.18437],[127.25249,36.18449],[127.25265,36.18591],[127.25265,36.18603],[127.25226,36.18713],[127.25223,36.18719],[127.25207,36.18735],[127.24651,36.18908],[127.24631,36.18911],[127.24621,36.18911],[127.24611,36.18911],[127.24367,36.18891],[127.24228,36.1887],[127.24023,36.18907],[127.24197,36.19218],[127.24188,36.1941],[127.24187,36.19418],[127.24185,36.19422],[127.24179,36.19427],[127.24155,36.19441],[127.2411,36.19467],[127.24096,36.19476],[127.24063,36.19605],[127.24064,36.19614],[127.24065,36.19619],[127.24084,36.19709],[127.24095,36.1975],[127.24148,36.19921],[127.24219,36.20093],[127.24221,36.20096],[127.24232,36.20127],[127.24234,36.20135],[127.24237,36.2015],[127.24237,36.20167],[127.24235,36.20175],[127.24233,36.20181],[127.2423,36.20191],[127.2415,36.20397],[127.2414,36.20417],[127.24131,36.20428],[127.24123,36.20435],[127.24106,36.20443],[127.24097,36.20446],[127.24081,36.2045],[127.24057,36.2046],[127.23972,36.20508],[127.2394,36.20531],[127.23822,36.20657],[127.23811,36.20671],[127.23804,36.20682],[127.23795,36.20701],[127.23712,36.20907],[127.23701,36.20937],[127.237,36.20946],[127.23696,36.20967],[127.23689,36.21014],[127.23688,36.21026],[127.23694,36.21122],[127.23708,36.21175],[127.23715,36.21197],[127.23715,36.21207],[127.23715,36.21217],[127.23692,36.21347],[127.23691,36.21355],[127.23616,36.21504],[127.23521,36.21614],[127.23678,36.22047],[127.23805,36.22391],[127.24011,36.23468],[127.24013,36.2348],[127.24012,36.23487],[127.24009,36.23502],[127.24006,36.23508],[127.24003,36.23516],[127.23999,36.23523],[127.23938,36.23616],[127.23959,36.23615],[127.24065,36.23603],[127.24072,36.23601],[127.24089,36.23598],[127.24145,36.23581],[127.24151,36.23579],[127.2416,36.23576],[127.24163,36.23575],[127.24167,36.23573],[127.24171,36.23571],[127.24174,36.23567],[127.24193,36.23547],[127.24195,36.23544],[127.24201,36.23538],[127.24216,36.23517],[127.24223,36.23507],[127.24227,36.23502],[127.24247,36.23472],[127.24266,36.23442],[127.24286,36.23408],[127.243,36.23383],[127.24305,36.2337],[127.24311,36.23355],[127.24316,36.23347],[127.24531,36.23227],[127.24545,36.2322],[127.2457,36.23208],[127.24581,36.23202],[127.24589,36.23198],[127.24614,36.2319],[127.24624,36.23188],[127.24635,36.23187],[127.2465,36.23186],[127.24674,36.23187],[127.24692,36.23189],[127.24714,36.23192],[127.24721,36.23194],[127.24725,36.23195],[127.24737,36.23198],[127.24758,36.23206],[127.24769,36.23211],[127.24776,36.23215],[127.2478,36.23217],[127.24784,36.23219],[127.24789,36.23221],[127.2482,36.23249],[127.24871,36.23299],[127.24949,36.23375],[127.24959,36.23383],[127.24964,36.23384],[127.25287,36.23442],[127.25337,36.23449],[127.25523,36.23467],[127.25569,36.23469],[127.25581,36.23469],[127.25597,36.23469],[127.25606,36.23469],[127.25617,36.23467],[127.25649,36.23456],[127.25663,36.23451],[127.2569,36.23439],[127.25713,36.23432],[127.25725,36.2343],[127.25741,36.2343],[127.25755,36.23431],[127.25772,36.23433],[127.25803,36.23441],[127.25812,36.23445],[127.2621,36.23653],[127.26224,36.23661],[127.26311,36.23718],[127.2632,36.23725],[127.26339,36.23744],[127.26358,36.23764],[127.26382,36.23791],[127.26386,36.23797],[127.26391,36.23807],[127.26392,36.23811],[127.26392,36.23817],[127.26384,36.23879],[127.26382,36.23894],[127.26379,36.23931],[127.26379,36.23937],[127.2638,36.23942],[127.26381,36.23947],[127.26385,36.23961],[127.26396,36.23991],[127.26405,36.24006],[127.26412,36.24016],[127.26417,36.24023],[127.26521,36.24135],[127.2666,36.24252],[127.26668,36.24257],[127.26674,36.2426],[127.26679,36.24261],[127.26963,36.2433],[127.2716,36.24364],[127.27418,36.24396],[127.27429,36.24398],[127.27511,36.24403],[127.27564,36.24404],[127.27808,36.24407],[127.27999,36.24408],[127.2805,36.2432],[127.28156,36.24135],[127.2829,36.23864],[127.28302,36.23682],[127.28302,36.23675],[127.28301,36.23668],[127.28299,36.23663],[127.28819,36.23293],[127.29113,36.23027],[127.29284,36.22743],[127.29314,36.22534],[127.29364,36.22329],[127.29365,36.22323],[127.29376,36.22312],[127.29732,36.22199],[127.29998,36.2213],[127.30049,36.22121],[127.30077,36.22119],[127.30096,36.22118],[127.30122,36.22119],[127.30139,36.22119],[127.30181,36.22126],[127.30195,36.22129],[127.30205,36.22131],[127.30228,36.22136],[127.30259,36.22147],[127.30286,36.22158],[127.30312,36.22172],[127.30328,36.22184],[127.30342,36.222],[127.30355,36.22224],[127.30356,36.22234],[127.30358,36.22244],[127.30361,36.22265],[127.30358,36.22301],[127.30334,36.22433],[127.30321,36.22498],[127.303,36.22589],[127.30291,36.22625],[127.30284,36.22678],[127.30284,36.22697],[127.30303,36.22795],[127.30315,36.22855],[127.3032,36.22867],[127.30325,36.22875],[127.30328,36.22878],[127.30331,36.22881],[127.30348,36.22892],[127.30354,36.22895],[127.30359,36.22896],[127.30364,36.22897],[127.30369,36.22897],[127.30376,36.22897],[127.3038,36.22897],[127.30466,36.22885],[127.30474,36.22883],[127.30477,36.2288],[127.30492,36.2285],[127.30508,36.22819],[127.30577,36.22717],[127.30593,36.22697],[127.30599,36.22691],[127.3061,36.22678],[127.30758,36.22553],[127.30871,36.22468],[127.30882,36.22464],[127.30902,36.22464],[127.30908,36.22463],[127.30926,36.22462],[127.30946,36.22458],[127.30997,36.22439],[127.31009,36.22434],[127.31437,36.22246],[127.31445,36.22242],[127.31553,36.2211],[127.31563,36.22098],[127.31568,36.22091],[127.31577,36.22076],[127.31582,36.22069],[127.3197,36.21545],[127.32107,36.21418],[127.32114,36.21411],[127.32141,36.21383],[127.3215,36.2137],[127.32154,36.21352],[127.32153,36.21343],[127.32153,36.21334],[127.32146,36.21305],[127.32142,36.21297],[127.32133,36.21278],[127.32067,36.21215],[127.3207,36.21104],[127.32078,36.20966],[127.32117,36.20851],[127.32295,36.20379],[127.32305,36.2036],[127.32319,36.20342],[127.3234,36.20323],[127.32343,36.20321],[127.32354,36.20313],[127.32363,36.20312],[127.327,36.20372],[127.32702,36.20374],[127.32706,36.20378],[127.32714,36.20384],[127.3273,36.20389],[127.32794,36.20405],[127.32808,36.20407],[127.32813,36.20405],[127.33316,36.2008],[127.33345,36.20045],[127.33356,36.19989],[127.33356,36.19985],[127.33353,36.1998],[127.33346,36.19973],[127.33217,36.1977],[127.33008,36.19444],[127.33069,36.19344],[127.33131,36.19121],[127.33178,36.18797],[127.33179,36.18679],[127.33172,36.18499],[127.3317,36.18491],[127.33165,36.1848],[127.33143,36.18432]]]]}},{"type":"Feature","properties":{"code":"44230390","name":"양촌면","parent":"44230"},"geometry":{"type":"MultiPolygon","coordinates":[[[[127.24023,36.18907],[127.24228,36.1887],[127.24367,36.18891],[127.24611,36.18911],[127.24621,36.18911],[127.24631,36.18911],[127.24651,36.18908],[127.25207,36.18735],[127.25223,36.18719],[127.25226,36.18713],[127.25265,36.18603],[127.25265,36.18591],[127.25249,36.18449],[127.25247,36.18437],[127.2524,36.18422],[127.25236,36.17988],[127.25266,36.17796],[127.25313,36.17694],[127.25635,36.17189],[127.25643,36.17181],[127.25653,36.17177],[127.25685,36.17173],[127.25726,36.1717],[127.25791,36.17163],[127.25817,36.17158],[127.26026,36.17088],[127.26831,36.16567],[127.26848,36.16555],[127.26854,36.16551],[127.26969,36.16458],[127.26983,36.16443],[127.26995,36.16426],[127.27008,36.16406],[127.27051,36.1633],[127.27295,36.16037],[127.27397,36.1595],[127.27433,36.15939],[127.27483,36.15919],[127.27489,36.15916],[127.27507,36.15907],[127.27532,36.1589],[127.27544,36.1588],[127.27549,36.15876],[127.27582,36.15827],[127.27589,36.15813],[127.2759,36.15802],[127.27588,36.1579],[127.27583,36.15781],[127.27579,36.15776],[127.27442,36.15634],[127.27431,36.15627],[127.27359,36.15025],[127.27321,36.15001],[127.27306,36.1499],[127.27295,36.14982],[127.2728,36.14971],[127.2726,36.14951],[127.27244,36.14933],[127.27228,36.14912],[127.27228,36.14909],[127.27348,36.14636],[127.2735,36.14632],[127.27358,36.14625],[127.27363,36.14622],[127.27785,36.14345],[127.27789,36.14343],[127.27794,36.14341],[127.28089,36.14237],[127.2812,36.14256],[127.28147,36.14272],[127.2818,36.14286],[127.28324,36.14347],[127.28363,36.14361],[127.28452,36.14393],[127.28469,36.14397],[127.28475,36.14399],[127.28494,36.14402],[127.28619,36.14415],[127.28623,36.14416],[127.28944,36.14422],[127.28946,36.1442],[127.28949,36.14417],[127.29071,36.14206],[127.29076,36.14195],[127.29082,36.14182],[127.29093,36.14157],[127.29101,36.14135],[127.29107,36.14113],[127.29118,36.14051],[127.29137,36.13967],[127.2914,36.13961],[127.29214,36.13782],[127.29217,36.13777],[127.29238,36.13761],[127.29254,36.13752],[127.29269,36.13745],[127.29289,36.13736],[127.29302,36.13731],[127.29313,36.13728],[127.29437,36.13678],[127.29702,36.13567],[127.29712,36.13561],[127.29721,36.13555],[127.29728,36.1355],[127.29731,36.13547],[127.29735,36.13542],[127.29797,36.13475],[127.29812,36.13455],[127.29814,36.13451],[127.29815,36.13446],[127.29812,36.13304],[127.29811,36.13297],[127.29811,36.13291],[127.29862,36.13158],[127.2999,36.12914],[127.30136,36.12673],[127.30139,36.12668],[127.30142,36.12665],[127.30182,36.12608],[127.30211,36.12571],[127.30237,36.12545],[127.30162,36.124],[127.30156,36.12391],[127.30151,36.12384],[127.30094,36.12315],[127.3008,36.12303],[127.30069,36.12297],[127.30058,36.12292],[127.29898,36.12224],[127.29894,36.12222],[127.29886,36.12222],[127.29868,36.12223],[127.29837,36.12224],[127.2983,36.12225],[127.29816,36.12232],[127.29803,36.12238],[127.29589,36.12008],[127.2959,36.11882],[127.29528,36.11593],[127.29492,36.11438],[127.29454,36.11312],[127.29447,36.11297],[127.29424,36.11273],[127.29402,36.11253],[127.29377,36.11239],[127.29354,36.1123],[127.2934,36.11227],[127.2923,36.11207],[127.29205,36.11203],[127.2899,36.11175],[127.28984,36.11178],[127.2897,36.11197],[127.28962,36.11204],[127.28918,36.11227],[127.28896,36.11237],[127.28872,36.11249],[127.28852,36.11258],[127.28838,36.11264],[127.28828,36.11268],[127.2881,36.11271],[127.28791,36.11271],[127.28787,36.11272],[127.28763,36.11269],[127.28526,36.11242],[127.28418,36.11201],[127.28412,36.11193],[127.28404,36.11184],[127.28379,36.11162],[127.28247,36.11059],[127.28224,36.11045],[127.28204,36.11033],[127.28198,36.1103],[127.2817,36.11015],[127.28146,36.11005],[127.27499,36.10774],[127.27376,36.10758],[127.27348,36.10757],[127.27099,36.10782],[127.26684,36.10845],[127.26656,36.1085],[127.26651,36.10851],[127.26454,36.10901],[127.26428,36.10907],[127.26149,36.1105],[127.26115,36.1107],[127.26095,36.11085],[127.26071,36.11108],[127.26056,36.11125],[127.26046,36.11145],[127.2604,36.11168],[127.26037,36.1119],[127.26033,36.11211],[127.26028,36.11228],[127.26022,36.11246],[127.26008,36.11263],[127.25985,36.11282],[127.25958,36.113],[127.25776,36.11411],[127.25764,36.11416],[127.25741,36.11416],[127.25712,36.11413],[127.25685,36.11409],[127.25161,36.11226],[127.25025,36.11005],[127.24998,36.10902],[127.25,36.10886],[127.25007,36.10869],[127.25012,36.10858],[127.25019,36.10741],[127.24817,36.10589],[127.2475,36.10547],[127.24661,36.10496],[127.24656,36.10493],[127.24643,36.10486],[127.24627,36.10475],[127.24615,36.10457],[127.24613,36.10453],[127.24608,36.10446],[127.24603,36.10413],[127.24575,36.10211],[127.24572,36.10081],[127.24601,36.09657],[127.24626,36.09478],[127.24628,36.09475],[127.24631,36.0947],[127.24639,36.09461],[127.24642,36.09457],[127.2472,36.09378],[127.24723,36.09375],[127.2473,36.0937],[127.24733,36.09368],[127.24749,36.09362],[127.2476,36.09359],[127.24768,36.09358],[127.24781,36.09358],[127.24789,36.09357],[127.24806,36.09355],[127.24823,36.0935],[127.2484,36.09343],[127.24917,36.09306],[127.24947,36.09286],[127.25456,36.08938],[127.25551,36.08869],[127.25698,36.08752],[127.25702,36.08747],[127.25703,36.08739],[127.257,36.0873],[127.25602,36.08533],[127.25586,36.085],[127.25571,36.08474],[127.25557,36.08454],[127.25555,36.08451],[127.25542,36.08438],[127.25527,36.08427],[127.25417,36.08369],[127.25405,36.08366],[127.25114,36.08338],[127.25073,36.08334],[127.24882,36.08327],[127.24778,36.0833],[127.24642,36.08358],[127.24635,36.0836],[127.24627,36.08362],[127.24341,36.08471],[127.24335,36.08474],[127.24321,36.08481],[127.243,36.08494],[127.24291,36.08499],[127.24285,36.08503],[127.2418,36.08577],[127.24175,36.0858],[127.23919,36.08841],[127.23724,36.09059],[127.23598,36.0926],[127.23601,36.09271],[127.23601,36.09276],[127.23601,36.09279],[127.23602,36.09292],[127.236,36.09306],[127.23597,36.09312],[127.23592,36.09322],[127.23581,36.09339],[127.23563,36.09361],[127.23558,36.09367],[127.2355,36.09373],[127.23543,36.0938],[127.23537,36.09385],[127.2345,36.0945],[127.23441,36.09458],[127.23432,36.09464],[127.23008,36.09722],[127.2282,36.09821],[127.22767,36.09841],[127.22556,36.09922],[127.22552,36.09923],[127.22549,36.09923],[127.22533,36.0992],[127.22323,36.09879],[127.22289,36.0987],[127.2228,36.09867],[127.22062,36.09724],[127.21936,36.09696],[127.21694,36.09771],[127.21303,36.0994],[127.21291,36.09969],[127.21275,36.10001],[127.21241,36.10044],[127.21229,36.10057],[127.21219,36.10061],[127.21213,36.10062],[127.21206,36.10063],[127.21184,36.10063],[127.21151,36.10059],[127.21037,36.10044],[127.20935,36.10062],[127.20547,36.10054],[127.20497,36.10048],[127.20473,36.10039],[127.2046,36.10025],[127.2039,36.09821],[127.20377,36.09739],[127.20368,36.09569],[127.20358,36.0942],[127.20349,36.09394],[127.20345,36.0939],[127.20329,36.09374],[127.20298,36.09353],[127.20262,36.09339],[127.20095,36.0925],[127.20079,36.09235],[127.20061,36.0919],[127.2006,36.09187],[127.2005,36.09154],[127.20039,36.0904],[127.20041,36.09026],[127.20054,36.0901],[127.20092,36.08977],[127.20161,36.08916],[127.20182,36.08885],[127.20186,36.08867],[127.20187,36.08864],[127.20183,36.08835],[127.20173,36.08778],[127.20168,36.08748],[127.20161,36.0874],[127.20147,36.08729],[127.19957,36.0861],[127.19949,36.08607],[127.19933,36.08601],[127.19916,36.086],[127.1961,36.08594],[127.19601,36.08595],[127.19585,36.08602],[127.19256,36.08801],[127.19247,36.08808],[127.19239,36.08818],[127.19235,36.0883],[127.19237,36.08859],[127.19234,36.08905],[127.19232,36.08915],[127.19229,36.08928],[127.19227,36.08933],[127.19225,36.08937],[127.19126,36.09041],[127.19122,36.09044],[127.19096,36.0907],[127.18905,36.09228],[127.18884,36.09245],[127.1839,36.09435],[127.18345,36.0944],[127.18305,36.09445],[127.18287,36.09447],[127.18159,36.09457],[127.18126,36.09455],[127.1809,36.09454],[127.1808,36.09452],[127.18072,36.0945],[127.17939,36.09418],[127.17928,36.09432],[127.17922,36.09438],[127.179,36.09458],[127.17884,36.09471],[127.17817,36.09519],[127.17804,36.09528],[127.17798,36.09531],[127.17751,36.09558],[127.17733,36.09566],[127.17704,36.09576],[127.17681,36.09583],[127.17624,36.09607],[127.17605,36.09617],[127.17552,36.09655],[127.17526,36.09677],[127.17522,36.0968],[127.17514,36.09688],[127.17507,36.09696],[127.17503,36.09706],[127.17499,36.09731],[127.17446,36.10151],[127.17447,36.10156],[127.17719,36.10633],[127.17821,36.10812],[127.1783,36.10826],[127.18116,36.11074],[127.18123,36.1108],[127.18142,36.11084],[127.18147,36.11085],[127.18165,36.11086],[127.18171,36.11086],[127.18223,36.11075],[127.18231,36.11074],[127.18252,36.11063],[127.1827,36.1105],[127.1829,36.11031],[127.18423,36.11048],[127.19204,36.11398],[127.19412,36.11546],[127.19416,36.11547],[127.19467,36.11542],[127.19481,36.11541],[127.19521,36.11537],[127.19542,36.11535],[127.19579,36.11536],[127.196,36.11538],[127.19627,36.11548],[127.19738,36.11592],[127.19818,36.11632],[127.19828,36.11637],[127.19976,36.11745],[127.20006,36.11772],[127.2001,36.11776],[127.20055,36.1183],[127.20167,36.11992],[127.2017,36.12003],[127.20163,36.12013],[127.20144,36.12025],[127.20117,36.12034],[127.20091,36.12038],[127.20052,36.1204],[127.20036,36.1204],[127.19852,36.12234],[127.19868,36.12437],[127.19867,36.12445],[127.19846,36.12548],[127.1974,36.12645],[127.19731,36.12654],[127.19711,36.12671],[127.19548,36.12796],[127.19463,36.12835],[127.19445,36.12841],[127.19425,36.12844],[127.1942,36.12845],[127.19399,36.12846],[127.19307,36.12935],[127.19168,36.1308],[127.19135,36.13123],[127.19099,36.1317],[127.19078,36.13205],[127.19088,36.13232],[127.19151,36.13461],[127.19006,36.1364],[127.18996,36.13655],[127.18992,36.13663],[127.18991,36.1367],[127.19,36.13723],[127.1903,36.13783],[127.19281,36.14067],[127.19323,36.14078],[127.19373,36.14093],[127.19388,36.141],[127.19575,36.14221],[127.19661,36.14279],[127.19934,36.14575],[127.19937,36.14582],[127.19943,36.14594],[127.19954,36.14712],[127.19958,36.14791],[127.1996,36.14796],[127.20042,36.14855],[127.20071,36.14874],[127.20151,36.14899],[127.20161,36.14902],[127.20229,36.14913],[127.20241,36.14915],[127.20266,36.14914],[127.20285,36.14913],[127.20296,36.14915],[127.20304,36.14916],[127.2031,36.1492],[127.20322,36.1493],[127.20334,36.14942],[127.20344,36.14955],[127.20489,36.15146],[127.205,36.15162],[127.20501,36.15165],[127.20503,36.15172],[127.20501,36.15186],[127.20479,36.15258],[127.20465,36.15296],[127.20418,36.15393],[127.2036,36.15473],[127.20354,36.15478],[127.20317,36.1551],[127.20253,36.15554],[127.20121,36.15657],[127.19929,36.15852],[127.19916,36.159],[127.19823,36.1645],[127.19824,36.16479],[127.19832,36.16499],[127.19943,36.16632],[127.19961,36.16642],[127.19982,36.16647],[127.20019,36.16653],[127.2007,36.16663],[127.20087,36.16672],[127.20093,36.16682],[127.20267,36.1705],[127.20288,36.17095],[127.20303,36.17161],[127.20308,36.17185],[127.20286,36.1742],[127.20276,36.17445],[127.20207,36.17542],[127.2019,36.17564],[127.20124,36.17618],[127.20096,36.17635],[127.19959,36.17713],[127.19929,36.1773],[127.19897,36.17747],[127.19882,36.17758],[127.19847,36.17796],[127.19835,36.17814],[127.19818,36.17843],[127.19789,36.17894],[127.19734,36.17995],[127.19709,36.18097],[127.19685,36.18202],[127.19679,36.18214],[127.19655,36.18254],[127.19601,36.18302],[127.19489,36.18331],[127.19453,36.1833],[127.19401,36.18313],[127.19082,36.18205],[127.18817,36.18123],[127.18566,36.18105],[127.18752,36.1835],[127.18792,36.1838],[127.18839,36.18421],[127.18977,36.18545],[127.18999,36.18566],[127.19022,36.18592],[127.19039,36.18612],[127.19055,36.18637],[127.1907,36.18661],[127.19097,36.18712],[127.191,36.18721],[127.19105,36.18738],[127.19108,36.18754],[127.19108,36.18764],[127.19106,36.18789],[127.19103,36.18812],[127.19097,36.18836],[127.19093,36.18866],[127.19091,36.18881],[127.19092,36.18895],[127.19095,36.18903],[127.191,36.18913],[127.19177,36.19065],[127.19182,36.19074],[127.19231,36.1915],[127.19314,36.1923],[127.19507,36.19414],[127.19541,36.1944],[127.19779,36.19584],[127.19848,36.19619],[127.19865,36.19626],[127.19915,36.1964],[127.19925,36.1964],[127.19931,36.19639],[127.19949,36.19636],[127.19984,36.19633],[127.20015,36.19634],[127.20033,36.19636],[127.20064,36.19644],[127.20136,36.19663],[127.20217,36.19686],[127.20285,36.19706],[127.20289,36.19708],[127.20305,36.19714],[127.20311,36.19717],[127.20319,36.19727],[127.20323,36.19738],[127.20346,36.19858],[127.2035,36.19883],[127.20346,36.19915],[127.20357,36.19989],[127.20365,36.20028],[127.2037,36.20049],[127.20397,36.20145],[127.20408,36.20166],[127.20416,36.20177],[127.20421,36.20183],[127.20501,36.20246],[127.20505,36.20249],[127.20517,36.20257],[127.21059,36.20584],[127.21085,36.20595],[127.21142,36.20611],[127.21176,36.20615],[127.21189,36.20613],[127.21192,36.20606],[127.21192,36.20593],[127.21183,36.2058],[127.21162,36.20561],[127.21153,36.20552],[127.21132,36.20519],[127.21123,36.20478],[127.21111,36.20419],[127.21107,36.20392],[127.21104,36.20296],[127.21105,36.20289],[127.21106,36.20281],[127.21115,36.20265],[127.21123,36.20255],[127.21142,36.20235],[127.21149,36.20231],[127.21164,36.20221],[127.21195,36.20207],[127.21218,36.20198],[127.21231,36.20194],[127.21304,36.20179],[127.21348,36.20167],[127.21364,36.20162],[127.21404,36.20146],[127.21418,36.20138],[127.21422,36.20135],[127.21432,36.2013],[127.21445,36.20121],[127.21453,36.20115],[127.21472,36.20101],[127.21484,36.20088],[127.2149,36.20083],[127.21506,36.20058],[127.21511,36.20042],[127.21516,36.20021],[127.21516,36.20018],[127.21508,36.19961],[127.21505,36.19911],[127.21532,36.19818],[127.21538,36.19801],[127.21567,36.1977],[127.21617,36.19726],[127.21659,36.19691],[127.21692,36.19673],[127.21709,36.19665],[127.2172,36.19661],[127.21733,36.19657],[127.21793,36.19647],[127.2191,36.19502],[127.22357,36.18803],[127.22516,36.18502],[127.22552,36.18353],[127.2259,36.1814],[127.22591,36.18125],[127.22591,36.18122],[127.22595,36.18111],[127.22599,36.181],[127.22611,36.18073],[127.22622,36.18045],[127.22625,36.18041],[127.22631,36.1803],[127.22633,36.18028],[127.22643,36.18019],[127.22651,36.18013],[127.22675,36.18001],[127.22682,36.17997],[127.22695,36.17991],[127.22702,36.17988],[127.22715,36.17984],[127.22728,36.17983],[127.22741,36.17983],[127.23377,36.18034],[127.23741,36.18011],[127.23745,36.18011],[127.23757,36.18016],[127.23778,36.18027],[127.23789,36.18034],[127.23813,36.18048],[127.23971,36.18151],[127.2398,36.18157],[127.23989,36.18163],[127.24108,36.18244],[127.24126,36.18256],[127.24138,36.18265],[127.24159,36.18281],[127.24175,36.18295],[127.24186,36.18306],[127.24191,36.18313],[127.24192,36.18319],[127.2419,36.18488],[127.24189,36.18503],[127.24188,36.1851],[127.24186,36.18521],[127.24182,36.18538],[127.24175,36.18565],[127.24167,36.18594],[127.2416,36.18612],[127.24023,36.18907]]]]}},{"type":"Feature","properties":{"code":"44230400","name":"가야곡면","parent":"44230"},"geometry":{"type":"MultiPolygon","coordinates":[[[[127.17939,36.09418],[127.17934,36.09416],[127.1793,36.09411],[127.17924,36.09404],[127.17917,36.09391],[127.17832,36.09242],[127.1782,36.09194],[127.17815,36.09166],[127.17812,36.09158],[127.17807,36.09146],[127.178,36.09132],[127.17788,36.09114],[127.17767,36.0909],[127.17595,36.0893],[127.17584,36.08922],[127.17301,36.08715],[127.17147,36.08472],[127.17145,36.08467],[127.1714,36.08462],[127.17133,36.08458],[127.17124,36.08454],[127.17054,36.08431],[127.17004,36.08415],[127.16943,36.08397],[127.1692,36.08391],[127.16906,36.0839],[127.16889,36.08391],[127.16868,36.08394],[127.16849,36.08399],[127.16823,36.08406],[127.16786,36.08422],[127.16763,36.08433],[127.16745,36.08439],[127.16658,36.0847],[127.16473,36.08523],[127.16461,36.08525],[127.16452,36.08524],[127.16443,36.08523],[127.16318,36.08497],[127.16311,36.08494],[127.16307,36.08493],[127.16297,36.08487],[127.16285,36.08478],[127.16217,36.08431],[127.16148,36.08389],[127.16131,36.08379],[127.16119,36.08373],[127.16107,36.08371],[127.15926,36.08353],[127.15777,36.08369],[127.15377,36.08479],[127.15368,36.08482],[127.15354,36.08489],[127.15341,36.08497],[127.15319,36.08514],[127.15303,36.0853],[127.15286,36.08546],[127.15279,36.08556],[127.15271,36.08575],[127.15125,36.08992],[127.152,36.09042],[127.15214,36.09052],[127.15236,36.09067],[127.153,36.09114],[127.15309,36.09121],[127.15316,36.09127],[127.1532,36.09132],[127.15326,36.09141],[127.15335,36.09161],[127.15405,36.09375],[127.15408,36.09383],[127.15412,36.09404],[127.15413,36.09425],[127.15413,36.09456],[127.15412,36.09496],[127.15401,36.09646],[127.15399,36.09661],[127.15396,36.09679],[127.15387,36.09706],[127.1537,36.09752],[127.15184,36.10164],[127.15176,36.10175],[127.15164,36.10186],[127.15144,36.10204],[127.1513,36.10217],[127.15051,36.10279],[127.1499,36.1032],[127.14968,36.10336],[127.14947,36.10359],[127.1486,36.10469],[127.14834,36.10507],[127.14831,36.10521],[127.14832,36.10526],[127.14879,36.10687],[127.14899,36.10735],[127.14927,36.10796],[127.14938,36.10816],[127.14968,36.10872],[127.15026,36.10953],[127.15034,36.10958],[127.15057,36.10959],[127.15085,36.10962],[127.15125,36.10971],[127.1514,36.10977],[127.1515,36.10984],[127.15154,36.10993],[127.15187,36.11123],[127.15199,36.11177],[127.15199,36.11192],[127.15198,36.11204],[127.1516,36.11366],[127.15156,36.11375],[127.1512,36.11438],[127.15107,36.11454],[127.15086,36.11474],[127.15069,36.11488],[127.1505,36.11504],[127.15038,36.1151],[127.15033,36.11511],[127.15008,36.11511],[127.14969,36.11512],[127.14947,36.11513],[127.14934,36.11516],[127.14925,36.11521],[127.14903,36.11537],[127.14879,36.11555],[127.14862,36.11572],[127.14847,36.11593],[127.14835,36.11616],[127.1464,36.12166],[127.14654,36.12299],[127.14649,36.12333],[127.14621,36.12388],[127.14597,36.12424],[127.14566,36.12452],[127.14539,36.12468],[127.14516,36.12475],[127.14493,36.12473],[127.14459,36.12461],[127.14424,36.12448],[127.14359,36.12429],[127.14345,36.12434],[127.14055,36.12568],[127.13877,36.12736],[127.13694,36.12932],[127.13676,36.12963],[127.13606,36.13099],[127.13696,36.13061],[127.1376,36.13042],[127.13774,36.13039],[127.13833,36.13035],[127.13884,36.13033],[127.139,36.13035],[127.13925,36.13039],[127.13947,36.13049],[127.14003,36.13107],[127.13986,36.13174],[127.13982,36.13199],[127.1397,36.13305],[127.13967,36.13339],[127.13965,36.13365],[127.14042,36.13565],[127.14096,36.1364],[127.1419,36.13732],[127.14201,36.13742],[127.14213,36.13748],[127.14288,36.13768],[127.14318,36.13775],[127.1434,36.1378],[127.14361,36.13792],[127.14376,36.13802],[127.14398,36.13823],[127.14414,36.13843],[127.14434,36.1387],[127.14451,36.13898],[127.14463,36.13924],[127.14464,36.13936],[127.1443,36.14047],[127.14424,36.14056],[127.14598,36.14503],[127.14644,36.14573],[127.14649,36.14588],[127.14651,36.14597],[127.14646,36.14611],[127.14211,36.14989],[127.14193,36.14999],[127.14055,36.15036],[127.13982,36.15049],[127.13659,36.15102],[127.13404,36.15138],[127.13386,36.15136],[127.13366,36.15136],[127.13359,36.15137],[127.13335,36.1517],[127.13321,36.15195],[127.13317,36.15206],[127.13315,36.15306],[127.13487,36.15698],[127.13494,36.15699],[127.13499,36.157],[127.13561,36.15746],[127.13449,36.15973],[127.13337,36.16184],[127.13249,36.16291],[127.13102,36.16432],[127.13091,36.16441],[127.13044,36.16475],[127.12989,36.16503],[127.12968,36.1651],[127.12957,36.16513],[127.12942,36.1652],[127.12933,36.16527],[127.12923,36.16535],[127.12914,36.16546],[127.12905,36.16559],[127.12891,36.16582],[127.12854,36.16658],[127.12848,36.16672],[127.12765,36.16929],[127.12736,36.1703],[127.12736,36.17043],[127.12737,36.17049],[127.12742,36.17053],[127.1331,36.17055],[127.13338,36.17054],[127.13342,36.17052],[127.13382,36.1702],[127.13398,36.17007],[127.13419,36.16977],[127.13467,36.16906],[127.13481,36.16885],[127.13507,36.16844],[127.13536,36.16805],[127.13606,36.1672],[127.13731,36.16601],[127.13747,36.16589],[127.13781,36.16579],[127.13818,36.16586],[127.13846,36.16602],[127.13868,36.16628],[127.13874,36.16641],[127.13878,36.16652],[127.13877,36.16671],[127.13875,36.16683],[127.13877,36.16703],[127.13883,36.16721],[127.13952,36.16891],[127.1396,36.16903],[127.13977,36.16928],[127.14007,36.16963],[127.1402,36.16979],[127.14043,36.17001],[127.14067,36.17022],[127.14133,36.17081],[127.14158,36.17106],[127.14226,36.17182],[127.14245,36.17217],[127.14268,36.17285],[127.14279,36.17326],[127.14289,36.17365],[127.14291,36.17379],[127.14293,36.17413],[127.14294,36.17444],[127.14289,36.17507],[127.1426,36.17613],[127.14195,36.17796],[127.14397,36.17746],[127.14412,36.17744],[127.14439,36.17741],[127.14461,36.17742],[127.14542,36.17751],[127.14558,36.17758],[127.1465,36.17822],[127.14651,36.17829],[127.14648,36.17894],[127.14648,36.17899],[127.14945,36.17996],[127.15542,36.18238],[127.15574,36.18246],[127.15613,36.18253],[127.15642,36.18258],[127.15675,36.18262],[127.158,36.18271],[127.15901,36.18271],[127.15978,36.18267],[127.16138,36.18242],[127.16171,36.18235],[127.16253,36.18214],[127.16747,36.18077],[127.16776,36.18068],[127.16789,36.18063],[127.16816,36.18053],[127.16853,36.1804],[127.1729,36.17897],[127.17399,36.17874],[127.17578,36.17863],[127.17694,36.17872],[127.17996,36.17927],[127.18034,36.17938],[127.18041,36.1794],[127.18216,36.18025],[127.18348,36.18077],[127.18559,36.18104],[127.18566,36.18105],[127.18817,36.18123],[127.19082,36.18205],[127.19401,36.18313],[127.19453,36.1833],[127.19489,36.18331],[127.19601,36.18302],[127.19655,36.18254],[127.19679,36.18214],[127.19685,36.18202],[127.19709,36.18097],[127.19734,36.17995],[127.19789,36.17894],[127.19818,36.17843],[127.19835,36.17814],[127.19847,36.17796],[127.19882,36.17758],[127.19897,36.17747],[127.19929,36.1773],[127.19959,36.17713],[127.20096,36.17635],[127.20124,36.17618],[127.2019,36.17564],[127.20207,36.17542],[127.20276,36.17445],[127.20286,36.1742],[127.20308,36.17185],[127.20303,36.17161],[127.20288,36.17095],[127.20267,36.1705],[127.20093,36.16682],[127.20087,36.16672],[127.2007,36.16663],[127.20019,36.16653],[127.19982,36.16647],[127.19961,36.16642],[127.19943,36.16632],[127.19832,36.16499],[127.19824,36.16479],[127.19823,36.1645],[127.19916,36.159],[127.19929,36.15852],[127.20121,36.15657],[127.20253,36.15554],[127.20317,36.1551],[127.20354,36.15478],[127.2036,36.15473],[127.20418,36.15393],[127.20465,36.15296],[127.20479,36.15258],[127.20501,36.15186],[127.20503,36.15172],[127.20501,36.15165],[127.205,36.15162],[127.20489,36.15146],[127.20344,36.14955],[127.20334,36.14942],[127.20322,36.1493],[127.2031,36.1492],[127.20304,36.14916],[127.20296,36.14915],[127.20285,36.14913],[127.20266,36.14914],[127.20241,36.14915],[127.20229,36.14913],[127.20161,36.14902],[127.20151,36.14899],[127.20071,36.14874],[127.20042,36.14855],[127.1996,36.14796],[127.19958,36.14791],[127.19954,36.14712],[127.19943,36.14594],[127.19937,36.14582],[127.19934,36.14575],[127.19661,36.14279],[127.19575,36.14221],[127.19388,36.141],[127.19373,36.14093],[127.19323,36.14078],[127.19281,36.14067],[127.1903,36.13783],[127.19,36.13723],[127.18991,36.1367],[127.18992,36.13663],[127.18996,36.13655],[127.19006,36.1364],[127.19151,36.13461],[127.19088,36.13232],[127.19078,36.13205],[127.19099,36.1317],[127.19135,36.13123],[127.19168,36.1308],[127.19307,36.12935],[127.19399,36.12846],[127.1942,36.12845],[127.19425,36.12844],[127.19445,36.12841],[127.19463,36.12835],[127.19548,36.12796],[127.19711,36.12671],[127.19731,36.12654],[127.1974,36.12645],[127.19846,36.12548],[127.19867,36.12445],[127.19868,36.12437],[127.19852,36.12234],[127.20036,36.1204],[127.20052,36.1204],[127.20091,36.12038],[127.20117,36.12034],[127.20144,36.12025],[127.20163,36.12013],[127.2017,36.12003],[127.20167,36.11992],[127.20055,36.1183],[127.2001,36.11776],[127.20006,36.11772],[127.19976,36.11745],[127.19828,36.11637],[127.19818,36.11632],[127.19738,36.11592],[127.19627,36.11548],[127.196,36.11538],[127.19579,36.11536],[127.19542,36.11535],[127.19521,36.11537],[127.19481,36.11541],[127.19467,36.11542],[127.19416,36.11547],[127.19412,36.11546],[127.19204,36.11398],[127.18423,36.11048],[127.1829,36.11031],[127.1827,36.1105],[127.18252,36.11063],[127.18231,36.11074],[127.18223,36.11075],[127.18171,36.11086],[127.18165,36.11086],[127.18147,36.11085],[127.18142,36.11084],[127.18123,36.1108],[127.18116,36.11074],[127.1783,36.10826],[127.17821,36.10812],[127.17719,36.10633],[127.17447,36.10156],[127.17446,36.10151],[127.17499,36.09731],[127.17503,36.09706],[127.17507,36.09696],[127.17514,36.09688],[127.17522,36.0968],[127.17526,36.09677],[127.17552,36.09655],[127.17605,36.09617],[127.17624,36.09607],[127.17681,36.09583],[127.17704,36.09576],[127.17733,36.09566],[127.17751,36.09558],[127.17798,36.09531],[127.17804,36.09528],[127.17817,36.09519],[127.17884,36.09471],[127.179,36.09458],[127.17922,36.09438],[127.17928,36.09432],[127.17939,36.09418]]]]}},{"type":"Feature","properties":{"code":"44230410","name":"은진면","parent":"44230"},"geometry":{"type":"MultiPolygon","coordinates":[[[[127.1263,36.19692],[127.12761,36.19508],[127.12751,36.19403],[127.12732,36.19186],[127.12781,36.18911],[127.12793,36.18847],[127.13122,36.18603],[127.13279,36.18491],[127.13289,36.18485],[127.13294,36.18483],[127.13317,36.18473],[127.1333,36.18468],[127.13374,36.18456],[127.13409,36.18447],[127.13435,36.18437],[127.13457,36.18422],[127.13465,36.18417],[127.13508,36.18383],[127.13526,36.18369],[127.13846,36.1811],[127.14045,36.17921],[127.14195,36.17796],[127.1426,36.17613],[127.14289,36.17507],[127.14294,36.17444],[127.14293,36.17413],[127.14291,36.17379],[127.14289,36.17365],[127.14279,36.17326],[127.14268,36.17285],[127.14245,36.17217],[127.14226,36.17182],[127.14158,36.17106],[127.14133,36.17081],[127.14067,36.17022],[127.14043,36.17001],[127.1402,36.16979],[127.14007,36.16963],[127.13977,36.16928],[127.1396,36.16903],[127.13952,36.16891],[127.13883,36.16721],[127.13877,36.16703],[127.13875,36.16683],[127.13877,36.16671],[127.13878,36.16652],[127.13874,36.16641],[127.13868,36.16628],[127.13846,36.16602],[127.13818,36.16586],[127.13781,36.16579],[127.13747,36.16589],[127.13731,36.16601],[127.13606,36.1672],[127.13536,36.16805],[127.13507,36.16844],[127.13481,36.16885],[127.13467,36.16906],[127.13419,36.16977],[127.13398,36.17007],[127.13382,36.1702],[127.13342,36.17052],[127.13338,36.17054],[127.1331,36.17055],[127.12742,36.17053],[127.12737,36.17049],[127.12736,36.17043],[127.12736,36.1703],[127.12765,36.16929],[127.12848,36.16672],[127.12854,36.16658],[127.12891,36.16582],[127.12905,36.16559],[127.12914,36.16546],[127.12923,36.16535],[127.12933,36.16527],[127.12942,36.1652],[127.12957,36.16513],[127.12968,36.1651],[127.12989,36.16503],[127.13044,36.16475],[127.13091,36.16441],[127.13102,36.16432],[127.13249,36.16291],[127.13337,36.16184],[127.13449,36.15973],[127.13561,36.15746],[127.13499,36.157],[127.13494,36.15699],[127.13487,36.15698],[127.13315,36.15306],[127.13317,36.15206],[127.13321,36.15195],[127.13335,36.1517],[127.13359,36.15137],[127.13366,36.15136],[127.13386,36.15136],[127.13404,36.15138],[127.13659,36.15102],[127.13982,36.15049],[127.14055,36.15036],[127.14193,36.14999],[127.14211,36.14989],[127.14646,36.14611],[127.14651,36.14597],[127.14649,36.14588],[127.14644,36.14573],[127.14598,36.14503],[127.14424,36.14056],[127.1443,36.14047],[127.14464,36.13936],[127.14463,36.13924],[127.14451,36.13898],[127.14434,36.1387],[127.14414,36.13843],[127.14398,36.13823],[127.14376,36.13802],[127.14361,36.13792],[127.1434,36.1378],[127.14318,36.13775],[127.14288,36.13768],[127.14213,36.13748],[127.14201,36.13742],[127.1419,36.13732],[127.14096,36.1364],[127.14042,36.13565],[127.13965,36.13365],[127.13967,36.13339],[127.1397,36.13305],[127.13982,36.13199],[127.13986,36.13174],[127.14003,36.13107],[127.13947,36.13049],[127.13925,36.13039],[127.139,36.13035],[127.13884,36.13033],[127.13833,36.13035],[127.13774,36.13039],[127.1376,36.13042],[127.13696,36.13061],[127.13606,36.13099],[127.13578,36.13102],[127.13565,36.13106],[127.13543,36.13118],[127.13355,36.13246],[127.13343,36.13259],[127.13337,36.13274],[127.13339,36.13292],[127.13353,36.13316],[127.13379,36.13354],[127.13384,36.13367],[127.13359,36.13582],[127.13183,36.13926],[127.13116,36.14048],[127.13103,36.14065],[127.12907,36.14279],[127.12653,36.14657],[127.12154,36.15055],[127.12133,36.15071],[127.12126,36.15075],[127.12111,36.15082],[127.12099,36.15085],[127.12084,36.15089],[127.12044,36.15097],[127.12007,36.15102],[127.1196,36.15109],[127.11946,36.15111],[127.11899,36.15117],[127.11531,36.15164],[127.1149,36.15167],[127.11472,36.15166],[127.11439,36.15162],[127.1142,36.15159],[127.111,36.15082],[127.10946,36.1503],[127.1073,36.14886],[127.10702,36.14853],[127.10675,36.14819],[127.10669,36.14801],[127.10682,36.14768],[127.10693,36.1471],[127.10693,36.14672],[127.10694,36.1461],[127.10658,36.14424],[127.10627,36.14389],[127.10624,36.14391],[127.10498,36.14505],[127.10468,36.14536],[127.10376,36.14576],[127.1035,36.14587],[127.1033,36.14593],[127.1032,36.14569],[127.10305,36.14532],[127.10262,36.14412],[127.10223,36.14328],[127.09773,36.14143],[127.09697,36.14124],[127.09356,36.14147],[127.09223,36.1418],[127.09053,36.14239],[127.09038,36.14275],[127.08992,36.14407],[127.08989,36.14421],[127.08989,36.1443],[127.08994,36.14441],[127.09028,36.14474],[127.09039,36.14488],[127.09058,36.14518],[127.09067,36.14533],[127.08936,36.14596],[127.08896,36.14607],[127.0887,36.14608],[127.08857,36.14608],[127.08712,36.14596],[127.08709,36.14596],[127.087,36.14599],[127.08759,36.14719],[127.08767,36.14733],[127.08855,36.14853],[127.08868,36.1487],[127.08882,36.14879],[127.08936,36.14902],[127.08956,36.14912],[127.08957,36.14915],[127.08962,36.14931],[127.08957,36.14994],[127.08953,36.15028],[127.08909,36.15245],[127.08906,36.15248],[127.08841,36.15269],[127.08822,36.15274],[127.0878,36.15287],[127.08742,36.15296],[127.07801,36.15637],[127.07803,36.15643],[127.07803,36.15658],[127.07793,36.15738],[127.07764,36.15953],[127.07761,36.15969],[127.07749,36.16038],[127.0774,36.16072],[127.07736,36.16083],[127.07685,36.16231],[127.07638,36.16343],[127.07606,36.16392],[127.07594,36.16413],[127.07589,36.16426],[127.07584,36.16442],[127.07582,36.16454],[127.07581,36.16476],[127.07584,36.16496],[127.07624,36.16827],[127.07655,36.16945],[127.07691,36.16987],[127.07698,36.17004],[127.07676,36.17174],[127.07644,36.17292],[127.07642,36.17299],[127.07637,36.17308],[127.0761,36.17341],[127.07535,36.17437],[127.07463,36.17529],[127.0744,36.1756],[127.07426,36.17579],[127.07418,36.17593],[127.07413,36.17613],[127.07414,36.17637],[127.07676,36.17638],[127.08083,36.17828],[127.08088,36.1783],[127.08087,36.17836],[127.08052,36.17943],[127.08008,36.18072],[127.08007,36.18075],[127.08007,36.18078],[127.0809,36.18128],[127.0814,36.18146],[127.08146,36.18148],[127.08153,36.1815],[127.08257,36.18166],[127.08449,36.18192],[127.08473,36.18194],[127.08496,36.18196],[127.08508,36.18196],[127.08694,36.1818],[127.08772,36.18167],[127.0886,36.18107],[127.09075,36.17967],[127.09131,36.17934],[127.09139,36.17931],[127.09146,36.17928],[127.09333,36.17859],[127.0938,36.17845],[127.09463,36.17805],[127.09471,36.17802],[127.09478,36.17796],[127.09489,36.17776],[127.09506,36.17744],[127.09535,36.17675],[127.09547,36.17642],[127.09564,36.17601],[127.09571,36.17589],[127.09598,36.17547],[127.09628,36.17504],[127.09663,36.17455],[127.09672,36.17445],[127.09816,36.17311],[127.10066,36.17182],[127.10232,36.17255],[127.10247,36.17263],[127.10269,36.17276],[127.10366,36.17336],[127.10804,36.17627],[127.10919,36.17716],[127.1111,36.18096],[127.11075,36.182],[127.11051,36.18273],[127.11019,36.18418],[127.11125,36.18644],[127.11152,36.18635],[127.11208,36.18612],[127.1123,36.18596],[127.11248,36.18572],[127.11262,36.18545],[127.11474,36.18466],[127.1171,36.18518],[127.11969,36.1855],[127.12165,36.18312],[127.12306,36.18335],[127.12344,36.18569],[127.12357,36.18706],[127.12337,36.18792],[127.12245,36.18837],[127.122,36.18818],[127.12183,36.18806],[127.12028,36.18797],[127.11973,36.18837],[127.11917,36.18977],[127.11905,36.19017],[127.1192,36.19083],[127.11955,36.19075],[127.12129,36.19061],[127.11758,36.19591],[127.11728,36.19626],[127.11724,36.1963],[127.11727,36.19643],[127.1174,36.19655],[127.11754,36.19663],[127.11926,36.19742],[127.11943,36.19748],[127.11957,36.19747],[127.11971,36.19743],[127.12005,36.19721],[127.12029,36.19695],[127.12035,36.19687],[127.1208,36.19629],[127.1263,36.19692]]]]}},{"type":"Feature","properties":{"code":"44230420","name":"채운면","parent":"44230"},"geometry":{"type":"MultiPolygon","coordinates":[[[[127.07414,36.17637],[127.07413,36.17613],[127.07418,36.17593],[127.07426,36.17579],[127.0744,36.1756],[127.07463,36.17529],[127.07535,36.17437],[127.0761,36.17341],[127.07637,36.17308],[127.07642,36.17299],[127.07644,36.17292],[127.07676,36.17174],[127.07698,36.17004],[127.07691,36.16987],[127.07655,36.16945],[127.07624,36.16827],[127.07584,36.16496],[127.07581,36.16476],[127.07582,36.16454],[127.07584,36.16442],[127.07589,36.16426],[127.07594,36.16413],[127.07606,36.16392],[127.07638,36.16343],[127.07685,36.16231],[127.07736,36.16083],[127.0774,36.16072],[127.07749,36.16038],[127.07761,36.15969],[127.07764,36.15953],[127.07793,36.15738],[127.07803,36.15658],[127.07803,36.15643],[127.07801,36.15637],[127.08742,36.15296],[127.0878,36.15287],[127.08822,36.15274],[127.08841,36.15269],[127.08906,36.15248],[127.08909,36.15245],[127.08953,36.15028],[127.08957,36.14994],[127.08962,36.14931],[127.08957,36.14915],[127.08956,36.14912],[127.08936,36.14902],[127.08882,36.14879],[127.08868,36.1487],[127.08855,36.14853],[127.08767,36.14733],[127.08759,36.14719],[127.087,36.14599],[127.08709,36.14596],[127.08712,36.14596],[127.08527,36.14494],[127.08513,36.14485],[127.08502,36.14474],[127.08485,36.14452],[127.08454,36.14412],[127.0844,36.14388],[127.08429,36.14364],[127.08419,36.14337],[127.08414,36.14311],[127.08412,36.14284],[127.08414,36.14266],[127.0842,36.14242],[127.08427,36.14191],[127.08431,36.14147],[127.08432,36.14111],[127.08424,36.14072],[127.08415,36.14043],[127.08397,36.14001],[127.08393,36.13994],[127.08387,36.13987],[127.08385,36.13983],[127.08314,36.13902],[127.08303,36.13893],[127.08297,36.13889],[127.08165,36.13832],[127.08158,36.1383],[127.07929,36.13779],[127.07915,36.13776],[127.07908,36.13776],[127.07905,36.13776],[127.07893,36.13778],[127.07795,36.13794],[127.0773,36.13805],[127.07694,36.13855],[127.07673,36.13891],[127.07658,36.13907],[127.07646,36.13916],[127.0763,36.13923],[127.07521,36.13948],[127.07503,36.13952],[127.07374,36.13954],[127.07292,36.13875],[127.07231,36.13772],[127.07201,36.13735],[127.07192,36.13723],[127.06864,36.13776],[127.06868,36.13794],[127.06887,36.1388],[127.06618,36.14344],[127.06591,36.14373],[127.06551,36.1439],[127.06508,36.14391],[127.06473,36.14391],[127.06462,36.1439],[127.06441,36.14383],[127.06402,36.14362],[127.06342,36.14339],[127.06232,36.14307],[127.06079,36.14263],[127.06017,36.14249],[127.05977,36.14261],[127.05955,36.14271],[127.05907,36.14294],[127.05877,36.14316],[127.05838,36.14345],[127.05817,36.14367],[127.05811,36.14377],[127.05809,36.14381],[127.05529,36.14559],[127.05451,36.14606],[127.05437,36.14613],[127.05416,36.14619],[127.05303,36.14624],[127.05025,36.14605],[127.05021,36.14604],[127.05003,36.14602],[127.04956,36.14586],[127.04857,36.14541],[127.04669,36.14427],[127.04636,36.14407],[127.04628,36.14399],[127.04614,36.14383],[127.0461,36.14378],[127.04569,36.14373],[127.04565,36.14373],[127.04561,36.14374],[127.04498,36.14423],[127.04477,36.14443],[127.04408,36.14519],[127.04088,36.14258],[127.03959,36.14233],[127.03792,36.14399],[127.0363,36.14559],[127.03214,36.15029],[127.02971,36.15409],[127.02741,36.15789],[127.02628,36.15975],[127.0251,36.16169],[127.02463,36.16235],[127.02242,36.16541],[127.02109,36.16596],[127.01984,36.16647],[127.0172,36.16755],[127.01321,36.16733],[127.01263,36.1673],[127.01281,36.16748],[127.0133,36.16793],[127.01379,36.16835],[127.01517,36.16951],[127.01876,36.17203],[127.01915,36.17224],[127.02291,36.17287],[127.02969,36.17418],[127.03012,36.17427],[127.03066,36.17442],[127.03112,36.17458],[127.03155,36.1748],[127.03273,36.17548],[127.03281,36.17554],[127.03318,36.17576],[127.03357,36.17602],[127.03382,36.17621],[127.03778,36.17851],[127.04601,36.18191],[127.04636,36.18204],[127.04692,36.18222],[127.04739,36.18236],[127.05172,36.18351],[127.05317,36.18245],[127.05327,36.18241],[127.05334,36.18241],[127.0535,36.18242],[127.05368,36.18249],[127.05433,36.1829],[127.0552,36.18341],[127.05552,36.18358],[127.05567,36.18361],[127.0566,36.18342],[127.05681,36.18334],[127.05728,36.18316],[127.05995,36.18203],[127.06085,36.18165],[127.06588,36.17961],[127.06795,36.18022],[127.06846,36.18044],[127.06907,36.17997],[127.07135,36.17757],[127.0723,36.17754],[127.07426,36.17738],[127.07416,36.17644],[127.07414,36.17637]]]]}},{"type":"Feature","properties":{"code":"44230510","name":"취암동","parent":"44230"},"geometry":{"type":"MultiPolygon","coordinates":[[[[127.1263,36.19692],[127.1208,36.19629],[127.12035,36.19687],[127.12029,36.19695],[127.12005,36.19721],[127.11971,36.19743],[127.11957,36.19747],[127.11943,36.19748],[127.11926,36.19742],[127.11754,36.19663],[127.1174,36.19655],[127.11727,36.19643],[127.11724,36.1963],[127.11728,36.19626],[127.11758,36.19591],[127.12129,36.19061],[127.11955,36.19075],[127.1192,36.19083],[127.11905,36.19017],[127.11917,36.18977],[127.11973,36.18837],[127.12028,36.18797],[127.12183,36.18806],[127.122,36.18818],[127.12245,36.18837],[127.12337,36.18792],[127.12357,36.18706],[127.12344,36.18569],[127.12306,36.18335],[127.12165,36.18312],[127.11969,36.1855],[127.1171,36.18518],[127.11474,36.18466],[127.11262,36.18545],[127.11248,36.18572],[127.1123,36.18596],[127.11208,36.18612],[127.11152,36.18635],[127.11125,36.18644],[127.11019,36.18418],[127.11051,36.18273],[127.11075,36.182],[127.1111,36.18096],[127.10919,36.17716],[127.10804,36.17627],[127.10366,36.17336],[127.10269,36.17276],[127.10247,36.17263],[127.10232,36.17255],[127.10066,36.17182],[127.09816,36.17311],[127.09672,36.17445],[127.09663,36.17455],[127.09628,36.17504],[127.09598,36.17547],[127.09571,36.17589],[127.09564,36.17601],[127.09547,36.17642],[127.09535,36.17675],[127.09506,36.17744],[127.09489,36.17776],[127.09478,36.17796],[127.09471,36.17802],[127.09463,36.17805],[127.0938,36.17845],[127.09509,36.17845],[127.09607,36.1785],[127.09618,36.17852],[127.09785,36.18396],[127.09796,36.18434],[127.09799,36.18446],[127.09798,36.1845],[127.09765,36.18498],[127.09762,36.18502],[127.09757,36.18507],[127.0958,36.18647],[127.09572,36.18653],[127.09564,36.18656],[127.0955,36.18661],[127.09535,36.18665],[127.09509,36.18672],[127.09459,36.18688],[127.09447,36.18694],[127.09232,36.18871],[127.09107,36.19076],[127.08863,36.19481],[127.08712,36.19819],[127.08743,36.19866],[127.08743,36.1988],[127.08743,36.19886],[127.08719,36.2003],[127.08672,36.20088],[127.08481,36.20208],[127.0833,36.20251],[127.0816,36.20249],[127.08149,36.20222],[127.08099,36.20246],[127.0805,36.20274],[127.08043,36.2028],[127.0798,36.20348],[127.0798,36.20352],[127.08103,36.20628],[127.08107,36.20634],[127.08121,36.20646],[127.08277,36.2075],[127.08326,36.20781],[127.08389,36.20821],[127.08403,36.2083],[127.08508,36.20888],[127.08531,36.20899],[127.08702,36.20841],[127.08738,36.20823],[127.08742,36.20821],[127.08801,36.20774],[127.08835,36.20738],[127.08848,36.20717],[127.08865,36.2071],[127.089,36.20705],[127.08927,36.20714],[127.08942,36.20722],[127.08965,36.20734],[127.09306,36.21041],[127.09341,36.21078],[127.09377,36.21268],[127.09384,36.21361],[127.09377,36.2145],[127.09402,36.21457],[127.09408,36.21459],[127.09483,36.21474],[127.09502,36.21477],[127.09519,36.21479],[127.10049,36.21511],[127.10329,36.21524],[127.10355,36.21523],[127.10439,36.21513],[127.10478,36.21505],[127.10596,36.21479],[127.10629,36.21472],[127.10643,36.21468],[127.10738,36.21446],[127.10769,36.21434],[127.10924,36.21364],[127.10948,36.21353],[127.11003,36.21326],[127.11037,36.21306],[127.11049,36.21299],[127.1154,36.20998],[127.11629,36.20904],[127.11768,36.20758],[127.11851,36.20573],[127.11866,36.20551],[127.11887,36.2052],[127.12055,36.20276],[127.12091,36.20223],[127.12121,36.20201],[127.12183,36.20154],[127.12185,36.20152],[127.12242,36.20109],[127.12271,36.20088],[127.12388,36.19979],[127.12558,36.19821],[127.1263,36.19692]]]]}},{"type":"Feature","properties":{"code":"44230520","name":"부창동","parent":"44230"},"geometry":{"type":"MultiPolygon","coordinates":[[[[127.0938,36.17845],[127.09333,36.17859],[127.09146,36.17928],[127.09139,36.17931],[127.09131,36.17934],[127.09075,36.17967],[127.0886,36.18107],[127.08772,36.18167],[127.08694,36.1818],[127.08508,36.18196],[127.08496,36.18196],[127.08473,36.18194],[127.08449,36.18192],[127.08257,36.18166],[127.08153,36.1815],[127.08146,36.18148],[127.0814,36.18146],[127.0809,36.18128],[127.08007,36.18078],[127.08007,36.18075],[127.08008,36.18072],[127.08052,36.17943],[127.08087,36.17836],[127.08088,36.1783],[127.08083,36.17828],[127.07676,36.17638],[127.07414,36.17637],[127.07416,36.17644],[127.07426,36.17738],[127.0723,36.17754],[127.07135,36.17757],[127.06907,36.17997],[127.06846,36.18044],[127.06795,36.18022],[127.06588,36.17961],[127.06085,36.18165],[127.05995,36.18203],[127.05728,36.18316],[127.05681,36.18334],[127.0566,36.18342],[127.05567,36.18361],[127.05552,36.18358],[127.0552,36.18341],[127.05433,36.1829],[127.05368,36.18249],[127.0535,36.18242],[127.05334,36.18241],[127.05327,36.18241],[127.05317,36.18245],[127.05172,36.18351],[127.05216,36.1837],[127.05242,36.18382],[127.05288,36.18408],[127.05312,36.18424],[127.05396,36.18491],[127.05451,36.18536],[127.05511,36.18597],[127.05576,36.1867],[127.05605,36.18706],[127.05621,36.18729],[127.05657,36.18781],[127.05775,36.18939],[127.05788,36.18952],[127.05804,36.18968],[127.05847,36.18997],[127.05866,36.19009],[127.06092,36.19146],[127.06279,36.19255],[127.06318,36.19274],[127.06386,36.19314],[127.06436,36.19358],[127.06453,36.19384],[127.06455,36.194],[127.06448,36.19437],[127.06439,36.19469],[127.06432,36.19488],[127.06425,36.19508],[127.06421,36.19536],[127.06424,36.19572],[127.06426,36.19587],[127.06438,36.19645],[127.06465,36.19701],[127.065,36.19764],[127.06528,36.19798],[127.07145,36.20332],[127.07623,36.20699],[127.07703,36.2076],[127.07821,36.20848],[127.07882,36.20892],[127.07926,36.20926],[127.07996,36.20974],[127.08043,36.21004],[127.08169,36.21079],[127.0818,36.21085],[127.08222,36.21106],[127.08392,36.21182],[127.08431,36.21198],[127.08516,36.21229],[127.08583,36.21252],[127.08835,36.21332],[127.08852,36.21338],[127.09377,36.2145],[127.09384,36.21361],[127.09377,36.21268],[127.09341,36.21078],[127.09306,36.21041],[127.08965,36.20734],[127.08942,36.20722],[127.08927,36.20714],[127.089,36.20705],[127.08865,36.2071],[127.08848,36.20717],[127.08835,36.20738],[127.08801,36.20774],[127.08742,36.20821],[127.08738,36.20823],[127.08702,36.20841],[127.08531,36.20899],[127.08508,36.20888],[127.08403,36.2083],[127.08389,36.20821],[127.08326,36.20781],[127.08277,36.2075],[127.08121,36.20646],[127.08107,36.20634],[127.08103,36.20628],[127.0798,36.20352],[127.0798,36.20348],[127.08043,36.2028],[127.0805,36.20274],[127.08099,36.20246],[127.08149,36.20222],[127.0816,36.20249],[127.0833,36.20251],[127.08481,36.20208],[127.08672,36.20088],[127.08719,36.2003],[127.08743,36.19886],[127.08743,36.1988],[127.08743,36.19866],[127.08712,36.19819],[127.08863,36.19481],[127.09107,36.19076],[127.09232,36.18871],[127.09447,36.18694],[127.09459,36.18688],[127.09509,36.18672],[127.09535,36.18665],[127.0955,36.18661],[127.09564,36.18656],[127.09572,36.18653],[127.0958,36.18647],[127.09757,36.18507],[127.09762,36.18502],[127.09765,36.18498],[127.09798,36.1845],[127.09799,36.18446],[127.09796,36.18434],[127.09785,36.18396],[127.09618,36.17852],[127.09607,36.1785],[127.09509,36.17845],[127.0938,36.17845]]]]}}]}