{"type":"FeatureCollection","features":[{"type":"Feature","properties":{"code":"51130250","name":"문막읍","parent":"51130"},"geometry":{"type":"MultiPolygon","coordinates":[[[[127.86386,37.3321],[127.86403,37.3315],[127.86404,37.33143],[127.86405,37.331],[127.8639,37.32652],[127.8639,37.32649],[127.86388,37.32637],[127.86387,37.32632],[127.86385,37.32627],[127.86381,37.3262],[127.86246,37.3245],[127.86243,37.32446],[127.86231,37.32437],[127.86224,37.32433],[127.86192,37.3242],[127.86151,37.32403],[127.86094,37.32374],[127.86091,37.32372],[127.8609,37.3237],[127.86089,37.32366],[127.86091,37.32362],[127.86149,37.32235],[127.86216,37.32135],[127.86221,37.32129],[127.86262,37.32085],[127.86267,37.32079],[127.86271,37.32077],[127.86274,37.32075],[127.86317,37.32048],[127.86392,37.31992],[127.86516,37.31848],[127.86518,37.31845],[127.86586,37.31743],[127.86588,37.31739],[127.8659,37.31731],[127.8659,37.31728],[127.86589,37.31723],[127.86518,37.31466],[127.86517,37.31462],[127.86506,37.31443],[127.86501,37.31435],[127.86493,37.31425],[127.86475,37.31403],[127.86468,37.31397],[127.8645,37.31382],[127.86436,37.31372],[127.86423,37.31361],[127.86413,37.31353],[127.86407,37.31347],[127.86404,37.31343],[127.86402,37.31339],[127.86401,37.31335],[127.86401,37.31328],[127.86412,37.30759],[127.86413,37.30752],[127.86415,37.30746],[127.86417,37.30741],[127.86429,37.30721],[127.86434,37.30714],[127.86468,37.30674],[127.86496,37.30642],[127.86523,37.3061],[127.86533,37.30599],[127.86545,37.30585],[127.86549,37.30579],[127.86551,37.30575],[127.86552,37.30572],[127.86557,37.30555],[127.86559,37.30547],[127.86561,37.30534],[127.8656,37.30527],[127.86557,37.30503],[127.86531,37.30382],[127.86529,37.30375],[127.86522,37.30362],[127.86317,37.29978],[127.8624,37.29873],[127.86165,37.29786],[127.86129,37.29689],[127.8615,37.29407],[127.86153,37.29372],[127.8616,37.29336],[127.86162,37.29327],[127.86163,37.29322],[127.86166,37.29316],[127.86169,37.29312],[127.86173,37.29309],[127.86177,37.29306],[127.86256,37.2925],[127.86289,37.29235],[127.86292,37.29233],[127.86297,37.29229],[127.86325,37.29199],[127.86329,37.29193],[127.86407,37.29078],[127.86409,37.29075],[127.86409,37.29071],[127.86381,37.28765],[127.86381,37.2876],[127.8638,37.28757],[127.86378,37.28754],[127.86375,37.28749],[127.86369,37.28742],[127.86366,37.28738],[127.86356,37.28729],[127.86332,37.28706],[127.86255,37.28634],[127.86252,37.28631],[127.86249,37.28628],[127.86244,37.28626],[127.86238,37.28625],[127.86176,37.2861],[127.86141,37.28605],[127.86134,37.28601],[127.8613,37.28595],[127.86123,37.28579],[127.86061,37.28429],[127.86052,37.28371],[127.85995,37.27868],[127.85994,37.27859],[127.85992,37.27784],[127.85993,37.27771],[127.85996,37.27751],[127.86005,37.27737],[127.86017,37.27729],[127.8603,37.27722],[127.86215,37.27641],[127.86379,37.27565],[127.864,37.27548],[127.86417,37.27524],[127.8642,37.27509],[127.86379,37.27241],[127.86347,37.27052],[127.86312,37.2688],[127.86305,37.26865],[127.86304,37.26857],[127.86361,37.26404],[127.86393,37.26218],[127.86395,37.26212],[127.86399,37.26196],[127.86452,37.26098],[127.86618,37.25884],[127.86626,37.25874],[127.87173,37.25527],[127.87211,37.25513],[127.87612,37.25385],[127.87617,37.25384],[127.87623,37.25383],[127.87699,37.25373],[127.87707,37.25373],[127.87715,37.25373],[127.87732,37.25374],[127.8774,37.25375],[127.87748,37.25376],[127.87768,37.25381],[127.8807,37.25362],[127.8808,37.2536],[127.88181,37.25325],[127.88195,37.2532],[127.88199,37.25318],[127.88203,37.25316],[127.88478,37.25143],[127.88487,37.25135],[127.88494,37.25127],[127.88499,37.25117],[127.88501,37.25108],[127.88501,37.25101],[127.88475,37.24923],[127.88471,37.24673],[127.88513,37.24456],[127.88499,37.24437],[127.88492,37.24431],[127.88487,37.24426],[127.88475,37.24418],[127.88457,37.24407],[127.88439,37.24397],[127.88427,37.24393],[127.88209,37.24345],[127.88126,37.24333],[127.88114,37.24333],[127.88108,37.24334],[127.88074,37.24339],[127.87294,37.24487],[127.87104,37.24587],[127.87091,37.24588],[127.87072,37.24589],[127.87053,37.2459],[127.87022,37.24589],[127.87003,37.24587],[127.86988,37.24584],[127.86977,37.24581],[127.86957,37.24575],[127.86933,37.24568],[127.86901,37.24555],[127.86865,37.24531],[127.86856,37.24524],[127.86846,37.24516],[127.86839,37.24508],[127.86617,37.24234],[127.86613,37.24226],[127.86609,37.24201],[127.86609,37.24173],[127.86611,37.24144],[127.86617,37.24114],[127.86618,37.24086],[127.86619,37.24072],[127.86613,37.24024],[127.86603,37.23975],[127.86595,37.23947],[127.86562,37.23857],[127.86411,37.23558],[127.86186,37.23382],[127.8602,37.23391],[127.85619,37.23402],[127.85601,37.23402],[127.85572,37.23401],[127.85557,37.23399],[127.85098,37.23251],[127.85087,37.23243],[127.84971,37.2314],[127.84955,37.23125],[127.84928,37.23091],[127.84902,37.23051],[127.84897,37.23043],[127.84891,37.23033],[127.84892,37.23024],[127.84897,37.23009],[127.84905,37.23001],[127.84911,37.22995],[127.84918,37.22989],[127.84929,37.22977],[127.84943,37.22955],[127.85012,37.22839],[127.85018,37.22825],[127.85035,37.22744],[127.85038,37.22721],[127.85038,37.22699],[127.85032,37.22588],[127.85025,37.22526],[127.85017,37.22508],[127.8501,37.22498],[127.85003,37.22492],[127.8498,37.22482],[127.84975,37.22482],[127.84966,37.22484],[127.8496,37.22487],[127.84952,37.2249],[127.84948,37.22492],[127.84936,37.22499],[127.84924,37.22506],[127.84917,37.22511],[127.84739,37.22475],[127.84746,37.22028],[127.8475,37.22009],[127.84809,37.21723],[127.84814,37.21716],[127.84832,37.21702],[127.84871,37.21672],[127.84898,37.21651],[127.84908,37.21641],[127.84916,37.21631],[127.84919,37.21623],[127.84919,37.21619],[127.84911,37.21606],[127.84909,37.21604],[127.84902,37.21595],[127.84885,37.21579],[127.84878,37.21573],[127.84586,37.21352],[127.84518,37.21314],[127.84511,37.21314],[127.84499,37.21314],[127.84487,37.2131],[127.8443,37.21287],[127.84406,37.21277],[127.84395,37.21271],[127.84384,37.21264],[127.8415,37.21097],[127.84141,37.21089],[127.84106,37.21034],[127.84104,37.21029],[127.84055,37.20889],[127.83817,37.20699],[127.83539,37.20796],[127.83508,37.2081],[127.83488,37.2082],[127.83473,37.20829],[127.83454,37.20842],[127.83442,37.20854],[127.83438,37.20865],[127.83437,37.20868],[127.83436,37.20884],[127.83438,37.20903],[127.83445,37.20924],[127.83494,37.21026],[127.83529,37.21094],[127.83588,37.21165],[127.836,37.21178],[127.83604,37.21188],[127.83607,37.21199],[127.83629,37.21285],[127.83631,37.21302],[127.8363,37.21332],[127.83626,37.21343],[127.8362,37.21355],[127.83486,37.21477],[127.83414,37.21533],[127.83393,37.21545],[127.83363,37.2157],[127.83358,37.21579],[127.83358,37.21594],[127.83361,37.21657],[127.83364,37.21683],[127.83402,37.21793],[127.83424,37.21834],[127.83446,37.21873],[127.83454,37.21894],[127.83457,37.21918],[127.83458,37.21935],[127.83437,37.22268],[127.83435,37.22291],[127.83432,37.22299],[127.83424,37.22307],[127.83327,37.22371],[127.83314,37.22379],[127.83304,37.22384],[127.83292,37.2239],[127.83278,37.22396],[127.83232,37.22413],[127.83197,37.22424],[127.83188,37.22426],[127.83177,37.22424],[127.83168,37.2242],[127.8316,37.22415],[127.83153,37.2241],[127.8314,37.22402],[127.83134,37.224],[127.83128,37.22397],[127.83111,37.22394],[127.83101,37.22394],[127.82884,37.22437],[127.82418,37.22542],[127.82389,37.22549],[127.82373,37.22556],[127.82356,37.22568],[127.82283,37.22628],[127.82273,37.22637],[127.82261,37.22648],[127.82257,37.2266],[127.82184,37.23169],[127.82085,37.23802],[127.82082,37.23818],[127.81942,37.24284],[127.8194,37.24286],[127.81927,37.24286],[127.81915,37.24286],[127.81906,37.24285],[127.81886,37.24282],[127.81873,37.24278],[127.81862,37.24273],[127.81848,37.24268],[127.81839,37.24265],[127.81831,37.24262],[127.81825,37.24261],[127.81818,37.24259],[127.81801,37.24256],[127.81784,37.24255],[127.8178,37.24256],[127.81774,37.24256],[127.81597,37.24263],[127.81575,37.24266],[127.8122,37.24309],[127.81058,37.24455],[127.80868,37.24792],[127.80698,37.25257],[127.80695,37.25263],[127.80691,37.25269],[127.80688,37.25273],[127.80617,37.25354],[127.80601,37.25364],[127.80412,37.25442],[127.80391,37.2545],[127.80378,37.25453],[127.80358,37.25458],[127.80323,37.25462],[127.80294,37.25457],[127.80247,37.25448],[127.80228,37.2544],[127.8021,37.25426],[127.80161,37.25379],[127.80115,37.25333],[127.80095,37.25313],[127.8005,37.25284],[127.80038,37.25278],[127.79742,37.25161],[127.79732,37.25157],[127.79727,37.25157],[127.79722,37.25156],[127.79715,37.25156],[127.79707,37.25158],[127.79685,37.25168],[127.7958,37.25229],[127.79572,37.25236],[127.7956,37.25258],[127.79426,37.25595],[127.79404,37.25697],[127.79399,37.25725],[127.79396,37.25789],[127.79401,37.25807],[127.79407,37.25821],[127.79494,37.25945],[127.79543,37.26012],[127.79553,37.26027],[127.79553,37.26046],[127.79547,37.2608],[127.7954,37.26103],[127.79527,37.26131],[127.79455,37.26231],[127.79379,37.26299],[127.79228,37.26377],[127.79149,37.26393],[127.79096,37.26389],[127.79054,37.2649],[127.78826,37.26644],[127.78821,37.26646],[127.78814,37.26662],[127.78752,37.26842],[127.7875,37.26851],[127.78738,37.27019],[127.78735,37.27061],[127.78739,37.27106],[127.7875,37.27151],[127.78763,37.27194],[127.7878,37.27256],[127.78781,37.27296],[127.78776,37.27323],[127.78728,37.2744],[127.78522,37.27348],[127.78351,37.27231],[127.78143,37.27089],[127.78025,37.27008],[127.77603,37.2685],[127.7736,37.26758],[127.77151,37.2668],[127.77112,37.26666],[127.76794,37.26608],[127.76327,37.26552],[127.75732,37.26482],[127.75677,37.26644],[127.75533,37.27187],[127.75529,37.2721],[127.7547,37.27852],[127.7553,37.28207],[127.7557,37.28271],[127.75574,37.28277],[127.75578,37.28284],[127.75499,37.28525],[127.75385,37.28825],[127.75382,37.28867],[127.7538,37.28901],[127.75556,37.29239],[127.75613,37.29346],[127.75622,37.29355],[127.75633,37.29367],[127.7565,37.29469],[127.75604,37.29612],[127.75598,37.2963],[127.75596,37.29634],[127.75589,37.29645],[127.75521,37.2972],[127.75477,37.29769],[127.755,37.29793],[127.75544,37.29834],[127.75554,37.29842],[127.7575,37.29998],[127.75763,37.30006],[127.75938,37.30112],[127.75965,37.30124],[127.76192,37.30211],[127.76203,37.30213],[127.76218,37.30215],[127.76239,37.30212],[127.76249,37.30207],[127.76255,37.302],[127.7626,37.30195],[127.76267,37.30193],[127.76274,37.30191],[127.76567,37.30141],[127.76654,37.30152],[127.76715,37.3018],[127.76807,37.30248],[127.76768,37.30289],[127.7676,37.30339],[127.76727,37.30538],[127.76724,37.30572],[127.76736,37.30611],[127.76793,37.30696],[127.76848,37.30766],[127.76857,37.30783],[127.76856,37.30812],[127.76856,37.30826],[127.76848,37.3085],[127.7678,37.31036],[127.76772,37.31055],[127.76757,37.31073],[127.76727,37.31094],[127.76723,37.31097],[127.76721,37.31099],[127.76689,37.31126],[127.76658,37.31167],[127.76634,37.31203],[127.76546,37.31335],[127.76219,37.32078],[127.76218,37.32083],[127.76225,37.32129],[127.76228,37.32146],[127.76237,37.3216],[127.76242,37.32169],[127.76267,37.32198],[127.76279,37.32217],[127.76284,37.32224],[127.7629,37.32241],[127.76289,37.32305],[127.76283,37.32324],[127.76037,37.3291],[127.76036,37.32912],[127.76157,37.33369],[127.76136,37.33656],[127.76069,37.34072],[127.76005,37.34137],[127.75996,37.34139],[127.75993,37.34139],[127.75968,37.34142],[127.75962,37.34142],[127.75951,37.34143],[127.75924,37.34145],[127.75912,37.34146],[127.75905,37.34148],[127.75902,37.34149],[127.759,37.34153],[127.75845,37.34288],[127.75782,37.34574],[127.75781,37.3458],[127.75779,37.34599],[127.75779,37.34621],[127.7578,37.34631],[127.75781,37.34636],[127.75833,37.35044],[127.75871,37.3511],[127.75983,37.35448],[127.75963,37.35545],[127.75929,37.35986],[127.76061,37.36281],[127.76072,37.36301],[127.76117,37.36379],[127.76406,37.3628],[127.76612,37.36322],[127.76672,37.36323],[127.76909,37.36282],[127.77003,37.36208],[127.77252,37.35957],[127.77341,37.35853],[127.77413,37.35669],[127.77418,37.35648],[127.77431,37.35561],[127.77429,37.35447],[127.77436,37.35357],[127.77439,37.35319],[127.77493,37.35095],[127.7757,37.34871],[127.77585,37.34843],[127.77715,37.34655],[127.77747,37.34656],[127.78165,37.3469],[127.78201,37.34698],[127.7823,37.34704],[127.78311,37.34765],[127.78437,37.34845],[127.78604,37.34872],[127.78638,37.34869],[127.7879,37.34846],[127.79147,37.34751],[127.79581,37.34465],[127.79896,37.34282],[127.80075,37.34218],[127.80178,37.34205],[127.80308,37.34201],[127.80321,37.34192],[127.804,37.33914],[127.80408,37.33784],[127.80396,37.33716],[127.8039,37.33695],[127.80372,37.33654],[127.80396,37.33576],[127.80482,37.33457],[127.80782,37.33237],[127.80808,37.33232],[127.81212,37.33187],[127.81252,37.33192],[127.81786,37.33419],[127.81842,37.33451],[127.81969,37.33565],[127.82065,37.33662],[127.82202,37.33742],[127.82534,37.33937],[127.82666,37.34015],[127.82739,37.34058],[127.82802,37.34095],[127.82915,37.34153],[127.83356,37.34439],[127.83392,37.34463],[127.83458,37.34506],[127.83507,37.34552],[127.83532,37.34608],[127.83534,37.3461],[127.83537,37.34613],[127.83561,37.34633],[127.83629,37.34672],[127.8366,37.34681],[127.837,37.34692],[127.83716,37.34691],[127.83727,37.3469],[127.83747,37.34684],[127.84145,37.34515],[127.84164,37.34506],[127.84185,37.34495],[127.84252,37.34448],[127.84298,37.34398],[127.84326,37.34353],[127.84379,37.34229],[127.84415,37.34109],[127.84425,37.3407],[127.84465,37.3398],[127.84472,37.33963],[127.84508,37.33893],[127.84541,37.33831],[127.84664,37.33705],[127.84704,37.33684],[127.84805,37.33674],[127.84929,37.33673],[127.8494,37.33673],[127.85008,37.33699],[127.85047,37.33747],[127.85047,37.33788],[127.8502,37.33862],[127.85005,37.33906],[127.85015,37.33951],[127.8504,37.34059],[127.85061,37.34108],[127.85143,37.34239],[127.85196,37.34312],[127.85203,37.34321],[127.85284,37.3439],[127.85325,37.34411],[127.85359,37.34428],[127.85389,37.34428],[127.85449,37.34411],[127.85471,37.34394],[127.85488,37.34381],[127.85523,37.34351],[127.85557,37.34304],[127.85606,37.34278],[127.85629,37.34274],[127.85753,37.34282],[127.86011,37.34302],[127.86197,37.3432],[127.86212,37.34326],[127.86235,37.34335],[127.86253,37.34341],[127.86268,37.34342],[127.86285,37.34343],[127.86333,37.34319],[127.86364,37.34285],[127.86382,37.34249],[127.86364,37.34157],[127.86323,37.34088],[127.86283,37.3403],[127.86231,37.33972],[127.862,37.33939],[127.86179,37.33917],[127.86075,37.33691],[127.86057,37.33606],[127.86057,37.33418],[127.86062,37.33364],[127.86087,37.33289],[127.86131,37.33256],[127.86147,37.33244],[127.86214,37.33222],[127.86262,37.33206],[127.86304,37.33197],[127.86333,37.332],[127.86357,37.33204],[127.86376,37.33206],[127.86386,37.3321]]]]}},{"type":"Feature","properties":{"code":"51130310","name":"소초면","parent":"51130"},"geometry":{"type":"MultiPolygon","coordinates":[[[[128.03734,37.44791],[128.03769,37.44794],[128.03867,37.44763],[128.0397,37.44726],[128.03987,37.44717],[128.04033,37.44693],[128.04075,37.44659],[128.04138,37.44584],[128.04185,37.44553],[128.04987,37.44543],[128.05176,37.44497],[128.05462,37.44538],[128.05816,37.44658],[128.0602,37.4472],[128.06047,37.44722],[128.06073,37.44715],[128.06351,37.44399],[128.064,37.44296],[128.06405,37.44274],[128.06383,37.44211],[128.06357,37.44117],[128.06338,37.44042],[128.0635,37.43861],[128.06381,37.43765],[128.0645,37.43684],[128.06512,37.4364],[128.06776,37.43623],[128.06923,37.43625],[128.06968,37.43626],[128.07276,37.43384],[128.07595,37.43143],[128.07804,37.43003],[128.07907,37.42938],[128.08048,37.42838],[128.08123,37.42762],[128.08153,37.42666],[128.08309,37.42344],[128.08428,37.42127],[128.0856,37.41909],[128.08686,37.41713],[128.0892,37.41424],[128.08977,37.41378],[128.09041,37.41326],[128.09162,37.41287],[128.09346,37.41244],[128.09438,37.41212],[128.09476,37.41166],[128.09519,37.4111],[128.09737,37.40785],[128.0978,37.40708],[128.09783,37.40688],[128.0974,37.4065],[128.09679,37.40621],[128.09636,37.406],[128.09438,37.40517],[128.09012,37.40393],[128.08699,37.40339],[128.08643,37.40333],[128.08509,37.40328],[128.08449,37.40336],[128.07902,37.3996],[128.07853,37.39947],[128.07804,37.39935],[128.07768,37.39921],[128.07732,37.39907],[128.07703,37.39881],[128.07675,37.39855],[128.07207,37.39352],[128.07173,37.39301],[128.07152,37.39205],[128.0715,37.39117],[128.07177,37.39006],[128.07199,37.38942],[128.07313,37.38741],[128.07365,37.38659],[128.07453,37.38541],[128.07529,37.38436],[128.07576,37.38262],[128.0766,37.37612],[128.07655,37.3752],[128.07629,37.37449],[128.07322,37.36848],[128.07285,37.36811],[128.07247,37.36774],[128.07234,37.36761],[128.0716,37.36726],[128.0707,37.367],[128.06951,37.36672],[128.06787,37.36661],[128.06675,37.36658],[128.06562,37.36656],[128.06334,37.36671],[128.06234,37.36688],[128.0613,37.36706],[128.06065,37.36706],[128.06035,37.36699],[128.06003,37.3669],[128.05871,37.36638],[128.0574,37.36597],[128.05662,37.36586],[128.05637,37.36582],[128.05498,37.3659],[128.05372,37.36601],[128.05176,37.36625],[128.05102,37.36635],[128.05086,37.3663],[128.05,37.36601],[128.04834,37.36452],[128.04756,37.36381],[128.04714,37.36342],[128.0456,37.36131],[128.0453,37.3607],[128.045,37.35998],[128.04319,37.35733],[128.04288,37.35726],[128.04225,37.3571],[128.04205,37.35688],[128.04183,37.35654],[128.0414,37.35572],[128.04121,37.35501],[128.04093,37.35391],[128.04087,37.35272],[128.04077,37.34944],[128.04133,37.3482],[128.04166,37.34768],[128.04232,37.34693],[128.03607,37.34621],[128.0356,37.34616],[128.03463,37.34626],[128.0336,37.34663],[128.03277,37.34729],[128.0317,37.34834],[128.03013,37.34895],[128.02862,37.34932],[128.02762,37.34937],[128.02699,37.34958],[128.02606,37.35096],[128.02576,37.35191],[128.02532,37.35324],[128.02487,37.35484],[128.02416,37.35613],[128.02216,37.3576],[128.01841,37.35974],[128.0182,37.35982],[128.01799,37.3599],[128.01467,37.35989],[128.01288,37.35975],[128.01222,37.35969],[128.0098,37.35902],[128.00613,37.35931],[128.00304,37.36031],[127.99984,37.359],[127.99794,37.36202],[127.99629,37.36575],[127.99625,37.36594],[127.99381,37.36744],[127.99276,37.36659],[127.9909,37.3651],[127.98955,37.36484],[127.98951,37.36484],[127.98948,37.36484],[127.98929,37.3649],[127.98858,37.36516],[127.98847,37.36521],[127.98826,37.36531],[127.98823,37.36534],[127.9845,37.36934],[127.98353,37.37071],[127.98298,37.37142],[127.98292,37.37149],[127.98284,37.37158],[127.9828,37.37162],[127.98006,37.37373],[127.98002,37.37375],[127.97996,37.37375],[127.97917,37.3737],[127.9768,37.37357],[127.9711,37.37781],[127.96942,37.37859],[127.96762,37.37958],[127.96757,37.37961],[127.96754,37.37963],[127.9675,37.37968],[127.9674,37.37984],[127.96598,37.38231],[127.9655,37.38328],[127.96488,37.3853],[127.96456,37.38653],[127.96456,37.38659],[127.96455,37.3869],[127.96456,37.38715],[127.96457,37.38724],[127.96461,37.38736],[127.96479,37.38794],[127.96483,37.38803],[127.96495,37.38831],[127.96497,37.38837],[127.96498,37.38842],[127.96501,37.38857],[127.96501,37.3886],[127.96501,37.38864],[127.96499,37.38868],[127.96458,37.39023],[127.96404,37.39149],[127.96403,37.39153],[127.96399,37.3916],[127.96381,37.39184],[127.96378,37.39188],[127.96375,37.39191],[127.9637,37.39195],[127.96248,37.39276],[127.96172,37.39323],[127.96155,37.39326],[127.96138,37.39328],[127.9611,37.39332],[127.9606,37.39339],[127.96054,37.39379],[127.9602,37.39846],[127.96029,37.40099],[127.96044,37.40195],[127.95362,37.40557],[127.94954,37.40759],[127.94832,37.40811],[127.94523,37.40931],[127.94517,37.40933],[127.9451,37.40935],[127.94493,37.40938],[127.94479,37.4094],[127.94446,37.40942],[127.94408,37.40942],[127.94211,37.40952],[127.94422,37.41344],[127.94447,37.4139],[127.94517,37.41581],[127.94681,37.42027],[127.94895,37.42273],[127.95007,37.42402],[127.95205,37.42485],[127.95383,37.42749],[127.95365,37.42987],[127.9538,37.43444],[127.95737,37.43912],[127.95917,37.44131],[127.96161,37.44565],[127.96246,37.44893],[127.96431,37.45034],[127.96541,37.45099],[127.96901,37.45302],[127.97017,37.45351],[127.97141,37.45412],[127.97148,37.45416],[127.97153,37.4542],[127.97177,37.45436],[127.97293,37.45523],[127.97498,37.45686],[127.97562,37.45754],[127.97605,37.45802],[127.97615,37.45813],[127.97665,37.4586],[127.97671,37.45865],[127.97704,37.45867],[127.97726,37.45869],[127.97797,37.45868],[127.97857,37.4586],[127.97891,37.45846],[127.97928,37.4583],[127.97969,37.45808],[127.98135,37.45736],[127.98168,37.45723],[127.98205,37.45717],[127.98352,37.45712],[127.98421,37.45741],[127.9858,37.45822],[127.98638,37.45863],[127.98665,37.45873],[127.98787,37.45893],[127.98791,37.45894],[127.98807,37.45886],[127.98829,37.45872],[127.99258,37.45632],[127.99438,37.4561],[127.99447,37.45612],[127.99473,37.45628],[127.99507,37.4565],[127.99517,37.45652],[127.99684,37.4567],[128.00172,37.45714],[128.00207,37.45713],[128.0038,37.4568],[128.00435,37.45631],[128.00451,37.45616],[128.00477,37.45583],[128.00484,37.45574],[128.00555,37.45458],[128.00607,37.45172],[128.00622,37.45054],[128.00618,37.4502],[128.00613,37.44986],[128.00622,37.44956],[128.0065,37.44917],[128.00698,37.44876],[128.00747,37.44864],[128.00829,37.4486],[128.01112,37.44879],[128.01284,37.44851],[128.01392,37.44821],[128.01465,37.44766],[128.01477,37.44703],[128.01503,37.44667],[128.01531,37.44667],[128.01667,37.44692],[128.02019,37.44764],[128.02235,37.44822],[128.02404,37.449],[128.02565,37.4499],[128.02879,37.4505],[128.02933,37.45047],[128.0336,37.44963],[128.03734,37.44791]]]]}},{"type":"Feature","properties":{"code":"51130320","name":"호저면","parent":"51130"},"geometry":{"type":"MultiPolygon","coordinates":[[[[127.92169,37.36294],[127.91915,37.36178],[127.91896,37.36166],[127.91786,37.3597],[127.91605,37.35327],[127.91552,37.35111],[127.91535,37.35044],[127.91568,37.34954],[127.91628,37.34722],[127.91634,37.34674],[127.91632,37.34645],[127.91627,37.34602],[127.91532,37.34412],[127.91513,37.34398],[127.91482,37.34395],[127.91432,37.34396],[127.914,37.34392],[127.91375,37.34389],[127.91328,37.34371],[127.90967,37.34128],[127.90915,37.34081],[127.90904,37.34042],[127.90905,37.34034],[127.90943,37.33942],[127.90951,37.3393],[127.91024,37.33853],[127.91037,37.33821],[127.91034,37.33812],[127.90979,37.33724],[127.90906,37.33633],[127.90879,37.3363],[127.90868,37.33628],[127.9083,37.33626],[127.90817,37.33625],[127.90749,37.33625],[127.90673,37.33626],[127.90666,37.33627],[127.90662,37.33627],[127.90657,37.33629],[127.90337,37.33728],[127.90294,37.33745],[127.90014,37.3371],[127.89936,37.33703],[127.89854,37.33709],[127.8952,37.33792],[127.89534,37.33835],[127.89577,37.3397],[127.89661,37.34269],[127.89678,37.3433],[127.89689,37.34392],[127.89692,37.34433],[127.89693,37.3446],[127.89696,37.34559],[127.89696,37.34641],[127.89557,37.34739],[127.89561,37.34761],[127.89547,37.34784],[127.89532,37.34809],[127.89482,37.34836],[127.89454,37.34851],[127.89436,37.34862],[127.89108,37.34996],[127.88545,37.35232],[127.88529,37.35243],[127.88489,37.35271],[127.88472,37.35466],[127.88471,37.35477],[127.88487,37.35577],[127.88527,37.35628],[127.88545,37.35674],[127.88509,37.35766],[127.88408,37.36408],[127.88407,37.36432],[127.88495,37.3666],[127.88661,37.36667],[127.8871,37.36647],[127.88809,37.36607],[127.88903,37.3648],[127.88915,37.36455],[127.88956,37.3637],[127.88952,37.36312],[127.88962,37.36244],[127.89005,37.3615],[127.89381,37.35897],[127.8943,37.3589],[127.89695,37.35857],[127.89817,37.35927],[127.90269,37.36193],[127.90233,37.36237],[127.90197,37.36297],[127.90174,37.36489],[127.90209,37.36838],[127.90231,37.36901],[127.9034,37.37038],[127.90366,37.3722],[127.90321,37.37463],[127.90327,37.37494],[127.90566,37.37909],[127.9068,37.38074],[127.90813,37.38179],[127.9084,37.382],[127.9091,37.38226],[127.91051,37.3826],[127.91082,37.3825],[127.91379,37.38241],[127.91392,37.38133],[127.91752,37.37918],[127.91853,37.37898],[127.91949,37.37858],[127.9205,37.37764],[127.92207,37.37608],[127.92274,37.37496],[127.92433,37.36904],[127.92417,37.36718],[127.92368,37.36686],[127.92317,37.36719],[127.92266,37.3674],[127.92259,37.36732],[127.92185,37.36597],[127.92188,37.3652],[127.92201,37.36434],[127.92212,37.36369],[127.9221,37.3633],[127.92169,37.36294]]],[[[127.96431,37.45034],[127.96246,37.44893],[127.96161,37.44565],[127.95917,37.44131],[127.95737,37.43912],[127.9538,37.43444],[127.95365,37.42987],[127.95383,37.42749],[127.95205,37.42485],[127.95007,37.42402],[127.94895,37.42273],[127.94681,37.42027],[127.94517,37.41581],[127.94447,37.4139],[127.94422,37.41344],[127.94211,37.40952],[127.93943,37.40838],[127.93829,37.40842],[127.93708,37.40904],[127.93643,37.40946],[127.9357,37.40918],[127.93532,37.4088],[127.93677,37.40624],[127.93745,37.40527],[127.93814,37.40469],[127.93831,37.40314],[127.93844,37.40119],[127.93832,37.40041],[127.93779,37.39997],[127.9373,37.39956],[127.93431,37.39889],[127.93368,37.39878],[127.93094,37.39843],[127.9306,37.39796],[127.93038,37.39731],[127.93032,37.39602],[127.92855,37.39311],[127.9259,37.39043],[127.92572,37.39035],[127.92548,37.39025],[127.92385,37.38991],[127.92176,37.39019],[127.92127,37.39042],[127.92084,37.39079],[127.91995,37.39112],[127.91213,37.39135],[127.91124,37.39133],[127.90979,37.39212],[127.90895,37.39224],[127.90572,37.39253],[127.9056,37.39253],[127.90384,37.3917],[127.90242,37.38979],[127.90206,37.38893],[127.90172,37.38811],[127.9012,37.38773],[127.90025,37.38761],[127.89686,37.38848],[127.89671,37.38859],[127.89659,37.38874],[127.89604,37.38948],[127.8935,37.39178],[127.89091,37.39371],[127.89073,37.39374],[127.88429,37.39406],[127.88173,37.39218],[127.88156,37.39204],[127.88127,37.39157],[127.88055,37.39054],[127.87882,37.38829],[127.87812,37.38764],[127.87718,37.38709],[127.87609,37.38647],[127.87593,37.38648],[127.87472,37.38677],[127.87446,37.38684],[127.87433,37.38696],[127.87302,37.38853],[127.8729,37.38898],[127.87292,37.3891],[127.87627,37.39327],[127.8768,37.39336],[127.87718,37.39362],[127.87728,37.39381],[127.87884,37.39749],[127.88022,37.40002],[127.88046,37.40009],[127.88331,37.40261],[127.87855,37.40601],[127.87759,37.4066],[127.87619,37.4074],[127.87554,37.40769],[127.87483,37.40782],[127.87297,37.40787],[127.86952,37.40773],[127.87014,37.41006],[127.8709,37.41523],[127.87095,37.41628],[127.87071,37.41784],[127.87047,37.41828],[127.86826,37.41947],[127.86785,37.41975],[127.86745,37.42003],[127.86566,37.42236],[127.86413,37.4244],[127.86364,37.42594],[127.8639,37.42761],[127.8644,37.42843],[127.86494,37.42995],[127.86518,37.43093],[127.86504,37.43192],[127.86425,37.43394],[127.86336,37.43581],[127.86363,37.43772],[127.86388,37.43788],[127.864,37.43796],[127.86468,37.43851],[127.86598,37.44031],[127.86598,37.44474],[127.86698,37.44786],[127.86848,37.45081],[127.87064,37.45346],[127.87318,37.45449],[127.87368,37.45501],[127.874,37.456],[127.87439,37.45964],[127.87446,37.46033],[127.87432,37.46198],[127.87516,37.46569],[127.87535,37.46602],[127.87629,37.46651],[127.87694,37.46681],[127.87702,37.46684],[127.87763,37.46705],[127.88376,37.46775],[127.88507,37.46766],[127.88536,37.46738],[127.88565,37.4671],[127.88723,37.46687],[127.88773,37.4668],[127.88847,37.4667],[127.8898,37.46766],[127.89163,37.46887],[127.89338,37.4698],[127.89928,37.47137],[127.90237,37.47202],[127.90408,37.47321],[127.90493,37.47397],[127.90782,37.47803],[127.90825,37.4787],[127.90853,37.48182],[127.90944,37.48544],[127.90962,37.48606],[127.90979,37.4866],[127.91016,37.48711],[127.9133,37.49013],[127.91412,37.49064],[127.91506,37.49111],[127.91653,37.4917],[127.91729,37.49194],[127.91913,37.49292],[127.918,37.49532],[127.91811,37.4972],[127.91838,37.4975],[127.91928,37.49781],[127.92096,37.49782],[127.92197,37.49912],[127.9223,37.49958],[127.92241,37.50099],[127.92258,37.50152],[127.92682,37.50581],[127.9285,37.50682],[127.93056,37.50518],[127.93261,37.50378],[127.93328,37.50357],[127.93404,37.50356],[127.93459,37.50321],[127.93548,37.5024],[127.93753,37.50132],[127.93914,37.50026],[127.93836,37.49624],[127.93666,37.49493],[127.93612,37.49449],[127.93568,37.49414],[127.93292,37.49035],[127.9327,37.48825],[127.93338,37.48646],[127.93454,37.48618],[127.93602,37.48546],[127.93758,37.48372],[127.93828,37.4826],[127.93894,37.48049],[127.93882,37.48018],[127.93811,37.47933],[127.93763,37.47744],[127.93806,37.47608],[127.93931,37.4762],[127.94036,37.47518],[127.94058,37.47322],[127.94223,37.46889],[127.94315,37.4668],[127.94483,37.46322],[127.94674,37.46151],[127.94866,37.45975],[127.94958,37.45858],[127.95015,37.45684],[127.95119,37.45478],[127.95174,37.45477],[127.95224,37.45479],[127.95308,37.45498],[127.95374,37.45518],[127.95458,37.45559],[127.95608,37.45566],[127.95971,37.45306],[127.9617,37.45151],[127.9635,37.45145],[127.96431,37.45034]]]]}},{"type":"Feature","properties":{"code":"51130330","name":"지정면","parent":"51130"},"geometry":{"type":"MultiPolygon","coordinates":[[[[127.86952,37.40773],[127.87297,37.40787],[127.87483,37.40782],[127.87554,37.40769],[127.87619,37.4074],[127.87759,37.4066],[127.87855,37.40601],[127.88331,37.40261],[127.88046,37.40009],[127.88022,37.40002],[127.87884,37.39749],[127.87728,37.39381],[127.87718,37.39362],[127.8768,37.39336],[127.87627,37.39327],[127.87292,37.3891],[127.8729,37.38898],[127.87302,37.38853],[127.87433,37.38696],[127.87446,37.38684],[127.87472,37.38677],[127.87593,37.38648],[127.87609,37.38647],[127.87718,37.38709],[127.87812,37.38764],[127.87882,37.38829],[127.88055,37.39054],[127.88127,37.39157],[127.88156,37.39204],[127.88173,37.39218],[127.88429,37.39406],[127.89073,37.39374],[127.89091,37.39371],[127.8935,37.39178],[127.89604,37.38948],[127.89659,37.38874],[127.89671,37.38859],[127.89686,37.38848],[127.90025,37.38761],[127.9012,37.38773],[127.90172,37.38811],[127.90206,37.38893],[127.90242,37.38979],[127.90384,37.3917],[127.9056,37.39253],[127.90572,37.39253],[127.90895,37.39224],[127.90979,37.39212],[127.91124,37.39133],[127.91166,37.39045],[127.91255,37.38884],[127.91341,37.38742],[127.91457,37.38473],[127.91456,37.38454],[127.91379,37.38241],[127.91082,37.3825],[127.91051,37.3826],[127.9091,37.38226],[127.9084,37.382],[127.90813,37.38179],[127.9068,37.38074],[127.90566,37.37909],[127.90327,37.37494],[127.90321,37.37463],[127.90366,37.3722],[127.9034,37.37038],[127.90231,37.36901],[127.90209,37.36838],[127.90174,37.36489],[127.90197,37.36297],[127.90233,37.36237],[127.90269,37.36193],[127.89817,37.35927],[127.89695,37.35857],[127.8943,37.3589],[127.89381,37.35897],[127.89005,37.3615],[127.88962,37.36244],[127.88952,37.36312],[127.88956,37.3637],[127.88915,37.36455],[127.88903,37.3648],[127.88809,37.36607],[127.8871,37.36647],[127.88661,37.36667],[127.88495,37.3666],[127.88407,37.36432],[127.88408,37.36408],[127.88509,37.35766],[127.88545,37.35674],[127.88527,37.35628],[127.88487,37.35577],[127.88471,37.35477],[127.88472,37.35466],[127.88489,37.35271],[127.88529,37.35243],[127.88545,37.35232],[127.89108,37.34996],[127.89436,37.34862],[127.89454,37.34851],[127.89482,37.34836],[127.89532,37.34809],[127.89547,37.34784],[127.89561,37.34761],[127.89557,37.34739],[127.89122,37.3469],[127.88586,37.34625],[127.88522,37.34616],[127.88409,37.34606],[127.88335,37.34605],[127.88257,37.34611],[127.88239,37.34621],[127.88169,37.34656],[127.8815,37.3466],[127.87968,37.34666],[127.87754,37.34659],[127.87708,37.34654],[127.87674,37.34643],[127.87647,37.34611],[127.87601,37.34531],[127.87574,37.34478],[127.8757,37.34414],[127.87559,37.34049],[127.8757,37.33932],[127.87578,37.33909],[127.87608,37.33813],[127.87589,37.33741],[127.8757,37.33706],[127.87541,37.3368],[127.87495,37.33671],[127.87349,37.33668],[127.87104,37.33677],[127.87065,37.3368],[127.86985,37.337],[127.86632,37.33647],[127.86632,37.33524],[127.86615,37.33464],[127.86511,37.33323],[127.86465,37.33263],[127.86421,37.33225],[127.86386,37.3321],[127.86376,37.33206],[127.86357,37.33204],[127.86333,37.332],[127.86304,37.33197],[127.86262,37.33206],[127.86214,37.33222],[127.86147,37.33244],[127.86131,37.33256],[127.86087,37.33289],[127.86062,37.33364],[127.86057,37.33418],[127.86057,37.33606],[127.86075,37.33691],[127.86179,37.33917],[127.862,37.33939],[127.86231,37.33972],[127.86283,37.3403],[127.86323,37.34088],[127.86364,37.34157],[127.86382,37.34249],[127.86364,37.34285],[127.86333,37.34319],[127.86285,37.34343],[127.86268,37.34342],[127.86253,37.34341],[127.86235,37.34335],[127.86212,37.34326],[127.86197,37.3432],[127.86011,37.34302],[127.85753,37.34282],[127.85629,37.34274],[127.85606,37.34278],[127.85557,37.34304],[127.85523,37.34351],[127.85488,37.34381],[127.85471,37.34394],[127.85449,37.34411],[127.85389,37.34428],[127.85359,37.34428],[127.85325,37.34411],[127.85284,37.3439],[127.85203,37.34321],[127.85196,37.34312],[127.85143,37.34239],[127.85061,37.34108],[127.8504,37.34059],[127.85015,37.33951],[127.85005,37.33906],[127.8502,37.33862],[127.85047,37.33788],[127.85047,37.33747],[127.85008,37.33699],[127.8494,37.33673],[127.84929,37.33673],[127.84805,37.33674],[127.84704,37.33684],[127.84664,37.33705],[127.84541,37.33831],[127.84508,37.33893],[127.84472,37.33963],[127.84465,37.3398],[127.84425,37.3407],[127.84415,37.34109],[127.84379,37.34229],[127.84326,37.34353],[127.84298,37.34398],[127.84252,37.34448],[127.84185,37.34495],[127.84164,37.34506],[127.84145,37.34515],[127.83747,37.34684],[127.83727,37.3469],[127.83716,37.34691],[127.837,37.34692],[127.8366,37.34681],[127.83629,37.34672],[127.83561,37.34633],[127.83537,37.34613],[127.83534,37.3461],[127.83532,37.34608],[127.83507,37.34552],[127.83458,37.34506],[127.83392,37.34463],[127.83356,37.34439],[127.82915,37.34153],[127.82802,37.34095],[127.82739,37.34058],[127.82666,37.34015],[127.82534,37.33937],[127.82202,37.33742],[127.82065,37.33662],[127.81969,37.33565],[127.81842,37.33451],[127.81786,37.33419],[127.81252,37.33192],[127.81212,37.33187],[127.80808,37.33232],[127.80782,37.33237],[127.80482,37.33457],[127.80396,37.33576],[127.80372,37.33654],[127.8039,37.33695],[127.80396,37.33716],[127.80408,37.33784],[127.804,37.33914],[127.80321,37.34192],[127.80308,37.34201],[127.80178,37.34205],[127.80075,37.34218],[127.79896,37.34282],[127.79581,37.34465],[127.79147,37.34751],[127.7879,37.34846],[127.78638,37.34869],[127.78604,37.34872],[127.78437,37.34845],[127.78311,37.34765],[127.7823,37.34704],[127.78201,37.34698],[127.78165,37.3469],[127.77747,37.34656],[127.77715,37.34655],[127.77585,37.34843],[127.7757,37.34871],[127.77493,37.35095],[127.77439,37.35319],[127.77436,37.35357],[127.77429,37.35447],[127.77431,37.35561],[127.77418,37.35648],[127.77413,37.35669],[127.77341,37.35853],[127.77252,37.35957],[127.77003,37.36208],[127.76909,37.36282],[127.76672,37.36323],[127.76612,37.36322],[127.76406,37.3628],[127.76117,37.36379],[127.75948,37.36704],[127.76031,37.36803],[127.7617,37.36916],[127.76188,37.36926],[127.76231,37.36952],[127.76294,37.3698],[127.76316,37.3699],[127.76411,37.36994],[127.76684,37.36979],[127.76857,37.36941],[127.76865,37.36939],[127.76989,37.36948],[127.77335,37.37015],[127.7778,37.3712],[127.77782,37.37309],[127.77738,37.37566],[127.77717,37.37672],[127.77632,37.37768],[127.77585,37.37842],[127.77583,37.37981],[127.77659,37.38324],[127.77691,37.38365],[127.77749,37.38438],[127.77851,37.38529],[127.77877,37.38551],[127.78037,37.38683],[127.78095,37.38679],[127.78314,37.39027],[127.78262,37.39156],[127.78238,37.39208],[127.7832,37.39371],[127.78421,37.3949],[127.78423,37.39498],[127.78442,37.39577],[127.78434,37.3961],[127.78405,37.39721],[127.78369,37.39861],[127.78379,37.39864],[127.7855,37.39934],[127.78744,37.4006],[127.78787,37.40133],[127.78782,37.40167],[127.78766,37.40279],[127.7879,37.40541],[127.78847,37.40615],[127.78858,37.40629],[127.78942,37.40691],[127.79011,37.41],[127.79098,37.41249],[127.7918,37.41385],[127.79221,37.4161],[127.79248,37.41824],[127.79374,37.42213],[127.79375,37.42216],[127.79404,37.42288],[127.79461,37.42425],[127.79462,37.42428],[127.79465,37.42431],[127.79471,37.42437],[127.79474,37.4244],[127.79477,37.42443],[127.79745,37.42662],[127.79749,37.42664],[127.79753,37.42666],[127.79771,37.42674],[127.79784,37.42679],[127.79874,37.42712],[127.79881,37.42714],[127.79889,37.42715],[127.79893,37.42715],[127.79996,37.42717],[127.8004,37.42714],[127.80049,37.4271],[127.80132,37.42707],[127.80138,37.42707],[127.80146,37.42708],[127.80176,37.42713],[127.80184,37.42715],[127.80196,37.42718],[127.802,37.4272],[127.80203,37.42722],[127.80212,37.42729],[127.80386,37.42888],[127.80391,37.42893],[127.80394,37.42897],[127.80395,37.42901],[127.80396,37.42904],[127.80396,37.42908],[127.80396,37.42912],[127.80314,37.43407],[127.80313,37.43411],[127.8031,37.43418],[127.80309,37.43423],[127.80305,37.43432],[127.80302,37.43437],[127.80299,37.43439],[127.8018,37.43533],[127.81104,37.43912],[127.81447,37.44263],[127.82122,37.44431],[127.82248,37.44389],[127.82422,37.44259],[127.82636,37.44067],[127.82807,37.43899],[127.83375,37.43488],[127.83666,37.43239],[127.83726,37.43217],[127.83822,37.43227],[127.84158,37.43081],[127.84366,37.42611],[127.84559,37.42085],[127.8465,37.41828],[127.84819,37.41341],[127.84904,37.41075],[127.84979,37.40987],[127.85088,37.40908],[127.85118,37.40847],[127.85126,37.40768],[127.85088,37.4062],[127.85026,37.40441],[127.84951,37.40254],[127.84875,37.40081],[127.84846,37.40012],[127.84868,37.39953],[127.85134,37.3946],[127.85138,37.39455],[127.85146,37.39448],[127.85288,37.39605],[127.85459,37.39823],[127.85572,37.39887],[127.85663,37.39938],[127.85729,37.39952],[127.85827,37.39974],[127.85976,37.39933],[127.86034,37.39909],[127.86179,37.39885],[127.86281,37.39875],[127.86401,37.39877],[127.86468,37.39891],[127.86513,37.399],[127.86652,37.39945],[127.86718,37.39991],[127.86774,37.40138],[127.86788,37.40344],[127.8687,37.40584],[127.86952,37.40773]]]]}},{"type":"Feature","properties":{"code":"51130350","name":"부론면","parent":"51130"},"geometry":{"type":"MultiPolygon","coordinates":[[[[127.83817,37.20699],[127.83885,37.20667],[127.8389,37.20663],[127.83895,37.20651],[127.83931,37.20159],[127.83931,37.20129],[127.83931,37.20088],[127.83928,37.20053],[127.83923,37.20026],[127.83903,37.19908],[127.8389,37.19884],[127.83868,37.19858],[127.83858,37.19848],[127.83649,37.19649],[127.8363,37.19635],[127.83425,37.19526],[127.83414,37.1952],[127.83258,37.19485],[127.83244,37.19483],[127.83225,37.19483],[127.83173,37.19485],[127.83131,37.19483],[127.831,37.1948],[127.83078,37.19476],[127.82862,37.19429],[127.82829,37.19421],[127.82791,37.19409],[127.82674,37.19351],[127.82669,37.19348],[127.82667,37.19343],[127.82669,37.19243],[127.82681,37.19191],[127.82747,37.19053],[127.82762,37.19023],[127.82773,37.19002],[127.82795,37.18977],[127.82837,37.18925],[127.82843,37.18916],[127.82882,37.18811],[127.82928,37.18684],[127.8293,37.18671],[127.82931,37.18653],[127.82926,37.18632],[127.82918,37.18619],[127.82857,37.18533],[127.82914,37.1819],[127.82987,37.18063],[127.82999,37.18038],[127.83006,37.18009],[127.83012,37.17974],[127.83032,37.1784],[127.83029,37.17574],[127.82957,37.17397],[127.82951,37.17388],[127.82943,37.17379],[127.82932,37.17367],[127.82845,37.17296],[127.8284,37.17293],[127.82835,37.17292],[127.82825,37.17289],[127.82815,37.17287],[127.82801,37.1728],[127.82744,37.17255],[127.82733,37.17248],[127.8262,37.17145],[127.82607,37.17131],[127.82585,37.17105],[127.82452,37.16943],[127.82446,37.16914],[127.82454,37.16829],[127.82457,37.16822],[127.82461,37.16815],[127.82467,37.16807],[127.82475,37.168],[127.82485,37.16793],[127.82492,37.1679],[127.8251,37.16783],[127.82541,37.16771],[127.82554,37.16763],[127.82564,37.16755],[127.82573,37.16739],[127.82647,37.16589],[127.82649,37.16581],[127.82646,37.16547],[127.82584,37.16049],[127.82582,37.16042],[127.82525,37.15855],[127.82481,37.15732],[127.82477,37.15728],[127.82456,37.15708],[127.82452,37.15704],[127.82418,37.15646],[127.82412,37.15627],[127.8241,37.15617],[127.82401,37.15543],[127.82407,37.15456],[127.82408,37.15451],[127.82452,37.15431],[127.82474,37.15425],[127.82529,37.15416],[127.82589,37.15406],[127.82597,37.15403],[127.826,37.15399],[127.82601,37.15393],[127.82605,37.1536],[127.82608,37.15337],[127.82607,37.15334],[127.82558,37.15253],[127.82507,37.15221],[127.8243,37.15164],[127.82347,37.15105],[127.81837,37.14772],[127.81818,37.14761],[127.81759,37.14734],[127.81687,37.14705],[127.8166,37.14694],[127.81621,37.14679],[127.81575,37.14665],[127.81546,37.1466],[127.81475,37.14655],[127.81201,37.14658],[127.81166,37.1466],[127.81153,37.14663],[127.81145,37.14664],[127.81067,37.14685],[127.81001,37.14709],[127.80953,37.14721],[127.80921,37.14727],[127.80875,37.14731],[127.80835,37.14734],[127.80813,37.14735],[127.80795,37.14736],[127.80776,37.14736],[127.8073,37.14732],[127.80705,37.14729],[127.80677,37.14724],[127.80671,37.14722],[127.80642,37.14713],[127.80628,37.14707],[127.80619,37.14703],[127.80536,37.14657],[127.80508,37.14639],[127.80419,37.1458],[127.80352,37.14534],[127.80298,37.14501],[127.80259,37.14481],[127.80247,37.14476],[127.80212,37.14462],[127.80189,37.14457],[127.80171,37.14453],[127.80137,37.1445],[127.8013,37.1445],[127.80115,37.1445],[127.80099,37.14452],[127.80082,37.14455],[127.80065,37.14459],[127.80042,37.14466],[127.80008,37.1448],[127.79943,37.14509],[127.79895,37.14534],[127.79858,37.14554],[127.79832,37.14565],[127.79829,37.14566],[127.79798,37.14577],[127.79722,37.14595],[127.79528,37.14618],[127.79519,37.14618],[127.79514,37.14618],[127.79493,37.14615],[127.79468,37.1461],[127.79437,37.14602],[127.7938,37.14583],[127.79357,37.14574],[127.79215,37.14513],[127.78951,37.1444],[127.78924,37.14453],[127.78873,37.145],[127.78852,37.14526],[127.7882,37.14564],[127.78758,37.14639],[127.78701,37.14713],[127.78675,37.14746],[127.78672,37.1475],[127.78641,37.14785],[127.78581,37.14845],[127.78567,37.14859],[127.78484,37.14935],[127.78402,37.15007],[127.78348,37.15047],[127.78253,37.15111],[127.78219,37.1513],[127.78187,37.15146],[127.78158,37.15158],[127.78123,37.15172],[127.78075,37.15185],[127.77961,37.15214],[127.7774,37.1527],[127.77687,37.15282],[127.77676,37.15285],[127.77621,37.15301],[127.77572,37.15321],[127.77525,37.15342],[127.77128,37.15531],[127.77081,37.15553],[127.77044,37.15573],[127.76974,37.15613],[127.76912,37.15649],[127.76877,37.15671],[127.76844,37.15693],[127.76816,37.15712],[127.76784,37.15735],[127.7673,37.1578],[127.76576,37.15909],[127.76542,37.15939],[127.76489,37.15992],[127.76463,37.1602],[127.76384,37.16104],[127.76375,37.16114],[127.76348,37.16142],[127.76283,37.16224],[127.76254,37.16261],[127.76192,37.16349],[127.76159,37.16396],[127.75636,37.1715],[127.75596,37.17214],[127.75503,37.17375],[127.75468,37.17446],[127.75457,37.17473],[127.75394,37.17616],[127.75228,37.18199],[127.75211,37.18268],[127.7519,37.18353],[127.75188,37.18365],[127.75187,37.18374],[127.75185,37.18388],[127.7518,37.1841],[127.75164,37.18481],[127.75122,37.18667],[127.75086,37.18822],[127.75047,37.18971],[127.74847,37.19693],[127.74695,37.20244],[127.74682,37.20288],[127.74642,37.20369],[127.7462,37.20414],[127.74597,37.20462],[127.74584,37.20489],[127.74555,37.20551],[127.74523,37.2062],[127.74511,37.20647],[127.74478,37.20722],[127.74447,37.20803],[127.74419,37.20878],[127.74418,37.2088],[127.74402,37.20929],[127.74394,37.20959],[127.74389,37.2099],[127.74385,37.2101],[127.74386,37.21014],[127.74387,37.21037],[127.74396,37.21074],[127.74403,37.21097],[127.74412,37.21123],[127.74423,37.21147],[127.74437,37.21174],[127.74447,37.21192],[127.74478,37.21234],[127.745,37.21263],[127.7456,37.21334],[127.74626,37.21415],[127.74685,37.21488],[127.74712,37.21525],[127.74728,37.21548],[127.74792,37.21668],[127.74825,37.21737],[127.74908,37.21907],[127.74933,37.21945],[127.74936,37.2195],[127.74948,37.21967],[127.74962,37.21987],[127.74977,37.22008],[127.7498,37.22012],[127.74991,37.22026],[127.75003,37.22044],[127.75014,37.2206],[127.75016,37.22062],[127.75026,37.22076],[127.75036,37.2209],[127.75045,37.22104],[127.75053,37.22117],[127.75057,37.22125],[127.7506,37.2213],[127.75065,37.22141],[127.75068,37.22147],[127.7507,37.22153],[127.75075,37.22164],[127.75078,37.22175],[127.75081,37.22186],[127.75083,37.22198],[127.75085,37.22211],[127.75086,37.22224],[127.75088,37.22241],[127.75089,37.22254],[127.7509,37.22272],[127.75092,37.2229],[127.75093,37.22302],[127.75094,37.22309],[127.75095,37.22329],[127.75096,37.22348],[127.75097,37.22367],[127.75098,37.22386],[127.75098,37.22403],[127.75097,37.22418],[127.75097,37.22424],[127.75096,37.22433],[127.75094,37.22446],[127.75092,37.22458],[127.75091,37.22464],[127.7509,37.2247],[127.75087,37.22482],[127.75084,37.22494],[127.7508,37.22506],[127.75076,37.22519],[127.75072,37.22532],[127.75067,37.22546],[127.75065,37.22551],[127.75061,37.22561],[127.7506,37.22564],[127.75055,37.22576],[127.75051,37.22585],[127.75048,37.22591],[127.7504,37.22608],[127.75037,37.22615],[127.75034,37.2262],[127.75032,37.22625],[127.75022,37.22642],[127.75019,37.22647],[127.75012,37.2266],[127.75,37.22678],[127.74987,37.22697],[127.74973,37.22716],[127.74962,37.22731],[127.74958,37.22735],[127.74942,37.22753],[127.74931,37.22765],[127.74925,37.22772],[127.74905,37.2279],[127.74901,37.22793],[127.74884,37.22808],[127.74863,37.22824],[127.74859,37.22827],[127.74853,37.22831],[127.74829,37.22848],[127.74808,37.22862],[127.74793,37.22871],[127.74751,37.22898],[127.747,37.22928],[127.74688,37.22935],[127.74664,37.22949],[127.7464,37.22963],[127.7469,37.23178],[127.74689,37.23197],[127.7468,37.23337],[127.74678,37.23376],[127.74672,37.23477],[127.74675,37.23512],[127.747,37.23847],[127.74705,37.23906],[127.74709,37.23965],[127.74745,37.2421],[127.74765,37.24347],[127.74886,37.24748],[127.75012,37.24862],[127.75138,37.24955],[127.75264,37.25047],[127.75367,37.25124],[127.75422,37.25196],[127.75476,37.25268],[127.7553,37.25342],[127.75549,37.25368],[127.75831,37.25803],[127.75818,37.25926],[127.75816,37.25945],[127.75768,37.26378],[127.75732,37.26482],[127.76327,37.26552],[127.76794,37.26608],[127.77112,37.26666],[127.77151,37.2668],[127.7736,37.26758],[127.77603,37.2685],[127.78025,37.27008],[127.78143,37.27089],[127.78351,37.27231],[127.78522,37.27348],[127.78728,37.2744],[127.78776,37.27323],[127.78781,37.27296],[127.7878,37.27256],[127.78763,37.27194],[127.7875,37.27151],[127.78739,37.27106],[127.78735,37.27061],[127.78738,37.27019],[127.7875,37.26851],[127.78752,37.26842],[127.78814,37.26662],[127.78821,37.26646],[127.78826,37.26644],[127.79054,37.2649],[127.79096,37.26389],[127.79149,37.26393],[127.79228,37.26377],[127.79379,37.26299],[127.79455,37.26231],[127.79527,37.26131],[127.7954,37.26103],[127.79547,37.2608],[127.79553,37.26046],[127.79553,37.26027],[127.79543,37.26012],[127.79494,37.25945],[127.79407,37.25821],[127.79401,37.25807],[127.79396,37.25789],[127.79399,37.25725],[127.79404,37.25697],[127.79426,37.25595],[127.7956,37.25258],[127.79572,37.25236],[127.7958,37.25229],[127.79685,37.25168],[127.79707,37.25158],[127.79715,37.25156],[127.79722,37.25156],[127.79727,37.25157],[127.79732,37.25157],[127.79742,37.25161],[127.80038,37.25278],[127.8005,37.25284],[127.80095,37.25313],[127.80115,37.25333],[127.80161,37.25379],[127.8021,37.25426],[127.80228,37.2544],[127.80247,37.25448],[127.80294,37.25457],[127.80323,37.25462],[127.80358,37.25458],[127.80378,37.25453],[127.80391,37.2545],[127.80412,37.25442],[127.80601,37.25364],[127.80617,37.25354],[127.80688,37.25273],[127.80691,37.25269],[127.80695,37.25263],[127.80698,37.25257],[127.80868,37.24792],[127.81058,37.24455],[127.8122,37.24309],[127.81575,37.24266],[127.81597,37.24263],[127.81774,37.24256],[127.8178,37.24256],[127.81784,37.24255],[127.81801,37.24256],[127.81818,37.24259],[127.81825,37.24261],[127.81831,37.24262],[127.81839,37.24265],[127.81848,37.24268],[127.81862,37.24273],[127.81873,37.24278],[127.81886,37.24282],[127.81906,37.24285],[127.81915,37.24286],[127.81927,37.24286],[127.8194,37.24286],[127.81942,37.24284],[127.82082,37.23818],[127.82085,37.23802],[127.82184,37.23169],[127.82257,37.2266],[127.82261,37.22648],[127.82273,37.22637],[127.82283,37.22628],[127.82356,37.22568],[127.82373,37.22556],[127.82389,37.22549],[127.82418,37.22542],[127.82884,37.22437],[127.83101,37.22394],[127.83111,37.22394],[127.83128,37.22397],[127.83134,37.224],[127.8314,37.22402],[127.83153,37.2241],[127.8316,37.22415],[127.83168,37.2242],[127.83177,37.22424],[127.83188,37.22426],[127.83197,37.22424],[127.83232,37.22413],[127.83278,37.22396],[127.83292,37.2239],[127.83304,37.22384],[127.83314,37.22379],[127.83327,37.22371],[127.83424,37.22307],[127.83432,37.22299],[127.83435,37.22291],[127.83437,37.22268],[127.83458,37.21935],[127.83457,37.21918],[127.83454,37.21894],[127.83446,37.21873],[127.83424,37.21834],[127.83402,37.21793],[127.83364,37.21683],[127.83361,37.21657],[127.83358,37.21594],[127.83358,37.21579],[127.83363,37.2157],[127.83393,37.21545],[127.83414,37.21533],[127.83486,37.21477],[127.8362,37.21355],[127.83626,37.21343],[127.8363,37.21332],[127.83631,37.21302],[127.83629,37.21285],[127.83607,37.21199],[127.83604,37.21188],[127.836,37.21178],[127.83588,37.21165],[127.83529,37.21094],[127.83494,37.21026],[127.83445,37.20924],[127.83438,37.20903],[127.83436,37.20884],[127.83437,37.20868],[127.83438,37.20865],[127.83442,37.20854],[127.83454,37.20842],[127.83473,37.20829],[127.83488,37.2082],[127.83508,37.2081],[127.83539,37.20796],[127.83817,37.20699]]]]}},{"type":"Feature","properties":{"code":"51130360","name":"귀래면","parent":"51130"},"geometry":{"type":"MultiPolygon","coordinates":[[[[127.88513,37.24456],[127.8869,37.24336],[127.8871,37.2432],[127.88723,37.24305],[127.88812,37.24182],[127.88866,37.24104],[127.88947,37.23987],[127.89177,37.23907],[127.89203,37.23921],[127.89233,37.23935],[127.89258,37.23946],[127.89298,37.23956],[127.89331,37.23963],[127.89628,37.24024],[127.89637,37.24026],[127.89649,37.24025],[127.89833,37.24015],[127.90436,37.2385],[127.90443,37.23848],[127.9045,37.23843],[127.90488,37.23806],[127.90551,37.23735],[127.90668,37.23629],[127.90744,37.2356],[127.90752,37.23557],[127.90888,37.23501],[127.90904,37.235],[127.90914,37.23503],[127.9092,37.23505],[127.90929,37.23511],[127.90944,37.23529],[127.90972,37.23569],[127.90979,37.23573],[127.91002,37.2359],[127.91048,37.23614],[127.91068,37.23615],[127.91078,37.23614],[127.91324,37.23585],[127.91399,37.23572],[127.91537,37.23496],[127.91547,37.2349],[127.91562,37.23478],[127.9159,37.23447],[127.91597,37.23438],[127.91665,37.23274],[127.91677,37.23243],[127.91707,37.23156],[127.9174,37.23026],[127.91741,37.23015],[127.91742,37.22944],[127.91727,37.22905],[127.91717,37.22886],[127.91714,37.22875],[127.91713,37.22854],[127.91716,37.22833],[127.91734,37.22784],[127.91751,37.22756],[127.91757,37.22748],[127.91817,37.227],[127.91821,37.22697],[127.91997,37.22584],[127.92005,37.2258],[127.92011,37.22578],[127.92016,37.22578],[127.92129,37.22575],[127.92146,37.22532],[127.92248,37.22315],[127.92297,37.22219],[127.92313,37.22194],[127.92666,37.21945],[127.92674,37.21911],[127.92765,37.21604],[127.92856,37.21379],[127.92872,37.21349],[127.92933,37.21259],[127.93238,37.2075],[127.93235,37.20465],[127.93222,37.20169],[127.93219,37.20131],[127.93214,37.20109],[127.9321,37.20101],[127.93205,37.20091],[127.93274,37.19572],[127.93294,37.19476],[127.93327,37.19348],[127.93335,37.1933],[127.93343,37.19312],[127.9335,37.19294],[127.93528,37.19025],[127.93655,37.18881],[127.93512,37.18499],[127.9349,37.18487],[127.93475,37.18476],[127.93464,37.18467],[127.93384,37.1839],[127.93375,37.18379],[127.9336,37.18362],[127.93284,37.18264],[127.93283,37.18261],[127.93286,37.18256],[127.93315,37.18079],[127.93358,37.17645],[127.9336,37.17611],[127.93359,37.17602],[127.93357,37.17597],[127.93351,37.17589],[127.93346,37.17585],[127.9334,37.17582],[127.93319,37.17574],[127.93307,37.1757],[127.93269,37.17561],[127.93264,37.17559],[127.93254,37.17554],[127.93244,37.17548],[127.93238,37.17543],[127.9317,37.1749],[127.93165,37.17486],[127.93161,37.17483],[127.92717,37.16948],[127.92712,37.16941],[127.92707,37.16934],[127.92705,37.16929],[127.9266,37.16721],[127.92622,37.16518],[127.92436,37.16433],[127.9243,37.16431],[127.92412,37.16429],[127.92373,37.16425],[127.92331,37.16422],[127.92323,37.16423],[127.92316,37.16424],[127.92312,37.16426],[127.92296,37.16434],[127.92278,37.16445],[127.91773,37.16759],[127.91602,37.16862],[127.91595,37.16873],[127.91587,37.1688],[127.91577,37.16888],[127.91536,37.16914],[127.9153,37.16917],[127.91525,37.16918],[127.91521,37.16918],[127.90855,37.16726],[127.90845,37.16721],[127.90842,37.16718],[127.90733,37.16585],[127.90727,37.16576],[127.90711,37.16548],[127.90703,37.16534],[127.90505,37.16098],[127.90421,37.15873],[127.9032,37.15541],[127.90197,37.15205],[127.90195,37.15201],[127.90188,37.15192],[127.89992,37.15039],[127.89966,37.1502],[127.89956,37.15015],[127.89938,37.15005],[127.89932,37.15005],[127.89887,37.15043],[127.89884,37.15047],[127.8988,37.15053],[127.89816,37.15151],[127.898,37.15178],[127.89778,37.15242],[127.89768,37.15276],[127.89766,37.15287],[127.89752,37.15313],[127.89743,37.15326],[127.89738,37.15334],[127.89726,37.1535],[127.89707,37.15374],[127.89703,37.15379],[127.8969,37.15396],[127.89504,37.15614],[127.89496,37.15621],[127.89484,37.15632],[127.89407,37.15696],[127.89398,37.15702],[127.88668,37.16092],[127.88661,37.16096],[127.88405,37.16166],[127.88357,37.16178],[127.88348,37.16179],[127.88158,37.16202],[127.87574,37.16338],[127.87263,37.16431],[127.87253,37.16434],[127.87249,37.16434],[127.87232,37.16435],[127.87164,37.16434],[127.87074,37.16439],[127.87013,37.16434],[127.86982,37.16428],[127.86959,37.16421],[127.8624,37.16186],[127.86218,37.16174],[127.86205,37.16165],[127.86192,37.16151],[127.86169,37.16118],[127.86162,37.16108],[127.8615,37.16091],[127.86132,37.16059],[127.86122,37.16037],[127.86116,37.16017],[127.86115,37.15998],[127.86116,37.15987],[127.86139,37.15851],[127.8615,37.15789],[127.86163,37.15734],[127.86171,37.15693],[127.86176,37.15665],[127.86179,37.15643],[127.8618,37.15631],[127.8618,37.15618],[127.86177,37.15596],[127.86175,37.1559],[127.8617,37.15582],[127.8616,37.15572],[127.86144,37.1556],[127.86136,37.15556],[127.86119,37.15546],[127.86109,37.15542],[127.86092,37.15537],[127.8608,37.15537],[127.8607,37.15539],[127.85588,37.15648],[127.85584,37.15651],[127.85577,37.15659],[127.8555,37.15724],[127.85537,37.15761],[127.85529,37.15793],[127.85528,37.15799],[127.85527,37.15829],[127.85528,37.15842],[127.85535,37.15851],[127.85549,37.15877],[127.85554,37.15889],[127.85561,37.15916],[127.85563,37.15939],[127.85563,37.1596],[127.85562,37.1599],[127.85553,37.16028],[127.85548,37.16037],[127.85543,37.16045],[127.85537,37.1605],[127.85526,37.16057],[127.85517,37.16062],[127.85428,37.16091],[127.85397,37.16101],[127.85387,37.16103],[127.85381,37.16104],[127.85368,37.16103],[127.85355,37.16101],[127.85338,37.16097],[127.85323,37.16089],[127.85295,37.16071],[127.85266,37.16048],[127.85162,37.1595],[127.85156,37.15944],[127.85145,37.15924],[127.85141,37.15915],[127.85083,37.15728],[127.85076,37.15693],[127.85072,37.15675],[127.85063,37.15631],[127.85062,37.15627],[127.85059,37.1561],[127.85055,37.15554],[127.85043,37.15426],[127.85041,37.15417],[127.85035,37.15397],[127.85031,37.15386],[127.85021,37.1537],[127.85015,37.15365],[127.84972,37.15343],[127.8496,37.15338],[127.8495,37.15335],[127.84943,37.15333],[127.84887,37.15319],[127.84873,37.15317],[127.84626,37.15285],[127.83706,37.15176],[127.83686,37.15174],[127.83665,37.15172],[127.8365,37.15171],[127.83615,37.15172],[127.83375,37.15193],[127.83356,37.15195],[127.83312,37.15202],[127.83285,37.15208],[127.83072,37.15294],[127.82726,37.15285],[127.82507,37.15221],[127.82558,37.15253],[127.82607,37.15334],[127.82608,37.15337],[127.82605,37.1536],[127.82601,37.15393],[127.826,37.15399],[127.82597,37.15403],[127.82589,37.15406],[127.82529,37.15416],[127.82474,37.15425],[127.82452,37.15431],[127.82408,37.15451],[127.82407,37.15456],[127.82401,37.15543],[127.8241,37.15617],[127.82412,37.15627],[127.82418,37.15646],[127.82452,37.15704],[127.82456,37.15708],[127.82477,37.15728],[127.82481,37.15732],[127.82525,37.15855],[127.82582,37.16042],[127.82584,37.16049],[127.82646,37.16547],[127.82649,37.16581],[127.82647,37.16589],[127.82573,37.16739],[127.82564,37.16755],[127.82554,37.16763],[127.82541,37.16771],[127.8251,37.16783],[127.82492,37.1679],[127.82485,37.16793],[127.82475,37.168],[127.82467,37.16807],[127.82461,37.16815],[127.82457,37.16822],[127.82454,37.16829],[127.82446,37.16914],[127.82452,37.16943],[127.82585,37.17105],[127.82607,37.17131],[127.8262,37.17145],[127.82733,37.17248],[127.82744,37.17255],[127.82801,37.1728],[127.82815,37.17287],[127.82825,37.17289],[127.82835,37.17292],[127.8284,37.17293],[127.82845,37.17296],[127.82932,37.17367],[127.82943,37.17379],[127.82951,37.17388],[127.82957,37.17397],[127.83029,37.17574],[127.83032,37.1784],[127.83012,37.17974],[127.83006,37.18009],[127.82999,37.18038],[127.82987,37.18063],[127.82914,37.1819],[127.82857,37.18533],[127.82918,37.18619],[127.82926,37.18632],[127.82931,37.18653],[127.8293,37.18671],[127.82928,37.18684],[127.82882,37.18811],[127.82843,37.18916],[127.82837,37.18925],[127.82795,37.18977],[127.82773,37.19002],[127.82762,37.19023],[127.82747,37.19053],[127.82681,37.19191],[127.82669,37.19243],[127.82667,37.19343],[127.82669,37.19348],[127.82674,37.19351],[127.82791,37.19409],[127.82829,37.19421],[127.82862,37.19429],[127.83078,37.19476],[127.831,37.1948],[127.83131,37.19483],[127.83173,37.19485],[127.83225,37.19483],[127.83244,37.19483],[127.83258,37.19485],[127.83414,37.1952],[127.83425,37.19526],[127.8363,37.19635],[127.83649,37.19649],[127.83858,37.19848],[127.83868,37.19858],[127.8389,37.19884],[127.83903,37.19908],[127.83923,37.20026],[127.83928,37.20053],[127.83931,37.20088],[127.83931,37.20129],[127.83931,37.20159],[127.83895,37.20651],[127.8389,37.20663],[127.83885,37.20667],[127.83817,37.20699],[127.84055,37.20889],[127.84104,37.21029],[127.84106,37.21034],[127.84141,37.21089],[127.8415,37.21097],[127.84384,37.21264],[127.84395,37.21271],[127.84406,37.21277],[127.8443,37.21287],[127.84487,37.2131],[127.84499,37.21314],[127.84511,37.21314],[127.84518,37.21314],[127.84586,37.21352],[127.84878,37.21573],[127.84885,37.21579],[127.84902,37.21595],[127.84909,37.21604],[127.84911,37.21606],[127.84919,37.21619],[127.84919,37.21623],[127.84916,37.21631],[127.84908,37.21641],[127.84898,37.21651],[127.84871,37.21672],[127.84832,37.21702],[127.84814,37.21716],[127.84809,37.21723],[127.8475,37.22009],[127.84746,37.22028],[127.84739,37.22475],[127.84917,37.22511],[127.84924,37.22506],[127.84936,37.22499],[127.84948,37.22492],[127.84952,37.2249],[127.8496,37.22487],[127.84966,37.22484],[127.84975,37.22482],[127.8498,37.22482],[127.85003,37.22492],[127.8501,37.22498],[127.85017,37.22508],[127.85025,37.22526],[127.85032,37.22588],[127.85038,37.22699],[127.85038,37.22721],[127.85035,37.22744],[127.85018,37.22825],[127.85012,37.22839],[127.84943,37.22955],[127.84929,37.22977],[127.84918,37.22989],[127.84911,37.22995],[127.84905,37.23001],[127.84897,37.23009],[127.84892,37.23024],[127.84891,37.23033],[127.84897,37.23043],[127.84902,37.23051],[127.84928,37.23091],[127.84955,37.23125],[127.84971,37.2314],[127.85087,37.23243],[127.85098,37.23251],[127.85557,37.23399],[127.85572,37.23401],[127.85601,37.23402],[127.85619,37.23402],[127.8602,37.23391],[127.86186,37.23382],[127.86411,37.23558],[127.86562,37.23857],[127.86595,37.23947],[127.86603,37.23975],[127.86613,37.24024],[127.86619,37.24072],[127.86618,37.24086],[127.86617,37.24114],[127.86611,37.24144],[127.86609,37.24173],[127.86609,37.24201],[127.86613,37.24226],[127.86617,37.24234],[127.86839,37.24508],[127.86846,37.24516],[127.86856,37.24524],[127.86865,37.24531],[127.86901,37.24555],[127.86933,37.24568],[127.86957,37.24575],[127.86977,37.24581],[127.86988,37.24584],[127.87003,37.24587],[127.87022,37.24589],[127.87053,37.2459],[127.87072,37.24589],[127.87091,37.24588],[127.87104,37.24587],[127.87294,37.24487],[127.88074,37.24339],[127.88108,37.24334],[127.88114,37.24333],[127.88126,37.24333],[127.88209,37.24345],[127.88427,37.24393],[127.88439,37.24397],[127.88457,37.24407],[127.88475,37.24418],[127.88487,37.24426],[127.88492,37.24431],[127.88499,37.24437],[127.88513,37.24456]]]]}},{"type":"Feature","properties":{"code":"51130370","name":"흥업면","parent":"51130"},"geometry":{"type":"MultiPolygon","coordinates":[[[[127.91024,37.33853],[127.9105,37.33819],[127.91071,37.33756],[127.91076,37.33665],[127.91073,37.33656],[127.90814,37.33187],[127.90647,37.32938],[127.90646,37.32936],[127.90622,37.32761],[127.90622,37.32754],[127.90628,37.32692],[127.90628,37.32687],[127.90629,37.32684],[127.90631,37.32681],[127.90641,37.32666],[127.90646,37.3266],[127.9065,37.32656],[127.90664,37.32647],[127.90675,37.32642],[127.90682,37.32639],[127.90691,37.32636],[127.9072,37.3263],[127.90726,37.32628],[127.90733,37.32625],[127.90738,37.3262],[127.90778,37.32587],[127.90814,37.32553],[127.9082,37.32546],[127.90832,37.32532],[127.90852,37.325],[127.90855,37.32496],[127.90882,37.32428],[127.90883,37.32367],[127.90882,37.32364],[127.90776,37.32162],[127.90664,37.32031],[127.9059,37.31983],[127.90586,37.31979],[127.90583,37.31976],[127.90581,37.31973],[127.9058,37.31969],[127.90577,37.3195],[127.9057,37.31885],[127.9057,37.31876],[127.9057,37.31871],[127.9059,37.31776],[127.90603,37.31724],[127.9061,37.31703],[127.90614,37.31694],[127.90824,37.31221],[127.90858,37.31157],[127.90861,37.31154],[127.90958,37.31072],[127.90971,37.31061],[127.90982,37.31054],[127.91062,37.31003],[127.91065,37.31],[127.91072,37.30998],[127.91077,37.30997],[127.9108,37.30998],[127.91083,37.31001],[127.91097,37.31017],[127.91102,37.31022],[127.91106,37.31025],[127.9111,37.31028],[127.91147,37.3105],[127.91154,37.31054],[127.91217,37.31085],[127.91222,37.31087],[127.91256,37.31097],[127.91359,37.31129],[127.91492,37.31164],[127.91556,37.3118],[127.91563,37.31182],[127.91584,37.31184],[127.91594,37.31185],[127.91672,37.31186],[127.91679,37.31186],[127.91683,37.31185],[127.91687,37.31184],[127.91691,37.31183],[127.91705,37.31176],[127.91712,37.31172],[127.91719,37.31165],[127.91723,37.31161],[127.91727,37.31156],[127.91822,37.31046],[127.91947,37.30917],[127.91956,37.30908],[127.91982,37.30885],[127.91988,37.30879],[127.91998,37.30872],[127.92021,37.30857],[127.92031,37.30851],[127.92044,37.30844],[127.9205,37.30842],[127.92419,37.30722],[127.92422,37.30721],[127.92544,37.30777],[127.92686,37.30648],[127.92667,37.30583],[127.92662,37.30564],[127.92658,37.3055],[127.92633,37.30336],[127.92681,37.3016],[127.9274,37.30035],[127.92813,37.2995],[127.92771,37.29635],[127.92746,37.29608],[127.92733,37.29592],[127.9273,37.29586],[127.92728,37.29576],[127.92727,37.29571],[127.92723,37.29507],[127.92723,37.295],[127.92725,37.29465],[127.92728,37.2946],[127.92731,37.29457],[127.92763,37.29426],[127.92788,37.29402],[127.92918,37.29187],[127.93063,37.28921],[127.93068,37.28906],[127.9307,37.28899],[127.93071,37.28894],[127.9307,37.28883],[127.93068,37.28877],[127.93067,37.28873],[127.93049,37.28837],[127.93043,37.28827],[127.93041,37.28824],[127.93038,37.28821],[127.93032,37.28818],[127.93017,37.28816],[127.93005,37.28814],[127.92993,37.28808],[127.92987,37.28803],[127.92978,37.28792],[127.92967,37.28774],[127.92966,37.28771],[127.92965,37.28766],[127.92965,37.28762],[127.92967,37.28676],[127.92974,37.28663],[127.93039,37.28576],[127.93046,37.28568],[127.93056,37.28557],[127.93059,37.28556],[127.93153,37.28514],[127.93162,37.28512],[127.93205,37.285],[127.93213,37.28499],[127.93225,37.28497],[127.93236,37.28496],[127.93245,37.28496],[127.93252,37.28497],[127.93268,37.285],[127.93273,37.28501],[127.93277,37.285],[127.93283,37.28498],[127.93289,37.28494],[127.93295,37.28491],[127.93307,37.28481],[127.93313,37.28475],[127.93411,37.28387],[127.93413,37.28385],[127.93414,37.28378],[127.93418,37.28352],[127.93421,37.28275],[127.9342,37.28272],[127.93449,37.28105],[127.93526,37.27929],[127.93682,37.27769],[127.93686,37.27767],[127.93691,37.27759],[127.93681,37.27725],[127.93678,37.27714],[127.93668,37.27693],[127.93661,37.27678],[127.93655,37.2767],[127.93645,37.27659],[127.9364,37.27655],[127.93629,37.27648],[127.93623,37.27645],[127.93618,37.27643],[127.93561,37.27624],[127.9352,37.2761],[127.93514,37.27607],[127.93507,37.27604],[127.93497,37.27599],[127.93488,37.27592],[127.93324,37.27469],[127.9331,37.27458],[127.93306,37.27454],[127.93299,37.27446],[127.93296,37.27442],[127.93295,37.27438],[127.93202,37.27156],[127.93201,37.27151],[127.93201,37.27146],[127.93213,37.2701],[127.93225,37.26886],[127.93225,37.26758],[127.93225,37.26746],[127.93224,37.26734],[127.93196,37.26494],[127.93191,37.26475],[127.93188,37.26467],[127.93182,37.26453],[127.93178,37.26446],[127.93166,37.26432],[127.93162,37.26427],[127.93146,37.26412],[127.93095,37.26365],[127.93089,37.26358],[127.93087,37.26354],[127.93086,37.26347],[127.93039,37.26159],[127.93036,37.26143],[127.93023,37.26008],[127.93023,37.26001],[127.93024,37.2599],[127.93025,37.25981],[127.93034,37.25941],[127.93299,37.25154],[127.93353,37.25007],[127.93355,37.25003],[127.93545,37.24888],[127.93616,37.24852],[127.93887,37.24486],[127.93891,37.24481],[127.93898,37.24465],[127.93902,37.24451],[127.93906,37.24439],[127.93953,37.24229],[127.93954,37.24218],[127.93954,37.24207],[127.93951,37.24195],[127.93915,37.24102],[127.93908,37.24084],[127.93906,37.2408],[127.93903,37.24078],[127.93886,37.24071],[127.93876,37.24073],[127.93866,37.24071],[127.93855,37.24064],[127.9385,37.2406],[127.93674,37.23942],[127.93606,37.23895],[127.93602,37.23892],[127.93602,37.23889],[127.936,37.23884],[127.93555,37.23798],[127.93404,37.23599],[127.93378,37.23571],[127.93165,37.23406],[127.93148,37.23398],[127.92966,37.23301],[127.92648,37.23069],[127.9229,37.22794],[127.92249,37.22751],[127.92155,37.22616],[127.92148,37.22607],[127.92138,37.22591],[127.92129,37.22575],[127.92016,37.22578],[127.92011,37.22578],[127.92005,37.2258],[127.91997,37.22584],[127.91821,37.22697],[127.91817,37.227],[127.91757,37.22748],[127.91751,37.22756],[127.91734,37.22784],[127.91716,37.22833],[127.91713,37.22854],[127.91714,37.22875],[127.91717,37.22886],[127.91727,37.22905],[127.91742,37.22944],[127.91741,37.23015],[127.9174,37.23026],[127.91707,37.23156],[127.91677,37.23243],[127.91665,37.23274],[127.91597,37.23438],[127.9159,37.23447],[127.91562,37.23478],[127.91547,37.2349],[127.91537,37.23496],[127.91399,37.23572],[127.91324,37.23585],[127.91078,37.23614],[127.91068,37.23615],[127.91048,37.23614],[127.91002,37.2359],[127.90979,37.23573],[127.90972,37.23569],[127.90944,37.23529],[127.90929,37.23511],[127.9092,37.23505],[127.90914,37.23503],[127.90904,37.235],[127.90888,37.23501],[127.90752,37.23557],[127.90744,37.2356],[127.90668,37.23629],[127.90551,37.23735],[127.90488,37.23806],[127.9045,37.23843],[127.90443,37.23848],[127.90436,37.2385],[127.89833,37.24015],[127.89649,37.24025],[127.89637,37.24026],[127.89628,37.24024],[127.89331,37.23963],[127.89298,37.23956],[127.89258,37.23946],[127.89233,37.23935],[127.89203,37.23921],[127.89177,37.23907],[127.88947,37.23987],[127.88866,37.24104],[127.88812,37.24182],[127.88723,37.24305],[127.8871,37.2432],[127.8869,37.24336],[127.88513,37.24456],[127.88471,37.24673],[127.88475,37.24923],[127.88501,37.25101],[127.88501,37.25108],[127.88499,37.25117],[127.88494,37.25127],[127.88487,37.25135],[127.88478,37.25143],[127.88203,37.25316],[127.88199,37.25318],[127.88195,37.2532],[127.88181,37.25325],[127.8808,37.2536],[127.8807,37.25362],[127.87768,37.25381],[127.87748,37.25376],[127.8774,37.25375],[127.87732,37.25374],[127.87715,37.25373],[127.87707,37.25373],[127.87699,37.25373],[127.87623,37.25383],[127.87617,37.25384],[127.87612,37.25385],[127.87211,37.25513],[127.87173,37.25527],[127.86626,37.25874],[127.86618,37.25884],[127.86452,37.26098],[127.86399,37.26196],[127.86395,37.26212],[127.86393,37.26218],[127.86361,37.26404],[127.86304,37.26857],[127.86305,37.26865],[127.86312,37.2688],[127.86347,37.27052],[127.86379,37.27241],[127.8642,37.27509],[127.86417,37.27524],[127.864,37.27548],[127.86379,37.27565],[127.86215,37.27641],[127.8603,37.27722],[127.86017,37.27729],[127.86005,37.27737],[127.85996,37.27751],[127.85993,37.27771],[127.85992,37.27784],[127.85994,37.27859],[127.85995,37.27868],[127.86052,37.28371],[127.86061,37.28429],[127.86123,37.28579],[127.8613,37.28595],[127.86134,37.28601],[127.86141,37.28605],[127.86176,37.2861],[127.86238,37.28625],[127.86244,37.28626],[127.86249,37.28628],[127.86252,37.28631],[127.86255,37.28634],[127.86332,37.28706],[127.86356,37.28729],[127.86366,37.28738],[127.86369,37.28742],[127.86375,37.28749],[127.86378,37.28754],[127.8638,37.28757],[127.86381,37.2876],[127.86381,37.28765],[127.86409,37.29071],[127.86409,37.29075],[127.86407,37.29078],[127.86329,37.29193],[127.86325,37.29199],[127.86297,37.29229],[127.86292,37.29233],[127.86289,37.29235],[127.86256,37.2925],[127.86177,37.29306],[127.86173,37.29309],[127.86169,37.29312],[127.86166,37.29316],[127.86163,37.29322],[127.86162,37.29327],[127.8616,37.29336],[127.86153,37.29372],[127.8615,37.29407],[127.86129,37.29689],[127.86165,37.29786],[127.8624,37.29873],[127.86317,37.29978],[127.86522,37.30362],[127.86529,37.30375],[127.86531,37.30382],[127.86557,37.30503],[127.8656,37.30527],[127.86561,37.30534],[127.86559,37.30547],[127.86557,37.30555],[127.86552,37.30572],[127.86551,37.30575],[127.86549,37.30579],[127.86545,37.30585],[127.86533,37.30599],[127.86523,37.3061],[127.86496,37.30642],[127.86468,37.30674],[127.86434,37.30714],[127.86429,37.30721],[127.86417,37.30741],[127.86415,37.30746],[127.86413,37.30752],[127.86412,37.30759],[127.86401,37.31328],[127.86401,37.31335],[127.86402,37.31339],[127.86404,37.31343],[127.86407,37.31347],[127.86413,37.31353],[127.86423,37.31361],[127.86436,37.31372],[127.8645,37.31382],[127.86468,37.31397],[127.86475,37.31403],[127.86493,37.31425],[127.86501,37.31435],[127.86506,37.31443],[127.86517,37.31462],[127.86518,37.31466],[127.86589,37.31723],[127.8659,37.31728],[127.8659,37.31731],[127.86588,37.31739],[127.86586,37.31743],[127.86518,37.31845],[127.86516,37.31848],[127.86392,37.31992],[127.86317,37.32048],[127.86274,37.32075],[127.86271,37.32077],[127.86267,37.32079],[127.86262,37.32085],[127.86221,37.32129],[127.86216,37.32135],[127.86149,37.32235],[127.86091,37.32362],[127.86089,37.32366],[127.8609,37.3237],[127.86091,37.32372],[127.86094,37.32374],[127.86151,37.32403],[127.86192,37.3242],[127.86224,37.32433],[127.86231,37.32437],[127.86243,37.32446],[127.86246,37.3245],[127.86381,37.3262],[127.86385,37.32627],[127.86387,37.32632],[127.86388,37.32637],[127.8639,37.32649],[127.8639,37.32652],[127.86405,37.331],[127.86404,37.33143],[127.86403,37.3315],[127.86386,37.3321],[127.86421,37.33225],[127.86465,37.33263],[127.86511,37.33323],[127.86615,37.33464],[127.86632,37.33524],[127.86632,37.33647],[127.86985,37.337],[127.87065,37.3368],[127.87104,37.33677],[127.87349,37.33668],[127.87495,37.33671],[127.87541,37.3368],[127.8757,37.33706],[127.87589,37.33741],[127.87608,37.33813],[127.87578,37.33909],[127.8757,37.33932],[127.87559,37.34049],[127.8757,37.34414],[127.87574,37.34478],[127.87601,37.34531],[127.87647,37.34611],[127.87674,37.34643],[127.87708,37.34654],[127.87754,37.34659],[127.87968,37.34666],[127.8815,37.3466],[127.88169,37.34656],[127.88239,37.34621],[127.88257,37.34611],[127.88335,37.34605],[127.88409,37.34606],[127.88522,37.34616],[127.88586,37.34625],[127.89122,37.3469],[127.89557,37.34739],[127.89696,37.34641],[127.89696,37.34559],[127.89693,37.3446],[127.89692,37.34433],[127.89689,37.34392],[127.89678,37.3433],[127.89661,37.34269],[127.89577,37.3397],[127.89534,37.33835],[127.8952,37.33792],[127.89854,37.33709],[127.89936,37.33703],[127.90014,37.3371],[127.90294,37.33745],[127.90337,37.33728],[127.90657,37.33629],[127.90662,37.33627],[127.90666,37.33627],[127.90673,37.33626],[127.90749,37.33625],[127.90817,37.33625],[127.9083,37.33626],[127.90868,37.33628],[127.90879,37.3363],[127.90906,37.33633],[127.90979,37.33724],[127.91034,37.33812],[127.91037,37.33821],[127.91024,37.33853]]]]}},{"type":"Feature","properties":{"code":"51130380","name":"판부면","parent":"51130"},"geometry":{"type":"MultiPolygon","coordinates":[[[[128.05184,37.31529],[128.05188,37.30776],[128.05108,37.30578],[128.05048,37.30311],[128.05004,37.29836],[128.04962,37.29698],[128.04888,37.29585],[128.04865,37.29529],[128.04881,37.29467],[128.04895,37.29413],[128.0493,37.29367],[128.04951,37.29273],[128.04924,37.29137],[128.04913,37.29103],[128.04809,37.28924],[128.04782,37.28844],[128.04754,37.28681],[128.04759,37.28607],[128.0495,37.28301],[128.05046,37.28269],[128.05078,37.28226],[128.05269,37.27925],[128.05327,37.27778],[128.05348,37.27569],[128.05327,37.27444],[128.05261,37.27365],[128.05255,37.27358],[128.04954,37.26998],[128.04813,37.26727],[128.04459,37.26271],[128.04332,37.2609],[128.04264,37.25909],[128.03927,37.25167],[128.03844,37.25041],[128.03838,37.25033],[128.03576,37.24861],[128.03563,37.24855],[128.03545,37.2485],[128.03352,37.24838],[128.02892,37.24626],[128.0274,37.24564],[128.02417,37.24473],[128.02403,37.24472],[128.02383,37.24472],[128.02313,37.24474],[128.02299,37.24475],[128.02281,37.24479],[128.02225,37.24499],[128.0216,37.24522],[128.02134,37.24528],[128.0212,37.24528],[128.02099,37.24519],[128.01941,37.24455],[128.01904,37.2444],[128.01834,37.24513],[128.01683,37.24625],[128.01662,37.24638],[128.01656,37.24638],[128.01627,37.24632],[128.01423,37.24649],[128.014,37.24653],[128.01387,37.24657],[128.0135,37.24673],[128.01303,37.247],[128.01256,37.24732],[128.01227,37.24756],[128.01162,37.24848],[128.01102,37.24945],[128.00785,37.25152],[128.00778,37.25156],[128.00753,37.2517],[128.002,37.25329],[127.99907,37.25464],[127.99836,37.25474],[127.99768,37.25464],[127.99531,37.25418],[127.99436,37.25375],[127.99062,37.25532],[127.99058,37.25534],[127.99014,37.25556],[127.98872,37.25654],[127.98832,37.25692],[127.98802,37.25715],[127.98658,37.25787],[127.9865,37.25789],[127.98535,37.25815],[127.98518,37.25818],[127.98513,37.25818],[127.98505,37.25816],[127.98493,37.25811],[127.98488,37.25808],[127.98382,37.25765],[127.98246,37.25714],[127.98241,37.25712],[127.98136,37.25691],[127.98129,37.25689],[127.98117,37.25687],[127.98109,37.25686],[127.98106,37.25688],[127.98002,37.25794],[127.97971,37.25823],[127.97954,37.25838],[127.97933,37.2585],[127.97926,37.25851],[127.97917,37.2585],[127.97903,37.25849],[127.97265,37.25683],[127.96838,37.25338],[127.96826,37.25326],[127.96806,37.25307],[127.96793,37.25297],[127.96773,37.25284],[127.96566,37.25159],[127.96282,37.24995],[127.96271,37.2499],[127.96266,37.24989],[127.96202,37.25003],[127.96182,37.25007],[127.96173,37.25012],[127.96161,37.25026],[127.96149,37.25032],[127.96136,37.25035],[127.96104,37.25034],[127.96006,37.25029],[127.9594,37.25026],[127.95927,37.25025],[127.95845,37.24979],[127.95754,37.24923],[127.95681,37.24877],[127.94941,37.24728],[127.94936,37.24727],[127.94863,37.24711],[127.94838,37.24705],[127.94809,37.24694],[127.94792,37.24679],[127.94789,37.24671],[127.9479,37.24663],[127.9477,37.24569],[127.94739,37.24441],[127.94703,37.2435],[127.94561,37.24052],[127.94558,37.24049],[127.94554,37.24046],[127.94085,37.23992],[127.94077,37.23992],[127.94067,37.23993],[127.93982,37.24016],[127.93967,37.24021],[127.93943,37.2403],[127.93924,37.2404],[127.93899,37.24059],[127.93886,37.24071],[127.93903,37.24078],[127.93906,37.2408],[127.93908,37.24084],[127.93915,37.24102],[127.93951,37.24195],[127.93954,37.24207],[127.93954,37.24218],[127.93953,37.24229],[127.93906,37.24439],[127.93902,37.24451],[127.93898,37.24465],[127.93891,37.24481],[127.93887,37.24486],[127.93616,37.24852],[127.93545,37.24888],[127.93355,37.25003],[127.93353,37.25007],[127.93299,37.25154],[127.93034,37.25941],[127.93025,37.25981],[127.93024,37.2599],[127.93023,37.26001],[127.93023,37.26008],[127.93036,37.26143],[127.93039,37.26159],[127.93086,37.26347],[127.93087,37.26354],[127.93089,37.26358],[127.93095,37.26365],[127.93146,37.26412],[127.93162,37.26427],[127.93166,37.26432],[127.93178,37.26446],[127.93182,37.26453],[127.93188,37.26467],[127.93191,37.26475],[127.93196,37.26494],[127.93224,37.26734],[127.93225,37.26746],[127.93225,37.26758],[127.93225,37.26886],[127.93213,37.2701],[127.93201,37.27146],[127.93201,37.27151],[127.93202,37.27156],[127.93295,37.27438],[127.93296,37.27442],[127.93299,37.27446],[127.93306,37.27454],[127.9331,37.27458],[127.93324,37.27469],[127.93488,37.27592],[127.93497,37.27599],[127.93507,37.27604],[127.93514,37.27607],[127.9352,37.2761],[127.93561,37.27624],[127.93618,37.27643],[127.93623,37.27645],[127.93629,37.27648],[127.9364,37.27655],[127.93645,37.27659],[127.93655,37.2767],[127.93661,37.27678],[127.93668,37.27693],[127.93678,37.27714],[127.93681,37.27725],[127.93691,37.27759],[127.93686,37.27767],[127.93682,37.27769],[127.93526,37.27929],[127.93449,37.28105],[127.9342,37.28272],[127.93421,37.28275],[127.93418,37.28352],[127.93414,37.28378],[127.93413,37.28385],[127.93411,37.28387],[127.93313,37.28475],[127.93307,37.28481],[127.93295,37.28491],[127.93289,37.28494],[127.93283,37.28498],[127.93277,37.285],[127.93273,37.28501],[127.93268,37.285],[127.93252,37.28497],[127.93245,37.28496],[127.93236,37.28496],[127.93225,37.28497],[127.93213,37.28499],[127.93205,37.285],[127.93162,37.28512],[127.93153,37.28514],[127.93059,37.28556],[127.93056,37.28557],[127.93046,37.28568],[127.93039,37.28576],[127.92974,37.28663],[127.92967,37.28676],[127.92965,37.28762],[127.92965,37.28766],[127.92966,37.28771],[127.92967,37.28774],[127.92978,37.28792],[127.92987,37.28803],[127.92993,37.28808],[127.93005,37.28814],[127.93017,37.28816],[127.93032,37.28818],[127.93038,37.28821],[127.93041,37.28824],[127.93043,37.28827],[127.93049,37.28837],[127.93067,37.28873],[127.93068,37.28877],[127.9307,37.28883],[127.93071,37.28894],[127.9307,37.28899],[127.93068,37.28906],[127.93063,37.28921],[127.92918,37.29187],[127.92788,37.29402],[127.92763,37.29426],[127.92731,37.29457],[127.92728,37.2946],[127.92725,37.29465],[127.92723,37.295],[127.92723,37.29507],[127.92727,37.29571],[127.92728,37.29576],[127.9273,37.29586],[127.92733,37.29592],[127.92746,37.29608],[127.92771,37.29635],[127.92813,37.2995],[127.9274,37.30035],[127.92681,37.3016],[127.92633,37.30336],[127.92658,37.3055],[127.92662,37.30564],[127.92667,37.30583],[127.92686,37.30648],[127.92544,37.30777],[127.92571,37.30843],[127.92639,37.31087],[127.92623,37.31139],[127.92606,37.31187],[127.92681,37.31401],[127.92792,37.31547],[127.92818,37.31564],[127.92854,37.31567],[127.93247,37.32],[127.9325,37.32003],[127.93401,37.32211],[127.93407,37.32259],[127.93408,37.32263],[127.9341,37.3227],[127.93412,37.32275],[127.93416,37.3228],[127.935,37.32384],[127.93503,37.32387],[127.93619,37.32492],[127.93639,37.32502],[127.93654,37.32504],[127.93671,37.32506],[127.93692,37.32502],[127.93994,37.32267],[127.94667,37.32092],[127.95284,37.31904],[127.95266,37.3186],[127.95186,37.3183],[127.95048,37.31826],[127.94829,37.31762],[127.94785,37.31749],[127.94838,37.31677],[127.95143,37.3133],[127.9519,37.31282],[127.95306,37.31233],[127.95374,37.31216],[127.95423,37.31217],[127.95457,37.31243],[127.95503,37.31292],[127.95508,37.31298],[127.9552,37.31302],[127.95555,37.31314],[127.95669,37.3135],[127.95697,37.31346],[127.95713,37.31344],[127.95772,37.31329],[127.95843,37.31311],[127.95851,37.31309],[127.9586,37.31305],[127.95897,37.31291],[127.9595,37.3127],[127.9594,37.31232],[127.9572,37.30808],[127.95707,37.3064],[127.95757,37.30612],[127.95762,37.30608],[127.95792,37.30583],[127.95796,37.30579],[127.95878,37.30485],[127.95884,37.30479],[127.95887,37.30473],[127.95923,37.30337],[127.95974,37.30096],[127.95991,37.29829],[127.95992,37.29825],[127.95993,37.29821],[127.95995,37.29817],[127.96013,37.29791],[127.96041,37.29752],[127.96137,37.29814],[127.96271,37.29893],[127.96407,37.29968],[127.96561,37.30047],[127.96991,37.3026],[127.97419,37.30226],[127.97487,37.30189],[127.97475,37.3002],[127.97458,37.29957],[127.97428,37.29925],[127.97338,37.29857],[127.97278,37.29773],[127.97289,37.29704],[127.97302,37.29664],[127.97522,37.29399],[127.98001,37.29097],[127.98176,37.29331],[127.98206,37.29373],[127.98208,37.29396],[127.98213,37.29438],[127.98233,37.29474],[127.98269,37.29533],[127.98281,37.2955],[127.98387,37.29697],[127.98414,37.29722],[127.98422,37.29729],[127.98577,37.29798],[127.98738,37.29747],[127.98827,37.29709],[127.98889,37.29673],[127.98971,37.29559],[127.9898,37.29557],[127.99019,37.29552],[127.99066,37.29549],[127.99087,37.29549],[127.99349,37.29623],[127.99404,37.2965],[127.99495,37.297],[127.9958,37.29753],[127.99619,37.29781],[127.99644,37.29801],[127.99665,37.29815],[127.997,37.29828],[127.99735,37.29831],[127.99758,37.29829],[127.99972,37.29797],[128.00079,37.29774],[128.00149,37.29765],[128.00216,37.29759],[128.00272,37.29759],[128.00346,37.29768],[128.00388,37.29782],[128.00685,37.29894],[128.00889,37.29997],[128.01463,37.30288],[128.01483,37.30317],[128.01484,37.30354],[128.0148,37.30386],[128.01474,37.30413],[128.01465,37.30444],[128.01456,37.3048],[128.01443,37.30536],[128.01431,37.30633],[128.01436,37.30671],[128.01447,37.3073],[128.01463,37.30776],[128.0155,37.3089],[128.01636,37.30963],[128.01658,37.30974],[128.01676,37.30979],[128.01701,37.30984],[128.01722,37.30989],[128.01743,37.30998],[128.01822,37.31051],[128.01879,37.31098],[128.01914,37.31136],[128.01941,37.3117],[128.02083,37.31392],[128.02113,37.31444],[128.02137,37.31486],[128.0216,37.31547],[128.02179,37.31641],[128.02185,37.31721],[128.02187,37.31777],[128.02185,37.3184],[128.0218,37.32011],[128.02177,37.32094],[128.02171,37.32124],[128.02171,37.32159],[128.02172,37.32171],[128.02189,37.32244],[128.02202,37.32293],[128.02211,37.32322],[128.02256,37.32398],[128.02291,37.32436],[128.02322,37.3247],[128.02418,37.32567],[128.02623,37.32799],[128.02671,37.32811],[128.02762,37.32804],[128.0299,37.32807],[128.03063,37.32816],[128.03214,37.32918],[128.03217,37.32922],[128.03293,37.33008],[128.03448,37.33083],[128.03848,37.33277],[128.03922,37.33293],[128.03944,37.33063],[128.03964,37.33004],[128.03992,37.32978],[128.04014,37.32957],[128.04162,37.32883],[128.04231,37.32595],[128.04268,37.32458],[128.04375,37.32282],[128.04479,37.32117],[128.04528,37.32072],[128.04532,37.3207],[128.04577,37.32053],[128.04626,37.32036],[128.04666,37.32017],[128.04701,37.32001],[128.04774,37.31947],[128.04914,37.31792],[128.04993,37.31681],[128.05184,37.31529]]]]}},{"type":"Feature","properties":{"code":"51130390","name":"신림면","parent":"51130"},"geometry":{"type":"MultiPolygon","coordinates":[[[[128.11414,37.30203],[128.11426,37.30198],[128.11441,37.30141],[128.11431,37.29911],[128.11321,37.2971],[128.11299,37.29607],[128.11306,37.29421],[128.11443,37.29176],[128.11455,37.29106],[128.11441,37.28924],[128.11487,37.28785],[128.11601,37.28626],[128.11607,37.28546],[128.11596,37.28417],[128.11589,37.2837],[128.11593,37.2833],[128.11637,37.28252],[128.11924,37.28171],[128.12005,37.28136],[128.12073,37.28042],[128.12112,37.27942],[128.12091,37.27835],[128.12089,37.27828],[128.12088,37.27821],[128.12082,37.27684],[128.12088,37.27676],[128.12123,37.27624],[128.12169,37.27596],[128.12761,37.27584],[128.12816,37.27587],[128.12855,37.27621],[128.12895,37.27673],[128.1291,37.27692],[128.13016,37.27776],[128.13042,37.27794],[128.13125,37.27832],[128.13657,37.27804],[128.13695,37.278],[128.13842,37.27758],[128.14076,37.27643],[128.14154,37.27594],[128.14252,37.27551],[128.14635,37.27477],[128.14781,37.27458],[128.14932,37.27455],[128.15001,37.27466],[128.15611,37.27597],[128.15924,37.276],[128.16046,37.27611],[128.16227,37.27639],[128.17001,37.27781],[128.17053,37.27809],[128.17347,37.27967],[128.1762,37.28122],[128.17914,37.28283],[128.17998,37.28306],[128.18095,37.28321],[128.18179,37.28318],[128.18251,37.2833],[128.18315,37.28347],[128.18366,37.28382],[128.18413,37.28458],[128.18421,37.28481],[128.17946,37.28777],[128.17801,37.28998],[128.17905,37.29157],[128.18169,37.29204],[128.18321,37.29193],[128.18598,37.29225],[128.19034,37.29321],[128.19339,37.29455],[128.19411,37.29632],[128.19416,37.2966],[128.19462,37.29708],[128.19582,37.29729],[128.1978,37.2962],[128.19918,37.29406],[128.20188,37.29096],[128.2042,37.29009],[128.20584,37.28921],[128.20822,37.28802],[128.20866,37.28795],[128.2091,37.28789],[128.20994,37.28819],[128.2118,37.28825],[128.2136,37.28769],[128.21472,37.28721],[128.21593,37.28606],[128.2161,37.28579],[128.21665,37.28496],[128.21721,37.28362],[128.21755,37.27764],[128.21484,37.27564],[128.21403,37.27575],[128.21349,37.27571],[128.21312,37.27549],[128.21267,37.27523],[128.21205,37.27448],[128.21156,37.27324],[128.21113,37.27195],[128.2107,37.27029],[128.21067,37.26878],[128.21078,37.26678],[128.21114,37.26429],[128.21152,37.26116],[128.2113,37.26033],[128.21108,37.2595],[128.21056,37.25783],[128.20799,37.25346],[128.20677,37.25169],[128.20666,37.25158],[128.20644,37.2515],[128.20631,37.25148],[128.20617,37.25145],[128.20571,37.25139],[128.20548,37.25138],[128.20526,37.25136],[128.2049,37.25131],[128.20474,37.25129],[128.20422,37.25119],[128.20391,37.25113],[128.20361,37.25107],[128.20336,37.251],[128.20286,37.25085],[128.20273,37.25081],[128.2026,37.25077],[128.20242,37.25071],[128.20226,37.25066],[128.20196,37.25056],[128.20175,37.25048],[128.20123,37.24882],[128.20029,37.24816],[128.19789,37.24669],[128.19737,37.2466],[128.19705,37.24654],[128.19689,37.24651],[128.19675,37.24649],[128.1965,37.24642],[128.196,37.24628],[128.19574,37.2462],[128.19539,37.2461],[128.19509,37.24601],[128.19488,37.24594],[128.19465,37.24584],[128.1945,37.24577],[128.19429,37.24564],[128.19297,37.24484],[128.18994,37.24283],[128.18985,37.24275],[128.18978,37.24266],[128.18976,37.24259],[128.18971,37.24243],[128.18962,37.24231],[128.18915,37.24188],[128.18905,37.24179],[128.18895,37.24171],[128.18501,37.23886],[128.18291,37.23758],[128.18077,37.23668],[128.17829,37.23548],[128.17816,37.2354],[128.17418,37.23253],[128.17415,37.23248],[128.17376,37.23135],[128.17375,37.23124],[128.17379,37.23106],[128.17382,37.23096],[128.17386,37.23089],[128.1742,37.2303],[128.17466,37.22961],[128.17501,37.22915],[128.17521,37.2289],[128.17536,37.22875],[128.17542,37.22871],[128.17566,37.22859],[128.17595,37.22846],[128.17599,37.22842],[128.17599,37.22836],[128.17594,37.22828],[128.17489,37.22667],[128.17484,37.22662],[128.17365,37.22549],[128.17346,37.22532],[128.17319,37.22513],[128.17297,37.22499],[128.1728,37.22492],[128.17276,37.2249],[128.17271,37.22486],[128.17265,37.22475],[128.17272,37.22232],[128.17282,37.2204],[128.17293,37.22007],[128.17309,37.21944],[128.17315,37.21914],[128.17315,37.21912],[128.17315,37.21891],[128.17314,37.21886],[128.17312,37.21882],[128.1731,37.21878],[128.17303,37.21869],[128.17289,37.21856],[128.17183,37.21774],[128.17175,37.21769],[128.17168,37.21764],[128.16797,37.21558],[128.16672,37.21492],[128.16657,37.21473],[128.16637,37.21456],[128.16603,37.21432],[128.16546,37.21399],[128.1653,37.21389],[128.16439,37.21339],[128.16417,37.21328],[128.16406,37.21325],[128.16403,37.21326],[128.16398,37.21326],[128.16345,37.21344],[128.16337,37.21347],[128.16317,37.21358],[128.16306,37.21366],[128.16303,37.21369],[128.16184,37.21469],[128.16173,37.21482],[128.1609,37.21514],[128.16054,37.21527],[128.15957,37.21561],[128.15847,37.216],[128.15838,37.21602],[128.15813,37.21606],[128.15803,37.21606],[128.1579,37.21603],[128.15649,37.21579],[128.15531,37.2156],[128.15513,37.21558],[128.15505,37.21558],[128.15498,37.21558],[128.15492,37.21559],[128.15401,37.21588],[128.15368,37.216],[128.15357,37.21605],[128.15338,37.21621],[128.1533,37.2163],[128.15254,37.21718],[128.15211,37.21774],[128.1516,37.21892],[128.15003,37.22052],[128.14709,37.22218],[128.14702,37.22221],[128.14693,37.22223],[128.14687,37.22225],[128.14676,37.22227],[128.14662,37.22226],[128.14642,37.22223],[128.1463,37.22219],[128.14613,37.22215],[128.14605,37.2221],[128.14602,37.22209],[128.14576,37.22192],[128.14561,37.22181],[128.14554,37.2218],[128.14549,37.22182],[128.14497,37.22202],[128.14474,37.22218],[128.1439,37.22282],[128.14366,37.22303],[128.14313,37.22359],[128.14265,37.22416],[128.14223,37.225],[128.14219,37.22514],[128.14211,37.22554],[128.14208,37.22579],[128.14206,37.22599],[128.14206,37.22604],[128.14205,37.22619],[128.14205,37.22629],[128.14209,37.2264],[128.1422,37.22661],[128.14225,37.22673],[128.14229,37.22689],[128.14231,37.22702],[128.14221,37.22831],[128.14214,37.22841],[128.14109,37.22939],[128.14086,37.22949],[128.13982,37.22963],[128.13845,37.22969],[128.13709,37.22967],[128.13603,37.22958],[128.13556,37.22957],[128.13409,37.22963],[128.13362,37.22966],[128.13346,37.22969],[128.13324,37.22974],[128.13289,37.22997],[128.13158,37.2316],[128.1307,37.2327],[128.12917,37.2335],[128.12876,37.23357],[128.12848,37.23363],[128.12833,37.23369],[128.12824,37.23374],[128.12697,37.23453],[128.1269,37.23459],[128.12685,37.23464],[128.12682,37.23471],[128.12647,37.23465],[128.12579,37.23402],[128.12565,37.23386],[128.12369,37.23145],[128.12362,37.23134],[128.1228,37.2299],[128.12156,37.2275],[128.12154,37.22647],[128.12164,37.22616],[128.12202,37.22535],[128.12205,37.2253],[128.12218,37.22511],[128.1224,37.22504],[128.1228,37.22493],[128.12311,37.22484],[128.12331,37.22476],[128.12386,37.22449],[128.124,37.22436],[128.12523,37.22265],[128.12527,37.22257],[128.12531,37.22244],[128.12532,37.22229],[128.12527,37.22128],[128.12522,37.22114],[128.12473,37.22055],[128.12469,37.22051],[128.12466,37.22048],[128.12459,37.22042],[128.12441,37.22026],[128.12214,37.21899],[128.12185,37.2189],[128.12139,37.21886],[128.12134,37.21884],[128.12114,37.21878],[128.12066,37.21851],[128.12014,37.21815],[128.11978,37.2179],[128.11948,37.21761],[128.11929,37.21728],[128.11928,37.21725],[128.11864,37.21611],[128.11773,37.2149],[128.11762,37.21476],[128.11522,37.21218],[128.11505,37.2121],[128.11455,37.21202],[128.11416,37.2119],[128.1137,37.21168],[128.1136,37.21159],[128.11345,37.21147],[128.11202,37.21011],[128.11178,37.20984],[128.11163,37.20954],[128.11159,37.20913],[128.11172,37.20842],[128.11168,37.20801],[128.11155,37.20782],[128.11134,37.20766],[128.10871,37.20583],[128.10507,37.20379],[128.10501,37.20376],[128.10041,37.20172],[128.09491,37.19982],[128.09482,37.1998],[128.09414,37.19975],[128.09388,37.19977],[128.09349,37.19988],[128.09327,37.19993],[128.0931,37.19997],[128.09231,37.20007],[128.08892,37.20014],[128.08831,37.20013],[128.08792,37.19999],[128.08782,37.19993],[128.08775,37.19988],[128.08756,37.1997],[128.08753,37.19968],[128.08714,37.19902],[128.08701,37.1988],[128.08674,37.19833],[128.08641,37.19795],[128.08514,37.19728],[128.0846,37.19707],[128.08269,37.19641],[128.08236,37.1963],[128.07901,37.19442],[128.07894,37.19415],[128.07892,37.19412],[128.07881,37.19401],[128.07492,37.19348],[128.0725,37.19413],[128.07217,37.19437],[128.07197,37.19447],[128.07175,37.19451],[128.07131,37.19455],[128.07057,37.19459],[128.05973,37.19362],[128.05726,37.19283],[128.05698,37.19274],[128.05565,37.19222],[128.0518,37.19065],[128.05068,37.19009],[128.05022,37.18976],[128.05007,37.18955],[128.04977,37.18917],[128.04968,37.18912],[128.04937,37.18909],[128.04746,37.18897],[128.04699,37.18896],[128.04659,37.18915],[128.04598,37.1896],[128.04546,37.19004],[128.04424,37.19066],[128.04382,37.19065],[128.04365,37.1906],[128.04356,37.19057],[128.04048,37.18898],[128.0397,37.1888],[128.0395,37.18881],[128.03786,37.18922],[128.03739,37.1894],[128.03735,37.18942],[128.03676,37.18969],[128.03302,37.19257],[128.03214,37.19329],[128.03166,37.19369],[128.0315,37.19394],[128.03176,37.19498],[128.03194,37.19601],[128.03205,37.19677],[128.03208,37.19704],[128.03186,37.19928],[128.0318,37.19966],[128.03167,37.20016],[128.03161,37.2003],[128.03157,37.20038],[128.031,37.20118],[128.03081,37.20129],[128.03057,37.20137],[128.03038,37.20143],[128.03025,37.20151],[128.03007,37.20164],[128.02989,37.20191],[128.02981,37.20219],[128.02978,37.2025],[128.0298,37.20285],[128.02983,37.20297],[128.02995,37.20357],[128.03335,37.20999],[128.0335,37.21017],[128.03374,37.21045],[128.03436,37.21103],[128.03462,37.21121],[128.03489,37.2112],[128.03504,37.21119],[128.03534,37.21123],[128.03559,37.21137],[128.03627,37.2118],[128.03682,37.21219],[128.0372,37.21267],[128.03924,37.21539],[128.03928,37.21555],[128.03911,37.21584],[128.03894,37.21602],[128.03697,37.21796],[128.03666,37.21826],[128.03644,37.21843],[128.03614,37.21853],[128.03549,37.21867],[128.03522,37.21872],[128.03493,37.21869],[128.03456,37.21873],[128.03354,37.2189],[128.03335,37.21897],[128.03188,37.2206],[128.03186,37.22067],[128.03185,37.22089],[128.03201,37.22173],[128.03208,37.22187],[128.03224,37.22215],[128.03223,37.22223],[128.0319,37.22366],[128.03182,37.22402],[128.03178,37.22405],[128.03163,37.2242],[128.02824,37.22682],[128.02796,37.22698],[128.02743,37.22705],[128.0274,37.22705],[128.02685,37.22711],[128.02661,37.22712],[128.02642,37.22713],[128.02628,37.22712],[128.0261,37.22712],[128.02418,37.22878],[128.02131,37.23231],[128.01989,37.23462],[128.0188,37.23961],[128.01871,37.24014],[128.01862,37.24121],[128.01857,37.2421],[128.01858,37.24216],[128.01859,37.24224],[128.01904,37.2444],[128.01941,37.24455],[128.02099,37.24519],[128.0212,37.24528],[128.02134,37.24528],[128.0216,37.24522],[128.02225,37.24499],[128.02281,37.24479],[128.02299,37.24475],[128.02313,37.24474],[128.02383,37.24472],[128.02403,37.24472],[128.02417,37.24473],[128.0274,37.24564],[128.02892,37.24626],[128.03352,37.24838],[128.03545,37.2485],[128.03563,37.24855],[128.03576,37.24861],[128.03838,37.25033],[128.03844,37.25041],[128.03927,37.25167],[128.04264,37.25909],[128.04332,37.2609],[128.04459,37.26271],[128.04813,37.26727],[128.04954,37.26998],[128.05255,37.27358],[128.05261,37.27365],[128.05327,37.27444],[128.05348,37.27569],[128.05327,37.27778],[128.05269,37.27925],[128.05078,37.28226],[128.05046,37.28269],[128.0495,37.28301],[128.04759,37.28607],[128.04754,37.28681],[128.04782,37.28844],[128.04809,37.28924],[128.04913,37.29103],[128.04924,37.29137],[128.04951,37.29273],[128.0493,37.29367],[128.04895,37.29413],[128.04881,37.29467],[128.04865,37.29529],[128.04888,37.29585],[128.04962,37.29698],[128.05004,37.29836],[128.05048,37.30311],[128.05108,37.30578],[128.05188,37.30776],[128.05184,37.31529],[128.0571,37.3109],[128.05977,37.3115],[128.06065,37.31156],[128.06139,37.31161],[128.06889,37.31135],[128.07197,37.31103],[128.07355,37.31078],[128.07444,37.31055],[128.07546,37.31028],[128.07618,37.30957],[128.07676,37.309],[128.07922,37.30686],[128.07982,37.30671],[128.08038,37.30657],[128.08218,37.30643],[128.08364,37.30632],[128.08673,37.30572],[128.08759,37.30546],[128.08801,37.30518],[128.08842,37.3049],[128.08913,37.30455],[128.08947,37.30445],[128.08981,37.30436],[128.0933,37.30357],[128.09362,37.30371],[128.09392,37.30384],[128.09864,37.30341],[128.10001,37.30308],[128.10081,37.30324],[128.10312,37.30399],[128.11,37.30375],[128.1103,37.30368],[128.1106,37.3036],[128.11139,37.3032],[128.11218,37.30279],[128.11414,37.30203]]]]}},{"type":"Feature","properties":{"code":"51130515","name":"중앙동","parent":"51130"},"geometry":{"type":"MultiPolygon","coordinates":[[[[127.95017,37.36385],[127.95042,37.3621],[127.9518,37.35787],[127.95389,37.35318],[127.95434,37.35161],[127.95544,37.34761],[127.95214,37.34716],[127.95142,37.34784],[127.95009,37.34862],[127.94954,37.34909],[127.94855,37.34993],[127.94849,37.35],[127.94769,37.35105],[127.94689,37.35209],[127.94647,37.3527],[127.94645,37.35273],[127.94597,37.35341],[127.94531,37.35435],[127.94526,37.35441],[127.94521,37.35448],[127.94484,37.35499],[127.9442,37.35587],[127.94237,37.35812],[127.9416,37.35904],[127.94035,37.36053],[127.94003,37.3607],[127.94003,37.36095],[127.94003,37.36233],[127.94005,37.3638],[127.94034,37.36542],[127.94047,37.36615],[127.94116,37.36996],[127.9413,37.37061],[127.94183,37.37157],[127.94187,37.37163],[127.94195,37.37176],[127.9438,37.37263],[127.94392,37.37298],[127.94413,37.37398],[127.94435,37.37525],[127.94542,37.37779],[127.94906,37.37598],[127.94905,37.37549],[127.94883,37.37369],[127.94836,37.37144],[127.94826,37.37065],[127.94835,37.36943],[127.94852,37.36867],[127.94861,37.36839],[127.94895,37.36757],[127.94929,37.36675],[127.9498,37.36548],[127.95009,37.36424],[127.95017,37.36385]]]]}},{"type":"Feature","properties":{"code":"51130520","name":"원인동","parent":"51130"},"geometry":{"type":"MultiPolygon","coordinates":[[[[127.95544,37.34761],[127.95604,37.34592],[127.95482,37.34426],[127.95241,37.34449],[127.95207,37.34469],[127.95059,37.34441],[127.94811,37.34208],[127.94836,37.34141],[127.94832,37.34136],[127.94818,37.34126],[127.94801,37.34114],[127.9478,37.34107],[127.9474,37.34094],[127.94472,37.34083],[127.94121,37.34216],[127.94412,37.34494],[127.94416,37.34498],[127.94449,37.34523],[127.94883,37.34721],[127.94909,37.34696],[127.9492,37.34689],[127.94942,37.34692],[127.94954,37.34694],[127.95066,37.34737],[127.95142,37.34784],[127.95214,37.34716],[127.95544,37.34761]]]]}},{"type":"Feature","properties":{"code":"51130530","name":"개운동","parent":"51130"},"geometry":{"type":"MultiPolygon","coordinates":[[[[127.96544,37.34021],[127.96542,37.33991],[127.96473,37.3376],[127.96431,37.33763],[127.96263,37.33773],[127.96253,37.33711],[127.96249,37.33686],[127.96053,37.33649],[127.95983,37.33648],[127.95917,37.3379],[127.95619,37.33748],[127.9555,37.33689],[127.95512,37.33589],[127.95489,37.33492],[127.95487,37.33445],[127.95472,37.3342],[127.95367,37.33304],[127.95087,37.33],[127.94949,37.33091],[127.94909,37.33117],[127.94904,37.33121],[127.94897,37.33126],[127.94723,37.33244],[127.94761,37.33368],[127.94792,37.33431],[127.95329,37.34075],[127.95347,37.34091],[127.95423,37.34099],[127.95508,37.3427],[127.95494,37.34369],[127.95482,37.34426],[127.95604,37.34592],[127.95646,37.34546],[127.95705,37.34493],[127.95751,37.34469],[127.95761,37.34465],[127.95864,37.34422],[127.95908,37.34408],[127.95995,37.3438],[127.96544,37.34021]]]]}},{"type":"Feature","properties":{"code":"51130541","name":"명륜1동","parent":"51130"},"geometry":{"type":"MultiPolygon","coordinates":[[[[127.95482,37.34426],[127.95494,37.34369],[127.95508,37.3427],[127.95423,37.34099],[127.95347,37.34091],[127.95329,37.34075],[127.94792,37.33431],[127.94761,37.33368],[127.94723,37.33244],[127.94636,37.33307],[127.94597,37.33335],[127.94495,37.3341],[127.94463,37.33435],[127.94441,37.33451],[127.94359,37.33515],[127.94348,37.33524],[127.94259,37.33597],[127.94205,37.33641],[127.94184,37.33659],[127.94082,37.33748],[127.93951,37.33862],[127.938,37.33995],[127.94121,37.34216],[127.94472,37.34083],[127.9474,37.34094],[127.9478,37.34107],[127.94801,37.34114],[127.94818,37.34126],[127.94832,37.34136],[127.94836,37.34141],[127.94811,37.34208],[127.95059,37.34441],[127.95207,37.34469],[127.95241,37.34449],[127.95482,37.34426]]]]}},{"type":"Feature","properties":{"code":"51130542","name":"명륜2동","parent":"51130"},"geometry":{"type":"MultiPolygon","coordinates":[[[[127.94723,37.33244],[127.9462,37.33057],[127.9459,37.33004],[127.94543,37.32928],[127.94508,37.32871],[127.94503,37.32866],[127.94488,37.32847],[127.94418,37.32759],[127.94331,37.32691],[127.94327,37.32688],[127.94231,37.32614],[127.94107,37.32511],[127.94104,37.32508],[127.94039,37.32366],[127.93994,37.32267],[127.93692,37.32502],[127.9364,37.32598],[127.93637,37.32604],[127.9361,37.32658],[127.93579,37.32732],[127.93637,37.32752],[127.93739,37.32793],[127.93794,37.32913],[127.93804,37.33027],[127.93804,37.33224],[127.93802,37.3328],[127.93796,37.3329],[127.93773,37.33321],[127.93751,37.33382],[127.93752,37.33389],[127.93821,37.33726],[127.93827,37.33738],[127.93911,37.33841],[127.93951,37.33862],[127.94082,37.33748],[127.94184,37.33659],[127.94205,37.33641],[127.94259,37.33597],[127.94348,37.33524],[127.94359,37.33515],[127.94441,37.33451],[127.94463,37.33435],[127.94495,37.3341],[127.94597,37.33335],[127.94636,37.33307],[127.94723,37.33244]]]]}},{"type":"Feature","properties":{"code":"51130550","name":"단구동","parent":"51130"},"geometry":{"type":"MultiPolygon","coordinates":[[[[127.96473,37.3376],[127.96459,37.33719],[127.96448,37.33687],[127.96296,37.33637],[127.96186,37.33475],[127.96167,37.33442],[127.96165,37.33439],[127.9615,37.33393],[127.96149,37.33389],[127.96149,37.33356],[127.9615,37.33346],[127.96155,37.33318],[127.96176,37.33229],[127.9632,37.32815],[127.96334,37.32784],[127.96346,37.3276],[127.96375,37.32715],[127.96453,37.32639],[127.96548,37.32566],[127.96651,37.32486],[127.96658,37.3248],[127.96739,37.32407],[127.96774,37.32352],[127.96786,37.32332],[127.96833,37.32254],[127.96839,37.32229],[127.96848,37.32193],[127.96863,37.32139],[127.96899,37.32009],[127.97044,37.3184],[127.97053,37.31829],[127.97208,37.31676],[127.97268,37.31601],[127.97219,37.31571],[127.97116,37.31528],[127.97027,37.316],[127.9667,37.31898],[127.96532,37.32022],[127.9642,37.32121],[127.9639,37.32148],[127.96224,37.32295],[127.96065,37.32288],[127.96018,37.32214],[127.95983,37.32153],[127.95855,37.31926],[127.95816,37.31796],[127.95803,37.31752],[127.958,37.31742],[127.95777,37.31641],[127.95752,37.3153],[127.95843,37.31501],[127.95899,37.31484],[127.9595,37.31468],[127.95961,37.31464],[127.95994,37.31454],[127.96046,37.31402],[127.96035,37.31364],[127.9595,37.3127],[127.95897,37.31291],[127.9586,37.31305],[127.95851,37.31309],[127.95843,37.31311],[127.95772,37.31329],[127.95713,37.31344],[127.95697,37.31346],[127.95669,37.3135],[127.95555,37.31314],[127.9552,37.31302],[127.95508,37.31298],[127.95503,37.31292],[127.95457,37.31243],[127.95423,37.31217],[127.95374,37.31216],[127.95306,37.31233],[127.9519,37.31282],[127.95143,37.3133],[127.94838,37.31677],[127.94785,37.31749],[127.94829,37.31762],[127.95048,37.31826],[127.95186,37.3183],[127.95266,37.3186],[127.95284,37.31904],[127.94667,37.32092],[127.93994,37.32267],[127.94039,37.32366],[127.94104,37.32508],[127.94107,37.32511],[127.94231,37.32614],[127.94327,37.32688],[127.94331,37.32691],[127.94418,37.32759],[127.94488,37.32847],[127.94503,37.32866],[127.94508,37.32871],[127.94543,37.32928],[127.9459,37.33004],[127.9462,37.33057],[127.94723,37.33244],[127.94897,37.33126],[127.94904,37.33121],[127.94909,37.33117],[127.94949,37.33091],[127.95087,37.33],[127.95367,37.33304],[127.95472,37.3342],[127.95487,37.33445],[127.95489,37.33492],[127.95512,37.33589],[127.9555,37.33689],[127.95619,37.33748],[127.95917,37.3379],[127.95983,37.33648],[127.96053,37.33649],[127.96249,37.33686],[127.96253,37.33711],[127.96263,37.33773],[127.96431,37.33763],[127.96473,37.3376]]]]}},{"type":"Feature","properties":{"code":"51130560","name":"일산동","parent":"51130"},"geometry":{"type":"MultiPolygon","coordinates":[[[[127.94645,37.35273],[127.94647,37.3527],[127.94689,37.35209],[127.94769,37.35105],[127.94849,37.35],[127.94855,37.34993],[127.94954,37.34909],[127.95009,37.34862],[127.95142,37.34784],[127.95066,37.34737],[127.94954,37.34694],[127.94942,37.34692],[127.9492,37.34689],[127.94909,37.34696],[127.94883,37.34721],[127.94449,37.34523],[127.94416,37.34498],[127.94412,37.34494],[127.94121,37.34216],[127.94033,37.34274],[127.9401,37.34292],[127.93985,37.34311],[127.93731,37.34751],[127.937,37.35017],[127.93719,37.35077],[127.9372,37.3508],[127.9382,37.35229],[127.94046,37.35165],[127.94064,37.35161],[127.94104,37.35152],[127.94153,37.35144],[127.94185,37.35142],[127.9431,37.35149],[127.94321,37.35149],[127.94357,37.35158],[127.94396,37.35173],[127.94569,37.35273],[127.94645,37.35273]]]]}},{"type":"Feature","properties":{"code":"51130575","name":"학성동","parent":"51130"},"geometry":{"type":"MultiPolygon","coordinates":[[[[127.94645,37.35273],[127.94569,37.35273],[127.94396,37.35173],[127.94357,37.35158],[127.94321,37.35149],[127.9431,37.35149],[127.94185,37.35142],[127.94153,37.35144],[127.94104,37.35152],[127.94064,37.35161],[127.94046,37.35165],[127.9382,37.35229],[127.93605,37.35209],[127.93569,37.35206],[127.93525,37.35273],[127.93525,37.35371],[127.93544,37.35462],[127.93592,37.3565],[127.93652,37.35724],[127.93721,37.35797],[127.93771,37.3584],[127.93786,37.3585],[127.93802,37.35844],[127.93816,37.35846],[127.93823,37.35848],[127.93842,37.35852],[127.93866,37.35859],[127.94001,37.35919],[127.94003,37.35922],[127.94012,37.35933],[127.94015,37.3597],[127.94015,37.35975],[127.94015,37.36001],[127.94014,37.36012],[127.94003,37.3607],[127.94035,37.36053],[127.9416,37.35904],[127.94237,37.35812],[127.9442,37.35587],[127.94484,37.35499],[127.94521,37.35448],[127.94526,37.35441],[127.94531,37.35435],[127.94597,37.35341],[127.94645,37.35273]]]]}},{"type":"Feature","properties":{"code":"51130590","name":"단계동","parent":"51130"},"geometry":{"type":"MultiPolygon","coordinates":[[[[127.94003,37.3607],[127.94014,37.36012],[127.94015,37.36001],[127.94015,37.35975],[127.94015,37.3597],[127.94012,37.35933],[127.94003,37.35922],[127.94001,37.35919],[127.93866,37.35859],[127.93842,37.35852],[127.93823,37.35848],[127.93816,37.35846],[127.93802,37.35844],[127.93786,37.3585],[127.93771,37.3584],[127.93721,37.35797],[127.93652,37.35724],[127.93592,37.3565],[127.93544,37.35462],[127.93525,37.35371],[127.93525,37.35273],[127.93569,37.35206],[127.93605,37.35209],[127.9382,37.35229],[127.9372,37.3508],[127.93719,37.35077],[127.937,37.35017],[127.93731,37.34751],[127.93985,37.34311],[127.9401,37.34292],[127.94033,37.34274],[127.94121,37.34216],[127.938,37.33995],[127.9335,37.34384],[127.92793,37.34451],[127.92765,37.34391],[127.92626,37.34283],[127.92545,37.34347],[127.92403,37.34419],[127.92281,37.3447],[127.92261,37.34475],[127.91974,37.34498],[127.91829,37.34492],[127.91632,37.34645],[127.91634,37.34674],[127.91628,37.34722],[127.91568,37.34954],[127.91535,37.35044],[127.91552,37.35111],[127.91605,37.35327],[127.91786,37.3597],[127.91896,37.36166],[127.91915,37.36178],[127.92169,37.36294],[127.92333,37.36179],[127.92439,37.36105],[127.92845,37.36058],[127.93162,37.36074],[127.93313,37.36127],[127.93317,37.36129],[127.93395,37.36162],[127.93497,37.36212],[127.93543,37.36243],[127.93559,37.36239],[127.93882,37.36121],[127.93971,37.36088],[127.94003,37.3607]]]]}},{"type":"Feature","properties":{"code":"51130600","name":"우산동","parent":"51130"},"geometry":{"type":"MultiPolygon","coordinates":[[[[127.94542,37.37779],[127.94435,37.37525],[127.94413,37.37398],[127.94392,37.37298],[127.9438,37.37263],[127.94195,37.37176],[127.94187,37.37163],[127.94183,37.37157],[127.9413,37.37061],[127.94116,37.36996],[127.94047,37.36615],[127.94034,37.36542],[127.94005,37.3638],[127.94003,37.36233],[127.94003,37.36095],[127.94003,37.3607],[127.93971,37.36088],[127.93882,37.36121],[127.93559,37.36239],[127.93543,37.36243],[127.93497,37.36212],[127.93395,37.36162],[127.93317,37.36129],[127.93313,37.36127],[127.93162,37.36074],[127.92845,37.36058],[127.92439,37.36105],[127.92333,37.36179],[127.92169,37.36294],[127.9221,37.3633],[127.92212,37.36369],[127.92201,37.36434],[127.92188,37.3652],[127.92185,37.36597],[127.92259,37.36732],[127.92266,37.3674],[127.92317,37.36719],[127.92368,37.36686],[127.92417,37.36718],[127.92433,37.36904],[127.92274,37.37496],[127.92207,37.37608],[127.9205,37.37764],[127.91949,37.37858],[127.91853,37.37898],[127.91752,37.37918],[127.91392,37.38133],[127.91379,37.38241],[127.91456,37.38454],[127.91457,37.38473],[127.91341,37.38742],[127.91255,37.38884],[127.91166,37.39045],[127.91124,37.39133],[127.91213,37.39135],[127.91995,37.39112],[127.92084,37.39079],[127.92127,37.39042],[127.92176,37.39019],[127.92385,37.38991],[127.92548,37.39025],[127.92572,37.39035],[127.9259,37.39043],[127.92855,37.39311],[127.93032,37.39602],[127.93038,37.39731],[127.9306,37.39796],[127.93094,37.39843],[127.93368,37.39878],[127.93493,37.39706],[127.93523,37.39652],[127.93585,37.39542],[127.93791,37.39328],[127.94127,37.39089],[127.94235,37.38921],[127.94173,37.38731],[127.94138,37.38594],[127.94133,37.38573],[127.94111,37.38407],[127.94119,37.38358],[127.94137,37.38246],[127.94173,37.38089],[127.94326,37.37927],[127.94389,37.37875],[127.94462,37.37816],[127.94542,37.37779]]]]}},{"type":"Feature","properties":{"code":"51130610","name":"태장1동","parent":"51130"},"geometry":{"type":"MultiPolygon","coordinates":[[[[127.9711,37.37781],[127.9768,37.37357],[127.9764,37.37353],[127.9761,37.37341],[127.97509,37.37297],[127.97495,37.37286],[127.97466,37.37248],[127.97454,37.3723],[127.97449,37.37215],[127.97457,37.37195],[127.97457,37.37185],[127.97319,37.36959],[127.96998,37.3646],[127.97048,37.36151],[127.97239,37.35881],[127.97242,37.35877],[127.97243,37.35871],[127.97271,37.35708],[127.97161,37.35499],[127.97021,37.35479],[127.96971,37.35497],[127.96914,37.35513],[127.96899,37.35511],[127.96841,37.35499],[127.96824,37.35493],[127.96257,37.35207],[127.96221,37.35192],[127.96003,37.35293],[127.96009,37.35305],[127.96007,37.3533],[127.95999,37.35338],[127.95996,37.35341],[127.95851,37.35407],[127.95847,37.35408],[127.95729,37.35448],[127.95389,37.35318],[127.9518,37.35787],[127.95042,37.3621],[127.95017,37.36385],[127.95064,37.36443],[127.95133,37.36498],[127.95243,37.36536],[127.95398,37.36586],[127.95515,37.36623],[127.95583,37.36548],[127.95606,37.36501],[127.9564,37.36477],[127.95664,37.36487],[127.95728,37.3657],[127.9577,37.36649],[127.95795,37.36696],[127.95793,37.36765],[127.95784,37.36865],[127.95797,37.37052],[127.958,37.37083],[127.95815,37.37114],[127.95833,37.37139],[127.95858,37.37151],[127.95904,37.37162],[127.95943,37.37172],[127.96004,37.3719],[127.96032,37.37202],[127.9605,37.37218],[127.96053,37.37237],[127.96052,37.37248],[127.96022,37.3736],[127.96008,37.374],[127.95984,37.37453],[127.95978,37.37465],[127.95976,37.37472],[127.95978,37.3748],[127.96343,37.37767],[127.96362,37.37779],[127.96442,37.37817],[127.96467,37.37824],[127.96492,37.37828],[127.96512,37.3783],[127.9659,37.37825],[127.96655,37.37813],[127.96773,37.37773],[127.9711,37.37781]]]]}},{"type":"Feature","properties":{"code":"51130620","name":"태장2동","parent":"51130"},"geometry":{"type":"MultiPolygon","coordinates":[[[[127.9711,37.37781],[127.96773,37.37773],[127.96655,37.37813],[127.9659,37.37825],[127.96512,37.3783],[127.96492,37.37828],[127.96467,37.37824],[127.96442,37.37817],[127.96362,37.37779],[127.96343,37.37767],[127.95978,37.3748],[127.95976,37.37472],[127.95978,37.37465],[127.95984,37.37453],[127.96008,37.374],[127.96022,37.3736],[127.96052,37.37248],[127.96053,37.37237],[127.9605,37.37218],[127.96032,37.37202],[127.96004,37.3719],[127.95943,37.37172],[127.95904,37.37162],[127.95858,37.37151],[127.95833,37.37139],[127.95815,37.37114],[127.958,37.37083],[127.95797,37.37052],[127.95784,37.36865],[127.95793,37.36765],[127.95795,37.36696],[127.9577,37.36649],[127.95728,37.3657],[127.95664,37.36487],[127.9564,37.36477],[127.95606,37.36501],[127.95583,37.36548],[127.95515,37.36623],[127.95398,37.36586],[127.95243,37.36536],[127.95133,37.36498],[127.95064,37.36443],[127.95017,37.36385],[127.95009,37.36424],[127.9498,37.36548],[127.94929,37.36675],[127.94895,37.36757],[127.94861,37.36839],[127.94852,37.36867],[127.94835,37.36943],[127.94826,37.37065],[127.94836,37.37144],[127.94883,37.37369],[127.94905,37.37549],[127.94906,37.37598],[127.94542,37.37779],[127.94462,37.37816],[127.94389,37.37875],[127.94326,37.37927],[127.94173,37.38089],[127.94137,37.38246],[127.94119,37.38358],[127.94111,37.38407],[127.94133,37.38573],[127.94138,37.38594],[127.94173,37.38731],[127.94235,37.38921],[127.94127,37.39089],[127.93791,37.39328],[127.93585,37.39542],[127.93523,37.39652],[127.93493,37.39706],[127.93368,37.39878],[127.93431,37.39889],[127.9373,37.39956],[127.93779,37.39997],[127.93832,37.40041],[127.93844,37.40119],[127.93831,37.40314],[127.93814,37.40469],[127.93745,37.40527],[127.93677,37.40624],[127.93532,37.4088],[127.9357,37.40918],[127.93643,37.40946],[127.93708,37.40904],[127.93829,37.40842],[127.93943,37.40838],[127.94211,37.40952],[127.94408,37.40942],[127.94446,37.40942],[127.94479,37.4094],[127.94493,37.40938],[127.9451,37.40935],[127.94517,37.40933],[127.94523,37.40931],[127.94832,37.40811],[127.94954,37.40759],[127.95362,37.40557],[127.96044,37.40195],[127.96029,37.40099],[127.9602,37.39846],[127.96054,37.39379],[127.9606,37.39339],[127.9611,37.39332],[127.96138,37.39328],[127.96155,37.39326],[127.96172,37.39323],[127.96248,37.39276],[127.9637,37.39195],[127.96375,37.39191],[127.96378,37.39188],[127.96381,37.39184],[127.96399,37.3916],[127.96403,37.39153],[127.96404,37.39149],[127.96458,37.39023],[127.96499,37.38868],[127.96501,37.38864],[127.96501,37.3886],[127.96501,37.38857],[127.96498,37.38842],[127.96497,37.38837],[127.96495,37.38831],[127.96483,37.38803],[127.96479,37.38794],[127.96461,37.38736],[127.96457,37.38724],[127.96456,37.38715],[127.96455,37.3869],[127.96456,37.38659],[127.96456,37.38653],[127.96488,37.3853],[127.9655,37.38328],[127.96598,37.38231],[127.9674,37.37984],[127.9675,37.37968],[127.96754,37.37963],[127.96757,37.37961],[127.96762,37.37958],[127.96942,37.37859],[127.9711,37.37781]]]]}},{"type":"Feature","properties":{"code":"51130635","name":"봉산동","parent":"51130"},"geometry":{"type":"MultiPolygon","coordinates":[[[[127.99984,37.359],[127.99942,37.35841],[127.99603,37.35473],[127.99434,37.35309],[127.99294,37.35266],[127.99271,37.3527],[127.99254,37.35272],[127.99092,37.35267],[127.98892,37.35068],[127.98889,37.35064],[127.98881,37.35052],[127.98874,37.35032],[127.98868,37.35014],[127.98874,37.34999],[127.98886,37.34955],[127.98881,37.34885],[127.98681,37.34688],[127.9865,37.34664],[127.98623,37.34658],[127.98614,37.34656],[127.98579,37.34651],[127.97781,37.34584],[127.97383,37.34612],[127.97328,37.34587],[127.97298,37.34574],[127.97259,37.34536],[127.97232,37.34504],[127.97217,37.34487],[127.972,37.34454],[127.97192,37.34438],[127.97172,37.34363],[127.97127,37.34222],[127.97063,37.34168],[127.97047,37.34161],[127.96963,37.34128],[127.96704,37.34034],[127.96656,37.3402],[127.96643,37.34017],[127.96544,37.34021],[127.95995,37.3438],[127.95908,37.34408],[127.95864,37.34422],[127.95761,37.34465],[127.95751,37.34469],[127.95705,37.34493],[127.95646,37.34546],[127.95604,37.34592],[127.95544,37.34761],[127.95434,37.35161],[127.95389,37.35318],[127.95729,37.35448],[127.95847,37.35408],[127.95851,37.35407],[127.95996,37.35341],[127.95999,37.35338],[127.96007,37.3533],[127.96009,37.35305],[127.96003,37.35293],[127.96221,37.35192],[127.96257,37.35207],[127.96824,37.35493],[127.96841,37.35499],[127.96899,37.35511],[127.96914,37.35513],[127.96971,37.35497],[127.97021,37.35479],[127.97161,37.35499],[127.97271,37.35708],[127.97243,37.35871],[127.97242,37.35877],[127.97239,37.35881],[127.97048,37.36151],[127.96998,37.3646],[127.97319,37.36959],[127.97457,37.37185],[127.97457,37.37195],[127.97449,37.37215],[127.97454,37.3723],[127.97466,37.37248],[127.97495,37.37286],[127.97509,37.37297],[127.9761,37.37341],[127.9764,37.37353],[127.9768,37.37357],[127.97917,37.3737],[127.97996,37.37375],[127.98002,37.37375],[127.98006,37.37373],[127.9828,37.37162],[127.98284,37.37158],[127.98292,37.37149],[127.98298,37.37142],[127.98353,37.37071],[127.9845,37.36934],[127.98823,37.36534],[127.98826,37.36531],[127.98847,37.36521],[127.98858,37.36516],[127.98929,37.3649],[127.98948,37.36484],[127.98951,37.36484],[127.98955,37.36484],[127.9909,37.3651],[127.99276,37.36659],[127.99381,37.36744],[127.99625,37.36594],[127.99629,37.36575],[127.99794,37.36202],[127.99984,37.359]]]]}},{"type":"Feature","properties":{"code":"51130650","name":"행구동","parent":"51130"},"geometry":{"type":"MultiPolygon","coordinates":[[[[128.04232,37.34693],[128.04316,37.34596],[128.04212,37.34196],[128.04144,37.34005],[128.04109,37.33953],[128.04042,37.33864],[128.03936,37.33753],[128.0383,37.33642],[128.03736,37.33472],[128.03794,37.33372],[128.03848,37.33277],[128.03448,37.33083],[128.03293,37.33008],[128.03217,37.32922],[128.03214,37.32918],[128.03063,37.32816],[128.0299,37.32807],[128.02762,37.32804],[128.02671,37.32811],[128.02623,37.32799],[128.02418,37.32567],[128.02428,37.32597],[128.02428,37.32619],[128.02424,37.32641],[128.02418,37.32659],[128.02401,37.32682],[128.02384,37.32695],[128.02341,37.32715],[128.01649,37.32938],[128.01626,37.32943],[128.01573,37.3294],[128.01034,37.32891],[128.00939,37.32879],[128.00911,37.32867],[128.00877,37.32849],[128.0083,37.32821],[128.00709,37.32753],[128.00607,37.32704],[128.00487,37.32647],[128.00434,37.3263],[128.00409,37.32628],[128.00388,37.32632],[128.00374,37.3264],[128.00349,37.32661],[128.00285,37.32726],[128.0026,37.32752],[128.0025,37.32765],[128.00226,37.32799],[128.00039,37.32972],[127.99735,37.33235],[127.99649,37.33292],[127.99621,37.33309],[127.99385,37.33411],[127.99356,37.33418],[127.99325,37.33416],[127.99258,37.33381],[127.99229,37.33376],[127.99193,37.33377],[127.99106,37.33389],[127.99046,37.33415],[127.98878,37.33512],[127.98545,37.33642],[127.98178,37.33751],[127.98171,37.33753],[127.98124,37.33764],[127.98116,37.33766],[127.98107,37.33765],[127.9809,37.33763],[127.98079,37.33761],[127.97883,37.33764],[127.97804,37.33765],[127.97564,37.33779],[127.97535,37.33781],[127.9739,37.33797],[127.97378,37.33801],[127.96877,37.33963],[127.96812,37.34026],[127.96643,37.34017],[127.96656,37.3402],[127.96704,37.34034],[127.96963,37.34128],[127.97047,37.34161],[127.97063,37.34168],[127.97127,37.34222],[127.97172,37.34363],[127.97192,37.34438],[127.972,37.34454],[127.97217,37.34487],[127.97232,37.34504],[127.97259,37.34536],[127.97298,37.34574],[127.97328,37.34587],[127.97383,37.34612],[127.97781,37.34584],[127.98579,37.34651],[127.98614,37.34656],[127.98623,37.34658],[127.9865,37.34664],[127.98681,37.34688],[127.98881,37.34885],[127.98886,37.34955],[127.98874,37.34999],[127.98868,37.35014],[127.98874,37.35032],[127.98881,37.35052],[127.98889,37.35064],[127.98892,37.35068],[127.99092,37.35267],[127.99254,37.35272],[127.99271,37.3527],[127.99294,37.35266],[127.99434,37.35309],[127.99603,37.35473],[127.99942,37.35841],[127.99984,37.359],[128.00304,37.36031],[128.00613,37.35931],[128.0098,37.35902],[128.01222,37.35969],[128.01288,37.35975],[128.01467,37.35989],[128.01799,37.3599],[128.0182,37.35982],[128.01841,37.35974],[128.02216,37.3576],[128.02416,37.35613],[128.02487,37.35484],[128.02532,37.35324],[128.02576,37.35191],[128.02606,37.35096],[128.02699,37.34958],[128.02762,37.34937],[128.02862,37.34932],[128.03013,37.34895],[128.0317,37.34834],[128.03277,37.34729],[128.0336,37.34663],[128.03463,37.34626],[128.0356,37.34616],[128.03607,37.34621],[128.04232,37.34693]]]]}},{"type":"Feature","properties":{"code":"51130660","name":"무실동","parent":"51130"},"geometry":{"type":"MultiPolygon","coordinates":[[[[127.938,37.33995],[127.93951,37.33862],[127.93911,37.33841],[127.93827,37.33738],[127.93821,37.33726],[127.93752,37.33389],[127.93751,37.33382],[127.93773,37.33321],[127.93796,37.3329],[127.93802,37.3328],[127.93804,37.33224],[127.93804,37.33027],[127.93794,37.32913],[127.93739,37.32793],[127.93637,37.32752],[127.93579,37.32732],[127.9361,37.32658],[127.93637,37.32604],[127.9364,37.32598],[127.93692,37.32502],[127.93671,37.32506],[127.93654,37.32504],[127.93639,37.32502],[127.93619,37.32492],[127.93503,37.32387],[127.935,37.32384],[127.93416,37.3228],[127.93412,37.32275],[127.9341,37.3227],[127.93408,37.32263],[127.93407,37.32259],[127.93401,37.32211],[127.9325,37.32003],[127.93247,37.32],[127.92854,37.31567],[127.92818,37.31564],[127.92792,37.31547],[127.92681,37.31401],[127.92606,37.31187],[127.92623,37.31139],[127.92639,37.31087],[127.92571,37.30843],[127.92544,37.30777],[127.92422,37.30721],[127.92419,37.30722],[127.9205,37.30842],[127.92044,37.30844],[127.92031,37.30851],[127.92021,37.30857],[127.91998,37.30872],[127.91988,37.30879],[127.91982,37.30885],[127.91956,37.30908],[127.91947,37.30917],[127.91822,37.31046],[127.91727,37.31156],[127.91723,37.31161],[127.91719,37.31165],[127.91712,37.31172],[127.91705,37.31176],[127.91691,37.31183],[127.91687,37.31184],[127.91683,37.31185],[127.91679,37.31186],[127.91672,37.31186],[127.91594,37.31185],[127.91584,37.31184],[127.91563,37.31182],[127.91556,37.3118],[127.91492,37.31164],[127.91359,37.31129],[127.91256,37.31097],[127.91222,37.31087],[127.91217,37.31085],[127.91154,37.31054],[127.91147,37.3105],[127.9111,37.31028],[127.91106,37.31025],[127.91102,37.31022],[127.91097,37.31017],[127.91083,37.31001],[127.9108,37.30998],[127.91077,37.30997],[127.91072,37.30998],[127.91065,37.31],[127.91062,37.31003],[127.90982,37.31054],[127.90971,37.31061],[127.90958,37.31072],[127.90861,37.31154],[127.90858,37.31157],[127.90824,37.31221],[127.90614,37.31694],[127.9061,37.31703],[127.90603,37.31724],[127.9059,37.31776],[127.9057,37.31871],[127.9057,37.31876],[127.9057,37.31885],[127.90577,37.3195],[127.9058,37.31969],[127.90581,37.31973],[127.90583,37.31976],[127.90586,37.31979],[127.9059,37.31983],[127.90664,37.32031],[127.90776,37.32162],[127.90882,37.32364],[127.90883,37.32367],[127.90882,37.32428],[127.90855,37.32496],[127.90852,37.325],[127.90832,37.32532],[127.9082,37.32546],[127.90814,37.32553],[127.90778,37.32587],[127.90738,37.3262],[127.90733,37.32625],[127.90726,37.32628],[127.9072,37.3263],[127.90691,37.32636],[127.90682,37.32639],[127.90675,37.32642],[127.90664,37.32647],[127.9065,37.32656],[127.90646,37.3266],[127.90641,37.32666],[127.90631,37.32681],[127.90629,37.32684],[127.90628,37.32687],[127.90628,37.32692],[127.90622,37.32754],[127.90622,37.32761],[127.90646,37.32936],[127.90647,37.32938],[127.90814,37.33187],[127.91073,37.33656],[127.91076,37.33665],[127.91071,37.33756],[127.9105,37.33819],[127.91024,37.33853],[127.90951,37.3393],[127.90943,37.33942],[127.90905,37.34034],[127.90904,37.34042],[127.90915,37.34081],[127.90967,37.34128],[127.91328,37.34371],[127.91375,37.34389],[127.914,37.34392],[127.91432,37.34396],[127.91482,37.34395],[127.91513,37.34398],[127.91532,37.34412],[127.91627,37.34602],[127.91632,37.34645],[127.91829,37.34492],[127.91974,37.34498],[127.92261,37.34475],[127.92281,37.3447],[127.92403,37.34419],[127.92545,37.34347],[127.92626,37.34283],[127.92765,37.34391],[127.92793,37.34451],[127.9335,37.34384],[127.938,37.33995]]]]}},{"type":"Feature","properties":{"code":"51130675","name":"반곡관설동","parent":"51130"},"geometry":{"type":"MultiPolygon","coordinates":[[[[128.02418,37.32567],[128.02322,37.3247],[128.02291,37.32436],[128.02256,37.32398],[128.02211,37.32322],[128.02202,37.32293],[128.02189,37.32244],[128.02172,37.32171],[128.02171,37.32159],[128.02171,37.32124],[128.02177,37.32094],[128.0218,37.32011],[128.02185,37.3184],[128.02187,37.31777],[128.02185,37.31721],[128.02179,37.31641],[128.0216,37.31547],[128.02137,37.31486],[128.02113,37.31444],[128.02083,37.31392],[128.01941,37.3117],[128.01914,37.31136],[128.01879,37.31098],[128.01822,37.31051],[128.01743,37.30998],[128.01722,37.30989],[128.01701,37.30984],[128.01676,37.30979],[128.01658,37.30974],[128.01636,37.30963],[128.0155,37.3089],[128.01463,37.30776],[128.01447,37.3073],[128.01436,37.30671],[128.01431,37.30633],[128.01443,37.30536],[128.01456,37.3048],[128.01465,37.30444],[128.01474,37.30413],[128.0148,37.30386],[128.01484,37.30354],[128.01483,37.30317],[128.01463,37.30288],[128.00889,37.29997],[128.00685,37.29894],[128.00388,37.29782],[128.00346,37.29768],[128.00272,37.29759],[128.00216,37.29759],[128.00149,37.29765],[128.00079,37.29774],[127.99972,37.29797],[127.99758,37.29829],[127.99735,37.29831],[127.997,37.29828],[127.99665,37.29815],[127.99644,37.29801],[127.99619,37.29781],[127.9958,37.29753],[127.99495,37.297],[127.99404,37.2965],[127.99349,37.29623],[127.99087,37.29549],[127.99066,37.29549],[127.99019,37.29552],[127.9898,37.29557],[127.98971,37.29559],[127.98889,37.29673],[127.98827,37.29709],[127.98738,37.29747],[127.98577,37.29798],[127.98422,37.29729],[127.98414,37.29722],[127.98387,37.29697],[127.98281,37.2955],[127.98269,37.29533],[127.98233,37.29474],[127.98213,37.29438],[127.98208,37.29396],[127.98206,37.29373],[127.98176,37.29331],[127.98001,37.29097],[127.97522,37.29399],[127.97302,37.29664],[127.97289,37.29704],[127.97278,37.29773],[127.97338,37.29857],[127.97428,37.29925],[127.97458,37.29957],[127.97475,37.3002],[127.97487,37.30189],[127.97419,37.30226],[127.96991,37.3026],[127.96561,37.30047],[127.96407,37.29968],[127.96271,37.29893],[127.96137,37.29814],[127.96041,37.29752],[127.96013,37.29791],[127.95995,37.29817],[127.95993,37.29821],[127.95992,37.29825],[127.95991,37.29829],[127.95974,37.30096],[127.95923,37.30337],[127.95887,37.30473],[127.95884,37.30479],[127.95878,37.30485],[127.95796,37.30579],[127.95792,37.30583],[127.95762,37.30608],[127.95757,37.30612],[127.95707,37.3064],[127.9572,37.30808],[127.9594,37.31232],[127.9595,37.3127],[127.96035,37.31364],[127.96046,37.31402],[127.95994,37.31454],[127.95961,37.31464],[127.9595,37.31468],[127.95899,37.31484],[127.95843,37.31501],[127.95752,37.3153],[127.95777,37.31641],[127.958,37.31742],[127.95803,37.31752],[127.95816,37.31796],[127.95855,37.31926],[127.95983,37.32153],[127.96018,37.32214],[127.96065,37.32288],[127.96224,37.32295],[127.9639,37.32148],[127.9642,37.32121],[127.96532,37.32022],[127.9667,37.31898],[127.97027,37.316],[127.97116,37.31528],[127.97219,37.31571],[127.97268,37.31601],[127.97208,37.31676],[127.97053,37.31829],[127.97044,37.3184],[127.96899,37.32009],[127.96863,37.32139],[127.96848,37.32193],[127.96839,37.32229],[127.96833,37.32254],[127.96786,37.32332],[127.96774,37.32352],[127.96739,37.32407],[127.96658,37.3248],[127.96651,37.32486],[127.96548,37.32566],[127.96453,37.32639],[127.96375,37.32715],[127.96346,37.3276],[127.96334,37.32784],[127.9632,37.32815],[127.96176,37.33229],[127.96155,37.33318],[127.9615,37.33346],[127.96149,37.33356],[127.96149,37.33389],[127.9615,37.33393],[127.96165,37.33439],[127.96167,37.33442],[127.96186,37.33475],[127.96296,37.33637],[127.96448,37.33687],[127.96459,37.33719],[127.96473,37.3376],[127.96542,37.33991],[127.96544,37.34021],[127.96643,37.34017],[127.96812,37.34026],[127.96877,37.33963],[127.97378,37.33801],[127.9739,37.33797],[127.97535,37.33781],[127.97564,37.33779],[127.97804,37.33765],[127.97883,37.33764],[127.98079,37.33761],[127.9809,37.33763],[127.98107,37.33765],[127.98116,37.33766],[127.98124,37.33764],[127.98171,37.33753],[127.98178,37.33751],[127.98545,37.33642],[127.98878,37.33512],[127.99046,37.33415],[127.99106,37.33389],[127.99193,37.33377],[127.99229,37.33376],[127.99258,37.33381],[127.99325,37.33416],[127.99356,37.33418],[127.99385,37.33411],[127.99621,37.33309],[127.99649,37.33292],[127.99735,37.33235],[128.00039,37.32972],[128.00226,37.32799],[128.0025,37.32765],[128.0026,37.32752],[128.00285,37.32726],[128.00349,37.32661],[128.00374,37.3264],[128.00388,37.32632],[128.00409,37.32628],[128.00434,37.3263],[128.00487,37.32647],[128.00607,37.32704],[128.00709,37.32753],[128.0083,37.32821],[128.00877,37.32849],[128.00911,37.32867],[128.00939,37.32879],[128.01034,37.32891],[128.01573,37.3294],[128.01626,37.32943],[128.01649,37.32938],[128.02341,37.32715],[128.02384,37.32695],[128.02401,37.32682],[128.02418,37.32659],[128.02424,37.32641],[128.02428,37.32619],[128.02428,37.32597],[128.02418,37.32567]]]]}}]}