{"type":"FeatureCollection","features":[{"type":"Feature","properties":{"code":"47230250","name":"금호읍","parent":"47230"},"geometry":{"type":"MultiPolygon","coordinates":[[[[128.91739,35.95079],[128.91837,35.94925],[128.9198,35.94769],[128.92085,35.94636],[128.92185,35.94478],[128.92229,35.94165],[128.92234,35.94133],[128.92323,35.93524],[128.92328,35.93493],[128.92335,35.93469],[128.92416,35.93284],[128.92462,35.93199],[128.92467,35.9319],[128.92521,35.93102],[128.92545,35.93078],[128.92567,35.93063],[128.92585,35.93044],[128.9262,35.92995],[128.92631,35.92981],[128.92641,35.92965],[128.92808,35.92581],[128.92814,35.92558],[128.92817,35.9254],[128.92823,35.92494],[128.92823,35.92487],[128.9282,35.92469],[128.92818,35.92444],[128.92821,35.92391],[128.92823,35.92372],[128.92828,35.92354],[128.92831,35.92347],[128.92838,35.9234],[128.92928,35.92348],[128.92959,35.92376],[128.9304,35.925],[128.93082,35.92589],[128.93102,35.92626],[128.9325,35.92585],[128.93319,35.92565],[128.93487,35.92515],[128.93721,35.92445],[128.94039,35.92406],[128.94191,35.92483],[128.9427,35.92599],[128.94339,35.92605],[128.94486,35.92573],[128.94546,35.92559],[128.9464,35.92525],[128.94895,35.92375],[128.94894,35.92252],[128.94745,35.92229],[128.9448,35.92188],[128.94469,35.92187],[128.94498,35.92039],[128.94548,35.91883],[128.94565,35.9184],[128.94411,35.91356],[128.94377,35.90868],[128.9454,35.90868],[128.9454,35.90734],[128.94674,35.89962],[128.94681,35.89918],[128.94589,35.89717],[128.94483,35.89535],[128.94356,35.89116],[128.94338,35.89046],[128.94139,35.88992],[128.94019,35.88958],[128.93881,35.88847],[128.93751,35.88736],[128.93627,35.8856],[128.93446,35.88367],[128.93303,35.88273],[128.92978,35.88084],[128.9265,35.8798],[128.92585,35.87975],[128.92582,35.87974],[128.92278,35.8808],[128.92195,35.88118],[128.9215,35.88167],[128.92037,35.88306],[128.91565,35.88683],[128.91467,35.88789],[128.91407,35.88905],[128.914,35.89003],[128.91296,35.89291],[128.91216,35.89367],[128.91055,35.89436],[128.90967,35.89446],[128.90888,35.89403],[128.90844,35.89343],[128.90764,35.89248],[128.90605,35.89297],[128.90505,35.89331],[128.90303,35.89585],[128.90253,35.89756],[128.90238,35.89812],[128.90251,35.89867],[128.90168,35.89989],[128.90111,35.90026],[128.89974,35.89973],[128.89647,35.89849],[128.89469,35.8977],[128.89307,35.89692],[128.89226,35.89571],[128.89204,35.89393],[128.89203,35.89384],[128.88989,35.89399],[128.88929,35.89405],[128.88905,35.89412],[128.8889,35.89454],[128.88884,35.89496],[128.8888,35.89529],[128.88727,35.89682],[128.88558,35.89841],[128.88392,35.89925],[128.88194,35.89973],[128.88121,35.89941],[128.88111,35.89762],[128.88106,35.89623],[128.88127,35.89515],[128.88165,35.89392],[128.88129,35.89311],[128.88083,35.8923],[128.87726,35.8889],[128.87515,35.88819],[128.8756,35.88935],[128.87523,35.88934],[128.87424,35.88911],[128.87336,35.88927],[128.87115,35.89117],[128.87047,35.89189],[128.87005,35.89291],[128.8697,35.89406],[128.86454,35.89665],[128.8611,35.89762],[128.85661,35.8991],[128.85532,35.89978],[128.85513,35.90047],[128.85518,35.90266],[128.85569,35.90315],[128.85573,35.90392],[128.85563,35.9048],[128.85543,35.90567],[128.85469,35.90653],[128.85316,35.908],[128.85327,35.90867],[128.85426,35.90982],[128.85528,35.91057],[128.85673,35.91161],[128.85675,35.91239],[128.85673,35.91293],[128.85657,35.91605],[128.85587,35.9172],[128.85572,35.91735],[128.85513,35.91781],[128.85437,35.91838],[128.85318,35.91926],[128.85257,35.91996],[128.8525,35.9203],[128.8543,35.92279],[128.85522,35.92405],[128.85741,35.92672],[128.85975,35.92776],[128.86221,35.92854],[128.8623,35.92867],[128.86263,35.92969],[128.86085,35.93343],[128.86142,35.93647],[128.86125,35.93728],[128.86187,35.93728],[128.86332,35.93745],[128.86341,35.93747],[128.8635,35.93752],[128.86368,35.93763],[128.86379,35.9377],[128.86384,35.93774],[128.86434,35.93829],[128.86444,35.93845],[128.86474,35.93891],[128.86482,35.93907],[128.86486,35.93917],[128.86489,35.93931],[128.86649,35.946],[128.86543,35.94686],[128.86481,35.94744],[128.86346,35.94978],[128.86453,35.95352],[128.8651,35.9545],[128.8696,35.95729],[128.86982,35.95735],[128.87272,35.95693],[128.87605,35.96011],[128.87707,35.96512],[128.87611,35.96674],[128.8801,35.96765],[128.88109,35.96786],[128.88163,35.96785],[128.88369,35.96657],[128.88516,35.96599],[128.8875,35.96559],[128.88806,35.96624],[128.89075,35.9673],[128.89369,35.96691],[128.89634,35.96612],[128.89721,35.96555],[128.89958,35.96327],[128.90088,35.96089],[128.90167,35.9594],[128.90214,35.95803],[128.90261,35.95658],[128.90331,35.95563],[128.90337,35.95556],[128.90716,35.95267],[128.90768,35.95249],[128.90869,35.95214],[128.91015,35.95176],[128.91316,35.95114],[128.91506,35.9508],[128.91739,35.95079]]]]}},{"type":"Feature","properties":{"code":"47230310","name":"청통면","parent":"47230"},"geometry":{"type":"MultiPolygon","coordinates":[[[[128.81412,36.02296],[128.81486,36.02288],[128.82049,36.02419],[128.8205,36.02352],[128.82121,36.02353],[128.82231,36.0236],[128.82463,36.02375],[128.8271,36.024],[128.82762,36.0241],[128.82864,36.0241],[128.8292,36.02403],[128.83059,36.02348],[128.83205,36.02211],[128.8339,36.01924],[128.8347,36.01753],[128.83674,36.01656],[128.83698,36.01651],[128.83893,36.01679],[128.83975,36.01713],[128.84017,36.01714],[128.84056,36.0171],[128.84119,36.01685],[128.84138,36.01648],[128.84147,36.01616],[128.84143,36.0159],[128.84136,36.01574],[128.84097,36.01542],[128.84082,36.01531],[128.83699,36.01303],[128.83583,36.01236],[128.83577,36.0123],[128.83571,36.01216],[128.83567,36.01199],[128.83573,36.01182],[128.83584,36.01175],[128.83625,36.01167],[128.8407,36.01107],[128.84421,36.01111],[128.84443,36.01122],[128.84503,36.01141],[128.84536,36.01144],[128.84554,36.01141],[128.84634,36.01105],[128.84647,36.01098],[128.84814,36.00991],[128.84831,36.00978],[128.84958,36.00879],[128.85095,36.00766],[128.85119,36.00745],[128.85131,36.00731],[128.85185,36.00651],[128.85212,36.00608],[128.85227,36.00584],[128.85352,36.00422],[128.85375,36.00393],[128.85435,36.00316],[128.85449,36.00305],[128.85458,36.00299],[128.8551,36.00268],[128.85941,36.00019],[128.86287,35.99949],[128.863,35.99949],[128.86328,35.99946],[128.8635,35.99938],[128.86443,35.99901],[128.86453,35.99895],[128.86521,35.99844],[128.86546,35.99824],[128.86581,35.99794],[128.86603,35.99772],[128.86631,35.99737],[128.86648,35.99709],[128.86662,35.99675],[128.86669,35.9966],[128.86679,35.99644],[128.86686,35.99634],[128.86702,35.99622],[128.8673,35.99604],[128.86768,35.99582],[128.8679,35.9957],[128.8691,35.99505],[128.86913,35.99503],[128.87089,35.99571],[128.87121,35.99604],[128.87123,35.9961],[128.87122,35.99616],[128.87066,35.99745],[128.87028,35.99879],[128.87024,35.99901],[128.87023,35.99911],[128.87026,35.99926],[128.87039,35.99946],[128.87048,35.99955],[128.87253,36.00123],[128.87256,36.00124],[128.87261,36.00126],[128.87275,36.00126],[128.87645,36.00034],[128.87842,35.99946],[128.88127,35.99907],[128.88635,35.99956],[128.88639,35.99958],[128.88641,35.99961],[128.88642,35.99985],[128.88641,35.99997],[128.8864,36.00007],[128.88636,36.00013],[128.88504,36.00206],[128.88458,36.00258],[128.88345,36.00328],[128.88357,36.0036],[128.88431,36.0052],[128.88738,36.00705],[128.88775,36.00695],[128.88783,36.00657],[128.88782,36.00604],[128.88779,36.00566],[128.88801,36.00522],[128.88824,36.00503],[128.89052,36.00497],[128.89224,36.00518],[128.89303,36.00522],[128.89357,36.0034],[128.8936,36.00321],[128.8936,36.0031],[128.89368,36.00147],[128.8938,35.99928],[128.89386,35.99901],[128.89393,35.99882],[128.89431,35.99841],[128.89447,35.99827],[128.89732,35.99603],[128.90202,35.99898],[128.90213,35.99905],[128.90229,35.99916],[128.90253,35.99939],[128.90325,36.00005],[128.90341,36.00027],[128.90353,36.00047],[128.90367,36.00067],[128.90386,36.00087],[128.90402,36.00097],[128.90416,36.00102],[128.90434,36.00109],[128.90441,36.0011],[128.90453,36.00109],[128.90585,36.00056],[128.90606,36.00047],[128.90612,36.00042],[128.90625,36.00024],[128.90784,35.99805],[128.90904,35.9965],[128.90997,35.99661],[128.91408,35.99608],[128.91682,35.99522],[128.91672,35.99482],[128.91687,35.99374],[128.91729,35.99277],[128.91771,35.99257],[128.91728,35.99239],[128.91627,35.99196],[128.91617,35.99195],[128.91436,35.99181],[128.91111,35.99303],[128.91003,35.9946],[128.90917,35.99486],[128.90847,35.99466],[128.90559,35.9936],[128.90507,35.99276],[128.9043,35.9914],[128.90381,35.99081],[128.90306,35.99053],[128.90246,35.99054],[128.90124,35.99086],[128.90058,35.99073],[128.9003,35.99059],[128.89746,35.98807],[128.89705,35.98722],[128.89676,35.98652],[128.89631,35.98554],[128.89627,35.98544],[128.89342,35.9835],[128.88757,35.98508],[128.88443,35.98643],[128.87945,35.98614],[128.87607,35.98503],[128.87596,35.98489],[128.87564,35.98447],[128.87579,35.98238],[128.87531,35.97798],[128.87436,35.97637],[128.87368,35.97604],[128.87103,35.97586],[128.86975,35.9762],[128.86918,35.97548],[128.86948,35.97118],[128.8696,35.96971],[128.86996,35.96888],[128.87192,35.96735],[128.87306,35.96778],[128.87611,35.96674],[128.87707,35.96512],[128.87605,35.96011],[128.87272,35.95693],[128.86982,35.95735],[128.8696,35.95729],[128.8651,35.9545],[128.86453,35.95352],[128.86346,35.94978],[128.86481,35.94744],[128.86543,35.94686],[128.86649,35.946],[128.86489,35.93931],[128.86486,35.93917],[128.86482,35.93907],[128.86474,35.93891],[128.86444,35.93845],[128.86434,35.93829],[128.86384,35.93774],[128.86379,35.9377],[128.86368,35.93763],[128.8635,35.93752],[128.86341,35.93747],[128.86332,35.93745],[128.86187,35.93728],[128.86125,35.93728],[128.86032,35.94307],[128.85798,35.94791],[128.85883,35.95054],[128.85934,35.95223],[128.85934,35.95227],[128.85933,35.95231],[128.85929,35.95236],[128.85925,35.9524],[128.85873,35.95281],[128.85866,35.95286],[128.85855,35.95291],[128.85818,35.95301],[128.85795,35.95299],[128.85781,35.95289],[128.85721,35.95273],[128.85709,35.9527],[128.85677,35.95265],[128.85665,35.95264],[128.85655,35.95263],[128.85638,35.95265],[128.85628,35.95268],[128.85622,35.95271],[128.85618,35.95275],[128.85458,35.95437],[128.85442,35.95454],[128.85433,35.95471],[128.85429,35.95484],[128.8543,35.95501],[128.85434,35.95539],[128.85437,35.95566],[128.85429,35.95609],[128.85408,35.95674],[128.85262,35.95901],[128.85217,35.95951],[128.84899,35.96174],[128.84598,35.96286],[128.84402,35.9628],[128.84322,35.96242],[128.84301,35.96238],[128.8429,35.96235],[128.84255,35.9623],[128.84233,35.96227],[128.8421,35.96226],[128.84194,35.96226],[128.84182,35.96226],[128.84166,35.9623],[128.84161,35.96231],[128.84153,35.96234],[128.84007,35.96318],[128.84003,35.96322],[128.83987,35.9634],[128.83964,35.96399],[128.83966,35.96414],[128.8397,35.96428],[128.83973,35.96482],[128.83969,35.96502],[128.83935,35.96583],[128.83933,35.96586],[128.8393,35.9659],[128.83748,35.96741],[128.83654,35.96814],[128.8365,35.96814],[128.83643,35.96812],[128.83522,35.96775],[128.83489,35.96758],[128.83209,35.96611],[128.83177,35.9658],[128.83171,35.96561],[128.83173,35.96552],[128.83037,35.965],[128.82821,35.96418],[128.82781,35.96403],[128.82585,35.96389],[128.82568,35.96392],[128.82553,35.96397],[128.82549,35.96399],[128.82515,35.96414],[128.82483,35.96432],[128.82448,35.96455],[128.81584,35.96532],[128.81557,35.96533],[128.81543,35.96531],[128.81525,35.96525],[128.81508,35.96515],[128.81489,35.96505],[128.81474,35.96501],[128.81461,35.96499],[128.81436,35.96503],[128.81395,35.96511],[128.81384,35.96514],[128.81358,35.96522],[128.81334,35.96532],[128.81322,35.9654],[128.81296,35.96561],[128.81267,35.96592],[128.81165,35.96738],[128.8116,35.96746],[128.81158,35.96757],[128.8116,35.96771],[128.81175,35.96845],[128.81178,35.96855],[128.81197,35.96881],[128.81221,35.9691],[128.81233,35.96925],[128.81251,35.96949],[128.81258,35.96958],[128.81259,35.96965],[128.81194,35.97299],[128.8119,35.97315],[128.81184,35.97322],[128.80875,35.97497],[128.80851,35.9751],[128.80836,35.97516],[128.80823,35.97519],[128.80811,35.97518],[128.80795,35.97514],[128.80779,35.97509],[128.80759,35.97503],[128.80738,35.97501],[128.80726,35.97505],[128.80058,35.97947],[128.80031,35.97967],[128.79995,35.97997],[128.79976,35.98018],[128.79975,35.98033],[128.79978,35.98044],[128.79979,35.98059],[128.79976,35.98085],[128.79967,35.98093],[128.79861,35.9817],[128.79299,35.98381],[128.79076,35.98371],[128.7898,35.98478],[128.78779,35.98668],[128.78755,35.98689],[128.78726,35.98714],[128.78711,35.98728],[128.78623,35.9879],[128.78615,35.98795],[128.78607,35.988],[128.78596,35.98802],[128.78583,35.98802],[128.78446,35.98783],[128.78436,35.98781],[128.78425,35.98777],[128.78297,35.98685],[128.78275,35.98669],[128.77996,35.98532],[128.77992,35.98532],[128.77775,35.98524],[128.77741,35.98522],[128.77731,35.98521],[128.77721,35.98519],[128.77706,35.98516],[128.7744,35.98457],[128.7743,35.98455],[128.77421,35.98451],[128.77412,35.98446],[128.77399,35.98438],[128.77388,35.98428],[128.77372,35.98412],[128.7736,35.98399],[128.77345,35.98378],[128.77326,35.98359],[128.77319,35.98353],[128.77245,35.98302],[128.76961,35.98299],[128.76934,35.98299],[128.76916,35.983],[128.76892,35.98303],[128.76865,35.98309],[128.76555,35.98376],[128.7652,35.98386],[128.76508,35.98394],[128.76435,35.98443],[128.76405,35.98466],[128.76389,35.98484],[128.76383,35.98497],[128.76381,35.98506],[128.76336,35.98569],[128.76083,35.98719],[128.75761,35.98853],[128.75476,35.98967],[128.75204,35.99075],[128.75196,35.99076],[128.75189,35.99077],[128.75175,35.99076],[128.75151,35.99073],[128.75057,35.99062],[128.75013,35.99057],[128.74977,35.99052],[128.74936,35.99046],[128.74923,35.99047],[128.74916,35.99048],[128.74808,35.9907],[128.74641,35.99112],[128.74615,35.9912],[128.7459,35.99128],[128.74566,35.99137],[128.74475,35.99169],[128.74165,35.99286],[128.74004,35.99322],[128.73516,35.9929],[128.73487,35.99304],[128.7348,35.99308],[128.73377,35.99384],[128.73371,35.99389],[128.73367,35.99395],[128.73364,35.99399],[128.73363,35.99407],[128.73364,35.99413],[128.73365,35.99415],[128.73375,35.99428],[128.73381,35.99434],[128.73394,35.99457],[128.73398,35.99466],[128.73401,35.99472],[128.73401,35.99476],[128.73398,35.9948],[128.73391,35.9949],[128.73381,35.99502],[128.73369,35.99516],[128.732,35.99709],[128.73005,35.99753],[128.72935,35.99755],[128.72928,35.99756],[128.72922,35.99758],[128.72916,35.99762],[128.72912,35.99764],[128.72902,35.99771],[128.72897,35.99775],[128.72893,35.99781],[128.72884,35.99796],[128.72882,35.99802],[128.72901,35.99898],[128.72919,36.00017],[128.7292,36.00026],[128.72921,36.00034],[128.72913,36.00089],[128.72906,36.00123],[128.72903,36.00137],[128.72898,36.00154],[128.72895,36.0016],[128.7289,36.00164],[128.72886,36.00169],[128.7259,36.00453],[128.72572,36.0047],[128.72556,36.00481],[128.72328,36.00595],[128.72333,36.00693],[128.72424,36.00764],[128.72654,36.00855],[128.72914,36.0086],[128.73046,36.01099],[128.73371,36.01193],[128.73431,36.01272],[128.73534,36.01409],[128.73663,36.01579],[128.73995,36.01623],[128.74463,36.01791],[128.74932,36.02175],[128.75176,36.0243],[128.75513,36.02555],[128.75817,36.02668],[128.76133,36.02576],[128.76341,36.02466],[128.76464,36.02355],[128.7672,36.02375],[128.76936,36.02293],[128.77166,36.02129],[128.77258,36.02132],[128.77354,36.02188],[128.77334,36.02468],[128.77367,36.02666],[128.77472,36.02765],[128.77478,36.02762],[128.77664,36.02685],[128.77771,36.0262],[128.78041,36.02509],[128.78311,36.02588],[128.78336,36.02643],[128.78766,36.02601],[128.79071,36.02513],[128.79461,36.02317],[128.79483,36.02303],[128.79738,36.02147],[128.79791,36.02127],[128.79897,36.02116],[128.80658,36.02058],[128.80831,36.02064],[128.80854,36.0208],[128.80882,36.02101],[128.81061,36.02231],[128.8117,36.02268],[128.81412,36.02296]]]]}},{"type":"Feature","properties":{"code":"47230320","name":"신녕면","parent":"47230"},"geometry":{"type":"MultiPolygon","coordinates":[[[[128.81636,36.09228],[128.81663,36.09136],[128.81699,36.09099],[128.81822,36.0905],[128.81917,36.08965],[128.82075,36.08641],[128.82088,36.08284],[128.8202,36.08087],[128.81982,36.07774],[128.82171,36.0709],[128.82214,36.07009],[128.82378,36.06744],[128.82389,36.06726],[128.82186,36.06309],[128.8214,36.05956],[128.82054,36.05782],[128.82033,36.05765],[128.81899,36.05767],[128.81811,36.05709],[128.81712,36.05527],[128.81679,36.0525],[128.8169,36.04908],[128.81611,36.04762],[128.81311,36.04752],[128.81284,36.04746],[128.81248,36.04735],[128.81075,36.04685],[128.81192,36.04632],[128.81241,36.04574],[128.81224,36.04435],[128.8115,36.04291],[128.81002,36.04147],[128.80943,36.04089],[128.80877,36.03612],[128.80933,36.03432],[128.80922,36.03314],[128.80916,36.03258],[128.80891,36.03149],[128.80833,36.03117],[128.80794,36.02978],[128.80797,36.02975],[128.812,36.02605],[128.81404,36.02393],[128.81424,36.02358],[128.81412,36.02296],[128.8117,36.02268],[128.81061,36.02231],[128.80882,36.02101],[128.80854,36.0208],[128.80831,36.02064],[128.80658,36.02058],[128.79897,36.02116],[128.79791,36.02127],[128.79738,36.02147],[128.79483,36.02303],[128.79461,36.02317],[128.79071,36.02513],[128.78766,36.02601],[128.78336,36.02643],[128.78311,36.02588],[128.78041,36.02509],[128.77771,36.0262],[128.77664,36.02685],[128.77478,36.02762],[128.77472,36.02765],[128.77367,36.02666],[128.77334,36.02468],[128.77354,36.02188],[128.77258,36.02132],[128.77166,36.02129],[128.76936,36.02293],[128.7672,36.02375],[128.76464,36.02355],[128.76341,36.02466],[128.76133,36.02576],[128.75817,36.02668],[128.75513,36.02555],[128.75176,36.0243],[128.74932,36.02175],[128.74463,36.01791],[128.73995,36.01623],[128.73663,36.01579],[128.73534,36.01409],[128.73431,36.01272],[128.73371,36.01193],[128.73046,36.01099],[128.72914,36.0086],[128.72654,36.00855],[128.72424,36.00764],[128.72333,36.00693],[128.72328,36.00595],[128.72146,36.00689],[128.71876,36.00806],[128.71705,36.00822],[128.71518,36.0079],[128.71087,36.00875],[128.70928,36.00927],[128.70541,36.01026],[128.70356,36.01069],[128.70052,36.01121],[128.69738,36.01317],[128.69525,36.0163],[128.69538,36.01643],[128.69688,36.01818],[128.69776,36.01944],[128.69921,36.02185],[128.6993,36.02203],[128.70106,36.02743],[128.70107,36.02751],[128.70107,36.02761],[128.70037,36.03132],[128.70009,36.03189],[128.70003,36.03198],[128.69982,36.03226],[128.69973,36.03238],[128.69968,36.03243],[128.69956,36.03249],[128.69914,36.03264],[128.69879,36.03279],[128.69854,36.03289],[128.69837,36.03298],[128.69815,36.03311],[128.69776,36.03336],[128.69753,36.03377],[128.69684,36.03537],[128.69785,36.03655],[128.70003,36.03869],[128.70026,36.03884],[128.70056,36.0391],[128.70145,36.03995],[128.70151,36.04003],[128.70333,36.04244],[128.70358,36.04283],[128.70375,36.04314],[128.70388,36.04342],[128.70395,36.04358],[128.70405,36.04382],[128.7047,36.04566],[128.70471,36.04575],[128.70475,36.04606],[128.7048,36.04688],[128.70479,36.04761],[128.70476,36.04801],[128.70456,36.05018],[128.70454,36.05028],[128.70447,36.05041],[128.7041,36.05125],[128.70356,36.05254],[128.70256,36.05562],[128.70256,36.05566],[128.70389,36.05825],[128.70468,36.05912],[128.70484,36.05925],[128.7051,36.05941],[128.7059,36.05983],[128.70609,36.05991],[128.70721,36.06077],[128.70921,36.0641],[128.70896,36.06693],[128.7089,36.06705],[128.7089,36.06712],[128.70925,36.06829],[128.71135,36.07356],[128.71139,36.07365],[128.71402,36.07559],[128.71405,36.0756],[128.71409,36.07561],[128.71504,36.07551],[128.71659,36.07525],[128.71672,36.07521],[128.72086,36.07392],[128.721,36.07386],[128.72109,36.07378],[128.72118,36.07364],[128.72134,36.07334],[128.72142,36.07324],[128.7215,36.0732],[128.72162,36.07318],[128.72187,36.07317],[128.7221,36.07318],[128.72276,36.07328],[128.72362,36.07349],[128.72369,36.07351],[128.72375,36.07353],[128.72454,36.07413],[128.72476,36.07433],[128.72685,36.07684],[128.72941,36.08104],[128.72942,36.08108],[128.72942,36.08114],[128.72917,36.08257],[128.72804,36.08574],[128.72797,36.08593],[128.72765,36.08653],[128.72752,36.08673],[128.72743,36.08678],[128.72735,36.08681],[128.72723,36.08685],[128.72699,36.08687],[128.72667,36.08689],[128.72644,36.08689],[128.72637,36.08689],[128.72613,36.08694],[128.72541,36.08708],[128.72466,36.08846],[128.72464,36.08854],[128.72466,36.08866],[128.72492,36.08968],[128.7252,36.09038],[128.72526,36.09048],[128.72537,36.09059],[128.72569,36.09084],[128.72617,36.09113],[128.72626,36.09118],[128.72635,36.09124],[128.72671,36.09138],[128.72702,36.09148],[128.7274,36.09157],[128.72785,36.09169],[128.72812,36.09177],[128.72829,36.09183],[128.72849,36.09192],[128.72877,36.09204],[128.72922,36.09226],[128.73287,36.09413],[128.73373,36.09462],[128.73541,36.09587],[128.73546,36.0959],[128.7359,36.09653],[128.74128,36.10024],[128.7417,36.10052],[128.74394,36.10284],[128.74423,36.10389],[128.74482,36.10601],[128.74486,36.10618],[128.74509,36.10767],[128.74511,36.10791],[128.74512,36.10822],[128.74509,36.10915],[128.74685,36.10692],[128.74693,36.10685],[128.74871,36.10534],[128.75063,36.10373],[128.75077,36.10366],[128.75093,36.10361],[128.75133,36.10364],[128.75147,36.10364],[128.75159,36.10363],[128.75166,36.10359],[128.75172,36.10353],[128.75176,36.10343],[128.7518,36.10331],[128.75202,36.1024],[128.75203,36.1023],[128.75204,36.10218],[128.75196,36.10199],[128.75161,36.10146],[128.75156,36.09911],[128.75206,36.09289],[128.75208,36.09283],[128.75214,36.09278],[128.75363,36.09179],[128.75373,36.09175],[128.75379,36.09174],[128.7539,36.09179],[128.75541,36.09262],[128.75555,36.09269],[128.75577,36.09286],[128.75608,36.09315],[128.75685,36.09396],[128.75699,36.09421],[128.75706,36.09439],[128.75713,36.09489],[128.75719,36.09517],[128.75724,36.09532],[128.7573,36.09543],[128.75743,36.09562],[128.75792,36.0963],[128.75821,36.09664],[128.75831,36.09672],[128.75841,36.09681],[128.76448,36.10051],[128.76464,36.10058],[128.76481,36.10059],[128.76495,36.1006],[128.76573,36.10046],[128.76652,36.10027],[128.76741,36.09998],[128.76844,36.09953],[128.76854,36.09943],[128.76862,36.09931],[128.76887,36.09842],[128.76902,36.09785],[128.76909,36.09763],[128.7692,36.09729],[128.76937,36.09702],[128.77064,36.09524],[128.77252,36.0949],[128.77364,36.09482],[128.77514,36.09501],[128.77681,36.09483],[128.77956,36.09384],[128.78483,36.09111],[128.78509,36.09096],[128.78711,36.08965],[128.78721,36.08956],[128.78729,36.0895],[128.78759,36.0892],[128.78785,36.08894],[128.79102,36.08673],[128.79537,36.08696],[128.79549,36.08695],[128.79564,36.08693],[128.79579,36.0869],[128.79614,36.08678],[128.79665,36.08659],[128.79703,36.08644],[128.79726,36.08633],[128.7974,36.08625],[128.7975,36.08619],[128.79758,36.08613],[128.79765,36.08607],[128.79775,36.08595],[128.79794,36.08564],[128.79814,36.08528],[128.79826,36.08506],[128.79833,36.08497],[128.79838,36.08497],[128.79847,36.08497],[128.80114,36.08568],[128.80311,36.0862],[128.81048,36.0888],[128.81065,36.08887],[128.81077,36.08902],[128.81088,36.08921],[128.81115,36.08951],[128.81152,36.08991],[128.81338,36.09165],[128.8135,36.09172],[128.81636,36.09228]]]]}},{"type":"Feature","properties":{"code":"47230330","name":"화산면","parent":"47230"},"geometry":{"type":"MultiPolygon","coordinates":[[[[128.83085,36.10262],[128.83629,36.10042],[128.83671,36.10006],[128.83695,36.09989],[128.83771,36.09938],[128.83784,36.0993],[128.83803,36.09923],[128.83868,36.099],[128.83893,36.09892],[128.83909,36.09888],[128.83923,36.09887],[128.8394,36.09887],[128.83953,36.09886],[128.8397,36.09884],[128.84036,36.09862],[128.84058,36.09853],[128.8409,36.09838],[128.84115,36.09826],[128.84131,36.09818],[128.84147,36.09808],[128.84158,36.09796],[128.84163,36.09788],[128.84293,36.09402],[128.84299,36.0938],[128.84299,36.09373],[128.84291,36.0936],[128.84262,36.09315],[128.84229,36.09268],[128.84205,36.09236],[128.84191,36.09215],[128.84171,36.09181],[128.84159,36.09159],[128.84158,36.09153],[128.84157,36.09141],[128.8416,36.09133],[128.8439,36.08578],[128.84487,36.08366],[128.84566,36.08279],[128.84589,36.08238],[128.84679,36.07957],[128.84683,36.07944],[128.84683,36.07935],[128.84681,36.07925],[128.84656,36.07838],[128.84652,36.07826],[128.84645,36.07811],[128.84621,36.07774],[128.8461,36.0776],[128.84598,36.07749],[128.84547,36.07585],[128.84547,36.07347],[128.84954,36.06959],[128.84976,36.06938],[128.8517,36.06785],[128.85483,36.06574],[128.85515,36.06561],[128.85535,36.0656],[128.85638,36.06589],[128.85773,36.06582],[128.85796,36.06574],[128.85829,36.06553],[128.85925,36.06473],[128.86287,36.06168],[128.8652,36.0606],[128.86527,36.06053],[128.86705,36.05765],[128.86625,36.05592],[128.86623,36.05583],[128.86625,36.05575],[128.8676,36.0538],[128.86775,36.05364],[128.86797,36.05345],[128.86815,36.05332],[128.86818,36.0533],[128.86853,36.05314],[128.86884,36.05302],[128.86898,36.05298],[128.86938,36.05293],[128.86945,36.05291],[128.86952,36.05288],[128.86997,36.05265],[128.87017,36.05245],[128.87035,36.05221],[128.8704,36.05213],[128.87144,36.05049],[128.87151,36.05034],[128.87215,36.04876],[128.87521,36.0475],[128.87525,36.04749],[128.87533,36.04742],[128.87607,36.04668],[128.87632,36.04628],[128.87679,36.0455],[128.87685,36.04539],[128.87685,36.04529],[128.87707,36.04426],[128.87738,36.04293],[128.87748,36.04266],[128.87756,36.04247],[128.87766,36.04238],[128.87779,36.04225],[128.87794,36.04218],[128.87827,36.04207],[128.87868,36.04196],[128.87891,36.04189],[128.87961,36.04178],[128.87998,36.04174],[128.88208,36.04157],[128.88225,36.04157],[128.88236,36.04157],[128.8857,36.04197],[128.88581,36.04205],[128.88592,36.04221],[128.88601,36.04247],[128.88607,36.04277],[128.88987,36.04208],[128.89678,36.03961],[128.90079,36.03795],[128.90237,36.03715],[128.90254,36.03706],[128.9027,36.03694],[128.90301,36.03666],[128.90417,36.0358],[128.9042,36.03566],[128.90453,36.03441],[128.90562,36.02972],[128.9054,36.02873],[128.90532,36.02703],[128.90837,36.01819],[128.91033,36.01578],[128.91058,36.01508],[128.91071,36.01449],[128.91069,36.01349],[128.91045,36.01062],[128.91015,36.01008],[128.90987,36.0093],[128.90913,36.00714],[128.90899,36.00655],[128.90904,36.00599],[128.90907,36.00564],[128.90937,36.00475],[128.90802,36.00289],[128.90667,36.00093],[128.90625,36.00024],[128.90612,36.00042],[128.90606,36.00047],[128.90585,36.00056],[128.90453,36.00109],[128.90441,36.0011],[128.90434,36.00109],[128.90416,36.00102],[128.90402,36.00097],[128.90386,36.00087],[128.90367,36.00067],[128.90353,36.00047],[128.90341,36.00027],[128.90325,36.00005],[128.90253,35.99939],[128.90229,35.99916],[128.90213,35.99905],[128.90202,35.99898],[128.89732,35.99603],[128.89447,35.99827],[128.89431,35.99841],[128.89393,35.99882],[128.89386,35.99901],[128.8938,35.99928],[128.89368,36.00147],[128.8936,36.0031],[128.8936,36.00321],[128.89357,36.0034],[128.89303,36.00522],[128.89224,36.00518],[128.89052,36.00497],[128.88824,36.00503],[128.88801,36.00522],[128.88779,36.00566],[128.88782,36.00604],[128.88783,36.00657],[128.88775,36.00695],[128.88738,36.00705],[128.88431,36.0052],[128.88357,36.0036],[128.88345,36.00328],[128.88458,36.00258],[128.88504,36.00206],[128.88636,36.00013],[128.8864,36.00007],[128.88641,35.99997],[128.88642,35.99985],[128.88641,35.99961],[128.88639,35.99958],[128.88635,35.99956],[128.88127,35.99907],[128.87842,35.99946],[128.87645,36.00034],[128.87275,36.00126],[128.87261,36.00126],[128.87256,36.00124],[128.87253,36.00123],[128.87048,35.99955],[128.87039,35.99946],[128.87026,35.99926],[128.87023,35.99911],[128.87024,35.99901],[128.87028,35.99879],[128.87066,35.99745],[128.87122,35.99616],[128.87123,35.9961],[128.87121,35.99604],[128.87089,35.99571],[128.86913,35.99503],[128.8691,35.99505],[128.8679,35.9957],[128.86768,35.99582],[128.8673,35.99604],[128.86702,35.99622],[128.86686,35.99634],[128.86679,35.99644],[128.86669,35.9966],[128.86662,35.99675],[128.86648,35.99709],[128.86631,35.99737],[128.86603,35.99772],[128.86581,35.99794],[128.86546,35.99824],[128.86521,35.99844],[128.86453,35.99895],[128.86443,35.99901],[128.8635,35.99938],[128.86328,35.99946],[128.863,35.99949],[128.86287,35.99949],[128.85941,36.00019],[128.8551,36.00268],[128.85458,36.00299],[128.85449,36.00305],[128.85435,36.00316],[128.85375,36.00393],[128.85352,36.00422],[128.85227,36.00584],[128.85212,36.00608],[128.85185,36.00651],[128.85131,36.00731],[128.85119,36.00745],[128.85095,36.00766],[128.84958,36.00879],[128.84831,36.00978],[128.84814,36.00991],[128.84647,36.01098],[128.84634,36.01105],[128.84554,36.01141],[128.84536,36.01144],[128.84503,36.01141],[128.84443,36.01122],[128.84421,36.01111],[128.8407,36.01107],[128.83625,36.01167],[128.83584,36.01175],[128.83573,36.01182],[128.83567,36.01199],[128.83571,36.01216],[128.83577,36.0123],[128.83583,36.01236],[128.83699,36.01303],[128.84082,36.01531],[128.84097,36.01542],[128.84136,36.01574],[128.84143,36.0159],[128.84147,36.01616],[128.84138,36.01648],[128.84119,36.01685],[128.84056,36.0171],[128.84017,36.01714],[128.83975,36.01713],[128.83893,36.01679],[128.83698,36.01651],[128.83674,36.01656],[128.8347,36.01753],[128.8339,36.01924],[128.83205,36.02211],[128.83059,36.02348],[128.8292,36.02403],[128.82864,36.0241],[128.82762,36.0241],[128.8271,36.024],[128.82463,36.02375],[128.82231,36.0236],[128.82121,36.02353],[128.8205,36.02352],[128.82049,36.02419],[128.81486,36.02288],[128.81412,36.02296],[128.81424,36.02358],[128.81404,36.02393],[128.812,36.02605],[128.80797,36.02975],[128.80794,36.02978],[128.80833,36.03117],[128.80891,36.03149],[128.80916,36.03258],[128.80922,36.03314],[128.80933,36.03432],[128.80877,36.03612],[128.80943,36.04089],[128.81002,36.04147],[128.8115,36.04291],[128.81224,36.04435],[128.81241,36.04574],[128.81192,36.04632],[128.81075,36.04685],[128.81248,36.04735],[128.81284,36.04746],[128.81311,36.04752],[128.81611,36.04762],[128.8169,36.04908],[128.81679,36.0525],[128.81712,36.05527],[128.81811,36.05709],[128.81899,36.05767],[128.82033,36.05765],[128.82054,36.05782],[128.8214,36.05956],[128.82186,36.06309],[128.82389,36.06726],[128.82378,36.06744],[128.82214,36.07009],[128.82171,36.0709],[128.81982,36.07774],[128.8202,36.08087],[128.82088,36.08284],[128.82075,36.08641],[128.81917,36.08965],[128.81822,36.0905],[128.81699,36.09099],[128.81663,36.09136],[128.81636,36.09228],[128.81689,36.09325],[128.818,36.09697],[128.81807,36.09719],[128.81821,36.09747],[128.8183,36.09762],[128.8185,36.09785],[128.81854,36.09789],[128.81882,36.09816],[128.82204,36.10042],[128.82215,36.1005],[128.82226,36.10054],[128.82471,36.10095],[128.82748,36.10137],[128.82762,36.10141],[128.82847,36.10194],[128.82865,36.10205],[128.82879,36.10217],[128.82894,36.10229],[128.82907,36.10239],[128.82941,36.10259],[128.82966,36.10269],[128.82985,36.10274],[128.83015,36.10276],[128.83029,36.10274],[128.83085,36.10262]]]]}},{"type":"Feature","properties":{"code":"47230340","name":"화북면","parent":"47230"},"geometry":{"type":"MultiPolygon","coordinates":[[[[128.98749,36.16796],[128.99509,36.16646],[128.99791,36.16417],[129.00214,36.16417],[129.00675,36.16338],[129.00676,36.16259],[129.00685,36.1617],[129.00685,36.16155],[129.00685,36.16134],[129.00683,36.1611],[129.00681,36.16094],[129.00676,36.16075],[129.0067,36.16052],[129.00657,36.16019],[129.00649,36.16002],[129.0064,36.15983],[129.00626,36.15957],[129.00611,36.1592],[129.00606,36.15898],[129.00604,36.15888],[129.00601,36.15803],[129.00613,36.1563],[129.00634,36.15554],[129.00647,36.15519],[129.00655,36.15501],[129.0066,36.1549],[129.00667,36.15479],[129.00702,36.15443],[129.00721,36.15424],[129.00787,36.1503],[129.00509,36.14859],[129.0049,36.14847],[129.00475,36.14836],[129.00467,36.14829],[129.00458,36.14822],[129.0045,36.14809],[129.00434,36.14781],[129.00427,36.14767],[129.00418,36.14739],[129.00417,36.14728],[129.00418,36.1472],[129.0042,36.14715],[129.00437,36.14695],[129.00455,36.14677],[129.0048,36.14649],[129.00499,36.14623],[129.00509,36.14606],[129.00518,36.14584],[129.00549,36.14463],[129.00507,36.14412],[129.00261,36.14208],[129.00143,36.14132],[129.00123,36.14119],[129.00039,36.1405],[128.9983,36.13857],[128.99825,36.13849],[128.99804,36.1376],[128.99808,36.13734],[128.99815,36.13715],[129.00034,36.13186],[129.00044,36.13174],[129.00063,36.13163],[129.00134,36.13123],[129.00142,36.13122],[129.00155,36.13122],[129.00184,36.13123],[129.00222,36.13118],[129.00255,36.1311],[129.00272,36.13106],[129.00295,36.13094],[129.00302,36.13089],[129.00309,36.13084],[129.00566,36.12869],[129.00583,36.12854],[129.00593,36.12844],[129.00607,36.12825],[129.00646,36.12766],[129.00654,36.12752],[129.00793,36.12377],[129.00797,36.12368],[129.00777,36.12319],[129.0077,36.12304],[129.00476,36.12122],[129.00465,36.12115],[129.00441,36.12104],[129.00298,36.12043],[129.00279,36.12044],[129.0026,36.12047],[129.00229,36.12058],[129.00182,36.12079],[129.00147,36.12094],[128.9991,36.12189],[128.99884,36.12195],[128.99729,36.1222],[128.99723,36.12218],[128.99709,36.12206],[128.99534,36.12118],[128.99296,36.12023],[128.99066,36.11971],[128.99059,36.11967],[128.98744,36.11763],[128.98617,36.11668],[128.98484,36.11564],[128.98468,36.11554],[128.98458,36.11549],[128.98445,36.11545],[128.98347,36.11516],[128.98324,36.11514],[128.98305,36.11515],[128.98265,36.1152],[128.98256,36.11522],[128.98235,36.11528],[128.98206,36.11538],[128.9814,36.11554],[128.97857,36.11561],[128.97843,36.1156],[128.97832,36.11558],[128.97804,36.1155],[128.97732,36.11527],[128.97723,36.11522],[128.97715,36.11515],[128.97335,36.11148],[128.97282,36.11096],[128.97278,36.1109],[128.97277,36.11084],[128.97283,36.11057],[128.97349,36.10788],[128.97443,36.10413],[128.97447,36.10399],[128.97454,36.10383],[128.97462,36.10369],[128.97503,36.1033],[128.9754,36.10298],[128.97628,36.10191],[128.9769,36.10108],[128.97716,36.10037],[128.97717,36.10019],[128.97717,36.10006],[128.97709,36.09994],[128.97532,36.09858],[128.97489,36.09789],[128.97521,36.09664],[128.97471,36.09426],[128.9737,36.09157],[128.97076,36.08727],[128.96943,36.08686],[128.96722,36.08695],[128.96505,36.0861],[128.96347,36.0859],[128.96223,36.08567],[128.96088,36.08537],[128.95944,36.08492],[128.95637,36.08239],[128.9553,36.08074],[128.95498,36.07899],[128.95473,36.07849],[128.95426,36.07809],[128.954,36.07794],[128.94866,36.07513],[128.94769,36.07472],[128.94765,36.07471],[128.94758,36.07472],[128.94749,36.07477],[128.94743,36.07481],[128.94736,36.07487],[128.94718,36.07507],[128.945,36.07602],[128.94212,36.07616],[128.94079,36.07534],[128.94057,36.07492],[128.93988,36.07381],[128.93977,36.07369],[128.9395,36.07345],[128.93927,36.07328],[128.93904,36.07315],[128.93884,36.07309],[128.93692,36.07249],[128.93682,36.07247],[128.93667,36.07245],[128.93505,36.07236],[128.9345,36.07237],[128.9343,36.07237],[128.93407,36.07239],[128.93398,36.07241],[128.93385,36.07247],[128.93367,36.07257],[128.93347,36.0727],[128.9331,36.07298],[128.9329,36.07315],[128.93274,36.07326],[128.93264,36.07331],[128.93248,36.07335],[128.93114,36.07369],[128.92791,36.07421],[128.92778,36.07422],[128.92771,36.07421],[128.92746,36.07409],[128.92697,36.07385],[128.92636,36.0735],[128.9263,36.07345],[128.92626,36.07337],[128.92625,36.07326],[128.92622,36.07315],[128.92619,36.07306],[128.92613,36.07295],[128.92547,36.07215],[128.92543,36.0721],[128.92315,36.07099],[128.92302,36.07094],[128.92298,36.07093],[128.92293,36.07092],[128.92285,36.07092],[128.91775,36.07342],[128.9161,36.07426],[128.91595,36.07434],[128.91584,36.07441],[128.91571,36.07456],[128.91564,36.07465],[128.9156,36.0747],[128.91548,36.07489],[128.91519,36.07543],[128.91506,36.07573],[128.91501,36.07586],[128.91493,36.07621],[128.91491,36.07653],[128.91491,36.07676],[128.91488,36.0772],[128.91485,36.07759],[128.91472,36.07832],[128.91469,36.0784],[128.91458,36.07863],[128.91451,36.07871],[128.91438,36.07887],[128.91426,36.07899],[128.91413,36.07909],[128.91392,36.07924],[128.9138,36.07931],[128.91365,36.07938],[128.91299,36.07959],[128.91256,36.07971],[128.91246,36.07974],[128.91237,36.07981],[128.91226,36.07995],[128.91211,36.08023],[128.91158,36.08133],[128.9115,36.08162],[128.91142,36.08192],[128.91015,36.08492],[128.90853,36.08636],[128.9073,36.08966],[128.90737,36.09508],[128.90782,36.09821],[128.90786,36.09828],[128.90793,36.09838],[128.90832,36.09882],[128.90878,36.0994],[128.90885,36.09951],[128.90912,36.10008],[128.90914,36.10023],[128.90914,36.10034],[128.90907,36.10054],[128.90873,36.1013],[128.90868,36.10135],[128.90855,36.10147],[128.90796,36.10226],[128.90682,36.10439],[128.90678,36.1046],[128.90681,36.10486],[128.90684,36.10502],[128.9069,36.1051],[128.9071,36.10526],[128.90734,36.10542],[128.9074,36.1055],[128.90741,36.10555],[128.90736,36.10565],[128.90691,36.10617],[128.90682,36.10625],[128.90374,36.10868],[128.90358,36.1088],[128.9034,36.10884],[128.90333,36.10883],[128.9032,36.10873],[128.90313,36.10861],[128.90309,36.10841],[128.90277,36.1081],[128.90226,36.10855],[128.89953,36.11144],[128.89946,36.11156],[128.89898,36.11282],[128.89897,36.11289],[128.89899,36.11295],[128.89905,36.11364],[128.89872,36.11456],[128.89835,36.11517],[128.89825,36.1153],[128.89714,36.1164],[128.89526,36.11789],[128.89557,36.12033],[128.89409,36.12308],[128.89272,36.1241],[128.8926,36.1242],[128.89249,36.12432],[128.89064,36.12715],[128.89026,36.12789],[128.89022,36.12799],[128.89022,36.12803],[128.89123,36.13003],[128.89206,36.13142],[128.89215,36.13151],[128.89225,36.13158],[128.89234,36.13162],[128.89259,36.13175],[128.89274,36.13187],[128.89283,36.13196],[128.89463,36.13369],[128.89486,36.134],[128.89785,36.13843],[128.89595,36.14198],[128.89568,36.1422],[128.89443,36.14315],[128.89433,36.14322],[128.89419,36.1433],[128.89404,36.14338],[128.89341,36.14363],[128.89321,36.14367],[128.89151,36.14339],[128.89026,36.14614],[128.89023,36.14625],[128.89018,36.14656],[128.89017,36.14689],[128.89017,36.14713],[128.89019,36.14724],[128.8912,36.15028],[128.8925,36.15554],[128.89443,36.1583],[128.89476,36.15868],[128.89599,36.15992],[128.89617,36.16],[128.89653,36.16005],[128.89687,36.16006],[128.89728,36.16027],[128.8999,36.16229],[128.90002,36.16241],[128.90009,36.1625],[128.90009,36.16255],[128.89893,36.16419],[128.89878,36.16437],[128.89827,36.1649],[128.89804,36.16512],[128.89792,36.16523],[128.89774,36.16533],[128.89733,36.16557],[128.89712,36.16579],[128.89691,36.16601],[128.89523,36.16792],[128.89426,36.16917],[128.89418,36.16932],[128.89418,36.16953],[128.89515,36.17261],[128.89524,36.1727],[128.89532,36.17279],[128.89605,36.17344],[128.89642,36.17527],[128.89652,36.17556],[128.89685,36.17642],[128.89695,36.17654],[128.89714,36.1766],[128.89774,36.17678],[128.89796,36.17681],[128.89879,36.17685],[128.89902,36.17685],[128.90137,36.17713],[128.90416,36.17752],[128.90445,36.17758],[128.90555,36.17782],[128.9057,36.17785],[128.90591,36.17797],[128.90595,36.17799],[128.90606,36.17809],[128.90615,36.1782],[128.90629,36.17858],[128.90634,36.17875],[128.90644,36.17897],[128.90672,36.17954],[128.90681,36.17965],[128.90692,36.17972],[128.90909,36.18071],[128.90988,36.18085],[128.91344,36.18125],[128.91451,36.18096],[128.9162,36.18191],[128.91848,36.18326],[128.91864,36.18336],[128.91872,36.18346],[128.91879,36.1838],[128.91884,36.18408],[128.91884,36.1842],[128.91887,36.18445],[128.91893,36.18463],[128.91903,36.18484],[128.91931,36.18541],[128.91934,36.18544],[128.91945,36.18544],[128.92062,36.18496],[128.92076,36.18488],[128.921,36.18474],[128.92142,36.18443],[128.92153,36.18432],[128.92169,36.18403],[128.92204,36.18339],[128.92274,36.18334],[128.92293,36.18331],[128.92311,36.18327],[128.92329,36.1832],[128.9236,36.18303],[128.9238,36.18291],[128.92403,36.18277],[128.92414,36.1827],[128.92431,36.18257],[128.92448,36.18243],[128.92482,36.18214],[128.92492,36.18202],[128.92504,36.18184],[128.92513,36.18168],[128.92522,36.18151],[128.92535,36.18124],[128.92538,36.18116],[128.92543,36.18107],[128.92558,36.18081],[128.92563,36.18076],[128.92573,36.18069],[128.9259,36.18061],[128.92784,36.17986],[128.92795,36.17982],[128.92807,36.17979],[128.92816,36.17978],[128.93622,36.17891],[128.93641,36.17905],[128.93695,36.17943],[128.93702,36.17947],[128.93706,36.17948],[128.93711,36.17947],[128.93822,36.17891],[128.93828,36.17887],[128.94086,36.17721],[128.94181,36.17589],[128.94192,36.17564],[128.94332,36.17385],[128.94339,36.17377],[128.94351,36.17375],[128.94401,36.17365],[128.94461,36.17348],[128.94525,36.17323],[128.94559,36.17305],[128.94774,36.17172],[128.9478,36.17167],[128.94797,36.1715],[128.94818,36.17123],[128.94838,36.17092],[128.94889,36.17016],[128.94969,36.16897],[128.94981,36.16887],[128.94989,36.16883],[128.95115,36.16856],[128.95612,36.16763],[128.95923,36.16715],[128.96025,36.16706],[128.96228,36.16634],[128.96239,36.16628],[128.96263,36.16612],[128.96278,36.16598],[128.96315,36.16558],[128.96328,36.16541],[128.96345,36.16515],[128.96367,36.16474],[128.96381,36.16446],[128.96387,36.16428],[128.96395,36.1641],[128.96405,36.16397],[128.96417,36.16388],[128.96818,36.16149],[128.96828,36.16144],[128.96855,36.16133],[128.96891,36.16118],[128.96939,36.16104],[128.96967,36.16096],[128.97024,36.16083],[128.97087,36.16075],[128.97363,36.16076],[128.97376,36.16078],[128.97385,36.16083],[128.97388,36.16086],[128.9751,36.16252],[128.97625,36.16408],[128.9765,36.16445],[128.9766,36.16458],[128.97664,36.16464],[128.97669,36.16469],[128.97675,36.16474],[128.97819,36.16584],[128.97833,36.16594],[128.97845,36.16599],[128.97871,36.16608],[128.98316,36.16759],[128.98371,36.16777],[128.98426,36.1679],[128.98454,36.16795],[128.98615,36.1682],[128.98626,36.16821],[128.98749,36.16796]]]]}},{"type":"Feature","properties":{"code":"47230350","name":"화남면","parent":"47230"},"geometry":{"type":"MultiPolygon","coordinates":[[[[128.89151,36.14339],[128.89321,36.14367],[128.89341,36.14363],[128.89404,36.14338],[128.89419,36.1433],[128.89433,36.14322],[128.89443,36.14315],[128.89568,36.1422],[128.89595,36.14198],[128.89785,36.13843],[128.89486,36.134],[128.89463,36.13369],[128.89283,36.13196],[128.89274,36.13187],[128.89259,36.13175],[128.89234,36.13162],[128.89225,36.13158],[128.89215,36.13151],[128.89206,36.13142],[128.89123,36.13003],[128.89022,36.12803],[128.89022,36.12799],[128.89026,36.12789],[128.89064,36.12715],[128.89249,36.12432],[128.8926,36.1242],[128.89272,36.1241],[128.89409,36.12308],[128.89557,36.12033],[128.89526,36.11789],[128.89714,36.1164],[128.89825,36.1153],[128.89835,36.11517],[128.89872,36.11456],[128.89905,36.11364],[128.89899,36.11295],[128.89897,36.11289],[128.89898,36.11282],[128.89946,36.11156],[128.89953,36.11144],[128.90226,36.10855],[128.90277,36.1081],[128.90309,36.10841],[128.90313,36.10861],[128.9032,36.10873],[128.90333,36.10883],[128.9034,36.10884],[128.90358,36.1088],[128.90374,36.10868],[128.90682,36.10625],[128.90691,36.10617],[128.90736,36.10565],[128.90741,36.10555],[128.9074,36.1055],[128.90734,36.10542],[128.9071,36.10526],[128.9069,36.1051],[128.90684,36.10502],[128.90681,36.10486],[128.90678,36.1046],[128.90682,36.10439],[128.90796,36.10226],[128.90855,36.10147],[128.90868,36.10135],[128.90873,36.1013],[128.90907,36.10054],[128.90914,36.10034],[128.90914,36.10023],[128.90912,36.10008],[128.90885,36.09951],[128.90878,36.0994],[128.90832,36.09882],[128.90793,36.09838],[128.90786,36.09828],[128.90782,36.09821],[128.90737,36.09508],[128.9073,36.08966],[128.90853,36.08636],[128.91015,36.08492],[128.91142,36.08192],[128.9115,36.08162],[128.91158,36.08133],[128.91211,36.08023],[128.91226,36.07995],[128.91237,36.07981],[128.91246,36.07974],[128.91256,36.07971],[128.91299,36.07959],[128.91365,36.07938],[128.9138,36.07931],[128.91392,36.07924],[128.91413,36.07909],[128.91426,36.07899],[128.91438,36.07887],[128.91451,36.07871],[128.91458,36.07863],[128.91469,36.0784],[128.91472,36.07832],[128.91485,36.07759],[128.91488,36.0772],[128.91491,36.07676],[128.91491,36.07653],[128.91493,36.07621],[128.91501,36.07586],[128.91506,36.07573],[128.91519,36.07543],[128.91548,36.07489],[128.9156,36.0747],[128.91564,36.07465],[128.91571,36.07456],[128.91584,36.07441],[128.91595,36.07434],[128.9161,36.07426],[128.91775,36.07342],[128.92285,36.07092],[128.92293,36.07092],[128.92298,36.07093],[128.92302,36.07094],[128.92315,36.07099],[128.92543,36.0721],[128.92547,36.07215],[128.92613,36.07295],[128.92619,36.07306],[128.92622,36.07315],[128.92625,36.07326],[128.92626,36.07337],[128.9263,36.07345],[128.92636,36.0735],[128.92697,36.07385],[128.92746,36.07409],[128.92771,36.07421],[128.92778,36.07422],[128.92791,36.07421],[128.93114,36.07369],[128.93248,36.07335],[128.93264,36.07331],[128.93274,36.07326],[128.9329,36.07315],[128.9331,36.07298],[128.93347,36.0727],[128.93367,36.07257],[128.93385,36.07247],[128.93398,36.07241],[128.93407,36.07239],[128.9343,36.07237],[128.9345,36.07237],[128.93505,36.07236],[128.93667,36.07245],[128.93682,36.07247],[128.93692,36.07249],[128.93884,36.07309],[128.93904,36.07315],[128.93927,36.07328],[128.9395,36.07345],[128.93977,36.07369],[128.93988,36.07381],[128.94057,36.07492],[128.94079,36.07534],[128.94212,36.07616],[128.945,36.07602],[128.94718,36.07507],[128.94736,36.07487],[128.94743,36.07481],[128.94749,36.07477],[128.94758,36.07472],[128.94765,36.07471],[128.94769,36.07472],[128.94866,36.07513],[128.954,36.07794],[128.95426,36.07809],[128.95473,36.07849],[128.95498,36.07899],[128.9553,36.08074],[128.95637,36.08239],[128.95944,36.08492],[128.96088,36.08537],[128.96223,36.08567],[128.96347,36.0859],[128.96505,36.0861],[128.96593,36.08139],[128.96714,36.08027],[128.96703,36.07808],[128.96723,36.07549],[128.9696,36.07392],[128.97138,36.07286],[128.97277,36.0699],[128.97272,36.06981],[128.97139,36.06775],[128.97156,36.06722],[128.97233,36.06519],[128.97209,36.06326],[128.97103,36.06125],[128.97133,36.06029],[128.97213,36.059],[128.97289,36.05839],[128.97197,36.05622],[128.96914,36.05585],[128.96796,36.05541],[128.96767,36.05434],[128.96778,36.05398],[128.96815,36.05363],[128.96776,36.05307],[128.96708,36.05205],[128.96624,36.05157],[128.96211,36.04929],[128.96151,36.04908],[128.96004,36.04953],[128.95981,36.04955],[128.95873,36.04888],[128.95848,36.04859],[128.95877,36.0481],[128.9593,36.04699],[128.95989,36.04557],[128.9599,36.04553],[128.95952,36.04352],[128.95912,36.04267],[128.95879,36.04246],[128.95742,36.041],[128.95575,36.03884],[128.95611,36.03821],[128.95452,36.03817],[128.95401,36.03862],[128.95366,36.03883],[128.95328,36.03894],[128.95286,36.03879],[128.95141,36.03808],[128.9502,36.03737],[128.94872,36.03729],[128.94702,36.03727],[128.94555,36.03736],[128.94536,36.03733],[128.94525,36.03729],[128.94426,36.03436],[128.94424,36.03373],[128.94411,36.03356],[128.94164,36.03317],[128.93937,36.033],[128.93654,36.02912],[128.93483,36.02631],[128.93521,36.02539],[128.93536,36.02479],[128.93535,36.02262],[128.93514,36.02243],[128.93416,36.02185],[128.93341,36.02142],[128.93141,36.02109],[128.93046,36.02109],[128.92956,36.02112],[128.92944,36.0216],[128.92881,36.0224],[128.92758,36.02372],[128.92485,36.02647],[128.92461,36.02677],[128.92467,36.02737],[128.92492,36.0283],[128.92504,36.02903],[128.925,36.02996],[128.92482,36.03115],[128.92445,36.03225],[128.92291,36.03458],[128.92215,36.03524],[128.92,36.03707],[128.91909,36.03739],[128.91695,36.03753],[128.91687,36.03752],[128.91499,36.0373],[128.91329,36.03677],[128.91176,36.03621],[128.91134,36.03611],[128.91045,36.03592],[128.90918,36.03608],[128.90723,36.03645],[128.90541,36.03688],[128.90471,36.03726],[128.90374,36.03711],[128.90301,36.03666],[128.9027,36.03694],[128.90254,36.03706],[128.90237,36.03715],[128.90079,36.03795],[128.89678,36.03961],[128.88987,36.04208],[128.88607,36.04277],[128.88601,36.04247],[128.88592,36.04221],[128.88581,36.04205],[128.8857,36.04197],[128.88236,36.04157],[128.88225,36.04157],[128.88208,36.04157],[128.87998,36.04174],[128.87961,36.04178],[128.87891,36.04189],[128.87868,36.04196],[128.87827,36.04207],[128.87794,36.04218],[128.87779,36.04225],[128.87766,36.04238],[128.87756,36.04247],[128.87748,36.04266],[128.87738,36.04293],[128.87707,36.04426],[128.87685,36.04529],[128.87685,36.04539],[128.87679,36.0455],[128.87632,36.04628],[128.87607,36.04668],[128.87533,36.04742],[128.87525,36.04749],[128.87521,36.0475],[128.87215,36.04876],[128.87151,36.05034],[128.87144,36.05049],[128.8704,36.05213],[128.87035,36.05221],[128.87017,36.05245],[128.86997,36.05265],[128.86952,36.05288],[128.86945,36.05291],[128.86938,36.05293],[128.86898,36.05298],[128.86884,36.05302],[128.86853,36.05314],[128.86818,36.0533],[128.86815,36.05332],[128.86797,36.05345],[128.86775,36.05364],[128.8676,36.0538],[128.86625,36.05575],[128.86623,36.05583],[128.86625,36.05592],[128.86705,36.05765],[128.86527,36.06053],[128.8652,36.0606],[128.86287,36.06168],[128.85925,36.06473],[128.85829,36.06553],[128.85796,36.06574],[128.85773,36.06582],[128.85638,36.06589],[128.85535,36.0656],[128.85515,36.06561],[128.85483,36.06574],[128.8517,36.06785],[128.84976,36.06938],[128.84954,36.06959],[128.84547,36.07347],[128.84547,36.07585],[128.84598,36.07749],[128.8461,36.0776],[128.84621,36.07774],[128.84645,36.07811],[128.84652,36.07826],[128.84656,36.07838],[128.84681,36.07925],[128.84683,36.07935],[128.84683,36.07944],[128.84679,36.07957],[128.84589,36.08238],[128.84566,36.08279],[128.84487,36.08366],[128.8439,36.08578],[128.8416,36.09133],[128.84157,36.09141],[128.84158,36.09153],[128.84159,36.09159],[128.84171,36.09181],[128.84191,36.09215],[128.84205,36.09236],[128.84229,36.09268],[128.84262,36.09315],[128.84291,36.0936],[128.84299,36.09373],[128.84299,36.0938],[128.84293,36.09402],[128.84163,36.09788],[128.84158,36.09796],[128.84147,36.09808],[128.84131,36.09818],[128.84115,36.09826],[128.8409,36.09838],[128.84058,36.09853],[128.84036,36.09862],[128.8397,36.09884],[128.83953,36.09886],[128.8394,36.09887],[128.83923,36.09887],[128.83909,36.09888],[128.83893,36.09892],[128.83868,36.099],[128.83803,36.09923],[128.83784,36.0993],[128.83771,36.09938],[128.83695,36.09989],[128.83671,36.10006],[128.83629,36.10042],[128.83085,36.10262],[128.83152,36.10387],[128.83165,36.10411],[128.83187,36.10444],[128.83215,36.10485],[128.83226,36.10497],[128.83253,36.10503],[128.83301,36.10506],[128.83374,36.10512],[128.83406,36.10515],[128.83452,36.10526],[128.83478,36.10533],[128.83506,36.10544],[128.83531,36.10558],[128.83568,36.10583],[128.83591,36.10607],[128.83624,36.10654],[128.8363,36.10664],[128.83684,36.10769],[128.83689,36.10791],[128.83691,36.10837],[128.83688,36.10992],[128.83693,36.11018],[128.83758,36.11245],[128.83766,36.11264],[128.83782,36.11288],[128.83797,36.11298],[128.8382,36.11307],[128.83869,36.11317],[128.83921,36.11326],[128.84383,36.11481],[128.84394,36.11503],[128.84473,36.1163],[128.84515,36.11686],[128.84534,36.11707],[128.84547,36.11715],[128.846,36.11731],[128.84626,36.11737],[128.84662,36.1174],[128.84695,36.1174],[128.84749,36.11742],[128.84787,36.11743],[128.84801,36.11744],[128.84822,36.1175],[128.8484,36.11758],[128.84872,36.11773],[128.84894,36.11786],[128.84908,36.11797],[128.85017,36.11887],[128.85027,36.119],[128.85063,36.11955],[128.85075,36.11974],[128.85104,36.12023],[128.85125,36.12063],[128.85151,36.12115],[128.85157,36.12137],[128.85161,36.12165],[128.85161,36.1218],[128.85157,36.12196],[128.85122,36.12305],[128.85297,36.12775],[128.85307,36.1284],[128.85307,36.12853],[128.85302,36.12888],[128.85268,36.1306],[128.85259,36.13096],[128.85216,36.13207],[128.85205,36.13232],[128.85199,36.13246],[128.85194,36.13252],[128.85184,36.13259],[128.85169,36.13267],[128.85155,36.13277],[128.85146,36.13286],[128.85077,36.13418],[128.85064,36.13445],[128.85053,36.13469],[128.85049,36.13485],[128.85047,36.13499],[128.85037,36.13687],[128.85038,36.13693],[128.85057,36.13757],[128.85063,36.13771],[128.85083,36.13819],[128.85091,36.13832],[128.85099,36.13843],[128.85107,36.13848],[128.85127,36.13859],[128.85146,36.13863],[128.8518,36.13867],[128.85243,36.13886],[128.85374,36.13962],[128.85431,36.13997],[128.85527,36.14061],[128.85552,36.1408],[128.85653,36.14173],[128.85659,36.14179],[128.85662,36.14185],[128.85666,36.14196],[128.85665,36.14204],[128.8566,36.14217],[128.85659,36.14223],[128.85659,36.14228],[128.85661,36.14232],[128.85862,36.14491],[128.85875,36.14505],[128.85883,36.14514],[128.8589,36.14521],[128.85899,36.14526],[128.8591,36.14531],[128.85921,36.14531],[128.85971,36.14529],[128.86006,36.14528],[128.86135,36.14515],[128.86322,36.14478],[128.86636,36.14479],[128.86839,36.14515],[128.86973,36.14423],[128.86988,36.14416],[128.87633,36.14235],[128.87643,36.14235],[128.8765,36.14236],[128.88529,36.14329],[128.88575,36.14308],[128.88638,36.14282],[128.8868,36.14268],[128.88701,36.14264],[128.8873,36.1426],[128.88753,36.14259],[128.88853,36.14261],[128.88892,36.14263],[128.88969,36.14272],[128.89027,36.14286],[128.89114,36.14322],[128.89151,36.14339]]]]}},{"type":"Feature","properties":{"code":"47230360","name":"자양면","parent":"47230"},"geometry":{"type":"MultiPolygon","coordinates":[[[[129.10444,36.11665],[129.10503,36.11422],[129.10502,36.11418],[129.10494,36.11394],[129.10473,36.11355],[129.1045,36.11323],[129.10122,36.10888],[129.1011,36.10877],[129.10089,36.10858],[129.09902,36.10708],[129.09709,36.10636],[129.09324,36.10466],[129.09321,36.10463],[129.09315,36.10455],[129.09311,36.10444],[129.09306,36.10432],[129.09257,36.10255],[129.09225,36.10125],[129.09224,36.10118],[129.09224,36.10112],[129.09253,36.09988],[129.09255,36.0998],[129.09259,36.09972],[129.09264,36.09965],[129.09269,36.0996],[129.09277,36.09954],[129.09289,36.09947],[129.09471,36.09773],[129.09777,36.09395],[129.09938,36.09168],[129.10005,36.09051],[129.1004,36.08972],[129.10079,36.08917],[129.1009,36.08908],[129.10441,36.08686],[129.10676,36.08592],[129.11076,36.08367],[129.11104,36.08348],[129.11125,36.0833],[129.11223,36.08233],[129.11226,36.08228],[129.11227,36.08224],[129.11222,36.08209],[129.1119,36.08146],[129.11182,36.08123],[129.11179,36.08112],[129.11177,36.08099],[129.11178,36.08067],[129.11182,36.08048],[129.112,36.07984],[129.11162,36.0784],[129.11102,36.07758],[129.11007,36.07672],[129.10901,36.07577],[129.10682,36.07439],[129.10484,36.07369],[129.10384,36.07371],[129.10254,36.07339],[129.10106,36.07202],[129.10092,36.07168],[129.10067,36.07103],[129.0978,36.06863],[129.09524,36.06744],[129.09336,36.06671],[129.09143,36.06669],[129.08859,36.06612],[129.08768,36.06496],[129.08749,36.06432],[129.08743,36.06351],[129.08687,36.06209],[129.08579,36.0604],[129.08434,36.05868],[129.08107,36.0553],[129.08086,36.05518],[129.08055,36.05529],[129.07993,36.05568],[129.07884,36.05607],[129.0778,36.05609],[129.07678,36.05603],[129.07354,36.05621],[129.06905,36.0573],[129.06847,36.05734],[129.06586,36.05697],[129.06236,36.05694],[129.05782,36.05759],[129.05358,36.0586],[129.0488,36.05827],[129.04301,36.05883],[129.03831,36.06034],[129.03463,36.06043],[129.03081,36.05989],[129.02883,36.05938],[129.02775,36.0597],[129.02772,36.05971],[129.02448,36.06215],[129.02166,36.06495],[129.0199,36.06505],[129.01959,36.06441],[129.01892,36.06356],[129.01099,36.06338],[129.00873,36.06373],[129.00609,36.06509],[129.00546,36.06601],[129.00389,36.06778],[129.00217,36.06853],[129.00094,36.06903],[129.00003,36.06924],[128.99634,36.07114],[128.99531,36.07211],[128.99529,36.07359],[128.99489,36.07556],[128.99311,36.07724],[128.99174,36.07789],[128.98812,36.07814],[128.98579,36.07813],[128.98352,36.0791],[128.98187,36.08121],[128.98084,36.08386],[128.98019,36.08595],[128.98065,36.08682],[128.98316,36.08944],[128.98387,36.09163],[128.98635,36.09436],[128.98555,36.09786],[128.98357,36.09983],[128.98176,36.09936],[128.97967,36.09927],[128.97815,36.09985],[128.97709,36.09994],[128.97717,36.10006],[128.97717,36.10019],[128.97716,36.10037],[128.9769,36.10108],[128.97628,36.10191],[128.9754,36.10298],[128.97503,36.1033],[128.97462,36.10369],[128.97454,36.10383],[128.97447,36.10399],[128.97443,36.10413],[128.97349,36.10788],[128.97283,36.11057],[128.97277,36.11084],[128.97278,36.1109],[128.97282,36.11096],[128.97335,36.11148],[128.97715,36.11515],[128.97723,36.11522],[128.97732,36.11527],[128.97804,36.1155],[128.97832,36.11558],[128.97843,36.1156],[128.97857,36.11561],[128.9814,36.11554],[128.98206,36.11538],[128.98235,36.11528],[128.98256,36.11522],[128.98265,36.1152],[128.98305,36.11515],[128.98324,36.11514],[128.98347,36.11516],[128.98445,36.11545],[128.98458,36.11549],[128.98468,36.11554],[128.98484,36.11564],[128.98617,36.11668],[128.98744,36.11763],[128.99059,36.11967],[128.99066,36.11971],[128.99296,36.12023],[128.99534,36.12118],[128.99709,36.12206],[128.99723,36.12218],[128.99729,36.1222],[128.99884,36.12195],[128.9991,36.12189],[129.00147,36.12094],[129.00182,36.12079],[129.00229,36.12058],[129.0026,36.12047],[129.00279,36.12044],[129.00298,36.12043],[129.00441,36.12104],[129.00465,36.12115],[129.00476,36.12122],[129.0077,36.12304],[129.00777,36.12319],[129.00797,36.12368],[129.00793,36.12377],[129.00654,36.12752],[129.00646,36.12766],[129.00607,36.12825],[129.00593,36.12844],[129.00583,36.12854],[129.00566,36.12869],[129.00309,36.13084],[129.00302,36.13089],[129.00295,36.13094],[129.00272,36.13106],[129.00255,36.1311],[129.00222,36.13118],[129.00184,36.13123],[129.00155,36.13122],[129.00142,36.13122],[129.00134,36.13123],[129.00063,36.13163],[129.00044,36.13174],[129.00034,36.13186],[128.99815,36.13715],[128.99808,36.13734],[128.99804,36.1376],[128.99825,36.13849],[128.9983,36.13857],[129.00039,36.1405],[129.00123,36.14119],[129.00143,36.14132],[129.00261,36.14208],[129.00507,36.14412],[129.00549,36.14463],[129.00518,36.14584],[129.00509,36.14606],[129.00499,36.14623],[129.0048,36.14649],[129.00455,36.14677],[129.00437,36.14695],[129.0042,36.14715],[129.00418,36.1472],[129.00417,36.14728],[129.00418,36.14739],[129.00427,36.14767],[129.00434,36.14781],[129.0045,36.14809],[129.00458,36.14822],[129.00467,36.14829],[129.00475,36.14836],[129.0049,36.14847],[129.00509,36.14859],[129.00787,36.1503],[129.00721,36.15424],[129.00702,36.15443],[129.00667,36.15479],[129.0066,36.1549],[129.00655,36.15501],[129.00647,36.15519],[129.00634,36.15554],[129.00613,36.1563],[129.00601,36.15803],[129.00604,36.15888],[129.00606,36.15898],[129.00611,36.1592],[129.00626,36.15957],[129.0064,36.15983],[129.00649,36.16002],[129.00657,36.16019],[129.0067,36.16052],[129.00676,36.16075],[129.00681,36.16094],[129.00683,36.1611],[129.00685,36.16134],[129.00685,36.16155],[129.00685,36.1617],[129.00676,36.16259],[129.00893,36.16281],[129.00924,36.16289],[129.00931,36.16291],[129.00946,36.16293],[129.00954,36.16294],[129.01224,36.16302],[129.01245,36.16302],[129.01263,36.163],[129.01277,36.16297],[129.01289,36.16295],[129.01336,36.16283],[129.01374,36.16273],[129.0138,36.16271],[129.01385,36.16268],[129.01391,36.16263],[129.0152,36.16178],[129.02014,36.16024],[129.02523,36.15905],[129.02538,36.15902],[129.02552,36.159],[129.02562,36.15901],[129.0257,36.15903],[129.0266,36.15936],[129.03032,36.16057],[129.03042,36.1606],[129.0305,36.16061],[129.03162,36.16064],[129.03184,36.16062],[129.03213,36.16058],[129.03254,36.16049],[129.03286,36.16038],[129.04024,36.15892],[129.0405,36.15888],[129.04064,36.15886],[129.04087,36.15885],[129.04111,36.15885],[129.0412,36.15887],[129.04129,36.15891],[129.0414,36.15898],[129.04149,36.15903],[129.04167,36.15911],[129.04177,36.15916],[129.04184,36.15919],[129.04187,36.1592],[129.04195,36.15921],[129.04205,36.15921],[129.04279,36.15917],[129.04288,36.15916],[129.04304,36.15911],[129.0434,36.15894],[129.0435,36.15887],[129.04364,36.15877],[129.04374,36.15868],[129.04445,36.15779],[129.04452,36.15767],[129.04482,36.15695],[129.04486,36.15686],[129.04492,36.15669],[129.04493,36.1566],[129.04491,36.15654],[129.04488,36.15648],[129.04476,36.15624],[129.04457,36.15584],[129.04436,36.15475],[129.04434,36.1546],[129.04435,36.15454],[129.04437,36.15448],[129.04544,36.15118],[129.04576,36.1511],[129.04852,36.15047],[129.04866,36.15044],[129.04876,36.15043],[129.04897,36.15045],[129.04913,36.1505],[129.04932,36.15057],[129.04956,36.15063],[129.04978,36.15066],[129.05025,36.15065],[129.05062,36.15063],[129.05097,36.15056],[129.05103,36.15055],[129.05161,36.15036],[129.0521,36.15018],[129.0536,36.14941],[129.05371,36.14933],[129.05385,36.14921],[129.05393,36.14912],[129.05397,36.14897],[129.05398,36.14883],[129.05395,36.14861],[129.05388,36.14837],[129.05374,36.14802],[129.05371,36.14789],[129.05372,36.14772],[129.05377,36.14765],[129.05465,36.14668],[129.05469,36.14663],[129.05483,36.14652],[129.05556,36.14593],[129.05562,36.14589],[129.05568,36.14585],[129.05916,36.144],[129.05924,36.14396],[129.05934,36.14394],[129.05939,36.14394],[129.05953,36.14396],[129.05971,36.14402],[129.06002,36.14415],[129.0602,36.14425],[129.06035,36.1443],[129.06047,36.1443],[129.06068,36.14428],[129.0608,36.14425],[129.06088,36.14421],[129.06157,36.14372],[129.06168,36.14363],[129.06169,36.14361],[129.06174,36.14352],[129.06349,36.14025],[129.06359,36.13998],[129.06374,36.13933],[129.06379,36.1391],[129.06386,36.13852],[129.06411,36.13641],[129.0641,36.13633],[129.06404,36.13627],[129.06386,36.13622],[129.06328,36.13615],[129.063,36.13613],[129.06102,36.13603],[129.05926,36.13537],[129.05663,36.13166],[129.0566,36.13157],[129.05661,36.1315],[129.05665,36.13139],[129.05674,36.13125],[129.05682,36.13116],[129.05743,36.13063],[129.05759,36.13052],[129.05944,36.12929],[129.05955,36.12923],[129.05966,36.12917],[129.05989,36.12907],[129.06008,36.12902],[129.06032,36.12898],[129.06048,36.12896],[129.06458,36.12578],[129.06604,36.12456],[129.06654,36.12411],[129.06927,36.12064],[129.06931,36.12054],[129.06922,36.12015],[129.06918,36.11994],[129.06895,36.11955],[129.0687,36.11921],[129.0686,36.11904],[129.06851,36.11888],[129.06841,36.11866],[129.06839,36.11854],[129.06839,36.11849],[129.06846,36.11839],[129.07131,36.11474],[129.07872,36.11159],[129.07878,36.11157],[129.07885,36.11158],[129.0789,36.1116],[129.07893,36.11163],[129.07898,36.11169],[129.08003,36.11318],[129.08019,36.11346],[129.08029,36.11367],[129.0804,36.11396],[129.08046,36.11418],[129.08054,36.1146],[129.08056,36.11471],[129.08064,36.11521],[129.08072,36.11572],[129.08074,36.11581],[129.08076,36.11592],[129.08081,36.11602],[129.0809,36.11616],[129.08114,36.11652],[129.0813,36.11669],[129.08137,36.11676],[129.08159,36.11697],[129.08186,36.11722],[129.08191,36.11724],[129.08402,36.11809],[129.08417,36.11814],[129.08431,36.11816],[129.08446,36.11818],[129.08461,36.11818],[129.08475,36.11817],[129.08489,36.11815],[129.08498,36.11813],[129.08636,36.11811],[129.08913,36.11858],[129.08925,36.1186],[129.08934,36.11863],[129.08944,36.11866],[129.08966,36.11877],[129.08989,36.11891],[129.09003,36.11903],[129.09019,36.11924],[129.09052,36.11971],[129.09059,36.11977],[129.09067,36.11982],[129.0908,36.11987],[129.09599,36.12144],[129.09617,36.12148],[129.09773,36.12185],[129.09783,36.12186],[129.09802,36.12183],[129.09829,36.12176],[129.09849,36.12168],[129.09879,36.12151],[129.09897,36.12139],[129.09932,36.12108],[129.09943,36.12096],[129.09954,36.12085],[129.09965,36.12074],[129.09986,36.12051],[129.10118,36.11904],[129.10273,36.11742],[129.10285,36.11732],[129.10303,36.11719],[129.10321,36.11707],[129.10338,36.117],[129.10367,36.11689],[129.10444,36.11665]]]]}},{"type":"Feature","properties":{"code":"47230370","name":"임고면","parent":"47230"},"geometry":{"type":"MultiPolygon","coordinates":[[[[129.112,36.07984],[129.11346,36.07966],[129.11994,36.07892],[129.12054,36.07893],[129.12297,36.07924],[129.12453,36.07995],[129.12513,36.08016],[129.12647,36.08049],[129.12883,36.08086],[129.12928,36.08055],[129.13152,36.07803],[129.13336,36.07489],[129.13454,36.07068],[129.13339,36.06884],[129.13419,36.06639],[129.13548,36.06582],[129.13569,36.06566],[129.13729,36.06295],[129.13787,36.06163],[129.14133,36.05802],[129.14411,36.05705],[129.14553,36.05674],[129.14597,36.0568],[129.14795,36.05737],[129.14926,36.05742],[129.15,36.0563],[129.15157,36.05484],[129.1508,36.05411],[129.15052,36.05383],[129.15042,36.05372],[129.14976,36.05288],[129.1497,36.05277],[129.14969,36.05273],[129.14967,36.05262],[129.14969,36.05254],[129.14977,36.05241],[129.14986,36.05231],[129.15041,36.05176],[129.15084,36.05139],[129.1511,36.05115],[129.15122,36.05096],[129.1514,36.05063],[129.15149,36.05039],[129.15148,36.05014],[129.15141,36.04979],[129.15134,36.04963],[129.15035,36.04856],[129.14898,36.04742],[129.14633,36.04552],[129.14625,36.04548],[129.14611,36.0454],[129.14601,36.04537],[129.14587,36.04533],[129.14409,36.04492],[129.13969,36.04319],[129.13889,36.04242],[129.13829,36.04173],[129.13825,36.04165],[129.13822,36.04159],[129.13809,36.04094],[129.13799,36.04034],[129.13797,36.04022],[129.13793,36.04011],[129.13695,36.03843],[129.13518,36.03563],[129.13495,36.03527],[129.13452,36.03466],[129.13438,36.03445],[129.13421,36.03424],[129.13233,36.0347],[129.13032,36.03492],[129.12532,36.0362],[129.12302,36.03748],[129.12152,36.03761],[129.12015,36.03877],[129.11846,36.04017],[129.11789,36.04051],[129.11752,36.04051],[129.11739,36.0404],[129.11718,36.04021],[129.11423,36.03708],[129.11391,36.03654],[129.11359,36.03563],[129.11343,36.03538],[129.11126,36.03463],[129.11027,36.03479],[129.10954,36.035],[129.10851,36.03539],[129.10809,36.03544],[129.10501,36.03549],[129.10221,36.03529],[129.09896,36.03389],[129.09855,36.03357],[129.09732,36.03224],[129.09639,36.03074],[129.09645,36.02808],[129.09678,36.02694],[129.09767,36.02616],[129.09812,36.0256],[129.09698,36.02468],[129.09161,36.02083],[129.0891,36.02008],[129.08773,36.02027],[129.08693,36.02091],[129.08492,36.02205],[129.0816,36.02317],[129.07742,36.02445],[129.07412,36.02537],[129.07232,36.02585],[129.07146,36.0261],[129.06915,36.02761],[129.06845,36.02808],[129.06775,36.02852],[129.06733,36.02865],[129.06673,36.02767],[129.06655,36.02759],[129.06538,36.02768],[129.06381,36.02805],[129.06146,36.02879],[129.06098,36.02914],[129.06,36.03053],[129.05952,36.03167],[129.0594,36.03234],[129.05914,36.03263],[129.05746,36.0336],[129.05717,36.03349],[129.05637,36.03248],[129.05607,36.03193],[129.05495,36.03162],[129.05464,36.03168],[129.05293,36.03227],[129.05161,36.03287],[129.04909,36.03244],[129.04905,36.03084],[129.04781,36.02996],[129.04472,36.02782],[129.04438,36.02768],[129.0426,36.02742],[129.03714,36.02971],[129.03645,36.03019],[129.03578,36.03008],[129.03482,36.02971],[129.03452,36.02943],[129.03416,36.02817],[129.03423,36.02735],[129.03437,36.02703],[129.0327,36.02584],[129.03135,36.02523],[129.02815,36.02403],[129.02392,36.0216],[129.02345,36.02151],[129.02336,36.0215],[129.0233,36.02152],[129.02246,36.02185],[129.02167,36.02165],[129.02124,36.02153],[129.02054,36.02104],[129.02017,36.0206],[129.0201,36.02051],[129.01959,36.01717],[129.0197,36.01608],[129.01983,36.0159],[129.0202,36.01553],[129.02064,36.01396],[129.0205,36.01357],[129.01958,36.01232],[129.01876,36.01178],[129.01821,36.01141],[129.01783,36.01142],[129.01712,36.01144],[129.01298,36.00993],[129.01197,36.00944],[129.00647,36.00507],[129.00462,36.00449],[128.99996,36.00354],[128.99907,36.00339],[128.99734,36.00401],[128.99644,36.00466],[128.99623,36.005],[128.9952,36.00525],[128.99395,36.00416],[128.99349,36.00343],[128.99299,36.0023],[128.99254,36.00103],[128.99208,36.00019],[128.99157,35.99952],[128.99096,35.99911],[128.98894,35.99814],[128.98747,35.99776],[128.98619,35.9978],[128.9855,35.99799],[128.98487,35.99837],[128.98466,35.99871],[128.98449,35.99898],[128.98385,36.0011],[128.98361,36.00363],[128.98356,36.00449],[128.9835,36.00574],[128.98325,36.00623],[128.98292,36.00647],[128.98175,36.00668],[128.98104,36.00667],[128.97806,36.0062],[128.97742,36.00605],[128.97711,36.00197],[128.97807,36.00046],[128.97899,35.99821],[128.97838,35.99419],[128.97827,35.99401],[128.97773,35.99376],[128.97759,35.99357],[128.97703,35.99223],[128.97699,35.99208],[128.9753,35.99145],[128.97402,35.99098],[128.9734,35.99057],[128.97287,35.99023],[128.97235,35.99019],[128.97178,35.99017],[128.97133,35.9903],[128.97091,35.99057],[128.97054,35.99088],[128.97024,35.99116],[128.97002,35.99157],[128.96963,35.99229],[128.96934,35.99237],[128.96898,35.99239],[128.96879,35.99232],[128.9684,35.99205],[128.96677,35.99052],[128.96635,35.99],[128.96554,35.98886],[128.9655,35.98889],[128.96547,35.98891],[128.96523,35.98907],[128.96476,35.98949],[128.96272,35.99259],[128.96147,35.99509],[128.96015,35.99799],[128.95988,35.99877],[128.95987,35.9989],[128.95982,35.99931],[128.96011,36.00003],[128.96051,36.00033],[128.96086,36.00065],[128.96179,36.0015],[128.96175,36.0018],[128.96032,36.00514],[128.96005,36.00567],[128.95958,36.00639],[128.95823,36.0089],[128.95727,36.01218],[128.95678,36.01546],[128.95671,36.01568],[128.95523,36.01745],[128.95495,36.01776],[128.95457,36.01803],[128.95493,36.02009],[128.95547,36.02127],[128.9563,36.0236],[128.95633,36.02385],[128.95581,36.0247],[128.95532,36.02685],[128.95532,36.02712],[128.95533,36.0285],[128.95543,36.0305],[128.95556,36.03092],[128.95633,36.03167],[128.95699,36.03423],[128.95699,36.03452],[128.95685,36.03694],[128.95611,36.03821],[128.95575,36.03884],[128.95742,36.041],[128.95879,36.04246],[128.95912,36.04267],[128.95952,36.04352],[128.9599,36.04553],[128.95989,36.04557],[128.9593,36.04699],[128.95877,36.0481],[128.95848,36.04859],[128.95873,36.04888],[128.95981,36.04955],[128.96004,36.04953],[128.96151,36.04908],[128.96211,36.04929],[128.96624,36.05157],[128.96708,36.05205],[128.96776,36.05307],[128.96815,36.05363],[128.96778,36.05398],[128.96767,36.05434],[128.96796,36.05541],[128.96914,36.05585],[128.97197,36.05622],[128.97289,36.05839],[128.97213,36.059],[128.97133,36.06029],[128.97103,36.06125],[128.97209,36.06326],[128.97233,36.06519],[128.97156,36.06722],[128.97139,36.06775],[128.97272,36.06981],[128.97277,36.0699],[128.97138,36.07286],[128.9696,36.07392],[128.96723,36.07549],[128.96703,36.07808],[128.96714,36.08027],[128.96593,36.08139],[128.96505,36.0861],[128.96722,36.08695],[128.96943,36.08686],[128.97076,36.08727],[128.9737,36.09157],[128.97471,36.09426],[128.97521,36.09664],[128.97489,36.09789],[128.97532,36.09858],[128.97709,36.09994],[128.97815,36.09985],[128.97967,36.09927],[128.98176,36.09936],[128.98357,36.09983],[128.98555,36.09786],[128.98635,36.09436],[128.98387,36.09163],[128.98316,36.08944],[128.98065,36.08682],[128.98019,36.08595],[128.98084,36.08386],[128.98187,36.08121],[128.98352,36.0791],[128.98579,36.07813],[128.98812,36.07814],[128.99174,36.07789],[128.99311,36.07724],[128.99489,36.07556],[128.99529,36.07359],[128.99531,36.07211],[128.99634,36.07114],[129.00003,36.06924],[129.00094,36.06903],[129.00217,36.06853],[129.00389,36.06778],[129.00546,36.06601],[129.00609,36.06509],[129.00873,36.06373],[129.01099,36.06338],[129.01892,36.06356],[129.01959,36.06441],[129.0199,36.06505],[129.02166,36.06495],[129.02448,36.06215],[129.02772,36.05971],[129.02775,36.0597],[129.02883,36.05938],[129.03081,36.05989],[129.03463,36.06043],[129.03831,36.06034],[129.04301,36.05883],[129.0488,36.05827],[129.05358,36.0586],[129.05782,36.05759],[129.06236,36.05694],[129.06586,36.05697],[129.06847,36.05734],[129.06905,36.0573],[129.07354,36.05621],[129.07678,36.05603],[129.0778,36.05609],[129.07884,36.05607],[129.07993,36.05568],[129.08055,36.05529],[129.08086,36.05518],[129.08107,36.0553],[129.08434,36.05868],[129.08579,36.0604],[129.08687,36.06209],[129.08743,36.06351],[129.08749,36.06432],[129.08768,36.06496],[129.08859,36.06612],[129.09143,36.06669],[129.09336,36.06671],[129.09524,36.06744],[129.0978,36.06863],[129.10067,36.07103],[129.10092,36.07168],[129.10106,36.07202],[129.10254,36.07339],[129.10384,36.07371],[129.10484,36.07369],[129.10682,36.07439],[129.10901,36.07577],[129.11007,36.07672],[129.11102,36.07758],[129.11162,36.0784],[129.112,36.07984]]]]}},{"type":"Feature","properties":{"code":"47230380","name":"고경면","parent":"47230"},"geometry":{"type":"MultiPolygon","coordinates":[[[[129.13421,36.03424],[129.13564,36.032],[129.14037,36.02468],[129.14097,36.02358],[129.14163,36.02181],[129.14262,36.01764],[129.14429,36.01152],[129.14429,36.01143],[129.14427,36.01134],[129.14422,36.01122],[129.14409,36.01102],[129.14338,36.01014],[129.14312,36.00994],[129.14285,36.00977],[129.14267,36.00969],[129.14234,36.00955],[129.13484,36.00645],[129.13252,36.00576],[129.1273,36.00539],[129.12713,36.00538],[129.12705,36.00539],[129.12694,36.00541],[129.12338,36.00654],[129.12289,36.00676],[129.12272,36.00684],[129.12258,36.00693],[129.122,36.00734],[129.12144,36.00773],[129.12049,36.0085],[129.11976,36.00945],[129.11952,36.00974],[129.1168,36.01255],[129.11667,36.01262],[129.11647,36.01267],[129.11624,36.01267],[129.11503,36.01255],[129.11483,36.0125],[129.11471,36.01245],[129.11446,36.01223],[129.11436,36.0121],[129.11239,36.00911],[129.11046,36.00479],[129.11162,36.00324],[129.11293,36.0015],[129.11301,36.00139],[129.11325,36.00073],[129.11325,36.0007],[129.11323,36.00067],[129.11309,36.0006],[129.1129,36.00054],[129.11269,36.00044],[129.11251,36.00032],[129.11242,36.00025],[129.11235,36.00017],[129.11154,35.99916],[129.11143,35.99901],[129.11122,35.9987],[129.11089,35.99819],[129.11082,35.99798],[129.11076,35.99777],[129.1107,35.99752],[129.11058,35.99702],[129.11057,35.99685],[129.11057,35.99674],[129.1106,35.99667],[129.1109,35.99583],[129.11264,35.99131],[129.11472,35.98789],[129.11482,35.98785],[129.11491,35.98781],[129.11519,35.98763],[129.11563,35.98732],[129.11579,35.98721],[129.11588,35.98712],[129.11615,35.98684],[129.11633,35.98662],[129.11665,35.98621],[129.11699,35.98576],[129.11708,35.98563],[129.11714,35.98553],[129.11718,35.98542],[129.11722,35.9853],[129.11722,35.98518],[129.11717,35.9848],[129.11718,35.98186],[129.11722,35.97929],[129.11735,35.97764],[129.11758,35.97626],[129.11798,35.97486],[129.11809,35.97412],[129.11797,35.96742],[129.11748,35.96601],[129.11722,35.96296],[129.1173,35.96135],[129.11735,35.96112],[129.11746,35.96079],[129.11762,35.96035],[129.1177,35.96017],[129.11778,35.96006],[129.11879,35.95865],[129.11892,35.95857],[129.11913,35.95852],[129.11925,35.95851],[129.11938,35.95846],[129.11942,35.95844],[129.11947,35.9584],[129.12004,35.95781],[129.12015,35.95766],[129.12114,35.95632],[129.12335,35.95309],[129.12491,35.95075],[129.12495,35.9507],[129.12504,35.95062],[129.12511,35.95057],[129.12523,35.95053],[129.12537,35.95049],[129.1256,35.95044],[129.12579,35.95041],[129.12596,35.95039],[129.12602,35.95039],[129.12624,35.95038],[129.12654,35.95035],[129.12668,35.9503],[129.12727,35.95003],[129.12733,35.94999],[129.12738,35.94993],[129.12739,35.94987],[129.12815,35.94396],[129.12849,35.94038],[129.12838,35.93879],[129.12838,35.93873],[129.12839,35.93868],[129.12844,35.93862],[129.12859,35.93853],[129.12878,35.93843],[129.12929,35.93824],[129.13024,35.93799],[129.13049,35.93792],[129.13133,35.93774],[129.13153,35.9377],[129.13168,35.93769],[129.13175,35.93767],[129.13192,35.93762],[129.13205,35.93756],[129.13216,35.93748],[129.13234,35.93728],[129.13256,35.93702],[129.13271,35.93681],[129.13288,35.93657],[129.13446,35.93421],[129.13451,35.93409],[129.13485,35.93297],[129.13487,35.93282],[129.13484,35.93166],[129.13308,35.92718],[129.13202,35.92516],[129.13094,35.92403],[129.12737,35.9218],[129.12673,35.92154],[129.12628,35.92161],[129.12465,35.92229],[129.12416,35.92283],[129.12376,35.9228],[129.12251,35.92268],[129.12116,35.92223],[129.11927,35.9201],[129.11858,35.91926],[129.11865,35.91776],[129.11854,35.91705],[129.11694,35.91683],[129.11525,35.917],[129.11393,35.9179],[129.11382,35.91838],[129.11406,35.91892],[129.11477,35.91964],[129.11454,35.92143],[129.11387,35.92321],[129.10987,35.92984],[129.10527,35.93419],[129.10066,35.93767],[129.09457,35.94069],[129.09327,35.94037],[129.09251,35.93978],[129.09117,35.93913],[129.08963,35.93859],[129.08684,35.93899],[129.08314,35.93831],[129.08201,35.93745],[129.08193,35.93752],[129.08131,35.93801],[129.07891,35.94055],[129.07891,35.941],[129.07852,35.9418],[129.07603,35.94212],[129.07493,35.94211],[129.07322,35.94206],[129.07201,35.94273],[129.07106,35.94254],[129.0671,35.94227],[129.06546,35.94149],[129.06477,35.94085],[129.06405,35.93978],[129.06291,35.93801],[129.0617,35.93989],[129.06063,35.94023],[129.05967,35.94014],[129.05927,35.93996],[129.0583,35.94002],[129.05624,35.94196],[129.05569,35.94289],[129.05574,35.94328],[129.0557,35.94334],[129.0548,35.94449],[129.05344,35.94572],[129.05278,35.94614],[129.04942,35.94644],[129.04755,35.94575],[129.04346,35.94371],[129.04303,35.94316],[129.04282,35.94273],[129.04236,35.94207],[129.03776,35.94435],[129.03744,35.94455],[129.03718,35.94484],[129.03719,35.94533],[129.03704,35.94566],[129.03609,35.94641],[129.03419,35.94732],[129.03195,35.94826],[129.03001,35.94763],[129.02339,35.94949],[129.02148,35.95024],[129.01694,35.95127],[129.01636,35.95107],[129.01506,35.9504],[129.01488,35.95021],[129.01412,35.94912],[129.01294,35.94793],[129.01182,35.94684],[129.0092,35.94558],[129.00775,35.94516],[129.00735,35.945],[129.00725,35.94455],[129.00675,35.94337],[129.0054,35.94233],[129.0043,35.94181],[129.00423,35.94181],[129.0041,35.94181],[129.00365,35.94236],[129.00309,35.94376],[129.0022,35.94543],[129.00147,35.94663],[129.00069,35.94702],[128.99989,35.94716],[128.99814,35.94802],[128.99691,35.95096],[128.99682,35.95163],[128.99665,35.95219],[128.9947,35.95398],[128.99228,35.95617],[128.99118,35.95671],[128.98995,35.95691],[128.98928,35.95692],[128.98758,35.95612],[128.98624,35.95825],[128.9839,35.95881],[128.98308,35.95868],[128.98257,35.95872],[128.98189,35.95908],[128.98108,35.96019],[128.98057,35.96124],[128.98053,35.96202],[128.98065,35.96263],[128.97985,35.9641],[128.97952,35.96438],[128.9787,35.96439],[128.97764,35.96513],[128.9759,35.96671],[128.9718,35.96919],[128.97143,35.9693],[128.97098,35.9694],[128.97045,35.96952],[128.97042,35.96952],[128.97037,35.96953],[128.96884,35.97123],[128.96815,35.97227],[128.96681,35.9771],[128.96713,35.97917],[128.96801,35.98076],[128.96888,35.98197],[128.96927,35.9823],[128.96974,35.98242],[128.97252,35.98299],[128.97473,35.98555],[128.97518,35.98642],[128.97484,35.98733],[128.97567,35.98951],[128.97699,35.99208],[128.97703,35.99223],[128.97759,35.99357],[128.97773,35.99376],[128.97827,35.99401],[128.97838,35.99419],[128.97899,35.99821],[128.97807,36.00046],[128.97711,36.00197],[128.97742,36.00605],[128.97806,36.0062],[128.98104,36.00667],[128.98175,36.00668],[128.98292,36.00647],[128.98325,36.00623],[128.9835,36.00574],[128.98356,36.00449],[128.98361,36.00363],[128.98385,36.0011],[128.98449,35.99898],[128.98466,35.99871],[128.98487,35.99837],[128.9855,35.99799],[128.98619,35.9978],[128.98747,35.99776],[128.98894,35.99814],[128.99096,35.99911],[128.99157,35.99952],[128.99208,36.00019],[128.99254,36.00103],[128.99299,36.0023],[128.99349,36.00343],[128.99395,36.00416],[128.9952,36.00525],[128.99623,36.005],[128.99644,36.00466],[128.99734,36.00401],[128.99907,36.00339],[128.99996,36.00354],[129.00462,36.00449],[129.00647,36.00507],[129.01197,36.00944],[129.01298,36.00993],[129.01712,36.01144],[129.01783,36.01142],[129.01821,36.01141],[129.01876,36.01178],[129.01958,36.01232],[129.0205,36.01357],[129.02064,36.01396],[129.0202,36.01553],[129.01983,36.0159],[129.0197,36.01608],[129.01959,36.01717],[129.0201,36.02051],[129.02017,36.0206],[129.02054,36.02104],[129.02124,36.02153],[129.02167,36.02165],[129.02246,36.02185],[129.0233,36.02152],[129.02336,36.0215],[129.02345,36.02151],[129.02392,36.0216],[129.02815,36.02403],[129.03135,36.02523],[129.0327,36.02584],[129.03437,36.02703],[129.03423,36.02735],[129.03416,36.02817],[129.03452,36.02943],[129.03482,36.02971],[129.03578,36.03008],[129.03645,36.03019],[129.03714,36.02971],[129.0426,36.02742],[129.04438,36.02768],[129.04472,36.02782],[129.04781,36.02996],[129.04905,36.03084],[129.04909,36.03244],[129.05161,36.03287],[129.05293,36.03227],[129.05464,36.03168],[129.05495,36.03162],[129.05607,36.03193],[129.05637,36.03248],[129.05717,36.03349],[129.05746,36.0336],[129.05914,36.03263],[129.0594,36.03234],[129.05952,36.03167],[129.06,36.03053],[129.06098,36.02914],[129.06146,36.02879],[129.06381,36.02805],[129.06538,36.02768],[129.06655,36.02759],[129.06673,36.02767],[129.06733,36.02865],[129.06775,36.02852],[129.06845,36.02808],[129.06915,36.02761],[129.07146,36.0261],[129.07232,36.02585],[129.07412,36.02537],[129.07742,36.02445],[129.0816,36.02317],[129.08492,36.02205],[129.08693,36.02091],[129.08773,36.02027],[129.0891,36.02008],[129.09161,36.02083],[129.09698,36.02468],[129.09812,36.0256],[129.09767,36.02616],[129.09678,36.02694],[129.09645,36.02808],[129.09639,36.03074],[129.09732,36.03224],[129.09855,36.03357],[129.09896,36.03389],[129.10221,36.03529],[129.10501,36.03549],[129.10809,36.03544],[129.10851,36.03539],[129.10954,36.035],[129.11027,36.03479],[129.11126,36.03463],[129.11343,36.03538],[129.11359,36.03563],[129.11391,36.03654],[129.11423,36.03708],[129.11718,36.04021],[129.11739,36.0404],[129.11752,36.04051],[129.11789,36.04051],[129.11846,36.04017],[129.12015,36.03877],[129.12152,36.03761],[129.12302,36.03748],[129.12532,36.0362],[129.13032,36.03492],[129.13233,36.0347],[129.13421,36.03424]]]]}},{"type":"Feature","properties":{"code":"47230390","name":"북안면","parent":"47230"},"geometry":{"type":"MultiPolygon","coordinates":[[[[129.06291,35.93801],[129.06224,35.93645],[129.06067,35.93428],[129.06038,35.93193],[129.06078,35.93139],[129.06144,35.93003],[129.06051,35.92615],[129.05957,35.92612],[129.05927,35.92612],[129.05745,35.926],[129.05617,35.92452],[129.05614,35.92356],[129.05632,35.92275],[129.05635,35.92198],[129.05487,35.92013],[129.05303,35.92011],[129.0522,35.92006],[129.04854,35.91923],[129.04744,35.91833],[129.04684,35.91731],[129.04604,35.91521],[129.04616,35.9144],[129.04556,35.91267],[129.04152,35.91186],[129.04003,35.91184],[129.03827,35.9121],[129.03786,35.91208],[129.0374,35.91144],[129.03442,35.90891],[129.0324,35.90736],[129.0292,35.90521],[129.02853,35.90467],[129.02745,35.9024],[129.02723,35.9015],[129.02692,35.89992],[129.02688,35.89934],[129.0278,35.89894],[129.02897,35.89823],[129.02859,35.89758],[129.0274,35.89505],[129.0263,35.89168],[129.02605,35.89057],[129.02706,35.88883],[129.02707,35.88881],[129.02721,35.88858],[129.02793,35.88664],[129.02883,35.88402],[129.02897,35.88299],[129.02885,35.88153],[129.02996,35.8797],[129.03129,35.87578],[129.03292,35.87071],[129.03248,35.86971],[129.027,35.86317],[129.02653,35.86289],[129.02606,35.86305],[129.02499,35.86305],[129.02421,35.86279],[129.02334,35.86108],[129.02191,35.85906],[129.01992,35.85757],[129.01871,35.85641],[129.01702,35.85175],[129.0161,35.8498],[129.01413,35.8462],[129.01299,35.84478],[129.0128,35.84474],[129.01233,35.84468],[129.01181,35.84471],[129.01135,35.84494],[129.01104,35.84502],[129.01022,35.84505],[129.01005,35.84504],[129.00873,35.84492],[129.008,35.84451],[129.00702,35.84383],[129.00649,35.8435],[129.00596,35.84326],[129.00404,35.84247],[129.00319,35.84239],[129.00206,35.84243],[129.00065,35.84225],[129.00029,35.84217],[128.99505,35.84044],[128.99438,35.84021],[128.98929,35.83776],[128.98767,35.83581],[128.98746,35.83506],[128.98656,35.8344],[128.98409,35.83343],[128.98155,35.83307],[128.97835,35.83288],[128.97791,35.83288],[128.97774,35.83289],[128.97423,35.83449],[128.97076,35.83544],[128.97091,35.83676],[128.97082,35.83773],[128.97049,35.83885],[128.97005,35.83994],[128.96926,35.84092],[128.96871,35.8418],[128.97005,35.84296],[128.97278,35.84847],[128.97283,35.84877],[128.97145,35.84956],[128.97092,35.85028],[128.97098,35.85211],[128.97164,35.85243],[128.97271,35.85329],[128.9727,35.85995],[128.97225,35.86063],[128.97137,35.86199],[128.97281,35.86468],[128.9712,35.86652],[128.96963,35.86887],[128.96905,35.87147],[128.97012,35.87206],[128.97013,35.8743],[128.96754,35.8764],[128.96625,35.87805],[128.96752,35.87832],[128.96754,35.87834],[128.96874,35.87935],[128.96995,35.88184],[128.96901,35.88268],[128.96974,35.88392],[128.97015,35.88373],[128.97069,35.88395],[128.9747,35.88696],[128.97594,35.88845],[128.97617,35.88911],[128.97604,35.89012],[128.97582,35.89164],[128.97458,35.89617],[128.97442,35.89664],[128.97308,35.8982],[128.97148,35.89855],[128.97053,35.89925],[128.96787,35.90313],[128.96762,35.90373],[128.96762,35.90442],[128.96762,35.90461],[128.9677,35.90538],[128.96831,35.90881],[128.9688,35.90917],[128.97014,35.9113],[128.97026,35.91154],[128.97098,35.91369],[128.97085,35.9145],[128.97083,35.91459],[128.97082,35.91527],[128.97105,35.91901],[128.97177,35.9223],[128.9726,35.92594],[128.97267,35.92654],[128.97193,35.92773],[128.97038,35.92972],[128.96853,35.93311],[128.96831,35.93441],[128.968,35.93473],[128.96652,35.93543],[128.96526,35.93569],[128.96273,35.93591],[128.96213,35.93611],[128.96126,35.93666],[128.96064,35.93742],[128.9605,35.93769],[128.96016,35.94137],[128.96042,35.94179],[128.96047,35.94186],[128.96222,35.94136],[128.96397,35.9411],[128.96436,35.94119],[128.96582,35.94182],[128.96758,35.94285],[128.96865,35.94354],[128.96897,35.94367],[128.96952,35.94372],[128.97278,35.94459],[128.97422,35.94589],[128.97657,35.9473],[128.977,35.94741],[128.97743,35.94748],[128.9808,35.94674],[128.98301,35.94882],[128.98723,35.95484],[128.98758,35.95612],[128.98928,35.95692],[128.98995,35.95691],[128.99118,35.95671],[128.99228,35.95617],[128.9947,35.95398],[128.99665,35.95219],[128.99682,35.95163],[128.99691,35.95096],[128.99814,35.94802],[128.99989,35.94716],[129.00069,35.94702],[129.00147,35.94663],[129.0022,35.94543],[129.00309,35.94376],[129.00365,35.94236],[129.0041,35.94181],[129.00423,35.94181],[129.0043,35.94181],[129.0054,35.94233],[129.00675,35.94337],[129.00725,35.94455],[129.00735,35.945],[129.00775,35.94516],[129.0092,35.94558],[129.01182,35.94684],[129.01294,35.94793],[129.01412,35.94912],[129.01488,35.95021],[129.01506,35.9504],[129.01636,35.95107],[129.01694,35.95127],[129.02148,35.95024],[129.02339,35.94949],[129.03001,35.94763],[129.03195,35.94826],[129.03419,35.94732],[129.03609,35.94641],[129.03704,35.94566],[129.03719,35.94533],[129.03718,35.94484],[129.03744,35.94455],[129.03776,35.94435],[129.04236,35.94207],[129.04282,35.94273],[129.04303,35.94316],[129.04346,35.94371],[129.04755,35.94575],[129.04942,35.94644],[129.05278,35.94614],[129.05344,35.94572],[129.0548,35.94449],[129.0557,35.94334],[129.05574,35.94328],[129.05569,35.94289],[129.05624,35.94196],[129.0583,35.94002],[129.05927,35.93996],[129.05967,35.94014],[129.06063,35.94023],[129.0617,35.93989],[129.06291,35.93801]]]]}},{"type":"Feature","properties":{"code":"47230400","name":"대창면","parent":"47230"},"geometry":{"type":"MultiPolygon","coordinates":[[[[128.94338,35.89046],[128.94368,35.88934],[128.94408,35.88848],[128.94481,35.8881],[128.94566,35.88789],[128.94705,35.88863],[128.9494,35.88833],[128.95162,35.88621],[128.95343,35.88457],[128.95471,35.88345],[128.95541,35.88309],[128.96025,35.88392],[128.96075,35.88405],[128.96118,35.88443],[128.96229,35.8846],[128.96402,35.88471],[128.96521,35.88459],[128.96935,35.8841],[128.96974,35.88392],[128.96901,35.88268],[128.96995,35.88184],[128.96874,35.87935],[128.96754,35.87834],[128.96752,35.87832],[128.96625,35.87805],[128.96754,35.8764],[128.97013,35.8743],[128.97012,35.87206],[128.96905,35.87147],[128.96963,35.86887],[128.9712,35.86652],[128.97281,35.86468],[128.97137,35.86199],[128.97225,35.86063],[128.9727,35.85995],[128.97271,35.85329],[128.97164,35.85243],[128.97098,35.85211],[128.97092,35.85028],[128.97145,35.84956],[128.97283,35.84877],[128.97278,35.84847],[128.97005,35.84296],[128.96871,35.8418],[128.96926,35.84092],[128.96748,35.84145],[128.9592,35.8417],[128.95709,35.83999],[128.95589,35.83887],[128.95447,35.83716],[128.94955,35.83295],[128.94696,35.83131],[128.94403,35.82986],[128.94152,35.83069],[128.94116,35.83081],[128.94185,35.83171],[128.9411,35.83335],[128.93872,35.8356],[128.9353,35.83531],[128.93458,35.83602],[128.93367,35.83703],[128.93359,35.83712],[128.92573,35.83556],[128.92533,35.83433],[128.92396,35.83357],[128.92119,35.83427],[128.91854,35.83571],[128.91589,35.83705],[128.91488,35.8374],[128.91357,35.83607],[128.91397,35.8338],[128.9131,35.83301],[128.91011,35.8316],[128.90906,35.83156],[128.90847,35.83154],[128.90757,35.83314],[128.90472,35.83569],[128.90225,35.83713],[128.90088,35.83756],[128.9002,35.83757],[128.89961,35.83756],[128.89671,35.83705],[128.89454,35.83742],[128.89279,35.8413],[128.89219,35.84314],[128.8921,35.84449],[128.89209,35.84464],[128.88762,35.84396],[128.88578,35.84296],[128.88223,35.84315],[128.88175,35.84449],[128.88174,35.84468],[128.88174,35.84475],[128.88171,35.84544],[128.87847,35.84934],[128.87677,35.85044],[128.87518,35.85102],[128.87507,35.85231],[128.87458,35.85393],[128.87431,35.85711],[128.87489,35.85836],[128.87515,35.86047],[128.87368,35.86457],[128.87298,35.86596],[128.87018,35.86751],[128.86615,35.86975],[128.86364,35.87059],[128.8617,35.87178],[128.86086,35.87241],[128.85983,35.87366],[128.85862,35.87684],[128.85922,35.87884],[128.86512,35.88301],[128.86604,35.88361],[128.86738,35.88336],[128.86955,35.88336],[128.87091,35.8841],[128.87477,35.88756],[128.87508,35.88791],[128.87515,35.88819],[128.87726,35.8889],[128.88083,35.8923],[128.88129,35.89311],[128.88165,35.89392],[128.88127,35.89515],[128.88106,35.89623],[128.88111,35.89762],[128.88121,35.89941],[128.88194,35.89973],[128.88392,35.89925],[128.88558,35.89841],[128.88727,35.89682],[128.8888,35.89529],[128.88884,35.89496],[128.8889,35.89454],[128.88905,35.89412],[128.88929,35.89405],[128.88989,35.89399],[128.89203,35.89384],[128.89204,35.89393],[128.89226,35.89571],[128.89307,35.89692],[128.89469,35.8977],[128.89647,35.89849],[128.89974,35.89973],[128.90111,35.90026],[128.90168,35.89989],[128.90251,35.89867],[128.90238,35.89812],[128.90253,35.89756],[128.90303,35.89585],[128.90505,35.89331],[128.90605,35.89297],[128.90764,35.89248],[128.90844,35.89343],[128.90888,35.89403],[128.90967,35.89446],[128.91055,35.89436],[128.91216,35.89367],[128.91296,35.89291],[128.914,35.89003],[128.91407,35.88905],[128.91467,35.88789],[128.91565,35.88683],[128.92037,35.88306],[128.9215,35.88167],[128.92195,35.88118],[128.92278,35.8808],[128.92582,35.87974],[128.92585,35.87975],[128.9265,35.8798],[128.92978,35.88084],[128.93303,35.88273],[128.93446,35.88367],[128.93627,35.8856],[128.93751,35.88736],[128.93881,35.88847],[128.94019,35.88958],[128.94139,35.88992],[128.94338,35.89046]]]]}},{"type":"Feature","properties":{"code":"47230510","name":"동부동","parent":"47230"},"geometry":{"type":"MultiPolygon","coordinates":[[[[128.97699,35.99208],[128.97567,35.98951],[128.97484,35.98733],[128.97518,35.98642],[128.97473,35.98555],[128.97252,35.98299],[128.96974,35.98242],[128.96927,35.9823],[128.96888,35.98197],[128.96801,35.98076],[128.96713,35.97917],[128.96681,35.9771],[128.96815,35.97227],[128.96884,35.97123],[128.97037,35.96953],[128.97042,35.96952],[128.97045,35.96952],[128.96586,35.96617],[128.96458,35.96568],[128.96257,35.9655],[128.96176,35.96542],[128.96124,35.96545],[128.96099,35.96547],[128.95999,35.96557],[128.95693,35.96623],[128.95654,35.96641],[128.9558,35.96686],[128.9543,35.96777],[128.95126,35.96934],[128.95109,35.96943],[128.95005,35.96995],[128.94935,35.97008],[128.94712,35.97015],[128.94621,35.97015],[128.94594,35.97015],[128.94405,35.97001],[128.94365,35.96999],[128.94206,35.96994],[128.9415,35.96996],[128.94093,35.96997],[128.94036,35.96999],[128.93989,35.97039],[128.93962,35.97133],[128.94041,35.97297],[128.93949,35.97427],[128.93862,35.97523],[128.93791,35.97814],[128.93862,35.97957],[128.9396,35.98142],[128.94114,35.98427],[128.9415,35.98497],[128.94161,35.98609],[128.94161,35.98654],[128.94065,35.98764],[128.93984,35.9882],[128.9389,35.98867],[128.93868,35.98907],[128.93845,35.99027],[128.93834,35.99085],[128.93845,35.99169],[128.93939,35.99383],[128.94129,35.99556],[128.94195,35.99596],[128.94265,35.99612],[128.94336,35.99627],[128.94348,35.9963],[128.94717,35.99768],[128.94751,35.99795],[128.94758,35.99801],[128.94834,35.99874],[128.94849,35.99907],[128.94836,35.99977],[128.94821,36.00011],[128.9479,36.00039],[128.94763,36.0007],[128.95078,36.00399],[128.95124,36.00447],[128.95133,36.00485],[128.94962,36.00635],[128.9495,36.00655],[128.94901,36.008],[128.94792,36.01213],[128.94828,36.01379],[128.94848,36.01405],[128.94969,36.01495],[128.952,36.01653],[128.95424,36.01786],[128.95457,36.01803],[128.95495,36.01776],[128.95523,36.01745],[128.95671,36.01568],[128.95678,36.01546],[128.95727,36.01218],[128.95823,36.0089],[128.95958,36.00639],[128.96005,36.00567],[128.96032,36.00514],[128.96175,36.0018],[128.96179,36.0015],[128.96086,36.00065],[128.96051,36.00033],[128.96011,36.00003],[128.95982,35.99931],[128.95987,35.9989],[128.95988,35.99877],[128.96015,35.99799],[128.96147,35.99509],[128.96272,35.99259],[128.96476,35.98949],[128.96523,35.98907],[128.96547,35.98891],[128.9655,35.98889],[128.96554,35.98886],[128.96635,35.99],[128.96677,35.99052],[128.9684,35.99205],[128.96879,35.99232],[128.96898,35.99239],[128.96934,35.99237],[128.96963,35.99229],[128.97002,35.99157],[128.97024,35.99116],[128.97054,35.99088],[128.97091,35.99057],[128.97133,35.9903],[128.97178,35.99017],[128.97235,35.99019],[128.97287,35.99023],[128.9734,35.99057],[128.97402,35.99098],[128.9753,35.99145],[128.97699,35.99208]]]]}},{"type":"Feature","properties":{"code":"47230520","name":"중앙동","parent":"47230"},"geometry":{"type":"MultiPolygon","coordinates":[[[[128.95611,36.03821],[128.95685,36.03694],[128.95699,36.03452],[128.95699,36.03423],[128.95633,36.03167],[128.95556,36.03092],[128.95543,36.0305],[128.95533,36.0285],[128.95532,36.02712],[128.95532,36.02685],[128.95581,36.0247],[128.95633,36.02385],[128.9563,36.0236],[128.95547,36.02127],[128.95493,36.02009],[128.95457,36.01803],[128.95424,36.01786],[128.952,36.01653],[128.94969,36.01495],[128.94848,36.01405],[128.94828,36.01379],[128.94792,36.01213],[128.94901,36.008],[128.9495,36.00655],[128.94962,36.00635],[128.95133,36.00485],[128.95124,36.00447],[128.95078,36.00399],[128.94763,36.0007],[128.9479,36.00039],[128.94821,36.00011],[128.94836,35.99977],[128.94849,35.99907],[128.94834,35.99874],[128.94758,35.99801],[128.94751,35.99795],[128.94717,35.99768],[128.94348,35.9963],[128.94336,35.99627],[128.94265,35.99612],[128.94195,35.99596],[128.94129,35.99556],[128.93939,35.99383],[128.93845,35.99169],[128.93834,35.99085],[128.93845,35.99027],[128.93868,35.98907],[128.9389,35.98867],[128.93984,35.9882],[128.94065,35.98764],[128.94161,35.98654],[128.94161,35.98609],[128.9415,35.98497],[128.94114,35.98427],[128.9396,35.98142],[128.93862,35.97957],[128.93791,35.97814],[128.93862,35.97523],[128.93949,35.97427],[128.94041,35.97297],[128.93962,35.97133],[128.93989,35.97039],[128.94036,35.96999],[128.94093,35.96997],[128.9415,35.96996],[128.94206,35.96994],[128.94365,35.96999],[128.94405,35.97001],[128.93867,35.96875],[128.93639,35.96825],[128.93493,35.96711],[128.93417,35.96651],[128.93263,35.96519],[128.93059,35.96425],[128.92969,35.96575],[128.92894,35.96701],[128.92949,35.96724],[128.92953,35.96826],[128.92944,35.96909],[128.92927,35.97045],[128.92924,35.97061],[128.92921,35.97082],[128.92876,35.97143],[128.92639,35.97287],[128.92625,35.97296],[128.9254,35.97359],[128.92549,35.97436],[128.92654,35.97585],[128.92848,35.9766],[128.92901,35.97668],[128.93083,35.97917],[128.9308,35.97935],[128.93065,35.98011],[128.93006,35.98175],[128.92979,35.98214],[128.92918,35.98246],[128.92837,35.98265],[128.92726,35.98265],[128.92581,35.98256],[128.92403,35.98238],[128.92293,35.98317],[128.92322,35.98421],[128.92336,35.98494],[128.92342,35.98523],[128.9237,35.98757],[128.92372,35.98836],[128.92367,35.98948],[128.92349,35.99039],[128.92323,35.99142],[128.91947,35.98987],[128.91771,35.99257],[128.91729,35.99277],[128.91687,35.99374],[128.91672,35.99482],[128.91682,35.99522],[128.91408,35.99608],[128.90997,35.99661],[128.90904,35.9965],[128.90784,35.99805],[128.90625,36.00024],[128.90667,36.00093],[128.90802,36.00289],[128.90937,36.00475],[128.90907,36.00564],[128.90904,36.00599],[128.90899,36.00655],[128.90913,36.00714],[128.90987,36.0093],[128.91015,36.01008],[128.91045,36.01062],[128.91069,36.01349],[128.91071,36.01449],[128.91058,36.01508],[128.91033,36.01578],[128.90837,36.01819],[128.90532,36.02703],[128.9054,36.02873],[128.90562,36.02972],[128.90453,36.03441],[128.9042,36.03566],[128.90417,36.0358],[128.90301,36.03666],[128.90374,36.03711],[128.90471,36.03726],[128.90541,36.03688],[128.90723,36.03645],[128.90918,36.03608],[128.91045,36.03592],[128.91134,36.03611],[128.91176,36.03621],[128.91329,36.03677],[128.91499,36.0373],[128.91687,36.03752],[128.91695,36.03753],[128.91909,36.03739],[128.92,36.03707],[128.92215,36.03524],[128.92291,36.03458],[128.92445,36.03225],[128.92482,36.03115],[128.925,36.02996],[128.92504,36.02903],[128.92492,36.0283],[128.92467,36.02737],[128.92461,36.02677],[128.92485,36.02647],[128.92758,36.02372],[128.92881,36.0224],[128.92944,36.0216],[128.92956,36.02112],[128.93046,36.02109],[128.93141,36.02109],[128.93341,36.02142],[128.93416,36.02185],[128.93514,36.02243],[128.93535,36.02262],[128.93536,36.02479],[128.93521,36.02539],[128.93483,36.02631],[128.93654,36.02912],[128.93937,36.033],[128.94164,36.03317],[128.94411,36.03356],[128.94424,36.03373],[128.94426,36.03436],[128.94525,36.03729],[128.94536,36.03733],[128.94555,36.03736],[128.94702,36.03727],[128.94872,36.03729],[128.9502,36.03737],[128.95141,36.03808],[128.95286,36.03879],[128.95328,36.03894],[128.95366,36.03883],[128.95401,36.03862],[128.95452,36.03817],[128.95611,36.03821]]]]}},{"type":"Feature","properties":{"code":"47230535","name":"서부동","parent":"47230"},"geometry":{"type":"MultiPolygon","coordinates":[[[[128.91771,35.99257],[128.91947,35.98987],[128.92323,35.99142],[128.92349,35.99039],[128.92367,35.98948],[128.92372,35.98836],[128.9237,35.98757],[128.92342,35.98523],[128.92336,35.98494],[128.92322,35.98421],[128.92293,35.98317],[128.92403,35.98238],[128.92581,35.98256],[128.92726,35.98265],[128.92837,35.98265],[128.92918,35.98246],[128.92979,35.98214],[128.93006,35.98175],[128.93065,35.98011],[128.9308,35.97935],[128.93083,35.97917],[128.92901,35.97668],[128.92848,35.9766],[128.92654,35.97585],[128.92549,35.97436],[128.9254,35.97359],[128.92625,35.97296],[128.92639,35.97287],[128.92876,35.97143],[128.92921,35.97082],[128.92924,35.97061],[128.92927,35.97045],[128.92944,35.96909],[128.92953,35.96826],[128.92949,35.96724],[128.92894,35.96701],[128.92969,35.96575],[128.93059,35.96425],[128.9297,35.96384],[128.92824,35.96317],[128.92747,35.96282],[128.92672,35.96254],[128.92642,35.96242],[128.92567,35.96213],[128.92542,35.96184],[128.92363,35.95978],[128.92258,35.95814],[128.92246,35.9578],[128.92206,35.95668],[128.92194,35.95634],[128.922,35.95493],[128.92222,35.954],[128.92247,35.95295],[128.92243,35.95112],[128.91739,35.95079],[128.91506,35.9508],[128.91316,35.95114],[128.91015,35.95176],[128.90869,35.95214],[128.90768,35.95249],[128.90716,35.95267],[128.90337,35.95556],[128.90331,35.95563],[128.90261,35.95658],[128.90214,35.95803],[128.90167,35.9594],[128.90088,35.96089],[128.89958,35.96327],[128.89721,35.96555],[128.89634,35.96612],[128.89369,35.96691],[128.89075,35.9673],[128.88806,35.96624],[128.8875,35.96559],[128.88516,35.96599],[128.88369,35.96657],[128.88163,35.96785],[128.88109,35.96786],[128.8801,35.96765],[128.87611,35.96674],[128.87306,35.96778],[128.87192,35.96735],[128.86996,35.96888],[128.8696,35.96971],[128.86948,35.97118],[128.86918,35.97548],[128.86975,35.9762],[128.87103,35.97586],[128.87368,35.97604],[128.87436,35.97637],[128.87531,35.97798],[128.87579,35.98238],[128.87564,35.98447],[128.87596,35.98489],[128.87607,35.98503],[128.87945,35.98614],[128.88443,35.98643],[128.88757,35.98508],[128.89342,35.9835],[128.89627,35.98544],[128.89631,35.98554],[128.89676,35.98652],[128.89705,35.98722],[128.89746,35.98807],[128.9003,35.99059],[128.90058,35.99073],[128.90124,35.99086],[128.90246,35.99054],[128.90306,35.99053],[128.90381,35.99081],[128.9043,35.9914],[128.90507,35.99276],[128.90559,35.9936],[128.90847,35.99466],[128.90917,35.99486],[128.91003,35.9946],[128.91111,35.99303],[128.91436,35.99181],[128.91617,35.99195],[128.91627,35.99196],[128.91728,35.99239],[128.91771,35.99257]]]]}},{"type":"Feature","properties":{"code":"47230540","name":"완산동","parent":"47230"},"geometry":{"type":"MultiPolygon","coordinates":[[[[128.97045,35.96952],[128.97098,35.9694],[128.97143,35.9693],[128.9718,35.96919],[128.9759,35.96671],[128.97764,35.96513],[128.9787,35.96439],[128.97843,35.96436],[128.97819,35.96432],[128.9774,35.96416],[128.97464,35.96209],[128.97148,35.95919],[128.96863,35.95859],[128.96509,35.95709],[128.95585,35.95269],[128.95441,35.95216],[128.9535,35.95356],[128.95357,35.95504],[128.95347,35.95672],[128.95198,35.95657],[128.95085,35.95617],[128.95061,35.95609],[128.94959,35.95581],[128.94675,35.95565],[128.94604,35.95589],[128.94428,35.95594],[128.94367,35.95588],[128.94213,35.95556],[128.94169,35.95545],[128.94089,35.95486],[128.94026,35.95453],[128.93815,35.95356],[128.93693,35.95466],[128.93592,35.95562],[128.93396,35.95772],[128.93375,35.95795],[128.93313,35.95871],[128.93258,35.95938],[128.93292,35.96066],[128.93334,35.96177],[128.93358,35.96219],[128.93414,35.96317],[128.93402,35.96333],[128.93302,35.96467],[128.93263,35.96519],[128.93417,35.96651],[128.93493,35.96711],[128.93639,35.96825],[128.93867,35.96875],[128.94405,35.97001],[128.94594,35.97015],[128.94621,35.97015],[128.94712,35.97015],[128.94935,35.97008],[128.95005,35.96995],[128.95109,35.96943],[128.95126,35.96934],[128.9543,35.96777],[128.9558,35.96686],[128.95654,35.96641],[128.95693,35.96623],[128.95999,35.96557],[128.96099,35.96547],[128.96124,35.96545],[128.96176,35.96542],[128.96257,35.9655],[128.96458,35.96568],[128.96586,35.96617],[128.97045,35.96952]]]]}},{"type":"Feature","properties":{"code":"47230555","name":"남부동","parent":"47230"},"geometry":{"type":"MultiPolygon","coordinates":[[[[128.9787,35.96439],[128.97952,35.96438],[128.97985,35.9641],[128.98065,35.96263],[128.98053,35.96202],[128.98057,35.96124],[128.98108,35.96019],[128.98189,35.95908],[128.98257,35.95872],[128.98308,35.95868],[128.9839,35.95881],[128.98624,35.95825],[128.98758,35.95612],[128.98723,35.95484],[128.98301,35.94882],[128.9808,35.94674],[128.97743,35.94748],[128.977,35.94741],[128.97657,35.9473],[128.97422,35.94589],[128.97278,35.94459],[128.96952,35.94372],[128.96897,35.94367],[128.96865,35.94354],[128.96758,35.94285],[128.96582,35.94182],[128.96436,35.94119],[128.96397,35.9411],[128.96222,35.94136],[128.96047,35.94186],[128.96042,35.94179],[128.96016,35.94137],[128.9605,35.93769],[128.96064,35.93742],[128.96126,35.93666],[128.96213,35.93611],[128.96273,35.93591],[128.96526,35.93569],[128.96652,35.93543],[128.968,35.93473],[128.96831,35.93441],[128.96853,35.93311],[128.97038,35.92972],[128.97193,35.92773],[128.97267,35.92654],[128.9726,35.92594],[128.97177,35.9223],[128.97105,35.91901],[128.97082,35.91527],[128.97083,35.91459],[128.97085,35.9145],[128.97098,35.91369],[128.97026,35.91154],[128.97014,35.9113],[128.9688,35.90917],[128.96831,35.90881],[128.9677,35.90538],[128.96762,35.90461],[128.96762,35.90442],[128.96762,35.90373],[128.96787,35.90313],[128.97053,35.89925],[128.97148,35.89855],[128.97308,35.8982],[128.97442,35.89664],[128.97458,35.89617],[128.97582,35.89164],[128.97604,35.89012],[128.97617,35.88911],[128.97594,35.88845],[128.9747,35.88696],[128.97069,35.88395],[128.97015,35.88373],[128.96974,35.88392],[128.96935,35.8841],[128.96521,35.88459],[128.96402,35.88471],[128.96229,35.8846],[128.96118,35.88443],[128.96075,35.88405],[128.96025,35.88392],[128.95541,35.88309],[128.95471,35.88345],[128.95343,35.88457],[128.95162,35.88621],[128.9494,35.88833],[128.94705,35.88863],[128.94566,35.88789],[128.94481,35.8881],[128.94408,35.88848],[128.94368,35.88934],[128.94338,35.89046],[128.94356,35.89116],[128.94483,35.89535],[128.94589,35.89717],[128.94681,35.89918],[128.94674,35.89962],[128.9454,35.90734],[128.9454,35.90868],[128.94377,35.90868],[128.94411,35.91356],[128.94565,35.9184],[128.94548,35.91883],[128.94498,35.92039],[128.94469,35.92187],[128.9448,35.92188],[128.94745,35.92229],[128.94894,35.92252],[128.94895,35.92375],[128.9464,35.92525],[128.94546,35.92559],[128.94486,35.92573],[128.94339,35.92605],[128.9427,35.92599],[128.94191,35.92483],[128.94039,35.92406],[128.93721,35.92445],[128.93487,35.92515],[128.93319,35.92565],[128.9325,35.92585],[128.93102,35.92626],[128.93082,35.92589],[128.9304,35.925],[128.92959,35.92376],[128.92928,35.92348],[128.92838,35.9234],[128.92831,35.92347],[128.92828,35.92354],[128.92823,35.92372],[128.92821,35.92391],[128.92818,35.92444],[128.9282,35.92469],[128.92823,35.92487],[128.92823,35.92494],[128.92817,35.9254],[128.92814,35.92558],[128.92808,35.92581],[128.92641,35.92965],[128.92631,35.92981],[128.9262,35.92995],[128.92585,35.93044],[128.92567,35.93063],[128.92545,35.93078],[128.92521,35.93102],[128.92467,35.9319],[128.92462,35.93199],[128.92416,35.93284],[128.92335,35.93469],[128.92328,35.93493],[128.92323,35.93524],[128.92234,35.94133],[128.92229,35.94165],[128.92185,35.94478],[128.92085,35.94636],[128.9198,35.94769],[128.91837,35.94925],[128.91739,35.95079],[128.92243,35.95112],[128.92247,35.95295],[128.92222,35.954],[128.922,35.95493],[128.92194,35.95634],[128.92206,35.95668],[128.92246,35.9578],[128.92258,35.95814],[128.92363,35.95978],[128.92542,35.96184],[128.92567,35.96213],[128.92642,35.96242],[128.92672,35.96254],[128.92747,35.96282],[128.92824,35.96317],[128.9297,35.96384],[128.93059,35.96425],[128.93263,35.96519],[128.93302,35.96467],[128.93402,35.96333],[128.93414,35.96317],[128.93358,35.96219],[128.93334,35.96177],[128.93292,35.96066],[128.93258,35.95938],[128.93313,35.95871],[128.93375,35.95795],[128.93396,35.95772],[128.93592,35.95562],[128.93693,35.95466],[128.93815,35.95356],[128.94026,35.95453],[128.94089,35.95486],[128.94169,35.95545],[128.94213,35.95556],[128.94367,35.95588],[128.94428,35.95594],[128.94604,35.95589],[128.94675,35.95565],[128.94959,35.95581],[128.95061,35.95609],[128.95085,35.95617],[128.95198,35.95657],[128.95347,35.95672],[128.95357,35.95504],[128.9535,35.95356],[128.95441,35.95216],[128.95585,35.95269],[128.96509,35.95709],[128.96863,35.95859],[128.97148,35.95919],[128.97464,35.96209],[128.9774,35.96416],[128.97819,35.96432],[128.97843,35.96436],[128.9787,35.96439]]]]}}]}