{"type":"FeatureCollection","features":[{"type":"Feature","properties":{"code":"12170250","name":"남평읍","parent":"12170"},"geometry":{"type":"MultiPolygon","coordinates":[[[[126.89206,35.07816],[126.89115,35.0759],[126.89267,35.07518],[126.89343,35.07484],[126.89402,35.07464],[126.89437,35.07442],[126.89459,35.07427],[126.89512,35.0738],[126.8952,35.07369],[126.89528,35.07355],[126.89564,35.07265],[126.89569,35.07242],[126.89572,35.07221],[126.89572,35.07199],[126.89568,35.07024],[126.89544,35.06688],[126.89539,35.06657],[126.89535,35.06637],[126.89454,35.06496],[126.89489,35.06134],[126.8958,35.06024],[126.89602,35.05998],[126.89623,35.05974],[126.8977,35.05834],[126.89863,35.0575],[126.89892,35.05737],[126.89909,35.0573],[126.89918,35.05724],[126.89955,35.05689],[126.89977,35.05552],[126.89978,35.05542],[126.89976,35.0553],[126.89898,35.05409],[126.89687,35.05209],[126.89676,35.05201],[126.89488,35.05134],[126.89407,35.05117],[126.89389,35.05114],[126.89363,35.05107],[126.89295,35.05088],[126.89281,35.05084],[126.89273,35.05078],[126.89144,35.04936],[126.89021,35.04725],[126.89015,35.04712],[126.89014,35.04696],[126.89017,35.04596],[126.89021,35.04584],[126.89025,35.04579],[126.89027,35.04576],[126.89163,35.04465],[126.89182,35.04457],[126.892,35.04453],[126.89222,35.04448],[126.89229,35.04453],[126.89267,35.04301],[126.89264,35.04185],[126.8926,35.04171],[126.89058,35.03796],[126.88989,35.03704],[126.88972,35.03684],[126.88955,35.03669],[126.88809,35.0358],[126.88739,35.03567],[126.88707,35.03565],[126.88516,35.03401],[126.88289,35.03199],[126.88141,35.02975],[126.88156,35.02954],[126.88173,35.02925],[126.88186,35.02901],[126.882,35.02874],[126.88244,35.02597],[126.88264,35.02247],[126.88262,35.02233],[126.88252,35.02187],[126.8824,35.02162],[126.8823,35.02148],[126.88218,35.02141],[126.88015,35.02056],[126.88002,35.02051],[126.87985,35.02048],[126.87968,35.02046],[126.87948,35.02046],[126.87918,35.02059],[126.87889,35.02071],[126.87882,35.0207],[126.87595,35.0202],[126.87576,35.02015],[126.87552,35.02004],[126.87425,35.01899],[126.87399,35.01874],[126.8738,35.01848],[126.87055,35.01365],[126.86895,35.01111],[126.86882,35.01083],[126.86872,35.01056],[126.86864,35.01025],[126.86859,35.00986],[126.86859,35.00969],[126.86864,35.00962],[126.87185,35.00762],[126.87218,35.00743],[126.87251,35.00727],[126.87476,35.00656],[126.87488,35.00652],[126.8752,35.00646],[126.87564,35.00641],[126.87602,35.00639],[126.87662,35.0064],[126.8772,35.00647],[126.87767,35.00652],[126.87792,35.00651],[126.87811,35.00648],[126.87846,35.00637],[126.87878,35.00623],[126.87916,35.00603],[126.87953,35.0058],[126.88031,35.00526],[126.88085,35.00487],[126.88508,35.00172],[126.88691,34.9998],[126.88704,34.99932],[126.88735,34.99816],[126.88738,34.99808],[126.88756,34.99779],[126.88814,34.997],[126.89023,34.99425],[126.89166,34.99272],[126.89198,34.99249],[126.89237,34.99219],[126.89249,34.99208],[126.89283,34.99175],[126.89313,34.99145],[126.89342,34.99115],[126.89365,34.99092],[126.89387,34.99068],[126.89412,34.99037],[126.89467,34.98952],[126.89471,34.98944],[126.89472,34.98941],[126.89405,34.98722],[126.89273,34.98408],[126.89267,34.98395],[126.89252,34.98371],[126.89177,34.98264],[126.89155,34.98235],[126.89145,34.98226],[126.89143,34.98224],[126.89123,34.98212],[126.89063,34.98191],[126.88935,34.98147],[126.88852,34.98121],[126.8875,34.98097],[126.88725,34.98086],[126.88705,34.98075],[126.88671,34.98049],[126.88557,34.97956],[126.8851,34.97904],[126.88492,34.97871],[126.88477,34.9783],[126.88468,34.97803],[126.88456,34.97757],[126.88436,34.97584],[126.88434,34.97535],[126.88433,34.97484],[126.88433,34.97435],[126.88431,34.97394],[126.88424,34.97333],[126.88421,34.97322],[126.88416,34.97312],[126.88406,34.97302],[126.88379,34.97278],[126.88349,34.97259],[126.88307,34.97236],[126.88247,34.97205],[126.88023,34.97037],[126.87758,34.96822],[126.87742,34.96808],[126.87707,34.96772],[126.87699,34.96759],[126.87644,34.96636],[126.87641,34.96626],[126.8764,34.96615],[126.87644,34.96598],[126.87729,34.96363],[126.87737,34.96351],[126.87814,34.96263],[126.87851,34.96222],[126.87921,34.96157],[126.87954,34.96134],[126.87969,34.96125],[126.87991,34.96114],[126.88002,34.96112],[126.88014,34.96111],[126.88034,34.96113],[126.88043,34.96112],[126.88062,34.96108],[126.88081,34.96101],[126.88099,34.96093],[126.88133,34.96071],[126.8815,34.96059],[126.88161,34.96047],[126.88167,34.96039],[126.8817,34.96029],[126.8817,34.96017],[126.88149,34.95759],[126.88147,34.95751],[126.88136,34.95742],[126.88072,34.95695],[126.88047,34.95678],[126.88017,34.95656],[126.88002,34.95641],[126.87943,34.95579],[126.87934,34.95565],[126.87929,34.95555],[126.87928,34.95549],[126.87926,34.95445],[126.8786,34.95216],[126.8773,34.95257],[126.87065,34.95507],[126.87023,34.95535],[126.86901,34.95654],[126.86868,34.95695],[126.86716,34.95926],[126.86531,34.96214],[126.86335,34.9686],[126.86327,34.96891],[126.86352,34.96971],[126.86473,34.97135],[126.86576,34.9726],[126.86661,34.97325],[126.86756,34.97379],[126.86869,34.97403],[126.86913,34.97412],[126.86926,34.97424],[126.87016,34.97524],[126.87024,34.97548],[126.87026,34.97599],[126.86997,34.98048],[126.86995,34.98067],[126.86991,34.98079],[126.86983,34.98092],[126.86967,34.98109],[126.86906,34.98153],[126.86763,34.98219],[126.86748,34.98224],[126.86719,34.98228],[126.86694,34.98226],[126.86681,34.98223],[126.86644,34.98204],[126.86632,34.98193],[126.86627,34.98186],[126.86558,34.98071],[126.86555,34.98059],[126.86555,34.98053],[126.86556,34.9804],[126.86562,34.98022],[126.86561,34.98008],[126.86558,34.98004],[126.86554,34.98001],[126.86531,34.97993],[126.86426,34.9796],[126.86366,34.97942],[126.86215,34.97916],[126.86204,34.97915],[126.86198,34.97916],[126.8619,34.97918],[126.86176,34.97924],[126.85789,34.9811],[126.85779,34.98117],[126.85775,34.98123],[126.85726,34.98236],[126.85724,34.98244],[126.85614,34.98499],[126.85412,34.98728],[126.85224,34.98701],[126.85217,34.98694],[126.8511,34.98619],[126.851,34.98611],[126.85078,34.98605],[126.85029,34.98601],[126.84925,34.98612],[126.84794,34.98633],[126.84687,34.98651],[126.84671,34.98655],[126.8465,34.98661],[126.84483,34.98711],[126.84478,34.98713],[126.8423,34.99161],[126.84227,34.99167],[126.84222,34.99184],[126.84214,34.99214],[126.84211,34.99233],[126.84207,34.9946],[126.84207,34.99464],[126.8421,34.99469],[126.84214,34.99473],[126.84225,34.99477],[126.84248,34.99486],[126.84277,34.99496],[126.84428,34.99666],[126.84615,34.99925],[126.84627,34.99945],[126.84631,34.99955],[126.8462,35.00223],[126.8454,35.00742],[126.84538,35.00749],[126.84533,35.00754],[126.84511,35.00769],[126.84483,35.00783],[126.84464,35.00787],[126.84434,35.00793],[126.84393,35.00796],[126.84372,35.00797],[126.84324,35.00797],[126.84305,35.00838],[126.84298,35.00852],[126.84286,35.00866],[126.84249,35.00902],[126.84235,35.00912],[126.84232,35.00913],[126.84228,35.00915],[126.84211,35.00916],[126.84178,35.00915],[126.84164,35.00913],[126.84129,35.00905],[126.84085,35.00891],[126.84041,35.00875],[126.84007,35.0086],[126.83992,35.00853],[126.83969,35.00838],[126.83736,35.00736],[126.83436,35.00624],[126.83425,35.00621],[126.83404,35.00619],[126.83387,35.0062],[126.83349,35.00627],[126.83252,35.0065],[126.83225,35.0066],[126.83292,35.00845],[126.8343,35.01209],[126.83452,35.01256],[126.83476,35.01456],[126.83413,35.01489],[126.83333,35.01543],[126.8332,35.01555],[126.83302,35.01662],[126.83302,35.01681],[126.83315,35.0189],[126.83317,35.01916],[126.83333,35.01947],[126.83359,35.01981],[126.83449,35.02062],[126.83537,35.02102],[126.83603,35.0214],[126.83655,35.02352],[126.83643,35.02357],[126.83618,35.02366],[126.83467,35.02415],[126.83411,35.0243],[126.83336,35.02443],[126.83263,35.02456],[126.8318,35.02466],[126.83154,35.02474],[126.83139,35.02485],[126.82994,35.02926],[126.827,35.03263],[126.82411,35.03626],[126.82475,35.03845],[126.82715,35.04139],[126.82883,35.04177],[126.83061,35.04225],[126.83112,35.04248],[126.83155,35.04273],[126.83343,35.04467],[126.83486,35.04723],[126.83486,35.04729],[126.83484,35.04734],[126.83219,35.04953],[126.82942,35.04957],[126.82779,35.04966],[126.82769,35.04983],[126.82756,35.05021],[126.82736,35.05086],[126.82701,35.05204],[126.8267,35.0531],[126.82371,35.054],[126.82318,35.05415],[126.82227,35.05418],[126.81994,35.05378],[126.81909,35.05299],[126.81912,35.05311],[126.81968,35.05471],[126.81973,35.05486],[126.81991,35.05535],[126.82218,35.05992],[126.82682,35.06242],[126.82738,35.06245],[126.82782,35.06247],[126.8282,35.06223],[126.8293,35.06218],[126.83019,35.06214],[126.83453,35.0634],[126.83632,35.064],[126.83708,35.06582],[126.84289,35.06528],[126.84628,35.06867],[126.84789,35.0707],[126.84796,35.07132],[126.84803,35.07196],[126.85002,35.07281],[126.8518,35.07334],[126.85241,35.07349],[126.85322,35.0737],[126.85415,35.0748],[126.85484,35.0764],[126.85519,35.07727],[126.85569,35.07814],[126.85744,35.07844],[126.85951,35.07877],[126.86063,35.07873],[126.86189,35.07785],[126.86204,35.07754],[126.8624,35.0768],[126.86462,35.0756],[126.86539,35.07524],[126.86981,35.07453],[126.87175,35.07432],[126.88107,35.07875],[126.88307,35.08013],[126.88325,35.08026],[126.88499,35.08149],[126.88506,35.08153],[126.88784,35.08024],[126.89206,35.07816]]]]}},{"type":"Feature","properties":{"code":"12170310","name":"세지면","parent":"12170"},"geometry":{"type":"MultiPolygon","coordinates":[[[[126.7354,34.96837],[126.73672,34.96718],[126.7369,34.96688],[126.73696,34.96666],[126.73693,34.96639],[126.7368,34.96608],[126.7365,34.96559],[126.73644,34.96545],[126.73616,34.96466],[126.73793,34.96306],[126.73865,34.96247],[126.73883,34.96234],[126.73902,34.96225],[126.73945,34.9589],[126.73706,34.95646],[126.73829,34.95205],[126.73837,34.95188],[126.73849,34.95168],[126.73878,34.95132],[126.74603,34.94535],[126.74688,34.94466],[126.74794,34.94425],[126.74859,34.94401],[126.74881,34.94391],[126.74886,34.94388],[126.74915,34.94369],[126.75026,34.9429],[126.75049,34.94273],[126.75093,34.94234],[126.75117,34.94211],[126.75143,34.94179],[126.75165,34.94135],[126.75221,34.94018],[126.75229,34.93996],[126.7523,34.93938],[126.7524,34.93548],[126.7524,34.93503],[126.75227,34.93341],[126.75221,34.93272],[126.75215,34.93244],[126.75365,34.92887],[126.75436,34.92831],[126.75525,34.92747],[126.75779,34.92502],[126.75758,34.92467],[126.75685,34.92355],[126.75595,34.92273],[126.75544,34.92225],[126.75516,34.9219],[126.75485,34.92151],[126.75476,34.92135],[126.7547,34.92126],[126.7546,34.92099],[126.75444,34.9203],[126.75443,34.92022],[126.75443,34.92002],[126.75449,34.91855],[126.7545,34.9184],[126.75455,34.91828],[126.75516,34.91721],[126.75523,34.91712],[126.75619,34.91583],[126.75625,34.91577],[126.75785,34.9149],[126.7579,34.91488],[126.75803,34.91488],[126.75898,34.9149],[126.75907,34.91492],[126.75934,34.91504],[126.7596,34.91517],[126.75992,34.91532],[126.76001,34.91535],[126.76114,34.91553],[126.76144,34.91554],[126.76157,34.91553],[126.7616,34.91549],[126.76168,34.91533],[126.76194,34.91451],[126.76236,34.91338],[126.76397,34.91017],[126.76405,34.91001],[126.76488,34.90853],[126.76568,34.90722],[126.76646,34.90611],[126.76667,34.90588],[126.76739,34.90508],[126.76756,34.90487],[126.7688,34.90325],[126.76881,34.90322],[126.7688,34.90318],[126.76874,34.90301],[126.76794,34.90131],[126.76785,34.90121],[126.76682,34.90025],[126.7661,34.8996],[126.76587,34.8994],[126.76347,34.9001],[126.7625,34.89857],[126.76216,34.89841],[126.75959,34.8976],[126.75285,34.89649],[126.7504,34.89625],[126.74995,34.89664],[126.74962,34.89684],[126.74942,34.89692],[126.74905,34.89703],[126.7467,34.89767],[126.74484,34.89801],[126.74471,34.89794],[126.74462,34.89784],[126.74412,34.89723],[126.74345,34.89657],[126.74172,34.89495],[126.74153,34.89479],[126.73644,34.89193],[126.73629,34.89184],[126.73342,34.89044],[126.73332,34.89041],[126.72781,34.88935],[126.72729,34.88927],[126.72671,34.8892],[126.72643,34.88921],[126.72628,34.88925],[126.72576,34.8895],[126.72525,34.88959],[126.72515,34.88961],[126.72498,34.88971],[126.72082,34.89218],[126.72074,34.89225],[126.71997,34.89318],[126.71994,34.89325],[126.71981,34.89352],[126.71971,34.89391],[126.71973,34.89399],[126.71938,34.89713],[126.71895,34.89756],[126.71787,34.89878],[126.7167,34.90276],[126.7162,34.90507],[126.71334,34.90706],[126.71261,34.90701],[126.7121,34.90673],[126.71187,34.90664],[126.7118,34.90664],[126.71177,34.90667],[126.71174,34.90674],[126.71159,34.9076],[126.71162,34.90799],[126.71172,34.9086],[126.71349,34.91175],[126.71411,34.91233],[126.71457,34.91272],[126.71461,34.91274],[126.71484,34.91299],[126.71496,34.91338],[126.71594,34.91762],[126.71511,34.91818],[126.71458,34.91843],[126.7139,34.91872],[126.70773,34.92398],[126.7063,34.92621],[126.70378,34.92961],[126.70359,34.92967],[126.70347,34.92974],[126.70301,34.93003],[126.70198,34.93321],[126.70199,34.93327],[126.70265,34.93442],[126.70309,34.93418],[126.70395,34.93405],[126.70462,34.93407],[126.70737,34.93419],[126.70854,34.93429],[126.71063,34.93483],[126.71097,34.935],[126.71121,34.93513],[126.71131,34.93518],[126.71153,34.9363],[126.71111,34.9389],[126.71107,34.93909],[126.71093,34.93942],[126.71055,34.94035],[126.71011,34.94128],[126.71013,34.94267],[126.71046,34.94384],[126.71186,34.94726],[126.71469,34.95096],[126.71657,34.95224],[126.71756,34.95274],[126.7172,34.95441],[126.71651,34.95756],[126.71623,34.9578],[126.7161,34.95792],[126.71548,34.96041],[126.71543,34.96135],[126.71554,34.96487],[126.7159,34.97248],[126.72065,34.97279],[126.72142,34.9729],[126.72278,34.972],[126.72309,34.97178],[126.72318,34.9717],[126.72321,34.97163],[126.72324,34.97154],[126.72328,34.97139],[126.72329,34.97132],[126.72331,34.97117],[126.72332,34.97109],[126.72334,34.97102],[126.72338,34.97094],[126.72344,34.97085],[126.72349,34.97078],[126.72351,34.97075],[126.72358,34.97071],[126.72368,34.97069],[126.72455,34.97048],[126.72515,34.97043],[126.72532,34.97041],[126.72693,34.97033],[126.72707,34.97032],[126.72715,34.97032],[126.72725,34.97032],[126.72735,34.97034],[126.72759,34.97041],[126.72773,34.97047],[126.72776,34.97051],[126.72785,34.97076],[126.72789,34.97102],[126.72792,34.97134],[126.72795,34.97191],[126.72798,34.97221],[126.72798,34.97225],[126.72803,34.97229],[126.72812,34.97234],[126.72824,34.97238],[126.72931,34.97274],[126.72949,34.9729],[126.72956,34.97294],[126.72965,34.97295],[126.72976,34.97287],[126.73037,34.97181],[126.7305,34.97148],[126.73057,34.97081],[126.73076,34.97034],[126.73159,34.96944],[126.73176,34.9693],[126.73258,34.96861],[126.73302,34.96827],[126.73326,34.96825],[126.7354,34.96837]]]]}},{"type":"Feature","properties":{"code":"12170320","name":"왕곡면","parent":"12170"},"geometry":{"type":"MultiPolygon","coordinates":[[[[126.7159,34.97248],[126.71554,34.96487],[126.71543,34.96135],[126.71548,34.96041],[126.7161,34.95792],[126.71623,34.9578],[126.71651,34.95756],[126.7172,34.95441],[126.71756,34.95274],[126.71657,34.95224],[126.71469,34.95096],[126.71186,34.94726],[126.71046,34.94384],[126.71013,34.94267],[126.71011,34.94128],[126.71055,34.94035],[126.71093,34.93942],[126.71107,34.93909],[126.71111,34.9389],[126.71153,34.9363],[126.71131,34.93518],[126.71121,34.93513],[126.71097,34.935],[126.71063,34.93483],[126.70854,34.93429],[126.70737,34.93419],[126.70462,34.93407],[126.70395,34.93405],[126.70309,34.93418],[126.70265,34.93442],[126.70256,34.93475],[126.70204,34.93584],[126.69896,34.94047],[126.69719,34.94164],[126.69511,34.94229],[126.69397,34.9425],[126.69369,34.94254],[126.69348,34.94256],[126.69326,34.94254],[126.69309,34.9425],[126.69287,34.94244],[126.69159,34.94197],[126.69144,34.94194],[126.69132,34.94194],[126.69115,34.94195],[126.68847,34.94268],[126.68759,34.94321],[126.6871,34.94372],[126.68404,34.9448],[126.68334,34.94458],[126.68312,34.94457],[126.68106,34.9446],[126.67756,34.94506],[126.67644,34.9463],[126.6685,34.94508],[126.66799,34.94506],[126.66635,34.94546],[126.666,34.94569],[126.66379,34.94729],[126.66325,34.94759],[126.66254,34.94781],[126.66085,34.94809],[126.65979,34.94829],[126.65954,34.94838],[126.65826,34.94947],[126.65745,34.95023],[126.65639,34.95162],[126.65585,34.95194],[126.65514,34.9521],[126.65348,34.95184],[126.65153,34.9507],[126.65119,34.95037],[126.64876,34.94773],[126.64721,34.9457],[126.64732,34.94511],[126.64733,34.94501],[126.64735,34.94394],[126.64733,34.94376],[126.64725,34.94357],[126.64713,34.94324],[126.64708,34.9431],[126.6461,34.94155],[126.64606,34.94152],[126.646,34.94151],[126.64591,34.94151],[126.64456,34.94153],[126.64452,34.94154],[126.64445,34.94156],[126.64426,34.94171],[126.64419,34.94176],[126.64388,34.94209],[126.64286,34.94265],[126.64132,34.94472],[126.64088,34.94496],[126.63857,34.9439],[126.63726,34.94361],[126.63623,34.94355],[126.63567,34.94352],[126.63547,34.94548],[126.63427,34.94563],[126.6333,34.94574],[126.63236,34.94578],[126.63104,34.94544],[126.63044,34.94522],[126.62879,34.9464],[126.62702,34.94796],[126.62622,34.94967],[126.62647,34.95058],[126.62601,34.95141],[126.62299,34.95296],[126.62232,34.95311],[126.61997,34.9534],[126.61915,34.95348],[126.61881,34.95362],[126.61878,34.95363],[126.61752,34.95436],[126.61589,34.95578],[126.61374,34.95752],[126.6132,34.95791],[126.61196,34.95789],[126.6099,34.9584],[126.60877,34.95954],[126.60808,34.96098],[126.60777,34.9625],[126.60767,34.96417],[126.61093,34.96616],[126.61234,34.9665],[126.61276,34.96705],[126.6131,34.96918],[126.61386,34.97143],[126.62205,34.97011],[126.62242,34.97005],[126.62717,34.96792],[126.62779,34.96751],[126.63014,34.96593],[126.63295,34.96491],[126.63572,34.9639],[126.63791,34.96379],[126.6401,34.96367],[126.64312,34.96417],[126.64532,34.96556],[126.64613,34.96608],[126.64624,34.96901],[126.64517,34.97027],[126.64309,34.97178],[126.63983,34.97206],[126.63212,34.97311],[126.63076,34.97452],[126.63273,34.97597],[126.63489,34.97755],[126.635,34.97887],[126.63501,34.97891],[126.63534,34.98272],[126.63776,34.98376],[126.6408,34.97942],[126.64242,34.97711],[126.64258,34.97676],[126.64305,34.97628],[126.64369,34.97589],[126.64549,34.97479],[126.64648,34.97433],[126.64732,34.9742],[126.64876,34.97401],[126.64918,34.97395],[126.65448,34.97375],[126.65511,34.97374],[126.65535,34.97374],[126.65681,34.97394],[126.65738,34.97438],[126.65817,34.97474],[126.6626,34.97637],[126.66343,34.97658],[126.66429,34.97645],[126.66518,34.97626],[126.6655,34.97615],[126.66576,34.97605],[126.66679,34.97565],[126.66691,34.97559],[126.66832,34.97483],[126.66844,34.97475],[126.66854,34.97465],[126.66861,34.97459],[126.66912,34.97402],[126.66922,34.97388],[126.66935,34.97368],[126.66959,34.97352],[126.67029,34.97309],[126.67054,34.97295],[126.67793,34.97075],[126.68072,34.97003],[126.68193,34.96997],[126.6843,34.97151],[126.68465,34.97276],[126.68586,34.97355],[126.68736,34.97451],[126.68819,34.97477],[126.68882,34.97445],[126.68945,34.97414],[126.69013,34.97413],[126.69303,34.97457],[126.69498,34.97671],[126.69682,34.97846],[126.69995,34.98062],[126.7005,34.98411],[126.70364,34.98744],[126.70514,34.98823],[126.70517,34.98824],[126.70551,34.98826],[126.70582,34.98828],[126.70608,34.98827],[126.70632,34.98821],[126.70688,34.98802],[126.70731,34.98743],[126.70744,34.98718],[126.71028,34.98116],[126.71082,34.98002],[126.71197,34.97817],[126.71484,34.9755],[126.71572,34.97414],[126.71585,34.97294],[126.7159,34.97248]]]]}},{"type":"Feature","properties":{"code":"12170330","name":"반남면","parent":"12170"},"geometry":{"type":"MultiPolygon","coordinates":[[[[126.6685,34.94508],[126.66852,34.94354],[126.66839,34.94228],[126.66822,34.9418],[126.66739,34.94064],[126.66724,34.94051],[126.66649,34.94005],[126.66596,34.93959],[126.66495,34.93844],[126.6625,34.9351],[126.66209,34.93405],[126.66178,34.92949],[126.66179,34.92933],[126.66183,34.92917],[126.66184,34.92911],[126.66191,34.92885],[126.662,34.92852],[126.66206,34.92838],[126.66211,34.92826],[126.66298,34.92703],[126.66303,34.92701],[126.66409,34.92687],[126.66421,34.92687],[126.6643,34.92691],[126.66438,34.92699],[126.66484,34.92761],[126.66617,34.92743],[126.66916,34.92682],[126.66926,34.92679],[126.6713,34.92363],[126.67251,34.92111],[126.6747,34.91851],[126.6754,34.91776],[126.67579,34.91725],[126.67599,34.91698],[126.67618,34.91648],[126.67631,34.91595],[126.67643,34.91536],[126.67654,34.91432],[126.67655,34.91421],[126.67655,34.91398],[126.67578,34.91179],[126.67716,34.90935],[126.67692,34.90904],[126.6761,34.90747],[126.67606,34.90726],[126.67607,34.90638],[126.67608,34.90596],[126.67616,34.90532],[126.67658,34.90329],[126.67723,34.90119],[126.67893,34.8974],[126.67908,34.89728],[126.67921,34.89721],[126.67966,34.89719],[126.68006,34.89717],[126.68017,34.89713],[126.68021,34.89712],[126.68037,34.89702],[126.68052,34.89685],[126.68214,34.89448],[126.68213,34.89378],[126.68177,34.89317],[126.68143,34.89269],[126.68028,34.89234],[126.67976,34.89239],[126.67916,34.89277],[126.67872,34.89333],[126.67856,34.89341],[126.67824,34.89334],[126.67513,34.89109],[126.67492,34.89089],[126.67376,34.88756],[126.67387,34.88743],[126.67508,34.88624],[126.67523,34.88597],[126.67665,34.88301],[126.6753,34.88191],[126.67295,34.88178],[126.67253,34.88178],[126.67248,34.88179],[126.67159,34.88231],[126.67137,34.88247],[126.67056,34.8832],[126.67004,34.88462],[126.66919,34.88661],[126.66913,34.88671],[126.66862,34.8869],[126.66706,34.88734],[126.66686,34.88734],[126.66639,34.88734],[126.66636,34.88723],[126.66634,34.88694],[126.6659,34.88691],[126.66533,34.8871],[126.66504,34.88725],[126.66494,34.88733],[126.6643,34.88801],[126.66418,34.88815],[126.66408,34.88833],[126.66405,34.88886],[126.66418,34.88929],[126.66423,34.88946],[126.66464,34.8901],[126.66393,34.89231],[126.66382,34.89243],[126.66269,34.89294],[126.66221,34.89313],[126.66164,34.89329],[126.66142,34.89334],[126.66127,34.89337],[126.66111,34.89338],[126.66086,34.89335],[126.66009,34.89283],[126.6539,34.89312],[126.65136,34.89346],[126.65087,34.89259],[126.65089,34.89249],[126.65088,34.89181],[126.65083,34.89078],[126.65081,34.89052],[126.65058,34.88951],[126.65031,34.88908],[126.65001,34.88871],[126.64831,34.88947],[126.64661,34.89055],[126.64633,34.89069],[126.6441,34.89133],[126.644,34.89134],[126.64368,34.89123],[126.64229,34.89072],[126.6419,34.89058],[126.64146,34.89041],[126.64129,34.89013],[126.64117,34.88988],[126.64096,34.88951],[126.64063,34.88915],[126.64032,34.88884],[126.64024,34.88876],[126.64012,34.88864],[126.63497,34.88836],[126.63438,34.88837],[126.63102,34.88854],[126.63114,34.88999],[126.63032,34.89372],[126.62991,34.8939],[126.62945,34.89414],[126.62924,34.89433],[126.62775,34.89644],[126.62774,34.89674],[126.62777,34.89737],[126.62808,34.89881],[126.62813,34.89891],[126.62822,34.899],[126.62907,34.89917],[126.6292,34.89917],[126.62945,34.89914],[126.63073,34.89875],[126.63092,34.89864],[126.63123,34.89834],[126.63145,34.89814],[126.63182,34.89803],[126.63309,34.89764],[126.63377,34.89764],[126.6346,34.89768],[126.63469,34.89774],[126.63476,34.89792],[126.63549,34.90062],[126.63553,34.90087],[126.6355,34.9011],[126.6348,34.907],[126.63478,34.90707],[126.63472,34.90711],[126.63465,34.90715],[126.63451,34.90719],[126.63434,34.90722],[126.6341,34.90726],[126.63392,34.90732],[126.6334,34.90761],[126.63296,34.90785],[126.63204,34.90897],[126.632,34.90905],[126.632,34.90958],[126.63202,34.9097],[126.63206,34.90978],[126.63244,34.91043],[126.63244,34.91054],[126.63235,34.91123],[126.63163,34.91446],[126.63151,34.91461],[126.63107,34.91508],[126.63102,34.91513],[126.63093,34.91515],[126.63082,34.91516],[126.63073,34.91516],[126.63065,34.91516],[126.63056,34.91519],[126.63049,34.91523],[126.63039,34.91532],[126.62898,34.91718],[126.62872,34.91753],[126.62867,34.91761],[126.6286,34.91781],[126.62811,34.91954],[126.6281,34.91962],[126.6281,34.91968],[126.62811,34.91976],[126.62815,34.91982],[126.62864,34.92037],[126.63194,34.9205],[126.63409,34.92031],[126.6364,34.92037],[126.64081,34.92077],[126.64344,34.92139],[126.64414,34.9219],[126.64537,34.92394],[126.64693,34.92774],[126.64679,34.92867],[126.64606,34.92945],[126.6439,34.93062],[126.64312,34.93213],[126.64042,34.93753],[126.6406,34.93771],[126.64269,34.93922],[126.64379,34.94162],[126.64388,34.94209],[126.64419,34.94176],[126.64426,34.94171],[126.64445,34.94156],[126.64452,34.94154],[126.64456,34.94153],[126.64591,34.94151],[126.646,34.94151],[126.64606,34.94152],[126.6461,34.94155],[126.64708,34.9431],[126.64713,34.94324],[126.64725,34.94357],[126.64733,34.94376],[126.64735,34.94394],[126.64733,34.94501],[126.64732,34.94511],[126.64721,34.9457],[126.64876,34.94773],[126.65119,34.95037],[126.65153,34.9507],[126.65348,34.95184],[126.65514,34.9521],[126.65585,34.95194],[126.65639,34.95162],[126.65745,34.95023],[126.65826,34.94947],[126.65954,34.94838],[126.65979,34.94829],[126.66085,34.94809],[126.66254,34.94781],[126.66325,34.94759],[126.66379,34.94729],[126.666,34.94569],[126.66635,34.94546],[126.66799,34.94506],[126.6685,34.94508]]]]}},{"type":"Feature","properties":{"code":"12170340","name":"공산면","parent":"12170"},"geometry":{"type":"MultiPolygon","coordinates":[[[[126.61386,34.97143],[126.6131,34.96918],[126.61276,34.96705],[126.61234,34.9665],[126.61093,34.96616],[126.60767,34.96417],[126.60777,34.9625],[126.60808,34.96098],[126.60877,34.95954],[126.6099,34.9584],[126.61196,34.95789],[126.6132,34.95791],[126.61374,34.95752],[126.61589,34.95578],[126.61752,34.95436],[126.61878,34.95363],[126.61881,34.95362],[126.61915,34.95348],[126.61997,34.9534],[126.62232,34.95311],[126.62299,34.95296],[126.62601,34.95141],[126.62647,34.95058],[126.62622,34.94967],[126.62702,34.94796],[126.62879,34.9464],[126.63044,34.94522],[126.63104,34.94544],[126.63236,34.94578],[126.6333,34.94574],[126.63427,34.94563],[126.63547,34.94548],[126.63567,34.94352],[126.63623,34.94355],[126.63726,34.94361],[126.63857,34.9439],[126.64088,34.94496],[126.64132,34.94472],[126.64286,34.94265],[126.64388,34.94209],[126.64379,34.94162],[126.64269,34.93922],[126.6406,34.93771],[126.64042,34.93753],[126.64312,34.93213],[126.6439,34.93062],[126.64606,34.92945],[126.64679,34.92867],[126.64693,34.92774],[126.64537,34.92394],[126.64414,34.9219],[126.64344,34.92139],[126.64081,34.92077],[126.6364,34.92037],[126.63409,34.92031],[126.63194,34.9205],[126.62864,34.92037],[126.62864,34.92079],[126.62619,34.92105],[126.62217,34.92372],[126.61884,34.9259],[126.61837,34.926],[126.61645,34.92555],[126.6146,34.92505],[126.61353,34.92365],[126.61336,34.92303],[126.61285,34.92253],[126.61177,34.92272],[126.61074,34.92318],[126.60998,34.92371],[126.61008,34.92421],[126.61062,34.92433],[126.61121,34.92432],[126.61153,34.92461],[126.6119,34.92591],[126.61168,34.92636],[126.61114,34.92659],[126.60752,34.92587],[126.60636,34.92661],[126.6049,34.92814],[126.60562,34.92908],[126.60575,34.92967],[126.60544,34.92996],[126.60499,34.93024],[126.6007,34.92928],[126.6002,34.92893],[126.59933,34.92792],[126.59928,34.92749],[126.59978,34.92687],[126.60052,34.92657],[126.60107,34.92662],[126.60157,34.92648],[126.60207,34.92617],[126.60246,34.92543],[126.60272,34.92468],[126.60295,34.92391],[126.60208,34.92316],[126.60138,34.92316],[126.59813,34.92349],[126.59662,34.92531],[126.59612,34.92574],[126.59537,34.92589],[126.59432,34.92548],[126.59325,34.92406],[126.5931,34.92386],[126.59274,34.92327],[126.59279,34.92264],[126.5931,34.92175],[126.59549,34.92042],[126.59657,34.91766],[126.5969,34.91644],[126.59668,34.91575],[126.59555,34.91537],[126.59377,34.91489],[126.59283,34.915],[126.59263,34.91514],[126.59123,34.91612],[126.59083,34.91749],[126.59131,34.91833],[126.59058,34.91893],[126.58938,34.91907],[126.58848,34.91898],[126.588,34.9184],[126.58785,34.91658],[126.5874,34.91621],[126.58484,34.91541],[126.58399,34.91578],[126.58352,34.91613],[126.58288,34.91678],[126.58289,34.91733],[126.58338,34.91793],[126.58399,34.91832],[126.58411,34.91885],[126.58393,34.91917],[126.58372,34.91945],[126.58334,34.91984],[126.58295,34.92021],[126.58274,34.92035],[126.58313,34.92054],[126.58336,34.92069],[126.58365,34.92197],[126.5837,34.92284],[126.58371,34.9255],[126.58161,34.93067],[126.58,34.93466],[126.57986,34.93685],[126.57977,34.93723],[126.57768,34.94168],[126.57585,34.94635],[126.57549,34.94747],[126.57516,34.94805],[126.5745,34.94904],[126.57227,34.94901],[126.57168,34.94945],[126.57022,34.95205],[126.56955,34.95396],[126.56934,34.95484],[126.56934,34.95493],[126.56439,34.95436],[126.5641,34.95456],[126.56355,34.95495],[126.56142,34.95676],[126.56126,34.95736],[126.56176,34.95877],[126.56203,34.95986],[126.56226,34.96293],[126.56197,34.96405],[126.56171,34.96489],[126.56161,34.96519],[126.56155,34.96536],[126.56175,34.96567],[126.56452,34.96849],[126.56459,34.96959],[126.56478,34.97035],[126.56515,34.97118],[126.56891,34.97575],[126.56909,34.97589],[126.56973,34.97628],[126.56986,34.97635],[126.57076,34.97379],[126.57399,34.97284],[126.5781,34.97507],[126.58007,34.97635],[126.58083,34.97684],[126.58121,34.97784],[126.58274,34.98193],[126.58429,34.98446],[126.58485,34.98539],[126.586,34.98726],[126.58661,34.98827],[126.58843,34.98948],[126.5895,34.9902],[126.59103,34.99121],[126.59126,34.99125],[126.5927,34.99145],[126.59415,34.99085],[126.59504,34.99016],[126.59704,34.98731],[126.59706,34.98728],[126.59791,34.98567],[126.59874,34.98434],[126.59973,34.98321],[126.60055,34.98276],[126.60153,34.98249],[126.60197,34.98247],[126.60361,34.98241],[126.60577,34.98241],[126.60753,34.98187],[126.60831,34.98146],[126.60893,34.98084],[126.60916,34.98061],[126.6097,34.97975],[126.60986,34.9788],[126.61027,34.97603],[126.6112,34.97354],[126.61198,34.97267],[126.61369,34.97146],[126.61386,34.97143]]]]}},{"type":"Feature","properties":{"code":"12170350","name":"동강면","parent":"12170"},"geometry":{"type":"MultiPolygon","coordinates":[[[[126.56986,34.97635],[126.56973,34.97628],[126.56909,34.97589],[126.56891,34.97575],[126.56515,34.97118],[126.56478,34.97035],[126.56459,34.96959],[126.56452,34.96849],[126.56175,34.96567],[126.56155,34.96536],[126.56161,34.96519],[126.56171,34.96489],[126.56197,34.96405],[126.56226,34.96293],[126.56203,34.95986],[126.56176,34.95877],[126.56126,34.95736],[126.56142,34.95676],[126.56355,34.95495],[126.5641,34.95456],[126.56439,34.95436],[126.56934,34.95493],[126.56934,34.95484],[126.56955,34.95396],[126.57022,34.95205],[126.57168,34.94945],[126.57227,34.94901],[126.5745,34.94904],[126.57516,34.94805],[126.57549,34.94747],[126.57585,34.94635],[126.57768,34.94168],[126.57977,34.93723],[126.57986,34.93685],[126.58,34.93466],[126.58161,34.93067],[126.58371,34.9255],[126.5837,34.92284],[126.58365,34.92197],[126.58336,34.92069],[126.58313,34.92054],[126.58274,34.92035],[126.58213,34.92034],[126.58173,34.9203],[126.58118,34.92022],[126.58063,34.92008],[126.58021,34.91997],[126.57992,34.91986],[126.5797,34.91974],[126.57942,34.91954],[126.57925,34.91942],[126.5791,34.91918],[126.57905,34.91902],[126.57906,34.91861],[126.57911,34.91829],[126.57917,34.91783],[126.57917,34.91722],[126.57912,34.91703],[126.57907,34.91692],[126.57894,34.91678],[126.57871,34.91664],[126.57839,34.91651],[126.57813,34.91642],[126.57795,34.91638],[126.5777,34.91634],[126.5774,34.91632],[126.57641,34.91632],[126.576,34.91629],[126.57575,34.91623],[126.57562,34.91618],[126.57549,34.91614],[126.57528,34.91603],[126.575,34.91579],[126.57466,34.91544],[126.5745,34.91525],[126.5744,34.91511],[126.5743,34.91491],[126.57421,34.9146],[126.57413,34.91423],[126.57318,34.90885],[126.57315,34.9086],[126.57314,34.90845],[126.57316,34.90806],[126.57326,34.90775],[126.57346,34.90742],[126.57371,34.90711],[126.57397,34.90687],[126.57413,34.90675],[126.57439,34.90664],[126.57459,34.90656],[126.57491,34.90649],[126.57518,34.90647],[126.57542,34.90648],[126.57581,34.90649],[126.57614,34.90655],[126.57641,34.90664],[126.57691,34.90672],[126.57721,34.90676],[126.57747,34.90678],[126.57774,34.90677],[126.57805,34.90674],[126.57827,34.9067],[126.57854,34.90664],[126.57887,34.90653],[126.57925,34.90634],[126.57953,34.90618],[126.57972,34.90603],[126.57998,34.90582],[126.58019,34.90561],[126.58036,34.90532],[126.58049,34.90501],[126.58053,34.90484],[126.58055,34.90466],[126.58054,34.90437],[126.58049,34.90399],[126.58037,34.90359],[126.58006,34.9031],[126.57971,34.9023],[126.57962,34.9017],[126.57966,34.90058],[126.57982,34.89958],[126.5801,34.89822],[126.58039,34.89684],[126.5804,34.89644],[126.58033,34.89601],[126.58032,34.89598],[126.5801,34.89538],[126.57992,34.89512],[126.57961,34.89489],[126.57919,34.89471],[126.57837,34.89439],[126.57807,34.89428],[126.57758,34.8941],[126.57707,34.89398],[126.57673,34.89392],[126.57642,34.8939],[126.57564,34.89389],[126.57499,34.89387],[126.57468,34.89386],[126.57409,34.8937],[126.57361,34.89348],[126.57324,34.89325],[126.57296,34.89305],[126.57288,34.89298],[126.57283,34.89294],[126.57257,34.89267],[126.57234,34.89233],[126.57213,34.8919],[126.57199,34.89136],[126.57198,34.89042],[126.57199,34.89017],[126.57208,34.8895],[126.57214,34.88907],[126.57226,34.88834],[126.57243,34.88703],[126.57253,34.88624],[126.57262,34.88529],[126.5727,34.88389],[126.57266,34.88336],[126.57265,34.88332],[126.57259,34.88279],[126.57251,34.8824],[126.57242,34.88205],[126.57224,34.88143],[126.57102,34.87735],[126.57068,34.87661],[126.57036,34.876],[126.56971,34.875],[126.56875,34.87379],[126.56805,34.87293],[126.56702,34.87194],[126.56589,34.87092],[126.56427,34.86967],[126.56321,34.86897],[126.5546,34.86388],[126.5532,34.86324],[126.5532,34.86451],[126.55313,34.86609],[126.55293,34.86791],[126.55265,34.86959],[126.55239,34.87088],[126.55195,34.87241],[126.55156,34.87347],[126.55079,34.8753],[126.54984,34.87729],[126.54892,34.879],[126.54875,34.87932],[126.54853,34.87966],[126.54835,34.87995],[126.54815,34.88022],[126.54783,34.88063],[126.54324,34.88543],[126.54104,34.88751],[126.54028,34.88826],[126.5387,34.8898],[126.53385,34.89473],[126.5325,34.8962],[126.53159,34.89719],[126.53018,34.89881],[126.52941,34.89971],[126.52666,34.9031],[126.52541,34.9044],[126.52421,34.90563],[126.52318,34.90657],[126.52296,34.90676],[126.52145,34.90803],[126.52092,34.90848],[126.51939,34.90975],[126.51817,34.91076],[126.51725,34.9117],[126.51671,34.91235],[126.51636,34.91287],[126.51541,34.91427],[126.51451,34.91608],[126.51391,34.91761],[126.51355,34.91905],[126.51347,34.92015],[126.51347,34.92073],[126.51362,34.92213],[126.51414,34.9237],[126.5143,34.92399],[126.51502,34.92529],[126.51581,34.92622],[126.51732,34.92739],[126.5186,34.9281],[126.52069,34.92908],[126.52087,34.92913],[126.52115,34.92918],[126.52139,34.9292],[126.52296,34.92921],[126.52379,34.92914],[126.52483,34.92876],[126.5258,34.92835],[126.52733,34.92752],[126.52884,34.92649],[126.5299,34.92552],[126.53142,34.92381],[126.53223,34.92251],[126.53405,34.91983],[126.53528,34.91844],[126.53534,34.91839],[126.53589,34.91796],[126.53644,34.91766],[126.53714,34.91747],[126.53772,34.91741],[126.5383,34.91742],[126.5384,34.91745],[126.53893,34.91757],[126.5402,34.91817],[126.54072,34.9186],[126.54137,34.91924],[126.54187,34.9199],[126.54223,34.92088],[126.54233,34.92133],[126.54235,34.92268],[126.54198,34.92403],[126.54184,34.92434],[126.54066,34.92643],[126.53946,34.9281],[126.53622,34.9319],[126.53349,34.93541],[126.53251,34.93719],[126.53163,34.93878],[126.52861,34.94509],[126.52835,34.94611],[126.5281,34.9474],[126.5281,34.9482],[126.5281,34.94847],[126.52821,34.94997],[126.52847,34.95185],[126.52871,34.95309],[126.52956,34.95498],[126.53046,34.95647],[126.5306,34.95667],[126.53272,34.95964],[126.53467,34.96239],[126.53476,34.96252],[126.53639,34.96496],[126.53665,34.96543],[126.53799,34.96789],[126.53866,34.96986],[126.53962,34.97249],[126.54075,34.97523],[126.54155,34.97736],[126.54186,34.97809],[126.54196,34.97828],[126.54222,34.97864],[126.54241,34.97891],[126.54256,34.9791],[126.54261,34.97916],[126.54331,34.97997],[126.54427,34.98101],[126.54602,34.98291],[126.54615,34.98304],[126.54629,34.98317],[126.54749,34.98414],[126.54775,34.98432],[126.54796,34.98447],[126.54994,34.98579],[126.55048,34.98615],[126.551,34.98646],[126.5514,34.98667],[126.55191,34.9869],[126.55239,34.9871],[126.55276,34.98724],[126.55317,34.98739],[126.55361,34.98753],[126.55424,34.98771],[126.55489,34.98785],[126.55524,34.98791],[126.55578,34.98801],[126.55622,34.98808],[126.55695,34.98819],[126.55783,34.98827],[126.5588,34.98835],[126.55925,34.98837],[126.55987,34.98838],[126.56016,34.98836],[126.5602,34.98836],[126.56072,34.9883],[126.56119,34.98824],[126.56158,34.98817],[126.56221,34.98798],[126.56291,34.98777],[126.56345,34.98756],[126.56394,34.9873],[126.56441,34.98702],[126.56483,34.98673],[126.56525,34.98642],[126.56589,34.98593],[126.56629,34.98557],[126.56666,34.98519],[126.56703,34.98476],[126.56724,34.98449],[126.56743,34.98422],[126.56759,34.98395],[126.56783,34.98353],[126.56803,34.98309],[126.56819,34.98269],[126.56822,34.98262],[126.56846,34.98198],[126.5687,34.98122],[126.56886,34.98059],[126.56895,34.98011],[126.56919,34.97878],[126.56986,34.97635]]]]}},{"type":"Feature","properties":{"code":"12170360","name":"다시면","parent":"12170"},"geometry":{"type":"MultiPolygon","coordinates":[[[[126.68335,35.05811],[126.68471,35.05786],[126.68651,35.05697],[126.68681,35.05664],[126.68704,35.05636],[126.6873,35.05618],[126.68761,35.05601],[126.68906,35.05544],[126.69086,35.05483],[126.69311,35.05484],[126.69441,35.05497],[126.6949,35.05511],[126.69606,35.05519],[126.69673,35.05509],[126.69725,35.05496],[126.69723,35.05375],[126.69721,35.05217],[126.6969,35.05209],[126.69579,35.0518],[126.69492,35.05188],[126.69242,35.05124],[126.68935,35.04934],[126.68694,35.04754],[126.68656,35.04631],[126.68545,35.04439],[126.68415,35.04334],[126.68274,35.04183],[126.68171,35.04029],[126.68114,35.03894],[126.68136,35.03643],[126.68185,35.03605],[126.68227,35.03535],[126.68228,35.03431],[126.68131,35.03243],[126.68122,35.03233],[126.68163,35.02982],[126.68208,35.02735],[126.68117,35.02674],[126.68009,35.02471],[126.67993,35.0234],[126.68135,35.02046],[126.68154,35.01944],[126.68143,35.0193],[126.68048,35.01884],[126.67819,35.01751],[126.67782,35.0173],[126.67741,35.017],[126.67714,35.01673],[126.67706,35.01654],[126.67643,35.01501],[126.67561,35.01116],[126.6756,35.01081],[126.67577,35.00862],[126.67601,35.00722],[126.67668,35.00337],[126.67531,35.00257],[126.67318,35.0005],[126.66911,34.99656],[126.66865,34.99607],[126.66833,34.99573],[126.66618,34.99343],[126.66291,34.98974],[126.66174,34.98735],[126.66159,34.98696],[126.66147,34.98662],[126.6611,34.98476],[126.66053,34.98402],[126.6601,34.98346],[126.65768,34.98147],[126.65541,34.98048],[126.65208,34.98019],[126.65049,34.98031],[126.64837,34.9813],[126.64664,34.98232],[126.64446,34.98354],[126.64309,34.98391],[126.64291,34.98393],[126.64066,34.98421],[126.6382,34.9839],[126.63776,34.98376],[126.63534,34.98272],[126.63501,34.97891],[126.635,34.97887],[126.63489,34.97755],[126.63273,34.97597],[126.63076,34.97452],[126.63212,34.97311],[126.63983,34.97206],[126.64309,34.97178],[126.64517,34.97027],[126.64624,34.96901],[126.64613,34.96608],[126.64532,34.96556],[126.64312,34.96417],[126.6401,34.96367],[126.63791,34.96379],[126.63572,34.9639],[126.63295,34.96491],[126.63014,34.96593],[126.62779,34.96751],[126.62717,34.96792],[126.62242,34.97005],[126.62205,34.97011],[126.61386,34.97143],[126.61369,34.97146],[126.61198,34.97267],[126.6112,34.97354],[126.61027,34.97603],[126.60986,34.9788],[126.6097,34.97975],[126.60916,34.98061],[126.60893,34.98084],[126.60831,34.98146],[126.60753,34.98187],[126.60577,34.98241],[126.60361,34.98241],[126.60197,34.98247],[126.60153,34.98249],[126.60055,34.98276],[126.59973,34.98321],[126.59874,34.98434],[126.59791,34.98567],[126.59706,34.98728],[126.59704,34.98731],[126.59504,34.99016],[126.59415,34.99085],[126.5927,34.99145],[126.59126,34.99125],[126.59114,34.99216],[126.5911,34.99248],[126.59267,34.99326],[126.5946,34.9941],[126.59755,34.99502],[126.59868,34.99599],[126.59909,34.99692],[126.59915,34.99768],[126.59886,34.99805],[126.59833,34.99801],[126.59798,34.9977],[126.59752,34.99675],[126.59704,34.99588],[126.59621,34.9955],[126.59474,34.9953],[126.59342,34.99551],[126.59222,34.99588],[126.59199,34.99619],[126.59215,34.99637],[126.59228,34.9965],[126.5936,34.99723],[126.59481,34.99769],[126.59554,34.99824],[126.59621,34.99895],[126.59656,34.99988],[126.59664,35.00051],[126.59595,35.00113],[126.59504,35.0019],[126.59454,35.00259],[126.59394,35.00381],[126.59343,35.0049],[126.59347,35.00541],[126.59357,35.00645],[126.59366,35.00666],[126.59416,35.0068],[126.59445,35.00666],[126.59462,35.00638],[126.59456,35.00573],[126.59433,35.00512],[126.59442,35.00457],[126.59484,35.00426],[126.59566,35.00411],[126.59606,35.0044],[126.59896,35.00735],[126.59908,35.00771],[126.59962,35.00989],[126.59958,35.01071],[126.59955,35.01127],[126.59925,35.01187],[126.59911,35.01209],[126.59868,35.01277],[126.59811,35.01318],[126.59742,35.01333],[126.59459,35.0135],[126.59398,35.01342],[126.59301,35.01318],[126.59182,35.013],[126.58932,35.01272],[126.58714,35.01314],[126.58645,35.01367],[126.58637,35.01381],[126.58579,35.01479],[126.58589,35.0155],[126.58645,35.01749],[126.58781,35.01843],[126.58988,35.01954],[126.59025,35.02002],[126.59217,35.02258],[126.59392,35.02561],[126.59404,35.02589],[126.59454,35.02792],[126.59419,35.02901],[126.59405,35.02929],[126.5933,35.0312],[126.59303,35.03225],[126.5978,35.03216],[126.60319,35.03051],[126.60619,35.03018],[126.60962,35.02964],[126.60964,35.02961],[126.61031,35.02809],[126.60925,35.02637],[126.61025,35.02602],[126.61212,35.02538],[126.61411,35.02609],[126.61438,35.02619],[126.61747,35.02496],[126.61806,35.02469],[126.6188,35.02391],[126.6201,35.02281],[126.62208,35.02142],[126.62374,35.02062],[126.62476,35.02043],[126.62551,35.02062],[126.62577,35.02059],[126.62605,35.02049],[126.6263,35.02039],[126.62662,35.02026],[126.62958,35.01883],[126.62997,35.01858],[126.63023,35.01841],[126.63063,35.0182],[126.631,35.01801],[126.63157,35.01779],[126.63182,35.01772],[126.63198,35.01767],[126.63239,35.01759],[126.63305,35.01749],[126.6342,35.01858],[126.63431,35.0188],[126.63431,35.02261],[126.63429,35.02324],[126.63419,35.02364],[126.634,35.02384],[126.63383,35.024],[126.63362,35.02408],[126.63334,35.02414],[126.63299,35.02415],[126.63261,35.02417],[126.6319,35.02443],[126.63137,35.02488],[126.63095,35.02538],[126.63051,35.02597],[126.63049,35.02648],[126.6305,35.02677],[126.63116,35.03031],[126.63118,35.03034],[126.63128,35.03069],[126.63219,35.03326],[126.63277,35.03487],[126.63343,35.03502],[126.63369,35.03524],[126.63428,35.0359],[126.63433,35.03598],[126.63435,35.03603],[126.63367,35.03733],[126.63309,35.03876],[126.63312,35.03919],[126.63318,35.03935],[126.63341,35.03952],[126.63429,35.04003],[126.63472,35.04025],[126.6349,35.04031],[126.63506,35.04031],[126.63639,35.04],[126.63671,35.03994],[126.63682,35.03997],[126.63687,35.04003],[126.63724,35.04108],[126.63712,35.04456],[126.63704,35.04472],[126.63648,35.04568],[126.63599,35.04627],[126.63528,35.04741],[126.634,35.0505],[126.63408,35.05121],[126.63463,35.05471],[126.63471,35.0551],[126.63514,35.05617],[126.63818,35.06156],[126.64138,35.06557],[126.64151,35.06572],[126.64219,35.06633],[126.64284,35.06688],[126.6433,35.06719],[126.64361,35.06738],[126.64377,35.06747],[126.64451,35.06758],[126.64607,35.06771],[126.64642,35.0677],[126.64759,35.06738],[126.64768,35.06733],[126.64914,35.06562],[126.64935,35.06417],[126.64937,35.06362],[126.65093,35.06325],[126.65152,35.06313],[126.65209,35.06302],[126.65278,35.06288],[126.65357,35.06266],[126.65389,35.06254],[126.65526,35.06139],[126.65603,35.0603],[126.65629,35.05971],[126.65641,35.05926],[126.65669,35.05784],[126.65708,35.0564],[126.65821,35.05511],[126.65839,35.05493],[126.65858,35.05486],[126.66575,35.05374],[126.66625,35.05375],[126.66705,35.05379],[126.66868,35.05396],[126.66906,35.05405],[126.66913,35.05407],[126.66943,35.05417],[126.66957,35.05449],[126.66971,35.05492],[126.66984,35.05509],[126.67026,35.05521],[126.67089,35.05526],[126.67221,35.05527],[126.67483,35.05528],[126.67527,35.0551],[126.67574,35.05504],[126.67766,35.05522],[126.68007,35.0559],[126.68255,35.05751],[126.68299,35.0578],[126.68335,35.05811]]]]}},{"type":"Feature","properties":{"code":"12170370","name":"문평면","parent":"12170"},"geometry":{"type":"MultiPolygon","coordinates":[[[[126.66771,35.10514],[126.66854,35.10426],[126.66862,35.10404],[126.66892,35.10062],[126.66894,35.10004],[126.66944,35.09649],[126.67028,35.09159],[126.67046,35.09077],[126.6718,35.086],[126.67206,35.08539],[126.67471,35.07983],[126.67647,35.07869],[126.67879,35.07676],[126.68262,35.07099],[126.68277,35.07057],[126.68248,35.06638],[126.68233,35.06568],[126.68116,35.06402],[126.68012,35.06223],[126.6801,35.0621],[126.68095,35.06021],[126.68112,35.06011],[126.68141,35.06003],[126.68219,35.05994],[126.68276,35.05983],[126.68283,35.05974],[126.68335,35.05811],[126.68299,35.0578],[126.68255,35.05751],[126.68007,35.0559],[126.67766,35.05522],[126.67574,35.05504],[126.67527,35.0551],[126.67483,35.05528],[126.67221,35.05527],[126.67089,35.05526],[126.67026,35.05521],[126.66984,35.05509],[126.66971,35.05492],[126.66957,35.05449],[126.66943,35.05417],[126.66913,35.05407],[126.66906,35.05405],[126.66868,35.05396],[126.66705,35.05379],[126.66625,35.05375],[126.66575,35.05374],[126.65858,35.05486],[126.65839,35.05493],[126.65821,35.05511],[126.65708,35.0564],[126.65669,35.05784],[126.65641,35.05926],[126.65629,35.05971],[126.65603,35.0603],[126.65526,35.06139],[126.65389,35.06254],[126.65357,35.06266],[126.65278,35.06288],[126.65209,35.06302],[126.65152,35.06313],[126.65093,35.06325],[126.64937,35.06362],[126.64935,35.06417],[126.64914,35.06562],[126.64768,35.06733],[126.64759,35.06738],[126.64642,35.0677],[126.64607,35.06771],[126.64451,35.06758],[126.64377,35.06747],[126.64361,35.06738],[126.6433,35.06719],[126.64284,35.06688],[126.64219,35.06633],[126.64151,35.06572],[126.64138,35.06557],[126.63818,35.06156],[126.63514,35.05617],[126.63471,35.0551],[126.63463,35.05471],[126.63408,35.05121],[126.634,35.0505],[126.63528,35.04741],[126.63599,35.04627],[126.63648,35.04568],[126.63704,35.04472],[126.63712,35.04456],[126.63724,35.04108],[126.63687,35.04003],[126.63682,35.03997],[126.63671,35.03994],[126.63639,35.04],[126.63506,35.04031],[126.6349,35.04031],[126.63472,35.04025],[126.63429,35.04003],[126.63341,35.03952],[126.63318,35.03935],[126.63312,35.03919],[126.63309,35.03876],[126.63367,35.03733],[126.63435,35.03603],[126.63433,35.03598],[126.63428,35.0359],[126.63369,35.03524],[126.63343,35.03502],[126.63277,35.03487],[126.63219,35.03326],[126.63128,35.03069],[126.63118,35.03034],[126.63116,35.03031],[126.6305,35.02677],[126.63049,35.02648],[126.63051,35.02597],[126.63095,35.02538],[126.63137,35.02488],[126.6319,35.02443],[126.63261,35.02417],[126.63299,35.02415],[126.63334,35.02414],[126.63362,35.02408],[126.63383,35.024],[126.634,35.02384],[126.63419,35.02364],[126.63429,35.02324],[126.63431,35.02261],[126.63431,35.0188],[126.6342,35.01858],[126.63305,35.01749],[126.63239,35.01759],[126.63198,35.01767],[126.63182,35.01772],[126.63157,35.01779],[126.631,35.01801],[126.63063,35.0182],[126.63023,35.01841],[126.62997,35.01858],[126.62958,35.01883],[126.62662,35.02026],[126.6263,35.02039],[126.62605,35.02049],[126.62577,35.02059],[126.62551,35.02062],[126.62476,35.02043],[126.62374,35.02062],[126.62208,35.02142],[126.6201,35.02281],[126.6188,35.02391],[126.61806,35.02469],[126.61747,35.02496],[126.61438,35.02619],[126.61411,35.02609],[126.61212,35.02538],[126.61025,35.02602],[126.60925,35.02637],[126.61031,35.02809],[126.60964,35.02961],[126.60962,35.02964],[126.60619,35.03018],[126.60319,35.03051],[126.5978,35.03216],[126.59303,35.03225],[126.59359,35.03365],[126.59356,35.03391],[126.59336,35.03432],[126.59289,35.03455],[126.59164,35.03547],[126.59069,35.03624],[126.5905,35.03651],[126.59046,35.03671],[126.58963,35.04174],[126.58742,35.04562],[126.58672,35.04821],[126.58674,35.04848],[126.58718,35.04879],[126.58808,35.04884],[126.58841,35.04872],[126.5888,35.0486],[126.58907,35.0486],[126.5892,35.04871],[126.5897,35.04996],[126.58871,35.05316],[126.58852,35.05348],[126.58817,35.05555],[126.58812,35.05638],[126.58809,35.05759],[126.58813,35.0584],[126.58872,35.0597],[126.59124,35.06567],[126.59181,35.06816],[126.59119,35.06941],[126.59112,35.06993],[126.59117,35.07051],[126.59211,35.07419],[126.59273,35.07824],[126.59272,35.07852],[126.59274,35.07897],[126.59282,35.07944],[126.593,35.07986],[126.59328,35.08029],[126.59339,35.08039],[126.59425,35.08111],[126.59487,35.08177],[126.59546,35.0831],[126.59573,35.08405],[126.59583,35.0847],[126.59586,35.08523],[126.59576,35.0856],[126.59544,35.08664],[126.59539,35.08715],[126.59555,35.08783],[126.59574,35.08827],[126.59586,35.0885],[126.59685,35.09033],[126.59713,35.09116],[126.59773,35.09304],[126.59776,35.09319],[126.59773,35.09339],[126.59719,35.09543],[126.59709,35.09558],[126.59668,35.0959],[126.59604,35.09631],[126.5952,35.09668],[126.59443,35.09697],[126.59413,35.09715],[126.59374,35.09758],[126.59364,35.0978],[126.59367,35.09781],[126.59382,35.09792],[126.5996,35.09984],[126.59991,35.09988],[126.60383,35.09955],[126.60389,35.09954],[126.60484,35.09922],[126.60505,35.09769],[126.60513,35.0969],[126.60525,35.09654],[126.60639,35.09479],[126.60744,35.09375],[126.6085,35.09291],[126.61341,35.09109],[126.61499,35.09074],[126.61572,35.09089],[126.61721,35.09078],[126.61757,35.09075],[126.6182,35.09035],[126.6186,35.08996],[126.61873,35.0893],[126.6189,35.0889],[126.61928,35.08847],[126.61966,35.08816],[126.61993,35.088],[126.62305,35.08693],[126.62309,35.08693],[126.62332,35.08693],[126.62451,35.08775],[126.62591,35.08871],[126.62615,35.0889],[126.62641,35.08929],[126.62924,35.09209],[126.63131,35.09291],[126.63545,35.09452],[126.6365,35.09408],[126.63732,35.09388],[126.63843,35.09365],[126.63883,35.09361],[126.63917,35.09366],[126.64024,35.09383],[126.64278,35.09441],[126.64722,35.09581],[126.64846,35.09895],[126.6479,35.10015],[126.64734,35.10057],[126.64675,35.10096],[126.64678,35.10352],[126.64705,35.10396],[126.64821,35.10532],[126.6485,35.1054],[126.64872,35.10543],[126.64892,35.10544],[126.6491,35.10543],[126.65069,35.10606],[126.65398,35.10748],[126.65454,35.10834],[126.6557,35.1107],[126.65572,35.11147],[126.65534,35.11257],[126.65522,35.11503],[126.65706,35.11341],[126.66101,35.1138],[126.66202,35.1144],[126.66337,35.11482],[126.66429,35.11412],[126.66543,35.11388],[126.6666,35.11251],[126.66793,35.11191],[126.6692,35.1121],[126.66912,35.10879],[126.66892,35.10792],[126.66804,35.10677],[126.66707,35.1066],[126.66771,35.10514]]]]}},{"type":"Feature","properties":{"code":"12170380","name":"노안면","parent":"12170"},"geometry":{"type":"MultiPolygon","coordinates":[[[[126.74464,35.104],[126.74568,35.10311],[126.74674,35.10226],[126.74771,35.10258],[126.74876,35.10182],[126.74918,35.10137],[126.74916,35.10016],[126.75076,35.09836],[126.75097,35.09686],[126.75286,35.09526],[126.75393,35.09333],[126.75402,35.09293],[126.75399,35.09195],[126.75432,35.09176],[126.7544,35.09171],[126.75735,35.0914],[126.7577,35.09145],[126.7583,35.09164],[126.75871,35.09166],[126.76175,35.09109],[126.76179,35.09107],[126.76204,35.09098],[126.76221,35.08962],[126.76167,35.08931],[126.76174,35.08854],[126.76267,35.08747],[126.76281,35.08689],[126.76348,35.08677],[126.76338,35.0863],[126.76282,35.08633],[126.76294,35.08565],[126.76335,35.08533],[126.76348,35.08489],[126.76339,35.08437],[126.7635,35.08415],[126.76384,35.08397],[126.7646,35.08382],[126.76534,35.08373],[126.76582,35.08305],[126.76572,35.08058],[126.76472,35.07857],[126.76687,35.07549],[126.76859,35.07376],[126.76896,35.07355],[126.76979,35.07309],[126.76994,35.07302],[126.77056,35.07276],[126.77093,35.07157],[126.77088,35.06997],[126.76978,35.06928],[126.76886,35.0687],[126.76832,35.06846],[126.76769,35.06819],[126.76704,35.06798],[126.76607,35.06766],[126.76579,35.06767],[126.76511,35.06768],[126.76313,35.06863],[126.76148,35.06886],[126.75837,35.06882],[126.75725,35.06861],[126.75612,35.06803],[126.75448,35.06717],[126.75344,35.06633],[126.75291,35.06533],[126.75281,35.06454],[126.75346,35.06403],[126.7538,35.0639],[126.75421,35.06375],[126.75565,35.0625],[126.75627,35.0613],[126.75635,35.06111],[126.75704,35.05948],[126.75523,35.0577],[126.75295,35.05542],[126.75195,35.05417],[126.7513,35.0533],[126.75114,35.05308],[126.75037,35.05216],[126.74908,35.05072],[126.74874,35.05036],[126.74752,35.04917],[126.74704,35.0487],[126.74629,35.04805],[126.74569,35.04762],[126.74532,35.04746],[126.74488,35.04731],[126.74443,35.0472],[126.74384,35.04718],[126.74327,35.04721],[126.74258,35.04724],[126.74111,35.04714],[126.7402,35.04688],[126.74004,35.04758],[126.7403,35.04962],[126.74112,35.05061],[126.74169,35.05087],[126.74217,35.05421],[126.74223,35.05467],[126.74221,35.05488],[126.74217,35.05496],[126.74208,35.05506],[126.74187,35.05521],[126.74163,35.05536],[126.73937,35.05677],[126.73928,35.05737],[126.73919,35.05798],[126.73961,35.05963],[126.73969,35.06149],[126.73908,35.06254],[126.73839,35.06306],[126.73813,35.06327],[126.73771,35.06356],[126.73701,35.06404],[126.73586,35.06447],[126.73276,35.06593],[126.73027,35.06613],[126.72919,35.06538],[126.72855,35.06506],[126.72426,35.0641],[126.72054,35.06349],[126.71739,35.06267],[126.71659,35.06191],[126.71626,35.06158],[126.71556,35.06098],[126.7153,35.0608],[126.71505,35.06069],[126.71481,35.06058],[126.71458,35.06051],[126.71444,35.06049],[126.71426,35.06048],[126.7128,35.06043],[126.712,35.06057],[126.70672,35.0572],[126.70589,35.05663],[126.70489,35.05544],[126.70361,35.0544],[126.70334,35.05423],[126.70182,35.05376],[126.70172,35.05375],[126.70078,35.05388],[126.69992,35.05413],[126.69893,35.05469],[126.69845,35.05493],[126.69798,35.05501],[126.69751,35.0551],[126.69725,35.05496],[126.69673,35.05509],[126.69606,35.05519],[126.6949,35.05511],[126.69441,35.05497],[126.69311,35.05484],[126.69086,35.05483],[126.68906,35.05544],[126.68761,35.05601],[126.6873,35.05618],[126.68704,35.05636],[126.68681,35.05664],[126.68651,35.05697],[126.68471,35.05786],[126.68335,35.05811],[126.68283,35.05974],[126.68276,35.05983],[126.68219,35.05994],[126.68141,35.06003],[126.68112,35.06011],[126.68095,35.06021],[126.6801,35.0621],[126.68012,35.06223],[126.68116,35.06402],[126.68233,35.06568],[126.68248,35.06638],[126.68277,35.07057],[126.68262,35.07099],[126.67879,35.07676],[126.67647,35.07869],[126.67471,35.07983],[126.67206,35.08539],[126.6718,35.086],[126.67046,35.09077],[126.67028,35.09159],[126.66944,35.09649],[126.66894,35.10004],[126.66892,35.10062],[126.66862,35.10404],[126.66854,35.10426],[126.66771,35.10514],[126.66949,35.10455],[126.67052,35.10487],[126.6734,35.10513],[126.67649,35.10478],[126.67826,35.10585],[126.68004,35.10751],[126.68408,35.1077],[126.68511,35.10834],[126.68428,35.11001],[126.68337,35.1115],[126.68513,35.1121],[126.68922,35.11099],[126.68983,35.11124],[126.69065,35.11093],[126.69159,35.11014],[126.69242,35.10816],[126.69323,35.10853],[126.69353,35.109],[126.69503,35.10863],[126.6958,35.10756],[126.69825,35.10791],[126.69837,35.1085],[126.70001,35.10904],[126.70005,35.10949],[126.70038,35.11028],[126.70101,35.11125],[126.70172,35.11235],[126.70216,35.11248],[126.70281,35.11267],[126.70457,35.1127],[126.70545,35.11295],[126.70581,35.11253],[126.70618,35.11212],[126.70649,35.11178],[126.70779,35.11027],[126.70878,35.1094],[126.71036,35.10965],[126.7108,35.10978],[126.71536,35.11063],[126.71554,35.11066],[126.71569,35.11068],[126.71593,35.11065],[126.71649,35.11036],[126.71731,35.10983],[126.71821,35.10916],[126.71892,35.10862],[126.71916,35.10848],[126.71933,35.10841],[126.71976,35.10834],[126.72353,35.10837],[126.72842,35.1073],[126.73026,35.10763],[126.73125,35.10808],[126.731,35.10858],[126.73127,35.10874],[126.73126,35.10927],[126.73072,35.10977],[126.7305,35.11024],[126.73051,35.11042],[126.73054,35.11138],[126.73079,35.11172],[126.73064,35.1121],[126.73156,35.11221],[126.73181,35.1126],[126.7325,35.11293],[126.73331,35.11206],[126.73404,35.1112],[126.73416,35.11105],[126.73429,35.11132],[126.73453,35.11028],[126.73538,35.1093],[126.73543,35.10903],[126.73552,35.10794],[126.7364,35.10824],[126.73844,35.10757],[126.73963,35.10655],[126.74082,35.10603],[126.742,35.10582],[126.74298,35.10531],[126.74315,35.10485],[126.74464,35.104]]]]}},{"type":"Feature","properties":{"code":"12170390","name":"금천면","parent":"12170"},"geometry":{"type":"MultiPolygon","coordinates":[[[[126.77828,35.05316],[126.779,35.05145],[126.78206,35.04311],[126.782,35.04266],[126.78152,35.04066],[126.78139,35.04055],[126.78079,35.0402],[126.78047,35.04009],[126.78017,35.03999],[126.78004,35.03988],[126.78004,35.03985],[126.78012,35.0385],[126.78062,35.03793],[126.78391,35.03424],[126.78575,35.03318],[126.77852,35.032],[126.77848,35.03033],[126.77815,35.02914],[126.7765,35.02538],[126.7751,35.0222],[126.77299,35.01788],[126.77103,35.01462],[126.76927,35.01225],[126.76709,35.00937],[126.76591,35.0078],[126.76679,35.00708],[126.76928,35.00677],[126.77093,35.00694],[126.77136,35.00702],[126.77183,35.00712],[126.77229,35.00726],[126.77285,35.00759],[126.77451,35.00865],[126.77509,35.00917],[126.77554,35.00951],[126.77754,35.01092],[126.77789,35.01104],[126.78115,35.01121],[126.78158,35.01066],[126.78117,35.01019],[126.78079,35.00956],[126.78093,35.00907],[126.78269,35.0074],[126.78344,35.00688],[126.78466,35.00633],[126.78547,35.00629],[126.78621,35.00637],[126.79154,35.00748],[126.79221,35.00819],[126.79222,35.00735],[126.7918,35.00678],[126.7907,35.00655],[126.79048,35.00361],[126.79063,35.0032],[126.79076,35.00308],[126.79122,35.00261],[126.79262,35.00199],[126.79368,35.00157],[126.79422,35.00081],[126.79425,35.00078],[126.79446,34.99982],[126.79444,34.9984],[126.79326,34.99897],[126.78985,35.00019],[126.78889,34.99969],[126.78884,34.99966],[126.7888,34.99962],[126.78782,34.99772],[126.78776,34.99754],[126.78773,34.99723],[126.78777,34.99682],[126.78779,34.99651],[126.78775,34.99611],[126.78773,34.99586],[126.78764,34.99552],[126.7875,34.99513],[126.78726,34.99465],[126.7858,34.992],[126.7857,34.99187],[126.78561,34.99176],[126.78519,34.99139],[126.78502,34.99126],[126.78491,34.99119],[126.78487,34.99119],[126.78481,34.99118],[126.78472,34.99119],[126.78461,34.99125],[126.78456,34.9913],[126.78444,34.99151],[126.78437,34.99166],[126.78313,34.99163],[126.78127,34.9915],[126.77988,34.99083],[126.7795,34.99063],[126.77937,34.99055],[126.77846,34.98995],[126.77841,34.98971],[126.77893,34.98895],[126.78125,34.98576],[126.78207,34.98527],[126.78,34.98436],[126.77735,34.98534],[126.77512,34.9871],[126.775,34.98745],[126.77481,34.98778],[126.77447,34.98811],[126.77384,34.98844],[126.77322,34.98805],[126.77294,34.98783],[126.7729,34.98778],[126.77264,34.98738],[126.77053,34.98346],[126.76963,34.9815],[126.76955,34.98131],[126.7695,34.98109],[126.7695,34.98094],[126.76951,34.98062],[126.76968,34.97924],[126.7697,34.97918],[126.76979,34.97904],[126.77001,34.97886],[126.77022,34.97866],[126.77027,34.97858],[126.77031,34.97846],[126.77033,34.97836],[126.77032,34.97821],[126.7703,34.97812],[126.77029,34.97809],[126.77026,34.97806],[126.77018,34.97799],[126.77003,34.97792],[126.76995,34.9779],[126.7698,34.97787],[126.7693,34.97779],[126.76913,34.97777],[126.76883,34.97774],[126.76866,34.97775],[126.76847,34.9778],[126.76826,34.97787],[126.76763,34.97814],[126.76755,34.97817],[126.76456,34.97956],[126.7638,34.98002],[126.76371,34.98008],[126.76345,34.98044],[126.76338,34.98063],[126.76318,34.9812],[126.76311,34.98135],[126.76307,34.98144],[126.76299,34.98154],[126.76225,34.9823],[126.76221,34.98233],[126.76214,34.98234],[126.76044,34.9825],[126.76042,34.98289],[126.76036,34.98351],[126.7601,34.98478],[126.76003,34.98508],[126.75985,34.98544],[126.75963,34.9856],[126.75903,34.98698],[126.75888,34.9875],[126.7598,34.9891],[126.76088,34.99044],[126.76127,34.99075],[126.76179,34.99322],[126.76202,34.99526],[126.76198,34.99549],[126.76195,34.99576],[126.76144,34.99749],[126.76036,34.99929],[126.76026,34.99936],[126.75709,35.00051],[126.75651,35.00063],[126.75604,35.00067],[126.75602,35.00059],[126.75596,35.0004],[126.75588,35.00035],[126.75572,35.00033],[126.75521,35.0003],[126.7529,35.00019],[126.75128,35.00013],[126.745,35.00204],[126.74406,35.00394],[126.7442,35.00548],[126.74386,35.00669],[126.74357,35.00773],[126.74335,35.00835],[126.74064,35.01297],[126.74004,35.01341],[126.73946,35.01354],[126.73922,35.01358],[126.73837,35.01375],[126.73818,35.01381],[126.73804,35.0139],[126.73795,35.01399],[126.73786,35.0141],[126.7377,35.01439],[126.73731,35.01531],[126.73718,35.01563],[126.73777,35.01711],[126.73851,35.01941],[126.73866,35.02036],[126.73813,35.02372],[126.7384,35.02508],[126.73858,35.02597],[126.7388,35.02702],[126.73857,35.02981],[126.73698,35.03154],[126.73495,35.0326],[126.73349,35.03403],[126.7332,35.03534],[126.73289,35.03675],[126.73331,35.03833],[126.73376,35.04001],[126.734,35.04035],[126.73576,35.04295],[126.73672,35.04436],[126.7402,35.04688],[126.74111,35.04714],[126.74258,35.04724],[126.74327,35.04721],[126.74384,35.04718],[126.74443,35.0472],[126.74488,35.04731],[126.74532,35.04746],[126.74569,35.04762],[126.74629,35.04805],[126.74704,35.0487],[126.74752,35.04917],[126.74874,35.05036],[126.74908,35.05072],[126.75037,35.05216],[126.75114,35.05308],[126.7513,35.0533],[126.75195,35.05417],[126.75295,35.05542],[126.75523,35.0577],[126.75704,35.05948],[126.75861,35.06133],[126.75948,35.06195],[126.76089,35.06297],[126.76634,35.06508],[126.7672,35.06509],[126.76869,35.06492],[126.769,35.06426],[126.76918,35.06348],[126.76897,35.06219],[126.76848,35.06143],[126.76748,35.05959],[126.76742,35.05923],[126.76713,35.05761],[126.76715,35.05722],[126.76716,35.05717],[126.76723,35.0568],[126.76889,35.05516],[126.77011,35.05462],[126.77379,35.05386],[126.77573,35.05326],[126.77828,35.05316]]]]}},{"type":"Feature","properties":{"code":"12170400","name":"산포면","parent":"12170"},"geometry":{"type":"MultiPolygon","coordinates":[[[[126.81909,35.05299],[126.81994,35.05378],[126.82227,35.05418],[126.82318,35.05415],[126.82371,35.054],[126.8267,35.0531],[126.82701,35.05204],[126.82736,35.05086],[126.82756,35.05021],[126.82769,35.04983],[126.82779,35.04966],[126.82942,35.04957],[126.83219,35.04953],[126.83484,35.04734],[126.83486,35.04729],[126.83486,35.04723],[126.83343,35.04467],[126.83155,35.04273],[126.83112,35.04248],[126.83061,35.04225],[126.82883,35.04177],[126.82715,35.04139],[126.82475,35.03845],[126.82411,35.03626],[126.827,35.03263],[126.82994,35.02926],[126.83139,35.02485],[126.83154,35.02474],[126.8318,35.02466],[126.83263,35.02456],[126.83336,35.02443],[126.83411,35.0243],[126.83467,35.02415],[126.83618,35.02366],[126.83643,35.02357],[126.83655,35.02352],[126.83603,35.0214],[126.83537,35.02102],[126.83449,35.02062],[126.83359,35.01981],[126.83333,35.01947],[126.83317,35.01916],[126.83315,35.0189],[126.83302,35.01681],[126.83302,35.01662],[126.8332,35.01555],[126.83333,35.01543],[126.83413,35.01489],[126.83476,35.01456],[126.83452,35.01256],[126.8343,35.01209],[126.83292,35.00845],[126.83225,35.0066],[126.83154,35.00607],[126.8313,35.00503],[126.83118,35.00447],[126.82979,35.00232],[126.82965,35.00214],[126.82911,35.00199],[126.82887,35.00207],[126.82759,35.00331],[126.82732,35.0036],[126.82712,35.0039],[126.82695,35.00432],[126.82684,35.00458],[126.82662,35.00517],[126.82628,35.00565],[126.8261,35.00584],[126.82573,35.00597],[126.8199,35.00758],[126.81974,35.00756],[126.81783,35.00688],[126.81712,35.00658],[126.81551,35.00581],[126.81224,35.00384],[126.81145,35.00316],[126.8111,35.00123],[126.81109,35.00085],[126.81115,34.99937],[126.81179,34.99781],[126.81291,34.99538],[126.8117,34.9957],[126.81041,34.99653],[126.80996,34.9969],[126.80777,34.99815],[126.80728,34.99801],[126.80573,34.9971],[126.80477,34.99622],[126.8039,34.99488],[126.80359,34.9942],[126.80304,34.99303],[126.80234,34.99251],[126.80226,34.99248],[126.80221,34.99248],[126.79724,34.99547],[126.79708,34.996],[126.7972,34.99602],[126.79734,34.9961],[126.79739,34.99617],[126.79748,34.9967],[126.79721,34.99688],[126.79569,34.99787],[126.7947,34.99829],[126.79444,34.9984],[126.79446,34.99982],[126.79425,35.00078],[126.79422,35.00081],[126.79368,35.00157],[126.79262,35.00199],[126.79122,35.00261],[126.79076,35.00308],[126.79063,35.0032],[126.79048,35.00361],[126.7907,35.00655],[126.7918,35.00678],[126.79222,35.00735],[126.79221,35.00819],[126.7927,35.00875],[126.79297,35.00897],[126.79718,35.00984],[126.79895,35.00932],[126.79984,35.0089],[126.80035,35.00863],[126.80108,35.00819],[126.80286,35.00747],[126.80633,35.00624],[126.80684,35.00607],[126.80721,35.00599],[126.80806,35.00613],[126.80804,35.01304],[126.8077,35.01454],[126.80737,35.0151],[126.80692,35.01559],[126.80643,35.01607],[126.80631,35.01772],[126.80635,35.01898],[126.80601,35.02073],[126.80567,35.02216],[126.80478,35.02567],[126.80421,35.02578],[126.80361,35.02562],[126.80265,35.02518],[126.80149,35.02518],[126.80118,35.0253],[126.80074,35.02559],[126.79858,35.02748],[126.79791,35.02863],[126.79822,35.03043],[126.79819,35.03083],[126.79797,35.03107],[126.79562,35.03217],[126.79195,35.031],[126.78788,35.02969],[126.78764,35.03022],[126.78575,35.03318],[126.78391,35.03424],[126.78062,35.03793],[126.78012,35.0385],[126.78004,35.03985],[126.78004,35.03988],[126.78017,35.03999],[126.78047,35.04009],[126.78079,35.0402],[126.78139,35.04055],[126.78152,35.04066],[126.782,35.04266],[126.78206,35.04311],[126.779,35.05145],[126.77828,35.05316],[126.7784,35.05316],[126.77996,35.0534],[126.78235,35.05437],[126.78353,35.05513],[126.78555,35.05639],[126.786,35.05666],[126.78701,35.05726],[126.79226,35.06008],[126.79457,35.06098],[126.79481,35.06105],[126.7952,35.06117],[126.79595,35.06073],[126.79614,35.06062],[126.79607,35.06033],[126.79603,35.06019],[126.79668,35.05933],[126.79695,35.05908],[126.79736,35.05899],[126.79778,35.05919],[126.79782,35.05932],[126.79824,35.05931],[126.8011,35.05745],[126.80227,35.05613],[126.80293,35.05522],[126.80336,35.05415],[126.80372,35.05239],[126.80896,35.05242],[126.81178,35.05308],[126.81421,35.05342],[126.81671,35.05295],[126.81856,35.05253],[126.81897,35.05252],[126.81909,35.05299]]]]}},{"type":"Feature","properties":{"code":"12170420","name":"다도면","parent":"12170"},"geometry":{"type":"MultiPolygon","coordinates":[[[[126.8786,34.95216],[126.87863,34.95138],[126.87817,34.9499],[126.87714,34.94903],[126.87622,34.9486],[126.87507,34.94831],[126.87425,34.9481],[126.87354,34.94794],[126.87263,34.94748],[126.872,34.94713],[126.86908,34.94363],[126.86812,34.94233],[126.86802,34.94219],[126.86783,34.94191],[126.86682,34.94034],[126.86665,34.94001],[126.86644,34.93945],[126.86641,34.93937],[126.86659,34.93734],[126.86665,34.93718],[126.86671,34.93705],[126.86846,34.93326],[126.86853,34.93314],[126.86933,34.9318],[126.86948,34.93165],[126.86972,34.93142],[126.87051,34.93069],[126.87154,34.92968],[126.87188,34.92927],[126.87264,34.92836],[126.87267,34.9283],[126.87269,34.92827],[126.87293,34.92779],[126.87298,34.92763],[126.87312,34.9269],[126.87293,34.92631],[126.87012,34.92216],[126.86989,34.92214],[126.86972,34.92209],[126.86951,34.92197],[126.86924,34.92179],[126.86916,34.92173],[126.86903,34.92161],[126.86856,34.92121],[126.86844,34.92109],[126.86832,34.92078],[126.86828,34.92065],[126.86822,34.91991],[126.86825,34.91971],[126.86831,34.91962],[126.86887,34.91894],[126.869,34.91882],[126.86915,34.91875],[126.86948,34.91866],[126.86977,34.91861],[126.86998,34.91858],[126.87038,34.91855],[126.87132,34.91838],[126.8717,34.9183],[126.87203,34.91818],[126.87225,34.91806],[126.87233,34.91794],[126.87238,34.91784],[126.87245,34.91706],[126.8724,34.91618],[126.87214,34.91101],[126.87198,34.90778],[126.87293,34.90617],[126.87334,34.90595],[126.87368,34.90572],[126.87395,34.9055],[126.8756,34.90393],[126.87569,34.90379],[126.87578,34.90358],[126.87588,34.90329],[126.87585,34.90299],[126.87571,34.90224],[126.87471,34.89792],[126.87467,34.89788],[126.87434,34.89757],[126.87407,34.8974],[126.8739,34.89736],[126.87333,34.89716],[126.87322,34.89712],[126.87305,34.89706],[126.87268,34.89678],[126.87247,34.89662],[126.87232,34.8965],[126.87215,34.89632],[126.87115,34.89502],[126.87097,34.89474],[126.87084,34.8945],[126.87066,34.89401],[126.87054,34.89367],[126.87047,34.89336],[126.87044,34.89315],[126.87045,34.89305],[126.87049,34.89294],[126.87087,34.89244],[126.87109,34.89216],[126.8712,34.892],[126.87127,34.89188],[126.87129,34.89174],[126.87127,34.8916],[126.87114,34.89138],[126.871,34.8912],[126.87069,34.89092],[126.87051,34.89079],[126.87022,34.89063],[126.86985,34.8905],[126.86966,34.89045],[126.86869,34.89028],[126.86624,34.88991],[126.86465,34.88971],[126.86448,34.88969],[126.8642,34.88964],[126.86402,34.88959],[126.86385,34.88954],[126.86359,34.88937],[126.86249,34.88865],[126.86221,34.88847],[126.86204,34.88834],[126.86169,34.88804],[126.86151,34.88788],[126.86134,34.88764],[126.8612,34.88752],[126.86095,34.88734],[126.86071,34.88718],[126.86058,34.8871],[126.86034,34.88701],[126.85969,34.88682],[126.85955,34.8868],[126.85633,34.8866],[126.85426,34.8868],[126.85363,34.88686],[126.85325,34.88686],[126.85275,34.88685],[126.85021,34.88652],[126.85011,34.8865],[126.84424,34.88446],[126.84398,34.88434],[126.84367,34.88415],[126.84342,34.88396],[126.84307,34.88363],[126.84289,34.88345],[126.84272,34.88328],[126.84194,34.88242],[126.84176,34.88221],[126.83809,34.88066],[126.83771,34.88078],[126.83746,34.88082],[126.83714,34.88084],[126.83661,34.88081],[126.83642,34.88079],[126.83622,34.88069],[126.83541,34.88026],[126.83516,34.88013],[126.8347,34.87967],[126.83451,34.87946],[126.83431,34.87924],[126.83421,34.87911],[126.83418,34.87894],[126.83418,34.87878],[126.8342,34.87846],[126.83377,34.87763],[126.83,34.87506],[126.82834,34.87401],[126.82772,34.87363],[126.8274,34.87352],[126.82679,34.87322],[126.82628,34.87293],[126.82389,34.87112],[126.82151,34.87102],[126.81924,34.87198],[126.81359,34.8735],[126.81165,34.87451],[126.81138,34.87495],[126.81133,34.87529],[126.81138,34.87554],[126.81167,34.87595],[126.81207,34.87645],[126.81229,34.87668],[126.81261,34.87728],[126.81305,34.87951],[126.81317,34.88079],[126.81314,34.88126],[126.81312,34.88161],[126.81294,34.8824],[126.81286,34.8825],[126.80791,34.88493],[126.80326,34.88633],[126.80306,34.88635],[126.80278,34.88641],[126.80264,34.88644],[126.80261,34.88649],[126.80174,34.88852],[126.79839,34.89149],[126.79837,34.89154],[126.79817,34.89368],[126.79817,34.89378],[126.79823,34.89395],[126.79896,34.8957],[126.79957,34.89719],[126.79985,34.89808],[126.79995,34.8984],[126.79996,34.89853],[126.79991,34.89876],[126.79985,34.89885],[126.7998,34.8989],[126.79972,34.89893],[126.79951,34.89895],[126.79859,34.89915],[126.79815,34.89929],[126.79794,34.89939],[126.79758,34.8996],[126.79686,34.90014],[126.79566,34.90119],[126.79548,34.90135],[126.79425,34.90287],[126.79418,34.90301],[126.79415,34.9031],[126.79331,34.90562],[126.79329,34.90575],[126.79327,34.90583],[126.79353,34.90736],[126.79354,34.90743],[126.7936,34.90758],[126.79368,34.90773],[126.79384,34.90799],[126.79417,34.90851],[126.79483,34.91391],[126.7949,34.91469],[126.79491,34.91487],[126.79489,34.915],[126.79485,34.91508],[126.79394,34.91608],[126.79306,34.91696],[126.79291,34.91707],[126.79283,34.91717],[126.79274,34.91741],[126.79275,34.91748],[126.79283,34.91761],[126.79347,34.9186],[126.79474,34.92185],[126.79475,34.92195],[126.79474,34.92208],[126.79465,34.92242],[126.79453,34.92269],[126.79442,34.9229],[126.79428,34.92311],[126.79419,34.92322],[126.79404,34.92337],[126.79539,34.92591],[126.7975,34.92918],[126.79758,34.92927],[126.79774,34.9294],[126.79794,34.92954],[126.7981,34.9296],[126.80026,34.93011],[126.80317,34.93174],[126.80334,34.93229],[126.80343,34.93245],[126.80495,34.93467],[126.80532,34.93511],[126.80543,34.93519],[126.8057,34.93534],[126.80624,34.93558],[126.80737,34.93595],[126.80769,34.93599],[126.81031,34.93557],[126.81082,34.93537],[126.81116,34.93517],[126.81147,34.93497],[126.8118,34.93481],[126.81192,34.93481],[126.81199,34.93483],[126.81208,34.93497],[126.81371,34.9375],[126.8138,34.93932],[126.81373,34.93984],[126.81363,34.94216],[126.81365,34.94233],[126.81373,34.94241],[126.81438,34.94345],[126.8149,34.94514],[126.81506,34.94613],[126.81506,34.94645],[126.8146,34.94767],[126.81441,34.94782],[126.814,34.9481],[126.81357,34.94836],[126.81342,34.9485],[126.81303,34.95007],[126.81308,34.95023],[126.81456,34.95309],[126.81464,34.95317],[126.81641,34.95478],[126.81652,34.95488],[126.81663,34.95493],[126.81672,34.95494],[126.81756,34.95496],[126.81791,34.95495],[126.81818,34.95496],[126.81835,34.955],[126.81845,34.95505],[126.81865,34.95516],[126.81874,34.95523],[126.81926,34.95591],[126.81928,34.956],[126.81931,34.9561],[126.81934,34.95645],[126.81934,34.95675],[126.81933,34.95691],[126.81928,34.95705],[126.8192,34.95732],[126.81914,34.95744],[126.81909,34.95752],[126.81895,34.95771],[126.81884,34.95783],[126.81875,34.95802],[126.81864,34.95848],[126.81864,34.95866],[126.81865,34.95887],[126.81873,34.95948],[126.81876,34.95954],[126.81886,34.95962],[126.81912,34.95977],[126.81925,34.95985],[126.81936,34.95988],[126.82012,34.96002],[126.82021,34.96003],[126.82037,34.96001],[126.82223,34.95942],[126.82232,34.95939],[126.8224,34.95934],[126.82247,34.95925],[126.82251,34.95912],[126.82254,34.95897],[126.82258,34.95884],[126.82265,34.95876],[126.82275,34.95871],[126.82303,34.95863],[126.82314,34.95863],[126.82329,34.95867],[126.82345,34.95874],[126.82362,34.95882],[126.8239,34.95901],[126.82425,34.95937],[126.8243,34.95946],[126.82433,34.95951],[126.82522,34.96108],[126.82582,34.96221],[126.82655,34.96468],[126.8266,34.96486],[126.82663,34.96507],[126.82661,34.96522],[126.82659,34.96535],[126.82655,34.96547],[126.82645,34.9656],[126.8264,34.96565],[126.82637,34.96568],[126.82492,34.96688],[126.82482,34.96696],[126.81981,34.96932],[126.81762,34.96991],[126.81702,34.97005],[126.81688,34.97007],[126.81668,34.9701],[126.81612,34.97016],[126.81599,34.97018],[126.81577,34.97018],[126.81565,34.97017],[126.81553,34.97014],[126.81543,34.97008],[126.8152,34.97036],[126.81515,34.97044],[126.81506,34.97056],[126.81499,34.97069],[126.81302,34.97516],[126.81299,34.97526],[126.81296,34.97536],[126.81254,34.97739],[126.81251,34.97855],[126.81252,34.97862],[126.81256,34.97866],[126.81271,34.97879],[126.81415,34.97996],[126.81458,34.98029],[126.81471,34.98034],[126.81486,34.98038],[126.81559,34.98054],[126.81697,34.981],[126.81728,34.98111],[126.81752,34.98121],[126.81769,34.98131],[126.81786,34.98143],[126.81796,34.98153],[126.81802,34.98162],[126.81806,34.98169],[126.81816,34.98195],[126.81822,34.98211],[126.81852,34.98297],[126.81855,34.9831],[126.81855,34.98318],[126.81762,34.98541],[126.81755,34.98559],[126.81742,34.98584],[126.81698,34.98664],[126.81683,34.98692],[126.81671,34.98707],[126.81651,34.9873],[126.81624,34.98756],[126.81574,34.98806],[126.8154,34.98845],[126.81534,34.98853],[126.81481,34.98927],[126.81464,34.9895],[126.81451,34.9897],[126.81283,34.99295],[126.81279,34.99304],[126.81278,34.99313],[126.81279,34.99328],[126.81286,34.99493],[126.81291,34.99538],[126.81179,34.99781],[126.81115,34.99937],[126.81109,35.00085],[126.8111,35.00123],[126.81145,35.00316],[126.81224,35.00384],[126.81551,35.00581],[126.81712,35.00658],[126.81783,35.00688],[126.81974,35.00756],[126.8199,35.00758],[126.82573,35.00597],[126.8261,35.00584],[126.82628,35.00565],[126.82662,35.00517],[126.82684,35.00458],[126.82695,35.00432],[126.82712,35.0039],[126.82732,35.0036],[126.82759,35.00331],[126.82887,35.00207],[126.82911,35.00199],[126.82965,35.00214],[126.82979,35.00232],[126.83118,35.00447],[126.8313,35.00503],[126.83154,35.00607],[126.83225,35.0066],[126.83252,35.0065],[126.83349,35.00627],[126.83387,35.0062],[126.83404,35.00619],[126.83425,35.00621],[126.83436,35.00624],[126.83736,35.00736],[126.83969,35.00838],[126.83992,35.00853],[126.84007,35.0086],[126.84041,35.00875],[126.84085,35.00891],[126.84129,35.00905],[126.84164,35.00913],[126.84178,35.00915],[126.84211,35.00916],[126.84228,35.00915],[126.84232,35.00913],[126.84235,35.00912],[126.84249,35.00902],[126.84286,35.00866],[126.84298,35.00852],[126.84305,35.00838],[126.84324,35.00797],[126.84372,35.00797],[126.84393,35.00796],[126.84434,35.00793],[126.84464,35.00787],[126.84483,35.00783],[126.84511,35.00769],[126.84533,35.00754],[126.84538,35.00749],[126.8454,35.00742],[126.8462,35.00223],[126.84631,34.99955],[126.84627,34.99945],[126.84615,34.99925],[126.84428,34.99666],[126.84277,34.99496],[126.84248,34.99486],[126.84225,34.99477],[126.84214,34.99473],[126.8421,34.99469],[126.84207,34.99464],[126.84207,34.9946],[126.84211,34.99233],[126.84214,34.99214],[126.84222,34.99184],[126.84227,34.99167],[126.8423,34.99161],[126.84478,34.98713],[126.84483,34.98711],[126.8465,34.98661],[126.84671,34.98655],[126.84687,34.98651],[126.84794,34.98633],[126.84925,34.98612],[126.85029,34.98601],[126.85078,34.98605],[126.851,34.98611],[126.8511,34.98619],[126.85217,34.98694],[126.85224,34.98701],[126.85412,34.98728],[126.85614,34.98499],[126.85724,34.98244],[126.85726,34.98236],[126.85775,34.98123],[126.85779,34.98117],[126.85789,34.9811],[126.86176,34.97924],[126.8619,34.97918],[126.86198,34.97916],[126.86204,34.97915],[126.86215,34.97916],[126.86366,34.97942],[126.86426,34.9796],[126.86531,34.97993],[126.86554,34.98001],[126.86558,34.98004],[126.86561,34.98008],[126.86562,34.98022],[126.86556,34.9804],[126.86555,34.98053],[126.86555,34.98059],[126.86558,34.98071],[126.86627,34.98186],[126.86632,34.98193],[126.86644,34.98204],[126.86681,34.98223],[126.86694,34.98226],[126.86719,34.98228],[126.86748,34.98224],[126.86763,34.98219],[126.86906,34.98153],[126.86967,34.98109],[126.86983,34.98092],[126.86991,34.98079],[126.86995,34.98067],[126.86997,34.98048],[126.87026,34.97599],[126.87024,34.97548],[126.87016,34.97524],[126.86926,34.97424],[126.86913,34.97412],[126.86869,34.97403],[126.86756,34.97379],[126.86661,34.97325],[126.86576,34.9726],[126.86473,34.97135],[126.86352,34.96971],[126.86327,34.96891],[126.86335,34.9686],[126.86531,34.96214],[126.86716,34.95926],[126.86868,34.95695],[126.86901,34.95654],[126.87023,34.95535],[126.87065,34.95507],[126.8773,34.95257],[126.8786,34.95216]]]]}},{"type":"Feature","properties":{"code":"12170430","name":"봉황면","parent":"12170"},"geometry":{"type":"MultiPolygon","coordinates":[[[[126.79444,34.9984],[126.7947,34.99829],[126.79569,34.99787],[126.79721,34.99688],[126.79748,34.9967],[126.79739,34.99617],[126.79734,34.9961],[126.7972,34.99602],[126.79708,34.996],[126.79724,34.99547],[126.80221,34.99248],[126.80226,34.99248],[126.80234,34.99251],[126.80304,34.99303],[126.80359,34.9942],[126.8039,34.99488],[126.80477,34.99622],[126.80573,34.9971],[126.80728,34.99801],[126.80777,34.99815],[126.80996,34.9969],[126.81041,34.99653],[126.8117,34.9957],[126.81291,34.99538],[126.81286,34.99493],[126.81279,34.99328],[126.81278,34.99313],[126.81279,34.99304],[126.81283,34.99295],[126.81451,34.9897],[126.81464,34.9895],[126.81481,34.98927],[126.81534,34.98853],[126.8154,34.98845],[126.81574,34.98806],[126.81624,34.98756],[126.81651,34.9873],[126.81671,34.98707],[126.81683,34.98692],[126.81698,34.98664],[126.81742,34.98584],[126.81755,34.98559],[126.81762,34.98541],[126.81855,34.98318],[126.81855,34.9831],[126.81852,34.98297],[126.81822,34.98211],[126.81816,34.98195],[126.81806,34.98169],[126.81802,34.98162],[126.81796,34.98153],[126.81786,34.98143],[126.81769,34.98131],[126.81752,34.98121],[126.81728,34.98111],[126.81697,34.981],[126.81559,34.98054],[126.81486,34.98038],[126.81471,34.98034],[126.81458,34.98029],[126.81415,34.97996],[126.81271,34.97879],[126.81256,34.97866],[126.81252,34.97862],[126.81251,34.97855],[126.81254,34.97739],[126.81296,34.97536],[126.81299,34.97526],[126.81302,34.97516],[126.81499,34.97069],[126.81506,34.97056],[126.81515,34.97044],[126.8152,34.97036],[126.81543,34.97008],[126.81553,34.97014],[126.81565,34.97017],[126.81577,34.97018],[126.81599,34.97018],[126.81612,34.97016],[126.81668,34.9701],[126.81688,34.97007],[126.81702,34.97005],[126.81762,34.96991],[126.81981,34.96932],[126.82482,34.96696],[126.82492,34.96688],[126.82637,34.96568],[126.8264,34.96565],[126.82645,34.9656],[126.82655,34.96547],[126.82659,34.96535],[126.82661,34.96522],[126.82663,34.96507],[126.8266,34.96486],[126.82655,34.96468],[126.82582,34.96221],[126.82522,34.96108],[126.82433,34.95951],[126.8243,34.95946],[126.82425,34.95937],[126.8239,34.95901],[126.82362,34.95882],[126.82345,34.95874],[126.82329,34.95867],[126.82314,34.95863],[126.82303,34.95863],[126.82275,34.95871],[126.82265,34.95876],[126.82258,34.95884],[126.82254,34.95897],[126.82251,34.95912],[126.82247,34.95925],[126.8224,34.95934],[126.82232,34.95939],[126.82223,34.95942],[126.82037,34.96001],[126.82021,34.96003],[126.82012,34.96002],[126.81936,34.95988],[126.81925,34.95985],[126.81912,34.95977],[126.81886,34.95962],[126.81876,34.95954],[126.81873,34.95948],[126.81865,34.95887],[126.81864,34.95866],[126.81864,34.95848],[126.81875,34.95802],[126.81884,34.95783],[126.81895,34.95771],[126.81909,34.95752],[126.81914,34.95744],[126.8192,34.95732],[126.81928,34.95705],[126.81933,34.95691],[126.81934,34.95675],[126.81934,34.95645],[126.81931,34.9561],[126.81928,34.956],[126.81926,34.95591],[126.81874,34.95523],[126.81865,34.95516],[126.81845,34.95505],[126.81835,34.955],[126.81818,34.95496],[126.81791,34.95495],[126.81756,34.95496],[126.81672,34.95494],[126.81663,34.95493],[126.81652,34.95488],[126.81641,34.95478],[126.81464,34.95317],[126.81456,34.95309],[126.81308,34.95023],[126.81303,34.95007],[126.81342,34.9485],[126.81357,34.94836],[126.814,34.9481],[126.81441,34.94782],[126.8146,34.94767],[126.81506,34.94645],[126.81506,34.94613],[126.8149,34.94514],[126.81438,34.94345],[126.81373,34.94241],[126.81365,34.94233],[126.81363,34.94216],[126.81373,34.93984],[126.8138,34.93932],[126.81371,34.9375],[126.81208,34.93497],[126.81199,34.93483],[126.81192,34.93481],[126.8118,34.93481],[126.81147,34.93497],[126.81116,34.93517],[126.81082,34.93537],[126.81031,34.93557],[126.80769,34.93599],[126.80737,34.93595],[126.80624,34.93558],[126.8057,34.93534],[126.80543,34.93519],[126.80532,34.93511],[126.80495,34.93467],[126.80343,34.93245],[126.80334,34.93229],[126.80317,34.93174],[126.80026,34.93011],[126.7981,34.9296],[126.79794,34.92954],[126.79774,34.9294],[126.79758,34.92927],[126.7975,34.92918],[126.79539,34.92591],[126.79404,34.92337],[126.79419,34.92322],[126.79428,34.92311],[126.79442,34.9229],[126.79453,34.92269],[126.79465,34.92242],[126.79474,34.92208],[126.79475,34.92195],[126.79474,34.92185],[126.79347,34.9186],[126.79283,34.91761],[126.79275,34.91748],[126.79274,34.91741],[126.79283,34.91717],[126.79291,34.91707],[126.79306,34.91696],[126.79394,34.91608],[126.79485,34.91508],[126.79489,34.915],[126.79491,34.91487],[126.7949,34.91469],[126.79483,34.91391],[126.79417,34.90851],[126.79384,34.90799],[126.79368,34.90773],[126.7936,34.90758],[126.79354,34.90743],[126.79353,34.90736],[126.79327,34.90583],[126.79329,34.90575],[126.79331,34.90562],[126.79415,34.9031],[126.79418,34.90301],[126.79425,34.90287],[126.79548,34.90135],[126.79566,34.90119],[126.79686,34.90014],[126.79758,34.8996],[126.79794,34.89939],[126.79815,34.89929],[126.79859,34.89915],[126.79951,34.89895],[126.79972,34.89893],[126.7998,34.8989],[126.79985,34.89885],[126.79991,34.89876],[126.79996,34.89853],[126.79995,34.8984],[126.79985,34.89808],[126.79957,34.89719],[126.79896,34.8957],[126.79823,34.89395],[126.79817,34.89378],[126.79817,34.89368],[126.79837,34.89154],[126.79839,34.89149],[126.80174,34.88852],[126.80261,34.88649],[126.80264,34.88644],[126.80278,34.88641],[126.80306,34.88635],[126.80326,34.88633],[126.80791,34.88493],[126.81286,34.8825],[126.81294,34.8824],[126.81312,34.88161],[126.81314,34.88126],[126.81317,34.88079],[126.81305,34.87951],[126.81261,34.87728],[126.81229,34.87668],[126.81207,34.87645],[126.81167,34.87595],[126.81138,34.87554],[126.81133,34.87529],[126.81138,34.87495],[126.81165,34.87451],[126.81063,34.87315],[126.81049,34.87166],[126.81011,34.86956],[126.80993,34.86926],[126.80929,34.8689],[126.8085,34.86861],[126.80714,34.86819],[126.80638,34.86808],[126.80541,34.868],[126.80468,34.86803],[126.80371,34.86821],[126.80317,34.86841],[126.80262,34.86867],[126.80198,34.86918],[126.80121,34.87006],[126.80118,34.87023],[126.80147,34.871],[126.80147,34.8715],[126.80108,34.87276],[126.80089,34.87329],[126.79968,34.87425],[126.79425,34.87798],[126.79408,34.87809],[126.79404,34.87812],[126.79279,34.87846],[126.7896,34.87888],[126.78828,34.87895],[126.78572,34.87922],[126.78569,34.87923],[126.7856,34.87926],[126.78548,34.87935],[126.78516,34.87963],[126.78502,34.87975],[126.78482,34.87999],[126.78344,34.88174],[126.78337,34.88185],[126.78335,34.88193],[126.78343,34.88253],[126.78367,34.88366],[126.78384,34.88401],[126.78406,34.88432],[126.78411,34.88442],[126.78419,34.88483],[126.78419,34.88488],[126.78032,34.88807],[126.78026,34.88811],[126.78005,34.88822],[126.77935,34.88851],[126.77912,34.88859],[126.77895,34.88861],[126.77859,34.8886],[126.77828,34.8886],[126.778,34.88862],[126.77709,34.88885],[126.7769,34.88891],[126.7768,34.88896],[126.77661,34.8891],[126.77644,34.88927],[126.77597,34.89003],[126.77572,34.89047],[126.77557,34.89095],[126.77529,34.89155],[126.77519,34.89175],[126.77516,34.8918],[126.77409,34.89298],[126.77294,34.89409],[126.77258,34.89419],[126.7725,34.89422],[126.77063,34.89522],[126.77045,34.89532],[126.7703,34.89543],[126.76682,34.89841],[126.76587,34.8994],[126.7661,34.8996],[126.76682,34.90025],[126.76785,34.90121],[126.76794,34.90131],[126.76874,34.90301],[126.7688,34.90318],[126.76881,34.90322],[126.7688,34.90325],[126.76756,34.90487],[126.76739,34.90508],[126.76667,34.90588],[126.76646,34.90611],[126.76568,34.90722],[126.76488,34.90853],[126.76405,34.91001],[126.76397,34.91017],[126.76236,34.91338],[126.76194,34.91451],[126.76168,34.91533],[126.7616,34.91549],[126.76157,34.91553],[126.76144,34.91554],[126.76114,34.91553],[126.76001,34.91535],[126.75992,34.91532],[126.7596,34.91517],[126.75934,34.91504],[126.75907,34.91492],[126.75898,34.9149],[126.75803,34.91488],[126.7579,34.91488],[126.75785,34.9149],[126.75625,34.91577],[126.75619,34.91583],[126.75523,34.91712],[126.75516,34.91721],[126.75455,34.91828],[126.7545,34.9184],[126.75449,34.91855],[126.75443,34.92002],[126.75443,34.92022],[126.75444,34.9203],[126.7546,34.92099],[126.7547,34.92126],[126.75476,34.92135],[126.75485,34.92151],[126.75516,34.9219],[126.75544,34.92225],[126.75595,34.92273],[126.75685,34.92355],[126.75758,34.92467],[126.75779,34.92502],[126.75525,34.92747],[126.75436,34.92831],[126.75365,34.92887],[126.75215,34.93244],[126.75221,34.93272],[126.75227,34.93341],[126.7524,34.93503],[126.7524,34.93548],[126.7523,34.93938],[126.75229,34.93996],[126.75221,34.94018],[126.75165,34.94135],[126.75143,34.94179],[126.75117,34.94211],[126.75093,34.94234],[126.75049,34.94273],[126.75026,34.9429],[126.74915,34.94369],[126.74886,34.94388],[126.74881,34.94391],[126.74859,34.94401],[126.74794,34.94425],[126.74688,34.94466],[126.74603,34.94535],[126.73878,34.95132],[126.73849,34.95168],[126.73837,34.95188],[126.73829,34.95205],[126.73706,34.95646],[126.73945,34.9589],[126.73902,34.96225],[126.73883,34.96234],[126.73865,34.96247],[126.73793,34.96306],[126.73616,34.96466],[126.73644,34.96545],[126.7365,34.96559],[126.7368,34.96608],[126.73693,34.96639],[126.73696,34.96666],[126.7369,34.96688],[126.73672,34.96718],[126.7354,34.96837],[126.73742,34.97055],[126.74088,34.97156],[126.74091,34.97153],[126.74102,34.97147],[126.74113,34.97144],[126.74145,34.97141],[126.74168,34.97141],[126.74195,34.97142],[126.74603,34.97239],[126.74623,34.97249],[126.7472,34.97315],[126.74729,34.9737],[126.74736,34.97413],[126.74754,34.97553],[126.74788,34.97712],[126.74796,34.97728],[126.74908,34.97921],[126.74922,34.97925],[126.74972,34.97898],[126.74982,34.97889],[126.75016,34.97861],[126.75115,34.9783],[126.75247,34.97814],[126.75313,34.97815],[126.75354,34.97825],[126.75375,34.9783],[126.75878,34.98073],[126.76005,34.98151],[126.76018,34.98161],[126.76029,34.98175],[126.7604,34.98196],[126.76045,34.98213],[126.76046,34.98236],[126.76044,34.9825],[126.76214,34.98234],[126.76221,34.98233],[126.76225,34.9823],[126.76299,34.98154],[126.76307,34.98144],[126.76311,34.98135],[126.76318,34.9812],[126.76338,34.98063],[126.76345,34.98044],[126.76371,34.98008],[126.7638,34.98002],[126.76456,34.97956],[126.76755,34.97817],[126.76763,34.97814],[126.76826,34.97787],[126.76847,34.9778],[126.76866,34.97775],[126.76883,34.97774],[126.76913,34.97777],[126.7693,34.97779],[126.7698,34.97787],[126.76995,34.9779],[126.77003,34.97792],[126.77018,34.97799],[126.77026,34.97806],[126.77029,34.97809],[126.7703,34.97812],[126.77032,34.97821],[126.77033,34.97836],[126.77031,34.97846],[126.77027,34.97858],[126.77022,34.97866],[126.77001,34.97886],[126.76979,34.97904],[126.7697,34.97918],[126.76968,34.97924],[126.76951,34.98062],[126.7695,34.98094],[126.7695,34.98109],[126.76955,34.98131],[126.76963,34.9815],[126.77053,34.98346],[126.77264,34.98738],[126.7729,34.98778],[126.77294,34.98783],[126.77322,34.98805],[126.77384,34.98844],[126.77447,34.98811],[126.77481,34.98778],[126.775,34.98745],[126.77512,34.9871],[126.77735,34.98534],[126.78,34.98436],[126.78207,34.98527],[126.78125,34.98576],[126.77893,34.98895],[126.77841,34.98971],[126.77846,34.98995],[126.77937,34.99055],[126.7795,34.99063],[126.77988,34.99083],[126.78127,34.9915],[126.78313,34.99163],[126.78437,34.99166],[126.78444,34.99151],[126.78456,34.9913],[126.78461,34.99125],[126.78472,34.99119],[126.78481,34.99118],[126.78487,34.99119],[126.78491,34.99119],[126.78502,34.99126],[126.78519,34.99139],[126.78561,34.99176],[126.7857,34.99187],[126.7858,34.992],[126.78726,34.99465],[126.7875,34.99513],[126.78764,34.99552],[126.78773,34.99586],[126.78775,34.99611],[126.78779,34.99651],[126.78777,34.99682],[126.78773,34.99723],[126.78776,34.99754],[126.78782,34.99772],[126.7888,34.99962],[126.78884,34.99966],[126.78889,34.99969],[126.78985,35.00019],[126.79326,34.99897],[126.79444,34.9984]]]]}},{"type":"Feature","properties":{"code":"12170510","name":"송월동","parent":"12170"},"geometry":{"type":"MultiPolygon","coordinates":[[[[126.73777,35.01711],[126.73718,35.01563],[126.73731,35.01531],[126.7377,35.01439],[126.73786,35.0141],[126.73795,35.01399],[126.73804,35.0139],[126.73818,35.01381],[126.73837,35.01375],[126.73922,35.01358],[126.73915,35.01317],[126.739,35.01264],[126.73881,35.01208],[126.73773,35.00893],[126.73705,35.00715],[126.73577,35.00586],[126.73422,35.00535],[126.73168,35.00538],[126.72968,35.00602],[126.72804,35.00657],[126.72726,35.00682],[126.72663,35.00715],[126.7232,35.01034],[126.72251,35.01111],[126.72223,35.01131],[126.72136,35.01104],[126.72024,35.01062],[126.71927,35.01023],[126.71886,35.01005],[126.71668,35.00902],[126.71648,35.0089],[126.71609,35.00844],[126.71592,35.00813],[126.71549,35.00957],[126.71532,35.01006],[126.71524,35.01025],[126.71504,35.01056],[126.71484,35.01073],[126.71455,35.01086],[126.71309,35.01125],[126.71266,35.01036],[126.70753,35.01047],[126.70733,35.01077],[126.70711,35.01133],[126.70588,35.01666],[126.70625,35.01729],[126.70747,35.01926],[126.70921,35.01972],[126.70932,35.0197],[126.70939,35.0197],[126.7095,35.0197],[126.70953,35.0197],[126.71018,35.01995],[126.71029,35.01999],[126.71045,35.02007],[126.70977,35.02161],[126.70937,35.02242],[126.70929,35.02255],[126.7089,35.02314],[126.70637,35.02305],[126.70408,35.02479],[126.70412,35.02487],[126.70447,35.02524],[126.70498,35.0256],[126.70529,35.02572],[126.70549,35.02581],[126.70827,35.02663],[126.71283,35.02793],[126.71419,35.02814],[126.71475,35.02807],[126.71608,35.02735],[126.71692,35.02684],[126.71958,35.02596],[126.72606,35.02281],[126.72631,35.02264],[126.72724,35.02232],[126.72794,35.02222],[126.72885,35.02221],[126.73111,35.02108],[126.73124,35.02089],[126.73146,35.02],[126.73145,35.01987],[126.7337,35.01859],[126.73416,35.01838],[126.73597,35.01759],[126.73777,35.01711]]]]}},{"type":"Feature","properties":{"code":"12170520","name":"영강동","parent":"12170"},"geometry":{"type":"MultiPolygon","coordinates":[[[[126.71592,35.00813],[126.71642,35.00782],[126.71553,35.00666],[126.71477,35.00573],[126.71046,35.00098],[126.70976,35.00055],[126.70897,35.00007],[126.70806,34.99988],[126.70487,34.99921],[126.70293,34.99956],[126.70084,34.99953],[126.70062,34.99953],[126.69856,34.9989],[126.69724,34.99811],[126.69467,34.99689],[126.69429,34.99692],[126.69335,34.99698],[126.69303,34.99703],[126.69162,34.99723],[126.68949,34.99822],[126.68924,34.99848],[126.68747,35.00027],[126.68311,35.00301],[126.68225,35.00349],[126.68079,35.0042],[126.67955,35.00447],[126.67882,35.00445],[126.67831,35.00432],[126.67668,35.00337],[126.67601,35.00722],[126.67577,35.00862],[126.6756,35.01081],[126.67561,35.01116],[126.67643,35.01501],[126.67706,35.01654],[126.67714,35.01673],[126.67741,35.017],[126.67782,35.0173],[126.67819,35.01751],[126.68048,35.01884],[126.68143,35.0193],[126.68154,35.01944],[126.68135,35.02046],[126.6843,35.02129],[126.68572,35.02038],[126.68572,35.02028],[126.6858,35.0191],[126.68651,35.01837],[126.68773,35.01885],[126.68798,35.01897],[126.68865,35.01965],[126.68879,35.01991],[126.68888,35.0201],[126.68905,35.02037],[126.68935,35.02056],[126.69004,35.02077],[126.69072,35.02088],[126.691,35.02091],[126.69499,35.02112],[126.6951,35.02086],[126.6962,35.02029],[126.69632,35.02025],[126.69641,35.02022],[126.6995,35.02025],[126.70259,35.02083],[126.70269,35.02086],[126.70463,35.02161],[126.7049,35.02172],[126.70515,35.02184],[126.70535,35.022],[126.70628,35.02281],[126.70633,35.02288],[126.70637,35.02305],[126.7089,35.02314],[126.70929,35.02255],[126.70937,35.02242],[126.70977,35.02161],[126.71045,35.02007],[126.71029,35.01999],[126.71018,35.01995],[126.70953,35.0197],[126.7095,35.0197],[126.70939,35.0197],[126.70932,35.0197],[126.70921,35.01972],[126.70747,35.01926],[126.70625,35.01729],[126.70588,35.01666],[126.70711,35.01133],[126.70733,35.01077],[126.70753,35.01047],[126.71266,35.01036],[126.71309,35.01125],[126.71455,35.01086],[126.71484,35.01073],[126.71504,35.01056],[126.71524,35.01025],[126.71532,35.01006],[126.71549,35.00957],[126.71592,35.00813]]]]}},{"type":"Feature","properties":{"code":"12170540","name":"금남동","parent":"12170"},"geometry":{"type":"MultiPolygon","coordinates":[[[[126.734,35.04035],[126.73376,35.04001],[126.73331,35.03833],[126.73289,35.03675],[126.7332,35.03534],[126.73349,35.03403],[126.73495,35.0326],[126.73698,35.03154],[126.73857,35.02981],[126.7388,35.02702],[126.73858,35.02597],[126.7384,35.02508],[126.73813,35.02372],[126.73866,35.02036],[126.73851,35.01941],[126.73777,35.01711],[126.73597,35.01759],[126.73416,35.01838],[126.7337,35.01859],[126.73145,35.01987],[126.73146,35.02],[126.73124,35.02089],[126.73111,35.02108],[126.72885,35.02221],[126.72794,35.02222],[126.72724,35.02232],[126.72631,35.02264],[126.72606,35.02281],[126.71958,35.02596],[126.71692,35.02684],[126.71608,35.02735],[126.71475,35.02807],[126.71419,35.02814],[126.71283,35.02793],[126.70827,35.02663],[126.70549,35.02581],[126.70529,35.02572],[126.70498,35.0256],[126.70447,35.02524],[126.70412,35.02487],[126.70408,35.02479],[126.70637,35.02305],[126.70633,35.02288],[126.70628,35.02281],[126.70535,35.022],[126.70515,35.02184],[126.7049,35.02172],[126.70463,35.02161],[126.70269,35.02086],[126.70259,35.02083],[126.6995,35.02025],[126.69641,35.02022],[126.69632,35.02025],[126.6962,35.02029],[126.6951,35.02086],[126.69499,35.02112],[126.691,35.02091],[126.69072,35.02088],[126.69004,35.02077],[126.68935,35.02056],[126.68905,35.02037],[126.68888,35.0201],[126.68879,35.01991],[126.68865,35.01965],[126.68798,35.01897],[126.68773,35.01885],[126.68651,35.01837],[126.6858,35.0191],[126.68572,35.02028],[126.68572,35.02038],[126.6843,35.02129],[126.68135,35.02046],[126.67993,35.0234],[126.68009,35.02471],[126.68117,35.02674],[126.68208,35.02735],[126.68163,35.02982],[126.68122,35.03233],[126.68131,35.03243],[126.68228,35.03431],[126.68227,35.03535],[126.68185,35.03605],[126.68136,35.03643],[126.68114,35.03894],[126.68171,35.04029],[126.68274,35.04183],[126.68415,35.04334],[126.68545,35.04439],[126.68656,35.04631],[126.68694,35.04754],[126.68935,35.04934],[126.69242,35.05124],[126.69492,35.05188],[126.69579,35.0518],[126.6969,35.05209],[126.69721,35.05217],[126.69723,35.05375],[126.69725,35.05496],[126.69751,35.0551],[126.69798,35.05501],[126.69845,35.05493],[126.69893,35.05469],[126.69992,35.05413],[126.70078,35.05388],[126.70172,35.05375],[126.70182,35.05376],[126.70334,35.05423],[126.70361,35.0544],[126.70489,35.05544],[126.70589,35.05663],[126.70559,35.05438],[126.70684,35.04995],[126.70711,35.04867],[126.70708,35.04614],[126.70661,35.04505],[126.70654,35.04479],[126.70651,35.04458],[126.70648,35.04427],[126.70644,35.04384],[126.70645,35.04373],[126.70703,35.04182],[126.70712,35.04154],[126.7075,35.04066],[126.70754,35.04059],[126.70779,35.04032],[126.70799,35.04014],[126.70825,35.03993],[126.71206,35.03752],[126.71235,35.03742],[126.71304,35.0374],[126.71324,35.03744],[126.71457,35.03788],[126.71539,35.03549],[126.71539,35.03502],[126.7154,35.03479],[126.71556,35.03387],[126.71566,35.03347],[126.71574,35.03321],[126.71585,35.03289],[126.71587,35.03285],[126.71603,35.03245],[126.71612,35.03223],[126.71618,35.0321],[126.71701,35.03144],[126.7175,35.03118],[126.71803,35.03107],[126.71991,35.03181],[126.72609,35.03499],[126.72649,35.0352],[126.72666,35.03529],[126.72676,35.03536],[126.72682,35.03541],[126.72686,35.03547],[126.72687,35.03551],[126.72568,35.03562],[126.72545,35.03563],[126.72453,35.03564],[126.72429,35.03564],[126.72302,35.03682],[126.72053,35.03933],[126.72037,35.03951],[126.7215,35.04085],[126.72555,35.04019],[126.72864,35.04073],[126.73098,35.04189],[126.73105,35.04186],[126.734,35.04035]]]]}},{"type":"Feature","properties":{"code":"12170550","name":"성북동","parent":"12170"},"geometry":{"type":"MultiPolygon","coordinates":[[[[126.7402,35.04688],[126.73672,35.04436],[126.73576,35.04295],[126.734,35.04035],[126.73105,35.04186],[126.73098,35.04189],[126.72864,35.04073],[126.72555,35.04019],[126.7215,35.04085],[126.72037,35.03951],[126.72053,35.03933],[126.72302,35.03682],[126.72429,35.03564],[126.72453,35.03564],[126.72545,35.03563],[126.72568,35.03562],[126.72687,35.03551],[126.72686,35.03547],[126.72682,35.03541],[126.72676,35.03536],[126.72666,35.03529],[126.72649,35.0352],[126.72609,35.03499],[126.71991,35.03181],[126.71803,35.03107],[126.7175,35.03118],[126.71701,35.03144],[126.71618,35.0321],[126.71612,35.03223],[126.71603,35.03245],[126.71587,35.03285],[126.71585,35.03289],[126.71574,35.03321],[126.71566,35.03347],[126.71556,35.03387],[126.7154,35.03479],[126.71539,35.03502],[126.71539,35.03549],[126.71457,35.03788],[126.71324,35.03744],[126.71304,35.0374],[126.71235,35.03742],[126.71206,35.03752],[126.70825,35.03993],[126.70799,35.04014],[126.70779,35.04032],[126.70754,35.04059],[126.7075,35.04066],[126.70712,35.04154],[126.70703,35.04182],[126.70645,35.04373],[126.70644,35.04384],[126.70648,35.04427],[126.70651,35.04458],[126.70654,35.04479],[126.70661,35.04505],[126.70708,35.04614],[126.70711,35.04867],[126.70684,35.04995],[126.70559,35.05438],[126.70589,35.05663],[126.70672,35.0572],[126.712,35.06057],[126.7128,35.06043],[126.71426,35.06048],[126.71444,35.06049],[126.71458,35.06051],[126.71481,35.06058],[126.71505,35.06069],[126.7153,35.0608],[126.71556,35.06098],[126.71626,35.06158],[126.71659,35.06191],[126.71739,35.06267],[126.72054,35.06349],[126.72426,35.0641],[126.72855,35.06506],[126.72919,35.06538],[126.73027,35.06613],[126.73276,35.06593],[126.73586,35.06447],[126.73701,35.06404],[126.73771,35.06356],[126.73813,35.06327],[126.73839,35.06306],[126.73908,35.06254],[126.73969,35.06149],[126.73961,35.05963],[126.73919,35.05798],[126.73928,35.05737],[126.73937,35.05677],[126.74163,35.05536],[126.74187,35.05521],[126.74208,35.05506],[126.74217,35.05496],[126.74221,35.05488],[126.74223,35.05467],[126.74217,35.05421],[126.74169,35.05087],[126.74112,35.05061],[126.7403,35.04962],[126.74004,35.04758],[126.7402,35.04688]]]]}},{"type":"Feature","properties":{"code":"12170580","name":"영산동","parent":"12170"},"geometry":{"type":"MultiPolygon","coordinates":[[[[126.76044,34.9825],[126.76046,34.98236],[126.76045,34.98213],[126.7604,34.98196],[126.76029,34.98175],[126.76018,34.98161],[126.76005,34.98151],[126.75878,34.98073],[126.75375,34.9783],[126.75354,34.97825],[126.75313,34.97815],[126.75247,34.97814],[126.75115,34.9783],[126.75016,34.97861],[126.74982,34.97889],[126.74972,34.97898],[126.74922,34.97925],[126.74908,34.97921],[126.74796,34.97728],[126.74788,34.97712],[126.74754,34.97553],[126.74736,34.97413],[126.74729,34.9737],[126.7472,34.97315],[126.74623,34.97249],[126.74603,34.97239],[126.74195,34.97142],[126.74168,34.97141],[126.74145,34.97141],[126.74113,34.97144],[126.74102,34.97147],[126.74091,34.97153],[126.74088,34.97156],[126.73742,34.97055],[126.7354,34.96837],[126.73326,34.96825],[126.73302,34.96827],[126.73258,34.96861],[126.73176,34.9693],[126.73159,34.96944],[126.73076,34.97034],[126.73057,34.97081],[126.7305,34.97148],[126.73037,34.97181],[126.72976,34.97287],[126.72965,34.97295],[126.72956,34.97294],[126.72949,34.9729],[126.72931,34.97274],[126.72917,34.97329],[126.72773,34.97782],[126.72729,34.97913],[126.7272,34.97932],[126.72582,34.9815],[126.72463,34.98304],[126.72375,34.98393],[126.72329,34.98678],[126.72385,34.98795],[126.72403,34.98816],[126.72406,34.98821],[126.72375,34.98951],[126.72361,34.98943],[126.72308,34.98914],[126.72237,34.98841],[126.7214,34.98576],[126.72138,34.9857],[126.72178,34.98469],[126.72213,34.98383],[126.72198,34.98379],[126.72158,34.98368],[126.7187,34.9857],[126.7182,34.98625],[126.71716,34.98761],[126.71624,34.98944],[126.71617,34.98961],[126.71605,34.99011],[126.7159,34.99178],[126.71597,34.99323],[126.71651,34.99532],[126.7167,34.99575],[126.7174,34.99704],[126.71782,34.99742],[126.7181,34.99759],[126.71816,34.99763],[126.7183,34.99767],[126.71843,34.99766],[126.71847,34.99762],[126.71886,34.99793],[126.7189,34.9981],[126.71891,34.99817],[126.71876,34.99857],[126.71836,34.99913],[126.71759,34.99968],[126.71658,34.99945],[126.71584,34.99915],[126.71581,34.99914],[126.7155,34.99892],[126.71555,34.99862],[126.71555,34.99849],[126.71532,34.99824],[126.71476,34.99794],[126.71405,34.99779],[126.71208,34.99746],[126.71105,34.99739],[126.70838,34.99774],[126.70663,34.99807],[126.70487,34.99921],[126.70806,34.99988],[126.70897,35.00007],[126.70976,35.00055],[126.71046,35.00098],[126.71477,35.00573],[126.71553,35.00666],[126.71642,35.00782],[126.71592,35.00813],[126.71609,35.00844],[126.71648,35.0089],[126.71668,35.00902],[126.71886,35.01005],[126.71927,35.01023],[126.72024,35.01062],[126.72136,35.01104],[126.72223,35.01131],[126.72251,35.01111],[126.7232,35.01034],[126.72663,35.00715],[126.72726,35.00682],[126.72804,35.00657],[126.72968,35.00602],[126.73168,35.00538],[126.73422,35.00535],[126.73577,35.00586],[126.73705,35.00715],[126.73773,35.00893],[126.73881,35.01208],[126.739,35.01264],[126.73915,35.01317],[126.73922,35.01358],[126.73946,35.01354],[126.74004,35.01341],[126.74064,35.01297],[126.74335,35.00835],[126.74357,35.00773],[126.74386,35.00669],[126.7442,35.00548],[126.74406,35.00394],[126.745,35.00204],[126.75128,35.00013],[126.7529,35.00019],[126.75521,35.0003],[126.75572,35.00033],[126.75588,35.00035],[126.75596,35.0004],[126.75602,35.00059],[126.75604,35.00067],[126.75651,35.00063],[126.75709,35.00051],[126.76026,34.99936],[126.76036,34.99929],[126.76144,34.99749],[126.76195,34.99576],[126.76198,34.99549],[126.76202,34.99526],[126.76179,34.99322],[126.76127,34.99075],[126.76088,34.99044],[126.7598,34.9891],[126.75888,34.9875],[126.75903,34.98698],[126.75963,34.9856],[126.75985,34.98544],[126.76003,34.98508],[126.7601,34.98478],[126.76036,34.98351],[126.76042,34.98289],[126.76044,34.9825]]]]}},{"type":"Feature","properties":{"code":"12170600","name":"이창동","parent":"12170"},"geometry":{"type":"MultiPolygon","coordinates":[[[[126.70487,34.99921],[126.70663,34.99807],[126.70838,34.99774],[126.71105,34.99739],[126.71208,34.99746],[126.71405,34.99779],[126.71476,34.99794],[126.71532,34.99824],[126.71555,34.99849],[126.71555,34.99862],[126.7155,34.99892],[126.71581,34.99914],[126.71584,34.99915],[126.71658,34.99945],[126.71759,34.99968],[126.71836,34.99913],[126.71876,34.99857],[126.71891,34.99817],[126.7189,34.9981],[126.71886,34.99793],[126.71847,34.99762],[126.71843,34.99766],[126.7183,34.99767],[126.71816,34.99763],[126.7181,34.99759],[126.71782,34.99742],[126.7174,34.99704],[126.7167,34.99575],[126.71651,34.99532],[126.71597,34.99323],[126.7159,34.99178],[126.71605,34.99011],[126.71617,34.98961],[126.71624,34.98944],[126.71716,34.98761],[126.7182,34.98625],[126.7187,34.9857],[126.72158,34.98368],[126.72198,34.98379],[126.72213,34.98383],[126.72178,34.98469],[126.72138,34.9857],[126.7214,34.98576],[126.72237,34.98841],[126.72308,34.98914],[126.72361,34.98943],[126.72375,34.98951],[126.72406,34.98821],[126.72403,34.98816],[126.72385,34.98795],[126.72329,34.98678],[126.72375,34.98393],[126.72463,34.98304],[126.72582,34.9815],[126.7272,34.97932],[126.72729,34.97913],[126.72773,34.97782],[126.72917,34.97329],[126.72931,34.97274],[126.72824,34.97238],[126.72812,34.97234],[126.72803,34.97229],[126.72798,34.97225],[126.72798,34.97221],[126.72795,34.97191],[126.72792,34.97134],[126.72789,34.97102],[126.72785,34.97076],[126.72776,34.97051],[126.72773,34.97047],[126.72759,34.97041],[126.72735,34.97034],[126.72725,34.97032],[126.72715,34.97032],[126.72707,34.97032],[126.72693,34.97033],[126.72532,34.97041],[126.72515,34.97043],[126.72455,34.97048],[126.72368,34.97069],[126.72358,34.97071],[126.72351,34.97075],[126.72349,34.97078],[126.72344,34.97085],[126.72338,34.97094],[126.72334,34.97102],[126.72332,34.97109],[126.72331,34.97117],[126.72329,34.97132],[126.72328,34.97139],[126.72324,34.97154],[126.72321,34.97163],[126.72318,34.9717],[126.72309,34.97178],[126.72278,34.972],[126.72142,34.9729],[126.72065,34.97279],[126.7159,34.97248],[126.71585,34.97294],[126.71572,34.97414],[126.71484,34.9755],[126.71197,34.97817],[126.71082,34.98002],[126.71028,34.98116],[126.70744,34.98718],[126.70731,34.98743],[126.70688,34.98802],[126.70632,34.98821],[126.70608,34.98827],[126.70582,34.98828],[126.70551,34.98826],[126.70517,34.98824],[126.70514,34.98823],[126.70364,34.98744],[126.7005,34.98411],[126.69995,34.98062],[126.69682,34.97846],[126.69498,34.97671],[126.69303,34.97457],[126.69013,34.97413],[126.68945,34.97414],[126.68882,34.97445],[126.68819,34.97477],[126.68736,34.97451],[126.68586,34.97355],[126.68465,34.97276],[126.6843,34.97151],[126.68193,34.96997],[126.68072,34.97003],[126.67793,34.97075],[126.67054,34.97295],[126.67029,34.97309],[126.66959,34.97352],[126.66935,34.97368],[126.66922,34.97388],[126.66912,34.97402],[126.66861,34.97459],[126.66854,34.97465],[126.66844,34.97475],[126.66832,34.97483],[126.66691,34.97559],[126.66679,34.97565],[126.66576,34.97605],[126.6655,34.97615],[126.66518,34.97626],[126.66429,34.97645],[126.66343,34.97658],[126.6626,34.97637],[126.65817,34.97474],[126.65738,34.97438],[126.65681,34.97394],[126.65535,34.97374],[126.65511,34.97374],[126.65448,34.97375],[126.64918,34.97395],[126.64876,34.97401],[126.64732,34.9742],[126.64648,34.97433],[126.64549,34.97479],[126.64369,34.97589],[126.64305,34.97628],[126.64258,34.97676],[126.64242,34.97711],[126.6408,34.97942],[126.63776,34.98376],[126.6382,34.9839],[126.64066,34.98421],[126.64291,34.98393],[126.64309,34.98391],[126.64446,34.98354],[126.64664,34.98232],[126.64837,34.9813],[126.65049,34.98031],[126.65208,34.98019],[126.65541,34.98048],[126.65768,34.98147],[126.6601,34.98346],[126.66053,34.98402],[126.6611,34.98476],[126.66147,34.98662],[126.66159,34.98696],[126.66174,34.98735],[126.66291,34.98974],[126.66618,34.99343],[126.66833,34.99573],[126.66865,34.99607],[126.66911,34.99656],[126.67318,35.0005],[126.67531,35.00257],[126.67668,35.00337],[126.67831,35.00432],[126.67882,35.00445],[126.67955,35.00447],[126.68079,35.0042],[126.68225,35.00349],[126.68311,35.00301],[126.68747,35.00027],[126.68924,34.99848],[126.68949,34.99822],[126.69162,34.99723],[126.69303,34.99703],[126.69335,34.99698],[126.69429,34.99692],[126.69467,34.99689],[126.69724,34.99811],[126.69856,34.9989],[126.70062,34.99953],[126.70084,34.99953],[126.70293,34.99956],[126.70487,34.99921]]]]}},{"type":"Feature","properties":{"code":"12170620","name":"빛가람동","parent":"12170"},"geometry":{"type":"MultiPolygon","coordinates":[[[[126.79221,35.00819],[126.79154,35.00748],[126.78621,35.00637],[126.78547,35.00629],[126.78466,35.00633],[126.78344,35.00688],[126.78269,35.0074],[126.78093,35.00907],[126.78079,35.00956],[126.78117,35.01019],[126.78158,35.01066],[126.78115,35.01121],[126.77789,35.01104],[126.77754,35.01092],[126.77554,35.00951],[126.77509,35.00917],[126.77451,35.00865],[126.77285,35.00759],[126.77229,35.00726],[126.77183,35.00712],[126.77136,35.00702],[126.77093,35.00694],[126.76928,35.00677],[126.76679,35.00708],[126.76591,35.0078],[126.76709,35.00937],[126.76927,35.01225],[126.77103,35.01462],[126.77299,35.01788],[126.7751,35.0222],[126.7765,35.02538],[126.77815,35.02914],[126.77848,35.03033],[126.77852,35.032],[126.78575,35.03318],[126.78764,35.03022],[126.78788,35.02969],[126.79195,35.031],[126.79562,35.03217],[126.79797,35.03107],[126.79819,35.03083],[126.79822,35.03043],[126.79791,35.02863],[126.79858,35.02748],[126.80074,35.02559],[126.80118,35.0253],[126.80149,35.02518],[126.80265,35.02518],[126.80361,35.02562],[126.80421,35.02578],[126.80478,35.02567],[126.80567,35.02216],[126.80601,35.02073],[126.80635,35.01898],[126.80631,35.01772],[126.80643,35.01607],[126.80692,35.01559],[126.80737,35.0151],[126.8077,35.01454],[126.80804,35.01304],[126.80806,35.00613],[126.80721,35.00599],[126.80684,35.00607],[126.80633,35.00624],[126.80286,35.00747],[126.80108,35.00819],[126.80035,35.00863],[126.79984,35.0089],[126.79895,35.00932],[126.79718,35.00984],[126.79297,35.00897],[126.7927,35.00875],[126.79221,35.00819]]]]}}]}