{"type":"FeatureCollection","features":[{"type":"Feature","properties":{"code":"12860250","name":"진도읍","parent":"12860"},"geometry":{"type":"MultiPolygon","coordinates":[[[[126.21955,34.53353],[126.21947,34.53352],[126.2194,34.53352],[126.21856,34.53364],[126.21832,34.53377],[126.21814,34.53388],[126.21804,34.53399],[126.21799,34.53406],[126.21793,34.53419],[126.21794,34.53438],[126.21797,34.53451],[126.21827,34.53538],[126.21832,34.53549],[126.21838,34.53556],[126.21889,34.53615],[126.21899,34.53625],[126.21911,34.5363],[126.21928,34.53635],[126.21937,34.53637],[126.21948,34.53637],[126.21959,34.53633],[126.21969,34.53628],[126.21978,34.53617],[126.22023,34.53551],[126.2203,34.53541],[126.22034,34.53528],[126.22035,34.53512],[126.2199,34.53398],[126.21981,34.53376],[126.21976,34.53368],[126.2197,34.5336],[126.21961,34.53355],[126.21955,34.53353]]],[[[126.24219,34.53205],[126.24244,34.53164],[126.24596,34.52877],[126.24401,34.52681],[126.24221,34.52387],[126.24236,34.5232],[126.2429,34.52241],[126.24378,34.52196],[126.24473,34.52173],[126.24609,34.52209],[126.24883,34.52286],[126.25002,34.5233],[126.25019,34.52333],[126.25401,34.51917],[126.25419,34.51863],[126.25418,34.51841],[126.25379,34.51767],[126.25349,34.51728],[126.25314,34.51695],[126.25321,34.51663],[126.25376,34.51579],[126.25522,34.5141],[126.2563,34.51253],[126.25619,34.51041],[126.25603,34.50991],[126.25529,34.50906],[126.25424,34.50702],[126.25385,34.50557],[126.25375,34.50376],[126.25375,34.50346],[126.25579,34.50012],[126.25584,34.50008],[126.25597,34.49995],[126.25615,34.49979],[126.26007,34.49695],[126.26658,34.49509],[126.26676,34.49524],[126.26766,34.49603],[126.26786,34.49638],[126.26941,34.49731],[126.27063,34.49727],[126.27251,34.49698],[126.27358,34.4968],[126.27438,34.49637],[126.27528,34.49552],[126.277,34.49494],[126.27764,34.4948],[126.27902,34.49457],[126.28005,34.49437],[126.28033,34.49427],[126.28112,34.49396],[126.28235,34.49332],[126.28196,34.4921],[126.28172,34.49114],[126.28258,34.48707],[126.28281,34.48663],[126.28402,34.48531],[126.285,34.48541],[126.28602,34.48536],[126.28961,34.48459],[126.29217,34.48329],[126.29274,34.4829],[126.29655,34.48236],[126.29794,34.48081],[126.29928,34.47905],[126.30086,34.47853],[126.30212,34.47849],[126.30315,34.47865],[126.30358,34.47719],[126.3032,34.47564],[126.30165,34.47391],[126.30044,34.47338],[126.29616,34.47378],[126.29515,34.47485],[126.29186,34.47492],[126.29029,34.47487],[126.29001,34.47418],[126.29001,34.47362],[126.28927,34.47276],[126.28811,34.47167],[126.28611,34.4716],[126.28419,34.47227],[126.28257,34.47274],[126.27956,34.47328],[126.27818,34.47343],[126.27639,34.47332],[126.27639,34.47326],[126.27639,34.47322],[126.27639,34.47316],[126.27636,34.47214],[126.27663,34.4715],[126.2763,34.46984],[126.27625,34.46963],[126.27619,34.46937],[126.27192,34.46474],[126.27088,34.46467],[126.2694,34.46597],[126.26794,34.46666],[126.26304,34.46739],[126.2608,34.46676],[126.26028,34.46639],[126.25906,34.46482],[126.25879,34.46455],[126.25729,34.46305],[126.25651,34.46282],[126.2556,34.46261],[126.25497,34.46251],[126.25252,34.46278],[126.25176,34.46301],[126.25141,34.46311],[126.25045,34.46169],[126.25009,34.46116],[126.25059,34.4596],[126.25006,34.45908],[126.24847,34.45755],[126.24839,34.45749],[126.2483,34.45747],[126.24796,34.45746],[126.24775,34.45749],[126.24738,34.45755],[126.2437,34.45725],[126.24358,34.45693],[126.24279,34.45584],[126.24172,34.45545],[126.23873,34.45778],[126.23796,34.45865],[126.23776,34.45995],[126.23658,34.46034],[126.23527,34.45849],[126.23517,34.45829],[126.23268,34.45224],[126.23223,34.45055],[126.23179,34.45021],[126.23022,34.44984],[126.22671,34.44909],[126.21739,34.4492],[126.2151,34.45043],[126.21369,34.45042],[126.2161,34.4592],[126.21509,34.46261],[126.2144,34.46446],[126.21389,34.46564],[126.21233,34.46862],[126.21171,34.46981],[126.21115,34.47081],[126.21078,34.47146],[126.21057,34.47181],[126.21047,34.47202],[126.21009,34.47334],[126.20996,34.47399],[126.2098,34.47623],[126.20986,34.47677],[126.20993,34.47699],[126.20998,34.47712],[126.21003,34.47725],[126.21009,34.47735],[126.21062,34.47839],[126.21168,34.48167],[126.2127,34.4849],[126.21285,34.48579],[126.213,34.48678],[126.21288,34.48779],[126.2125,34.4897],[126.21214,34.49087],[126.21086,34.49366],[126.20984,34.49523],[126.20843,34.49687],[126.20816,34.49706],[126.20683,34.49802],[126.20642,34.49831],[126.20688,34.49908],[126.20752,34.50018],[126.20769,34.50059],[126.20775,34.50081],[126.20775,34.50088],[126.20776,34.50102],[126.20775,34.50117],[126.20774,34.50124],[126.20772,34.50133],[126.20766,34.50149],[126.20761,34.50159],[126.20757,34.50167],[126.20754,34.50173],[126.20747,34.50183],[126.20742,34.50189],[126.20351,34.5066],[126.20344,34.50661],[126.2032,34.50661],[126.20295,34.50659],[126.20278,34.50659],[126.2026,34.50656],[126.2024,34.50652],[126.2022,34.50646],[126.20207,34.50641],[126.20197,34.50634],[126.20191,34.50628],[126.20115,34.50523],[126.20124,34.50473],[126.20096,34.5045],[126.20045,34.5045],[126.20022,34.50472],[126.19983,34.50517],[126.19809,34.50732],[126.19791,34.50757],[126.19786,34.50766],[126.19783,34.5079],[126.19781,34.50809],[126.19781,34.50834],[126.19782,34.50853],[126.19795,34.50939],[126.19799,34.50956],[126.19802,34.50966],[126.19811,34.5099],[126.19819,34.51008],[126.19822,34.51014],[126.19881,34.5109],[126.19888,34.51098],[126.19899,34.51107],[126.20532,34.51459],[126.21049,34.51683],[126.21063,34.51689],[126.21087,34.51693],[126.21108,34.51695],[126.21131,34.51695],[126.21945,34.51681],[126.2196,34.51681],[126.21981,34.5168],[126.21993,34.51678],[126.22021,34.51674],[126.22032,34.51672],[126.2205,34.51666],[126.2208,34.51658],[126.22085,34.51656],[126.22094,34.51653],[126.22101,34.51649],[126.22107,34.51647],[126.22114,34.51645],[126.22122,34.51643],[126.22132,34.51641],[126.22241,34.51633],[126.22259,34.51632],[126.22311,34.51637],[126.22315,34.51637],[126.22322,34.51643],[126.22341,34.51676],[126.22358,34.51707],[126.22375,34.51755],[126.22394,34.51828],[126.22396,34.51845],[126.22398,34.51868],[126.22397,34.51882],[126.22394,34.51889],[126.22391,34.51892],[126.22195,34.5199],[126.21968,34.52048],[126.21198,34.52432],[126.2119,34.5244],[126.21184,34.52447],[126.21178,34.5246],[126.21163,34.52671],[126.21165,34.52681],[126.21169,34.52692],[126.21177,34.52701],[126.21187,34.52706],[126.21196,34.5271],[126.21207,34.52714],[126.21217,34.52715],[126.21228,34.52716],[126.21239,34.52716],[126.21264,34.52715],[126.21276,34.52713],[126.21333,34.52712],[126.21427,34.52714],[126.21448,34.52715],[126.21469,34.52721],[126.21482,34.52726],[126.21541,34.52752],[126.21581,34.52774],[126.21631,34.52815],[126.21645,34.52832],[126.2165,34.5284],[126.21662,34.52859],[126.21664,34.52863],[126.21668,34.52874],[126.21694,34.52946],[126.22008,34.5314],[126.22244,34.52996],[126.22246,34.52994],[126.2225,34.52993],[126.22392,34.52987],[126.22462,34.53007],[126.22479,34.53013],[126.22486,34.53019],[126.22514,34.53201],[126.22506,34.53576],[126.22484,34.53601],[126.2248,34.53606],[126.22477,34.53613],[126.22466,34.53635],[126.22465,34.53644],[126.2245,34.5384],[126.22449,34.53877],[126.2245,34.53886],[126.22452,34.53899],[126.22493,34.54062],[126.22496,34.54067],[126.2255,34.54132],[126.22557,34.54139],[126.22568,34.54145],[126.22581,34.54145],[126.22593,34.5414],[126.22606,34.54131],[126.22621,34.5412],[126.22701,34.54058],[126.22713,34.54048],[126.22719,34.54041],[126.22725,34.54034],[126.22729,34.54026],[126.22774,34.53914],[126.22779,34.53895],[126.22818,34.53713],[126.22785,34.53698],[126.2278,34.53691],[126.22772,34.53679],[126.2277,34.53673],[126.22768,34.53668],[126.22768,34.53662],[126.22767,34.53654],[126.22767,34.53647],[126.22769,34.53632],[126.2277,34.53626],[126.22771,34.53623],[126.22775,34.53615],[126.22778,34.53611],[126.22781,34.53608],[126.22798,34.53598],[126.22812,34.53593],[126.22839,34.53583],[126.2312,34.53504],[126.2336,34.53478],[126.23467,34.53683],[126.23473,34.53689],[126.23484,34.53694],[126.23631,34.5375],[126.23731,34.53698],[126.23724,34.53658],[126.2372,34.53646],[126.23681,34.53522],[126.23673,34.53513],[126.23662,34.53507],[126.23654,34.53507],[126.23645,34.53506],[126.23631,34.53508],[126.23624,34.53509],[126.23615,34.53461],[126.23616,34.53417],[126.23617,34.53414],[126.23645,34.53336],[126.2366,34.53304],[126.23663,34.53297],[126.23686,34.53266],[126.23702,34.53246],[126.23709,34.53242],[126.23715,34.53238],[126.23722,34.53236],[126.23765,34.53229],[126.24219,34.53205]]],[[[126.22027,34.55312],[126.22412,34.55234],[126.22453,34.55241],[126.22502,34.55248],[126.2259,34.5526],[126.22601,34.55261],[126.22618,34.55261],[126.22693,34.55261],[126.22718,34.55259],[126.22734,34.55257],[126.22747,34.55254],[126.22758,34.55248],[126.2283,34.55207],[126.22837,34.55198],[126.22834,34.55187],[126.22824,34.5518],[126.22813,34.55173],[126.22608,34.55105],[126.22592,34.55102],[126.22569,34.55102],[126.22547,34.55102],[126.22394,34.55107],[126.22371,34.5511],[126.22355,34.55116],[126.22345,34.5512],[126.21995,34.55254],[126.21931,34.5528],[126.21917,34.55289],[126.2191,34.55294],[126.219,34.55305],[126.21909,34.55317],[126.21947,34.55324],[126.21995,34.55318],[126.22027,34.55312]]]]}},{"type":"Feature","properties":{"code":"12860310","name":"군내면","parent":"12860"},"geometry":{"type":"MultiPolygon","coordinates":[[[[126.30965,34.55472],[126.30942,34.55469],[126.30915,34.55471],[126.30776,34.555],[126.30765,34.55504],[126.30735,34.55516],[126.30726,34.5552],[126.30717,34.55526],[126.30706,34.5554],[126.30704,34.55557],[126.30704,34.5557],[126.30705,34.55578],[126.30709,34.55584],[126.30718,34.55594],[126.30727,34.55602],[126.30738,34.55608],[126.30755,34.55614],[126.30786,34.55619],[126.30803,34.5562],[126.3082,34.5562],[126.30835,34.55619],[126.30854,34.55617],[126.30928,34.55608],[126.30975,34.55602],[126.30986,34.55598],[126.31011,34.55583],[126.31026,34.55572],[126.31036,34.55561],[126.31044,34.5555],[126.31048,34.5554],[126.31048,34.55532],[126.31045,34.55523],[126.31037,34.5551],[126.31025,34.55499],[126.31013,34.5549],[126.30981,34.55478],[126.30965,34.55472]]],[[[126.31666,34.55563],[126.31552,34.55556],[126.31486,34.55571],[126.31445,34.55589],[126.31385,34.55624],[126.31356,34.55643],[126.31349,34.55678],[126.31356,34.55706],[126.31431,34.55761],[126.31472,34.55781],[126.31513,34.55789],[126.31543,34.55789],[126.31559,34.55782],[126.31595,34.5576],[126.31681,34.55653],[126.31693,34.55636],[126.31705,34.55595],[126.31694,34.5557],[126.31666,34.55563]]],[[[126.32545,34.54133],[126.32343,34.53946],[126.32328,34.53932],[126.32318,34.53919],[126.32212,34.5379],[126.32202,34.53777],[126.322,34.53768],[126.32205,34.53739],[126.32291,34.53321],[126.32298,34.53295],[126.32347,34.53141],[126.32387,34.52854],[126.32331,34.52765],[126.32326,34.52755],[126.32324,34.52744],[126.32325,34.52728],[126.32328,34.52722],[126.32375,34.52647],[126.32379,34.52644],[126.3263,34.52583],[126.32638,34.52582],[126.32831,34.52609],[126.3288,34.52618],[126.32937,34.52671],[126.32944,34.52678],[126.32952,34.52687],[126.32955,34.52696],[126.33106,34.5291],[126.3344,34.52882],[126.33714,34.5284],[126.3402,34.52513],[126.34201,34.52261],[126.34203,34.52254],[126.34366,34.52021],[126.34376,34.52011],[126.34395,34.51995],[126.34418,34.51975],[126.34435,34.51964],[126.34448,34.5196],[126.34466,34.51958],[126.34489,34.51957],[126.3451,34.51957],[126.34528,34.51957],[126.34538,34.51954],[126.34553,34.51949],[126.34576,34.51937],[126.34585,34.5193],[126.34756,34.51793],[126.34771,34.51779],[126.34776,34.51773],[126.34778,34.51765],[126.34778,34.51759],[126.34769,34.51624],[126.34766,34.51611],[126.34761,34.51604],[126.34758,34.516],[126.34749,34.51592],[126.34621,34.51543],[126.34593,34.51535],[126.34549,34.51525],[126.34508,34.51515],[126.34458,34.51507],[126.34445,34.51506],[126.34424,34.51508],[126.34389,34.51503],[126.34378,34.51501],[126.34367,34.51497],[126.34157,34.51384],[126.34149,34.51379],[126.34144,34.51374],[126.34136,34.51359],[126.34096,34.51285],[126.34074,34.51213],[126.34043,34.5111],[126.34029,34.5108],[126.34025,34.51076],[126.34018,34.51071],[126.34007,34.51066],[126.3364,34.50909],[126.33349,34.51113],[126.33255,34.51122],[126.32751,34.5126],[126.32733,34.51267],[126.32697,34.51283],[126.32354,34.51436],[126.32257,34.51499],[126.32237,34.51497],[126.32033,34.51395],[126.31999,34.51372],[126.3192,34.51289],[126.31912,34.51268],[126.31904,34.51244],[126.31911,34.51222],[126.31918,34.51204],[126.31928,34.5118],[126.31939,34.51159],[126.31949,34.5114],[126.31955,34.5112],[126.31956,34.51101],[126.31959,34.51049],[126.3196,34.51011],[126.3196,34.50995],[126.31932,34.50873],[126.31836,34.50873],[126.31677,34.50871],[126.31571,34.50869],[126.31547,34.50868],[126.31551,34.50673],[126.31554,34.5056],[126.31559,34.50465],[126.31558,34.50408],[126.31555,34.50385],[126.31551,34.50383],[126.31336,34.5035],[126.31262,34.5036],[126.31073,34.50418],[126.3106,34.50424],[126.31051,34.5043],[126.30923,34.50607],[126.30893,34.50676],[126.30679,34.50669],[126.30568,34.5053],[126.30128,34.50393],[126.30113,34.5039],[126.30024,34.50384],[126.29993,34.50386],[126.29954,34.50391],[126.29712,34.50441],[126.29683,34.50448],[126.29591,34.50487],[126.29581,34.50494],[126.29508,34.50573],[126.29479,34.50613],[126.29457,34.50645],[126.29447,34.50663],[126.29439,34.50672],[126.29418,34.5069],[126.29404,34.50696],[126.2927,34.50711],[126.29246,34.50694],[126.29192,34.50657],[126.29131,34.50544],[126.29092,34.5037],[126.29171,34.50271],[126.2922,34.50233],[126.29336,34.50177],[126.29365,34.5014],[126.29362,34.50026],[126.29351,34.49797],[126.29525,34.4973],[126.29587,34.49765],[126.29626,34.49797],[126.29718,34.49762],[126.29888,34.49618],[126.30193,34.49376],[126.30385,34.49344],[126.30611,34.49121],[126.30699,34.48974],[126.30775,34.48932],[126.31063,34.48867],[126.31105,34.4886],[126.31255,34.4871],[126.31621,34.4831],[126.31721,34.48163],[126.31529,34.48036],[126.31456,34.47999],[126.31364,34.47993],[126.31052,34.47993],[126.30752,34.47991],[126.30649,34.47947],[126.30576,34.47916],[126.30475,34.47886],[126.30315,34.47865],[126.30212,34.47849],[126.30086,34.47853],[126.29928,34.47905],[126.29794,34.48081],[126.29655,34.48236],[126.29274,34.4829],[126.29217,34.48329],[126.28961,34.48459],[126.28602,34.48536],[126.285,34.48541],[126.28402,34.48531],[126.28281,34.48663],[126.28258,34.48707],[126.28172,34.49114],[126.28196,34.4921],[126.28235,34.49332],[126.28112,34.49396],[126.28033,34.49427],[126.28005,34.49437],[126.27902,34.49457],[126.27764,34.4948],[126.277,34.49494],[126.27528,34.49552],[126.27438,34.49637],[126.27358,34.4968],[126.27251,34.49698],[126.27063,34.49727],[126.26941,34.49731],[126.26786,34.49638],[126.26766,34.49603],[126.26676,34.49524],[126.26658,34.49509],[126.26007,34.49695],[126.25615,34.49979],[126.25597,34.49995],[126.25584,34.50008],[126.25579,34.50012],[126.25375,34.50346],[126.25375,34.50376],[126.25385,34.50557],[126.25424,34.50702],[126.25529,34.50906],[126.25603,34.50991],[126.25619,34.51041],[126.2563,34.51253],[126.25522,34.5141],[126.25376,34.51579],[126.25321,34.51663],[126.25314,34.51695],[126.25349,34.51728],[126.25379,34.51767],[126.25418,34.51841],[126.25419,34.51863],[126.25401,34.51917],[126.25019,34.52333],[126.25002,34.5233],[126.24883,34.52286],[126.24609,34.52209],[126.24473,34.52173],[126.24378,34.52196],[126.2429,34.52241],[126.24236,34.5232],[126.24221,34.52387],[126.24401,34.52681],[126.24596,34.52877],[126.24244,34.53164],[126.24219,34.53205],[126.2448,34.53192],[126.24533,34.5319],[126.24656,34.53186],[126.24514,34.53439],[126.24506,34.53452],[126.2449,34.53476],[126.24432,34.53543],[126.24422,34.53552],[126.24404,34.53565],[126.24393,34.53578],[126.24386,34.53593],[126.24388,34.53603],[126.24464,34.5383],[126.24472,34.5384],[126.2455,34.53949],[126.24555,34.53955],[126.24564,34.53964],[126.24574,34.53969],[126.24586,34.53974],[126.24599,34.53977],[126.24695,34.53993],[126.24714,34.53994],[126.24737,34.53996],[126.24753,34.53995],[126.24767,34.53987],[126.24778,34.53977],[126.24788,34.53954],[126.2479,34.53943],[126.24791,34.53931],[126.24787,34.53917],[126.24781,34.53902],[126.24772,34.53869],[126.2477,34.53861],[126.24769,34.53853],[126.2477,34.53841],[126.24771,34.53832],[126.24775,34.53823],[126.24777,34.53818],[126.24783,34.53811],[126.24786,34.53808],[126.24788,34.53807],[126.24807,34.53801],[126.24954,34.53766],[126.25499,34.53679],[126.25517,34.53709],[126.26087,34.5466],[126.26099,34.54819],[126.25507,34.55952],[126.25157,34.56092],[126.25069,34.56299],[126.2505,34.56379],[126.25019,34.56397],[126.24812,34.56455],[126.24749,34.56447],[126.24669,34.56426],[126.24631,34.56451],[126.24571,34.56569],[126.24575,34.56723],[126.24566,34.56739],[126.24522,34.56762],[126.24462,34.56788],[126.24379,34.56799],[126.24305,34.56795],[126.24255,34.5677],[126.2425,34.56723],[126.24186,34.56637],[126.24155,34.56596],[126.241,34.5656],[126.24076,34.56552],[126.2401,34.56533],[126.23969,34.56548],[126.23944,34.56592],[126.23945,34.56645],[126.23981,34.57049],[126.24168,34.57382],[126.24164,34.57409],[126.24111,34.57422],[126.24055,34.57433],[126.24019,34.57451],[126.23991,34.5748],[126.23968,34.57523],[126.23962,34.5759],[126.2399,34.57635],[126.24339,34.57964],[126.24435,34.57983],[126.24456,34.5802],[126.24448,34.58099],[126.24394,34.58233],[126.24312,34.58326],[126.24274,34.58305],[126.24182,34.58253],[126.23917,34.58219],[126.23883,34.58217],[126.2382,34.58315],[126.23821,34.58379],[126.23838,34.5841],[126.2401,34.58709],[126.24129,34.58747],[126.2452,34.58861],[126.25021,34.5895],[126.25081,34.58928],[126.2504,34.58881],[126.25021,34.58576],[126.25025,34.58554],[126.25051,34.5853],[126.25215,34.58431],[126.25231,34.58423],[126.25258,34.58418],[126.2534,34.58405],[126.25382,34.58428],[126.25423,34.58477],[126.25425,34.58493],[126.2537,34.58575],[126.25368,34.58599],[126.25385,34.58627],[126.25456,34.58683],[126.25489,34.58706],[126.25506,34.58714],[126.25772,34.58744],[126.25821,34.58724],[126.25827,34.58685],[126.25867,34.58585],[126.26016,34.58478],[126.26083,34.58468],[126.26344,34.58443],[126.26514,34.58427],[126.26679,34.58222],[126.26865,34.58273],[126.26883,34.58305],[126.26913,34.58329],[126.26962,34.58364],[126.27014,34.5838],[126.27061,34.58387],[126.27216,34.58354],[126.27454,34.5827],[126.27811,34.58157],[126.28035,34.58115],[126.28074,34.58094],[126.28129,34.5806],[126.28137,34.58027],[126.28099,34.57966],[126.2801,34.57932],[126.27955,34.57812],[126.28175,34.57727],[126.28316,34.5769],[126.28472,34.57709],[126.28758,34.57751],[126.28989,34.57784],[126.2906,34.57785],[126.29119,34.57767],[126.2917,34.57669],[126.29196,34.57537],[126.29263,34.57284],[126.29469,34.57403],[126.29516,34.5742],[126.29717,34.57423],[126.2978,34.57417],[126.29807,34.57393],[126.29823,34.57353],[126.29819,34.57336],[126.2981,34.57296],[126.30046,34.57165],[126.30286,34.57066],[126.30406,34.56953],[126.30429,34.56891],[126.30481,34.56826],[126.30782,34.5658],[126.30894,34.56557],[126.30923,34.5653],[126.31024,34.56313],[126.30822,34.55964],[126.30779,34.55937],[126.3071,34.559],[126.30627,34.55883],[126.30562,34.55882],[126.3055,34.55897],[126.30483,34.55937],[126.30419,34.55957],[126.30258,34.55845],[126.30261,34.55725],[126.30288,34.5566],[126.30351,34.55588],[126.30431,34.55555],[126.30559,34.55552],[126.30647,34.55517],[126.30747,34.55456],[126.30835,34.55318],[126.30815,34.55275],[126.31426,34.54741],[126.3147,34.54736],[126.3156,34.54735],[126.3161,34.54749],[126.31718,34.54778],[126.31767,34.54768],[126.32303,34.54429],[126.32358,34.54389],[126.32485,34.54272],[126.32514,34.54214],[126.32545,34.54133]]]]}},{"type":"Feature","properties":{"code":"12860320","name":"고군면","parent":"12860"},"geometry":{"type":"MultiPolygon","coordinates":[[[[126.36567,34.41745],[126.36699,34.41709],[126.36828,34.41735],[126.37032,34.4166],[126.3711,34.41621],[126.37287,34.41426],[126.37332,34.41319],[126.37337,34.41196],[126.37342,34.40986],[126.37332,34.40916],[126.37211,34.40834],[126.37052,34.40827],[126.36621,34.40923],[126.36532,34.40956],[126.36478,34.41012],[126.36385,34.4127],[126.36367,34.41373],[126.36376,34.41522],[126.36513,34.4173],[126.36567,34.41745]]],[[[126.35263,34.53911],[126.35267,34.53904],[126.35465,34.53919],[126.3548,34.53919],[126.35547,34.53916],[126.35564,34.53913],[126.35578,34.5391],[126.35593,34.53905],[126.35602,34.539],[126.35606,34.53895],[126.35624,34.53866],[126.35634,34.53849],[126.35639,34.53836],[126.3564,34.53821],[126.35639,34.53811],[126.35635,34.538],[126.35615,34.53751],[126.35564,34.53674],[126.35549,34.53657],[126.35531,34.5364],[126.35517,34.53631],[126.35492,34.53616],[126.35477,34.53608],[126.35453,34.53598],[126.3544,34.53594],[126.35433,34.53592],[126.35422,34.53592],[126.35401,34.53596],[126.35358,34.53604],[126.35077,34.53702],[126.35067,34.53706],[126.35058,34.53711],[126.35054,34.53716],[126.35052,34.53723],[126.35048,34.53756],[126.35048,34.53763],[126.35051,34.53771],[126.35061,34.53782],[126.35152,34.53874],[126.35168,34.53888],[126.35181,34.53897],[126.35221,34.5392],[126.35237,34.53924],[126.3525,34.53923],[126.35258,34.53918],[126.35263,34.53911]]],[[[126.34254,34.41556],[126.34168,34.41639],[126.34084,34.41757],[126.33858,34.42325],[126.33857,34.42382],[126.33857,34.42417],[126.3395,34.42512],[126.34092,34.42617],[126.34128,34.42697],[126.34189,34.4288],[126.34169,34.42944],[126.3396,34.43125],[126.33821,34.43248],[126.33724,34.43346],[126.33682,34.434],[126.3366,34.4343],[126.33626,34.43492],[126.3363,34.43578],[126.33599,34.43812],[126.33533,34.44194],[126.33501,34.44302],[126.33405,34.44468],[126.33301,34.44576],[126.32933,34.45193],[126.32891,34.45273],[126.32876,34.45343],[126.32883,34.45371],[126.32902,34.45441],[126.33073,34.45627],[126.33127,34.45659],[126.33068,34.45797],[126.32961,34.45924],[126.32807,34.46074],[126.32674,34.46077],[126.3265,34.46095],[126.32637,34.46203],[126.32651,34.46302],[126.32667,34.46419],[126.32622,34.46493],[126.32396,34.46718],[126.32315,34.46832],[126.32278,34.46928],[126.32294,34.4708],[126.32305,34.47143],[126.32344,34.47161],[126.32379,34.47275],[126.32342,34.47373],[126.32245,34.47737],[126.32231,34.4792],[126.32196,34.4802],[126.32067,34.48151],[126.31779,34.48172],[126.31721,34.48163],[126.31621,34.4831],[126.31255,34.4871],[126.31105,34.4886],[126.31063,34.48867],[126.30775,34.48932],[126.30699,34.48974],[126.30611,34.49121],[126.30385,34.49344],[126.30193,34.49376],[126.29888,34.49618],[126.29718,34.49762],[126.29626,34.49797],[126.29587,34.49765],[126.29525,34.4973],[126.29351,34.49797],[126.29362,34.50026],[126.29365,34.5014],[126.29336,34.50177],[126.2922,34.50233],[126.29171,34.50271],[126.29092,34.5037],[126.29131,34.50544],[126.29192,34.50657],[126.29246,34.50694],[126.2927,34.50711],[126.29404,34.50696],[126.29418,34.5069],[126.29439,34.50672],[126.29447,34.50663],[126.29457,34.50645],[126.29479,34.50613],[126.29508,34.50573],[126.29581,34.50494],[126.29591,34.50487],[126.29683,34.50448],[126.29712,34.50441],[126.29954,34.50391],[126.29993,34.50386],[126.30024,34.50384],[126.30113,34.5039],[126.30128,34.50393],[126.30568,34.5053],[126.30679,34.50669],[126.30893,34.50676],[126.30923,34.50607],[126.31051,34.5043],[126.3106,34.50424],[126.31073,34.50418],[126.31262,34.5036],[126.31336,34.5035],[126.31551,34.50383],[126.31555,34.50385],[126.31558,34.50408],[126.31559,34.50465],[126.31554,34.5056],[126.31551,34.50673],[126.31547,34.50868],[126.31571,34.50869],[126.31677,34.50871],[126.31836,34.50873],[126.31932,34.50873],[126.3196,34.50995],[126.3196,34.51011],[126.31959,34.51049],[126.31956,34.51101],[126.31955,34.5112],[126.31949,34.5114],[126.31939,34.51159],[126.31928,34.5118],[126.31918,34.51204],[126.31911,34.51222],[126.31904,34.51244],[126.31912,34.51268],[126.3192,34.51289],[126.31999,34.51372],[126.32033,34.51395],[126.32237,34.51497],[126.32257,34.51499],[126.32354,34.51436],[126.32697,34.51283],[126.32733,34.51267],[126.32751,34.5126],[126.33255,34.51122],[126.33349,34.51113],[126.3364,34.50909],[126.34007,34.51066],[126.34018,34.51071],[126.34025,34.51076],[126.34029,34.5108],[126.34043,34.5111],[126.34074,34.51213],[126.34096,34.51285],[126.34136,34.51359],[126.34144,34.51374],[126.34149,34.51379],[126.34157,34.51384],[126.34367,34.51497],[126.34378,34.51501],[126.34389,34.51503],[126.34424,34.51508],[126.34445,34.51506],[126.34458,34.51507],[126.34508,34.51515],[126.34549,34.51525],[126.34593,34.51535],[126.34621,34.51543],[126.34749,34.51592],[126.34758,34.516],[126.34761,34.51604],[126.34766,34.51611],[126.34769,34.51624],[126.34778,34.51759],[126.34778,34.51765],[126.34776,34.51773],[126.34771,34.51779],[126.34756,34.51793],[126.34585,34.5193],[126.34576,34.51937],[126.34553,34.51949],[126.34538,34.51954],[126.34528,34.51957],[126.3451,34.51957],[126.34489,34.51957],[126.34466,34.51958],[126.34448,34.5196],[126.34435,34.51964],[126.34418,34.51975],[126.34395,34.51995],[126.34376,34.52011],[126.34366,34.52021],[126.34203,34.52254],[126.34201,34.52261],[126.3402,34.52513],[126.33714,34.5284],[126.3344,34.52882],[126.33106,34.5291],[126.32955,34.52696],[126.32952,34.52687],[126.32944,34.52678],[126.32937,34.52671],[126.3288,34.52618],[126.32831,34.52609],[126.32638,34.52582],[126.3263,34.52583],[126.32379,34.52644],[126.32375,34.52647],[126.32328,34.52722],[126.32325,34.52728],[126.32324,34.52744],[126.32326,34.52755],[126.32331,34.52765],[126.32387,34.52854],[126.32347,34.53141],[126.32298,34.53295],[126.32291,34.53321],[126.32205,34.53739],[126.322,34.53768],[126.32202,34.53777],[126.32212,34.5379],[126.32318,34.53919],[126.32328,34.53932],[126.32343,34.53946],[126.32545,34.54133],[126.3255,34.54124],[126.32586,34.54163],[126.32606,34.54188],[126.32616,34.54202],[126.32618,34.54208],[126.32651,34.54337],[126.32654,34.54353],[126.32654,34.54363],[126.32652,34.54368],[126.32645,34.54386],[126.32632,34.54406],[126.32622,34.54424],[126.32617,34.54437],[126.32611,34.54456],[126.32608,34.54468],[126.32602,34.54515],[126.32601,34.54548],[126.32604,34.54577],[126.32609,34.54598],[126.32625,34.54643],[126.32636,34.54671],[126.32645,34.54684],[126.32652,34.54692],[126.3271,34.54716],[126.32844,34.54747],[126.32855,34.5474],[126.32912,34.54693],[126.33106,34.54647],[126.3311,34.54646],[126.33198,34.54642],[126.33202,34.54647],[126.33241,34.54712],[126.33236,34.5472],[126.33213,34.54746],[126.33196,34.54772],[126.3319,34.54788],[126.33186,34.54803],[126.33186,34.54813],[126.3319,34.54826],[126.33194,34.54834],[126.33208,34.54845],[126.33747,34.55116],[126.33889,34.55163],[126.33904,34.55163],[126.33917,34.55161],[126.3393,34.55153],[126.33967,34.55097],[126.34165,34.55004],[126.34176,34.54996],[126.34219,34.54959],[126.34246,34.54928],[126.34305,34.54849],[126.34308,34.54841],[126.34307,34.54829],[126.34298,34.54816],[126.34285,34.54806],[126.34268,34.54804],[126.34253,34.54805],[126.34239,34.54809],[126.34224,34.54818],[126.34066,34.54826],[126.33999,34.54828],[126.33953,34.54822],[126.33881,34.54803],[126.33864,34.54798],[126.33853,34.54792],[126.33845,34.54787],[126.33836,34.54779],[126.33803,34.54743],[126.33794,34.54733],[126.33786,34.54723],[126.33783,34.54717],[126.33781,34.54711],[126.33684,34.54379],[126.33687,34.54354],[126.33697,34.54333],[126.33699,34.54331],[126.33761,34.54308],[126.33786,34.54298],[126.33799,34.54294],[126.33875,34.5427],[126.33905,34.54261],[126.33932,34.54255],[126.33936,34.54255],[126.3421,34.54352],[126.34224,34.54358],[126.34291,34.54364],[126.34311,34.54364],[126.34328,34.54359],[126.34548,34.54244],[126.34558,34.54232],[126.34562,34.54221],[126.34562,34.54206],[126.34559,34.54016],[126.34537,34.53852],[126.34819,34.53473],[126.34827,34.53474],[126.34854,34.53475],[126.34869,34.53476],[126.34879,34.53476],[126.34929,34.53466],[126.34974,34.53455],[126.34982,34.53453],[126.3519,34.53386],[126.35351,34.53281],[126.35362,34.53271],[126.35378,34.53257],[126.35383,34.5325],[126.35386,34.53242],[126.35384,34.53074],[126.35383,34.53067],[126.35378,34.53059],[126.35371,34.53053],[126.35359,34.53046],[126.3526,34.52994],[126.35248,34.52989],[126.35237,34.52986],[126.35225,34.52986],[126.35214,34.52987],[126.35207,34.52988],[126.35203,34.52988],[126.35196,34.52986],[126.35189,34.52984],[126.35181,34.5298],[126.35177,34.52977],[126.35173,34.52973],[126.35163,34.52954],[126.35146,34.52916],[126.35094,34.52798],[126.35099,34.52791],[126.35114,34.5277],[126.35121,34.5276],[126.35128,34.52754],[126.35132,34.52753],[126.358,34.52627],[126.35869,34.5264],[126.35934,34.52667],[126.35947,34.52671],[126.35959,34.52672],[126.35973,34.52671],[126.35985,34.52668],[126.36177,34.52513],[126.36223,34.52459],[126.36233,34.52445],[126.36351,34.52267],[126.36628,34.51836],[126.36794,34.51551],[126.36827,34.51529],[126.369,34.51479],[126.37164,34.51424],[126.37257,34.51415],[126.37364,34.51429],[126.37388,34.51432],[126.37416,34.51431],[126.37455,34.51428],[126.37469,34.51426],[126.37482,34.51421],[126.37625,34.51343],[126.37663,34.51318],[126.37727,34.51267],[126.37738,34.51257],[126.37745,34.51248],[126.37749,34.5124],[126.3775,34.51229],[126.37748,34.51161],[126.37748,34.51153],[126.37743,34.51142],[126.37732,34.51129],[126.37715,34.51118],[126.37703,34.51113],[126.3769,34.5111],[126.37679,34.51109],[126.37674,34.51107],[126.37668,34.51102],[126.37666,34.51097],[126.37666,34.51089],[126.37666,34.5108],[126.37676,34.50975],[126.37684,34.50899],[126.37688,34.50877],[126.37692,34.50868],[126.37708,34.50833],[126.37712,34.50831],[126.37844,34.50763],[126.37952,34.50734],[126.37968,34.50729],[126.37985,34.5072],[126.38003,34.50711],[126.38019,34.50701],[126.3803,34.50694],[126.38056,34.50672],[126.38073,34.50652],[126.38209,34.50475],[126.38216,34.50465],[126.38244,34.50386],[126.38245,34.50379],[126.38249,34.50364],[126.38253,34.50331],[126.3825,34.50312],[126.38236,34.50256],[126.38228,34.50242],[126.38172,34.50191],[126.38082,34.50112],[126.38044,34.50103],[126.38015,34.50102],[126.37993,34.50103],[126.37961,34.50105],[126.3794,34.5011],[126.37916,34.50116],[126.37598,34.50114],[126.37298,34.5007],[126.37285,34.50064],[126.37284,34.50056],[126.37285,34.50039],[126.37302,34.49685],[126.37317,34.49607],[126.37682,34.49374],[126.3792,34.49259],[126.37999,34.49147],[126.37947,34.49047],[126.37939,34.4903],[126.37931,34.49002],[126.37914,34.48927],[126.37899,34.48849],[126.37898,34.48844],[126.37895,34.48806],[126.37891,34.4869],[126.37893,34.48674],[126.37902,34.4865],[126.37911,34.48638],[126.37961,34.48581],[126.38041,34.48562],[126.38083,34.4855],[126.38097,34.48545],[126.38168,34.48515],[126.38203,34.48496],[126.38237,34.48477],[126.38455,34.48179],[126.38391,34.48041],[126.38142,34.47847],[126.38059,34.47804],[126.38041,34.478],[126.37919,34.47819],[126.37904,34.47826],[126.37829,34.4789],[126.3782,34.479],[126.37685,34.48071],[126.37653,34.48144],[126.3765,34.48155],[126.3764,34.48228],[126.37641,34.48255],[126.37645,34.48284],[126.37656,34.48319],[126.37666,34.4833],[126.37683,34.48339],[126.37685,34.48341],[126.37696,34.48383],[126.37708,34.48429],[126.37707,34.48435],[126.37705,34.48441],[126.377,34.48446],[126.37647,34.48488],[126.37637,34.48494],[126.37521,34.48527],[126.37491,34.48532],[126.37469,34.48534],[126.37419,34.48533],[126.37314,34.48517],[126.37278,34.48505],[126.3727,34.48499],[126.37266,34.48494],[126.3726,34.48454],[126.37243,34.48397],[126.37231,34.48385],[126.37218,34.48377],[126.37106,34.48315],[126.37084,34.48305],[126.37061,34.48306],[126.36981,34.48316],[126.36948,34.48328],[126.36899,34.4835],[126.36835,34.48382],[126.36825,34.48404],[126.36835,34.48408],[126.3688,34.48425],[126.36881,34.48445],[126.36876,34.48462],[126.36839,34.48494],[126.36818,34.48496],[126.36481,34.48454],[126.36399,34.48438],[126.35997,34.48298],[126.35992,34.48295],[126.3598,34.48284],[126.35866,34.48168],[126.35802,34.48061],[126.35791,34.47663],[126.35791,34.47656],[126.35797,34.47608],[126.35813,34.47577],[126.35861,34.47484],[126.36026,34.47336],[126.36047,34.47321],[126.36067,34.4731],[126.36094,34.47299],[126.3638,34.47202],[126.36714,34.47147],[126.36721,34.47147],[126.36743,34.47146],[126.36816,34.47147],[126.37041,34.47156],[126.37186,34.47208],[126.37209,34.47027],[126.37155,34.466],[126.37152,34.46591],[126.37139,34.46567],[126.3713,34.46552],[126.37038,34.46453],[126.37029,34.46446],[126.37019,34.46442],[126.37006,34.46438],[126.36989,34.46438],[126.36964,34.4644],[126.36945,34.46443],[126.36905,34.46455],[126.36844,34.46477],[126.36826,34.46485],[126.36808,34.46493],[126.36794,34.46499],[126.36753,34.46499],[126.36686,34.46489],[126.36681,34.46487],[126.36635,34.46459],[126.36605,34.46439],[126.36528,34.46388],[126.36457,34.46339],[126.36411,34.46306],[126.36383,34.46284],[126.36213,34.46148],[126.36142,34.46087],[126.3613,34.46075],[126.35902,34.45829],[126.35894,34.45814],[126.35835,34.45694],[126.35832,34.4568],[126.35817,34.45614],[126.3582,34.45603],[126.35826,34.45584],[126.35965,34.45188],[126.36061,34.4504],[126.36072,34.45025],[126.36201,34.4487],[126.3628,34.44789],[126.36291,34.44779],[126.36376,34.44706],[126.36462,34.44554],[126.36548,34.44302],[126.36551,34.44288],[126.36542,34.4426],[126.36484,34.44207],[126.36469,34.44196],[126.36445,34.44184],[126.36417,34.44173],[126.3635,34.44141],[126.36216,34.44073],[126.36201,34.44065],[126.3619,34.44058],[126.36104,34.44],[126.35849,34.43823],[126.35662,34.43663],[126.35173,34.43108],[126.35158,34.43043],[126.35165,34.42767],[126.35165,34.42762],[126.35168,34.42753],[126.35179,34.42736],[126.35184,34.42723],[126.35185,34.42715],[126.35184,34.42702],[126.35182,34.42688],[126.35178,34.42672],[126.35173,34.42658],[126.35166,34.42641],[126.35158,34.42629],[126.35096,34.42552],[126.3508,34.42534],[126.3497,34.4242],[126.34956,34.42406],[126.34931,34.42383],[126.34863,34.42325],[126.34822,34.42297],[126.34743,34.42241],[126.34672,34.42193],[126.3466,34.42187],[126.34648,34.42186],[126.34635,34.42187],[126.34294,34.41862],[126.34289,34.41779],[126.34288,34.4177],[126.3427,34.41585],[126.34265,34.41568],[126.34258,34.4156],[126.34254,34.41556]]]]}},{"type":"Feature","properties":{"code":"12860330","name":"의신면","parent":"12860"},"geometry":{"type":"MultiPolygon","coordinates":[[[[126.296,34.32507],[126.29606,34.32503],[126.29665,34.32509],[126.2971,34.32514],[126.29753,34.32514],[126.29782,34.3251],[126.29803,34.32505],[126.29827,34.32494],[126.30256,34.32198],[126.30269,34.32184],[126.30275,34.32163],[126.30269,34.32144],[126.30228,34.32052],[126.30218,34.32034],[126.30202,34.32024],[126.3018,34.32022],[126.30163,34.32024],[126.29955,34.32047],[126.29911,34.32058],[126.29431,34.32343],[126.29413,34.32359],[126.29401,34.32375],[126.29379,34.32433],[126.2937,34.32465],[126.29358,34.32505],[126.29358,34.32518],[126.29365,34.32533],[126.29376,34.32547],[126.29409,34.3255],[126.29467,34.32549],[126.2951,34.32543],[126.29545,34.32533],[126.29574,34.32522],[126.29588,34.32514],[126.296,34.32507]]],[[[126.30171,34.32747],[126.30178,34.32745],[126.30183,34.32748],[126.30218,34.32765],[126.30232,34.32771],[126.30309,34.32798],[126.30328,34.32803],[126.30356,34.32806],[126.30381,34.32805],[126.30406,34.32802],[126.30421,34.32792],[126.30445,34.32755],[126.30457,34.32725],[126.30461,34.32712],[126.30463,34.32686],[126.30465,34.32666],[126.30457,34.3264],[126.30447,34.32627],[126.30429,34.32613],[126.30399,34.32609],[126.3037,34.32608],[126.30175,34.32613],[126.29726,34.32794],[126.29712,34.32802],[126.297,34.32812],[126.29695,34.32823],[126.29691,34.32839],[126.2969,34.32928],[126.29693,34.33176],[126.29703,34.33355],[126.29711,34.33371],[126.29755,34.33458],[126.29763,34.33472],[126.29774,34.33482],[126.29792,34.33483],[126.29808,34.33479],[126.29829,34.33465],[126.29838,34.33458],[126.29843,34.33452],[126.29847,34.33444],[126.29915,34.33261],[126.29922,34.33241],[126.29918,34.33208],[126.29908,34.33193],[126.29902,34.33183],[126.29901,34.3317],[126.29899,34.33131],[126.29899,34.33117],[126.29907,34.33085],[126.29918,34.33063],[126.29963,34.32999],[126.29982,34.32977],[126.30027,34.32927],[126.30103,34.328],[126.30116,34.32788],[126.30171,34.32747]]],[[[126.34506,34.38493],[126.34488,34.38492],[126.34469,34.38495],[126.34455,34.38504],[126.34412,34.3854],[126.34392,34.38558],[126.34378,34.38575],[126.34371,34.38587],[126.34371,34.38599],[126.34412,34.38648],[126.34422,34.38656],[126.34435,34.38664],[126.3451,34.38694],[126.34573,34.3871],[126.34588,34.38714],[126.34611,34.38716],[126.3463,34.38716],[126.34651,34.38709],[126.34667,34.387],[126.34684,34.38688],[126.34693,34.38675],[126.34699,34.38663],[126.34703,34.38647],[126.34703,34.38636],[126.347,34.38629],[126.34696,34.38621],[126.34637,34.3854],[126.34632,34.38536],[126.34621,34.3853],[126.3455,34.38501],[126.34527,34.38494],[126.34506,34.38493]]],[[[126.32864,34.38439],[126.32782,34.38306],[126.32728,34.38316],[126.32702,34.38336],[126.32741,34.3852],[126.32793,34.38645],[126.32888,34.38752],[126.32897,34.38761],[126.3292,34.38782],[126.32935,34.38789],[126.32948,34.38792],[126.32962,34.38785],[126.32989,34.38751],[126.33038,34.38675],[126.33046,34.38661],[126.33046,34.38646],[126.33043,34.38631],[126.3304,34.38618],[126.32931,34.38477],[126.3292,34.38464],[126.32908,34.38455],[126.32864,34.38439]]],[[[126.32573,34.38991],[126.3256,34.3899],[126.32535,34.38998],[126.32515,34.3901],[126.32463,34.39046],[126.32458,34.39052],[126.32458,34.39081],[126.32463,34.39126],[126.32466,34.39146],[126.32498,34.39269],[126.32503,34.3928],[126.32511,34.39289],[126.32524,34.39294],[126.32577,34.39315],[126.32599,34.39319],[126.32613,34.39319],[126.32625,34.39316],[126.32641,34.39311],[126.32657,34.39298],[126.32666,34.39281],[126.32726,34.39173],[126.32733,34.39155],[126.32732,34.39143],[126.32718,34.39125],[126.32696,34.39105],[126.32661,34.39087],[126.3259,34.39],[126.32582,34.38993],[126.32573,34.38991]]],[[[126.32818,34.394],[126.32746,34.39396],[126.32723,34.39397],[126.327,34.39402],[126.32674,34.39412],[126.32639,34.39431],[126.32619,34.39448],[126.32604,34.39468],[126.32596,34.39483],[126.32592,34.39494],[126.32595,34.39505],[126.32607,34.39513],[126.32735,34.39594],[126.32744,34.39598],[126.32755,34.39599],[126.32784,34.39595],[126.32826,34.39587],[126.3285,34.39579],[126.32889,34.39553],[126.32904,34.39539],[126.32918,34.39509],[126.32927,34.39489],[126.3293,34.39468],[126.32931,34.39448],[126.32927,34.39436],[126.32921,34.39427],[126.32904,34.39416],[126.32866,34.39405],[126.32818,34.394]]],[[[126.3137,34.39436],[126.31344,34.39433],[126.3129,34.39444],[126.31269,34.39454],[126.31252,34.39471],[126.31243,34.39491],[126.31243,34.39507],[126.31255,34.39622],[126.3126,34.39634],[126.31267,34.39644],[126.31273,34.39652],[126.31284,34.39665],[126.31294,34.39675],[126.31308,34.39677],[126.31344,34.39679],[126.3137,34.39678],[126.31401,34.39672],[126.31441,34.3966],[126.31478,34.39642],[126.315,34.39624],[126.31509,34.39611],[126.31508,34.39596],[126.31506,34.39583],[126.3145,34.39486],[126.31434,34.39466],[126.31413,34.39447],[126.31393,34.39439],[126.3137,34.39436]]],[[[126.35108,34.39785],[126.35101,34.39784],[126.35092,34.39785],[126.35083,34.39788],[126.35076,34.39791],[126.35068,34.39796],[126.35062,34.39801],[126.35048,34.39812],[126.35035,34.39823],[126.34899,34.39965],[126.34889,34.39978],[126.34886,34.40026],[126.34901,34.40036],[126.34981,34.40063],[126.34987,34.40064],[126.34994,34.40063],[126.35,34.4006],[126.35004,34.40057],[126.35007,34.40053],[126.35009,34.40049],[126.35014,34.40037],[126.35131,34.39971],[126.35138,34.39966],[126.35145,34.39956],[126.35189,34.39889],[126.35193,34.39882],[126.35195,34.39877],[126.35195,34.39871],[126.35194,34.39863],[126.35183,34.39819],[126.3518,34.39813],[126.35175,34.39808],[126.35169,34.39804],[126.35163,34.39802],[126.35158,34.398],[126.35108,34.39785]]],[[[126.35255,34.40289],[126.35238,34.40284],[126.3519,34.40284],[126.35162,34.40291],[126.35128,34.40308],[126.35098,34.40323],[126.35078,34.40336],[126.35066,34.40396],[126.35062,34.40416],[126.35073,34.40467],[126.35086,34.40481],[126.35156,34.40522],[126.35183,34.40534],[126.35218,34.40543],[126.35222,34.40546],[126.35233,34.40558],[126.3541,34.40783],[126.35394,34.40856],[126.35379,34.40962],[126.35376,34.40984],[126.35381,34.41001],[126.3541,34.4104],[126.3543,34.41063],[126.35682,34.41258],[126.35704,34.41255],[126.35819,34.41215],[126.35831,34.4121],[126.35839,34.41201],[126.35846,34.41188],[126.35847,34.41179],[126.35842,34.41156],[126.35829,34.41122],[126.35798,34.41068],[126.35757,34.40814],[126.35728,34.4074],[126.35627,34.40584],[126.35255,34.40289]]],[[[126.34254,34.41556],[126.34245,34.41548],[126.34233,34.41537],[126.34215,34.41528],[126.34194,34.41526],[126.34177,34.41528],[126.34157,34.41535],[126.34039,34.41577],[126.34014,34.41603],[126.34005,34.41614],[126.33957,34.41622],[126.33902,34.4162],[126.33871,34.41617],[126.33856,34.41615],[126.33733,34.4157],[126.3372,34.41563],[126.33702,34.41552],[126.33604,34.41482],[126.33588,34.41468],[126.33579,34.41459],[126.33568,34.41443],[126.33553,34.41415],[126.33552,34.4141],[126.33605,34.4111],[126.33679,34.40875],[126.33746,34.40644],[126.33774,34.4036],[126.33774,34.40346],[126.33765,34.40291],[126.33761,34.40272],[126.33679,34.40041],[126.33674,34.40031],[126.33663,34.40024],[126.33421,34.39927],[126.33412,34.39924],[126.334,34.39924],[126.33328,34.39951],[126.33314,34.39958],[126.33314,34.39968],[126.33317,34.39979],[126.33316,34.39983],[126.33312,34.39986],[126.33273,34.40005],[126.33151,34.40058],[126.33125,34.40066],[126.33111,34.40068],[126.33089,34.40063],[126.33,34.40028],[126.32995,34.40024],[126.32869,34.3992],[126.32855,34.39902],[126.32853,34.39897],[126.32852,34.39892],[126.32861,34.39835],[126.32867,34.39761],[126.32867,34.39752],[126.32863,34.39741],[126.32856,34.39731],[126.32841,34.39719],[126.32753,34.39671],[126.32741,34.39676],[126.32733,34.39682],[126.32413,34.39977],[126.32404,34.39987],[126.3207,34.40475],[126.32066,34.40487],[126.32065,34.40497],[126.3207,34.40507],[126.3209,34.4053],[126.32406,34.4052],[126.32429,34.40511],[126.32462,34.40481],[126.32753,34.40614],[126.3242,34.40912],[126.32099,34.4125],[126.32083,34.41271],[126.32075,34.41289],[126.32075,34.41303],[126.32083,34.4132],[126.32115,34.41367],[126.32125,34.41378],[126.32136,34.41383],[126.32164,34.41387],[126.32193,34.41387],[126.32223,34.4139],[126.32372,34.4141],[126.32574,34.41445],[126.32592,34.41449],[126.32601,34.41452],[126.32612,34.41458],[126.32622,34.41466],[126.32671,34.4152],[126.32654,34.41546],[126.3264,34.41566],[126.3263,34.41574],[126.32612,34.41582],[126.32603,34.41583],[126.32563,34.41584],[126.32555,34.41584],[126.3254,34.41583],[126.32519,34.41577],[126.32509,34.41577],[126.32408,34.41579],[126.32391,34.4158],[126.32293,34.41626],[126.32286,34.41629],[126.32279,34.41636],[126.32262,34.41657],[126.32257,34.41682],[126.32253,34.41728],[126.32249,34.4181],[126.32254,34.41828],[126.32286,34.41884],[126.3229,34.41888],[126.32298,34.42093],[126.32122,34.42351],[126.32072,34.42415],[126.3204,34.4244],[126.32035,34.42443],[126.32011,34.42458],[126.31913,34.42435],[126.31861,34.42419],[126.31869,34.42315],[126.31895,34.42269],[126.31912,34.42245],[126.31939,34.42196],[126.31951,34.42163],[126.31966,34.42058],[126.3196,34.41989],[126.31957,34.41981],[126.31933,34.41927],[126.31926,34.41914],[126.31915,34.419],[126.31902,34.4189],[126.31889,34.41884],[126.31875,34.4188],[126.31858,34.41877],[126.31776,34.41871],[126.31761,34.41873],[126.31719,34.41891],[126.31711,34.41895],[126.3169,34.41908],[126.31679,34.41917],[126.3167,34.41934],[126.31665,34.41946],[126.31665,34.41967],[126.31662,34.41974],[126.31654,34.41989],[126.31649,34.41995],[126.31635,34.41985],[126.31133,34.41613],[126.31122,34.41603],[126.31118,34.416],[126.31117,34.41597],[126.31117,34.41592],[126.31123,34.41543],[126.31167,34.41467],[126.31235,34.41454],[126.31299,34.41428],[126.31311,34.41392],[126.31362,34.40841],[126.31459,34.40524],[126.31463,34.405],[126.31527,34.40064],[126.31527,34.40052],[126.31524,34.40042],[126.31411,34.39996],[126.31399,34.39993],[126.31389,34.39995],[126.31368,34.40009],[126.31359,34.40017],[126.31352,34.40027],[126.31233,34.40376],[126.3123,34.40396],[126.31234,34.4042],[126.31251,34.40476],[126.31252,34.40494],[126.31248,34.40511],[126.31239,34.40555],[126.31236,34.40558],[126.31076,34.40635],[126.31012,34.40662],[126.3091,34.40732],[126.30779,34.40845],[126.30739,34.40892],[126.3073,34.40904],[126.30739,34.40909],[126.30737,34.40921],[126.30736,34.4093],[126.30731,34.40958],[126.30719,34.41014],[126.30717,34.41019],[126.30711,34.41032],[126.30702,34.41051],[126.30699,34.41057],[126.30378,34.41367],[126.30373,34.4137],[126.30296,34.41421],[126.3029,34.41423],[126.30212,34.41444],[126.30205,34.41445],[126.30141,34.41359],[126.30114,34.41319],[126.30107,34.41307],[126.30104,34.413],[126.30104,34.41294],[126.30106,34.41291],[126.30203,34.41111],[126.30269,34.41006],[126.30435,34.40753],[126.30549,34.40601],[126.30602,34.40563],[126.30673,34.40505],[126.30688,34.40487],[126.30694,34.40476],[126.30695,34.40466],[126.3069,34.40317],[126.30688,34.40304],[126.30684,34.40294],[126.30678,34.40284],[126.30666,34.40278],[126.30651,34.40273],[126.30644,34.40273],[126.30632,34.40273],[126.30622,34.40274],[126.30049,34.40321],[126.30027,34.40326],[126.29999,34.40334],[126.29972,34.40345],[126.29949,34.40364],[126.29935,34.40386],[126.29886,34.40565],[126.29764,34.40854],[126.29332,34.40897],[126.2932,34.40898],[126.29301,34.40897],[126.29291,34.40897],[126.29287,34.40895],[126.29281,34.40892],[126.29273,34.40887],[126.29268,34.40882],[126.29148,34.40499],[126.29147,34.40315],[126.29147,34.40305],[126.29155,34.40294],[126.29158,34.40292],[126.29165,34.40288],[126.29192,34.4028],[126.29196,34.40279],[126.29263,34.40262],[126.29285,34.40258],[126.29322,34.40256],[126.29338,34.40252],[126.29346,34.40248],[126.29385,34.40225],[126.29397,34.40216],[126.29557,34.40037],[126.29567,34.40025],[126.29711,34.39845],[126.29715,34.39838],[126.29717,34.39829],[126.29724,34.39798],[126.29724,34.39792],[126.2971,34.39746],[126.2968,34.39675],[126.29642,34.39653],[126.29459,34.39616],[126.29126,34.39597],[126.29094,34.39586],[126.29005,34.39497],[126.28993,34.39484],[126.28984,34.39473],[126.28968,34.39449],[126.28963,34.39435],[126.28959,34.39424],[126.28962,34.39407],[126.29048,34.39314],[126.29167,34.3919],[126.29173,34.39184],[126.29179,34.39178],[126.2923,34.39131],[126.2967,34.39081],[126.29688,34.39083],[126.29708,34.39089],[126.29759,34.39108],[126.29762,34.3911],[126.29789,34.39165],[126.29798,34.39186],[126.2979,34.39213],[126.29788,34.39272],[126.29797,34.39383],[126.29801,34.39404],[126.29817,34.39425],[126.29826,34.39433],[126.29836,34.39437],[126.30179,34.39567],[126.30196,34.39569],[126.30229,34.39555],[126.30249,34.39546],[126.30257,34.39524],[126.30274,34.39414],[126.30271,34.39397],[126.30301,34.39251],[126.30343,34.39059],[126.30353,34.39043],[126.30365,34.39026],[126.30398,34.39],[126.30431,34.38983],[126.30448,34.3897],[126.30459,34.38956],[126.30463,34.38945],[126.30475,34.3887],[126.30451,34.38853],[126.30228,34.38749],[126.30207,34.38739],[126.30181,34.38728],[126.30168,34.38725],[126.30148,34.38725],[126.30067,34.38736],[126.30052,34.38747],[126.30046,34.38753],[126.30054,34.38769],[126.30056,34.38774],[126.30028,34.38793],[126.29966,34.38798],[126.29942,34.38794],[126.29895,34.38769],[126.2965,34.38638],[126.29645,34.3863],[126.29642,34.38616],[126.29646,34.38576],[126.29651,34.3853],[126.29657,34.38506],[126.29669,34.38466],[126.29676,34.3845],[126.29679,34.38446],[126.29871,34.38301],[126.29939,34.38256],[126.30248,34.38288],[126.30433,34.38418],[126.30418,34.38439],[126.30404,34.38469],[126.30404,34.3848],[126.30411,34.38499],[126.30424,34.38503],[126.30686,34.38543],[126.30742,34.38476],[126.30865,34.38295],[126.30795,34.38173],[126.30775,34.38176],[126.30717,34.38183],[126.30581,34.3808],[126.30539,34.38027],[126.30549,34.37972],[126.30627,34.37958],[126.3074,34.37936],[126.30762,34.37921],[126.30777,34.3789],[126.3084,34.37745],[126.3089,34.37601],[126.30877,34.37395],[126.30875,34.37389],[126.30871,34.37384],[126.30864,34.37379],[126.30804,34.37342],[126.30798,34.3734],[126.30785,34.37335],[126.30777,34.37334],[126.3077,34.37335],[126.30527,34.37408],[126.3052,34.3741],[126.30514,34.37412],[126.30491,34.37415],[126.30484,34.37416],[126.30481,34.37416],[126.30474,34.37415],[126.30468,34.37412],[126.30437,34.37394],[126.30434,34.37392],[126.30432,34.37388],[126.30357,34.37222],[126.3016,34.37011],[126.29904,34.36893],[126.29811,34.36902],[126.29625,34.37007],[126.29618,34.37012],[126.2958,34.37041],[126.2957,34.3705],[126.29426,34.37224],[126.29425,34.3723],[126.29424,34.37238],[126.29424,34.37272],[126.29425,34.37278],[126.29426,34.37288],[126.29429,34.37295],[126.29434,34.37303],[126.29444,34.37309],[126.29465,34.37344],[126.29475,34.37384],[126.2947,34.37388],[126.29418,34.3741],[126.29411,34.37412],[126.29356,34.37426],[126.29348,34.37428],[126.2934,34.37429],[126.29307,34.37433],[126.29301,34.37434],[126.29297,34.37434],[126.29245,34.37429],[126.29238,34.37427],[126.29217,34.37419],[126.29196,34.3741],[126.2919,34.37407],[126.29187,34.37405],[126.29165,34.37388],[126.28963,34.37194],[126.2896,34.3719],[126.28899,34.37073],[126.28897,34.37069],[126.28896,34.37063],[126.28896,34.37053],[126.28896,34.3705],[126.28897,34.37044],[126.28901,34.37032],[126.28902,34.37028],[126.28978,34.36892],[126.28981,34.36888],[126.28983,34.36885],[126.28992,34.36877],[126.29096,34.36788],[126.29197,34.36724],[126.29202,34.36722],[126.29206,34.3672],[126.29213,34.36716],[126.29218,34.36712],[126.29221,34.36708],[126.29222,34.36704],[126.29226,34.36691],[126.29227,34.36684],[126.29227,34.3667],[126.29226,34.36662],[126.2922,34.36646],[126.29218,34.3664],[126.29214,34.36634],[126.29204,34.36625],[126.29197,34.36621],[126.28886,34.3644],[126.28879,34.36436],[126.28873,34.36434],[126.2886,34.3643],[126.2885,34.36427],[126.28832,34.36424],[126.28808,34.36422],[126.28798,34.36421],[126.28658,34.36433],[126.2864,34.36436],[126.28632,34.36437],[126.28604,34.36444],[126.28596,34.36447],[126.2859,34.3645],[126.28585,34.36453],[126.2858,34.36457],[126.28576,34.36461],[126.28573,34.36466],[126.28573,34.36472],[126.28574,34.36477],[126.28457,34.36804],[126.28296,34.36768],[126.28286,34.36767],[126.28263,34.36767],[126.28254,34.36768],[126.28245,34.36769],[126.28232,34.36771],[126.28217,34.36774],[126.2821,34.36775],[126.28164,34.36792],[126.28158,34.36794],[126.28022,34.36875],[126.27985,34.36956],[126.27957,34.37125],[126.27956,34.3713],[126.27957,34.37135],[126.27977,34.37186],[126.2798,34.37192],[126.27983,34.37197],[126.27988,34.37201],[126.27996,34.37206],[126.28006,34.3721],[126.28033,34.3722],[126.28039,34.37221],[126.28046,34.37222],[126.28147,34.37262],[126.28167,34.37274],[126.28199,34.37304],[126.28203,34.37317],[126.28203,34.3732],[126.28203,34.37324],[126.28188,34.37458],[126.28184,34.3748],[126.28183,34.37482],[126.28182,34.37484],[126.28173,34.37493],[126.28168,34.37496],[126.28099,34.37547],[126.28087,34.37558],[126.28082,34.37562],[126.28078,34.37567],[126.28071,34.37576],[126.28069,34.3758],[126.28068,34.37585],[126.28067,34.3759],[126.28066,34.37605],[126.28067,34.37612],[126.28069,34.37617],[126.2809,34.37662],[126.28093,34.37668],[126.28099,34.37675],[126.2815,34.37739],[126.28158,34.37747],[126.2818,34.37767],[126.28425,34.37973],[126.28387,34.38313],[126.28368,34.38557],[126.28362,34.38648],[126.2836,34.38672],[126.28363,34.38684],[126.28399,34.38805],[126.28428,34.38823],[126.28567,34.38851],[126.28833,34.38812],[126.28839,34.38802],[126.28847,34.38793],[126.28859,34.38788],[126.28885,34.38779],[126.28894,34.38781],[126.28905,34.38784],[126.28984,34.38805],[126.29097,34.38852],[126.29101,34.38854],[126.29157,34.38888],[126.29159,34.38896],[126.29193,34.39119],[126.29157,34.3917],[126.29015,34.39319],[126.28974,34.39356],[126.28471,34.39459],[126.28445,34.3946],[126.2843,34.3946],[126.28409,34.39456],[126.28389,34.39448],[126.28364,34.39438],[126.2835,34.39431],[126.28343,34.39424],[126.28343,34.39419],[126.28347,34.39404],[126.28353,34.39394],[126.28359,34.39388],[126.28374,34.39374],[126.28376,34.39354],[126.28366,34.39333],[126.2831,34.39242],[126.28098,34.39081],[126.28008,34.3902],[126.2799,34.39016],[126.27761,34.39033],[126.27719,34.39038],[126.27698,34.39043],[126.27683,34.39049],[126.27666,34.39059],[126.27649,34.39071],[126.27635,34.39082],[126.27624,34.39099],[126.27587,34.39264],[126.27587,34.39273],[126.27593,34.39281],[126.27633,34.39323],[126.27679,34.39332],[126.27688,34.39333],[126.27697,34.39332],[126.27707,34.39331],[126.27715,34.39329],[126.27724,34.39324],[126.27729,34.39321],[126.27736,34.39318],[126.27763,34.39311],[126.27767,34.39311],[126.27773,34.39312],[126.27782,34.39315],[126.27792,34.3932],[126.27798,34.39325],[126.27804,34.39331],[126.27809,34.39339],[126.27811,34.39345],[126.27812,34.3935],[126.27813,34.39356],[126.27816,34.39373],[126.27795,34.39475],[126.27786,34.39493],[126.27783,34.39497],[126.27766,34.39512],[126.27735,34.3954],[126.27719,34.39552],[126.2764,34.39603],[126.27625,34.3961],[126.27616,34.39614],[126.27248,34.39676],[126.27243,34.39677],[126.27236,34.39677],[126.27233,34.39677],[126.27223,34.39677],[126.27218,34.39676],[126.27212,34.39674],[126.27197,34.39668],[126.27191,34.39665],[126.27172,34.39654],[126.27169,34.39651],[126.27161,34.39643],[126.27158,34.39637],[126.26932,34.39788],[126.26928,34.39793],[126.26828,34.39907],[126.26826,34.3991],[126.26807,34.39938],[126.26778,34.39985],[126.26776,34.39989],[126.26666,34.40355],[126.26312,34.40474],[126.26138,34.40497],[126.26124,34.40499],[126.26066,34.40514],[126.26047,34.4052],[126.26027,34.40527],[126.26013,34.40532],[126.25997,34.40543],[126.25979,34.40555],[126.25964,34.40566],[126.25956,34.40574],[126.25948,34.40584],[126.25829,34.40807],[126.25824,34.40817],[126.2582,34.4083],[126.25816,34.40846],[126.25803,34.40915],[126.25803,34.40923],[126.25803,34.40937],[126.2581,34.40976],[126.25813,34.40987],[126.25818,34.40997],[126.25825,34.41007],[126.25835,34.41018],[126.26029,34.41226],[126.26259,34.41551],[126.26264,34.4156],[126.26266,34.41564],[126.26265,34.41569],[126.26261,34.4159],[126.26258,34.41603],[126.26254,34.4161],[126.2625,34.41614],[126.26241,34.41619],[126.26158,34.4166],[126.26146,34.41666],[126.26136,34.4167],[126.26049,34.4171],[126.25936,34.41758],[126.2591,34.41771],[126.2575,34.41855],[126.25742,34.41861],[126.25736,34.41868],[126.25726,34.41885],[126.25677,34.41968],[126.25676,34.41975],[126.25691,34.42346],[126.25692,34.42358],[126.25695,34.4237],[126.25707,34.42391],[126.25712,34.42397],[126.25719,34.42408],[126.25739,34.42452],[126.25744,34.42467],[126.25746,34.42473],[126.25741,34.42513],[126.25732,34.42573],[126.25729,34.42583],[126.25653,34.42848],[126.25637,34.42889],[126.25632,34.429],[126.25626,34.4291],[126.25621,34.42917],[126.25618,34.4292],[126.25612,34.42923],[126.25603,34.42924],[126.25533,34.42925],[126.25475,34.42925],[126.25446,34.42923],[126.25145,34.42878],[126.25132,34.42876],[126.25119,34.42872],[126.25098,34.42862],[126.25082,34.42854],[126.25066,34.42846],[126.25029,34.42823],[126.24904,34.42772],[126.24629,34.42718],[126.24623,34.42721],[126.24569,34.42759],[126.24558,34.42766],[126.24461,34.42872],[126.24381,34.4306],[126.24366,34.43107],[126.24361,34.43125],[126.24352,34.43203],[126.24353,34.43205],[126.2437,34.43214],[126.24387,34.4322],[126.24391,34.43222],[126.24398,34.43226],[126.24411,34.43233],[126.24428,34.43244],[126.24439,34.43252],[126.24447,34.4326],[126.24481,34.43367],[126.24482,34.43372],[126.24405,34.43469],[126.24399,34.43474],[126.24256,34.43558],[126.24051,34.43677],[126.2403,34.4369],[126.2394,34.43746],[126.23912,34.43765],[126.23874,34.43794],[126.23862,34.43804],[126.23854,34.43813],[126.23848,34.43826],[126.23844,34.43852],[126.23845,34.4386],[126.23852,34.43894],[126.23852,34.43904],[126.23853,34.43922],[126.23851,34.43956],[126.23848,34.44003],[126.23816,34.44146],[126.23814,34.44149],[126.23806,34.44158],[126.23782,34.44174],[126.23712,34.44218],[126.23634,34.44268],[126.23611,34.44284],[126.236,34.44293],[126.23491,34.44473],[126.23289,34.4495],[126.23223,34.45055],[126.23268,34.45224],[126.23517,34.45829],[126.23527,34.45849],[126.23658,34.46034],[126.23776,34.45995],[126.23796,34.45865],[126.23873,34.45778],[126.24172,34.45545],[126.24279,34.45584],[126.24358,34.45693],[126.2437,34.45725],[126.24738,34.45755],[126.24775,34.45749],[126.24796,34.45746],[126.2483,34.45747],[126.24839,34.45749],[126.24847,34.45755],[126.25006,34.45908],[126.25059,34.4596],[126.25009,34.46116],[126.25045,34.46169],[126.25141,34.46311],[126.25176,34.46301],[126.25252,34.46278],[126.25497,34.46251],[126.2556,34.46261],[126.25651,34.46282],[126.25729,34.46305],[126.25879,34.46455],[126.25906,34.46482],[126.26028,34.46639],[126.2608,34.46676],[126.26304,34.46739],[126.26794,34.46666],[126.2694,34.46597],[126.27088,34.46467],[126.27192,34.46474],[126.27619,34.46937],[126.27625,34.46963],[126.2763,34.46984],[126.27663,34.4715],[126.27636,34.47214],[126.27639,34.47316],[126.27639,34.47322],[126.27639,34.47326],[126.27639,34.47332],[126.27818,34.47343],[126.27956,34.47328],[126.28257,34.47274],[126.28419,34.47227],[126.28611,34.4716],[126.28811,34.47167],[126.28927,34.47276],[126.29001,34.47362],[126.29001,34.47418],[126.29029,34.47487],[126.29186,34.47492],[126.29515,34.47485],[126.29616,34.47378],[126.30044,34.47338],[126.30165,34.47391],[126.3032,34.47564],[126.30358,34.47719],[126.30315,34.47865],[126.30475,34.47886],[126.30576,34.47916],[126.30649,34.47947],[126.30752,34.47991],[126.31052,34.47993],[126.31364,34.47993],[126.31456,34.47999],[126.31529,34.48036],[126.31721,34.48163],[126.31779,34.48172],[126.32067,34.48151],[126.32196,34.4802],[126.32231,34.4792],[126.32245,34.47737],[126.32342,34.47373],[126.32379,34.47275],[126.32344,34.47161],[126.32305,34.47143],[126.32294,34.4708],[126.32278,34.46928],[126.32315,34.46832],[126.32396,34.46718],[126.32622,34.46493],[126.32667,34.46419],[126.32651,34.46302],[126.32637,34.46203],[126.3265,34.46095],[126.32674,34.46077],[126.32807,34.46074],[126.32961,34.45924],[126.33068,34.45797],[126.33127,34.45659],[126.33073,34.45627],[126.32902,34.45441],[126.32883,34.45371],[126.32876,34.45343],[126.32891,34.45273],[126.32933,34.45193],[126.33301,34.44576],[126.33405,34.44468],[126.33501,34.44302],[126.33533,34.44194],[126.33599,34.43812],[126.3363,34.43578],[126.33626,34.43492],[126.3366,34.4343],[126.33682,34.434],[126.33724,34.43346],[126.33821,34.43248],[126.3396,34.43125],[126.34169,34.42944],[126.34189,34.4288],[126.34128,34.42697],[126.34092,34.42617],[126.3395,34.42512],[126.33857,34.42417],[126.33857,34.42382],[126.33858,34.42325],[126.34084,34.41757],[126.34168,34.41639],[126.34254,34.41556]]]]}},{"type":"Feature","properties":{"code":"12860340","name":"임회면","parent":"12860"},"geometry":{"type":"MultiPolygon","coordinates":[[[[126.21314,34.34585],[126.21306,34.34584],[126.21302,34.34584],[126.21298,34.34585],[126.21294,34.34586],[126.21291,34.34588],[126.21288,34.34592],[126.21285,34.34595],[126.21284,34.34598],[126.21283,34.34601],[126.2125,34.34746],[126.2125,34.34749],[126.21281,34.35006],[126.21282,34.3501],[126.21285,34.35014],[126.2129,34.35018],[126.21296,34.35021],[126.21302,34.35021],[126.21351,34.35011],[126.21444,34.34971],[126.2145,34.34968],[126.21456,34.34964],[126.21463,34.34958],[126.21482,34.34942],[126.21533,34.34893],[126.21536,34.34889],[126.21539,34.34884],[126.21554,34.34843],[126.21555,34.34837],[126.21555,34.34831],[126.21554,34.34827],[126.21531,34.34718],[126.2153,34.34713],[126.21528,34.3471],[126.21525,34.34706],[126.2152,34.34701],[126.21447,34.34642],[126.21441,34.34637],[126.21431,34.34631],[126.21423,34.34627],[126.21396,34.34614],[126.21352,34.34596],[126.21335,34.3459],[126.21314,34.34585]]],[[[126.12309,34.35454],[126.12304,34.35454],[126.123,34.35454],[126.12278,34.35477],[126.12273,34.35574],[126.12279,34.35602],[126.12303,34.35642],[126.12307,34.35645],[126.12419,34.35693],[126.12447,34.35704],[126.12453,34.35706],[126.12489,34.35715],[126.12495,34.35715],[126.12503,34.35714],[126.12512,34.35711],[126.12518,34.35709],[126.12523,34.35706],[126.12536,34.35697],[126.12556,34.35682],[126.12558,34.3568],[126.12559,34.35676],[126.12562,34.35656],[126.12561,34.35652],[126.12559,34.35636],[126.12554,34.35613],[126.12548,34.35592],[126.12546,34.35588],[126.12532,34.35569],[126.12529,34.35565],[126.12369,34.35473],[126.12365,34.35471],[126.12309,34.35454]]],[[[126.12438,34.36662],[126.12468,34.36657],[126.12489,34.36658],[126.12493,34.36658],[126.12499,34.36657],[126.12503,34.36656],[126.12506,34.36654],[126.1251,34.3665],[126.12511,34.36645],[126.12516,34.36488],[126.12515,34.36484],[126.12513,34.36478],[126.12509,34.36472],[126.12506,34.36468],[126.125,34.36463],[126.12496,34.36459],[126.12491,34.36456],[126.12486,34.36454],[126.12479,34.36451],[126.12455,34.36444],[126.12447,34.36443],[126.12418,34.36439],[126.12403,34.36439],[126.12395,34.36439],[126.1235,34.36443],[126.12299,34.36452],[126.12286,34.3646],[126.12271,34.36482],[126.12284,34.36557],[126.12342,34.36627],[126.12356,34.36637],[126.12396,34.36653],[126.12407,34.36657],[126.12431,34.36662],[126.12438,34.36662]]],[[[126.23223,34.45055],[126.23289,34.4495],[126.23491,34.44473],[126.236,34.44293],[126.23611,34.44284],[126.23634,34.44268],[126.23712,34.44218],[126.23782,34.44174],[126.23806,34.44158],[126.23814,34.44149],[126.23816,34.44146],[126.23848,34.44003],[126.23851,34.43956],[126.23853,34.43922],[126.23852,34.43904],[126.23852,34.43894],[126.23845,34.4386],[126.23844,34.43852],[126.23848,34.43826],[126.23854,34.43813],[126.23862,34.43804],[126.23874,34.43794],[126.23912,34.43765],[126.2394,34.43746],[126.2403,34.4369],[126.24051,34.43677],[126.24256,34.43558],[126.24399,34.43474],[126.24405,34.43469],[126.24482,34.43372],[126.24481,34.43367],[126.24447,34.4326],[126.24439,34.43252],[126.24428,34.43244],[126.24411,34.43233],[126.24398,34.43226],[126.24391,34.43222],[126.24387,34.4322],[126.2437,34.43214],[126.24353,34.43205],[126.24352,34.43203],[126.24361,34.43125],[126.24366,34.43107],[126.24381,34.4306],[126.24461,34.42872],[126.24558,34.42766],[126.24569,34.42759],[126.24623,34.42721],[126.24629,34.42718],[126.24904,34.42772],[126.25029,34.42823],[126.25066,34.42846],[126.25082,34.42854],[126.25098,34.42862],[126.25119,34.42872],[126.25132,34.42876],[126.25145,34.42878],[126.25446,34.42923],[126.25475,34.42925],[126.25533,34.42925],[126.25603,34.42924],[126.25612,34.42923],[126.25618,34.4292],[126.25621,34.42917],[126.25626,34.4291],[126.25632,34.429],[126.25637,34.42889],[126.25653,34.42848],[126.25729,34.42583],[126.25732,34.42573],[126.25741,34.42513],[126.25746,34.42473],[126.25744,34.42467],[126.25739,34.42452],[126.25719,34.42408],[126.25712,34.42397],[126.25707,34.42391],[126.25695,34.4237],[126.25692,34.42358],[126.25691,34.42346],[126.25676,34.41975],[126.25677,34.41968],[126.25726,34.41885],[126.25736,34.41868],[126.25742,34.41861],[126.2575,34.41855],[126.2591,34.41771],[126.25936,34.41758],[126.26049,34.4171],[126.26136,34.4167],[126.26146,34.41666],[126.26158,34.4166],[126.26241,34.41619],[126.2625,34.41614],[126.26254,34.4161],[126.26258,34.41603],[126.26261,34.4159],[126.26265,34.41569],[126.26266,34.41564],[126.26264,34.4156],[126.26259,34.41551],[126.26029,34.41226],[126.25835,34.41018],[126.25825,34.41007],[126.25818,34.40997],[126.25813,34.40987],[126.2581,34.40976],[126.25803,34.40937],[126.25803,34.40923],[126.25803,34.40915],[126.25816,34.40846],[126.2582,34.4083],[126.25824,34.40817],[126.25829,34.40807],[126.25948,34.40584],[126.25956,34.40574],[126.25964,34.40566],[126.25979,34.40555],[126.25997,34.40543],[126.26013,34.40532],[126.26027,34.40527],[126.26047,34.4052],[126.26066,34.40514],[126.26124,34.40499],[126.26138,34.40497],[126.26312,34.40474],[126.26666,34.40355],[126.26776,34.39989],[126.26778,34.39985],[126.26807,34.39938],[126.26826,34.3991],[126.26828,34.39907],[126.26928,34.39793],[126.26932,34.39788],[126.27158,34.39637],[126.27174,34.39608],[126.27174,34.39605],[126.27174,34.39601],[126.27172,34.39596],[126.27169,34.39593],[126.27166,34.3959],[126.27154,34.39582],[126.2715,34.3958],[126.27144,34.39578],[126.27128,34.39574],[126.27124,34.39573],[126.2712,34.39573],[126.26932,34.39575],[126.2692,34.39576],[126.26893,34.3958],[126.26869,34.39586],[126.26857,34.39589],[126.2685,34.39592],[126.26827,34.39602],[126.26818,34.39607],[126.2678,34.39635],[126.26774,34.3964],[126.2677,34.39646],[126.26766,34.39655],[126.26765,34.39658],[126.26762,34.39661],[126.2676,34.39664],[126.26756,34.39666],[126.26751,34.3967],[126.26731,34.3968],[126.26721,34.39683],[126.26544,34.39742],[126.26538,34.39743],[126.26535,34.39742],[126.26502,34.39719],[126.26495,34.39713],[126.26337,34.39579],[126.26256,34.39497],[126.26155,34.39395],[126.26141,34.3938],[126.26122,34.39357],[126.26067,34.39285],[126.26065,34.39282],[126.26064,34.3928],[126.2605,34.39244],[126.2595,34.38897],[126.25949,34.38892],[126.25947,34.38863],[126.25947,34.38858],[126.25962,34.38681],[126.25962,34.38677],[126.25963,34.38674],[126.25988,34.38614],[126.25991,34.38607],[126.25997,34.38597],[126.25998,34.38595],[126.26001,34.38592],[126.26007,34.38586],[126.26017,34.3858],[126.26024,34.38575],[126.26034,34.38571],[126.26043,34.38569],[126.26132,34.38546],[126.2614,34.38545],[126.26157,34.38543],[126.26183,34.38542],[126.26188,34.38541],[126.26307,34.38538],[126.26383,34.38538],[126.26425,34.38538],[126.2643,34.38537],[126.26438,34.38536],[126.26465,34.38531],[126.26486,34.38526],[126.26739,34.38442],[126.26735,34.38302],[126.26623,34.38255],[126.26619,34.38253],[126.26607,34.38244],[126.26601,34.38239],[126.26589,34.38227],[126.26583,34.38221],[126.26561,34.38193],[126.26547,34.38173],[126.26544,34.38166],[126.2652,34.38121],[126.26518,34.38115],[126.26515,34.38101],[126.26515,34.38094],[126.26515,34.38081],[126.26519,34.38054],[126.26524,34.38032],[126.26526,34.38027],[126.26531,34.38017],[126.26536,34.38009],[126.26539,34.38005],[126.26551,34.37993],[126.26582,34.37965],[126.26589,34.3796],[126.26595,34.37956],[126.26604,34.3795],[126.26607,34.3795],[126.26618,34.3795],[126.26649,34.37952],[126.26725,34.37943],[126.26734,34.37942],[126.2674,34.37941],[126.26747,34.37937],[126.26751,34.37933],[126.26754,34.37929],[126.26757,34.37924],[126.26758,34.37917],[126.26762,34.37864],[126.26761,34.37859],[126.2676,34.37857],[126.2674,34.37808],[126.26634,34.37799],[126.26531,34.37791],[126.2626,34.37872],[126.26255,34.37874],[126.26247,34.37878],[126.26105,34.37958],[126.25992,34.38033],[126.25987,34.38036],[126.25972,34.38041],[126.25946,34.38046],[126.25938,34.38048],[126.25903,34.38051],[126.25891,34.38052],[126.25653,34.38023],[126.255,34.37892],[126.25491,34.37887],[126.25483,34.37882],[126.25451,34.37867],[126.25431,34.3786],[126.25422,34.37858],[126.25414,34.37856],[126.25407,34.37856],[126.2498,34.37857],[126.24767,34.37924],[126.24721,34.37953],[126.24653,34.37989],[126.24647,34.37991],[126.2464,34.3799],[126.24635,34.37989],[126.24629,34.37987],[126.24514,34.3794],[126.2448,34.37926],[126.24371,34.37867],[126.24365,34.37863],[126.24348,34.37847],[126.24198,34.37641],[126.24197,34.37637],[126.24108,34.37401],[126.24018,34.37186],[126.2393,34.37048],[126.23578,34.36905],[126.23573,34.36903],[126.23424,34.36846],[126.23417,34.36846],[126.2338,34.36846],[126.23374,34.36847],[126.2337,34.36849],[126.23315,34.36883],[126.2331,34.36888],[126.23306,34.36894],[126.23303,34.369],[126.23292,34.36947],[126.23292,34.36951],[126.23295,34.36958],[126.23297,34.36962],[126.23299,34.36967],[126.2331,34.36979],[126.23313,34.36983],[126.23315,34.36986],[126.2333,34.37027],[126.23331,34.3703],[126.23333,34.37036],[126.23333,34.3704],[126.2333,34.37084],[126.2333,34.37087],[126.2329,34.37351],[126.23279,34.37402],[126.23278,34.37405],[126.23275,34.37408],[126.2327,34.37412],[126.23253,34.37421],[126.23247,34.37425],[126.23232,34.37431],[126.23195,34.37444],[126.23189,34.37445],[126.23175,34.37449],[126.23148,34.37454],[126.23142,34.37455],[126.23111,34.37458],[126.231,34.37458],[126.23085,34.37458],[126.23065,34.37457],[126.23051,34.37456],[126.2303,34.37453],[126.2302,34.37452],[126.23009,34.3745],[126.22991,34.37445],[126.22985,34.37443],[126.22976,34.3744],[126.22967,34.37436],[126.22959,34.37433],[126.22948,34.37427],[126.22945,34.37425],[126.22863,34.37363],[126.22851,34.37351],[126.22849,34.37348],[126.22846,34.37341],[126.22846,34.37338],[126.22847,34.37333],[126.22848,34.37329],[126.22868,34.37281],[126.22875,34.37268],[126.22896,34.37226],[126.22931,34.37117],[126.22938,34.37069],[126.22939,34.37065],[126.22938,34.37053],[126.22937,34.37049],[126.22932,34.37038],[126.22928,34.37032],[126.22923,34.37028],[126.22914,34.37023],[126.22906,34.37018],[126.22895,34.37013],[126.22136,34.36745],[126.21986,34.36723],[126.21978,34.36723],[126.21971,34.36724],[126.21964,34.36725],[126.21953,34.36729],[126.21946,34.36733],[126.21939,34.36739],[126.21935,34.36745],[126.21934,34.36751],[126.21933,34.36763],[126.21934,34.36786],[126.21934,34.36792],[126.21932,34.36795],[126.21913,34.36842],[126.21902,34.36849],[126.21899,34.36851],[126.21518,34.36984],[126.20879,34.37146],[126.20871,34.37147],[126.20852,34.37149],[126.20841,34.3715],[126.20803,34.3715],[126.20763,34.37149],[126.20758,34.37148],[126.20337,34.37091],[126.20332,34.3709],[126.20301,34.37083],[126.20251,34.37069],[126.20241,34.37066],[126.2023,34.37062],[126.20218,34.37057],[126.20184,34.37041],[126.20168,34.37033],[126.20155,34.37023],[126.20148,34.37018],[126.20134,34.37006],[126.20127,34.37],[126.20123,34.36996],[126.20121,34.36992],[126.20121,34.36987],[126.20128,34.36957],[126.20136,34.36933],[126.20148,34.36944],[126.20264,34.36981],[126.20754,34.36873],[126.20758,34.36872],[126.20762,34.3687],[126.21294,34.36425],[126.2132,34.36401],[126.21323,34.36397],[126.21325,34.36393],[126.21338,34.36369],[126.21339,34.36365],[126.21391,34.36191],[126.21422,34.36046],[126.21422,34.36042],[126.21421,34.36037],[126.2142,34.36034],[126.21418,34.36031],[126.21414,34.36028],[126.21409,34.36027],[126.21311,34.36013],[126.21295,34.36014],[126.21257,34.36019],[126.2124,34.36025],[126.21229,34.36037],[126.21221,34.36046],[126.21218,34.36067],[126.21218,34.36114],[126.2122,34.36131],[126.21218,34.36133],[126.21214,34.36137],[126.21209,34.36139],[126.21071,34.36205],[126.21061,34.36208],[126.21057,34.36208],[126.20665,34.3615],[126.20658,34.36148],[126.20643,34.36145],[126.20632,34.36142],[126.20603,34.36132],[126.20575,34.3612],[126.20571,34.36117],[126.20558,34.36096],[126.20541,34.36066],[126.20536,34.36044],[126.20535,34.35986],[126.20535,34.35982],[126.20532,34.35978],[126.20505,34.35943],[126.20502,34.35939],[126.20335,34.35775],[126.20309,34.35764],[126.20305,34.35763],[126.19939,34.3576],[126.18988,34.35657],[126.18819,34.35613],[126.18742,34.35585],[126.18633,34.35525],[126.18607,34.35453],[126.18576,34.35292],[126.18577,34.35287],[126.18096,34.35081],[126.18091,34.35079],[126.18058,34.35069],[126.18041,34.35067],[126.18016,34.35065],[126.18009,34.35065],[126.18001,34.35066],[126.17993,34.35069],[126.17986,34.35072],[126.17981,34.35075],[126.17978,34.35078],[126.17974,34.35083],[126.1797,34.35093],[126.17969,34.35109],[126.17969,34.35115],[126.17974,34.35192],[126.17974,34.35196],[126.17976,34.352],[126.18023,34.35302],[126.18024,34.35305],[126.18035,34.35326],[126.18038,34.3533],[126.18092,34.35354],[126.18099,34.35356],[126.18105,34.35357],[126.1811,34.35358],[126.18117,34.35358],[126.18121,34.35359],[126.18126,34.35361],[126.18134,34.35365],[126.18139,34.35368],[126.18144,34.35371],[126.18147,34.35374],[126.18157,34.35385],[126.18219,34.35464],[126.18257,34.35786],[126.18257,34.35789],[126.18257,34.35806],[126.18254,34.35822],[126.18249,34.35839],[126.18239,34.35856],[126.18235,34.35861],[126.18232,34.35864],[126.18221,34.35876],[126.18206,34.35888],[126.18168,34.3591],[126.18162,34.35913],[126.18149,34.35919],[126.18138,34.35923],[126.18129,34.35925],[126.18122,34.35925],[126.18068,34.35914],[126.18024,34.35895],[126.17898,34.35757],[126.17872,34.35722],[126.17826,34.35667],[126.17717,34.3555],[126.17661,34.35491],[126.17656,34.35488],[126.17392,34.35288],[126.17386,34.35284],[126.17382,34.35282],[126.17369,34.35278],[126.17344,34.35272],[126.17338,34.35271],[126.17332,34.3527],[126.17323,34.3527],[126.16984,34.35276],[126.16288,34.35294],[126.16222,34.35311],[126.16111,34.35346],[126.16065,34.35363],[126.16059,34.35366],[126.16048,34.35372],[126.15634,34.35668],[126.15581,34.3583],[126.1558,34.35836],[126.1558,34.35849],[126.1558,34.35861],[126.15581,34.35864],[126.15614,34.35954],[126.15668,34.36059],[126.15681,34.36079],[126.15771,34.36106],[126.1584,34.36127],[126.15848,34.36129],[126.15863,34.36136],[126.15871,34.36141],[126.15883,34.36148],[126.15892,34.36155],[126.15896,34.36157],[126.1591,34.36171],[126.15913,34.36174],[126.15915,34.36179],[126.15926,34.3621],[126.1593,34.36231],[126.1559,34.36531],[126.15575,34.36544],[126.15569,34.36548],[126.15545,34.36563],[126.15538,34.36566],[126.15513,34.36578],[126.15469,34.36596],[126.15459,34.366],[126.15449,34.36603],[126.15424,34.3661],[126.15285,34.3664],[126.15277,34.36641],[126.15218,34.36647],[126.15177,34.3665],[126.15135,34.36651],[126.15048,34.36654],[126.15018,34.36654],[126.15009,34.36653],[126.14992,34.36651],[126.14683,34.36583],[126.14676,34.36581],[126.14664,34.36577],[126.14635,34.36568],[126.14625,34.36564],[126.146,34.36554],[126.14571,34.36541],[126.14562,34.36536],[126.14512,34.36508],[126.14508,34.36505],[126.14486,34.36489],[126.14471,34.36476],[126.14465,34.36472],[126.14453,34.36459],[126.14421,34.36422],[126.14391,34.36384],[126.14389,34.36379],[126.14384,34.36369],[126.14383,34.36365],[126.14382,34.3636],[126.14386,34.36321],[126.14386,34.36318],[126.14387,34.36314],[126.1439,34.36308],[126.14395,34.36302],[126.14401,34.36297],[126.14414,34.36287],[126.14477,34.36244],[126.14484,34.3624],[126.14494,34.36236],[126.14498,34.36234],[126.14501,34.36234],[126.14518,34.36234],[126.14525,34.36233],[126.1453,34.36231],[126.14537,34.36228],[126.14551,34.36219],[126.1456,34.36213],[126.14579,34.36197],[126.14584,34.36193],[126.14587,34.36189],[126.14589,34.36186],[126.14601,34.36162],[126.14603,34.36156],[126.14604,34.36151],[126.14605,34.36148],[126.14604,34.36144],[126.14559,34.35963],[126.14511,34.35854],[126.1417,34.35735],[126.14165,34.35735],[126.14076,34.35721],[126.13933,34.357],[126.1392,34.35699],[126.1391,34.357],[126.13874,34.35705],[126.13852,34.35708],[126.13847,34.35711],[126.13837,34.35718],[126.13832,34.35721],[126.13806,34.35746],[126.138,34.35752],[126.13795,34.3576],[126.13778,34.35791],[126.13777,34.35794],[126.13774,34.35818],[126.13776,34.35822],[126.1378,34.35825],[126.13777,34.35831],[126.13756,34.35854],[126.1371,34.35885],[126.13626,34.35935],[126.1362,34.35939],[126.13609,34.35943],[126.13603,34.35945],[126.13586,34.3595],[126.1356,34.35957],[126.1349,34.3597],[126.13467,34.35973],[126.13362,34.35958],[126.1335,34.35952],[126.1333,34.35943],[126.13313,34.35935],[126.13304,34.35929],[126.13289,34.35922],[126.13265,34.35912],[126.13258,34.3591],[126.13251,34.3591],[126.13083,34.35905],[126.13077,34.35905],[126.1307,34.35906],[126.13052,34.35909],[126.13041,34.35911],[126.12987,34.35925],[126.12981,34.35928],[126.12978,34.3593],[126.12961,34.35944],[126.12958,34.35948],[126.12944,34.35971],[126.12927,34.36001],[126.12926,34.36005],[126.12925,34.36036],[126.12925,34.3604],[126.12926,34.36047],[126.12929,34.36054],[126.12943,34.36083],[126.12947,34.36088],[126.13186,34.36386],[126.1337,34.36441],[126.13375,34.36442],[126.134,34.36441],[126.13537,34.36438],[126.13581,34.36436],[126.13597,34.36434],[126.13608,34.36434],[126.1363,34.36526],[126.13647,34.36599],[126.1365,34.36644],[126.13449,34.36709],[126.13442,34.36709],[126.13419,34.36708],[126.13226,34.36694],[126.13221,34.36693],[126.13218,34.36692],[126.13211,34.36688],[126.13203,34.36683],[126.13163,34.36654],[126.13053,34.36573],[126.13055,34.3657],[126.13055,34.36566],[126.13053,34.36563],[126.13049,34.36559],[126.13037,34.36549],[126.13034,34.36546],[126.13031,34.36545],[126.13026,34.36544],[126.13021,34.36543],[126.13017,34.36543],[126.13009,34.36544],[126.13004,34.36545],[126.13,34.36547],[126.12994,34.36551],[126.1299,34.36555],[126.12988,34.3656],[126.12987,34.36564],[126.12988,34.36568],[126.12989,34.36571],[126.13003,34.36584],[126.1301,34.3659],[126.13053,34.36622],[126.13114,34.36666],[126.13148,34.3669],[126.13184,34.36715],[126.13196,34.36722],[126.13201,34.36724],[126.13206,34.36726],[126.13214,34.36728],[126.13221,34.3673],[126.13243,34.36732],[126.13374,34.36742],[126.13428,34.36744],[126.13465,34.36745],[126.13498,34.36748],[126.13503,34.36749],[126.13691,34.36859],[126.13701,34.36866],[126.13709,34.36873],[126.13711,34.36877],[126.13729,34.36902],[126.13732,34.36906],[126.13738,34.36918],[126.13753,34.36951],[126.13756,34.36957],[126.13759,34.36967],[126.13769,34.37007],[126.1377,34.37014],[126.1377,34.37024],[126.13731,34.37048],[126.13717,34.37055],[126.13691,34.37073],[126.13684,34.37079],[126.13658,34.37101],[126.13628,34.37127],[126.13618,34.37137],[126.13586,34.37173],[126.13557,34.37207],[126.13443,34.37357],[126.1343,34.37374],[126.13428,34.37378],[126.13417,34.37399],[126.13415,34.37404],[126.13416,34.3741],[126.13437,34.37435],[126.13453,34.37449],[126.13553,34.37519],[126.13579,34.37532],[126.13609,34.37543],[126.13667,34.37564],[126.13677,34.37568],[126.13696,34.37573],[126.13703,34.37574],[126.13792,34.37585],[126.13962,34.37588],[126.14069,34.37585],[126.14134,34.37573],[126.14139,34.37573],[126.14143,34.37573],[126.1415,34.37574],[126.14158,34.37577],[126.14165,34.37581],[126.14456,34.3777],[126.14552,34.37874],[126.14554,34.37878],[126.14556,34.37884],[126.14558,34.37888],[126.14559,34.37898],[126.14559,34.37908],[126.14559,34.37918],[126.14556,34.37926],[126.14544,34.37955],[126.14543,34.37959],[126.1454,34.37961],[126.14492,34.38],[126.14456,34.38027],[126.14451,34.38035],[126.14385,34.38147],[126.14319,34.38328],[126.14288,34.38465],[126.1428,34.38474],[126.14245,34.38489],[126.14233,34.3849],[126.14117,34.385],[126.13969,34.38506],[126.13735,34.38514],[126.13501,34.38522],[126.13407,34.38523],[126.13361,34.38524],[126.13314,34.38525],[126.13291,34.38524],[126.13291,34.38545],[126.13292,34.38638],[126.13294,34.38812],[126.13295,34.38827],[126.13298,34.38834],[126.13305,34.38839],[126.13326,34.38845],[126.13349,34.38848],[126.13371,34.3885],[126.13392,34.38851],[126.1345,34.38845],[126.13468,34.38843],[126.13494,34.38835],[126.13516,34.38829],[126.13535,34.38828],[126.1355,34.38828],[126.13575,34.38834],[126.13696,34.38867],[126.13747,34.38883],[126.13782,34.389],[126.1381,34.38915],[126.13828,34.38925],[126.14185,34.39177],[126.14443,34.3925],[126.14444,34.39254],[126.14433,34.39369],[126.14419,34.39503],[126.14416,34.39531],[126.14411,34.39555],[126.14404,34.39584],[126.14396,34.3961],[126.14387,34.39629],[126.1437,34.39655],[126.14349,34.39682],[126.14324,34.39712],[126.1431,34.39728],[126.14301,34.39734],[126.14291,34.3974],[126.14264,34.39761],[126.1425,34.39774],[126.14244,34.39785],[126.14237,34.39803],[126.14234,34.39821],[126.14234,34.39834],[126.14236,34.39842],[126.14413,34.4007],[126.14427,34.40088],[126.14446,34.40107],[126.14452,34.40113],[126.14463,34.40116],[126.14732,34.4017],[126.14739,34.40171],[126.14748,34.40169],[126.14864,34.4014],[126.14878,34.40132],[126.14883,34.40125],[126.14918,34.4007],[126.14986,34.39984],[126.14998,34.39974],[126.15175,34.39833],[126.15182,34.39827],[126.15211,34.39816],[126.15273,34.39799],[126.1531,34.3979],[126.15355,34.39778],[126.15411,34.39764],[126.15433,34.39757],[126.15459,34.39746],[126.15475,34.39736],[126.15633,34.39629],[126.1564,34.39619],[126.15642,34.3961],[126.15643,34.39598],[126.15642,34.39587],[126.1564,34.39576],[126.15634,34.39562],[126.15629,34.39544],[126.15627,34.3952],[126.15629,34.39511],[126.15639,34.39494],[126.15828,34.39355],[126.15839,34.39352],[126.15847,34.3935],[126.15867,34.3935],[126.16004,34.39355],[126.16038,34.39359],[126.16078,34.39367],[126.16096,34.39373],[126.16136,34.39389],[126.16189,34.39414],[126.16209,34.39423],[126.16221,34.3943],[126.16232,34.3944],[126.1624,34.39457],[126.16249,34.39469],[126.16261,34.39478],[126.16282,34.39487],[126.16309,34.39497],[126.16462,34.39543],[126.16472,34.39544],[126.1648,34.39545],[126.16929,34.39534],[126.16937,34.39532],[126.16946,34.39528],[126.1711,34.39448],[126.17119,34.39443],[126.1712,34.39439],[126.1712,34.39432],[126.17122,34.39424],[126.17128,34.39404],[126.17137,34.39388],[126.1715,34.39377],[126.17166,34.39366],[126.17294,34.39293],[126.173,34.39291],[126.17618,34.39356],[126.17625,34.39359],[126.17635,34.39363],[126.17652,34.39374],[126.17802,34.39491],[126.17806,34.39497],[126.17808,34.39505],[126.17826,34.39601],[126.17826,34.3961],[126.17822,34.39616],[126.17819,34.39619],[126.17689,34.39733],[126.17593,34.39763],[126.17506,34.39811],[126.17501,34.39815],[126.1748,34.39913],[126.17476,34.39952],[126.17451,34.40332],[126.17474,34.40446],[126.17477,34.4045],[126.17485,34.40454],[126.1764,34.40519],[126.17661,34.40526],[126.17712,34.40539],[126.17894,34.40731],[126.17944,34.41005],[126.17961,34.41045],[126.17969,34.41056],[126.17981,34.41064],[126.17991,34.41067],[126.18029,34.41067],[126.18291,34.41106],[126.18501,34.41142],[126.18784,34.41191],[126.19091,34.41248],[126.19154,34.4152],[126.19114,34.41553],[126.19056,34.41602],[126.19007,34.41644],[126.18997,34.41653],[126.1899,34.4166],[126.1894,34.41757],[126.18932,34.41773],[126.18928,34.41787],[126.18925,34.41814],[126.18926,34.41818],[126.1912,34.41929],[126.19313,34.4204],[126.19349,34.42056],[126.19379,34.42069],[126.19404,34.42076],[126.19423,34.4208],[126.19519,34.42093],[126.19566,34.42102],[126.19586,34.42106],[126.19601,34.42113],[126.19609,34.4212],[126.1982,34.42366],[126.1983,34.42378],[126.19843,34.42396],[126.19921,34.42517],[126.2024,34.42742],[126.20264,34.42751],[126.20281,34.4276],[126.203,34.42772],[126.20323,34.42788],[126.20341,34.42806],[126.20353,34.42822],[126.20373,34.42849],[126.20386,34.42868],[126.20432,34.42948],[126.20449,34.42983],[126.20455,34.43],[126.20456,34.43012],[126.20458,34.43032],[126.20461,34.43049],[126.20468,34.43065],[126.20511,34.43143],[126.20684,34.43432],[126.20921,34.43686],[126.20945,34.43727],[126.2116,34.44095],[126.21302,34.44382],[126.21361,34.44652],[126.21369,34.45042],[126.2151,34.45043],[126.21739,34.4492],[126.22671,34.44909],[126.23022,34.44984],[126.23179,34.45021],[126.23223,34.45055]]]]}},{"type":"Feature","properties":{"code":"12860350","name":"지산면","parent":"12860"},"geometry":{"type":"MultiPolygon","coordinates":[[[[126.08359,34.4253],[126.08352,34.42529],[126.08323,34.4253],[126.08316,34.42531],[126.08263,34.4254],[126.08254,34.42543],[126.08224,34.42559],[126.08216,34.42564],[126.08209,34.42569],[126.08205,34.42574],[126.082,34.4258],[126.08171,34.42617],[126.08166,34.42623],[126.08164,34.4263],[126.08128,34.4278],[126.08128,34.42788],[126.08132,34.42795],[126.08138,34.42801],[126.08229,34.42858],[126.08267,34.42881],[126.08302,34.42897],[126.08347,34.42904],[126.08383,34.42901],[126.08429,34.42883],[126.08461,34.4286],[126.08489,34.42821],[126.08493,34.42805],[126.08494,34.42799],[126.08495,34.42752],[126.08495,34.42746],[126.08484,34.42599],[126.08481,34.42586],[126.08477,34.42579],[126.08472,34.42576],[126.08455,34.42564],[126.08449,34.42561],[126.08367,34.42532],[126.08359,34.4253]]],[[[126.08429,34.43702],[126.08261,34.43669],[126.082,34.43678],[126.08117,34.43694],[126.08057,34.43712],[126.08042,34.43922],[126.0805,34.44003],[126.08089,34.4407],[126.08152,34.44071],[126.08332,34.44025],[126.08395,34.43974],[126.08446,34.43768],[126.08459,34.43728],[126.08429,34.43702]]],[[[126.10234,34.45391],[126.10227,34.4539],[126.10198,34.45391],[126.10182,34.45392],[126.10092,34.45407],[126.10082,34.45409],[126.09814,34.45472],[126.09282,34.45618],[126.09262,34.45644],[126.09063,34.46047],[126.09051,34.46098],[126.09089,34.46163],[126.09172,34.46197],[126.092,34.46197],[126.09226,34.46192],[126.09243,34.46173],[126.09432,34.45954],[126.09617,34.4573],[126.101,34.45677],[126.10168,34.45662],[126.10186,34.45658],[126.10192,34.45656],[126.103,34.45602],[126.10426,34.45531],[126.10432,34.45527],[126.10438,34.45521],[126.10441,34.45515],[126.10445,34.45509],[126.10459,34.45485],[126.10462,34.45478],[126.10462,34.4547],[126.10462,34.45465],[126.1046,34.45459],[126.10456,34.45453],[126.10451,34.45447],[126.10438,34.4544],[126.10431,34.45436],[126.10422,34.45434],[126.10234,34.45391]]],[[[126.16821,34.48603],[126.16815,34.48602],[126.16806,34.48602],[126.16796,34.48604],[126.16784,34.48609],[126.16756,34.48623],[126.16721,34.48648],[126.16709,34.48665],[126.16703,34.48677],[126.16702,34.48698],[126.16704,34.48719],[126.16707,34.48736],[126.16714,34.48762],[126.16726,34.48791],[126.16799,34.48947],[126.16815,34.48969],[126.16823,34.48977],[126.16832,34.48983],[126.16844,34.48985],[126.16855,34.48983],[126.16865,34.48979],[126.16896,34.4897],[126.16906,34.48965],[126.16911,34.48962],[126.16916,34.48957],[126.1692,34.48952],[126.16939,34.48921],[126.16941,34.48914],[126.16947,34.48872],[126.16947,34.48867],[126.16953,34.48797],[126.16953,34.48788],[126.16951,34.48781],[126.16914,34.48686],[126.16909,34.48676],[126.16905,34.4867],[126.16889,34.48649],[126.16879,34.48639],[126.16865,34.48625],[126.16849,34.48613],[126.16844,34.48609],[126.16838,34.48606],[126.1683,34.48604],[126.16821,34.48603]]],[[[126.16392,34.51192],[126.16641,34.5115],[126.16899,34.51171],[126.16964,34.51143],[126.16994,34.5103],[126.16997,34.50988],[126.16983,34.50952],[126.16923,34.50922],[126.16849,34.50911],[126.16762,34.509],[126.16659,34.50883],[126.16603,34.50835],[126.16579,34.50793],[126.16535,34.50692],[126.16485,34.50657],[126.16399,34.50609],[126.16275,34.50589],[126.16197,34.50603],[126.16173,34.50654],[126.16344,34.51137],[126.16365,34.51178],[126.16392,34.51192]]],[[[126.20642,34.49831],[126.20683,34.49802],[126.20816,34.49706],[126.20843,34.49687],[126.20984,34.49523],[126.21086,34.49366],[126.21214,34.49087],[126.2125,34.4897],[126.21288,34.48779],[126.213,34.48678],[126.21285,34.48579],[126.2127,34.4849],[126.21168,34.48167],[126.21062,34.47839],[126.21009,34.47735],[126.21003,34.47725],[126.20998,34.47712],[126.20993,34.47699],[126.20986,34.47677],[126.2098,34.47623],[126.20996,34.47399],[126.21009,34.47334],[126.21047,34.47202],[126.21057,34.47181],[126.21078,34.47146],[126.21115,34.47081],[126.21171,34.46981],[126.21233,34.46862],[126.21389,34.46564],[126.2144,34.46446],[126.21509,34.46261],[126.2161,34.4592],[126.21369,34.45042],[126.21361,34.44652],[126.21302,34.44382],[126.2116,34.44095],[126.20945,34.43727],[126.20921,34.43686],[126.20684,34.43432],[126.20511,34.43143],[126.20468,34.43065],[126.20461,34.43049],[126.20458,34.43032],[126.20456,34.43012],[126.20455,34.43],[126.20449,34.42983],[126.20432,34.42948],[126.20386,34.42868],[126.20373,34.42849],[126.20353,34.42822],[126.20341,34.42806],[126.20323,34.42788],[126.203,34.42772],[126.20281,34.4276],[126.20264,34.42751],[126.2024,34.42742],[126.19921,34.42517],[126.19843,34.42396],[126.1983,34.42378],[126.1982,34.42366],[126.19609,34.4212],[126.19601,34.42113],[126.19586,34.42106],[126.19566,34.42102],[126.19519,34.42093],[126.19423,34.4208],[126.19404,34.42076],[126.19379,34.42069],[126.19349,34.42056],[126.19313,34.4204],[126.1912,34.41929],[126.18926,34.41818],[126.18925,34.41814],[126.18928,34.41787],[126.18932,34.41773],[126.1894,34.41757],[126.1899,34.4166],[126.18997,34.41653],[126.19007,34.41644],[126.19056,34.41602],[126.19114,34.41553],[126.19154,34.4152],[126.19091,34.41248],[126.18784,34.41191],[126.18501,34.41142],[126.18291,34.41106],[126.18029,34.41067],[126.17991,34.41067],[126.17981,34.41064],[126.17969,34.41056],[126.17961,34.41045],[126.17944,34.41005],[126.17894,34.40731],[126.17712,34.40539],[126.17661,34.40526],[126.1764,34.40519],[126.17485,34.40454],[126.17477,34.4045],[126.17474,34.40446],[126.17451,34.40332],[126.17476,34.39952],[126.1748,34.39913],[126.17501,34.39815],[126.17506,34.39811],[126.17593,34.39763],[126.17689,34.39733],[126.17819,34.39619],[126.17822,34.39616],[126.17826,34.3961],[126.17826,34.39601],[126.17808,34.39505],[126.17806,34.39497],[126.17802,34.39491],[126.17652,34.39374],[126.17635,34.39363],[126.17625,34.39359],[126.17618,34.39356],[126.173,34.39291],[126.17294,34.39293],[126.17166,34.39366],[126.1715,34.39377],[126.17137,34.39388],[126.17128,34.39404],[126.17122,34.39424],[126.1712,34.39432],[126.1712,34.39439],[126.17119,34.39443],[126.1711,34.39448],[126.16946,34.39528],[126.16937,34.39532],[126.16929,34.39534],[126.1648,34.39545],[126.16472,34.39544],[126.16462,34.39543],[126.16309,34.39497],[126.16282,34.39487],[126.16261,34.39478],[126.16249,34.39469],[126.1624,34.39457],[126.16232,34.3944],[126.16221,34.3943],[126.16209,34.39423],[126.16189,34.39414],[126.16136,34.39389],[126.16096,34.39373],[126.16078,34.39367],[126.16038,34.39359],[126.16004,34.39355],[126.15867,34.3935],[126.15847,34.3935],[126.15839,34.39352],[126.15828,34.39355],[126.15639,34.39494],[126.15629,34.39511],[126.15627,34.3952],[126.15629,34.39544],[126.15634,34.39562],[126.1564,34.39576],[126.15642,34.39587],[126.15643,34.39598],[126.15642,34.3961],[126.1564,34.39619],[126.15633,34.39629],[126.15475,34.39736],[126.15459,34.39746],[126.15433,34.39757],[126.15411,34.39764],[126.15355,34.39778],[126.1531,34.3979],[126.15273,34.39799],[126.15211,34.39816],[126.15182,34.39827],[126.15175,34.39833],[126.14998,34.39974],[126.14986,34.39984],[126.14918,34.4007],[126.14883,34.40125],[126.14878,34.40132],[126.14864,34.4014],[126.14748,34.40169],[126.14739,34.40171],[126.14732,34.4017],[126.14463,34.40116],[126.14452,34.40113],[126.14446,34.40107],[126.14427,34.40088],[126.14413,34.4007],[126.14236,34.39842],[126.14234,34.39834],[126.14234,34.39821],[126.14237,34.39803],[126.14244,34.39785],[126.1425,34.39774],[126.14264,34.39761],[126.14291,34.3974],[126.14301,34.39734],[126.1431,34.39728],[126.14324,34.39712],[126.14349,34.39682],[126.1437,34.39655],[126.14387,34.39629],[126.14396,34.3961],[126.14404,34.39584],[126.14411,34.39555],[126.14416,34.39531],[126.14419,34.39503],[126.14433,34.39369],[126.14444,34.39254],[126.14443,34.3925],[126.14185,34.39177],[126.13828,34.38925],[126.1381,34.38915],[126.13782,34.389],[126.13747,34.38883],[126.13696,34.38867],[126.13575,34.38834],[126.1355,34.38828],[126.13535,34.38828],[126.13516,34.38829],[126.13494,34.38835],[126.13468,34.38843],[126.1345,34.38845],[126.13392,34.38851],[126.13371,34.3885],[126.13349,34.38848],[126.13326,34.38845],[126.13305,34.38839],[126.13298,34.38834],[126.13295,34.38827],[126.13294,34.38812],[126.13292,34.38638],[126.13291,34.38545],[126.13291,34.38524],[126.13127,34.3853],[126.13082,34.38531],[126.13037,34.38532],[126.13022,34.38532],[126.13019,34.38532],[126.13015,34.3853],[126.12997,34.38518],[126.12984,34.38508],[126.12971,34.38498],[126.12791,34.3833],[126.12681,34.38225],[126.12632,34.3817],[126.12693,34.37894],[126.1171,34.37897],[126.11449,34.38117],[126.11445,34.38121],[126.1144,34.38125],[126.11433,34.38135],[126.1143,34.38142],[126.11391,34.38238],[126.11388,34.38245],[126.11386,34.38255],[126.11385,34.3827],[126.11386,34.38279],[126.1139,34.38295],[126.11392,34.38303],[126.11395,34.38309],[126.114,34.38317],[126.11406,34.38322],[126.11412,34.38326],[126.11418,34.38328],[126.11424,34.3833],[126.11432,34.38331],[126.11463,34.38332],[126.11472,34.38332],[126.11483,34.38331],[126.11485,34.38334],[126.11486,34.38337],[126.11486,34.38341],[126.11486,34.38348],[126.11485,34.38353],[126.11482,34.3836],[126.11396,34.38565],[126.11333,34.3865],[126.11265,34.38724],[126.11184,34.38809],[126.11056,34.38961],[126.10886,34.39215],[126.10884,34.3922],[126.10882,34.39225],[126.1088,34.39234],[126.1088,34.39243],[126.1088,34.39261],[126.10882,34.39272],[126.10883,34.39278],[126.10885,34.39282],[126.10894,34.39301],[126.10899,34.39311],[126.10902,34.39317],[126.10907,34.39323],[126.1093,34.39343],[126.10924,34.39501],[126.10641,34.39712],[126.10396,34.39859],[126.10109,34.40037],[126.10101,34.40045],[126.09724,34.40423],[126.09706,34.40441],[126.097,34.40448],[126.09696,34.40455],[126.09694,34.4046],[126.09593,34.40703],[126.09592,34.40711],[126.09592,34.40792],[126.09593,34.40798],[126.09606,34.40848],[126.09405,34.41136],[126.09061,34.41405],[126.09055,34.4141],[126.09021,34.41444],[126.09016,34.4145],[126.09011,34.41456],[126.09007,34.41463],[126.09005,34.4147],[126.08899,34.41862],[126.08912,34.41896],[126.09117,34.42207],[126.09122,34.42212],[126.09191,34.42267],[126.09199,34.42273],[126.09212,34.4228],[126.09222,34.42285],[126.0923,34.42288],[126.09291,34.42305],[126.09317,34.42312],[126.09328,34.42314],[126.09376,34.42317],[126.09385,34.42316],[126.09416,34.42315],[126.09424,34.42313],[126.09503,34.42296],[126.0951,34.42293],[126.09607,34.42253],[126.09617,34.42248],[126.09638,34.42236],[126.09652,34.4223],[126.09663,34.42226],[126.09687,34.42217],[126.09695,34.42215],[126.09701,34.42214],[126.09709,34.42213],[126.0972,34.42213],[126.09727,34.42214],[126.09731,34.42217],[126.09733,34.42219],[126.09736,34.42225],[126.09739,34.42231],[126.0974,34.42235],[126.09738,34.42238],[126.09673,34.42301],[126.09467,34.42475],[126.09355,34.42559],[126.09345,34.42556],[126.09337,34.42555],[126.09331,34.42556],[126.09309,34.42564],[126.09301,34.42567],[126.09294,34.4257],[126.09285,34.42574],[126.09277,34.42579],[126.09249,34.42597],[126.09242,34.42603],[126.09238,34.42608],[126.09235,34.42615],[126.09234,34.4262],[126.09236,34.42645],[126.09238,34.42653],[126.09318,34.42853],[126.0937,34.42979],[126.09571,34.43119],[126.09644,34.43126],[126.09862,34.43092],[126.09876,34.43088],[126.09883,34.43081],[126.09888,34.43072],[126.09887,34.43063],[126.09892,34.43045],[126.09934,34.43017],[126.09947,34.43022],[126.09965,34.43031],[126.09974,34.43036],[126.09977,34.43038],[126.09981,34.43042],[126.10016,34.43075],[126.10025,34.43094],[126.10027,34.43098],[126.10028,34.43101],[126.10031,34.43117],[126.10032,34.43123],[126.10027,34.43146],[126.09855,34.43281],[126.09788,34.4332],[126.09755,34.43315],[126.09723,34.43332],[126.09643,34.43414],[126.09635,34.43457],[126.09687,34.43643],[126.0973,34.43708],[126.09766,34.43719],[126.09803,34.43722],[126.09808,34.43721],[126.09828,34.43717],[126.09835,34.43715],[126.09867,34.43702],[126.09981,34.43654],[126.10095,34.43954],[126.1017,34.44152],[126.10428,34.443],[126.10876,34.44568],[126.10912,34.44591],[126.10915,34.44593],[126.1104,34.44706],[126.11043,34.44713],[126.11091,34.44774],[126.11101,34.44779],[126.11163,34.4481],[126.11215,34.44833],[126.11224,34.44837],[126.11231,34.44839],[126.11783,34.44951],[126.11791,34.44952],[126.11799,34.44952],[126.11833,34.44947],[126.1187,34.44936],[126.11878,34.44931],[126.12116,34.44745],[126.12123,34.44738],[126.12152,34.44707],[126.12156,34.44702],[126.12159,34.44697],[126.12162,34.44692],[126.12217,34.44543],[126.12223,34.44527],[126.12224,34.44521],[126.12225,34.44513],[126.12223,34.44504],[126.12214,34.44495],[126.12199,34.44493],[126.12189,34.44497],[126.12184,34.44501],[126.12179,34.44508],[126.12171,34.44526],[126.12169,34.4453],[126.12162,34.44539],[126.12157,34.44546],[126.12154,34.44548],[126.12149,34.44553],[126.12138,34.44562],[126.1213,34.44554],[126.12127,34.4454],[126.12127,34.44533],[126.12127,34.44528],[126.12128,34.44523],[126.12132,34.44507],[126.12136,34.44495],[126.12139,34.44489],[126.12141,34.44484],[126.12144,34.4448],[126.12147,34.44475],[126.12156,34.44466],[126.1216,34.44462],[126.12163,34.4446],[126.12283,34.44383],[126.12312,34.44367],[126.12542,34.44242],[126.12783,34.44371],[126.12801,34.44392],[126.1269,34.44514],[126.12539,34.44683],[126.1253,34.44701],[126.12527,34.44714],[126.12532,34.44786],[126.12533,34.44799],[126.12537,34.44808],[126.12623,34.44931],[126.12688,34.45012],[126.12709,34.45036],[126.12723,34.45049],[126.12726,34.45088],[126.12715,34.45211],[126.12713,34.45221],[126.12707,34.45236],[126.12704,34.45244],[126.12698,34.45253],[126.1269,34.45264],[126.12686,34.45266],[126.12675,34.45273],[126.12663,34.45278],[126.12657,34.4528],[126.12552,34.45294],[126.12524,34.45298],[126.12456,34.45305],[126.12405,34.45297],[126.12364,34.45289],[126.1235,34.45287],[126.12329,34.45283],[126.12319,34.4528],[126.12314,34.45278],[126.12308,34.45275],[126.12295,34.45268],[126.12269,34.45258],[126.12258,34.45254],[126.12227,34.45244],[126.12219,34.45242],[126.12211,34.45241],[126.12203,34.45241],[126.12161,34.45243],[126.12135,34.45245],[126.12123,34.45246],[126.12111,34.45248],[126.12099,34.45252],[126.11824,34.45343],[126.11816,34.45348],[126.11804,34.4536],[126.11681,34.45532],[126.11671,34.45547],[126.11668,34.45556],[126.1161,34.45832],[126.11608,34.45846],[126.11608,34.45853],[126.11635,34.45963],[126.11639,34.45972],[126.11645,34.45979],[126.11651,34.45986],[126.11659,34.45992],[126.1167,34.45998],[126.1168,34.46003],[126.11691,34.46006],[126.11698,34.46007],[126.11709,34.46006],[126.11728,34.45995],[126.11734,34.45987],[126.11737,34.4598],[126.11737,34.45972],[126.11736,34.45964],[126.11733,34.45957],[126.1173,34.45949],[126.11749,34.45939],[126.11756,34.45939],[126.11767,34.4594],[126.11838,34.45966],[126.11845,34.45969],[126.11884,34.45988],[126.11896,34.45994],[126.11954,34.46026],[126.11969,34.46034],[126.1198,34.46042],[126.12023,34.46074],[126.1205,34.46094],[126.12064,34.46105],[126.12094,34.46128],[126.12181,34.462],[126.12276,34.46284],[126.12386,34.46423],[126.12392,34.46441],[126.12398,34.46452],[126.12404,34.46458],[126.12412,34.46463],[126.12423,34.46469],[126.12742,34.46574],[126.12748,34.46576],[126.12759,34.46579],[126.12796,34.46588],[126.12811,34.46591],[126.12823,34.46592],[126.13037,34.46605],[126.13075,34.46607],[126.13102,34.46606],[126.13202,34.46585],[126.13506,34.46651],[126.13956,34.46849],[126.13967,34.46855],[126.13979,34.46862],[126.13982,34.46865],[126.13994,34.46873],[126.1402,34.46892],[126.1404,34.46906],[126.14207,34.47039],[126.1422,34.47051],[126.14238,34.47068],[126.14249,34.47079],[126.14299,34.47134],[126.14303,34.47142],[126.14307,34.47155],[126.14328,34.47223],[126.14331,34.47239],[126.14346,34.47299],[126.14347,34.47309],[126.14349,34.4732],[126.1435,34.47324],[126.14354,34.47337],[126.14362,34.47361],[126.14375,34.4739],[126.14379,34.47398],[126.14382,34.47405],[126.14388,34.47413],[126.14394,34.47423],[126.144,34.47432],[126.14485,34.47555],[126.14493,34.47566],[126.14503,34.47576],[126.14514,34.47582],[126.14818,34.47746],[126.14832,34.47753],[126.15806,34.48182],[126.16089,34.4829],[126.16331,34.48284],[126.17251,34.48469],[126.17444,34.48805],[126.17566,34.49135],[126.17568,34.49141],[126.17569,34.49145],[126.1757,34.49149],[126.17569,34.49153],[126.17567,34.49162],[126.17563,34.4917],[126.17556,34.49185],[126.17546,34.49201],[126.17528,34.49227],[126.17523,34.49233],[126.1752,34.49237],[126.17516,34.49239],[126.17511,34.49242],[126.17507,34.49243],[126.17484,34.49246],[126.17478,34.49246],[126.17464,34.49245],[126.17444,34.49246],[126.1743,34.49247],[126.17417,34.49249],[126.17388,34.49269],[126.17382,34.49274],[126.17378,34.4928],[126.17375,34.49287],[126.17311,34.49435],[126.17309,34.49439],[126.17306,34.49448],[126.17304,34.49458],[126.17304,34.4946],[126.17304,34.49475],[126.1731,34.49489],[126.17321,34.49502],[126.17642,34.49869],[126.17853,34.50221],[126.18387,34.50751],[126.18716,34.51124],[126.18729,34.51137],[126.18875,34.51283],[126.19048,34.5144],[126.19058,34.51448],[126.19067,34.51456],[126.19081,34.51462],[126.19095,34.51466],[126.19116,34.51464],[126.19138,34.51464],[126.19155,34.51463],[126.19167,34.51459],[126.19183,34.51453],[126.19252,34.51423],[126.19265,34.51416],[126.19276,34.51408],[126.19455,34.51234],[126.19463,34.51225],[126.1947,34.51216],[126.19475,34.51207],[126.19478,34.51191],[126.19455,34.51082],[126.19449,34.51071],[126.19439,34.51061],[126.19424,34.51051],[126.19401,34.51053],[126.19381,34.51065],[126.19367,34.5108],[126.19361,34.51085],[126.19355,34.51089],[126.19349,34.51091],[126.19343,34.51092],[126.19336,34.51092],[126.19329,34.51092],[126.19325,34.51092],[126.19317,34.51091],[126.1929,34.51085],[126.19274,34.51081],[126.19262,34.51077],[126.19255,34.51075],[126.19243,34.5107],[126.19235,34.51065],[126.19224,34.51057],[126.19218,34.51051],[126.19199,34.51027],[126.19191,34.51014],[126.19181,34.50996],[126.19177,34.50987],[126.1911,34.50805],[126.19,34.50485],[126.1886,34.50005],[126.18855,34.49859],[126.18849,34.49649],[126.18849,34.49632],[126.18859,34.49623],[126.18868,34.49615],[126.18875,34.4961],[126.18889,34.496],[126.19163,34.49428],[126.19263,34.49418],[126.19727,34.49469],[126.19879,34.49532],[126.20414,34.49538],[126.20499,34.49586],[126.20642,34.49831]]]]}},{"type":"Feature","properties":{"code":"12860360","name":"조도면","parent":"12860"},"geometry":{"type":"MultiPolygon","coordinates":[[[[125.94477,34.1408],[125.94364,34.14071],[125.94267,34.14129],[125.94199,34.14196],[125.9396,34.14508],[125.93948,34.14553],[125.93949,34.14594],[125.93967,34.14841],[125.93986,34.14995],[125.9388,34.15337],[125.93823,34.15341],[125.93784,34.15361],[125.93656,34.15443],[125.93611,34.15485],[125.93605,34.15519],[125.93568,34.15923],[125.93565,34.15963],[125.93588,34.16011],[125.93815,34.1641],[125.93848,34.16442],[125.93896,34.16455],[125.93957,34.16456],[125.94002,34.1645],[125.94084,34.164],[125.94112,34.16378],[125.94136,34.1635],[125.94151,34.16316],[125.94161,34.16286],[125.94159,34.1625],[125.94138,34.16196],[125.94176,34.15766],[125.94304,34.15401],[125.94299,34.15345],[125.94308,34.15271],[125.94516,34.14934],[125.94648,34.14782],[125.94689,34.14762],[125.94724,34.14729],[125.94762,34.14672],[125.94811,34.14571],[125.94823,34.14529],[125.94825,34.14479],[125.94803,34.14444],[125.94477,34.1408]]],[[[125.86207,34.19466],[125.86076,34.19413],[125.85775,34.19541],[125.85645,34.19597],[125.85613,34.19623],[125.85557,34.19688],[125.85565,34.19732],[125.85594,34.19775],[125.85646,34.1983],[125.85769,34.19885],[125.85949,34.19913],[125.86036,34.19886],[125.86167,34.19837],[125.86233,34.19805],[125.8625,34.19759],[125.8625,34.19703],[125.86237,34.19506],[125.86207,34.19466]]],[[[125.8806,34.20887],[125.88013,34.20878],[125.8798,34.20894],[125.87957,34.20907],[125.87891,34.20966],[125.8787,34.21009],[125.87867,34.2105],[125.87879,34.21083],[125.87893,34.2111],[125.87936,34.21138],[125.87986,34.2114],[125.88015,34.21133],[125.88043,34.21119],[125.881,34.21087],[125.88136,34.2103],[125.88142,34.21001],[125.88139,34.20973],[125.88087,34.20905],[125.8806,34.20887]]],[[[125.8631,34.21313],[125.86595,34.21181],[125.86596,34.21132],[125.86588,34.21],[125.86577,34.20962],[125.86552,34.20901],[125.86439,34.20773],[125.86395,34.2075],[125.86314,34.20718],[125.86226,34.20717],[125.86151,34.20726],[125.86084,34.2077],[125.85981,34.2089],[125.85948,34.20943],[125.85695,34.20939],[125.85638,34.20945],[125.85422,34.21013],[125.8537,34.21055],[125.85062,34.21162],[125.84855,34.21151],[125.84717,34.21371],[125.84716,34.21421],[125.84787,34.21492],[125.84898,34.21593],[125.85097,34.21683],[125.85399,34.21748],[125.8559,34.21768],[125.85697,34.21752],[125.85727,34.21709],[125.85816,34.21573],[125.8584,34.21538],[125.85872,34.21509],[125.85952,34.21462],[125.8619,34.21328],[125.86242,34.21313],[125.8631,34.21313]]],[[[126.05847,34.21795],[126.05841,34.21791],[126.05817,34.21791],[126.05802,34.21791],[126.05799,34.21799],[126.05795,34.21843],[126.05784,34.22069],[126.05791,34.22083],[126.05811,34.221],[126.05832,34.22112],[126.05852,34.2211],[126.05888,34.22107],[126.05907,34.22099],[126.0591,34.22087],[126.05908,34.22056],[126.05889,34.21888],[126.0588,34.21857],[126.05873,34.21839],[126.05864,34.21816],[126.05847,34.21795]]],[[[126.16231,34.22038],[126.16195,34.22036],[126.16157,34.22037],[126.16109,34.22056],[126.16073,34.22084],[126.15995,34.22164],[126.15962,34.22227],[126.15949,34.22252],[126.15931,34.22298],[126.15928,34.22328],[126.15931,34.22371],[126.15965,34.22414],[126.16463,34.22573],[126.16498,34.22573],[126.16542,34.22562],[126.16551,34.22479],[126.16562,34.22454],[126.16565,34.22436],[126.16567,34.22271],[126.16551,34.22156],[126.1653,34.22124],[126.16507,34.22098],[126.16476,34.22073],[126.16436,34.22055],[126.16231,34.22038]]],[[[126.14986,34.22689],[126.15,34.22685],[126.15033,34.22688],[126.15064,34.22689],[126.15139,34.2267],[126.15178,34.22635],[126.15339,34.22475],[126.15349,34.22444],[126.15369,34.22312],[126.15372,34.22282],[126.15367,34.22254],[126.15349,34.22226],[126.15321,34.22204],[126.15285,34.22194],[126.15079,34.22225],[126.15039,34.22235],[126.14714,34.22636],[126.14862,34.22699],[126.149,34.22706],[126.14986,34.22689]]],[[[126.16451,34.22661],[126.16423,34.22655],[126.16234,34.22677],[126.16191,34.22687],[126.16171,34.22698],[126.16157,34.22711],[126.16146,34.22731],[126.16146,34.22756],[126.16151,34.22785],[126.16176,34.22812],[126.162,34.22828],[126.16336,34.22872],[126.16385,34.2288],[126.16403,34.22878],[126.16422,34.22875],[126.16456,34.22853],[126.16494,34.2272],[126.16492,34.22692],[126.1647,34.22672],[126.16451,34.22661]]],[[[125.84745,34.21953],[125.84666,34.21912],[125.84623,34.21912],[125.84306,34.21926],[125.84256,34.21939],[125.84254,34.22],[125.84265,34.22034],[125.84335,34.2205],[125.84343,34.22057],[125.84436,34.22156],[125.84446,34.22265],[125.84439,34.22292],[125.84419,34.22311],[125.84367,34.22357],[125.8413,34.22433],[125.83916,34.22496],[125.83953,34.22559],[125.84076,34.22637],[125.84164,34.22638],[125.84613,34.22598],[125.84789,34.22565],[125.84841,34.22528],[125.84865,34.2234],[125.84745,34.21953]]],[[[125.98786,34.22923],[125.98645,34.22905],[125.98604,34.22909],[125.98576,34.22928],[125.98518,34.22984],[125.98472,34.23042],[125.98446,34.23088],[125.98445,34.23123],[125.98481,34.23163],[125.98643,34.23222],[125.98802,34.23236],[125.98877,34.2324],[125.98907,34.23221],[125.98924,34.23204],[125.98939,34.23172],[125.98942,34.23129],[125.9893,34.23073],[125.98915,34.23035],[125.98818,34.22946],[125.98786,34.22923]]],[[[126.07842,34.23202],[126.07718,34.23119],[126.07402,34.23145],[126.07351,34.23172],[126.0728,34.23225],[126.07222,34.23303],[126.0721,34.23362],[126.07322,34.2364],[126.07351,34.23671],[126.07425,34.23715],[126.07522,34.23685],[126.0755,34.23674],[126.07634,34.23567],[126.07838,34.23303],[126.07874,34.23244],[126.07842,34.23202]]],[[[125.96348,34.23607],[125.96333,34.23602],[125.96312,34.23603],[125.96128,34.23667],[125.96118,34.2367],[125.96082,34.23686],[125.9607,34.23699],[125.96063,34.23708],[125.96055,34.23733],[125.96051,34.23857],[125.96053,34.23873],[125.96066,34.23886],[125.96082,34.23895],[125.96187,34.23931],[125.9621,34.23932],[125.96248,34.23925],[125.9627,34.23916],[125.96296,34.23901],[125.96479,34.23816],[125.96497,34.23795],[125.96495,34.23761],[125.96373,34.2362],[125.96362,34.23613],[125.96348,34.23607]]],[[[126.06664,34.24063],[126.06725,34.24054],[126.06751,34.24055],[126.06766,34.24048],[126.06841,34.24005],[126.06852,34.23993],[126.0687,34.23959],[126.06874,34.23949],[126.06876,34.23887],[126.06874,34.23871],[126.06864,34.23836],[126.06859,34.23826],[126.06802,34.23743],[126.06791,34.23735],[126.06775,34.23731],[126.0676,34.23732],[126.06744,34.23738],[126.06641,34.23789],[126.06624,34.23802],[126.06614,34.23814],[126.06608,34.23833],[126.06606,34.23851],[126.06606,34.2402],[126.06607,34.24035],[126.06617,34.24049],[126.06637,34.2406],[126.06652,34.24064],[126.06664,34.24063]]],[[[125.94174,34.24449],[125.94257,34.24415],[125.94451,34.24468],[125.94584,34.24572],[125.94789,34.24616],[125.95036,34.2461],[125.95406,34.24596],[125.95597,34.2412],[125.95598,34.24017],[125.95212,34.23681],[125.95063,34.23663],[125.94914,34.23645],[125.9473,34.23566],[125.9469,34.23489],[125.94661,34.23361],[125.94651,34.23293],[125.94478,34.23155],[125.94407,34.23111],[125.93875,34.22928],[125.93731,34.22901],[125.93608,34.22895],[125.93484,34.2289],[125.93391,34.22975],[125.93204,34.23127],[125.93102,34.23057],[125.9299,34.22997],[125.92877,34.22936],[125.92794,34.23004],[125.9268,34.23105],[125.92689,34.23233],[125.9277,34.2331],[125.92581,34.23624],[125.92549,34.23726],[125.92526,34.23863],[125.9266,34.23907],[125.92773,34.23882],[125.92875,34.23934],[125.92935,34.24037],[125.93016,34.24183],[125.92902,34.24233],[125.92839,34.24343],[125.92878,34.24514],[125.93031,34.24635],[125.93338,34.2474],[125.93625,34.24759],[125.93863,34.24693],[125.94028,34.24592],[125.94174,34.24449]]],[[[126.08972,34.24846],[126.09081,34.24822],[126.09114,34.24761],[126.09085,34.24715],[126.08845,34.24515],[126.08584,34.24409],[126.08318,34.24247],[126.08299,34.24203],[126.08198,34.24182],[126.07956,34.24247],[126.07904,34.24264],[126.07861,34.24349],[126.0784,34.24411],[126.07831,34.24423],[126.07674,34.24582],[126.07655,34.24593],[126.07478,34.24522],[126.07347,34.24516],[126.07281,34.24555],[126.07239,34.24614],[126.07765,34.24886],[126.07807,34.24906],[126.07967,34.24872],[126.08026,34.24851],[126.08052,34.2484],[126.08293,34.24837],[126.08347,34.24838],[126.08526,34.24915],[126.08547,34.24934],[126.08574,34.2497],[126.08629,34.25008],[126.087,34.24999],[126.08946,34.24864],[126.08972,34.24846]]],[[[126.05393,34.25013],[126.05864,34.2493],[126.05874,34.2493],[126.05918,34.24938],[126.06208,34.24712],[126.06284,34.24501],[126.06348,34.24363],[126.06369,34.24324],[126.06447,34.24218],[126.06511,34.24143],[126.06316,34.23897],[126.06174,34.23586],[126.06196,34.23439],[126.06199,34.23403],[126.06199,34.23394],[126.06195,34.23378],[126.06089,34.23167],[126.06074,34.23156],[126.0605,34.23141],[126.06033,34.23135],[126.05987,34.2313],[126.05971,34.23128],[126.05914,34.23129],[126.05894,34.23134],[126.05861,34.23147],[126.05813,34.23166],[126.05808,34.23167],[126.05804,34.23167],[126.05796,34.23165],[126.05749,34.23153],[126.05687,34.2312],[126.05676,34.23107],[126.05667,34.23088],[126.05665,34.2308],[126.05665,34.23069],[126.0567,34.23042],[126.05797,34.22841],[126.05806,34.22829],[126.05826,34.22823],[126.0585,34.22781],[126.05857,34.22761],[126.05839,34.22503],[126.05837,34.22491],[126.05833,34.22476],[126.05816,34.22458],[126.0579,34.22445],[126.0577,34.22438],[126.05751,34.22433],[126.05729,34.22431],[126.05702,34.22432],[126.05649,34.22447],[126.05614,34.22466],[126.05581,34.22487],[126.05505,34.22554],[126.05496,34.22577],[126.05475,34.22633],[126.05468,34.22645],[126.05436,34.2269],[126.05387,34.22741],[126.0538,34.22743],[126.05287,34.22761],[126.0519,34.22779],[126.05178,34.22776],[126.05018,34.2274],[126.04997,34.22742],[126.04934,34.22756],[126.04911,34.22762],[126.04888,34.22773],[126.04744,34.2291],[126.04528,34.23118],[126.0431,34.23167],[126.04192,34.2312],[126.04034,34.2301],[126.04011,34.22825],[126.04032,34.22808],[126.04045,34.22787],[126.04068,34.22735],[126.04071,34.22719],[126.04073,34.22704],[126.04072,34.22691],[126.04009,34.22587],[126.03999,34.22575],[126.03762,34.22264],[126.03611,34.21918],[126.03571,34.2187],[126.03536,34.21888],[126.03507,34.21938],[126.03487,34.21993],[126.03514,34.2209],[126.03612,34.22151],[126.03624,34.22206],[126.03474,34.2295],[126.0339,34.23126],[126.0318,34.23139],[126.02711,34.23103],[126.02626,34.23091],[126.02624,34.23071],[126.02614,34.23021],[126.02599,34.22966],[126.02559,34.22821],[126.02508,34.2285],[126.02367,34.23098],[126.02345,34.23175],[126.02345,34.23199],[126.02455,34.23642],[126.02503,34.2381],[126.02517,34.23833],[126.02527,34.23845],[126.02547,34.23859],[126.02562,34.23867],[126.02577,34.23873],[126.02604,34.23883],[126.02614,34.23887],[126.02626,34.23888],[126.0265,34.23888],[126.02711,34.23883],[126.0273,34.23881],[126.02745,34.23876],[126.02885,34.23802],[126.02904,34.23789],[126.03025,34.23682],[126.0338,34.23765],[126.03629,34.23911],[126.03643,34.23917],[126.03672,34.23926],[126.03688,34.23927],[126.03703,34.23923],[126.0372,34.23915],[126.03749,34.23897],[126.0392,34.23782],[126.04105,34.23559],[126.04111,34.23559],[126.04214,34.23575],[126.04238,34.2358],[126.04245,34.23582],[126.04272,34.23589],[126.04302,34.236],[126.04389,34.23643],[126.04789,34.23913],[126.04925,34.24039],[126.04956,34.24072],[126.04971,34.2409],[126.04977,34.24099],[126.05144,34.24413],[126.05166,34.24459],[126.05178,34.24488],[126.05271,34.24808],[126.05272,34.24817],[126.05272,34.24824],[126.0527,34.2483],[126.05253,34.24852],[126.05213,34.24906],[126.05194,34.24906],[126.0511,34.24955],[126.0509,34.24967],[126.04846,34.25195],[126.0483,34.25223],[126.04807,34.25275],[126.04801,34.25323],[126.04801,34.25334],[126.04824,34.25409],[126.04828,34.25423],[126.04836,34.25436],[126.04841,34.25443],[126.04848,34.25451],[126.04863,34.25461],[126.04875,34.25468],[126.04883,34.25471],[126.04893,34.25474],[126.04908,34.25477],[126.04922,34.25478],[126.05042,34.25483],[126.05064,34.25479],[126.05083,34.25467],[126.0515,34.25363],[126.05241,34.25208],[126.05299,34.25108],[126.0536,34.25044],[126.0538,34.25024],[126.05393,34.25013]]],[[[125.92374,34.25522],[125.92397,34.25517],[125.9253,34.2552],[125.92546,34.25518],[125.92559,34.25514],[125.92571,34.25507],[125.92696,34.2543],[125.92706,34.25421],[125.92715,34.25406],[125.92749,34.25334],[125.92754,34.2532],[125.92881,34.24949],[125.92881,34.24928],[125.92869,34.24909],[125.92695,34.2463],[125.92624,34.24557],[125.92598,34.24533],[125.92383,34.24432],[125.92328,34.24429],[125.92292,34.24441],[125.92281,34.24472],[125.92261,34.24952],[125.9229,34.25016],[125.92326,34.25067],[125.92339,34.25228],[125.92161,34.2529],[125.92148,34.25301],[125.92141,34.25311],[125.92133,34.25329],[125.92131,34.2534],[125.92129,34.25352],[125.92141,34.25388],[125.92171,34.25429],[125.92183,34.25444],[125.92204,34.25463],[125.92236,34.25486],[125.92303,34.25517],[125.92322,34.2552],[125.92341,34.25522],[125.92361,34.25523],[125.92374,34.25522]]],[[[126.18387,34.26187],[126.18424,34.26047],[126.18461,34.26055],[126.1847,34.26055],[126.18479,34.26053],[126.18484,34.26049],[126.18652,34.25903],[126.18654,34.25899],[126.18655,34.25893],[126.18715,34.25529],[126.18717,34.25508],[126.1872,34.25472],[126.1872,34.25465],[126.18719,34.25457],[126.18712,34.25427],[126.18696,34.2539],[126.18672,34.25341],[126.1866,34.25323],[126.18657,34.25318],[126.18315,34.24908],[126.18296,34.24891],[126.18282,34.2488],[126.18239,34.24849],[126.18229,34.24843],[126.18209,34.24835],[126.18147,34.24815],[126.18129,34.2481],[126.18016,34.24762],[126.18009,34.24686],[126.1803,34.24479],[126.18039,34.24449],[126.18038,34.24429],[126.18033,34.24416],[126.17954,34.24261],[126.17939,34.24246],[126.17914,34.24223],[126.17902,34.24213],[126.17888,34.24208],[126.17872,34.24205],[126.17905,34.23936],[126.18097,34.2372],[126.17751,34.23596],[126.17737,34.23594],[126.1762,34.23593],[126.17607,34.23594],[126.17596,34.23596],[126.1758,34.236],[126.17558,34.23606],[126.17548,34.23609],[126.17522,34.23618],[126.17483,34.23634],[126.17473,34.23642],[126.17269,34.23851],[126.17258,34.23947],[126.17306,34.24389],[126.17409,34.24549],[126.17481,34.24664],[126.1748,34.24695],[126.17472,34.24764],[126.17466,34.24795],[126.17444,34.24826],[126.17466,34.24932],[126.17581,34.25264],[126.17613,34.25347],[126.17616,34.25353],[126.17671,34.25422],[126.17705,34.25462],[126.17784,34.2555],[126.17876,34.2565],[126.17881,34.25656],[126.17891,34.25664],[126.17897,34.25669],[126.17937,34.25694],[126.17972,34.2572],[126.18009,34.25757],[126.18033,34.25792],[126.18083,34.25932],[126.1809,34.25992],[126.18096,34.26056],[126.18106,34.26096],[126.18118,34.26138],[126.1812,34.26144],[126.18137,34.26181],[126.18152,34.26212],[126.18168,34.26245],[126.18176,34.2626],[126.1818,34.26266],[126.18187,34.26273],[126.18208,34.26288],[126.18212,34.26291],[126.18218,34.26292],[126.18239,34.26294],[126.18248,34.26294],[126.18256,34.26293],[126.18265,34.26291],[126.18273,34.26288],[126.1828,34.26284],[126.18363,34.26215],[126.18368,34.26211],[126.18379,34.262],[126.18382,34.26197],[126.18385,34.26193],[126.18387,34.26187]]],[[[126.05502,34.25657],[126.04955,34.25593],[126.04924,34.25596],[126.0488,34.25606],[126.04847,34.2563],[126.04791,34.25687],[126.04783,34.25701],[126.04752,34.25764],[126.04746,34.25779],[126.04744,34.25795],[126.04745,34.25835],[126.04748,34.25886],[126.04757,34.25939],[126.04786,34.26051],[126.04798,34.26087],[126.04813,34.26121],[126.04819,34.26132],[126.04827,34.26142],[126.04841,34.26154],[126.04856,34.26164],[126.04888,34.26176],[126.04906,34.26181],[126.0492,34.26184],[126.04932,34.26187],[126.04947,34.26188],[126.04964,34.26188],[126.0498,34.26188],[126.04995,34.26186],[126.05009,34.26182],[126.05021,34.26179],[126.05254,34.26095],[126.05321,34.26069],[126.05363,34.26068],[126.05381,34.26066],[126.05398,34.26059],[126.05412,34.26051],[126.05447,34.26029],[126.05458,34.26021],[126.05498,34.2599],[126.0551,34.2598],[126.0552,34.25971],[126.05529,34.25961],[126.05538,34.25948],[126.05545,34.25938],[126.05556,34.25922],[126.05568,34.25904],[126.05586,34.25871],[126.05588,34.25842],[126.05589,34.25798],[126.05589,34.25786],[126.05586,34.25762],[126.05581,34.25733],[126.05578,34.25721],[126.05573,34.25711],[126.05568,34.257],[126.05559,34.25689],[126.05549,34.2568],[126.05536,34.25672],[126.05521,34.25663],[126.05502,34.25657]]],[[[126.17395,34.26449],[126.17477,34.26399],[126.17508,34.26403],[126.17515,34.26404],[126.17525,34.26403],[126.17535,34.264],[126.17544,34.26397],[126.17589,34.26379],[126.17598,34.26374],[126.17693,34.26327],[126.17699,34.26323],[126.17704,34.26318],[126.17777,34.26224],[126.17795,34.26198],[126.17798,34.26193],[126.17801,34.26187],[126.17803,34.26181],[126.17805,34.26171],[126.17806,34.26164],[126.17805,34.26156],[126.17802,34.26149],[126.17792,34.26125],[126.17786,34.26118],[126.17779,34.26114],[126.17771,34.26111],[126.17761,34.2611],[126.17535,34.26145],[126.17528,34.26146],[126.17515,34.26151],[126.17397,34.26194],[126.17389,34.26198],[126.17356,34.26227],[126.17352,34.26231],[126.17266,34.26347],[126.17262,34.26399],[126.17292,34.26464],[126.17297,34.26469],[126.17305,34.26474],[126.17316,34.26477],[126.17327,34.26478],[126.17335,34.26476],[126.17347,34.26473],[126.17357,34.2647],[126.17365,34.26466],[126.1738,34.26458],[126.17395,34.26449]]],[[[125.92578,34.25728],[125.92593,34.25626],[125.92552,34.25569],[125.92426,34.25571],[125.923,34.25573],[125.92239,34.256],[125.92244,34.25697],[125.92156,34.2569],[125.92095,34.25656],[125.91981,34.25513],[125.91942,34.25332],[125.91978,34.25208],[125.92,34.25055],[125.91968,34.24897],[125.91908,34.2484],[125.91711,34.24759],[125.91595,34.24735],[125.91561,34.24758],[125.91588,34.24803],[125.91723,34.24883],[125.9176,34.25172],[125.91765,34.25319],[125.91689,34.25381],[125.91622,34.25312],[125.91563,34.25125],[125.91511,34.24932],[125.9141,34.24869],[125.91294,34.24874],[125.91266,34.24908],[125.91231,34.25009],[125.91162,34.25071],[125.91004,34.25131],[125.90951,34.25069],[125.91009,34.24736],[125.91099,34.24646],[125.91195,34.24613],[125.91386,34.24592],[125.91427,34.24609],[125.9153,34.24492],[125.91473,34.24163],[125.91331,34.24077],[125.91222,34.24065],[125.91147,34.24104],[125.90954,34.24289],[125.90947,34.24328],[125.90966,34.24441],[125.90999,34.24493],[125.91018,34.24561],[125.90943,34.24605],[125.90752,34.24643],[125.90071,34.24592],[125.89819,34.24555],[125.89772,34.24549],[125.8971,34.246],[125.89688,34.24673],[125.89701,34.24747],[125.89836,34.24816],[125.89793,34.25036],[125.89797,34.25183],[125.89844,34.25285],[125.90132,34.25638],[125.90524,34.2589],[125.90599,34.25897],[125.91055,34.25935],[125.91804,34.26038],[125.91902,34.26095],[125.92,34.26152],[125.92217,34.26245],[125.92339,34.26257],[125.92421,34.2623],[125.9245,34.26105],[125.92376,34.26037],[125.92445,34.2597],[125.92507,34.25925],[125.92578,34.25728]]],[[[126.01313,34.26275],[126.01208,34.26187],[126.01161,34.26187],[126.01126,34.262],[126.01091,34.26228],[126.01073,34.26258],[126.01058,34.2629],[126.0104,34.26348],[126.01037,34.26399],[126.01049,34.26411],[126.01062,34.26423],[126.01096,34.26428],[126.01134,34.26422],[126.01162,34.26411],[126.01282,34.26358],[126.01299,34.2634],[126.01323,34.26305],[126.01313,34.26275]]],[[[126.14193,34.26935],[126.1454,34.26906],[126.14899,34.26914],[126.15128,34.26916],[126.15185,34.26829],[126.15168,34.26638],[126.15138,34.26602],[126.15133,34.26458],[126.15133,34.26417],[126.15141,34.26304],[126.1516,34.26196],[126.15186,34.2614],[126.15335,34.26033],[126.15565,34.25963],[126.15653,34.25902],[126.15685,34.25784],[126.1566,34.25758],[126.15599,34.25711],[126.15487,34.25726],[126.15363,34.25792],[126.15244,34.25858],[126.14771,34.26148],[126.14546,34.263],[126.14427,34.26474],[126.14333,34.26576],[126.14095,34.2677],[126.13915,34.26881],[126.1392,34.26979],[126.13963,34.27015],[126.1405,34.27011],[126.14193,34.26935]]],[[[126.12248,34.26578],[126.1222,34.2656],[126.12194,34.26576],[126.11919,34.26855],[126.11918,34.26866],[126.11947,34.26986],[126.11949,34.26992],[126.11959,34.27001],[126.1197,34.27009],[126.11975,34.27012],[126.11986,34.27015],[126.11997,34.27018],[126.12013,34.27019],[126.12025,34.2702],[126.12043,34.27018],[126.12054,34.27016],[126.12064,34.27012],[126.12075,34.27008],[126.12086,34.27003],[126.12101,34.26995],[126.1212,34.26982],[126.12127,34.26977],[126.12133,34.26971],[126.12141,34.26962],[126.12217,34.26853],[126.12222,34.26846],[126.12241,34.26819],[126.12246,34.2681],[126.12249,34.26803],[126.12279,34.26632],[126.12284,34.26602],[126.12248,34.26578]]],[[[126.1031,34.26731],[126.10353,34.26731],[126.10422,34.26738],[126.10481,34.26754],[126.10569,34.26787],[126.10574,34.26789],[126.10598,34.26804],[126.10606,34.2681],[126.10616,34.26818],[126.10616,34.26822],[126.10617,34.26825],[126.10619,34.26835],[126.10621,34.2684],[126.10624,34.26849],[126.10631,34.26861],[126.10637,34.2687],[126.10676,34.2692],[126.10686,34.26929],[126.107,34.26937],[126.10718,34.2694],[126.10759,34.26941],[126.1077,34.26941],[126.10794,34.26939],[126.10804,34.26938],[126.10841,34.26933],[126.10861,34.26929],[126.1088,34.26924],[126.10893,34.26917],[126.10902,34.2691],[126.1092,34.26894],[126.10926,34.26887],[126.10944,34.2686],[126.10948,34.26851],[126.11181,34.26335],[126.11191,34.26292],[126.11192,34.26282],[126.11188,34.26127],[126.11187,34.26115],[126.11181,34.26102],[126.11171,34.2609],[126.11159,34.26083],[126.11149,34.26079],[126.11137,34.26077],[126.11124,34.26077],[126.1111,34.26079],[126.10578,34.26231],[126.10467,34.26204],[126.10453,34.262],[126.10442,34.262],[126.10425,34.262],[126.10412,34.26201],[126.10068,34.26254],[126.10055,34.26257],[126.10041,34.26262],[126.10029,34.26266],[126.10015,34.26273],[126.10002,34.26281],[126.09993,34.26293],[126.09971,34.26327],[126.09964,34.26338],[126.09589,34.27044],[126.09567,34.27095],[126.09629,34.27129],[126.09709,34.27154],[126.09775,34.27132],[126.0988,34.27078],[126.09947,34.2702],[126.09962,34.27006],[126.0998,34.26985],[126.10099,34.2685],[126.10105,34.2684],[126.10109,34.26826],[126.10115,34.26786],[126.10214,34.26745],[126.1031,34.26731]]],[[[126.05588,34.26895],[126.05571,34.26894],[126.05559,34.26895],[126.05547,34.26898],[126.05529,34.26904],[126.05515,34.26912],[126.05499,34.26921],[126.05464,34.2695],[126.05297,34.2711],[126.05286,34.27122],[126.05279,34.2714],[126.05278,34.27158],[126.05293,34.27203],[126.05307,34.27217],[126.05331,34.27238],[126.05399,34.27287],[126.05482,34.27297],[126.05535,34.27283],[126.05549,34.27279],[126.05561,34.27273],[126.05644,34.27227],[126.0566,34.27216],[126.05672,34.27206],[126.0568,34.27194],[126.05696,34.27162],[126.05711,34.27122],[126.05714,34.27108],[126.05722,34.27054],[126.05719,34.27039],[126.05714,34.27028],[126.05658,34.26933],[126.05648,34.26921],[126.05638,34.26913],[126.05627,34.26907],[126.05603,34.26898],[126.05588,34.26895]]],[[[125.99757,34.27084],[125.99742,34.27036],[125.99639,34.26785],[125.99631,34.26662],[125.99868,34.2654],[126.00066,34.26539],[126.00084,34.26543],[126.00189,34.2663],[126.00307,34.26738],[126.00319,34.26754],[126.00328,34.26772],[126.00339,34.26795],[126.00364,34.26872],[126.00364,34.26877],[126.00362,34.26881],[126.00357,34.26885],[126.00336,34.26895],[126.00309,34.26911],[126.00296,34.26935],[126.00284,34.26958],[126.00282,34.26984],[126.00291,34.27009],[126.00317,34.27025],[126.00423,34.27042],[126.00459,34.27039],[126.00494,34.27031],[126.00516,34.27008],[126.00616,34.26852],[126.0065,34.26771],[126.00782,34.26628],[126.00868,34.26606],[126.00899,34.26595],[126.00933,34.26576],[126.00955,34.26542],[126.00978,34.26477],[126.0098,34.26468],[126.0098,34.26442],[126.00959,34.26406],[126.009,34.26409],[126.00739,34.26438],[126.00694,34.26487],[126.00682,34.26504],[126.0067,34.26534],[126.00663,34.26545],[126.00654,34.26558],[126.00581,34.26531],[126.00447,34.26449],[125.99981,34.26084],[125.99882,34.25993],[125.99875,34.25982],[125.9987,34.25967],[125.99858,34.25909],[125.99857,34.25871],[125.9986,34.25859],[125.99879,34.25811],[125.99884,34.25805],[125.999,34.25794],[125.99917,34.25785],[125.99998,34.25787],[126.00073,34.2579],[126.00122,34.25789],[126.00167,34.25774],[126.00196,34.25758],[126.00227,34.25729],[126.00241,34.2569],[126.00394,34.25243],[126.00389,34.25201],[126.00366,34.25153],[126.00304,34.25141],[126.0024,34.25142],[126.00194,34.25167],[126.00087,34.25228],[126.00045,34.25263],[126.00037,34.25305],[126.00024,34.25422],[125.99889,34.2547],[125.9962,34.25436],[125.99428,34.25327],[125.99395,34.25276],[125.99329,34.25261],[125.99284,34.25255],[125.9922,34.25277],[125.99174,34.25328],[125.99168,34.25542],[125.99167,34.25605],[125.99228,34.25654],[125.99259,34.25655],[125.99303,34.25702],[125.99343,34.25756],[125.99354,34.25774],[125.99232,34.26054],[125.99126,34.26128],[125.99104,34.26119],[125.99083,34.26111],[125.9906,34.2609],[125.98991,34.26077],[125.98908,34.26096],[125.98865,34.26115],[125.98821,34.26151],[125.98708,34.26252],[125.98672,34.26298],[125.9866,34.26352],[125.98658,34.26399],[125.98659,34.26462],[125.98692,34.26537],[125.98744,34.26578],[125.98795,34.26601],[125.98859,34.26763],[125.98926,34.27002],[125.98921,34.27008],[125.98909,34.27018],[125.98885,34.27029],[125.98854,34.27037],[125.98824,34.27039],[125.9838,34.26403],[125.98353,34.2636],[125.98315,34.26331],[125.98281,34.26319],[125.98238,34.26306],[125.98191,34.26303],[125.98129,34.26329],[125.97959,34.26434],[125.97905,34.26468],[125.97874,34.26504],[125.97768,34.26696],[125.97741,34.26754],[125.97714,34.26818],[125.97706,34.2687],[125.97697,34.26987],[125.97698,34.27547],[125.97715,34.27609],[125.97758,34.27645],[125.97884,34.27716],[125.98614,34.27927],[125.99015,34.27983],[125.99081,34.27989],[125.99143,34.2799],[125.99402,34.27907],[125.99456,34.27886],[125.99538,34.27836],[125.99714,34.27732],[125.9977,34.2753],[125.99757,34.27084]]],[[[126.00585,34.28984],[126.00569,34.28983],[126.00553,34.28989],[126.00541,34.28999],[126.00532,34.2901],[126.00526,34.29021],[126.00522,34.29084],[126.00524,34.29125],[126.00526,34.29141],[126.00531,34.29152],[126.00543,34.29162],[126.00597,34.29195],[126.00617,34.29199],[126.00633,34.29198],[126.00646,34.29195],[126.00661,34.29192],[126.00672,34.29189],[126.00698,34.29175],[126.00707,34.29169],[126.00728,34.29146],[126.00763,34.29096],[126.00767,34.29077],[126.0076,34.29065],[126.00752,34.29055],[126.0073,34.29029],[126.0071,34.29015],[126.00585,34.28984]]],[[[126.00015,34.2876],[125.99165,34.28709],[125.99145,34.28724],[125.99139,34.28751],[125.99131,34.2888],[125.99133,34.289],[125.99147,34.28925],[125.99165,34.28952],[125.99398,34.29277],[125.99424,34.29287],[125.99452,34.29287],[125.99482,34.29279],[125.99672,34.29184],[125.99704,34.29158],[125.99728,34.29137],[125.99811,34.29038],[125.99986,34.2903],[126.00015,34.29027],[126.00039,34.29021],[126.00067,34.29013],[126.00134,34.28991],[126.00156,34.28983],[126.00172,34.28975],[126.00187,34.28965],[126.00207,34.28947],[126.00195,34.28922],[126.00119,34.2884],[126.00047,34.28768],[126.00028,34.28762],[126.00015,34.2876]]],[[[125.97446,34.30462],[125.97463,34.30444],[125.97591,34.30456],[125.97671,34.3043],[125.97816,34.30334],[125.97789,34.30277],[125.97907,34.30177],[125.97987,34.30111],[125.98007,34.30101],[125.98192,34.3008],[125.98241,34.30082],[125.98337,34.29728],[125.98327,34.29705],[125.98315,34.29692],[125.98002,34.29577],[125.9797,34.29568],[125.97794,34.29598],[125.97299,34.29721],[125.97268,34.29738],[125.97137,34.29812],[125.97117,34.29826],[125.97019,34.29946],[125.96995,34.29985],[125.97017,34.30101],[125.97034,34.30181],[125.97138,34.30362],[125.97197,34.30439],[125.97276,34.30466],[125.97338,34.30478],[125.97373,34.30484],[125.97398,34.30482],[125.97424,34.30475],[125.97446,34.30462]]],[[[126.01216,34.30455],[126.01206,34.30454],[126.01173,34.30459],[126.01139,34.30472],[126.01129,34.30481],[126.01127,34.30498],[126.01201,34.30608],[126.01212,34.30621],[126.01265,34.30673],[126.013,34.30701],[126.01306,34.30705],[126.01314,34.30708],[126.01322,34.30709],[126.01331,34.30708],[126.01339,34.30706],[126.01346,34.30702],[126.01362,34.30689],[126.01388,34.30664],[126.01393,34.30659],[126.01397,34.30654],[126.01399,34.30651],[126.01401,34.30645],[126.01403,34.30637],[126.01402,34.3063],[126.01391,34.30546],[126.01388,34.3053],[126.01386,34.3052],[126.01381,34.30514],[126.01372,34.30507],[126.01367,34.30502],[126.0136,34.30498],[126.01352,34.30494],[126.01216,34.30455]]],[[[125.90461,34.30517],[125.90366,34.30506],[125.90342,34.30507],[125.90324,34.30513],[125.90301,34.30521],[125.90261,34.30539],[125.90229,34.30556],[125.90197,34.30574],[125.90102,34.30641],[125.90108,34.30688],[125.90253,34.30705],[125.90277,34.30706],[125.9031,34.30703],[125.90364,34.30694],[125.90414,34.30693],[125.90436,34.30686],[125.90464,34.30673],[125.90472,34.30649],[125.90493,34.30564],[125.90484,34.30537],[125.90461,34.30517]]],[[[125.99035,34.31204],[125.99059,34.31201],[125.99106,34.31205],[125.99129,34.31207],[125.99154,34.31207],[125.99171,34.31204],[125.99187,34.312],[125.99199,34.31194],[125.99206,34.31183],[125.99205,34.3117],[125.99195,34.31162],[125.99156,34.31147],[125.9904,34.31105],[125.98869,34.3107],[125.98853,34.31069],[125.98832,34.3107],[125.98818,34.3108],[125.9881,34.31087],[125.98804,34.311],[125.98807,34.31123],[125.98814,34.31141],[125.98821,34.31151],[125.98833,34.3116],[125.98878,34.31182],[125.98888,34.31187],[125.98905,34.31195],[125.98918,34.31201],[125.98936,34.31205],[125.98954,34.31205],[125.99035,34.31204]]],[[[125.94915,34.30575],[125.94926,34.30558],[125.94924,34.30539],[125.94912,34.30525],[125.94872,34.30495],[125.94844,34.30494],[125.94784,34.30523],[125.94767,34.30538],[125.94753,34.30547],[125.94742,34.30553],[125.94719,34.30562],[125.94708,34.30566],[125.94703,34.30565],[125.94675,34.30524],[125.94595,34.30376],[125.94642,34.30307],[125.94701,34.30292],[125.94731,34.30286],[125.94758,34.30284],[125.94806,34.30278],[125.94847,34.30268],[125.94881,34.30254],[125.94909,34.3024],[125.94936,34.30213],[125.94978,34.3016],[125.9498,34.30126],[125.9497,34.30102],[125.94938,34.30074],[125.94904,34.30059],[125.94761,34.3004],[125.94703,34.30046],[125.94574,34.30079],[125.94437,34.30129],[125.94414,34.30147],[125.944,34.30169],[125.94265,34.3066],[125.94254,34.30707],[125.9424,34.30799],[125.94235,34.30831],[125.9423,34.30868],[125.94229,34.30896],[125.94236,34.31016],[125.94256,34.31087],[125.94271,34.31132],[125.9428,34.31157],[125.94307,34.3119],[125.94416,34.3125],[125.94438,34.31257],[125.94459,34.31255],[125.94482,34.31243],[125.94526,34.31218],[125.9454,34.31205],[125.94657,34.31059],[125.94666,34.31043],[125.94749,34.30833],[125.94794,34.30708],[125.94915,34.30575]]],[[[125.96455,34.31048],[125.96412,34.31019],[125.96399,34.31011],[125.96358,34.30991],[125.9634,34.30989],[125.96278,34.30988],[125.96234,34.3102],[125.9615,34.3103],[125.95434,34.3089],[125.95436,34.30869],[125.95438,34.3085],[125.95437,34.30838],[125.95434,34.30827],[125.9543,34.30819],[125.95421,34.30808],[125.95406,34.30797],[125.95395,34.30792],[125.95337,34.30771],[125.95296,34.30761],[125.95283,34.30759],[125.95232,34.30772],[125.95226,34.30779],[125.95182,34.30831],[125.95175,34.30842],[125.95117,34.30942],[125.9511,34.30955],[125.95094,34.31006],[125.95093,34.31017],[125.95101,34.31051],[125.95104,34.31062],[125.95113,34.3107],[125.95131,34.31079],[125.95821,34.31387],[125.96159,34.31487],[125.96164,34.31495],[125.96213,34.3153],[125.96284,34.3158],[125.96294,34.31583],[125.96302,34.31583],[125.96316,34.31581],[125.96344,34.31566],[125.96354,34.3156],[125.96399,34.31522],[125.96473,34.31396],[125.96475,34.31381],[125.96498,34.31179],[125.96484,34.31088],[125.96477,34.31066],[125.96455,34.31048]]],[[[126.01633,34.31634],[126.01753,34.31297],[126.01761,34.31283],[126.01766,34.31276],[126.01769,34.31272],[126.01774,34.31267],[126.01783,34.31259],[126.01807,34.31242],[126.01817,34.31235],[126.01822,34.31233],[126.01826,34.31232],[126.01831,34.31232],[126.01901,34.31232],[126.01934,34.31163],[126.01939,34.30978],[126.01938,34.30972],[126.01934,34.30963],[126.01921,34.30957],[126.01911,34.30958],[126.01905,34.3096],[126.01729,34.31031],[126.01268,34.31179],[126.01263,34.3118],[126.01259,34.3118],[126.0125,34.3118],[126.01137,34.31166],[126.01119,34.31162],[126.01103,34.31158],[126.01062,34.31144],[126.01048,34.31138],[126.01041,34.31134],[126.01036,34.31131],[126.0103,34.31127],[126.00927,34.31046],[126.0092,34.3104],[126.00915,34.31034],[126.00799,34.30876],[126.00642,34.30662],[126.0063,34.30637],[126.00609,34.3061],[126.0057,34.30562],[126.00564,34.30556],[126.00556,34.30553],[126.00549,34.30552],[126.00528,34.30551],[126.00475,34.30552],[126.00468,34.30553],[126.00461,34.30555],[126.00455,34.30558],[126.00451,34.30563],[126.00447,34.30568],[126.00443,34.30573],[126.00438,34.30584],[126.00435,34.30591],[126.00434,34.30597],[126.00431,34.30613],[126.0043,34.30649],[126.00454,34.30805],[126.00456,34.30814],[126.00458,34.30821],[126.0047,34.30858],[126.00473,34.30864],[126.00479,34.3087],[126.00534,34.30914],[126.00543,34.3092],[126.00552,34.30924],[126.00622,34.31207],[126.00624,34.31213],[126.00624,34.31216],[126.00624,34.3122],[126.00623,34.31225],[126.00622,34.3123],[126.0062,34.31234],[126.00618,34.31238],[126.00615,34.31242],[126.00612,34.31245],[126.00593,34.31262],[126.00573,34.31278],[126.0057,34.31281],[126.00565,34.31284],[126.0055,34.31292],[126.00544,34.31294],[126.0054,34.31295],[126.00535,34.31296],[126.00512,34.31298],[126.00506,34.31298],[126.00503,34.31298],[126.00415,34.31284],[126.00403,34.31279],[126.00385,34.31269],[126.00381,34.31262],[126.00375,34.31254],[126.00367,34.31247],[126.00362,34.31244],[126.00357,34.31241],[126.00308,34.3122],[126.00297,34.31216],[126.00273,34.31208],[126.00266,34.31206],[126.00259,34.31205],[126.00236,34.312],[126.00228,34.312],[126.00219,34.312],[126.00171,34.31209],[125.9988,34.31276],[125.9987,34.31278],[125.99863,34.31283],[125.998,34.31328],[125.99773,34.31384],[125.99808,34.31679],[125.9981,34.31685],[125.99814,34.3169],[125.99825,34.317],[125.99834,34.31706],[125.99841,34.3171],[125.99847,34.31714],[125.9986,34.31718],[125.99869,34.31721],[125.99879,34.31722],[126.00018,34.31734],[126.00025,34.31734],[126.0004,34.31733],[126.00159,34.31714],[126.00169,34.31711],[126.00191,34.31702],[126.00201,34.31697],[126.003,34.31644],[126.0031,34.31638],[126.00315,34.31634],[126.0032,34.31627],[126.00329,34.31608],[126.00332,34.31604],[126.00336,34.31599],[126.00351,34.31583],[126.00364,34.3157],[126.00378,34.31557],[126.00388,34.3155],[126.00392,34.31548],[126.00397,34.31546],[126.004,34.31544],[126.00405,34.31543],[126.0041,34.31542],[126.00424,34.31542],[126.00442,34.31543],[126.00673,34.31572],[126.01124,34.31651],[126.01407,34.3174],[126.016,34.31788],[126.01608,34.31789],[126.01617,34.31789],[126.01626,34.31787],[126.01632,34.31784],[126.01638,34.31777],[126.01641,34.31772],[126.01644,34.31767],[126.01645,34.3176],[126.01644,34.31754],[126.01641,34.31748],[126.01637,34.31744],[126.01629,34.31736],[126.01623,34.31731],[126.01633,34.31634]]],[[[126.04034,34.31885],[126.04157,34.31722],[126.04322,34.3163],[126.044,34.31522],[126.04434,34.31431],[126.04503,34.31177],[126.04548,34.31031],[126.04559,34.30996],[126.04648,34.30897],[126.04791,34.30834],[126.04857,34.30826],[126.04922,34.30872],[126.05065,34.30791],[126.05286,34.30657],[126.05319,34.30621],[126.05276,34.30548],[126.05354,34.30476],[126.05464,34.30449],[126.05518,34.3045],[126.0578,34.30551],[126.05956,34.30535],[126.06044,34.3049],[126.06568,34.30585],[126.06612,34.30621],[126.06688,34.30704],[126.07005,34.30761],[126.07191,34.30735],[126.07585,34.30738],[126.07728,34.30748],[126.08034,34.30805],[126.08219,34.30879],[126.08317,34.30925],[126.08371,34.30998],[126.08774,34.31228],[126.08895,34.3122],[126.08886,34.31002],[126.08833,34.30811],[126.08848,34.30766],[126.08879,34.30675],[126.08989,34.30603],[126.08979,34.30519],[126.08871,34.30401],[126.08761,34.30373],[126.08657,34.29936],[126.08713,34.29782],[126.08856,34.29719],[126.08869,34.29547],[126.08826,34.29429],[126.08806,34.29274],[126.0886,34.29241],[126.08982,34.29166],[126.09213,34.29114],[126.09314,34.28905],[126.09337,34.28742],[126.0923,34.28596],[126.0912,34.2855],[126.09145,34.2835],[126.09224,34.28124],[126.09346,34.27988],[126.09602,34.276],[126.09451,34.27363],[126.09397,34.2729],[126.09286,34.27398],[126.09273,34.27588],[126.08953,34.27858],[126.08655,34.28074],[126.08624,34.27929],[126.08339,34.27954],[126.08108,34.28034],[126.0792,34.28196],[126.07995,34.28296],[126.08072,34.28297],[126.08104,34.28342],[126.07994,34.28441],[126.07512,34.28447],[126.07392,34.28364],[126.07394,34.28183],[126.07298,34.28018],[126.07156,34.27954],[126.06939,34.27743],[126.06853,34.27643],[126.06887,34.27561],[126.06889,34.27352],[126.06725,34.27351],[126.06602,34.27541],[126.0636,34.27675],[126.0625,34.27729],[126.06204,34.27856],[126.06268,34.28074],[126.06384,34.28447],[126.0648,34.28666],[126.06489,34.28848],[126.06302,34.28901],[126.06149,34.28918],[126.06139,34.28897],[126.06127,34.28872],[126.06163,34.28673],[126.06066,34.28509],[126.05912,34.28507],[126.05746,34.2867],[126.05657,34.28814],[126.05427,34.28794],[126.05297,34.28702],[126.05298,34.28593],[126.0542,34.28522],[126.05576,34.28278],[126.05721,34.28025],[126.05808,34.28053],[126.05841,34.28026],[126.05898,34.27835],[126.05922,34.27663],[126.05771,34.27462],[126.05574,34.27406],[126.05443,34.27414],[126.05244,34.27603],[126.05165,34.2783],[126.04964,34.28164],[126.04733,34.28235],[126.04613,34.28152],[126.04438,34.28142],[126.04009,34.28302],[126.03702,34.2839],[126.03463,34.28234],[126.03287,34.28287],[126.03264,34.28378],[126.0323,34.2845],[126.03132,34.28458],[126.03033,34.2843],[126.02958,34.28348],[126.02793,34.28365],[126.02343,34.28516],[126.02276,34.28561],[126.02286,34.28715],[126.02351,34.28779],[126.02437,34.28862],[126.02589,34.28981],[126.02764,34.29009],[126.0273,34.29118],[126.0264,34.29317],[126.02418,34.29533],[126.02298,34.29487],[126.01852,34.29275],[126.01689,34.29146],[126.01635,34.29087],[126.01514,34.29113],[126.01501,34.29304],[126.01552,34.29604],[126.01585,34.29658],[126.01758,34.29832],[126.0179,34.29887],[126.01712,34.29986],[126.02081,34.30289],[126.023,34.30327],[126.02798,34.30341],[126.0324,34.3048],[126.0326,34.30625],[126.03227,34.3067],[126.02733,34.30703],[126.02351,34.30654],[126.02142,34.30671],[126.02128,34.30943],[126.02398,34.31327],[126.02638,34.31365],[126.02738,34.31293],[126.0274,34.31112],[126.02894,34.3104],[126.03004,34.30996],[126.03418,34.31181],[126.03372,34.31335],[126.03218,34.3146],[126.03096,34.31559],[126.02953,34.31613],[126.0292,34.3164],[126.03181,34.31787],[126.03498,34.31844],[126.03695,34.31837],[126.03772,34.31874],[126.03924,34.31956],[126.04034,34.31885]]],[[[125.97519,34.32154],[125.97591,34.32099],[125.97603,34.32086],[125.98002,34.31624],[125.98018,34.31606],[125.98029,34.31591],[125.98033,34.31581],[125.98036,34.31568],[125.98036,34.31554],[125.98036,34.31499],[125.98033,34.31484],[125.98029,34.31473],[125.98022,34.3146],[125.98011,34.31453],[125.98001,34.3145],[125.97963,34.31442],[125.97949,34.3144],[125.97934,34.31442],[125.97917,34.31446],[125.97911,34.31446],[125.97908,34.31444],[125.97898,34.31437],[125.97851,34.31379],[125.97823,34.31333],[125.97774,34.31216],[125.97755,34.31145],[125.97754,34.31142],[125.97753,34.31061],[125.97755,34.3105],[125.97759,34.31031],[125.97763,34.31021],[125.97787,34.30956],[125.97764,34.30905],[125.97672,34.30834],[125.97566,34.30857],[125.97403,34.30871],[125.97359,34.30874],[125.9729,34.30846],[125.97263,34.30831],[125.972,34.3071],[125.96888,34.30967],[125.96838,34.31074],[125.96931,34.31128],[125.96937,34.31143],[125.96991,34.31301],[125.96991,34.31311],[125.96925,34.31615],[125.96814,34.31781],[125.96799,34.31792],[125.96737,34.31855],[125.96728,34.31866],[125.96724,34.31878],[125.96721,34.31907],[125.96723,34.31918],[125.96806,34.32082],[125.96812,34.32091],[125.96823,34.32101],[125.96837,34.3211],[125.9685,34.32114],[125.96902,34.32121],[125.96915,34.32119],[125.96959,34.32109],[125.96988,34.32098],[125.96998,34.32091],[125.97015,34.32092],[125.97038,34.32093],[125.9719,34.32119],[125.97392,34.32175],[125.97438,34.32178],[125.97507,34.32161],[125.97519,34.32154]]],[[[126.02606,34.32472],[126.02621,34.32466],[126.0264,34.32467],[126.02653,34.32466],[126.02664,34.32465],[126.02672,34.32464],[126.02681,34.32462],[126.02691,34.32458],[126.027,34.32454],[126.02722,34.32444],[126.0273,34.3244],[126.02742,34.32429],[126.02754,34.32417],[126.02755,34.32412],[126.02758,34.32402],[126.02758,34.32392],[126.02747,34.32351],[126.0274,34.3233],[126.02724,34.3229],[126.02719,34.32278],[126.02632,34.32169],[126.02626,34.32163],[126.02618,34.32157],[126.02609,34.32152],[126.026,34.32148],[126.02496,34.32106],[126.0248,34.32101],[126.0247,34.321],[126.02458,34.32098],[126.02449,34.32099],[126.02442,34.32101],[126.02435,34.32107],[126.02429,34.32117],[126.02428,34.32125],[126.0243,34.32135],[126.02543,34.32429],[126.02548,34.3244],[126.02554,34.32448],[126.0256,34.32455],[126.02568,34.32462],[126.02578,34.32467],[126.02591,34.32471],[126.02606,34.32472]]],[[[125.9776,34.32325],[125.97738,34.32323],[125.97673,34.32326],[125.97603,34.3234],[125.97588,34.32345],[125.97572,34.32353],[125.97561,34.32363],[125.97491,34.32443],[125.97486,34.32456],[125.97459,34.32554],[125.97458,34.32569],[125.97472,34.32605],[125.97669,34.33032],[125.97698,34.33072],[125.97711,34.3309],[125.97751,34.33118],[125.97761,34.33124],[125.97768,34.33126],[125.97777,34.33126],[125.97788,34.33121],[125.97796,34.33109],[125.97808,34.33083],[125.97817,34.33069],[125.9787,34.33002],[125.97874,34.32999],[125.97881,34.32995],[125.97966,34.32958],[125.97984,34.32952],[125.98015,34.32946],[125.98029,34.32944],[125.98049,34.32943],[125.98112,34.32907],[125.98096,34.32624],[125.98092,34.32606],[125.98087,34.32595],[125.98031,34.32531],[125.97999,34.32501],[125.97927,34.32437],[125.97915,34.32427],[125.9781,34.32353],[125.97776,34.3233],[125.9776,34.32325]]],[[[126.03019,34.34058],[126.0321,34.33889],[126.03417,34.33794],[126.03552,34.3375],[126.04335,34.33556],[126.04614,34.33506],[126.05236,34.33265],[126.05362,34.33214],[126.05652,34.32941],[126.05717,34.32793],[126.05737,34.32629],[126.05874,34.3237],[126.06019,34.3223],[126.06119,34.32126],[126.05951,34.31917],[126.05897,34.31902],[126.05763,34.31886],[126.05655,34.31922],[126.05238,34.32298],[126.05201,34.32409],[126.05039,34.32423],[126.04869,34.32385],[126.0445,34.32173],[126.0392,34.32199],[126.03812,34.32205],[126.03659,34.32256],[126.03649,34.32375],[126.03764,34.32525],[126.03799,34.32555],[126.03988,34.32519],[126.04124,34.32408],[126.04233,34.32335],[126.04565,34.32271],[126.046,34.32375],[126.04573,34.32419],[126.04203,34.32588],[126.03896,34.32726],[126.03833,34.32763],[126.03804,34.32927],[126.03758,34.3298],[126.03741,34.33],[126.03687,34.33007],[126.03616,34.32873],[126.03564,34.32739],[126.03575,34.3256],[126.03522,34.32486],[126.03424,34.32403],[126.03353,34.32395],[126.03217,34.32461],[126.03091,34.32564],[126.03044,34.3272],[126.02376,34.33034],[126.02332,34.32982],[126.02199,34.32817],[126.02218,34.32765],[126.02326,34.32744],[126.02363,34.32662],[126.02364,34.32573],[126.02089,34.32266],[126.01964,34.32205],[126.01865,34.32219],[126.01677,34.32248],[126.01613,34.32336],[126.01558,34.32388],[126.01254,34.32281],[126.01201,34.32244],[126.01166,34.32154],[126.01095,34.32124],[126.00771,34.32181],[126.00573,34.32276],[126.00455,34.3232],[126.00005,34.32465],[125.99862,34.32441],[125.9978,34.32507],[125.99689,34.32641],[125.99634,34.32752],[125.9965,34.32908],[125.99666,34.33094],[125.99634,34.33518],[125.9947,34.33658],[125.99327,34.33664],[125.99254,34.33738],[125.99235,34.33857],[125.99261,34.33879],[125.99494,34.33926],[125.99629,34.33934],[125.99762,34.34077],[125.99806,34.34122],[125.99869,34.3413],[125.9994,34.3413],[125.99977,34.34064],[126.00087,34.33841],[126.00088,34.33782],[126.00558,34.33533],[126.009,34.33387],[126.00954,34.3338],[126.01044,34.33418],[126.01142,34.33433],[126.01322,34.3339],[126.01377,34.33346],[126.0144,34.33287],[126.01593,34.33259],[126.01664,34.33348],[126.01292,34.3368],[126.01184,34.33716],[126.01121,34.33746],[126.01084,34.33805],[126.01074,34.33909],[126.011,34.33939],[126.0179,34.34063],[126.01898,34.34027],[126.02239,34.33993],[126.02419,34.33994],[126.0249,34.34099],[126.02594,34.34252],[126.02639,34.343],[126.02745,34.34279],[126.02955,34.34184],[126.03019,34.34058]]],[[[125.97399,34.34586],[125.97435,34.34575],[125.97473,34.34581],[125.97488,34.34581],[125.97516,34.3458],[125.97538,34.34565],[125.97633,34.34448],[125.97644,34.34434],[125.97651,34.34424],[125.97656,34.34414],[125.97659,34.34399],[125.97655,34.34387],[125.97649,34.34374],[125.97637,34.34354],[125.97621,34.34345],[125.97608,34.3434],[125.97593,34.34336],[125.97573,34.34333],[125.97323,34.34306],[125.97301,34.3431],[125.9728,34.3432],[125.97275,34.34323],[125.97168,34.34392],[125.97154,34.34404],[125.97114,34.34454],[125.97111,34.34461],[125.97108,34.34468],[125.971,34.34499],[125.97101,34.3451],[125.97106,34.34518],[125.97144,34.34569],[125.97156,34.34573],[125.97291,34.34615],[125.97294,34.34615],[125.97399,34.34586]]],[[[125.95332,34.35306],[125.95497,34.35205],[125.95543,34.3521],[125.95582,34.35207],[125.9582,34.351],[125.95828,34.35092],[125.95838,34.3508],[125.95842,34.35073],[125.95903,34.34833],[125.95905,34.34572],[125.95903,34.34546],[125.959,34.34537],[125.95895,34.34527],[125.95886,34.3452],[125.95868,34.3451],[125.95852,34.34504],[125.95845,34.34503],[125.9583,34.34503],[125.95823,34.34503],[125.95818,34.34505],[125.95812,34.34508],[125.95803,34.34509],[125.95743,34.34509],[125.95639,34.34505],[125.95351,34.34487],[125.95271,34.34479],[125.95086,34.34459],[125.95054,34.34443],[125.94948,34.34383],[125.94944,34.34325],[125.94856,34.34205],[125.94642,34.34348],[125.94684,34.34448],[125.94887,34.349],[125.94895,34.34914],[125.95155,34.35247],[125.95332,34.35306]]],[[[125.98883,34.35407],[125.98808,34.35318],[125.98789,34.35259],[125.98782,34.35233],[125.98779,34.35213],[125.98779,34.35198],[125.98779,34.35194],[125.98782,34.3519],[125.98789,34.35183],[125.98811,34.35172],[125.98838,34.3516],[125.98851,34.35154],[125.9886,34.35148],[125.98868,34.3514],[125.98945,34.3503],[125.98969,34.3499],[125.9897,34.34978],[125.98967,34.34962],[125.98931,34.34839],[125.98917,34.34827],[125.98893,34.34817],[125.98877,34.34815],[125.9885,34.34812],[125.98835,34.34815],[125.98259,34.35145],[125.98244,34.35155],[125.98232,34.35166],[125.98234,34.35184],[125.98311,34.35338],[125.98325,34.35358],[125.98349,34.35365],[125.98376,34.35366],[125.98606,34.35368],[125.98766,34.35356],[125.98883,34.35407]]],[[[125.9319,34.35081],[125.93171,34.35064],[125.93094,34.35109],[125.92966,34.35199],[125.92957,34.35213],[125.92892,34.35391],[125.92891,34.35419],[125.9291,34.35444],[125.92923,34.35459],[125.9294,34.35469],[125.9299,34.35484],[125.93008,34.35485],[125.93026,34.3548],[125.93043,34.35469],[125.93054,34.35455],[125.9309,34.35393],[125.93187,34.35211],[125.93195,34.35155],[125.9319,34.35081]]],[[[126.01459,34.36095],[126.0171,34.36018],[126.01722,34.36014],[126.01863,34.35955],[126.01886,34.35946],[126.02193,34.3578],[126.02201,34.35774],[126.02208,34.35765],[126.02358,34.3553],[126.02372,34.35508],[126.02366,34.35271],[126.02356,34.35093],[126.02384,34.34961],[126.0249,34.34863],[126.02684,34.34366],[126.02686,34.34356],[126.02684,34.34347],[126.02673,34.34324],[126.02554,34.34275],[126.02545,34.34272],[126.023,34.3421],[126.02157,34.34186],[126.0215,34.34185],[126.02129,34.34184],[126.0212,34.34185],[126.02102,34.34186],[126.01978,34.34205],[126.01413,34.34314],[126.01401,34.34319],[126.01393,34.34327],[126.01239,34.34699],[126.01238,34.34705],[126.01236,34.3472],[126.01236,34.34734],[126.01237,34.34741],[126.01239,34.34749],[126.01257,34.34785],[126.0129,34.34845],[126.01295,34.34853],[126.013,34.34858],[126.01323,34.34878],[126.0135,34.34897],[126.01357,34.349],[126.01366,34.34904],[126.01646,34.3498],[126.01654,34.34981],[126.01728,34.34986],[126.01737,34.34986],[126.01756,34.34984],[126.01768,34.34983],[126.01775,34.34979],[126.01793,34.3497],[126.01928,34.34962],[126.02083,34.34989],[126.02114,34.35015],[126.02123,34.35047],[126.02033,34.35155],[126.02007,34.35182],[126.01989,34.35182],[126.01926,34.35169],[126.01833,34.35161],[126.01631,34.35233],[126.01236,34.35456],[126.01225,34.35473],[126.01224,34.35504],[126.01222,34.35571],[126.0125,34.35808],[126.01044,34.35995],[126.01022,34.36081],[126.01231,34.3604],[126.01386,34.3609],[126.01401,34.36094],[126.01415,34.36096],[126.01444,34.36096],[126.01459,34.36095]]],[[[126.04364,34.37401],[126.04357,34.37399],[126.04349,34.374],[126.0428,34.37414],[126.04271,34.37417],[126.04265,34.37423],[126.04261,34.37429],[126.04146,34.37676],[126.04143,34.37683],[126.04138,34.37713],[126.04136,34.37856],[126.04153,34.37864],[126.04181,34.37856],[126.04233,34.3784],[126.04292,34.37796],[126.04296,34.37791],[126.04361,34.3768],[126.04363,34.37674],[126.04364,34.3767],[126.0437,34.37575],[126.04422,34.37555],[126.04435,34.3755],[126.04441,34.37546],[126.04446,34.3754],[126.0445,34.37531],[126.04451,34.37524],[126.04451,34.37518],[126.04443,34.37495],[126.04437,34.37479],[126.04433,34.37471],[126.04414,34.37432],[126.04411,34.37428],[126.04405,34.37422],[126.04401,34.37418],[126.04396,34.37416],[126.04364,34.37401]]],[[[125.93671,34.36413],[125.93634,34.36412],[125.93531,34.36421],[125.93507,34.3643],[125.93473,34.36446],[125.93447,34.36468],[125.93198,34.36806],[125.93186,34.36837],[125.93194,34.36865],[125.9354,34.37376],[125.93563,34.3739],[125.93776,34.37516],[125.93918,34.37578],[125.93884,34.37651],[125.93801,34.37671],[125.93764,34.37691],[125.93744,34.37721],[125.93741,34.37748],[125.93742,34.37787],[125.93763,34.37817],[125.94569,34.37851],[125.94547,34.37767],[125.94492,34.37656],[125.94452,34.37581],[125.94238,34.37474],[125.94132,34.37191],[125.93848,34.366],[125.93829,34.36571],[125.9376,34.36473],[125.93737,34.36456],[125.93692,34.36426],[125.93671,34.36413]]],[[[125.97066,34.37987],[125.97078,34.37975],[125.97107,34.3794],[125.97113,34.3793],[125.97133,34.37892],[125.97198,34.37733],[125.97306,34.37318],[125.97317,34.37271],[125.97317,34.37256],[125.97311,34.37244],[125.9692,34.36661],[125.96871,34.36608],[125.96852,34.36592],[125.96834,34.36585],[125.96672,34.36553],[125.9645,34.36457],[125.96329,34.36339],[125.96321,34.36331],[125.96305,34.3632],[125.96285,34.36313],[125.96263,34.36306],[125.9624,34.36304],[125.96222,34.36309],[125.96175,34.36332],[125.96161,34.36341],[125.96094,34.36415],[125.96076,34.36449],[125.96034,34.36536],[125.96031,34.36548],[125.96033,34.3656],[125.96057,34.36671],[125.96158,34.36999],[125.96237,34.37434],[125.9622,34.3745],[125.96203,34.37468],[125.96193,34.37481],[125.96183,34.37501],[125.96183,34.37524],[125.96191,34.37546],[125.96205,34.37565],[125.96286,34.37631],[125.96308,34.37648],[125.96416,34.37706],[125.96434,34.37711],[125.96448,34.37711],[125.96476,34.37702],[125.96489,34.37697],[125.96592,34.37654],[125.96633,34.37631],[125.96679,34.37599],[125.9669,34.3759],[125.96705,34.37574],[125.9671,34.37564],[125.96715,34.37558],[125.96721,34.37557],[125.96726,34.37556],[125.96855,34.37565],[125.96899,34.37568],[125.97014,34.3758],[125.97033,34.37601],[125.97048,34.37631],[125.97054,34.37643],[125.97019,34.37692],[125.96999,34.3771],[125.96651,34.37929],[125.96462,34.37971],[125.96449,34.37965],[125.96435,34.3796],[125.96415,34.37959],[125.96396,34.37968],[125.96386,34.37982],[125.96382,34.38001],[125.96378,34.38044],[125.96384,34.38089],[125.9644,34.38167],[125.9646,34.38176],[125.96477,34.38178],[125.96502,34.38175],[125.9652,34.38171],[125.96578,34.38148],[125.96593,34.3814],[125.96617,34.38138],[125.96635,34.38136],[125.96648,34.38132],[125.97049,34.37994],[125.97066,34.37987]]],[[[126.04051,34.38001],[126.04044,34.38],[126.04037,34.38002],[126.03926,34.38038],[126.03918,34.38041],[126.03912,34.38045],[126.03813,34.3812],[126.03809,34.38123],[126.03808,34.38127],[126.03754,34.38261],[126.03753,34.38266],[126.03756,34.38271],[126.03761,34.38275],[126.03785,34.38284],[126.0379,34.38286],[126.03796,34.38286],[126.04073,34.38293],[126.04078,34.38293],[126.04083,34.38293],[126.04106,34.38287],[126.04113,34.38284],[126.04119,34.3828],[126.04121,34.38276],[126.04123,34.38272],[126.04125,34.38263],[126.04126,34.38257],[126.04127,34.38247],[126.04126,34.3824],[126.04123,34.38212],[126.04098,34.38097],[126.04096,34.38091],[126.0407,34.38027],[126.04068,34.38022],[126.04063,34.38012],[126.0406,34.38007],[126.04056,34.38003],[126.04051,34.38001]]],[[[126.00384,34.37376],[126.00358,34.37373],[126.00327,34.37386],[126.00316,34.37393],[126.00298,34.37407],[126.00213,34.37605],[126.00207,34.37665],[126.00233,34.37768],[126.00434,34.38362],[126.00524,34.38395],[126.0055,34.38395],[126.00559,34.38395],[126.00564,34.38394],[126.00584,34.3839],[126.00591,34.38387],[126.00596,34.38384],[126.00599,34.38381],[126.00604,34.38374],[126.00607,34.38367],[126.00612,34.38307],[126.0061,34.38168],[126.00609,34.38128],[126.00605,34.38122],[126.00596,34.38109],[126.00593,34.38105],[126.00588,34.38102],[126.00585,34.38101],[126.00579,34.38097],[126.00557,34.38033],[126.00543,34.37859],[126.0058,34.37746],[126.006,34.377],[126.00624,34.37652],[126.00659,34.37613],[126.00688,34.37568],[126.00679,34.37531],[126.00434,34.37394],[126.00415,34.37386],[126.00384,34.37376]]],[[[126.01762,34.38304],[126.01731,34.38299],[126.01725,34.383],[126.01706,34.38302],[126.01701,34.38303],[126.01696,34.38304],[126.01545,34.38388],[126.01541,34.3839],[126.01537,34.38393],[126.01508,34.38421],[126.01465,34.38477],[126.0146,34.38483],[126.01443,34.38541],[126.01442,34.38548],[126.01443,34.38554],[126.01444,34.38556],[126.01464,34.38577],[126.01467,34.38579],[126.01518,34.38604],[126.01536,34.38605],[126.01544,34.38605],[126.01549,34.38604],[126.01611,34.38583],[126.01616,34.3858],[126.01623,34.38575],[126.01628,34.38572],[126.01631,34.38568],[126.01776,34.38361],[126.01779,34.38356],[126.01788,34.38317],[126.01788,34.38313],[126.01785,34.3831],[126.0178,34.38309],[126.01766,34.38305],[126.01762,34.38304]]],[[[126.04059,34.39305],[126.04028,34.39301],[126.04,34.39307],[126.03947,34.39319],[126.03925,34.39325],[126.03534,34.39448],[126.0343,34.3951],[126.03477,34.39604],[126.03494,34.39724],[126.03505,34.3981],[126.035,34.39825],[126.03479,34.39862],[126.03415,34.39923],[126.0335,34.39979],[126.03329,34.39991],[126.03311,34.40013],[126.03293,34.40044],[126.03299,34.40101],[126.03527,34.40147],[126.03549,34.40151],[126.0357,34.4015],[126.03592,34.40145],[126.03611,34.40134],[126.03642,34.40111],[126.03654,34.40095],[126.0366,34.40084],[126.03666,34.40069],[126.03877,34.39926],[126.03894,34.39911],[126.03918,34.39883],[126.03928,34.39869],[126.03937,34.39854],[126.03952,34.39825],[126.04093,34.39524],[126.04098,34.39512],[126.04104,34.39491],[126.04118,34.39425],[126.04122,34.39407],[126.04124,34.39384],[126.04123,34.39371],[126.04118,34.39358],[126.04113,34.39348],[126.04106,34.39338],[126.04099,34.3933],[126.04091,34.39323],[126.04079,34.39315],[126.04059,34.39305]]],[[[126.01166,34.39598],[126.01161,34.39597],[126.01151,34.39597],[126.01131,34.39599],[126.01124,34.39601],[126.01118,34.39602],[126.01113,34.39605],[126.01108,34.39608],[126.00807,34.39821],[126.00802,34.39825],[126.00737,34.39886],[126.00736,34.39892],[126.00737,34.39898],[126.00754,34.39964],[126.00869,34.40336],[126.00871,34.40341],[126.00932,34.40429],[126.00935,34.40434],[126.00939,34.40437],[126.00943,34.4044],[126.00947,34.40443],[126.00953,34.40445],[126.00959,34.40445],[126.00966,34.40444],[126.00972,34.40441],[126.0099,34.40426],[126.01052,34.40365],[126.01089,34.40365],[126.01095,34.40364],[126.01107,34.40362],[126.01113,34.40359],[126.01118,34.40357],[126.01122,34.40354],[126.01127,34.40349],[126.01439,34.39998],[126.01223,34.39635],[126.01211,34.39619],[126.01206,34.39614],[126.01201,34.39611],[126.01195,34.39607],[126.0119,34.39605],[126.01166,34.39598]]],[[[126.0545,34.39269],[126.05194,34.3924],[126.05071,34.39275],[126.04844,34.39402],[126.04332,34.39586],[126.04319,34.39591],[126.04312,34.39596],[126.04284,34.39617],[126.04253,34.39649],[126.04248,34.39654],[126.04147,34.39791],[126.04065,34.39909],[126.04056,34.39925],[126.03861,34.403],[126.03859,34.40306],[126.03886,34.40461],[126.03889,34.4047],[126.03962,34.40637],[126.03991,34.4069],[126.03996,34.40696],[126.04002,34.407],[126.0401,34.40702],[126.0402,34.407],[126.04027,34.40695],[126.04077,34.40663],[126.04124,34.40658],[126.04133,34.40656],[126.0414,34.40655],[126.04321,34.40594],[126.04654,34.40476],[126.05006,34.40215],[126.05015,34.40208],[126.05023,34.40201],[126.05034,34.4019],[126.05096,34.40124],[126.05101,34.40119],[126.05105,34.40111],[126.05107,34.40105],[126.05108,34.40098],[126.0511,34.4001],[126.05102,34.39946],[126.05092,34.39896],[126.05091,34.39883],[126.05092,34.39871],[126.05094,34.39762],[126.05117,34.39716],[126.05317,34.39453],[126.05327,34.39451],[126.05341,34.39446],[126.05362,34.39439],[126.05431,34.39406],[126.0544,34.39402],[126.05448,34.39394],[126.0545,34.39386],[126.05478,34.39308],[126.05479,34.39301],[126.05479,34.39295],[126.05477,34.39287],[126.05473,34.39279],[126.05462,34.39272],[126.0545,34.39269]]],[[[126.00552,34.4246],[126.00541,34.42458],[126.00535,34.42458],[126.00498,34.42464],[126.00467,34.4247],[126.00463,34.42471],[126.00458,34.42475],[126.00371,34.42555],[126.00371,34.42558],[126.00373,34.42561],[126.00376,34.42566],[126.00379,34.4257],[126.0046,34.42629],[126.00609,34.42717],[126.00757,34.42753],[126.00773,34.42755],[126.00782,34.42755],[126.0079,34.42754],[126.00795,34.42752],[126.00799,34.42751],[126.00804,34.42748],[126.00806,34.42746],[126.00809,34.42744],[126.00811,34.42741],[126.00813,34.42737],[126.00814,34.42733],[126.00815,34.42728],[126.00816,34.42722],[126.00815,34.42719],[126.00814,34.42715],[126.00813,34.42711],[126.00803,34.42689],[126.00701,34.42524],[126.00687,34.42516],[126.00589,34.42469],[126.00581,34.42466],[126.00552,34.4246]]],[[[126.00114,34.45323],[126.001,34.45305],[125.99999,34.45306],[125.99896,34.45309],[125.99849,34.45312],[125.99789,34.45368],[125.99781,34.45574],[125.99808,34.45595],[125.99817,34.45595],[125.99826,34.45594],[125.99836,34.45592],[125.99848,34.45587],[125.99858,34.45579],[125.99891,34.45541],[125.99942,34.45529],[125.99951,34.45526],[125.9996,34.45522],[125.9997,34.45515],[125.99977,34.45508],[126.00104,34.45349],[126.00111,34.45337],[126.00114,34.45323]]],[[[126.02673,34.45631],[126.02663,34.45628],[126.02656,34.45629],[126.02648,34.45633],[126.02642,34.45638],[126.02639,34.45641],[126.02636,34.45648],[126.02634,34.45654],[126.02629,34.45671],[126.02603,34.45768],[126.0259,34.45928],[126.02589,34.45955],[126.0259,34.45974],[126.02592,34.45984],[126.02595,34.45993],[126.02598,34.46],[126.02604,34.46006],[126.02611,34.46008],[126.02617,34.46007],[126.02622,34.46004],[126.02626,34.46001],[126.02778,34.45801],[126.02784,34.45791],[126.02786,34.45787],[126.02786,34.45783],[126.02787,34.45765],[126.02785,34.45759],[126.02751,34.45711],[126.02744,34.45703],[126.02688,34.45641],[126.02677,34.45634],[126.02673,34.45631]]],[[[126.08158,34.48434],[126.08143,34.48434],[126.08129,34.48435],[126.08114,34.48439],[126.08052,34.48461],[126.07973,34.48519],[126.07774,34.4872],[126.07761,34.48737],[126.07757,34.4875],[126.07758,34.48762],[126.07863,34.49193],[126.07877,34.49211],[126.07896,34.49219],[126.08082,34.49281],[126.08264,34.49337],[126.0836,34.49357],[126.08523,34.49384],[126.08548,34.49376],[126.08566,34.49367],[126.08576,34.49359],[126.0866,34.49275],[126.08697,34.49238],[126.08706,34.49226],[126.08713,34.49213],[126.08801,34.49037],[126.0881,34.49016],[126.08814,34.49003],[126.08814,34.48988],[126.08705,34.48709],[126.087,34.48699],[126.08693,34.48689],[126.08682,34.48675],[126.08623,34.48612],[126.08609,34.48603],[126.0855,34.48576],[126.08541,34.48572],[126.08491,34.4855],[126.08182,34.48439],[126.08172,34.48436],[126.08158,34.48434]]],[[[126.11078,34.49181],[126.11092,34.49059],[126.11089,34.49047],[126.11073,34.48997],[126.1107,34.48991],[126.11068,34.48987],[126.11048,34.48966],[126.11042,34.48961],[126.11035,34.48957],[126.11006,34.48944],[126.10998,34.48942],[126.10989,34.48939],[126.10974,34.48937],[126.10967,34.48936],[126.10961,34.48938],[126.10953,34.48941],[126.10899,34.48964],[126.10892,34.48968],[126.10781,34.49002],[126.1052,34.49075],[126.10492,34.4908],[126.10416,34.49093],[126.10349,34.49102],[126.1033,34.49095],[126.10301,34.49088],[126.10281,34.49083],[126.10272,34.49082],[126.10263,34.49083],[126.10245,34.49084],[126.10239,34.49085],[126.10233,34.49087],[126.10223,34.4909],[126.10217,34.49093],[126.10211,34.49097],[126.10206,34.49103],[126.10171,34.49152],[126.10165,34.49162],[126.10163,34.49168],[126.10104,34.49343],[126.10102,34.4935],[126.10101,34.49358],[126.101,34.49365],[126.10102,34.49384],[126.10102,34.49389],[126.10104,34.49394],[126.10107,34.49399],[126.1011,34.49404],[126.10116,34.49411],[126.10123,34.49418],[126.10128,34.49422],[126.10133,34.49426],[126.10138,34.49428],[126.10144,34.4943],[126.1015,34.49431],[126.10375,34.49463],[126.10526,34.49447],[126.10741,34.49388],[126.11005,34.49236],[126.11067,34.49198],[126.11074,34.49192],[126.11077,34.49187],[126.11078,34.49181]]],[[[126.05859,34.49672],[126.05944,34.49305],[126.06267,34.49357],[126.06469,34.49342],[126.06613,34.49193],[126.06595,34.48958],[126.06516,34.48807],[126.06374,34.48806],[126.0603,34.48854],[126.05969,34.48836],[126.05991,34.48686],[126.05993,34.48502],[126.05914,34.48334],[126.05834,34.483],[126.05692,34.48299],[126.05531,34.48281],[126.05532,34.48197],[126.05736,34.48015],[126.05978,34.48033],[126.06179,34.48152],[126.0634,34.4827],[126.06621,34.48457],[126.06986,34.48359],[126.0719,34.48143],[126.0709,34.48059],[126.06929,34.48007],[126.06648,34.47854],[126.06568,34.4777],[126.06731,34.47621],[126.06631,34.47503],[126.05926,34.47297],[126.05684,34.47245],[126.05462,34.47243],[126.05321,34.47192],[126.05282,34.47041],[126.05324,34.46907],[126.05406,34.46801],[126.05426,34.46774],[126.05387,34.4669],[126.05286,34.46639],[126.05085,34.46571],[126.04904,34.46486],[126.04424,34.46064],[126.04325,34.45879],[126.04367,34.45678],[126.04288,34.45527],[126.04126,34.45543],[126.04084,34.45676],[126.04122,34.45877],[126.04121,34.45961],[126.04039,34.46077],[126.03797,34.46092],[126.03716,34.46075],[126.03636,34.46007],[126.03492,34.46207],[126.0351,34.46374],[126.0361,34.46476],[126.03791,34.46544],[126.04051,34.46797],[126.0409,34.46914],[126.04009,34.46964],[126.03866,34.47097],[126.03905,34.47248],[126.03903,34.47348],[126.0378,34.47531],[126.03678,34.47614],[126.03433,34.47779],[126.03331,34.47862],[126.03188,34.48012],[126.03086,34.48128],[126.03183,34.48413],[126.03365,34.48415],[126.03468,34.48248],[126.03491,34.48081],[126.03612,34.48032],[126.03895,34.48084],[126.04055,34.48269],[126.04331,34.4884],[126.04409,34.49092],[126.04523,34.49177],[126.04701,34.4919],[126.04944,34.4921],[126.05015,34.49275],[126.04864,34.49328],[126.04713,34.49391],[126.04677,34.49474],[126.04683,34.49557],[126.04747,34.49617],[126.04847,34.49623],[126.05011,34.4966],[126.0515,34.49717],[126.05493,34.4987],[126.05859,34.49672]]],[[[126.08896,34.51552],[126.08851,34.51543],[126.08831,34.51543],[126.08728,34.51548],[126.08704,34.51555],[126.08678,34.51566],[126.08663,34.51573],[126.08643,34.51582],[126.0863,34.51616],[126.08635,34.51633],[126.08651,34.51658],[126.08692,34.51693],[126.0871,34.51701],[126.08869,34.51703],[126.08911,34.51686],[126.08934,34.51644],[126.08931,34.51614],[126.0891,34.51568],[126.08896,34.51552]]],[[[126.09666,34.5187],[126.09641,34.51868],[126.09417,34.51984],[126.09402,34.52004],[126.09391,34.52019],[126.09387,34.5204],[126.09392,34.52057],[126.09411,34.52068],[126.0944,34.52075],[126.09572,34.52086],[126.09595,34.52083],[126.09653,34.52084],[126.09667,34.52074],[126.09683,34.5206],[126.09706,34.5195],[126.09706,34.51934],[126.09703,34.51911],[126.09699,34.51895],[126.09685,34.51874],[126.09666,34.5187]]],[[[126.10646,34.52809],[126.10611,34.52799],[126.10582,34.52799],[126.10504,34.52803],[126.10473,34.52806],[126.10452,34.52809],[126.10427,34.52815],[126.1041,34.52849],[126.10377,34.5306],[126.10379,34.53081],[126.10388,34.53093],[126.10405,34.53107],[126.10426,34.5311],[126.10455,34.5311],[126.10486,34.5309],[126.10527,34.5309],[126.10548,34.53089],[126.10676,34.53053],[126.10701,34.5304],[126.10712,34.53017],[126.1072,34.52969],[126.1072,34.5295],[126.10681,34.52821],[126.10646,34.52809]]]]}}]}