{"type":"FeatureCollection","features":[{"type":"Feature","properties":{"code":"51230250","name":"도계읍","parent":"51230"},"geometry":{"type":"MultiPolygon","coordinates":[[[[129.10286,37.29503],[129.10279,37.29482],[129.10268,37.29444],[129.10266,37.29435],[129.10266,37.29429],[129.10269,37.29416],[129.10312,37.29321],[129.10351,37.29277],[129.10363,37.29265],[129.10382,37.29247],[129.10404,37.29225],[129.10417,37.29209],[129.10422,37.29199],[129.10425,37.29188],[129.10428,37.29172],[129.1048,37.28869],[129.10504,37.28682],[129.108,37.28346],[129.10833,37.28092],[129.10817,37.28006],[129.1083,37.27785],[129.10833,37.27778],[129.10891,37.27726],[129.10904,37.27718],[129.10932,37.27708],[129.10956,37.27698],[129.10968,37.27692],[129.11011,37.27656],[129.11014,37.27652],[129.11133,37.27474],[129.11142,37.27456],[129.11147,37.27441],[129.11147,37.27421],[129.11146,37.27396],[129.11137,37.27361],[129.1113,37.27329],[129.11128,37.27294],[129.11128,37.27269],[129.11131,37.27243],[129.11139,37.27184],[129.11156,37.27088],[129.11163,37.27072],[129.11185,37.27027],[129.11197,37.27006],[129.11212,37.26985],[129.11217,37.2698],[129.11224,37.26973],[129.1124,37.26961],[129.11253,37.26955],[129.11263,37.26952],[129.11275,37.26954],[129.11286,37.26959],[129.11314,37.26957],[129.1138,37.26947],[129.11388,37.26941],[129.11399,37.26927],[129.11512,37.26765],[129.11576,37.26596],[129.11582,37.26577],[129.116,37.26541],[129.11606,37.26532],[129.11691,37.26417],[129.11701,37.26407],[129.11848,37.26256],[129.12127,37.2605],[129.1214,37.26043],[129.12241,37.26021],[129.12259,37.2602],[129.12277,37.26024],[129.12284,37.26028],[129.1229,37.26031],[129.12322,37.26051],[129.12341,37.2606],[129.12348,37.26064],[129.12356,37.26068],[129.12367,37.26072],[129.12385,37.26078],[129.12392,37.2608],[129.12403,37.26082],[129.12412,37.26083],[129.12606,37.26083],[129.12616,37.26081],[129.12628,37.26077],[129.1267,37.26065],[129.12697,37.26055],[129.12708,37.2605],[129.12954,37.25871],[129.12963,37.25861],[129.12972,37.25846],[129.12978,37.25825],[129.13033,37.25645],[129.13034,37.25639],[129.12973,37.25293],[129.12972,37.25285],[129.12943,37.25157],[129.12936,37.25129],[129.12909,37.25042],[129.12905,37.2503],[129.12899,37.25019],[129.12799,37.24831],[129.12794,37.24824],[129.1279,37.24818],[129.1278,37.24804],[129.12773,37.24797],[129.12769,37.24794],[129.12764,37.24789],[129.12035,37.24263],[129.12023,37.24261],[129.12013,37.24258],[129.12008,37.24254],[129.12004,37.24247],[129.11889,37.23972],[129.11902,37.23734],[129.11923,37.23624],[129.11926,37.23619],[129.11929,37.23613],[129.12117,37.23318],[129.12315,37.22886],[129.12319,37.22878],[129.12322,37.22872],[129.12326,37.22869],[129.1233,37.22867],[129.12336,37.22866],[129.12342,37.22865],[129.12349,37.22864],[129.12361,37.22865],[129.12402,37.22871],[129.12439,37.22877],[129.12481,37.22882],[129.1249,37.22883],[129.12496,37.22883],[129.12647,37.22875],[129.12652,37.22874],[129.12657,37.22873],[129.12664,37.22871],[129.1287,37.22772],[129.12963,37.22722],[129.12989,37.22704],[129.13012,37.22689],[129.13028,37.22675],[129.13036,37.22667],[129.13219,37.22685],[129.13532,37.22867],[129.13549,37.22884],[129.13562,37.22894],[129.13576,37.22902],[129.13587,37.22907],[129.13616,37.22919],[129.13625,37.22921],[129.13634,37.22924],[129.13642,37.22926],[129.13647,37.22927],[129.13654,37.22929],[129.13841,37.2297],[129.13846,37.2297],[129.13851,37.22971],[129.13855,37.2297],[129.13859,37.22969],[129.14283,37.22885],[129.14287,37.22884],[129.1429,37.22882],[129.14301,37.22877],[129.14305,37.22873],[129.14417,37.2263],[129.14505,37.22386],[129.14652,37.22252],[129.14759,37.22162],[129.14765,37.2216],[129.14771,37.22158],[129.1478,37.22153],[129.14785,37.2215],[129.1479,37.22145],[129.14876,37.22054],[129.1488,37.22049],[129.14886,37.22036],[129.15024,37.21714],[129.15055,37.21627],[129.15063,37.21519],[129.15207,37.21176],[129.15212,37.21167],[129.15216,37.21161],[129.15219,37.21158],[129.15238,37.21141],[129.15387,37.21028],[129.15395,37.21023],[129.15408,37.21019],[129.15715,37.20927],[129.15725,37.20924],[129.15845,37.2089],[129.15858,37.20887],[129.16107,37.20836],[129.16116,37.20835],[129.16128,37.20835],[129.16136,37.20834],[129.16145,37.20834],[129.16155,37.20835],[129.16171,37.20837],[129.16178,37.20839],[129.1619,37.20841],[129.16198,37.20842],[129.16205,37.20844],[129.16275,37.20855],[129.16378,37.20864],[129.1639,37.20865],[129.16404,37.20865],[129.16415,37.20865],[129.16427,37.20865],[129.16444,37.20864],[129.16451,37.20863],[129.16479,37.2086],[129.16507,37.20856],[129.16535,37.2085],[129.16545,37.20847],[129.16564,37.20841],[129.16592,37.20832],[129.16604,37.20828],[129.16612,37.20825],[129.1662,37.2082],[129.16626,37.20813],[129.16631,37.20804],[129.16634,37.20792],[129.1664,37.20767],[129.16644,37.2074],[129.16645,37.20708],[129.16644,37.20699],[129.16642,37.20691],[129.1664,37.20686],[129.16638,37.20683],[129.16628,37.20678],[129.16543,37.20605],[129.16516,37.20464],[129.16516,37.20457],[129.16519,37.20451],[129.16523,37.20446],[129.16534,37.20438],[129.16541,37.20433],[129.16638,37.20382],[129.16709,37.20363],[129.1679,37.20345],[129.16797,37.20345],[129.16838,37.20344],[129.16862,37.20347],[129.16896,37.20351],[129.16901,37.20352],[129.16909,37.20353],[129.16871,37.2017],[129.16823,37.20071],[129.16746,37.19892],[129.16739,37.19875],[129.16734,37.1986],[129.16732,37.19847],[129.1672,37.19778],[129.16717,37.19755],[129.16718,37.19743],[129.16752,37.19356],[129.16825,37.19187],[129.16834,37.1918],[129.16843,37.19169],[129.16852,37.19152],[129.16863,37.19127],[129.16869,37.19111],[129.1687,37.19099],[129.16868,37.19084],[129.16865,37.19075],[129.16776,37.18855],[129.16766,37.18835],[129.16719,37.18762],[129.16511,37.18484],[129.16496,37.18471],[129.16219,37.18401],[129.15985,37.18302],[129.15611,37.18032],[129.15562,37.17966],[129.15452,37.17801],[129.15379,37.1768],[129.15374,37.17669],[129.15328,37.17573],[129.15294,37.17515],[129.1521,37.17411],[129.15186,37.17399],[129.1515,37.17401],[129.15089,37.17416],[129.15022,37.17442],[129.14964,37.17514],[129.14937,37.17563],[129.14902,37.17606],[129.14835,37.17641],[129.14772,37.17672],[129.14707,37.17685],[129.14627,37.17687],[129.14454,37.17641],[129.14385,37.17613],[129.14336,37.17581],[129.14295,37.17549],[129.14239,37.17534],[129.14185,37.17525],[129.14,37.17518],[129.13963,37.17518],[129.13951,37.17521],[129.13801,37.17537],[129.1356,37.17545],[129.13416,37.17537],[129.13284,37.17524],[129.13263,37.17521],[129.13255,37.17518],[129.13248,37.17508],[129.13239,37.17484],[129.13233,37.17471],[129.13221,37.17444],[129.13218,37.17438],[129.1321,37.17433],[129.13096,37.17381],[129.13046,37.17364],[129.12914,37.17332],[129.12894,37.1733],[129.12873,37.17329],[129.12853,37.17333],[129.12833,37.17338],[129.1281,37.17347],[129.12771,37.17362],[129.12763,37.17367],[129.12754,37.17376],[129.12744,37.17395],[129.12738,37.17413],[129.12734,37.1742],[129.12726,37.17423],[129.12522,37.17464],[129.12514,37.17465],[129.12509,37.17463],[129.12321,37.17381],[129.12036,37.17264],[129.11811,37.17193],[129.11717,37.17168],[129.11184,37.17043],[129.1092,37.17004],[129.10862,37.16999],[129.10842,37.17],[129.10825,37.17002],[129.1057,37.17065],[129.10563,37.17067],[129.10547,37.17075],[129.1052,37.17089],[129.10508,37.17097],[129.10497,37.17105],[129.10489,37.17112],[129.10484,37.17119],[129.10481,37.17126],[129.10479,37.17134],[129.10345,37.17196],[129.10087,37.17196],[129.10078,37.17196],[129.10069,37.17196],[129.10056,37.17192],[129.09984,37.17175],[129.09965,37.17169],[129.09952,37.17163],[129.09941,37.17153],[129.09908,37.17123],[129.09906,37.17119],[129.09528,37.16644],[129.09524,37.16641],[129.0952,37.16639],[129.09515,37.16638],[129.09508,37.16638],[129.09428,37.16651],[129.09326,37.16667],[129.0932,37.16667],[129.09314,37.16666],[129.09309,37.16665],[129.09297,37.1666],[129.09017,37.16513],[129.08946,37.16472],[129.08939,37.16468],[129.08931,37.1646],[129.08924,37.1645],[129.08919,37.1644],[129.08917,37.16433],[129.08913,37.16418],[129.0891,37.16405],[129.08892,37.16289],[129.0889,37.16277],[129.08891,37.16264],[129.08894,37.16245],[129.08898,37.16228],[129.08904,37.16208],[129.08906,37.16201],[129.08907,37.16192],[129.08905,37.16184],[129.08899,37.16172],[129.08894,37.16164],[129.08807,37.16077],[129.08665,37.15934],[129.08496,37.16004],[129.08486,37.16005],[129.08283,37.16007],[129.0767,37.16003],[129.07408,37.1617],[129.07412,37.1618],[129.07415,37.1619],[129.07418,37.16211],[129.07443,37.16562],[129.07443,37.16597],[129.0744,37.16622],[129.07435,37.16647],[129.0743,37.1666],[129.07384,37.1677],[129.07379,37.16781],[129.07272,37.16946],[129.07259,37.16959],[129.07242,37.16972],[129.07232,37.16977],[129.07214,37.16984],[129.07196,37.16989],[129.07176,37.16994],[129.07157,37.16996],[129.06395,37.17077],[129.06222,37.17092],[129.05854,37.17115],[129.05774,37.17113],[129.05653,37.17107],[129.05453,37.17087],[129.0531,37.17049],[129.05165,37.17018],[129.05157,37.17017],[129.05104,37.17018],[129.05093,37.17021],[129.05083,37.17026],[129.05075,37.17031],[129.05067,37.17037],[129.05001,37.171],[129.04945,37.17162],[129.04901,37.17215],[129.04874,37.17252],[129.04861,37.17279],[129.04855,37.17285],[129.04712,37.17378],[129.04692,37.17391],[129.04684,37.17395],[129.04678,37.17396],[129.04372,37.17443],[129.04054,37.1748],[129.032,37.17522],[129.03054,37.1747],[129.03005,37.17456],[129.02984,37.17452],[129.02971,37.17451],[129.02958,37.17451],[129.02945,37.17452],[129.02929,37.17455],[129.02736,37.175],[129.02727,37.17502],[129.02724,37.17504],[129.02667,37.1761],[129.02556,37.17759],[129.02553,37.17762],[129.02544,37.17768],[129.02531,37.17774],[129.02266,37.17887],[129.0226,37.17889],[129.02234,37.17893],[129.02191,37.17897],[129.02173,37.17898],[129.02153,37.17903],[129.02128,37.17911],[129.02102,37.17922],[129.02085,37.1793],[129.01697,37.18129],[129.01683,37.18139],[129.01224,37.18532],[129.01153,37.1862],[129.01139,37.18641],[129.0113,37.18658],[129.00941,37.19072],[129.00907,37.19154],[129.00857,37.19305],[129.00795,37.19539],[129.00842,37.19803],[129.00839,37.19836],[129.00836,37.1985],[129.00724,37.19996],[129.00715,37.20006],[129.00706,37.20012],[129.00571,37.20078],[129.00252,37.20195],[129.00227,37.20201],[129.002,37.20205],[129.00174,37.20208],[129.00158,37.20209],[129.00138,37.20209],[129.00125,37.20208],[129.00111,37.20206],[129.00093,37.202],[128.99974,37.20152],[128.99963,37.20147],[128.99811,37.2047],[128.99584,37.20825],[128.99569,37.20934],[128.99608,37.2106],[128.99762,37.21297],[128.99787,37.21346],[128.99805,37.21421],[128.99799,37.21506],[128.99772,37.21574],[128.99772,37.2164],[128.99776,37.21647],[128.99826,37.21735],[128.99829,37.21741],[128.99837,37.21745],[129.00217,37.21892],[129.0047,37.21976],[129.00486,37.21976],[129.00503,37.21978],[129.00551,37.21984],[129.0057,37.21987],[129.00842,37.22041],[129.01067,37.22096],[129.0107,37.22099],[129.01072,37.22106],[129.0108,37.22139],[129.0108,37.22161],[129.01076,37.22167],[129.01049,37.22201],[129.01041,37.22211],[129.00897,37.22319],[129.00661,37.22522],[129.00627,37.22581],[129.0066,37.22761],[129.00662,37.22768],[129.00721,37.22832],[129.0073,37.22841],[129.00763,37.22861],[129.00776,37.22871],[129.00785,37.2288],[129.00806,37.22903],[129.00828,37.22938],[129.00827,37.22941],[129.00824,37.2295],[129.0077,37.23041],[129.00766,37.23045],[129.0076,37.2305],[129.0068,37.2309],[129.00156,37.23164],[129.00075,37.23168],[128.9994,37.23136],[128.99547,37.23313],[128.99138,37.23806],[128.98943,37.24183],[128.98954,37.2423],[128.99015,37.24333],[128.99146,37.24429],[128.9923,37.24469],[128.99378,37.24507],[128.99443,37.24506],[128.99518,37.2449],[128.99604,37.24401],[128.99696,37.24341],[128.99821,37.24306],[128.99888,37.24298],[128.99966,37.24299],[129.00019,37.2432],[129.00052,37.24346],[129.00211,37.24477],[129.00215,37.24496],[129.00198,37.24514],[129.00103,37.24601],[129.00098,37.24783],[129.00098,37.24957],[129.00102,37.25011],[129.00115,37.25128],[129.00129,37.25187],[129.00141,37.25207],[129.00157,37.25205],[129.00176,37.25189],[129.00204,37.25173],[129.00238,37.25158],[129.0028,37.25142],[129.00397,37.25129],[129.00481,37.25137],[129.00549,37.25146],[129.00594,37.25174],[129.00622,37.25209],[129.00631,37.25265],[129.00637,37.25315],[129.00651,37.25366],[129.00693,37.25409],[129.0074,37.25434],[129.00815,37.25439],[129.00852,37.25426],[129.00912,37.25389],[129.00936,37.25371],[129.00953,37.25355],[129.00963,37.25356],[129.0098,37.25361],[129.0099,37.25368],[129.01,37.25381],[129.01011,37.25406],[129.01015,37.25424],[129.01014,37.25436],[129.01008,37.25454],[129.00941,37.25585],[129.00932,37.25603],[129.00907,37.2564],[129.0068,37.25911],[129.00675,37.25916],[129.00654,37.25923],[129.00639,37.25927],[129.00615,37.2594],[129.00596,37.25953],[129.00588,37.25962],[129.00485,37.26104],[129.00473,37.2613],[129.00462,37.26183],[129.00448,37.26272],[129.00451,37.26297],[129.00519,37.26499],[129.00538,37.26551],[129.00637,37.2678],[129.00772,37.27041],[129.01132,37.27168],[129.01392,37.27362],[129.01398,37.27516],[129.01321,37.27784],[129.01245,37.27946],[129.0095,37.28199],[129.00856,37.28277],[129.00844,37.28286],[129.00812,37.28306],[129.00795,37.28314],[129.00783,37.28315],[129.00724,37.28316],[129.00686,37.28317],[129.00663,37.28321],[129.0066,37.28323],[129.00379,37.28828],[129.00377,37.28838],[129.00379,37.28847],[129.0054,37.29225],[129.00544,37.29231],[129.00918,37.29526],[129.00998,37.29565],[129.01009,37.29571],[129.01024,37.2958],[129.01097,37.29639],[129.01108,37.2965],[129.01119,37.29662],[129.01168,37.29725],[129.01187,37.29777],[129.01189,37.29783],[129.01192,37.2979],[129.01224,37.29831],[129.01237,37.29847],[129.01256,37.29869],[129.01276,37.29886],[129.01305,37.2991],[129.0133,37.29928],[129.01352,37.29942],[129.01371,37.29952],[129.01694,37.30174],[129.01845,37.30329],[129.01941,37.30316],[129.01952,37.30314],[129.02463,37.30122],[129.02984,37.30018],[129.03368,37.29996],[129.04094,37.30477],[129.0451,37.30682],[129.04477,37.30854],[129.04489,37.30883],[129.04628,37.3111],[129.04658,37.31147],[129.04736,37.31206],[129.04976,37.3136],[129.05473,37.31522],[129.06037,37.31613],[129.0641,37.31612],[129.06898,37.31467],[129.07124,37.31186],[129.06929,37.30993],[129.06878,37.30975],[129.06747,37.30947],[129.06643,37.30924],[129.06406,37.30615],[129.06263,37.30396],[129.0627,37.30276],[129.06286,37.30221],[129.06446,37.30039],[129.06891,37.29862],[129.06909,37.29535],[129.06869,37.29519],[129.06826,37.29502],[129.06791,37.29477],[129.0676,37.29425],[129.06746,37.29375],[129.06895,37.29315],[129.06985,37.29305],[129.07075,37.29294],[129.07309,37.293],[129.0762,37.29327],[129.085,37.29425],[129.08607,37.29444],[129.08714,37.29464],[129.08769,37.2951],[129.09246,37.29456],[129.10012,37.29386],[129.10038,37.29389],[129.1007,37.29392],[129.10106,37.29408],[129.10141,37.29423],[129.10286,37.29503]]]]}},{"type":"Feature","properties":{"code":"51230253","name":"원덕읍","parent":"51230"},"geometry":{"type":"MultiPolygon","coordinates":[[[[129.3641,37.14636],[129.36199,37.14494],[129.36152,37.14484],[129.35664,37.1448],[129.35653,37.1448],[129.35646,37.14481],[129.35638,37.14484],[129.3563,37.14487],[129.35598,37.14508],[129.35575,37.14524],[129.35562,37.14531],[129.35543,37.14541],[129.35492,37.14563],[129.35485,37.14566],[129.35474,37.14569],[129.35346,37.14593],[129.35135,37.14627],[129.34801,37.14655],[129.34776,37.14654],[129.34769,37.14653],[129.34761,37.14649],[129.34733,37.14637],[129.34556,37.14588],[129.34326,37.14527],[129.34305,37.14522],[129.34168,37.14498],[129.34057,37.14501],[129.33901,37.14482],[129.33692,37.14408],[129.33665,37.14396],[129.33649,37.14386],[129.33634,37.14369],[129.33619,37.14343],[129.33603,37.14317],[129.33596,37.14308],[129.33587,37.143],[129.33581,37.14293],[129.33555,37.14278],[129.33359,37.14176],[129.33352,37.14174],[129.33324,37.14172],[129.33306,37.14174],[129.33274,37.1418],[129.33229,37.14193],[129.332,37.14201],[129.32958,37.14228],[129.32473,37.14171],[129.32458,37.14167],[129.32454,37.14165],[129.32431,37.14154],[129.32392,37.14132],[129.32378,37.14121],[129.32368,37.14108],[129.32314,37.14007],[129.32308,37.13991],[129.32303,37.13971],[129.32298,37.13939],[129.32296,37.13923],[129.32294,37.13903],[129.32293,37.13888],[129.32289,37.13841],[129.32287,37.13831],[129.32281,37.13817],[129.32273,37.13805],[129.32076,37.13585],[129.32072,37.13582],[129.31903,37.13543],[129.31895,37.13542],[129.31694,37.13496],[129.312,37.13191],[129.31123,37.13023],[129.31104,37.12986],[129.31081,37.12949],[129.31056,37.12918],[129.3103,37.12893],[129.31007,37.12874],[129.30983,37.12858],[129.30941,37.12835],[129.30917,37.12827],[129.30906,37.12823],[129.30759,37.12798],[129.30659,37.12783],[129.30646,37.12782],[129.30628,37.12783],[129.30545,37.12794],[129.30508,37.128],[129.30475,37.12809],[129.29819,37.12454],[129.29518,37.12034],[129.29515,37.12029],[129.29475,37.11759],[129.29474,37.11752],[129.29475,37.11746],[129.29479,37.11739],[129.29482,37.11735],[129.29486,37.11728],[129.29494,37.11718],[129.29498,37.11708],[129.295,37.11702],[129.295,37.11695],[129.29463,37.11504],[129.29457,37.11474],[129.2945,37.11443],[129.29446,37.11441],[129.29439,37.1144],[129.29228,37.11422],[129.28846,37.115],[129.2883,37.11504],[129.28809,37.11513],[129.28791,37.11524],[129.2877,37.11538],[129.28744,37.11558],[129.28449,37.1168],[129.28083,37.1169],[129.27983,37.11741],[129.27685,37.11867],[129.27679,37.11869],[129.27674,37.1187],[129.272,37.11702],[129.27196,37.11699],[129.27161,37.11665],[129.27157,37.11659],[129.27152,37.11651],[129.27143,37.11632],[129.27087,37.11507],[129.2695,37.11042],[129.26971,37.10746],[129.267,37.10324],[129.26697,37.1032],[129.2661,37.10235],[129.26605,37.10231],[129.26187,37.10104],[129.25977,37.10073],[129.25968,37.1007],[129.25703,37.09935],[129.25587,37.0979],[129.25269,37.0968],[129.25204,37.09673],[129.25103,37.09642],[129.25051,37.09623],[129.24999,37.09604],[129.24974,37.09594],[129.24963,37.09588],[129.24792,37.09446],[129.24719,37.09361],[129.24694,37.0933],[129.24686,37.09318],[129.24673,37.09298],[129.24667,37.09289],[129.24651,37.09264],[129.24633,37.09231],[129.24629,37.09224],[129.246,37.09173],[129.24574,37.09134],[129.24537,37.09079],[129.24531,37.09071],[129.24126,37.08573],[129.23612,37.08172],[129.23465,37.08068],[129.23443,37.08058],[129.2334,37.08013],[129.23333,37.08009],[129.23329,37.08007],[129.23323,37.08002],[129.23282,37.07949],[129.23271,37.07932],[129.2327,37.07929],[129.2326,37.07906],[129.23254,37.07892],[129.23218,37.07803],[129.23163,37.07714],[129.23136,37.07694],[129.23113,37.07688],[129.23005,37.07843],[129.22991,37.07858],[129.22982,37.07864],[129.22893,37.07916],[129.22737,37.08145],[129.22625,37.08365],[129.2239,37.08607],[129.22374,37.08614],[129.22348,37.08621],[129.22318,37.08628],[129.2228,37.08634],[129.2227,37.08639],[129.22266,37.08641],[129.22041,37.08913],[129.22036,37.08923],[129.21837,37.09412],[129.21837,37.09418],[129.21863,37.0994],[129.21864,37.09958],[129.21884,37.10067],[129.21892,37.10091],[129.21902,37.10115],[129.21908,37.10123],[129.21942,37.10153],[129.21954,37.10163],[129.21964,37.10171],[129.21971,37.1018],[129.21976,37.1019],[129.21977,37.10204],[129.21919,37.1033],[129.21839,37.10492],[129.21823,37.10515],[129.21719,37.1062],[129.21657,37.10653],[129.21642,37.10658],[129.21591,37.10684],[129.21588,37.10687],[129.21585,37.10689],[129.21517,37.1076],[129.21442,37.10924],[129.21436,37.1094],[129.21425,37.10979],[129.21422,37.11318],[129.21544,37.11635],[129.21593,37.11679],[129.21641,37.11724],[129.21646,37.11731],[129.21719,37.11866],[129.2172,37.11874],[129.21724,37.11942],[129.21721,37.11949],[129.21641,37.12104],[129.21565,37.12222],[129.21519,37.12401],[129.21519,37.12424],[129.21521,37.12444],[129.21527,37.12458],[129.2158,37.12572],[129.21584,37.1258],[129.21631,37.12653],[129.21635,37.12657],[129.217,37.12645],[129.21707,37.12643],[129.21853,37.12639],[129.22053,37.12686],[129.22072,37.12693],[129.22102,37.12705],[129.22151,37.1273],[129.22154,37.12732],[129.22158,37.12734],[129.22169,37.12743],[129.22185,37.12757],[129.22215,37.12786],[129.22221,37.12796],[129.22224,37.12804],[129.22225,37.12814],[129.22225,37.1282],[129.22222,37.12828],[129.22282,37.13048],[129.22432,37.13265],[129.22707,37.13524],[129.22883,37.13637],[129.22935,37.13669],[129.22942,37.13672],[129.22966,37.13676],[129.22995,37.13681],[129.23014,37.13685],[129.23028,37.13688],[129.23037,37.13691],[129.23043,37.13694],[129.23057,37.13703],[129.23178,37.1382],[129.23183,37.13826],[129.23404,37.14113],[129.23418,37.14132],[129.23424,37.14144],[129.23546,37.14404],[129.2357,37.14529],[129.23712,37.14713],[129.23737,37.1473],[129.23745,37.14736],[129.23873,37.14864],[129.23917,37.14919],[129.23922,37.14929],[129.23927,37.14937],[129.23968,37.15042],[129.23972,37.15052],[129.23974,37.1506],[129.23974,37.15064],[129.23921,37.15385],[129.23885,37.15483],[129.23812,37.15661],[129.23793,37.15685],[129.23531,37.15947],[129.23392,37.15926],[129.23271,37.15908],[129.23247,37.15905],[129.22965,37.1587],[129.2286,37.15857],[129.22848,37.15857],[129.22774,37.15861],[129.22697,37.15867],[129.22688,37.1587],[129.22514,37.15941],[129.22503,37.15949],[129.22476,37.15972],[129.2246,37.15987],[129.22454,37.15996],[129.22442,37.16017],[129.22352,37.1623],[129.2235,37.16235],[129.22334,37.16294],[129.22336,37.16311],[129.22467,37.16787],[129.22705,37.17083],[129.2273,37.17091],[129.2274,37.17096],[129.22758,37.17109],[129.22766,37.17127],[129.22817,37.17287],[129.22818,37.17292],[129.22816,37.17314],[129.22811,37.17335],[129.22666,37.17725],[129.22458,37.17946],[129.22451,37.17955],[129.2234,37.18233],[129.22337,37.18242],[129.22342,37.18262],[129.22356,37.18308],[129.22369,37.18344],[129.22371,37.18357],[129.2237,37.1837],[129.22248,37.18657],[129.22246,37.1866],[129.22136,37.1871],[129.2212,37.18717],[129.22093,37.18725],[129.22078,37.18727],[129.22047,37.18729],[129.21913,37.18734],[129.21898,37.18734],[129.21887,37.18733],[129.21872,37.18728],[129.21591,37.18621],[129.21517,37.18576],[129.21509,37.18575],[129.21352,37.18568],[129.21346,37.18568],[129.21326,37.18574],[129.2132,37.18576],[129.21269,37.18604],[129.21214,37.18638],[129.21125,37.18695],[129.20909,37.18723],[129.20428,37.18718],[129.20049,37.18646],[129.20037,37.18645],[129.20019,37.18646],[129.19854,37.18673],[129.19848,37.18674],[129.19609,37.18829],[129.196,37.18836],[129.19593,37.18842],[129.19578,37.18857],[129.19365,37.19136],[129.1926,37.19356],[129.19041,37.1973],[129.18976,37.1983],[129.1885,37.19972],[129.1883,37.19991],[129.18815,37.20003],[129.188,37.20012],[129.18513,37.20171],[129.18499,37.20177],[129.18403,37.2022],[129.18393,37.20224],[129.18178,37.20259],[129.18172,37.20258],[129.18167,37.20258],[129.18054,37.20235],[129.18035,37.20231],[129.18026,37.20227],[129.18017,37.20223],[129.18003,37.20215],[129.17992,37.20206],[129.17987,37.202],[129.17981,37.20195],[129.17975,37.2019],[129.17912,37.20162],[129.17896,37.20155],[129.17729,37.2011],[129.17712,37.20108],[129.17601,37.20096],[129.17588,37.20096],[129.17574,37.20097],[129.17567,37.20098],[129.17561,37.201],[129.17553,37.20101],[129.17547,37.20103],[129.17541,37.20106],[129.17438,37.2016],[129.17362,37.202],[129.17206,37.20251],[129.17152,37.20255],[129.16909,37.20353],[129.17319,37.20423],[129.17578,37.20482],[129.17913,37.20577],[129.18145,37.20665],[129.1839,37.21075],[129.18393,37.21082],[129.18397,37.21092],[129.18399,37.21102],[129.18403,37.21138],[129.18416,37.21505],[129.18415,37.21512],[129.18411,37.21525],[129.18376,37.21648],[129.18326,37.21699],[129.18297,37.21709],[129.18288,37.21714],[129.18276,37.21723],[129.18267,37.21734],[129.18243,37.21765],[129.18222,37.21795],[129.1821,37.21821],[129.18205,37.21832],[129.18199,37.21851],[129.18181,37.21969],[129.18181,37.21973],[129.18182,37.21979],[129.18382,37.22412],[129.18388,37.22421],[129.18391,37.22425],[129.18396,37.22427],[129.18402,37.22428],[129.1867,37.22422],[129.18674,37.22422],[129.18677,37.22421],[129.18681,37.22418],[129.18684,37.22414],[129.19097,37.22356],[129.19714,37.22287],[129.1977,37.22299],[129.19776,37.22299],[129.19785,37.22299],[129.19906,37.22291],[129.19911,37.22291],[129.19916,37.2229],[129.20367,37.22079],[129.20373,37.22076],[129.20377,37.22073],[129.20437,37.21989],[129.20459,37.21955],[129.20467,37.21939],[129.20496,37.21891],[129.20499,37.21886],[129.20504,37.21879],[129.20513,37.21876],[129.2083,37.21837],[129.20988,37.21849],[129.2136,37.21962],[129.21372,37.21966],[129.21378,37.21969],[129.21381,37.21972],[129.21435,37.22022],[129.21437,37.22025],[129.21438,37.22031],[129.21458,37.22204],[129.21459,37.22226],[129.21458,37.2223],[129.21456,37.22234],[129.21446,37.2224],[129.21396,37.223],[129.21358,37.2236],[129.21354,37.22366],[129.2135,37.22375],[129.2135,37.22382],[129.21351,37.22386],[129.21396,37.22479],[129.21443,37.22553],[129.21494,37.22623],[129.21583,37.22675],[129.2173,37.22763],[129.21762,37.23149],[129.21977,37.23551],[129.21963,37.23737],[129.22,37.23805],[129.22297,37.23845],[129.22319,37.23798],[129.22326,37.23783],[129.22335,37.23769],[129.22346,37.23757],[129.22358,37.23745],[129.22578,37.23542],[129.22966,37.23095],[129.23088,37.22912],[129.23092,37.22897],[129.23096,37.22882],[129.23102,37.22868],[129.23112,37.22855],[129.23123,37.22843],[129.23135,37.22832],[129.23149,37.22823],[129.23201,37.22789],[129.23209,37.22785],[129.23214,37.22782],[129.23226,37.22777],[129.23432,37.2269],[129.23445,37.22685],[129.23494,37.22672],[129.23506,37.22671],[129.23533,37.22672],[129.23554,37.22676],[129.2357,37.22681],[129.2376,37.22742],[129.23788,37.22751],[129.23806,37.22758],[129.23817,37.22766],[129.23828,37.22775],[129.23839,37.22783],[129.2386,37.22799],[129.23871,37.22808],[129.23936,37.22851],[129.24138,37.22948],[129.24144,37.22948],[129.24487,37.22962],[129.24693,37.23067],[129.24896,37.23184],[129.24901,37.23189],[129.25021,37.23304],[129.25191,37.23466],[129.25194,37.23467],[129.25282,37.23494],[129.25288,37.23496],[129.25291,37.23496],[129.25308,37.23497],[129.25319,37.23497],[129.25328,37.23496],[129.25334,37.23496],[129.25342,37.23494],[129.25357,37.23492],[129.25388,37.23487],[129.25399,37.23486],[129.25405,37.23486],[129.2542,37.23486],[129.25426,37.23487],[129.25435,37.2349],[129.25442,37.23493],[129.25447,37.23496],[129.25455,37.235],[129.25829,37.23738],[129.25835,37.23742],[129.25866,37.23768],[129.2587,37.23771],[129.25872,37.23774],[129.25875,37.23779],[129.25877,37.23785],[129.25879,37.23793],[129.25884,37.23849],[129.25884,37.23864],[129.25885,37.2388],[129.25887,37.23893],[129.25889,37.23902],[129.25892,37.2391],[129.25895,37.23916],[129.25899,37.23922],[129.25904,37.23929],[129.26038,37.24066],[129.26042,37.24068],[129.26046,37.24069],[129.26051,37.24068],[129.26177,37.24023],[129.26189,37.24019],[129.26197,37.24014],[129.26204,37.24009],[129.26215,37.24001],[129.26225,37.23993],[129.26237,37.23982],[129.2625,37.23967],[129.2626,37.23954],[129.26264,37.23949],[129.26269,37.23945],[129.26278,37.23941],[129.26284,37.23939],[129.26291,37.23939],[129.2633,37.23944],[129.26344,37.23946],[129.26425,37.23962],[129.26688,37.24013],[129.26717,37.24081],[129.2671,37.24097],[129.26692,37.24145],[129.26688,37.24158],[129.26683,37.24171],[129.26677,37.24195],[129.26676,37.24201],[129.26677,37.24206],[129.26678,37.24212],[129.26733,37.24481],[129.26736,37.24486],[129.26742,37.24494],[129.26763,37.24518],[129.26775,37.24531],[129.26786,37.24542],[129.26791,37.24546],[129.27105,37.24763],[129.27558,37.24971],[129.2757,37.24976],[129.27575,37.24977],[129.27588,37.24979],[129.27997,37.25034],[129.28002,37.25034],[129.28376,37.24999],[129.28639,37.24956],[129.28655,37.2495],[129.2867,37.24945],[129.28681,37.24941],[129.28692,37.24938],[129.28698,37.24937],[129.28702,37.24936],[129.28808,37.24926],[129.28816,37.24926],[129.28825,37.24927],[129.28834,37.2493],[129.28844,37.24935],[129.28855,37.24942],[129.29124,37.25158],[129.29134,37.25168],[129.29143,37.25177],[129.29223,37.25273],[129.29227,37.25279],[129.29242,37.25307],[129.29571,37.25688],[129.29578,37.25694],[129.29731,37.25839],[129.29805,37.25906],[129.2981,37.25909],[129.29814,37.25909],[129.30135,37.25821],[129.30144,37.25812],[129.30209,37.25742],[129.30308,37.25641],[129.30316,37.25635],[129.3033,37.25629],[129.30344,37.25625],[129.30725,37.25577],[129.30731,37.25578],[129.31218,37.25793],[129.31229,37.25799],[129.31239,37.25806],[129.31303,37.25989],[129.31322,37.26057],[129.31325,37.26115],[129.31324,37.26136],[129.31306,37.26184],[129.31298,37.26201],[129.31295,37.26204],[129.31282,37.26218],[129.31195,37.26269],[129.31187,37.26272],[129.31166,37.26275],[129.31151,37.26277],[129.31141,37.26277],[129.31125,37.26278],[129.3111,37.26279],[129.31099,37.26288],[129.31095,37.26291],[129.31093,37.26296],[129.3109,37.26303],[129.31088,37.26311],[129.31086,37.26325],[129.31082,37.26367],[129.31082,37.26406],[129.31083,37.26414],[129.31084,37.26416],[129.31232,37.26763],[129.31241,37.2678],[129.31251,37.26791],[129.31383,37.26846],[129.31388,37.26848],[129.314,37.26849],[129.3151,37.26845],[129.31556,37.2684],[129.31564,37.2684],[129.31571,37.26842],[129.3158,37.26849],[129.32098,37.27301],[129.32139,37.27502],[129.3209,37.27523],[129.32057,37.27538],[129.32,37.27578],[129.31998,37.2758],[129.3199,37.2759],[129.31985,37.27603],[129.3186,37.28023],[129.31858,37.28034],[129.31858,37.2804],[129.31865,37.28059],[129.31876,37.28083],[129.31924,37.28155],[129.31934,37.28167],[129.31942,37.28175],[129.31956,37.28187],[129.3197,37.28195],[129.3217,37.28295],[129.32364,37.28185],[129.32806,37.28051],[129.32888,37.28052],[129.32922,37.28035],[129.32986,37.27823],[129.3298,37.27708],[129.32976,37.27682],[129.32913,37.27642],[129.32884,37.27635],[129.32852,37.27647],[129.32837,37.27643],[129.32795,37.27606],[129.32771,37.27508],[129.32774,37.27396],[129.3279,37.27368],[129.32853,37.27295],[129.32885,37.27282],[129.3292,37.27277],[129.32953,37.27213],[129.32949,37.27183],[129.32876,37.27011],[129.32707,37.26572],[129.32709,37.26521],[129.32728,37.26471],[129.32744,37.26431],[129.32792,37.26362],[129.32826,37.26329],[129.32866,37.26293],[129.33096,37.26134],[129.33242,37.26131],[129.33274,37.26135],[129.33313,37.26134],[129.33466,37.26056],[129.33508,37.26018],[129.33522,37.2599],[129.33559,37.25856],[129.33985,37.25581],[129.34023,37.25557],[129.34075,37.25517],[129.34089,37.25501],[129.34239,37.25263],[129.34252,37.25241],[129.34262,37.25101],[129.3458,37.24871],[129.34697,37.24869],[129.34768,37.24853],[129.34791,37.24842],[129.34902,37.24788],[129.34884,37.24745],[129.34846,37.24519],[129.34861,37.24413],[129.34965,37.2408],[129.35013,37.23932],[129.35032,37.23899],[129.35296,37.23734],[129.35341,37.23729],[129.35515,37.23678],[129.35676,37.2357],[129.35684,37.23549],[129.35483,37.23361],[129.35441,37.23337],[129.35143,37.23191],[129.34803,37.23027],[129.34699,37.22975],[129.34651,37.22806],[129.34574,37.22623],[129.34533,37.226],[129.34482,37.22619],[129.34539,37.22802],[129.34585,37.22895],[129.34591,37.22908],[129.34428,37.2292],[129.34365,37.22924],[129.34206,37.22708],[129.34131,37.22564],[129.341,37.22393],[129.34114,37.22247],[129.34228,37.22105],[129.34355,37.22008],[129.34431,37.21947],[129.34467,37.21804],[129.3451,37.21623],[129.34664,37.21332],[129.3471,37.2126],[129.34794,37.21211],[129.3479,37.20953],[129.34616,37.20251],[129.34588,37.20184],[129.34512,37.20129],[129.34343,37.1983],[129.34324,37.19694],[129.34356,37.19655],[129.34348,37.19625],[129.34308,37.19525],[129.34165,37.19448],[129.34135,37.19445],[129.34076,37.19452],[129.34009,37.19451],[129.33971,37.19416],[129.3398,37.19355],[129.34083,37.19081],[129.34163,37.18924],[129.34245,37.18807],[129.34255,37.1878],[129.34294,37.18595],[129.34346,37.1834],[129.3433,37.18192],[129.3432,37.18121],[129.34287,37.18009],[129.342,37.17836],[129.34169,37.17784],[129.34432,37.17642],[129.34536,37.17416],[129.34575,37.17237],[129.34545,37.17101],[129.34535,37.17033],[129.34602,37.16901],[129.34705,37.1678],[129.3514,37.16429],[129.35592,37.16066],[129.35798,37.15881],[129.35908,37.15728],[129.35898,37.15666],[129.35996,37.1541],[129.36133,37.15155],[129.36246,37.14969],[129.3641,37.14636]]]]}},{"type":"Feature","properties":{"code":"51230310","name":"근덕면","parent":"51230"},"geometry":{"type":"MultiPolygon","coordinates":[[[[129.19725,37.41846],[129.19785,37.41822],[129.19823,37.41659],[129.19803,37.41614],[129.19792,37.41591],[129.20092,37.41289],[129.2028,37.41105],[129.20736,37.40708],[129.20977,37.40511],[129.21146,37.40373],[129.21439,37.40156],[129.21671,37.40002],[129.22125,37.397],[129.22768,37.39325],[129.23238,37.39077],[129.23552,37.38925],[129.23671,37.38873],[129.24057,37.38731],[129.24709,37.38347],[129.24902,37.38202],[129.25058,37.38099],[129.25245,37.38034],[129.25477,37.38071],[129.2584,37.38099],[129.26046,37.38057],[129.26039,37.37984],[129.25934,37.37863],[129.25768,37.37785],[129.25696,37.37798],[129.25609,37.37792],[129.25559,37.37751],[129.25366,37.37589],[129.2528,37.3746],[129.25229,37.37349],[129.25198,37.37113],[129.25202,37.3694],[129.25122,37.36345],[129.25186,37.36244],[129.25215,37.36228],[129.25321,37.3623],[129.2578,37.35781],[129.25783,37.35715],[129.25742,37.35631],[129.25743,37.35512],[129.25857,37.35466],[129.25981,37.35394],[129.26056,37.35343],[129.26093,37.35292],[129.26115,37.35065],[129.26104,37.35],[129.26081,37.34889],[129.26081,37.34735],[129.26269,37.34566],[129.26439,37.34455],[129.26526,37.34442],[129.26693,37.34221],[129.26813,37.33896],[129.26802,37.33842],[129.26756,37.33758],[129.26726,37.33713],[129.26651,37.33333],[129.26662,37.33187],[129.26708,37.33132],[129.2677,37.33108],[129.26838,37.33126],[129.269,37.33113],[129.27102,37.32929],[129.271,37.32867],[129.27011,37.32792],[129.26938,37.32755],[129.2681,37.32673],[129.268,37.32609],[129.26818,37.32551],[129.26831,37.32509],[129.26867,37.3242],[129.26913,37.3235],[129.26983,37.32267],[129.27537,37.31791],[129.2759,37.31787],[129.2769,37.31727],[129.28053,37.31467],[129.28265,37.31313],[129.28594,37.3111],[129.28817,37.30987],[129.28979,37.30933],[129.29056,37.30928],[129.29298,37.30962],[129.29395,37.30983],[129.2942,37.31021],[129.29421,37.31071],[129.29438,37.31136],[129.29482,37.31147],[129.29675,37.31158],[129.29841,37.31097],[129.29922,37.31034],[129.29952,37.30941],[129.30022,37.30702],[129.30124,37.30411],[129.30171,37.3038],[129.3023,37.3039],[129.30236,37.30282],[129.30237,37.30163],[129.30237,37.2999],[129.30196,37.29931],[129.30166,37.29897],[129.30121,37.29828],[129.30094,37.29748],[129.30068,37.2951],[129.30086,37.29317],[129.30199,37.29219],[129.30459,37.29056],[129.3064,37.28995],[129.30737,37.29016],[129.30812,37.29115],[129.30947,37.292],[129.30999,37.29183],[129.31064,37.29105],[129.31079,37.28959],[129.31044,37.28921],[129.31045,37.2879],[129.31085,37.2867],[129.31146,37.28627],[129.31387,37.28614],[129.31731,37.287],[129.31701,37.28823],[129.31645,37.28859],[129.3153,37.28884],[129.31472,37.28893],[129.31469,37.28939],[129.31513,37.28965],[129.31829,37.29052],[129.31891,37.2905],[129.32118,37.28911],[129.32179,37.28864],[129.32134,37.28646],[129.32112,37.28558],[129.32081,37.28474],[129.32041,37.28444],[129.32068,37.2837],[129.32134,37.28311],[129.3217,37.28295],[129.3197,37.28195],[129.31956,37.28187],[129.31942,37.28175],[129.31934,37.28167],[129.31924,37.28155],[129.31876,37.28083],[129.31865,37.28059],[129.31858,37.2804],[129.31858,37.28034],[129.3186,37.28023],[129.31985,37.27603],[129.3199,37.2759],[129.31998,37.2758],[129.32,37.27578],[129.32057,37.27538],[129.3209,37.27523],[129.32139,37.27502],[129.32098,37.27301],[129.3158,37.26849],[129.31571,37.26842],[129.31564,37.2684],[129.31556,37.2684],[129.3151,37.26845],[129.314,37.26849],[129.31388,37.26848],[129.31383,37.26846],[129.31251,37.26791],[129.31241,37.2678],[129.31232,37.26763],[129.31084,37.26416],[129.31083,37.26414],[129.31082,37.26406],[129.31082,37.26367],[129.31086,37.26325],[129.31088,37.26311],[129.3109,37.26303],[129.31093,37.26296],[129.31095,37.26291],[129.31099,37.26288],[129.3111,37.26279],[129.31125,37.26278],[129.31141,37.26277],[129.31151,37.26277],[129.31166,37.26275],[129.31187,37.26272],[129.31195,37.26269],[129.31282,37.26218],[129.31295,37.26204],[129.31298,37.26201],[129.31306,37.26184],[129.31324,37.26136],[129.31325,37.26115],[129.31322,37.26057],[129.31303,37.25989],[129.31239,37.25806],[129.31229,37.25799],[129.31218,37.25793],[129.30731,37.25578],[129.30725,37.25577],[129.30344,37.25625],[129.3033,37.25629],[129.30316,37.25635],[129.30308,37.25641],[129.30209,37.25742],[129.30144,37.25812],[129.30135,37.25821],[129.29814,37.25909],[129.2981,37.25909],[129.29805,37.25906],[129.29731,37.25839],[129.29578,37.25694],[129.29571,37.25688],[129.29242,37.25307],[129.29227,37.25279],[129.29223,37.25273],[129.29143,37.25177],[129.29134,37.25168],[129.29124,37.25158],[129.28855,37.24942],[129.28844,37.24935],[129.28834,37.2493],[129.28825,37.24927],[129.28816,37.24926],[129.28808,37.24926],[129.28702,37.24936],[129.28698,37.24937],[129.28692,37.24938],[129.28681,37.24941],[129.2867,37.24945],[129.28655,37.2495],[129.28639,37.24956],[129.28376,37.24999],[129.28002,37.25034],[129.27997,37.25034],[129.27588,37.24979],[129.27575,37.24977],[129.2757,37.24976],[129.27558,37.24971],[129.27105,37.24763],[129.26791,37.24546],[129.26786,37.24542],[129.26775,37.24531],[129.26763,37.24518],[129.26742,37.24494],[129.26736,37.24486],[129.26733,37.24481],[129.26678,37.24212],[129.26677,37.24206],[129.26676,37.24201],[129.26677,37.24195],[129.26683,37.24171],[129.26688,37.24158],[129.26692,37.24145],[129.2671,37.24097],[129.26717,37.24081],[129.26688,37.24013],[129.26425,37.23962],[129.26344,37.23946],[129.2633,37.23944],[129.26291,37.23939],[129.26284,37.23939],[129.26278,37.23941],[129.26269,37.23945],[129.26264,37.23949],[129.2626,37.23954],[129.2625,37.23967],[129.26237,37.23982],[129.26225,37.23993],[129.26215,37.24001],[129.26204,37.24009],[129.26197,37.24014],[129.26189,37.24019],[129.26177,37.24023],[129.26051,37.24068],[129.26046,37.24069],[129.26042,37.24068],[129.26038,37.24066],[129.25904,37.23929],[129.25899,37.23922],[129.25895,37.23916],[129.25892,37.2391],[129.25889,37.23902],[129.25887,37.23893],[129.25885,37.2388],[129.25884,37.23864],[129.25884,37.23849],[129.25879,37.23793],[129.25877,37.23785],[129.25875,37.23779],[129.25872,37.23774],[129.2587,37.23771],[129.25866,37.23768],[129.25835,37.23742],[129.25829,37.23738],[129.25455,37.235],[129.25447,37.23496],[129.25442,37.23493],[129.25435,37.2349],[129.25426,37.23487],[129.2542,37.23486],[129.25405,37.23486],[129.25399,37.23486],[129.25388,37.23487],[129.25357,37.23492],[129.25342,37.23494],[129.25334,37.23496],[129.25328,37.23496],[129.25319,37.23497],[129.25308,37.23497],[129.25291,37.23496],[129.25288,37.23496],[129.25282,37.23494],[129.25194,37.23467],[129.25191,37.23466],[129.25021,37.23304],[129.24901,37.23189],[129.24896,37.23184],[129.24693,37.23067],[129.24487,37.22962],[129.24144,37.22948],[129.24138,37.22948],[129.23936,37.22851],[129.23871,37.22808],[129.2386,37.22799],[129.23839,37.22783],[129.23828,37.22775],[129.23817,37.22766],[129.23806,37.22758],[129.23788,37.22751],[129.2376,37.22742],[129.2357,37.22681],[129.23554,37.22676],[129.23533,37.22672],[129.23506,37.22671],[129.23494,37.22672],[129.23445,37.22685],[129.23432,37.2269],[129.23226,37.22777],[129.23214,37.22782],[129.23209,37.22785],[129.23201,37.22789],[129.23149,37.22823],[129.23135,37.22832],[129.23123,37.22843],[129.23112,37.22855],[129.23102,37.22868],[129.23096,37.22882],[129.23092,37.22897],[129.23088,37.22912],[129.22966,37.23095],[129.22578,37.23542],[129.22358,37.23745],[129.22346,37.23757],[129.22335,37.23769],[129.22326,37.23783],[129.22319,37.23798],[129.22297,37.23845],[129.22308,37.23852],[129.22357,37.23891],[129.22364,37.23898],[129.22373,37.23909],[129.22382,37.23922],[129.22685,37.24369],[129.22688,37.24376],[129.22755,37.24505],[129.2276,37.24516],[129.22841,37.24719],[129.22844,37.24727],[129.22856,37.24789],[129.22857,37.24794],[129.22843,37.24874],[129.22841,37.24877],[129.22772,37.24945],[129.22559,37.25392],[129.22559,37.25626],[129.22559,37.25693],[129.22556,37.25717],[129.22553,37.2574],[129.22551,37.25751],[129.22549,37.2576],[129.22494,37.25885],[129.22486,37.25893],[129.22479,37.25899],[129.22452,37.25905],[129.22404,37.25912],[129.22367,37.25987],[129.22437,37.26149],[129.22634,37.26649],[129.22639,37.26665],[129.22641,37.26696],[129.22649,37.27289],[129.22647,37.27313],[129.22643,37.27328],[129.22634,37.27348],[129.22621,37.27369],[129.22595,37.27405],[129.22352,37.27674],[129.22097,37.27929],[129.22016,37.28],[129.21938,37.28057],[129.2185,37.28095],[129.21841,37.28102],[129.21837,37.28116],[129.2178,37.28325],[129.21778,37.28336],[129.21781,37.2835],[129.21788,37.28363],[129.218,37.28379],[129.21804,37.28386],[129.21811,37.28407],[129.21811,37.28417],[129.21768,37.28741],[129.21767,37.28747],[129.2176,37.28761],[129.21754,37.28772],[129.21751,37.28777],[129.21743,37.28784],[129.21589,37.28894],[129.21503,37.28954],[129.21493,37.28959],[129.21481,37.28962],[129.21081,37.29068],[129.20764,37.29099],[129.20182,37.29229],[129.1992,37.29288],[129.19508,37.29428],[129.19129,37.2962],[129.18709,37.29815],[129.18705,37.29817],[129.18497,37.29873],[129.18329,37.29917],[129.17829,37.30107],[129.17818,37.30111],[129.17336,37.30343],[129.17319,37.30352],[129.1693,37.30585],[129.16904,37.30604],[129.1689,37.30615],[129.16887,37.30618],[129.1688,37.30624],[129.16866,37.30642],[129.16573,37.31182],[129.16573,37.31198],[129.16583,37.31215],[129.16659,37.31343],[129.16694,37.31403],[129.16735,37.31471],[129.17247,37.31983],[129.17271,37.32005],[129.17283,37.32014],[129.17652,37.32294],[129.1796,37.3224],[129.18098,37.32227],[129.18201,37.32228],[129.18408,37.32232],[129.18821,37.32271],[129.19293,37.32346],[129.19333,37.32364],[129.19569,37.32476],[129.19992,37.32682],[129.20119,37.32844],[129.2013,37.32867],[129.20135,37.33102],[129.20062,37.33634],[129.2006,37.33644],[129.1988,37.3389],[129.19875,37.33895],[129.19564,37.34119],[129.19439,37.34198],[129.19187,37.34308],[129.19006,37.34383],[129.18941,37.34395],[129.18923,37.3441],[129.18906,37.3443],[129.18904,37.34455],[129.18904,37.34473],[129.18961,37.34674],[129.18981,37.34915],[129.18899,37.35329],[129.18885,37.35354],[129.18865,37.35376],[129.18842,37.35392],[129.18822,37.354],[129.18792,37.35404],[129.1874,37.35408],[129.18684,37.35409],[129.18621,37.35406],[129.18571,37.35401],[129.18496,37.35387],[129.18398,37.35359],[129.18325,37.35338],[129.18215,37.35297],[129.1818,37.35284],[129.18154,37.35275],[129.18119,37.35264],[129.18081,37.35258],[129.18063,37.35264],[129.1804,37.35284],[129.17903,37.35435],[129.17753,37.35713],[129.17239,37.3624],[129.16853,37.36686],[129.16845,37.36696],[129.16839,37.36716],[129.16838,37.36744],[129.16845,37.36773],[129.16861,37.36793],[129.16979,37.36915],[129.16994,37.36928],[129.17014,37.36937],[129.17044,37.36942],[129.17075,37.36949],[129.17103,37.36956],[129.17145,37.36972],[129.17225,37.37003],[129.17248,37.37013],[129.1727,37.37026],[129.17304,37.37055],[129.17525,37.3729],[129.17532,37.3731],[129.1753,37.37335],[129.1752,37.37359],[129.17495,37.37395],[129.17428,37.37468],[129.17359,37.3753],[129.17351,37.37545],[129.17327,37.3771],[129.17386,37.37899],[129.17429,37.37999],[129.17439,37.38023],[129.17442,37.38037],[129.17441,37.38063],[129.17436,37.38072],[129.17381,37.38123],[129.17361,37.38138],[129.1699,37.38298],[129.16978,37.38301],[129.16954,37.38297],[129.1689,37.38285],[129.16854,37.38275],[129.16833,37.38262],[129.16784,37.38233],[129.16755,37.38224],[129.16717,37.38218],[129.16697,37.38216],[129.16682,37.38221],[129.16532,37.38298],[129.1643,37.38361],[129.16591,37.38639],[129.16699,37.38804],[129.16713,37.38816],[129.16786,37.38841],[129.16809,37.38852],[129.16828,37.38865],[129.16951,37.38972],[129.1698,37.39004],[129.1702,37.39071],[129.17033,37.39107],[129.17045,37.39152],[129.17044,37.39172],[129.16979,37.39389],[129.16907,37.39543],[129.16922,37.39922],[129.16988,37.40134],[129.17005,37.40156],[129.17037,37.40188],[129.17067,37.40209],[129.17102,37.40226],[129.17137,37.40232],[129.17171,37.40234],[129.1722,37.40231],[129.1727,37.40227],[129.17536,37.40389],[129.17882,37.40602],[129.18504,37.41011],[129.18707,37.412],[129.19046,37.41551],[129.19053,37.41566],[129.19156,37.41752],[129.19175,37.41778],[129.19207,37.41803],[129.19225,37.41815],[129.19256,37.41829],[129.19259,37.4183],[129.19262,37.41831],[129.19286,37.41839],[129.19418,37.41856],[129.1944,37.41857],[129.19464,37.41858],[129.19496,37.41855],[129.19518,37.4185],[129.19725,37.41846]]]]}},{"type":"Feature","properties":{"code":"51230320","name":"하장면","parent":"51230"},"geometry":{"type":"MultiPolygon","coordinates":[[[[128.95762,37.44676],[128.9587,37.44455],[128.95877,37.44443],[128.95882,37.44435],[128.95893,37.44423],[128.95908,37.4441],[128.95918,37.44403],[128.96117,37.44329],[128.96297,37.44272],[128.96442,37.44225],[128.96535,37.44191],[128.96833,37.44068],[128.96849,37.4406],[128.96861,37.44052],[128.97009,37.43956],[128.97037,37.43937],[128.97052,37.43924],[128.97192,37.438],[128.972,37.43793],[128.97209,37.43784],[128.97277,37.4362],[128.97281,37.43609],[128.97284,37.43589],[128.97283,37.43564],[128.97283,37.43499],[128.97285,37.43487],[128.97288,37.43472],[128.97293,37.43465],[128.97298,37.43461],[128.97551,37.43329],[128.97559,37.43326],[128.97586,37.43319],[128.97597,37.43317],[128.97787,37.43322],[128.97794,37.43324],[128.97801,37.43327],[128.97839,37.4335],[128.98059,37.43414],[128.9843,37.43395],[128.98442,37.43394],[128.98464,37.43391],[128.98485,37.43387],[128.98512,37.4338],[128.98536,37.43373],[128.98552,37.43366],[128.98607,37.43343],[128.98928,37.43222],[128.99184,37.43157],[128.99538,37.43073],[128.99599,37.43067],[128.99662,37.43058],[128.99689,37.43053],[128.99772,37.43039],[128.99798,37.43031],[128.99914,37.42994],[128.99928,37.42989],[128.99948,37.42981],[129.00139,37.42893],[129.00165,37.42878],[129.00192,37.42859],[129.00412,37.42695],[129.00445,37.42667],[129.0045,37.42662],[129.00454,37.42657],[129.0016,37.42355],[129.00138,37.42331],[129.00121,37.42308],[129.00063,37.42218],[129.00063,37.42207],[129.00093,37.42068],[129.00157,37.41851],[129.00209,37.41747],[129.00218,37.41735],[129.0023,37.41724],[129.00459,37.41584],[129.00596,37.41511],[129.0061,37.41505],[129.00634,37.41495],[129.00686,37.41469],[129.0074,37.41439],[129.00786,37.41409],[129.00797,37.41399],[129.00805,37.4139],[129.00913,37.41173],[129.00917,37.41162],[129.00918,37.41157],[129.00911,37.4114],[129.00909,37.41135],[129.00725,37.4074],[129.00632,37.40626],[129.00619,37.4061],[129.00549,37.40509],[129.00441,37.40354],[129.00437,37.40343],[129.00437,37.40317],[129.00439,37.40294],[129.00441,37.40283],[129.00477,37.40097],[129.00609,37.39814],[129.00621,37.39505],[129.00623,37.39489],[129.00792,37.39192],[129.00825,37.39138],[129.00878,37.39062],[129.00904,37.39031],[129.00921,37.39022],[129.01011,37.3905],[129.01026,37.39055],[129.01115,37.39106],[129.0114,37.39129],[129.01174,37.39154],[129.01191,37.39161],[129.01317,37.39151],[129.014,37.3914],[129.01638,37.39093],[129.01647,37.3909],[129.01652,37.39086],[129.01495,37.3885],[129.01472,37.38818],[129.0138,37.38706],[129.01356,37.38683],[129.01319,37.38649],[129.01298,37.38626],[129.0127,37.38565],[129.01228,37.38379],[129.01227,37.38332],[129.01232,37.38318],[129.01271,37.38272],[129.01367,37.38173],[129.014,37.38135],[129.01507,37.38004],[129.01553,37.37945],[129.0157,37.37921],[129.0158,37.379],[129.01672,37.37565],[129.01672,37.37536],[129.01665,37.37499],[129.01655,37.37477],[129.0164,37.37461],[129.01616,37.37445],[129.01599,37.37436],[129.01578,37.37421],[129.0157,37.37406],[129.0154,37.37282],[129.01552,37.37142],[129.01556,37.3713],[129.01591,37.36969],[129.01615,37.36748],[129.01613,37.36727],[129.01584,37.36635],[129.01559,37.36583],[129.01539,37.36561],[129.01525,37.36551],[129.01504,37.36545],[129.01477,37.36539],[129.01459,37.36528],[129.01371,37.36401],[129.01274,37.3616],[129.01272,37.36153],[129.01274,37.36142],[129.01284,37.36123],[129.0131,37.36088],[129.01335,37.36057],[129.0135,37.36018],[129.0143,37.357],[129.01449,37.35564],[129.0147,37.35363],[129.01467,37.35353],[129.01419,37.35284],[129.01412,37.35276],[129.01324,37.35229],[129.01272,37.35205],[129.01193,37.35173],[129.01092,37.35132],[129.01045,37.35108],[129.01038,37.35101],[129.01031,37.35094],[129.01025,37.35085],[129.00999,37.34966],[129.01,37.34907],[129.01002,37.34882],[129.00991,37.34842],[129.00974,37.34815],[129.00947,37.34789],[129.00815,37.34684],[129.00655,37.34585],[129.00587,37.34578],[129.00382,37.34496],[129.00242,37.34353],[129.00163,37.34245],[129.00114,37.34154],[129.00018,37.34036],[128.99969,37.34031],[128.99878,37.34053],[128.99764,37.34121],[128.99743,37.34138],[128.99673,37.34176],[128.99578,37.34222],[128.99563,37.34229],[128.99555,37.34231],[128.99197,37.34317],[128.99103,37.34315],[128.99097,37.34314],[128.99087,37.34313],[128.9877,37.34247],[128.98729,37.34237],[128.98704,37.3423],[128.98684,37.34224],[128.98659,37.34215],[128.98638,37.34206],[128.98588,37.34183],[128.98292,37.34045],[128.98257,37.34025],[128.98216,37.34001],[128.9816,37.33964],[128.97592,37.33567],[128.9747,37.3348],[128.9745,37.33465],[128.97284,37.33319],[128.97153,37.33168],[128.97118,37.33124],[128.97109,37.33116],[128.971,37.33109],[128.97079,37.33098],[128.97065,37.33092],[128.97055,37.33088],[128.97037,37.33083],[128.96998,37.33073],[128.96871,37.33059],[128.96856,37.33059],[128.96838,37.33058],[128.96822,37.3306],[128.968,37.33065],[128.9679,37.33069],[128.96767,37.3308],[128.9674,37.33092],[128.9673,37.33096],[128.9672,37.331],[128.96702,37.33104],[128.96683,37.33107],[128.96677,37.33106],[128.96663,37.33104],[128.96643,37.33099],[128.96627,37.33093],[128.96614,37.33087],[128.96362,37.32963],[128.96354,37.32959],[128.96346,37.32951],[128.96336,37.32939],[128.96327,37.32921],[128.96321,37.32904],[128.96317,37.32886],[128.96315,37.32876],[128.96204,37.32688],[128.96075,37.32496],[128.95813,37.3223],[128.95792,37.3221],[128.95776,37.32192],[128.95767,37.32178],[128.95763,37.32168],[128.95732,37.32013],[128.95654,37.31787],[128.95638,37.31761],[128.95636,37.31758],[128.95612,37.31732],[128.95604,37.31724],[128.9559,37.31712],[128.95548,37.31679],[128.95498,37.31638],[128.95495,37.31635],[128.95473,37.31609],[128.95461,37.31594],[128.95452,37.31582],[128.95439,37.31563],[128.95431,37.31549],[128.95429,37.31543],[128.95346,37.31317],[128.95339,37.31295],[128.95325,37.31247],[128.95319,37.31214],[128.95316,37.3119],[128.9531,37.31155],[128.95268,37.31067],[128.95249,37.31037],[128.95245,37.31031],[128.95236,37.3102],[128.95108,37.30867],[128.94973,37.30797],[128.94764,37.30765],[128.94421,37.30647],[128.94391,37.30632],[128.94367,37.30608],[128.94347,37.30579],[128.94331,37.3055],[128.9432,37.30525],[128.94317,37.30509],[128.94315,37.30497],[128.94314,37.30492],[128.94316,37.30445],[128.94321,37.30407],[128.94324,37.30364],[128.94326,37.30319],[128.94327,37.30198],[128.94326,37.30133],[128.94325,37.30101],[128.94322,37.30071],[128.94315,37.30045],[128.94304,37.30012],[128.94289,37.29974],[128.94275,37.29941],[128.9426,37.29916],[128.94241,37.29892],[128.94224,37.29869],[128.94213,37.29847],[128.94206,37.29814],[128.94206,37.29783],[128.94208,37.29754],[128.94212,37.29723],[128.94219,37.297],[128.9423,37.29666],[128.94244,37.29632],[128.94259,37.29609],[128.94287,37.29575],[128.94311,37.29548],[128.94342,37.29523],[128.94361,37.29502],[128.94482,37.29309],[128.94529,37.29224],[128.94542,37.29198],[128.94558,37.29163],[128.9459,37.29087],[128.94601,37.29055],[128.94603,37.29029],[128.94601,37.29009],[128.94591,37.28998],[128.9457,37.28989],[128.94546,37.28987],[128.94512,37.28991],[128.94472,37.28989],[128.94419,37.2898],[128.94357,37.28964],[128.94301,37.28947],[128.94249,37.28926],[128.94211,37.2891],[128.94193,37.289],[128.94163,37.28885],[128.94141,37.28869],[128.94128,37.28848],[128.93883,37.28346],[128.93873,37.28321],[128.93872,37.283],[128.93883,37.28283],[128.93899,37.28267],[128.9394,37.28247],[128.93971,37.28231],[128.94094,37.28136],[128.94113,37.2812],[128.94118,37.281],[128.9407,37.27914],[128.94057,37.27893],[128.94044,37.27875],[128.93647,37.27415],[128.93624,37.27407],[128.9346,37.2735],[128.93436,37.27343],[128.93418,37.27342],[128.93406,37.27344],[128.93376,37.27356],[128.93351,37.27369],[128.93328,37.27383],[128.93303,37.27395],[128.931,37.27475],[128.93056,37.27488],[128.93034,37.27494],[128.93019,37.27494],[128.93002,37.27491],[128.9262,37.27433],[128.92589,37.27424],[128.92569,37.27412],[128.92443,37.2732],[128.92429,37.27308],[128.92424,37.27291],[128.92426,37.27275],[128.92438,37.27261],[128.92546,37.27137],[128.92574,37.27114],[128.92601,37.27093],[128.92624,37.27076],[128.9265,37.27066],[128.92673,37.27059],[128.92704,37.27048],[128.92724,37.27032],[128.9274,37.27013],[128.9288,37.2679],[128.92901,37.26758],[128.93066,37.26294],[128.93142,37.26006],[128.93412,37.25595],[128.93485,37.24984],[128.9349,37.24936],[128.93493,37.24896],[128.93495,37.2459],[128.93108,37.24212],[128.93104,37.24208],[128.92963,37.24085],[128.92958,37.24083],[128.92955,37.24084],[128.92841,37.24133],[128.92783,37.24158],[128.92745,37.24181],[128.92729,37.24189],[128.92712,37.24197],[128.92694,37.24205],[128.92673,37.24212],[128.92646,37.24221],[128.92624,37.24227],[128.92362,37.24282],[128.92355,37.24282],[128.91972,37.24102],[128.91778,37.24008],[128.9177,37.24003],[128.91766,37.23995],[128.91763,37.23984],[128.91765,37.23954],[128.91777,37.23871],[128.91787,37.23834],[128.91796,37.23778],[128.91808,37.23655],[128.91808,37.23647],[128.91778,37.23545],[128.91765,37.23513],[128.91735,37.23464],[128.91718,37.23443],[128.91708,37.23433],[128.91686,37.23338],[128.91654,37.23086],[128.91613,37.22744],[128.91613,37.22736],[128.9161,37.22605],[128.91611,37.22594],[128.91613,37.22588],[128.91618,37.22582],[128.91627,37.22577],[128.91635,37.22575],[128.91641,37.22572],[128.91645,37.22569],[128.91648,37.22564],[128.91652,37.22558],[128.91652,37.22554],[128.91652,37.22546],[128.91649,37.22532],[128.91644,37.22516],[128.91636,37.22491],[128.91628,37.2248],[128.91546,37.22377],[128.91532,37.22359],[128.91524,37.22352],[128.91502,37.22334],[128.9149,37.22324],[128.91472,37.22313],[128.91339,37.22214],[128.91214,37.22114],[128.91183,37.22086],[128.91163,37.22064],[128.91079,37.21957],[128.9107,37.21934],[128.91066,37.21911],[128.91064,37.21898],[128.91063,37.21891],[128.9106,37.21877],[128.91057,37.21866],[128.91041,37.21826],[128.91032,37.21809],[128.91022,37.21792],[128.91008,37.21779],[128.90992,37.21764],[128.90817,37.21637],[128.90612,37.2176],[128.90517,37.21863],[128.90324,37.22483],[128.90322,37.22492],[128.90323,37.22498],[128.90326,37.2251],[128.90354,37.22602],[128.90277,37.22898],[128.89875,37.23545],[128.89865,37.23553],[128.89845,37.23579],[128.89836,37.23602],[128.89836,37.23613],[128.89919,37.23804],[128.89967,37.23892],[128.9,37.23938],[128.90053,37.24015],[128.90064,37.24036],[128.90069,37.24239],[128.90067,37.24257],[128.90046,37.24335],[128.89782,37.24874],[128.8966,37.25079],[128.89475,37.25337],[128.89463,37.25348],[128.89405,37.25396],[128.89396,37.25402],[128.89383,37.25411],[128.89379,37.25413],[128.89375,37.25415],[128.89365,37.25419],[128.89354,37.25423],[128.89344,37.25425],[128.89144,37.25575],[128.88955,37.25782],[128.88724,37.26059],[128.88514,37.26185],[128.88493,37.26181],[128.88474,37.26179],[128.88468,37.26178],[128.88461,37.26178],[128.88449,37.26178],[128.88433,37.26179],[128.8841,37.26182],[128.88401,37.26185],[128.88385,37.2619],[128.88372,37.26196],[128.88188,37.2628],[128.88163,37.26294],[128.88156,37.26298],[128.88145,37.26308],[128.88139,37.26314],[128.88015,37.2644],[128.88006,37.26449],[128.88001,37.26457],[128.87997,37.26464],[128.87994,37.26471],[128.87993,37.26477],[128.87993,37.26485],[128.87995,37.26493],[128.88202,37.2718],[128.88204,37.27184],[128.88211,37.27191],[128.88222,37.27198],[128.88227,37.27201],[128.88231,37.27203],[128.88358,37.27252],[128.88512,37.27301],[128.88516,37.27301],[128.88519,37.27302],[128.88523,37.27302],[128.88527,37.27303],[128.88532,37.27303],[128.88547,37.27302],[128.88585,37.27297],[128.88622,37.27291],[128.88652,37.27286],[128.88662,37.27285],[128.88669,37.27285],[128.88676,37.27286],[128.88683,37.27286],[128.88699,37.27288],[128.88739,37.27294],[128.88752,37.27296],[128.88765,37.27299],[128.88776,37.27302],[128.88785,37.27306],[128.8879,37.27309],[128.88795,37.27312],[128.8881,37.27322],[128.88816,37.27326],[128.88824,37.27335],[128.88829,37.27343],[128.88833,37.2735],[128.88835,37.27356],[128.88836,37.27362],[128.8888,37.27587],[128.8888,37.27591],[128.88878,37.27595],[128.88873,37.27599],[128.88868,37.27602],[128.8873,37.27652],[128.88716,37.27656],[128.88526,37.27703],[128.8852,37.27703],[128.88516,37.27703],[128.88512,37.27703],[128.88503,37.27702],[128.88489,37.27697],[128.88465,37.27688],[128.88442,37.27679],[128.88425,37.27674],[128.88404,37.2767],[128.88395,37.27668],[128.88381,37.27668],[128.88369,37.27668],[128.88362,37.2767],[128.88348,37.27675],[128.88331,37.27682],[128.88314,37.27691],[128.88312,37.27692],[128.88305,37.27696],[128.88297,37.27703],[128.88283,37.27717],[128.882,37.27811],[128.88121,37.27907],[128.87989,37.28007],[128.87985,37.28006],[128.87895,37.27994],[128.87829,37.27986],[128.87752,37.27999],[128.87675,37.28012],[128.87483,37.28119],[128.87381,37.28176],[128.87289,37.28239],[128.87249,37.28273],[128.8721,37.28324],[128.87181,37.28385],[128.87157,37.28465],[128.87153,37.28477],[128.87151,37.2849],[128.8715,37.28514],[128.87151,37.28528],[128.87163,37.28665],[128.87168,37.28705],[128.87182,37.28822],[128.87184,37.28833],[128.87186,37.28846],[128.87193,37.28865],[128.8721,37.28895],[128.8722,37.28912],[128.87225,37.28922],[128.87227,37.2893],[128.87219,37.29012],[128.87217,37.29021],[128.87168,37.29081],[128.87097,37.29161],[128.8706,37.29189],[128.86832,37.29297],[128.86829,37.29298],[128.86825,37.29299],[128.86695,37.29322],[128.86683,37.29324],[128.86466,37.29447],[128.86168,37.29638],[128.86163,37.29642],[128.8598,37.29803],[128.85975,37.29812],[128.8596,37.29843],[128.85949,37.29868],[128.85886,37.30019],[128.85859,37.3042],[128.85859,37.30427],[128.8586,37.30432],[128.8612,37.30928],[128.86124,37.30935],[128.86138,37.3095],[128.8624,37.31047],[128.86307,37.31104],[128.86466,37.31237],[128.86976,37.31938],[128.86992,37.3196],[128.87001,37.31969],[128.87007,37.31975],[128.87023,37.3199],[128.87035,37.32],[128.87054,37.32013],[128.87068,37.32021],[128.87076,37.32024],[128.87086,37.32026],[128.87129,37.32034],[128.87148,37.3204],[128.87198,37.32061],[128.87207,37.32066],[128.87211,37.3207],[128.87273,37.32131],[128.87283,37.32142],[128.87295,37.32155],[128.87319,37.32182],[128.87336,37.32204],[128.87351,37.32227],[128.87357,37.32238],[128.87378,37.32281],[128.87393,37.32315],[128.87401,37.32335],[128.87404,37.32345],[128.87407,37.32362],[128.87417,37.32422],[128.87419,37.32447],[128.87426,37.3258],[128.87426,37.32596],[128.87425,37.32638],[128.87424,37.32647],[128.87422,37.32653],[128.8742,37.32659],[128.87413,37.32668],[128.87407,37.32674],[128.87396,37.32683],[128.87162,37.32861],[128.87016,37.32959],[128.8701,37.32967],[128.8696,37.33121],[128.8696,37.33245],[128.86699,37.33814],[128.86427,37.33919],[128.8598,37.34082],[128.85918,37.34101],[128.85912,37.34102],[128.85907,37.34103],[128.8573,37.34146],[128.85719,37.34148],[128.85454,37.34196],[128.85325,37.34204],[128.85314,37.34204],[128.85304,37.34204],[128.8525,37.34204],[128.85201,37.34203],[128.85168,37.34202],[128.85108,37.34199],[128.85089,37.34197],[128.85075,37.34196],[128.85051,37.34193],[128.85038,37.3419],[128.85016,37.34186],[128.84901,37.34161],[128.84889,37.34158],[128.84881,37.34154],[128.84876,37.34149],[128.84865,37.34131],[128.84861,37.34124],[128.84854,37.34114],[128.84844,37.34104],[128.84835,37.34095],[128.84826,37.34088],[128.84712,37.3402],[128.84693,37.3401],[128.84582,37.33962],[128.84581,37.33994],[128.84582,37.34008],[128.84584,37.34032],[128.84591,37.34072],[128.84605,37.34152],[128.84612,37.34186],[128.84781,37.34886],[128.84918,37.35325],[128.84894,37.35542],[128.84896,37.35561],[128.85,37.35797],[128.85008,37.35804],[128.85014,37.35809],[128.85031,37.35815],[128.85163,37.36049],[128.85171,37.36286],[128.85314,37.36593],[128.85353,37.36596],[128.8538,37.36604],[128.85403,37.36622],[128.85424,37.36644],[128.85434,37.36659],[128.85447,37.36678],[128.85451,37.36693],[128.85492,37.3691],[128.85604,37.37404],[128.85785,37.38068],[128.85793,37.38091],[128.85813,37.38119],[128.85841,37.38152],[128.85867,37.38173],[128.85886,37.38184],[128.85902,37.38187],[128.8595,37.38171],[128.85985,37.38154],[128.85997,37.38148],[128.86014,37.38147],[128.86025,37.38147],[128.86099,37.38176],[128.86126,37.38191],[128.8614,37.38207],[128.86153,37.38222],[128.86158,37.38232],[128.86161,37.38244],[128.86174,37.38316],[128.86268,37.38588],[128.8653,37.39026],[128.86546,37.39047],[128.86555,37.39052],[128.86569,37.39057],[128.86589,37.39062],[128.86617,37.39067],[128.86661,37.39072],[128.86711,37.39077],[128.86745,37.39082],[128.86796,37.39091],[128.86829,37.39101],[128.86863,37.39114],[128.86885,37.39129],[128.86894,37.3914],[128.87092,37.39502],[128.87097,37.39512],[128.87102,37.39526],[128.87102,37.39537],[128.87102,37.39552],[128.87095,37.39567],[128.87086,37.39581],[128.87074,37.39598],[128.86983,37.39724],[128.86966,37.39742],[128.86949,37.39751],[128.86937,37.3976],[128.86918,37.39783],[128.86898,37.39807],[128.86887,37.39824],[128.86883,37.39836],[128.86885,37.3985],[128.86899,37.39878],[128.8693,37.3993],[128.86962,37.39976],[128.86979,37.39999],[128.87008,37.40025],[128.87042,37.40049],[128.8709,37.40074],[128.87124,37.40086],[128.87221,37.40115],[128.87331,37.4014],[128.87412,37.40155],[128.87556,37.40181],[128.87688,37.40207],[128.87704,37.40211],[128.88283,37.40431],[128.88287,37.40434],[128.88294,37.4044],[128.88365,37.40514],[128.88374,37.40526],[128.88384,37.40534],[128.88399,37.40545],[128.88411,37.40551],[128.88482,37.40585],[128.88514,37.40598],[128.88534,37.40604],[128.88562,37.4061],[128.88575,37.40612],[128.88587,37.40612],[128.88613,37.40611],[128.88687,37.40604],[128.8884,37.40588],[128.88848,37.40587],[128.89492,37.40882],[128.89502,37.40888],[128.89539,37.40913],[128.89546,37.40918],[128.89567,37.40937],[128.89681,37.41107],[128.89685,37.41113],[128.89692,37.41132],[128.89794,37.41478],[128.89798,37.41501],[128.89798,37.41523],[128.89792,37.41554],[128.89773,37.41624],[128.89777,37.4183],[128.89784,37.41998],[128.89787,37.42016],[128.89791,37.42025],[128.89802,37.42037],[128.89832,37.42061],[128.89852,37.42078],[128.89858,37.42087],[128.8986,37.42098],[128.89845,37.42414],[128.89834,37.42435],[128.89816,37.42457],[128.89795,37.4248],[128.89725,37.42615],[128.8978,37.42996],[128.89782,37.43007],[128.89791,37.43026],[128.89851,37.43143],[128.90151,37.43604],[128.90164,37.43621],[128.90181,37.43641],[128.90213,37.43676],[128.90287,37.43743],[128.90297,37.43751],[128.90319,37.43767],[128.90389,37.43808],[128.90396,37.43811],[128.90405,37.43813],[128.90419,37.43814],[128.90436,37.43813],[128.90457,37.4381],[128.90467,37.43806],[128.90618,37.43744],[128.9099,37.43638],[128.91023,37.43632],[128.91043,37.4363],[128.91058,37.43628],[128.91073,37.4363],[128.91086,37.43634],[128.911,37.4364],[128.91171,37.43688],[128.91714,37.44076],[128.91993,37.44302],[128.92001,37.44328],[128.92007,37.44345],[128.92013,37.44357],[128.92025,37.44377],[128.92114,37.44506],[128.92132,37.44526],[128.92162,37.44557],[128.92176,37.44569],[128.92197,37.44583],[128.92236,37.44608],[128.92289,37.44638],[128.92749,37.44871],[128.92757,37.44873],[128.92777,37.44876],[128.92793,37.44878],[128.9283,37.44881],[128.93049,37.44882],[128.9306,37.44881],[128.93072,37.44879],[128.93086,37.44876],[128.9311,37.44867],[128.93202,37.44826],[128.93267,37.44783],[128.93277,37.44778],[128.93298,37.44771],[128.93316,37.44765],[128.93352,37.44756],[128.93366,37.44754],[128.93393,37.44754],[128.93473,37.44764],[128.93477,37.44764],[128.93606,37.44823],[128.93609,37.44825],[128.93609,37.4483],[128.93602,37.44899],[128.93601,37.44906],[128.93595,37.44933],[128.93595,37.44942],[128.93598,37.4495],[128.93605,37.44965],[128.93619,37.4499],[128.93628,37.45002],[128.93642,37.45016],[128.93648,37.45021],[128.93669,37.45035],[128.93681,37.45042],[128.93762,37.4508],[128.93771,37.45082],[128.93782,37.45082],[128.93814,37.45073],[128.93871,37.45079],[128.93894,37.45081],[128.93914,37.45079],[128.93934,37.45076],[128.94022,37.45055],[128.94029,37.45052],[128.94041,37.45043],[128.94062,37.45028],[128.94097,37.45002],[128.94122,37.44983],[128.94132,37.44977],[128.9414,37.44974],[128.94157,37.44969],[128.94446,37.44903],[128.94484,37.44894],[128.94511,37.44892],[128.94527,37.44893],[128.94541,37.44895],[128.94565,37.44901],[128.9468,37.4493],[128.9484,37.44958],[128.95266,37.44952],[128.95301,37.4495],[128.95485,37.44936],[128.95498,37.44934],[128.95514,37.44929],[128.9553,37.4492],[128.95551,37.44905],[128.95579,37.4488],[128.95602,37.44855],[128.95762,37.44676]]]]}},{"type":"Feature","properties":{"code":"51230330","name":"노곡면","parent":"51230"},"geometry":{"type":"MultiPolygon","coordinates":[[[[129.1643,37.38361],[129.16532,37.38298],[129.16682,37.38221],[129.16697,37.38216],[129.16717,37.38218],[129.16755,37.38224],[129.16784,37.38233],[129.16833,37.38262],[129.16854,37.38275],[129.1689,37.38285],[129.16954,37.38297],[129.16978,37.38301],[129.1699,37.38298],[129.17361,37.38138],[129.17381,37.38123],[129.17436,37.38072],[129.17441,37.38063],[129.17442,37.38037],[129.17439,37.38023],[129.17429,37.37999],[129.17386,37.37899],[129.17327,37.3771],[129.17351,37.37545],[129.17359,37.3753],[129.17428,37.37468],[129.17495,37.37395],[129.1752,37.37359],[129.1753,37.37335],[129.17532,37.3731],[129.17525,37.3729],[129.17304,37.37055],[129.1727,37.37026],[129.17248,37.37013],[129.17225,37.37003],[129.17145,37.36972],[129.17103,37.36956],[129.17075,37.36949],[129.17044,37.36942],[129.17014,37.36937],[129.16994,37.36928],[129.16979,37.36915],[129.16861,37.36793],[129.16845,37.36773],[129.16838,37.36744],[129.16839,37.36716],[129.16845,37.36696],[129.16853,37.36686],[129.17239,37.3624],[129.17753,37.35713],[129.17903,37.35435],[129.1804,37.35284],[129.18063,37.35264],[129.18081,37.35258],[129.18119,37.35264],[129.18154,37.35275],[129.1818,37.35284],[129.18215,37.35297],[129.18325,37.35338],[129.18398,37.35359],[129.18496,37.35387],[129.18571,37.35401],[129.18621,37.35406],[129.18684,37.35409],[129.1874,37.35408],[129.18792,37.35404],[129.18822,37.354],[129.18842,37.35392],[129.18865,37.35376],[129.18885,37.35354],[129.18899,37.35329],[129.18981,37.34915],[129.18961,37.34674],[129.18904,37.34473],[129.18904,37.34455],[129.18906,37.3443],[129.18923,37.3441],[129.18941,37.34395],[129.19006,37.34383],[129.19187,37.34308],[129.19439,37.34198],[129.19564,37.34119],[129.19875,37.33895],[129.1988,37.3389],[129.2006,37.33644],[129.20062,37.33634],[129.20135,37.33102],[129.2013,37.32867],[129.20119,37.32844],[129.19992,37.32682],[129.19569,37.32476],[129.19333,37.32364],[129.19293,37.32346],[129.18821,37.32271],[129.18408,37.32232],[129.18201,37.32228],[129.18098,37.32227],[129.1796,37.3224],[129.17652,37.32294],[129.17283,37.32014],[129.17271,37.32005],[129.17247,37.31983],[129.16735,37.31471],[129.16694,37.31403],[129.16659,37.31343],[129.16583,37.31215],[129.16573,37.31198],[129.16573,37.31182],[129.16866,37.30642],[129.1688,37.30624],[129.16887,37.30618],[129.1689,37.30615],[129.16904,37.30604],[129.1693,37.30585],[129.17319,37.30352],[129.17336,37.30343],[129.17818,37.30111],[129.17829,37.30107],[129.18329,37.29917],[129.18497,37.29873],[129.18705,37.29817],[129.18709,37.29815],[129.19129,37.2962],[129.19508,37.29428],[129.1992,37.29288],[129.20182,37.29229],[129.20764,37.29099],[129.21081,37.29068],[129.21481,37.28962],[129.21493,37.28959],[129.21503,37.28954],[129.21589,37.28894],[129.21743,37.28784],[129.21751,37.28777],[129.21754,37.28772],[129.2176,37.28761],[129.21767,37.28747],[129.21768,37.28741],[129.21811,37.28417],[129.21811,37.28407],[129.21804,37.28386],[129.218,37.28379],[129.21788,37.28363],[129.21781,37.2835],[129.21778,37.28336],[129.2178,37.28325],[129.21837,37.28116],[129.21841,37.28102],[129.2185,37.28095],[129.21938,37.28057],[129.22016,37.28],[129.22097,37.27929],[129.22352,37.27674],[129.22595,37.27405],[129.22621,37.27369],[129.22634,37.27348],[129.22643,37.27328],[129.22647,37.27313],[129.22649,37.27289],[129.22641,37.26696],[129.22639,37.26665],[129.22634,37.26649],[129.22437,37.26149],[129.22367,37.25987],[129.22404,37.25912],[129.22452,37.25905],[129.22479,37.25899],[129.22486,37.25893],[129.22494,37.25885],[129.22549,37.2576],[129.22551,37.25751],[129.22553,37.2574],[129.22556,37.25717],[129.22559,37.25693],[129.22559,37.25626],[129.22559,37.25392],[129.22772,37.24945],[129.22841,37.24877],[129.22843,37.24874],[129.22857,37.24794],[129.22856,37.24789],[129.22844,37.24727],[129.22841,37.24719],[129.2276,37.24516],[129.22755,37.24505],[129.22688,37.24376],[129.22685,37.24369],[129.22382,37.23922],[129.22373,37.23909],[129.22364,37.23898],[129.22357,37.23891],[129.22308,37.23852],[129.22297,37.23845],[129.22,37.23805],[129.21963,37.23737],[129.21977,37.23551],[129.21762,37.23149],[129.2173,37.22763],[129.21583,37.22675],[129.21494,37.22623],[129.21443,37.22553],[129.21396,37.22479],[129.21351,37.22386],[129.2135,37.22382],[129.2135,37.22375],[129.21354,37.22366],[129.21358,37.2236],[129.21396,37.223],[129.21446,37.2224],[129.21456,37.22234],[129.21458,37.2223],[129.21459,37.22226],[129.21458,37.22204],[129.21438,37.22031],[129.21437,37.22025],[129.21435,37.22022],[129.21381,37.21972],[129.21378,37.21969],[129.21372,37.21966],[129.2136,37.21962],[129.20988,37.21849],[129.2083,37.21837],[129.20513,37.21876],[129.20504,37.21879],[129.20499,37.21886],[129.20496,37.21891],[129.20467,37.21939],[129.20459,37.21955],[129.20437,37.21989],[129.20377,37.22073],[129.20373,37.22076],[129.20367,37.22079],[129.19916,37.2229],[129.19911,37.22291],[129.19906,37.22291],[129.19785,37.22299],[129.19776,37.22299],[129.1977,37.22299],[129.19714,37.22287],[129.19097,37.22356],[129.18684,37.22414],[129.18681,37.22418],[129.18677,37.22421],[129.18674,37.22422],[129.1867,37.22422],[129.18402,37.22428],[129.18396,37.22427],[129.18391,37.22425],[129.18388,37.22421],[129.18382,37.22412],[129.18182,37.21979],[129.18181,37.21973],[129.18181,37.21969],[129.18199,37.21851],[129.18205,37.21832],[129.1821,37.21821],[129.18222,37.21795],[129.18243,37.21765],[129.18267,37.21734],[129.18276,37.21723],[129.18288,37.21714],[129.18297,37.21709],[129.18326,37.21699],[129.18376,37.21648],[129.18411,37.21525],[129.18415,37.21512],[129.18416,37.21505],[129.18403,37.21138],[129.18399,37.21102],[129.18397,37.21092],[129.18393,37.21082],[129.1839,37.21075],[129.18145,37.20665],[129.17913,37.20577],[129.17578,37.20482],[129.17319,37.20423],[129.16909,37.20353],[129.16901,37.20352],[129.16896,37.20351],[129.16862,37.20347],[129.16838,37.20344],[129.16797,37.20345],[129.1679,37.20345],[129.16709,37.20363],[129.16638,37.20382],[129.16541,37.20433],[129.16534,37.20438],[129.16523,37.20446],[129.16519,37.20451],[129.16516,37.20457],[129.16516,37.20464],[129.16543,37.20605],[129.16628,37.20678],[129.16638,37.20683],[129.1664,37.20686],[129.16642,37.20691],[129.16644,37.20699],[129.16645,37.20708],[129.16644,37.2074],[129.1664,37.20767],[129.16634,37.20792],[129.16631,37.20804],[129.16626,37.20813],[129.1662,37.2082],[129.16612,37.20825],[129.16604,37.20828],[129.16592,37.20832],[129.16564,37.20841],[129.16545,37.20847],[129.16535,37.2085],[129.16507,37.20856],[129.16479,37.2086],[129.16451,37.20863],[129.16444,37.20864],[129.16427,37.20865],[129.16415,37.20865],[129.16404,37.20865],[129.1639,37.20865],[129.16378,37.20864],[129.16275,37.20855],[129.16205,37.20844],[129.16198,37.20842],[129.1619,37.20841],[129.16178,37.20839],[129.16171,37.20837],[129.16155,37.20835],[129.16145,37.20834],[129.16136,37.20834],[129.16128,37.20835],[129.16116,37.20835],[129.16107,37.20836],[129.15858,37.20887],[129.15845,37.2089],[129.15725,37.20924],[129.15715,37.20927],[129.15408,37.21019],[129.15395,37.21023],[129.15387,37.21028],[129.15238,37.21141],[129.15219,37.21158],[129.15216,37.21161],[129.15212,37.21167],[129.15207,37.21176],[129.15063,37.21519],[129.15055,37.21627],[129.15024,37.21714],[129.14886,37.22036],[129.1488,37.22049],[129.14876,37.22054],[129.1479,37.22145],[129.14785,37.2215],[129.1478,37.22153],[129.14771,37.22158],[129.14765,37.2216],[129.14759,37.22162],[129.14652,37.22252],[129.14505,37.22386],[129.14417,37.2263],[129.14305,37.22873],[129.14301,37.22877],[129.1429,37.22882],[129.14287,37.22884],[129.14283,37.22885],[129.13859,37.22969],[129.13855,37.2297],[129.13851,37.22971],[129.13846,37.2297],[129.13841,37.2297],[129.13654,37.22929],[129.13647,37.22927],[129.13642,37.22926],[129.13634,37.22924],[129.13625,37.22921],[129.13616,37.22919],[129.13587,37.22907],[129.13576,37.22902],[129.13562,37.22894],[129.13549,37.22884],[129.13532,37.22867],[129.13219,37.22685],[129.13036,37.22667],[129.13028,37.22675],[129.13012,37.22689],[129.12989,37.22704],[129.12963,37.22722],[129.1287,37.22772],[129.12664,37.22871],[129.12657,37.22873],[129.12652,37.22874],[129.12647,37.22875],[129.12496,37.22883],[129.1249,37.22883],[129.12481,37.22882],[129.12439,37.22877],[129.12402,37.22871],[129.12361,37.22865],[129.12349,37.22864],[129.12342,37.22865],[129.12336,37.22866],[129.1233,37.22867],[129.12326,37.22869],[129.12322,37.22872],[129.12319,37.22878],[129.12315,37.22886],[129.12117,37.23318],[129.11929,37.23613],[129.11926,37.23619],[129.11923,37.23624],[129.11902,37.23734],[129.11889,37.23972],[129.12004,37.24247],[129.12008,37.24254],[129.12013,37.24258],[129.12023,37.24261],[129.12035,37.24263],[129.12764,37.24789],[129.12769,37.24794],[129.12773,37.24797],[129.1278,37.24804],[129.1279,37.24818],[129.12794,37.24824],[129.12799,37.24831],[129.12899,37.25019],[129.12905,37.2503],[129.12909,37.25042],[129.12936,37.25129],[129.12943,37.25157],[129.12972,37.25285],[129.12973,37.25293],[129.13034,37.25639],[129.13033,37.25645],[129.12978,37.25825],[129.12972,37.25846],[129.12963,37.25861],[129.12954,37.25871],[129.12708,37.2605],[129.12697,37.26055],[129.1267,37.26065],[129.12628,37.26077],[129.12616,37.26081],[129.12606,37.26083],[129.12412,37.26083],[129.12403,37.26082],[129.12392,37.2608],[129.12385,37.26078],[129.12367,37.26072],[129.12356,37.26068],[129.12348,37.26064],[129.12341,37.2606],[129.12322,37.26051],[129.1229,37.26031],[129.12284,37.26028],[129.12277,37.26024],[129.12259,37.2602],[129.12241,37.26021],[129.1214,37.26043],[129.12127,37.2605],[129.11848,37.26256],[129.11701,37.26407],[129.11691,37.26417],[129.11606,37.26532],[129.116,37.26541],[129.11582,37.26577],[129.11576,37.26596],[129.11512,37.26765],[129.11399,37.26927],[129.11388,37.26941],[129.1138,37.26947],[129.11314,37.26957],[129.11286,37.26959],[129.11275,37.26954],[129.11263,37.26952],[129.11253,37.26955],[129.1124,37.26961],[129.11224,37.26973],[129.11217,37.2698],[129.11212,37.26985],[129.11197,37.27006],[129.11185,37.27027],[129.11163,37.27072],[129.11156,37.27088],[129.11139,37.27184],[129.11131,37.27243],[129.11128,37.27269],[129.11128,37.27294],[129.1113,37.27329],[129.11137,37.27361],[129.11146,37.27396],[129.11147,37.27421],[129.11147,37.27441],[129.11142,37.27456],[129.11133,37.27474],[129.11014,37.27652],[129.11011,37.27656],[129.10968,37.27692],[129.10956,37.27698],[129.10932,37.27708],[129.10904,37.27718],[129.10891,37.27726],[129.10833,37.27778],[129.1083,37.27785],[129.10817,37.28006],[129.10833,37.28092],[129.108,37.28346],[129.10504,37.28682],[129.1048,37.28869],[129.10428,37.29172],[129.10425,37.29188],[129.10422,37.29199],[129.10417,37.29209],[129.10404,37.29225],[129.10382,37.29247],[129.10363,37.29265],[129.10351,37.29277],[129.10312,37.29321],[129.10269,37.29416],[129.10266,37.29429],[129.10266,37.29435],[129.10268,37.29444],[129.10279,37.29482],[129.10286,37.29503],[129.10323,37.29524],[129.10353,37.29583],[129.10301,37.29672],[129.10277,37.29702],[129.10267,37.29713],[129.10167,37.29819],[129.10152,37.29831],[129.10137,37.29842],[129.10104,37.30035],[129.10085,37.304],[129.10086,37.30421],[129.10091,37.3044],[129.10126,37.30532],[129.10132,37.30536],[129.10167,37.30542],[129.10294,37.30575],[129.10403,37.30607],[129.10428,37.30617],[129.10476,37.30642],[129.10497,37.30654],[129.10522,37.30674],[129.10691,37.30831],[129.10704,37.30844],[129.1071,37.30852],[129.10778,37.30949],[129.10785,37.30958],[129.10785,37.30967],[129.1078,37.3098],[129.1076,37.3102],[129.10738,37.31056],[129.10838,37.31427],[129.11087,37.31806],[129.11181,37.32197],[129.11023,37.3251],[129.11006,37.32531],[129.10999,37.32543],[129.10989,37.32559],[129.10986,37.32568],[129.10987,37.32585],[129.11049,37.32795],[129.11066,37.32833],[129.11085,37.32854],[129.11346,37.33084],[129.11405,37.33136],[129.11435,37.33156],[129.11466,37.33172],[129.11522,37.33197],[129.11618,37.33248],[129.11642,37.33263],[129.11656,37.33275],[129.1166,37.33283],[129.11661,37.33286],[129.1166,37.33291],[129.11617,37.33411],[129.11606,37.33439],[129.11594,37.3346],[129.1158,37.33482],[129.11347,37.33677],[129.11316,37.33702],[129.1128,37.33725],[129.11116,37.33823],[129.10977,37.33897],[129.1095,37.33909],[129.10849,37.33946],[129.10764,37.33967],[129.10734,37.3398],[129.1071,37.33998],[129.10702,37.34009],[129.10701,37.34022],[129.10707,37.34166],[129.10607,37.34936],[129.10581,37.35124],[129.10578,37.35134],[129.10407,37.35551],[129.10399,37.35563],[129.1036,37.35611],[129.10218,37.35755],[129.10069,37.35898],[129.10015,37.35923],[129.10008,37.35927],[129.10003,37.3593],[129.09977,37.35953],[129.09962,37.35977],[129.09954,37.36015],[129.09953,37.36044],[129.09958,37.36069],[129.10042,37.36417],[129.10054,37.3645],[129.10068,37.36483],[129.10217,37.36577],[129.10281,37.36617],[129.10329,37.36646],[129.10447,37.36723],[129.10567,37.36806],[129.10674,37.36919],[129.10741,37.37001],[129.10791,37.37085],[129.1086,37.3722],[129.10949,37.37464],[129.10962,37.37538],[129.1097,37.37586],[129.10974,37.37599],[129.10984,37.37604],[129.11035,37.37588],[129.11163,37.37539],[129.11214,37.37519],[129.11246,37.37501],[129.11262,37.37488],[129.11277,37.37475],[129.113,37.37453],[129.11489,37.37314],[129.115,37.37309],[129.11512,37.37309],[129.12007,37.37376],[129.12064,37.37469],[129.12078,37.37487],[129.12249,37.37606],[129.12256,37.37611],[129.12264,37.37616],[129.12271,37.3762],[129.12314,37.37645],[129.12345,37.37658],[129.12394,37.3767],[129.12439,37.37674],[129.12459,37.37674],[129.12483,37.37673],[129.12541,37.37663],[129.12576,37.3766],[129.12595,37.37659],[129.12617,37.37657],[129.12636,37.3766],[129.1265,37.37662],[129.12797,37.3769],[129.12843,37.37702],[129.1287,37.37716],[129.12891,37.37733],[129.12917,37.37762],[129.12935,37.37783],[129.12984,37.37872],[129.12986,37.37891],[129.12986,37.37933],[129.12988,37.37944],[129.13005,37.37977],[129.1304,37.38026],[129.13051,37.38037],[129.13248,37.38145],[129.13342,37.38177],[129.13357,37.38181],[129.13371,37.38194],[129.13395,37.38222],[129.13718,37.38644],[129.13822,37.38899],[129.13822,37.38915],[129.1381,37.38952],[129.138,37.38979],[129.13819,37.38992],[129.13853,37.39005],[129.13911,37.39023],[129.13957,37.39036],[129.14433,37.39163],[129.14443,37.39162],[129.14451,37.39161],[129.14472,37.39152],[129.14541,37.3911],[129.14562,37.39096],[129.14586,37.39079],[129.14598,37.39068],[129.14687,37.38931],[129.14698,37.38912],[129.14745,37.38776],[129.14744,37.38744],[129.14733,37.38652],[129.14724,37.38628],[129.14703,37.38582],[129.14677,37.38537],[129.14664,37.38526],[129.14652,37.38516],[129.14636,37.38503],[129.14619,37.38483],[129.146,37.38459],[129.14595,37.3844],[129.14602,37.3826],[129.14605,37.38241],[129.14616,37.38225],[129.14647,37.3819],[129.14714,37.38123],[129.14742,37.38095],[129.14762,37.38083],[129.14852,37.38036],[129.15001,37.37983],[129.15241,37.37888],[129.15419,37.37774],[129.15433,37.37774],[129.15444,37.37776],[129.15454,37.37781],[129.15522,37.37823],[129.16195,37.38244],[129.1643,37.38361]]]]}},{"type":"Feature","properties":{"code":"51230340","name":"미로면","parent":"51230"},"geometry":{"type":"MultiPolygon","coordinates":[[[[129.07484,37.45614],[129.07651,37.45555],[129.07724,37.45528],[129.07747,37.45517],[129.08221,37.45232],[129.08224,37.45227],[129.08442,37.448],[129.08729,37.44657],[129.08759,37.44663],[129.0879,37.44664],[129.08816,37.4466],[129.08856,37.44641],[129.09212,37.44422],[129.09508,37.44183],[129.09656,37.44049],[129.09783,37.43929],[129.09809,37.43909],[129.10588,37.43366],[129.10956,37.43252],[129.11315,37.43079],[129.11329,37.43072],[129.1135,37.43068],[129.11442,37.43082],[129.11639,37.43115],[129.11922,37.43159],[129.12073,37.43125],[129.12139,37.43054],[129.12391,37.42862],[129.12692,37.4267],[129.12882,37.42614],[129.12909,37.42615],[129.12947,37.42611],[129.12977,37.42602],[129.13042,37.42573],[129.13081,37.42552],[129.13081,37.42548],[129.12899,37.42075],[129.12822,37.41346],[129.12825,37.4127],[129.12839,37.41215],[129.12853,37.41169],[129.12916,37.41067],[129.12966,37.40991],[129.1302,37.40933],[129.13052,37.40906],[129.13085,37.40885],[129.13132,37.40868],[129.13173,37.40857],[129.13376,37.40803],[129.1359,37.4076],[129.13581,37.40755],[129.13572,37.40726],[129.13573,37.40688],[129.13579,37.40403],[129.1359,37.4036],[129.13614,37.40333],[129.13637,37.40318],[129.13659,37.40304],[129.13668,37.40293],[129.13788,37.40106],[129.1388,37.3995],[129.13885,37.39937],[129.13903,37.39823],[129.13944,37.3943],[129.13943,37.39412],[129.13937,37.39356],[129.13926,37.393],[129.13913,37.39251],[129.13905,37.39228],[129.13882,37.39192],[129.13856,37.39153],[129.13825,37.39106],[129.13803,37.39049],[129.13797,37.39016],[129.13794,37.38994],[129.138,37.38979],[129.1381,37.38952],[129.13822,37.38915],[129.13822,37.38899],[129.13718,37.38644],[129.13395,37.38222],[129.13371,37.38194],[129.13357,37.38181],[129.13342,37.38177],[129.13248,37.38145],[129.13051,37.38037],[129.1304,37.38026],[129.13005,37.37977],[129.12988,37.37944],[129.12986,37.37933],[129.12986,37.37891],[129.12984,37.37872],[129.12935,37.37783],[129.12917,37.37762],[129.12891,37.37733],[129.1287,37.37716],[129.12843,37.37702],[129.12797,37.3769],[129.1265,37.37662],[129.12636,37.3766],[129.12617,37.37657],[129.12595,37.37659],[129.12576,37.3766],[129.12541,37.37663],[129.12483,37.37673],[129.12459,37.37674],[129.12439,37.37674],[129.12394,37.3767],[129.12345,37.37658],[129.12314,37.37645],[129.12271,37.3762],[129.12264,37.37616],[129.12256,37.37611],[129.12249,37.37606],[129.12078,37.37487],[129.12064,37.37469],[129.12007,37.37376],[129.11512,37.37309],[129.115,37.37309],[129.11489,37.37314],[129.113,37.37453],[129.11277,37.37475],[129.11262,37.37488],[129.11246,37.37501],[129.11214,37.37519],[129.11163,37.37539],[129.11035,37.37588],[129.10984,37.37604],[129.10974,37.37599],[129.1097,37.37586],[129.10962,37.37538],[129.10949,37.37464],[129.1086,37.3722],[129.10791,37.37085],[129.10741,37.37001],[129.10674,37.36919],[129.10567,37.36806],[129.10447,37.36723],[129.10329,37.36646],[129.10281,37.36617],[129.10217,37.36577],[129.10068,37.36483],[129.10054,37.3645],[129.10042,37.36417],[129.09958,37.36069],[129.09953,37.36044],[129.09954,37.36015],[129.09962,37.35977],[129.09977,37.35953],[129.10003,37.3593],[129.10008,37.35927],[129.10015,37.35923],[129.09664,37.35828],[129.0941,37.35843],[129.09199,37.35922],[129.08984,37.36035],[129.08925,37.36069],[129.08803,37.36132],[129.08792,37.36134],[129.08781,37.36136],[129.08708,37.36132],[129.0848,37.36079],[129.07673,37.35882],[129.07476,37.35743],[129.07255,37.35638],[129.07247,37.35636],[129.07238,37.35633],[129.0721,37.35632],[129.07197,37.35635],[129.07187,37.35643],[129.07141,37.35689],[129.06963,37.35867],[129.06905,37.35935],[129.0688,37.35968],[129.06851,37.35991],[129.06824,37.36006],[129.06699,37.36063],[129.06404,37.3604],[129.06166,37.36021],[129.05978,37.35953],[129.05711,37.35644],[129.04445,37.36041],[129.03266,37.36411],[129.03241,37.36443],[129.03054,37.36356],[129.03025,37.36354],[129.02893,37.36378],[129.02862,37.36382],[129.02837,37.36376],[129.02316,37.36235],[129.01808,37.36112],[129.01704,37.36093],[129.01638,37.36084],[129.01417,37.36061],[129.01335,37.36057],[129.0131,37.36088],[129.01284,37.36123],[129.01274,37.36142],[129.01272,37.36153],[129.01274,37.3616],[129.01371,37.36401],[129.01459,37.36528],[129.01477,37.36539],[129.01504,37.36545],[129.01525,37.36551],[129.01539,37.36561],[129.01559,37.36583],[129.01584,37.36635],[129.01613,37.36727],[129.01615,37.36748],[129.01591,37.36969],[129.01556,37.3713],[129.01552,37.37142],[129.0154,37.37282],[129.0157,37.37406],[129.01578,37.37421],[129.01599,37.37436],[129.01616,37.37445],[129.0164,37.37461],[129.01655,37.37477],[129.01665,37.37499],[129.01672,37.37536],[129.01672,37.37565],[129.0158,37.379],[129.0157,37.37921],[129.01553,37.37945],[129.01507,37.38004],[129.014,37.38135],[129.01367,37.38173],[129.01271,37.38272],[129.01232,37.38318],[129.01227,37.38332],[129.01228,37.38379],[129.0127,37.38565],[129.01298,37.38626],[129.01319,37.38649],[129.01356,37.38683],[129.0138,37.38706],[129.01472,37.38818],[129.01495,37.3885],[129.01652,37.39086],[129.01647,37.3909],[129.01638,37.39093],[129.014,37.3914],[129.01317,37.39151],[129.01191,37.39161],[129.01174,37.39154],[129.0114,37.39129],[129.01115,37.39106],[129.01026,37.39055],[129.01011,37.3905],[129.00921,37.39022],[129.00904,37.39031],[129.00878,37.39062],[129.00825,37.39138],[129.00792,37.39192],[129.00623,37.39489],[129.00621,37.39505],[129.00609,37.39814],[129.00477,37.40097],[129.00441,37.40283],[129.00439,37.40294],[129.00437,37.40317],[129.00437,37.40343],[129.00441,37.40354],[129.00549,37.40509],[129.00619,37.4061],[129.00632,37.40626],[129.00725,37.4074],[129.00909,37.41135],[129.00911,37.4114],[129.00918,37.41157],[129.00917,37.41162],[129.00913,37.41173],[129.00805,37.4139],[129.00797,37.41399],[129.00786,37.41409],[129.0074,37.41439],[129.00686,37.41469],[129.00634,37.41495],[129.0061,37.41505],[129.00596,37.41511],[129.00459,37.41584],[129.0023,37.41724],[129.00218,37.41735],[129.00209,37.41747],[129.00157,37.41851],[129.00093,37.42068],[129.00063,37.42207],[129.00063,37.42218],[129.00121,37.42308],[129.00138,37.42331],[129.0016,37.42355],[129.00454,37.42657],[129.00537,37.42699],[129.00599,37.42762],[129.00641,37.42803],[129.00664,37.4283],[129.00686,37.42861],[129.00703,37.42889],[129.0081,37.43177],[129.00845,37.433],[129.00853,37.43371],[129.00855,37.43383],[129.00877,37.4343],[129.00888,37.43447],[129.00892,37.4345],[129.00903,37.43459],[129.01069,37.43579],[129.01244,37.43704],[129.01485,37.43863],[129.01769,37.43997],[129.01817,37.44014],[129.01871,37.44029],[129.01894,37.44036],[129.01919,37.44041],[129.02037,37.44085],[129.02323,37.44202],[129.02358,37.44219],[129.02482,37.44286],[129.02522,37.44316],[129.02588,37.4438],[129.02617,37.44426],[129.02623,37.44439],[129.02642,37.44468],[129.02654,37.44485],[129.02685,37.44516],[129.02698,37.44529],[129.02928,37.44686],[129.02943,37.44688],[129.02968,37.44682],[129.03015,37.44678],[129.03078,37.44683],[129.03243,37.4473],[129.03264,37.44736],[129.0358,37.4494],[129.03592,37.44961],[129.03604,37.45062],[129.0362,37.45166],[129.03625,37.45183],[129.03638,37.45208],[129.03656,37.45227],[129.0368,37.45248],[129.03709,37.45266],[129.03868,37.45339],[129.04419,37.45576],[129.04469,37.45588],[129.04874,37.45661],[129.04948,37.45653],[129.05046,37.45601],[129.05054,37.45601],[129.05736,37.45757],[129.05752,37.45763],[129.05763,37.45773],[129.05777,37.45786],[129.05789,37.45814],[129.058,37.45833],[129.05816,37.45844],[129.05924,37.45913],[129.05938,37.45917],[129.05983,37.45926],[129.06108,37.45943],[129.06165,37.45949],[129.06221,37.45953],[129.06273,37.45957],[129.0629,37.45959],[129.06365,37.45971],[129.06393,37.45977],[129.06438,37.45988],[129.06519,37.4601],[129.06619,37.45951],[129.06677,37.45906],[129.06703,37.45885],[129.06746,37.45863],[129.06856,37.45816],[129.06875,37.45809],[129.06893,37.45804],[129.06913,37.45801],[129.07233,37.45701],[129.07484,37.45614]]]]}},{"type":"Feature","properties":{"code":"51230350","name":"가곡면","parent":"51230"},"geometry":{"type":"MultiPolygon","coordinates":[[[[129.23113,37.07688],[129.22972,37.07586],[129.22914,37.07548],[129.22871,37.07521],[129.22807,37.07502],[129.22749,37.07488],[129.22558,37.0734],[129.2264,37.07242],[129.22664,37.07217],[129.22706,37.07202],[129.22749,37.07196],[129.22762,37.07196],[129.22796,37.07194],[129.22847,37.07176],[129.22897,37.07145],[129.22933,37.07108],[129.23101,37.06929],[129.23322,37.0642],[129.2319,37.06072],[129.23167,37.06018],[129.2313,37.05936],[129.23104,37.05895],[129.22976,37.05843],[129.22941,37.0584],[129.22908,37.0584],[129.22887,37.05799],[129.22886,37.05755],[129.22891,37.05692],[129.22908,37.05645],[129.2294,37.05587],[129.22996,37.05512],[129.2302,37.05483],[129.23174,37.05266],[129.23303,37.04985],[129.23331,37.04596],[129.23331,37.04562],[129.23326,37.04526],[129.23291,37.04481],[129.23316,37.04412],[129.23385,37.04337],[129.23452,37.04278],[129.23625,37.04171],[129.23688,37.04139],[129.23782,37.04107],[129.23837,37.04066],[129.23916,37.03946],[129.23859,37.03898],[129.23806,37.03882],[129.23755,37.03959],[129.2373,37.0398],[129.237,37.03997],[129.23632,37.04028],[129.23591,37.04032],[129.23495,37.04009],[129.23445,37.04007],[129.23396,37.0402],[129.23369,37.0403],[129.22653,37.04354],[129.22614,37.04385],[129.22591,37.04415],[129.22546,37.04443],[129.22509,37.04454],[129.22496,37.04452],[129.22483,37.04451],[129.21993,37.04389],[129.21426,37.04289],[129.21355,37.04273],[129.21158,37.04308],[129.20814,37.04382],[129.20636,37.04449],[129.20611,37.04464],[129.20585,37.0447],[129.20499,37.04486],[129.2046,37.04482],[129.20287,37.0446],[129.20275,37.04457],[129.20127,37.04371],[129.20079,37.04315],[129.19959,37.04255],[129.19892,37.04236],[129.19729,37.04251],[129.19622,37.04253],[129.19578,37.04249],[129.19559,37.04226],[129.19517,37.0414],[129.19496,37.04074],[129.19458,37.04057],[129.19176,37.0405],[129.19074,37.04058],[129.18649,37.04161],[129.18544,37.04209],[129.18488,37.04366],[129.18485,37.04399],[129.18509,37.04443],[129.18515,37.04455],[129.18527,37.04509],[129.18531,37.04531],[129.18541,37.04584],[129.18538,37.0468],[129.1837,37.04928],[129.18028,37.0537],[129.1761,37.05762],[129.17483,37.05811],[129.17383,37.05843],[129.17369,37.05845],[129.17274,37.05881],[129.17097,37.06007],[129.17051,37.0607],[129.16675,37.0661],[129.16604,37.06771],[129.16613,37.06787],[129.16639,37.06836],[129.16644,37.06899],[129.16646,37.06921],[129.16645,37.06939],[129.16644,37.06947],[129.16625,37.06959],[129.16522,37.06975],[129.15905,37.07011],[129.15868,37.07011],[129.15812,37.07012],[129.15777,37.06989],[129.1569,37.0693],[129.15682,37.06924],[129.15581,37.06918],[129.15546,37.06948],[129.15523,37.07002],[129.15491,37.07112],[129.15464,37.07204],[129.15433,37.07259],[129.15313,37.07366],[129.14927,37.07594],[129.14873,37.07594],[129.14824,37.07594],[129.14671,37.07613],[129.14597,37.07622],[129.14446,37.07643],[129.14375,37.07694],[129.14366,37.07731],[129.1437,37.07785],[129.14452,37.07775],[129.14351,37.07995],[129.14257,37.08091],[129.1423,37.08114],[129.14166,37.0814],[129.14072,37.08167],[129.14044,37.08144],[129.14008,37.08116],[129.13982,37.0811],[129.13965,37.08107],[129.13876,37.08092],[129.13459,37.08135],[129.12808,37.08421],[129.12741,37.08483],[129.12722,37.08753],[129.12722,37.08768],[129.12722,37.08781],[129.12744,37.08813],[129.12751,37.08869],[129.12744,37.08894],[129.12367,37.09118],[129.11878,37.09292],[129.11848,37.09297],[129.11618,37.09281],[129.11572,37.09256],[129.115,37.09239],[129.11415,37.09237],[129.11341,37.09244],[129.11293,37.09252],[129.10859,37.09352],[129.10711,37.09505],[129.10693,37.09525],[129.1068,37.09539],[129.10618,37.09611],[129.10598,37.09645],[129.10475,37.09783],[129.10426,37.09829],[129.10182,37.0995],[129.09811,37.09984],[129.09743,37.09968],[129.0958,37.10046],[129.09365,37.10495],[129.09364,37.10523],[129.09363,37.1053],[129.09363,37.10535],[129.0936,37.10539],[129.0933,37.1059],[129.09322,37.10604],[129.08924,37.11201],[129.08862,37.11288],[129.08855,37.11298],[129.08848,37.11308],[129.08845,37.11312],[129.08835,37.11323],[129.08832,37.11327],[129.08828,37.1133],[129.08819,37.11336],[129.08812,37.11339],[129.08803,37.11342],[129.08791,37.11345],[129.08786,37.11346],[129.08781,37.11347],[129.08773,37.11351],[129.08769,37.11354],[129.08768,37.11359],[129.08765,37.11386],[129.08764,37.114],[129.08765,37.11408],[129.08766,37.11422],[129.08772,37.11442],[129.08785,37.11481],[129.08825,37.11588],[129.08828,37.11596],[129.08836,37.11609],[129.08843,37.11618],[129.08937,37.11737],[129.08941,37.11741],[129.08947,37.11745],[129.09029,37.11786],[129.09037,37.11789],[129.09046,37.11791],[129.09055,37.11793],[129.09066,37.11795],[129.09143,37.12011],[129.09043,37.12112],[129.08921,37.12327],[129.08917,37.12333],[129.08916,37.12338],[129.08917,37.12341],[129.0894,37.12414],[129.08944,37.12422],[129.08949,37.12431],[129.08963,37.12449],[129.09096,37.12724],[129.09297,37.1315],[129.09301,37.13158],[129.09527,37.1387],[129.09424,37.14018],[129.09413,37.14122],[129.09411,37.14132],[129.0941,37.14141],[129.09396,37.14213],[129.09393,37.14225],[129.09389,37.14227],[129.09191,37.14321],[129.0911,37.14358],[129.09082,37.1437],[129.09065,37.14376],[129.09035,37.14385],[129.09012,37.1439],[129.08997,37.14393],[129.08971,37.14392],[129.0896,37.14472],[129.08886,37.15189],[129.08874,37.15667],[129.08855,37.15825],[129.0885,37.15832],[129.08837,37.15841],[129.08696,37.1593],[129.08691,37.15933],[129.08686,37.15934],[129.0868,37.15934],[129.08665,37.15934],[129.08807,37.16077],[129.08894,37.16164],[129.08899,37.16172],[129.08905,37.16184],[129.08907,37.16192],[129.08906,37.16201],[129.08904,37.16208],[129.08898,37.16228],[129.08894,37.16245],[129.08891,37.16264],[129.0889,37.16277],[129.08892,37.16289],[129.0891,37.16405],[129.08913,37.16418],[129.08917,37.16433],[129.08919,37.1644],[129.08924,37.1645],[129.08931,37.1646],[129.08939,37.16468],[129.08946,37.16472],[129.09017,37.16513],[129.09297,37.1666],[129.09309,37.16665],[129.09314,37.16666],[129.0932,37.16667],[129.09326,37.16667],[129.09428,37.16651],[129.09508,37.16638],[129.09515,37.16638],[129.0952,37.16639],[129.09524,37.16641],[129.09528,37.16644],[129.09906,37.17119],[129.09908,37.17123],[129.09941,37.17153],[129.09952,37.17163],[129.09965,37.17169],[129.09984,37.17175],[129.10056,37.17192],[129.10069,37.17196],[129.10078,37.17196],[129.10087,37.17196],[129.10345,37.17196],[129.10479,37.17134],[129.10481,37.17126],[129.10484,37.17119],[129.10489,37.17112],[129.10497,37.17105],[129.10508,37.17097],[129.1052,37.17089],[129.10547,37.17075],[129.10563,37.17067],[129.1057,37.17065],[129.10825,37.17002],[129.10842,37.17],[129.10862,37.16999],[129.1092,37.17004],[129.11184,37.17043],[129.11717,37.17168],[129.11811,37.17193],[129.12036,37.17264],[129.12321,37.17381],[129.12509,37.17463],[129.12514,37.17465],[129.12522,37.17464],[129.12726,37.17423],[129.12734,37.1742],[129.12738,37.17413],[129.12744,37.17395],[129.12754,37.17376],[129.12763,37.17367],[129.12771,37.17362],[129.1281,37.17347],[129.12833,37.17338],[129.12853,37.17333],[129.12873,37.17329],[129.12894,37.1733],[129.12914,37.17332],[129.13046,37.17364],[129.13096,37.17381],[129.1321,37.17433],[129.13218,37.17438],[129.13221,37.17444],[129.13233,37.17471],[129.13239,37.17484],[129.13248,37.17508],[129.13255,37.17518],[129.13263,37.17521],[129.13284,37.17524],[129.13416,37.17537],[129.1356,37.17545],[129.13801,37.17537],[129.13951,37.17521],[129.13963,37.17518],[129.14,37.17518],[129.14185,37.17525],[129.14239,37.17534],[129.14295,37.17549],[129.14336,37.17581],[129.14385,37.17613],[129.14454,37.17641],[129.14627,37.17687],[129.14707,37.17685],[129.14772,37.17672],[129.14835,37.17641],[129.14902,37.17606],[129.14937,37.17563],[129.14964,37.17514],[129.15022,37.17442],[129.15089,37.17416],[129.1515,37.17401],[129.15186,37.17399],[129.1521,37.17411],[129.15294,37.17515],[129.15328,37.17573],[129.15374,37.17669],[129.15379,37.1768],[129.15452,37.17801],[129.15562,37.17966],[129.15611,37.18032],[129.15985,37.18302],[129.16219,37.18401],[129.16496,37.18471],[129.16511,37.18484],[129.16719,37.18762],[129.16766,37.18835],[129.16776,37.18855],[129.16865,37.19075],[129.16868,37.19084],[129.1687,37.19099],[129.16869,37.19111],[129.16863,37.19127],[129.16852,37.19152],[129.16843,37.19169],[129.16834,37.1918],[129.16825,37.19187],[129.16752,37.19356],[129.16718,37.19743],[129.16717,37.19755],[129.1672,37.19778],[129.16732,37.19847],[129.16734,37.1986],[129.16739,37.19875],[129.16746,37.19892],[129.16823,37.20071],[129.16871,37.2017],[129.16909,37.20353],[129.17152,37.20255],[129.17206,37.20251],[129.17362,37.202],[129.17438,37.2016],[129.17541,37.20106],[129.17547,37.20103],[129.17553,37.20101],[129.17561,37.201],[129.17567,37.20098],[129.17574,37.20097],[129.17588,37.20096],[129.17601,37.20096],[129.17712,37.20108],[129.17729,37.2011],[129.17896,37.20155],[129.17912,37.20162],[129.17975,37.2019],[129.17981,37.20195],[129.17987,37.202],[129.17992,37.20206],[129.18003,37.20215],[129.18017,37.20223],[129.18026,37.20227],[129.18035,37.20231],[129.18054,37.20235],[129.18167,37.20258],[129.18172,37.20258],[129.18178,37.20259],[129.18393,37.20224],[129.18403,37.2022],[129.18499,37.20177],[129.18513,37.20171],[129.188,37.20012],[129.18815,37.20003],[129.1883,37.19991],[129.1885,37.19972],[129.18976,37.1983],[129.19041,37.1973],[129.1926,37.19356],[129.19365,37.19136],[129.19578,37.18857],[129.19593,37.18842],[129.196,37.18836],[129.19609,37.18829],[129.19848,37.18674],[129.19854,37.18673],[129.20019,37.18646],[129.20037,37.18645],[129.20049,37.18646],[129.20428,37.18718],[129.20909,37.18723],[129.21125,37.18695],[129.21214,37.18638],[129.21269,37.18604],[129.2132,37.18576],[129.21326,37.18574],[129.21346,37.18568],[129.21352,37.18568],[129.21509,37.18575],[129.21517,37.18576],[129.21591,37.18621],[129.21872,37.18728],[129.21887,37.18733],[129.21898,37.18734],[129.21913,37.18734],[129.22047,37.18729],[129.22078,37.18727],[129.22093,37.18725],[129.2212,37.18717],[129.22136,37.1871],[129.22246,37.1866],[129.22248,37.18657],[129.2237,37.1837],[129.22371,37.18357],[129.22369,37.18344],[129.22356,37.18308],[129.22342,37.18262],[129.22337,37.18242],[129.2234,37.18233],[129.22451,37.17955],[129.22458,37.17946],[129.22666,37.17725],[129.22811,37.17335],[129.22816,37.17314],[129.22818,37.17292],[129.22817,37.17287],[129.22766,37.17127],[129.22758,37.17109],[129.2274,37.17096],[129.2273,37.17091],[129.22705,37.17083],[129.22467,37.16787],[129.22336,37.16311],[129.22334,37.16294],[129.2235,37.16235],[129.22352,37.1623],[129.22442,37.16017],[129.22454,37.15996],[129.2246,37.15987],[129.22476,37.15972],[129.22503,37.15949],[129.22514,37.15941],[129.22688,37.1587],[129.22697,37.15867],[129.22774,37.15861],[129.22848,37.15857],[129.2286,37.15857],[129.22965,37.1587],[129.23247,37.15905],[129.23271,37.15908],[129.23392,37.15926],[129.23531,37.15947],[129.23793,37.15685],[129.23812,37.15661],[129.23885,37.15483],[129.23921,37.15385],[129.23974,37.15064],[129.23974,37.1506],[129.23972,37.15052],[129.23968,37.15042],[129.23927,37.14937],[129.23922,37.14929],[129.23917,37.14919],[129.23873,37.14864],[129.23745,37.14736],[129.23737,37.1473],[129.23712,37.14713],[129.2357,37.14529],[129.23546,37.14404],[129.23424,37.14144],[129.23418,37.14132],[129.23404,37.14113],[129.23183,37.13826],[129.23178,37.1382],[129.23057,37.13703],[129.23043,37.13694],[129.23037,37.13691],[129.23028,37.13688],[129.23014,37.13685],[129.22995,37.13681],[129.22966,37.13676],[129.22942,37.13672],[129.22935,37.13669],[129.22883,37.13637],[129.22707,37.13524],[129.22432,37.13265],[129.22282,37.13048],[129.22222,37.12828],[129.22225,37.1282],[129.22225,37.12814],[129.22224,37.12804],[129.22221,37.12796],[129.22215,37.12786],[129.22185,37.12757],[129.22169,37.12743],[129.22158,37.12734],[129.22154,37.12732],[129.22151,37.1273],[129.22102,37.12705],[129.22072,37.12693],[129.22053,37.12686],[129.21853,37.12639],[129.21707,37.12643],[129.217,37.12645],[129.21635,37.12657],[129.21631,37.12653],[129.21584,37.1258],[129.2158,37.12572],[129.21527,37.12458],[129.21521,37.12444],[129.21519,37.12424],[129.21519,37.12401],[129.21565,37.12222],[129.21641,37.12104],[129.21721,37.11949],[129.21724,37.11942],[129.2172,37.11874],[129.21719,37.11866],[129.21646,37.11731],[129.21641,37.11724],[129.21593,37.11679],[129.21544,37.11635],[129.21422,37.11318],[129.21425,37.10979],[129.21436,37.1094],[129.21442,37.10924],[129.21517,37.1076],[129.21585,37.10689],[129.21588,37.10687],[129.21591,37.10684],[129.21642,37.10658],[129.21657,37.10653],[129.21719,37.1062],[129.21823,37.10515],[129.21839,37.10492],[129.21919,37.1033],[129.21977,37.10204],[129.21976,37.1019],[129.21971,37.1018],[129.21964,37.10171],[129.21954,37.10163],[129.21942,37.10153],[129.21908,37.10123],[129.21902,37.10115],[129.21892,37.10091],[129.21884,37.10067],[129.21864,37.09958],[129.21863,37.0994],[129.21837,37.09418],[129.21837,37.09412],[129.22036,37.08923],[129.22041,37.08913],[129.22266,37.08641],[129.2227,37.08639],[129.2228,37.08634],[129.22318,37.08628],[129.22348,37.08621],[129.22374,37.08614],[129.2239,37.08607],[129.22625,37.08365],[129.22737,37.08145],[129.22893,37.07916],[129.22982,37.07864],[129.22991,37.07858],[129.23005,37.07843],[129.23113,37.07688]]]]}},{"type":"Feature","properties":{"code":"51230360","name":"신기면","parent":"51230"},"geometry":{"type":"MultiPolygon","coordinates":[[[[129.10015,37.35923],[129.10069,37.35898],[129.10218,37.35755],[129.1036,37.35611],[129.10399,37.35563],[129.10407,37.35551],[129.10578,37.35134],[129.10581,37.35124],[129.10607,37.34936],[129.10707,37.34166],[129.10701,37.34022],[129.10702,37.34009],[129.1071,37.33998],[129.10734,37.3398],[129.10764,37.33967],[129.10849,37.33946],[129.1095,37.33909],[129.10977,37.33897],[129.11116,37.33823],[129.1128,37.33725],[129.11316,37.33702],[129.11347,37.33677],[129.1158,37.33482],[129.11594,37.3346],[129.11606,37.33439],[129.11617,37.33411],[129.1166,37.33291],[129.11661,37.33286],[129.1166,37.33283],[129.11656,37.33275],[129.11642,37.33263],[129.11618,37.33248],[129.11522,37.33197],[129.11466,37.33172],[129.11435,37.33156],[129.11405,37.33136],[129.11346,37.33084],[129.11085,37.32854],[129.11066,37.32833],[129.11049,37.32795],[129.10987,37.32585],[129.10986,37.32568],[129.10989,37.32559],[129.10999,37.32543],[129.11006,37.32531],[129.11023,37.3251],[129.11181,37.32197],[129.11087,37.31806],[129.10838,37.31427],[129.10738,37.31056],[129.1076,37.3102],[129.1078,37.3098],[129.10785,37.30967],[129.10785,37.30958],[129.10778,37.30949],[129.1071,37.30852],[129.10704,37.30844],[129.10691,37.30831],[129.10522,37.30674],[129.10497,37.30654],[129.10476,37.30642],[129.10428,37.30617],[129.10403,37.30607],[129.10294,37.30575],[129.10167,37.30542],[129.10132,37.30536],[129.10126,37.30532],[129.10091,37.3044],[129.10086,37.30421],[129.10085,37.304],[129.10104,37.30035],[129.10137,37.29842],[129.10152,37.29831],[129.10167,37.29819],[129.10267,37.29713],[129.10277,37.29702],[129.10301,37.29672],[129.10353,37.29583],[129.10323,37.29524],[129.10286,37.29503],[129.10141,37.29423],[129.10106,37.29408],[129.1007,37.29392],[129.10038,37.29389],[129.10012,37.29386],[129.09246,37.29456],[129.08769,37.2951],[129.08714,37.29464],[129.08607,37.29444],[129.085,37.29425],[129.0762,37.29327],[129.07309,37.293],[129.07075,37.29294],[129.06985,37.29305],[129.06895,37.29315],[129.06746,37.29375],[129.0676,37.29425],[129.06791,37.29477],[129.06826,37.29502],[129.06869,37.29519],[129.06909,37.29535],[129.06891,37.29862],[129.06446,37.30039],[129.06286,37.30221],[129.0627,37.30276],[129.06263,37.30396],[129.06406,37.30615],[129.06643,37.30924],[129.06747,37.30947],[129.06878,37.30975],[129.06929,37.30993],[129.07124,37.31186],[129.06898,37.31467],[129.0641,37.31612],[129.06037,37.31613],[129.05473,37.31522],[129.04976,37.3136],[129.04736,37.31206],[129.04658,37.31147],[129.04628,37.3111],[129.04489,37.30883],[129.04477,37.30854],[129.0451,37.30682],[129.04094,37.30477],[129.03368,37.29996],[129.02984,37.30018],[129.02463,37.30122],[129.01952,37.30314],[129.01941,37.30316],[129.01845,37.30329],[129.01799,37.30498],[129.01796,37.30501],[129.01562,37.30588],[129.01416,37.30745],[129.01212,37.30986],[129.01036,37.3116],[129.00975,37.31154],[129.00953,37.31154],[129.00944,37.31156],[129.00812,37.31213],[129.00459,37.31459],[129.00457,37.31462],[129.00364,37.31591],[129.00276,37.31724],[129.0027,37.31745],[129.00262,37.31765],[129.00256,37.31774],[129.00249,37.31783],[129.00244,37.31786],[129.0024,37.31789],[129.00228,37.31798],[129.00206,37.31811],[129.00177,37.31828],[129.00084,37.31877],[129.00049,37.31895],[129.00018,37.31908],[129.00001,37.31912],[128.99983,37.31916],[128.99967,37.31919],[128.99941,37.31923],[128.9989,37.3193],[128.99863,37.31933],[128.99841,37.31935],[128.99819,37.31937],[128.99799,37.3194],[128.99788,37.31943],[128.99781,37.31948],[128.99779,37.31951],[128.99778,37.31957],[128.99782,37.32496],[128.99784,37.32507],[128.99796,37.32527],[128.99805,37.3254],[128.99833,37.32577],[128.99839,37.32583],[128.99844,37.32588],[128.99857,37.32597],[129.00106,37.32738],[129.00591,37.33221],[129.00616,37.33244],[129.00744,37.3334],[129.00808,37.33383],[129.00829,37.33395],[129.0085,37.33406],[129.00864,37.33412],[129.00877,37.33417],[129.0099,37.3344],[129.00997,37.3344],[129.01004,37.33441],[129.01035,37.3344],[129.01053,37.33436],[129.01069,37.33434],[129.01088,37.33437],[129.01117,37.33443],[129.01136,37.33453],[129.01444,37.33791],[129.01453,37.33809],[129.01449,37.3383],[129.01439,37.33852],[129.0143,37.33865],[129.01419,37.33872],[129.01393,37.33878],[129.01366,37.33883],[129.01306,37.33893],[129.01271,37.33894],[129.01256,37.33894],[129.01241,37.33894],[129.01229,37.33896],[129.01214,37.33897],[129.01191,37.33907],[129.01169,37.33916],[129.01107,37.33943],[129.0106,37.33965],[129.01048,37.33974],[129.0104,37.33979],[129.01015,37.33997],[129.00996,37.34021],[129.00984,37.3406],[129.00967,37.34129],[129.00964,37.3416],[129.00967,37.34179],[129.00987,37.34208],[129.01015,37.34242],[129.01042,37.34272],[129.0105,37.34286],[129.00992,37.34405],[129.00983,37.34415],[129.00975,37.34424],[129.00896,37.34497],[129.00863,37.34523],[129.00833,37.34542],[129.00786,37.34561],[129.00734,37.34578],[129.00693,37.34582],[129.00659,37.34586],[129.00655,37.34585],[129.00815,37.34684],[129.00947,37.34789],[129.00974,37.34815],[129.00991,37.34842],[129.01002,37.34882],[129.01,37.34907],[129.00999,37.34966],[129.01025,37.35085],[129.01031,37.35094],[129.01038,37.35101],[129.01045,37.35108],[129.01092,37.35132],[129.01193,37.35173],[129.01272,37.35205],[129.01324,37.35229],[129.01412,37.35276],[129.01419,37.35284],[129.01467,37.35353],[129.0147,37.35363],[129.01449,37.35564],[129.0143,37.357],[129.0135,37.36018],[129.01335,37.36057],[129.01417,37.36061],[129.01638,37.36084],[129.01704,37.36093],[129.01808,37.36112],[129.02316,37.36235],[129.02837,37.36376],[129.02862,37.36382],[129.02893,37.36378],[129.03025,37.36354],[129.03054,37.36356],[129.03241,37.36443],[129.03266,37.36411],[129.04445,37.36041],[129.05711,37.35644],[129.05978,37.35953],[129.06166,37.36021],[129.06404,37.3604],[129.06699,37.36063],[129.06824,37.36006],[129.06851,37.35991],[129.0688,37.35968],[129.06905,37.35935],[129.06963,37.35867],[129.07141,37.35689],[129.07187,37.35643],[129.07197,37.35635],[129.0721,37.35632],[129.07238,37.35633],[129.07247,37.35636],[129.07255,37.35638],[129.07476,37.35743],[129.07673,37.35882],[129.0848,37.36079],[129.08708,37.36132],[129.08781,37.36136],[129.08792,37.36134],[129.08803,37.36132],[129.08925,37.36069],[129.08984,37.36035],[129.09199,37.35922],[129.0941,37.35843],[129.09664,37.35828],[129.10015,37.35923]]]]}},{"type":"Feature","properties":{"code":"51230510","name":"남양동","parent":"51230"},"geometry":{"type":"MultiPolygon","coordinates":[[[[129.17076,37.44173],[129.16973,37.4414],[129.16826,37.43867],[129.16819,37.43836],[129.16813,37.43803],[129.1682,37.43793],[129.16867,37.43728],[129.17192,37.43498],[129.17641,37.43249],[129.17704,37.43234],[129.17903,37.43187],[129.18191,37.43161],[129.18416,37.43142],[129.1846,37.43138],[129.18565,37.43155],[129.18753,37.43186],[129.19066,37.43296],[129.19252,37.43218],[129.19103,37.43234],[129.19072,37.4319],[129.19097,37.43173],[129.19122,37.43163],[129.1916,37.43154],[129.19165,37.43158],[129.19259,37.43069],[129.19331,37.42818],[129.19333,37.42802],[129.19342,37.42714],[129.19328,37.42695],[129.19317,37.42685],[129.19289,37.42666],[129.19276,37.42658],[129.19322,37.42416],[129.19502,37.42213],[129.19664,37.41991],[129.19725,37.41846],[129.19518,37.4185],[129.19496,37.41855],[129.19464,37.41858],[129.1944,37.41857],[129.19418,37.41856],[129.19286,37.41839],[129.19262,37.41831],[129.19259,37.4183],[129.19256,37.41829],[129.19225,37.41815],[129.19207,37.41803],[129.19175,37.41778],[129.19156,37.41752],[129.19053,37.41566],[129.19046,37.41551],[129.18707,37.412],[129.18504,37.41011],[129.17882,37.40602],[129.17536,37.40389],[129.1727,37.40227],[129.1722,37.40231],[129.17171,37.40234],[129.17137,37.40232],[129.17102,37.40226],[129.17067,37.40209],[129.17037,37.40188],[129.17005,37.40156],[129.16988,37.40134],[129.16922,37.39922],[129.16907,37.39543],[129.16979,37.39389],[129.17044,37.39172],[129.17045,37.39152],[129.17033,37.39107],[129.1702,37.39071],[129.1698,37.39004],[129.16951,37.38972],[129.16828,37.38865],[129.16809,37.38852],[129.16786,37.38841],[129.16713,37.38816],[129.16699,37.38804],[129.16591,37.38639],[129.1643,37.38361],[129.16195,37.38244],[129.15522,37.37823],[129.15454,37.37781],[129.15444,37.37776],[129.15433,37.37774],[129.15419,37.37774],[129.15241,37.37888],[129.15001,37.37983],[129.14852,37.38036],[129.14762,37.38083],[129.14742,37.38095],[129.14714,37.38123],[129.14647,37.3819],[129.14616,37.38225],[129.14605,37.38241],[129.14602,37.3826],[129.14595,37.3844],[129.146,37.38459],[129.14619,37.38483],[129.14636,37.38503],[129.14652,37.38516],[129.14664,37.38526],[129.14677,37.38537],[129.14703,37.38582],[129.14724,37.38628],[129.14733,37.38652],[129.14744,37.38744],[129.14745,37.38776],[129.14698,37.38912],[129.14687,37.38931],[129.14598,37.39068],[129.14586,37.39079],[129.14562,37.39096],[129.14541,37.3911],[129.14472,37.39152],[129.14451,37.39161],[129.14443,37.39162],[129.14433,37.39163],[129.13957,37.39036],[129.13911,37.39023],[129.13853,37.39005],[129.13819,37.38992],[129.138,37.38979],[129.13794,37.38994],[129.13797,37.39016],[129.13803,37.39049],[129.13825,37.39106],[129.13856,37.39153],[129.13882,37.39192],[129.13905,37.39228],[129.13913,37.39251],[129.13926,37.393],[129.13937,37.39356],[129.13943,37.39412],[129.13944,37.3943],[129.13903,37.39823],[129.13885,37.39937],[129.1388,37.3995],[129.13788,37.40106],[129.13668,37.40293],[129.13659,37.40304],[129.13637,37.40318],[129.13614,37.40333],[129.1359,37.4036],[129.13579,37.40403],[129.13573,37.40688],[129.13572,37.40726],[129.13581,37.40755],[129.1359,37.4076],[129.13761,37.40753],[129.14183,37.408],[129.14313,37.4091],[129.14527,37.41246],[129.14515,37.41311],[129.14491,37.41367],[129.14502,37.41384],[129.14772,37.41476],[129.14912,37.41454],[129.14979,37.41433],[129.15042,37.41442],[129.15157,37.41652],[129.15461,37.41991],[129.15488,37.42165],[129.15429,37.4227],[129.15441,37.42316],[129.1551,37.42381],[129.15638,37.42461],[129.15973,37.42664],[129.16066,37.42959],[129.16062,37.42966],[129.16024,37.43138],[129.16024,37.43141],[129.16243,37.43837],[129.16364,37.44365],[129.1636,37.44444],[129.16361,37.44447],[129.16362,37.4445],[129.16366,37.44459],[129.16388,37.44499],[129.16395,37.44504],[129.16627,37.44554],[129.16912,37.44593],[129.17102,37.44731],[129.17274,37.44503],[129.17076,37.44173]]]]}},{"type":"Feature","properties":{"code":"51230570","name":"성내동","parent":"51230"},"geometry":{"type":"MultiPolygon","coordinates":[[[[129.13489,37.45316],[129.13623,37.45221],[129.13623,37.45135],[129.1377,37.45062],[129.14064,37.44943],[129.14746,37.44769],[129.15195,37.44565],[129.15412,37.44546],[129.15793,37.44602],[129.15867,37.44613],[129.15863,37.44642],[129.1584,37.44734],[129.15828,37.44771],[129.15827,37.44774],[129.15813,37.44869],[129.15815,37.44971],[129.15817,37.4499],[129.15832,37.4502],[129.15847,37.45037],[129.15897,37.45057],[129.1609,37.45063],[129.16138,37.4498],[129.16227,37.44819],[129.16268,37.44743],[129.16315,37.44655],[129.16325,37.44655],[129.16359,37.44664],[129.16549,37.44723],[129.16647,37.44774],[129.16888,37.449],[129.16985,37.44951],[129.16997,37.44949],[129.17008,37.44948],[129.17012,37.44947],[129.17057,37.44876],[129.17096,37.44797],[129.17098,37.44789],[129.17102,37.44731],[129.16912,37.44593],[129.16627,37.44554],[129.16395,37.44504],[129.16388,37.44499],[129.16366,37.44459],[129.16362,37.4445],[129.16361,37.44447],[129.1636,37.44444],[129.16364,37.44365],[129.16243,37.43837],[129.16024,37.43141],[129.16024,37.43138],[129.16062,37.42966],[129.16066,37.42959],[129.15973,37.42664],[129.15638,37.42461],[129.1551,37.42381],[129.15441,37.42316],[129.15429,37.4227],[129.15488,37.42165],[129.15461,37.41991],[129.15157,37.41652],[129.15042,37.41442],[129.14979,37.41433],[129.14912,37.41454],[129.14772,37.41476],[129.14502,37.41384],[129.14491,37.41367],[129.14515,37.41311],[129.14527,37.41246],[129.14313,37.4091],[129.14183,37.408],[129.13761,37.40753],[129.1359,37.4076],[129.13376,37.40803],[129.13173,37.40857],[129.13132,37.40868],[129.13085,37.40885],[129.13052,37.40906],[129.1302,37.40933],[129.12966,37.40991],[129.12916,37.41067],[129.12853,37.41169],[129.12839,37.41215],[129.12825,37.4127],[129.12822,37.41346],[129.12899,37.42075],[129.13081,37.42548],[129.13081,37.42552],[129.13042,37.42573],[129.12977,37.42602],[129.12947,37.42611],[129.12909,37.42615],[129.12882,37.42614],[129.12692,37.4267],[129.12391,37.42862],[129.12139,37.43054],[129.12073,37.43125],[129.11922,37.43159],[129.11639,37.43115],[129.11442,37.43082],[129.1135,37.43068],[129.11329,37.43072],[129.11315,37.43079],[129.10956,37.43252],[129.10588,37.43366],[129.09809,37.43909],[129.09783,37.43929],[129.09656,37.44049],[129.09508,37.44183],[129.09212,37.44422],[129.08856,37.44641],[129.08816,37.4466],[129.0879,37.44664],[129.08759,37.44663],[129.08729,37.44657],[129.08442,37.448],[129.08224,37.45227],[129.08221,37.45232],[129.07747,37.45517],[129.07724,37.45528],[129.07651,37.45555],[129.07484,37.45614],[129.07675,37.45617],[129.07687,37.45619],[129.07705,37.45626],[129.08179,37.4586],[129.08215,37.45899],[129.08226,37.45913],[129.08239,37.45949],[129.08298,37.46019],[129.0834,37.46044],[129.08354,37.46049],[129.09183,37.46219],[129.09556,37.46333],[129.09575,37.46336],[129.09586,37.46334],[129.0961,37.46329],[129.09659,37.46314],[129.0969,37.46304],[129.09826,37.46247],[129.09835,37.4624],[129.09852,37.46213],[129.09877,37.4615],[129.09903,37.46096],[129.09937,37.46049],[129.09952,37.46037],[129.10023,37.45981],[129.10207,37.45887],[129.10333,37.45892],[129.10342,37.45891],[129.1035,37.45888],[129.10448,37.45829],[129.10582,37.45734],[129.10681,37.45664],[129.1069,37.4564],[129.10726,37.45592],[129.10739,37.45583],[129.10754,37.45579],[129.10829,37.45577],[129.10865,37.45576],[129.11203,37.45682],[129.11224,37.45693],[129.11316,37.45749],[129.11486,37.45883],[129.11491,37.45897],[129.11499,37.45935],[129.11506,37.45981],[129.1152,37.45991],[129.11612,37.46028],[129.11625,37.46029],[129.11787,37.46033],[129.11959,37.45993],[129.12086,37.45899],[129.12114,37.45877],[129.1213,37.45855],[129.12141,37.45832],[129.12167,37.45808],[129.12244,37.45746],[129.12329,37.45707],[129.12506,37.45679],[129.12519,37.4568],[129.12605,37.45706],[129.12753,37.4568],[129.12777,37.45676],[129.12793,37.4567],[129.12854,37.45632],[129.13054,37.45502],[129.13075,37.45467],[129.13117,37.45418],[129.13135,37.45403],[129.13287,37.45313],[129.13302,37.45308],[129.13315,37.45308],[129.13489,37.45316]]]]}},{"type":"Feature","properties":{"code":"51230530","name":"교동","parent":"51230"},"geometry":{"type":"MultiPolygon","coordinates":[[[[129.18982,37.44924],[129.18797,37.44887],[129.18774,37.44831],[129.18764,37.44814],[129.18652,37.44695],[129.18646,37.44694],[129.18555,37.44674],[129.1834,37.4465],[129.18165,37.44632],[129.18213,37.44716],[129.18227,37.44778],[129.18142,37.44915],[129.17526,37.44797],[129.17195,37.44663],[129.17294,37.44512],[129.17398,37.44354],[129.17471,37.44274],[129.17273,37.4415],[129.1722,37.44152],[129.17076,37.44173],[129.17274,37.44503],[129.17102,37.44731],[129.17098,37.44789],[129.17096,37.44797],[129.17057,37.44876],[129.17012,37.44947],[129.17008,37.44948],[129.16997,37.44949],[129.16985,37.44951],[129.16888,37.449],[129.16647,37.44774],[129.16549,37.44723],[129.16359,37.44664],[129.16325,37.44655],[129.16315,37.44655],[129.16268,37.44743],[129.16227,37.44819],[129.16138,37.4498],[129.1609,37.45063],[129.15897,37.45057],[129.15847,37.45037],[129.15832,37.4502],[129.15817,37.4499],[129.15815,37.44971],[129.15813,37.44869],[129.15827,37.44774],[129.15828,37.44771],[129.1584,37.44734],[129.15863,37.44642],[129.15867,37.44613],[129.15793,37.44602],[129.15412,37.44546],[129.15195,37.44565],[129.14746,37.44769],[129.14064,37.44943],[129.1377,37.45062],[129.13623,37.45135],[129.13623,37.45221],[129.13489,37.45316],[129.1353,37.45357],[129.13738,37.45824],[129.13821,37.46018],[129.13816,37.46066],[129.13795,37.46158],[129.13837,37.4633],[129.13902,37.46454],[129.1413,37.46627],[129.14157,37.4664],[129.1417,37.46645],[129.14222,37.46653],[129.14256,37.46657],[129.1435,37.46656],[129.144,37.46648],[129.14671,37.46607],[129.14697,37.46594],[129.14716,37.46578],[129.14729,37.46559],[129.14746,37.46542],[129.1476,37.46532],[129.14771,37.46525],[129.14787,37.46516],[129.1488,37.46486],[129.14978,37.4656],[129.15035,37.46623],[129.15139,37.46751],[129.15365,37.47077],[129.15475,37.47237],[129.15474,37.47313],[129.15473,37.47335],[129.15486,37.47373],[129.15502,37.47399],[129.15783,37.4758],[129.15929,37.47661],[129.16,37.47674],[129.16344,37.47345],[129.16422,37.47368],[129.16515,37.47383],[129.1658,37.47376],[129.1659,37.47373],[129.16605,37.47357],[129.16635,37.47319],[129.16638,37.47309],[129.16623,37.47291],[129.16612,37.47277],[129.16609,37.47275],[129.16598,37.47267],[129.16594,37.47264],[129.16585,37.47264],[129.16573,37.47268],[129.16567,37.47268],[129.16559,37.4726],[129.16551,37.47248],[129.1655,37.47229],[129.16552,37.47206],[129.16555,37.47195],[129.16565,37.47175],[129.16631,37.47102],[129.16641,37.47091],[129.16696,37.4704],[129.16747,37.47001],[129.17199,37.46666],[129.17308,37.46598],[129.17573,37.46462],[129.17609,37.46444],[129.17799,37.46371],[129.17833,37.4636],[129.18112,37.46074],[129.18436,37.45804],[129.18757,37.45416],[129.18898,37.45266],[129.18953,37.45226],[129.18968,37.45212],[129.19006,37.45177],[129.19013,37.45164],[129.19045,37.44956],[129.18982,37.44924]]]]}},{"type":"Feature","properties":{"code":"51230540","name":"정라동","parent":"51230"},"geometry":{"type":"MultiPolygon","coordinates":[[[[129.19252,37.43218],[129.19066,37.43296],[129.18753,37.43186],[129.18565,37.43155],[129.1846,37.43138],[129.18416,37.43142],[129.18191,37.43161],[129.17903,37.43187],[129.17704,37.43234],[129.17641,37.43249],[129.17192,37.43498],[129.16867,37.43728],[129.1682,37.43793],[129.16813,37.43803],[129.16819,37.43836],[129.16826,37.43867],[129.16973,37.4414],[129.17076,37.44173],[129.1722,37.44152],[129.17273,37.4415],[129.17471,37.44274],[129.17398,37.44354],[129.17294,37.44512],[129.17195,37.44663],[129.17526,37.44797],[129.18142,37.44915],[129.18227,37.44778],[129.18213,37.44716],[129.18165,37.44632],[129.1834,37.4465],[129.18555,37.44674],[129.18646,37.44694],[129.18652,37.44695],[129.18764,37.44814],[129.18774,37.44831],[129.18797,37.44887],[129.18982,37.44924],[129.18984,37.44876],[129.19001,37.44721],[129.19023,37.44603],[129.1909,37.44451],[129.19217,37.44307],[129.19216,37.43948],[129.19209,37.43797],[129.19064,37.43865],[129.18851,37.43874],[129.1882,37.43872],[129.18795,37.43864],[129.18777,37.43858],[129.18747,37.43834],[129.18747,37.43829],[129.18743,37.43752],[129.18928,37.43446],[129.19236,37.43411],[129.19284,37.43366],[129.19405,37.43246],[129.19407,37.43228],[129.19382,37.43216],[129.19252,37.43218]]]]}}]}