{"type":"FeatureCollection","features":[{"type":"Feature","properties":{"code":"47130250","name":"감포읍","parent":"47130"},"geometry":{"type":"MultiPolygon","coordinates":[[[[129.51826,35.84194],[129.51835,35.84156],[129.51874,35.84066],[129.51928,35.83943],[129.51993,35.83868],[129.51997,35.83864],[129.52049,35.83812],[129.52079,35.83757],[129.52046,35.83742],[129.51842,35.8366],[129.51652,35.83534],[129.51526,35.83407],[129.5147,35.83343],[129.51458,35.83291],[129.51474,35.83273],[129.51461,35.83169],[129.51186,35.82777],[129.51093,35.82685],[129.51003,35.82471],[129.50964,35.82352],[129.50975,35.82295],[129.51003,35.82158],[129.51093,35.81964],[129.51278,35.81746],[129.51319,35.81714],[129.51384,35.81731],[129.51426,35.8167],[129.5144,35.81589],[129.51355,35.81437],[129.51189,35.81446],[129.51153,35.81427],[129.51102,35.8135],[129.5106,35.81234],[129.51039,35.81158],[129.51046,35.8109],[129.511,35.81078],[129.51314,35.80842],[129.51319,35.80792],[129.51254,35.80674],[129.51199,35.80628],[129.51139,35.8063],[129.50987,35.80653],[129.50957,35.80695],[129.50884,35.80739],[129.50623,35.80867],[129.50559,35.8086],[129.50475,35.80805],[129.50385,35.80741],[129.50362,35.80701],[129.50333,35.80612],[129.50331,35.80551],[129.50335,35.80529],[129.50344,35.80477],[129.50485,35.80468],[129.50672,35.80621],[129.50709,35.80588],[129.50342,35.80114],[129.50302,35.80089],[129.50181,35.80105],[129.50143,35.80108],[129.50095,35.80112],[129.50037,35.80079],[129.49999,35.80058],[129.49971,35.80001],[129.49951,35.7996],[129.49946,35.7989],[129.49947,35.79817],[129.49995,35.7973],[129.50078,35.79707],[129.50121,35.79659],[129.50161,35.79394],[129.50157,35.79361],[129.50139,35.79304],[129.49829,35.79034],[129.49621,35.79035],[129.49576,35.79122],[129.49558,35.79172],[129.49488,35.79171],[129.49413,35.79147],[129.49325,35.79086],[129.49314,35.79067],[129.49257,35.78973],[129.49213,35.7889],[129.49184,35.7866],[129.49198,35.78495],[129.49207,35.7839],[129.49217,35.78302],[129.4929,35.78061],[129.49472,35.77732],[129.49687,35.77353],[129.49642,35.77125],[129.49511,35.77045],[129.49439,35.76987],[129.49427,35.76904],[129.49426,35.76897],[129.49421,35.76815],[129.49436,35.76578],[129.49463,35.76543],[129.49492,35.76428],[129.49475,35.76209],[129.49427,35.75995],[129.49394,35.75961],[129.49346,35.7597],[129.49347,35.76004],[129.49375,35.76064],[129.49349,35.76072],[129.49207,35.76015],[129.49184,35.76],[129.49163,35.75945],[129.4916,35.75846],[129.49204,35.75621],[129.49256,35.75445],[129.49296,35.75398],[129.49344,35.75378],[129.49344,35.75166],[129.49202,35.75051],[129.48991,35.74852],[129.48818,35.7465],[129.48748,35.74536],[129.48685,35.74478],[129.48587,35.74519],[129.48564,35.74509],[129.48472,35.74342],[129.48317,35.74285],[129.47964,35.74386],[129.48033,35.74481],[129.48111,35.74587],[129.48094,35.74805],[129.47327,35.75567],[129.47222,35.75654],[129.4691,35.75901],[129.4676,35.75978],[129.46653,35.76327],[129.46664,35.76573],[129.46568,35.77061],[129.46494,35.77238],[129.46255,35.7735],[129.46166,35.77527],[129.46024,35.77756],[129.45924,35.77877],[129.45863,35.77909],[129.45749,35.77937],[129.45661,35.78006],[129.45596,35.78138],[129.45478,35.78369],[129.45334,35.78646],[129.45245,35.78748],[129.45151,35.78811],[129.45024,35.78853],[129.44974,35.78868],[129.44894,35.79113],[129.4485,35.79286],[129.44723,35.79442],[129.44548,35.79638],[129.44414,35.79759],[129.44274,35.79842],[129.44216,35.79876],[129.4421,35.7991],[129.44278,35.80095],[129.44316,35.80196],[129.44512,35.80458],[129.44639,35.80532],[129.44788,35.80526],[129.44883,35.80583],[129.4504,35.80719],[129.45069,35.8078],[129.44965,35.81201],[129.44844,35.81603],[129.44933,35.81688],[129.45089,35.8173],[129.45205,35.81746],[129.45334,35.81797],[129.45403,35.81848],[129.45429,35.81933],[129.45491,35.8226],[129.45394,35.82754],[129.45374,35.82853],[129.45321,35.83082],[129.45299,35.83128],[129.45257,35.83189],[129.45247,35.83255],[129.45361,35.83413],[129.45456,35.83481],[129.45451,35.83621],[129.45391,35.83785],[129.45338,35.83874],[129.45278,35.83868],[129.45258,35.83899],[129.45287,35.84336],[129.45293,35.84377],[129.4539,35.84432],[129.45496,35.84477],[129.45546,35.84534],[129.45485,35.84676],[129.45819,35.84651],[129.45869,35.84713],[129.45929,35.8477],[129.46062,35.84877],[129.46189,35.84859],[129.46263,35.84854],[129.46416,35.84862],[129.46591,35.84904],[129.46599,35.84913],[129.46743,35.85085],[129.46811,35.85095],[129.46894,35.85022],[129.46972,35.84981],[129.46997,35.84971],[129.47244,35.84947],[129.47414,35.8496],[129.47474,35.84974],[129.47523,35.85034],[129.47656,35.85144],[129.47929,35.85295],[129.48008,35.85292],[129.48319,35.85068],[129.48378,35.85022],[129.48425,35.84968],[129.48459,35.8489],[129.48723,35.84565],[129.48765,35.84523],[129.48962,35.84353],[129.49037,35.84321],[129.49238,35.84285],[129.49483,35.84195],[129.49794,35.84068],[129.49892,35.84005],[129.50114,35.83985],[129.50388,35.8401],[129.50474,35.84027],[129.50479,35.84029],[129.50547,35.84056],[129.50733,35.84067],[129.51072,35.84039],[129.51109,35.84018],[129.51171,35.83995],[129.51277,35.83997],[129.51422,35.8402],[129.51471,35.84033],[129.51511,35.84049],[129.51636,35.84138],[129.51647,35.84145],[129.51677,35.84164],[129.51734,35.84182],[129.51802,35.84191],[129.51826,35.84194]]]]}},{"type":"Feature","properties":{"code":"47130253","name":"안강읍","parent":"47130"},"geometry":{"type":"MultiPolygon","coordinates":[[[[129.23768,36.05276],[129.23778,36.05249],[129.23799,36.05192],[129.23831,36.05091],[129.23822,36.04981],[129.23802,36.04906],[129.23705,36.04763],[129.23653,36.04704],[129.23585,36.04607],[129.23536,36.04519],[129.23535,36.04476],[129.23539,36.04337],[129.2354,36.04319],[129.23541,36.04314],[129.23646,36.04142],[129.23702,36.04053],[129.23717,36.04027],[129.23732,36.04001],[129.23739,36.03987],[129.23742,36.03981],[129.23746,36.0397],[129.23751,36.03958],[129.23765,36.03913],[129.23771,36.03879],[129.23771,36.03841],[129.23765,36.03791],[129.23759,36.03751],[129.23754,36.03728],[129.23749,36.03711],[129.23744,36.03699],[129.23739,36.03687],[129.23736,36.03674],[129.23736,36.03657],[129.23737,36.03636],[129.23739,36.03627],[129.23756,36.03518],[129.23762,36.03501],[129.23857,36.0328],[129.23871,36.03251],[129.23914,36.03164],[129.23924,36.03151],[129.23935,36.03141],[129.23947,36.03133],[129.23978,36.03113],[129.23982,36.03108],[129.23992,36.03093],[129.23997,36.03076],[129.24,36.03065],[129.24002,36.0306],[129.24006,36.03039],[129.24007,36.03026],[129.24008,36.03018],[129.23939,36.02827],[129.23872,36.02695],[129.23869,36.02691],[129.23867,36.02686],[129.23866,36.02682],[129.23893,36.0197],[129.23894,36.01962],[129.239,36.01947],[129.23906,36.01935],[129.23914,36.01924],[129.23919,36.01918],[129.23927,36.01912],[129.23973,36.01884],[129.2398,36.0188],[129.23996,36.01874],[129.24007,36.01872],[129.24018,36.01868],[129.2403,36.01862],[129.24037,36.01858],[129.24039,36.01856],[129.24041,36.01851],[129.24042,36.01843],[129.24041,36.01833],[129.2404,36.0182],[129.24038,36.01814],[129.23879,36.0124],[129.23877,36.01236],[129.23871,36.01229],[129.23864,36.01222],[129.23762,36.01122],[129.23678,36.01045],[129.23457,36.00866],[129.23449,36.00612],[129.23446,36.00477],[129.23443,36.00395],[129.2361,36.00405],[129.23664,35.99772],[129.23814,35.9978],[129.24043,35.99791],[129.24272,35.99802],[129.24364,35.998],[129.24465,35.99746],[129.24493,35.99729],[129.24537,35.99698],[129.2455,35.99687],[129.24552,35.99683],[129.24554,35.9968],[129.24643,35.99188],[129.24642,35.99184],[129.24595,35.99104],[129.24587,35.99095],[129.2446,35.98965],[129.24438,35.98963],[129.2434,35.98959],[129.24269,35.98957],[129.24138,35.98951],[129.24122,35.98946],[129.2407,35.98925],[129.23978,35.98887],[129.23906,35.98854],[129.23863,35.98834],[129.23837,35.98821],[129.23832,35.98817],[129.23829,35.98815],[129.23828,35.98812],[129.2383,35.98807],[129.23836,35.98798],[129.23849,35.98785],[129.23879,35.98755],[129.23903,35.98735],[129.24309,35.9848],[129.24503,35.9836],[129.24618,35.98289],[129.24607,35.98263],[129.24597,35.98241],[129.24591,35.98229],[129.24582,35.98214],[129.24561,35.98189],[129.24532,35.98155],[129.24063,35.97727],[129.2395,35.97649],[129.23933,35.97641],[129.23917,35.97633],[129.23905,35.97624],[129.2374,35.97469],[129.2372,35.97448],[129.23703,35.97426],[129.23683,35.97389],[129.23662,35.97338],[129.23652,35.97299],[129.23644,35.97263],[129.23644,35.97227],[129.23649,35.97201],[129.23653,35.97184],[129.23661,35.97159],[129.23718,35.96974],[129.23804,35.96684],[129.23806,35.96675],[129.23821,35.96594],[129.23852,35.96417],[129.23853,35.96407],[129.23861,35.96286],[129.23792,35.96123],[129.23755,35.96053],[129.23725,35.95973],[129.23703,35.95891],[129.23688,35.95803],[129.23686,35.95754],[129.23683,35.9564],[129.23678,35.95396],[129.23684,35.953],[129.23701,35.95221],[129.23719,35.95163],[129.23784,35.95041],[129.23829,35.94958],[129.23765,35.94914],[129.23748,35.94902],[129.23732,35.94889],[129.23708,35.94867],[129.23702,35.94861],[129.23701,35.94855],[129.23699,35.9485],[129.237,35.94843],[129.23702,35.94838],[129.23741,35.94769],[129.23755,35.94746],[129.23839,35.9458],[129.23951,35.9436],[129.23965,35.94331],[129.23969,35.94319],[129.24012,35.94187],[129.24015,35.94171],[129.24016,35.94164],[129.24021,35.94021],[129.24023,35.93955],[129.24023,35.93784],[129.24023,35.93763],[129.24022,35.93754],[129.2402,35.93742],[129.24012,35.93724],[129.24006,35.93715],[129.2399,35.93697],[129.2398,35.93686],[129.23696,35.93404],[129.23687,35.93396],[129.23675,35.93387],[129.23669,35.93384],[129.2366,35.9338],[129.23645,35.93374],[129.23524,35.93352],[129.2344,35.93338],[129.23432,35.93337],[129.23298,35.93302],[129.23295,35.93301],[129.23284,35.93297],[129.23278,35.93293],[129.23261,35.93276],[129.23237,35.93249],[129.23229,35.93239],[129.23222,35.93228],[129.23216,35.93219],[129.23209,35.93207],[129.23199,35.9319],[129.23196,35.93183],[129.23151,35.93069],[129.2315,35.93062],[129.23162,35.92911],[129.23163,35.92896],[129.23168,35.92859],[129.23169,35.92853],[129.23175,35.92838],[129.23182,35.92822],[129.23194,35.92801],[129.23298,35.92646],[129.23318,35.92624],[129.23348,35.92596],[129.23869,35.91785],[129.23871,35.91746],[129.23873,35.91705],[129.23881,35.9142],[129.2388,35.91378],[129.23879,35.9134],[129.23875,35.913],[129.23848,35.9109],[129.23729,35.911],[129.237,35.911],[129.23612,35.91072],[129.23604,35.91066],[129.23593,35.91045],[129.23308,35.90798],[129.22804,35.90504],[129.22771,35.905],[129.22751,35.90499],[129.22636,35.90507],[129.22621,35.90511],[129.22608,35.90516],[129.22203,35.90677],[129.22192,35.90684],[129.22189,35.90686],[129.22181,35.9069],[129.22136,35.90771],[129.22132,35.90787],[129.22131,35.90808],[129.22131,35.90829],[129.22134,35.90851],[129.22134,35.90875],[129.22132,35.90894],[129.2213,35.90903],[129.22127,35.90912],[129.22124,35.90914],[129.22119,35.90917],[129.22095,35.90924],[129.21281,35.91171],[129.20966,35.91258],[129.20799,35.91291],[129.20666,35.91286],[129.20615,35.91288],[129.2059,35.91292],[129.20571,35.91296],[129.20307,35.91352],[129.20168,35.91387],[129.20142,35.91398],[129.20102,35.91406],[129.20081,35.9141],[129.2006,35.91412],[129.20045,35.91412],[129.19772,35.91371],[129.19759,35.91367],[129.19743,35.9136],[129.19672,35.91314],[129.19648,35.91295],[129.19551,35.9123],[129.19409,35.91145],[129.19392,35.91134],[129.19385,35.91142],[129.19338,35.91232],[129.19076,35.91617],[129.19043,35.91663],[129.19037,35.91669],[129.19024,35.91683],[129.18514,35.92169],[129.1846,35.92208],[129.18069,35.92474],[129.18062,35.92476],[129.18022,35.92483],[129.18015,35.92484],[129.17974,35.92489],[129.17959,35.9249],[129.17461,35.92535],[129.17375,35.92535],[129.17364,35.92535],[129.17354,35.92535],[129.17329,35.92523],[129.17303,35.92511],[129.17278,35.925],[129.17261,35.92493],[129.17249,35.92492],[129.17244,35.92492],[129.17226,35.92493],[129.17183,35.92505],[129.16764,35.92693],[129.16759,35.92696],[129.16756,35.92699],[129.16752,35.92704],[129.16641,35.92811],[129.16423,35.93021],[129.16292,35.9313],[129.1623,35.93154],[129.15789,35.93217],[129.155,35.9312],[129.1548,35.93094],[129.15468,35.93079],[129.15437,35.93051],[129.15406,35.93023],[129.15376,35.92996],[129.15313,35.9295],[129.153,35.92945],[129.15294,35.92945],[129.1529,35.92947],[129.15286,35.92951],[129.15256,35.93004],[129.15247,35.93022],[129.15235,35.93052],[129.15227,35.93078],[129.15224,35.93119],[129.15227,35.93149],[129.15227,35.93188],[129.15226,35.93204],[129.15223,35.93213],[129.15216,35.93224],[129.15186,35.93263],[129.15155,35.93299],[129.14992,35.93455],[129.14981,35.93466],[129.14977,35.93467],[129.14969,35.93467],[129.1496,35.93466],[129.14837,35.93433],[129.14519,35.93339],[129.13764,35.93131],[129.13731,35.93123],[129.13714,35.9312],[129.13697,35.93119],[129.13484,35.93166],[129.13487,35.93282],[129.13485,35.93297],[129.13451,35.93409],[129.13446,35.93421],[129.13288,35.93657],[129.13271,35.93681],[129.13256,35.93702],[129.13234,35.93728],[129.13216,35.93748],[129.13205,35.93756],[129.13192,35.93762],[129.13175,35.93767],[129.13168,35.93769],[129.13153,35.9377],[129.13133,35.93774],[129.13049,35.93792],[129.13024,35.93799],[129.12929,35.93824],[129.12878,35.93843],[129.12859,35.93853],[129.12844,35.93862],[129.12839,35.93868],[129.12838,35.93873],[129.12838,35.93879],[129.12849,35.94038],[129.12815,35.94396],[129.12739,35.94987],[129.12738,35.94993],[129.12733,35.94999],[129.12727,35.95003],[129.12668,35.9503],[129.12654,35.95035],[129.12624,35.95038],[129.12602,35.95039],[129.12596,35.95039],[129.12579,35.95041],[129.1256,35.95044],[129.12537,35.95049],[129.12523,35.95053],[129.12511,35.95057],[129.12504,35.95062],[129.12495,35.9507],[129.12491,35.95075],[129.12335,35.95309],[129.12114,35.95632],[129.12015,35.95766],[129.12004,35.95781],[129.11947,35.9584],[129.11942,35.95844],[129.11938,35.95846],[129.11925,35.95851],[129.11913,35.95852],[129.11892,35.95857],[129.11879,35.95865],[129.11778,35.96006],[129.1177,35.96017],[129.11762,35.96035],[129.11746,35.96079],[129.11735,35.96112],[129.1173,35.96135],[129.11722,35.96296],[129.11748,35.96601],[129.11797,35.96742],[129.11809,35.97412],[129.11798,35.97486],[129.11758,35.97626],[129.11735,35.97764],[129.11722,35.97929],[129.11718,35.98186],[129.11717,35.9848],[129.11722,35.98518],[129.11722,35.9853],[129.11718,35.98542],[129.11714,35.98553],[129.11708,35.98563],[129.11699,35.98576],[129.11665,35.98621],[129.11633,35.98662],[129.11615,35.98684],[129.11588,35.98712],[129.11579,35.98721],[129.11563,35.98732],[129.11519,35.98763],[129.11491,35.98781],[129.11482,35.98785],[129.11472,35.98789],[129.11264,35.99131],[129.1109,35.99583],[129.1106,35.99667],[129.11057,35.99674],[129.11057,35.99685],[129.11058,35.99702],[129.1107,35.99752],[129.11076,35.99777],[129.11082,35.99798],[129.11089,35.99819],[129.11122,35.9987],[129.11143,35.99901],[129.11154,35.99916],[129.11235,36.00017],[129.11242,36.00025],[129.11251,36.00032],[129.11269,36.00044],[129.1129,36.00054],[129.11309,36.0006],[129.11323,36.00067],[129.11325,36.0007],[129.11325,36.00073],[129.11301,36.00139],[129.11293,36.0015],[129.11162,36.00324],[129.11046,36.00479],[129.11239,36.00911],[129.11436,36.0121],[129.11446,36.01223],[129.11471,36.01245],[129.11483,36.0125],[129.11503,36.01255],[129.11624,36.01267],[129.11647,36.01267],[129.11667,36.01262],[129.1168,36.01255],[129.11952,36.00974],[129.11976,36.00945],[129.12049,36.0085],[129.12144,36.00773],[129.122,36.00734],[129.12258,36.00693],[129.12272,36.00684],[129.12289,36.00676],[129.12338,36.00654],[129.12694,36.00541],[129.12705,36.00539],[129.12713,36.00538],[129.1273,36.00539],[129.13252,36.00576],[129.13484,36.00645],[129.14234,36.00955],[129.14267,36.00969],[129.14285,36.00977],[129.14312,36.00994],[129.14338,36.01014],[129.14409,36.01102],[129.14422,36.01122],[129.14427,36.01134],[129.14429,36.01143],[129.14429,36.01152],[129.14262,36.01764],[129.14163,36.02181],[129.14097,36.02358],[129.14037,36.02468],[129.13564,36.032],[129.13421,36.03424],[129.13438,36.03445],[129.13452,36.03466],[129.13495,36.03527],[129.13518,36.03563],[129.13695,36.03843],[129.13793,36.04011],[129.13797,36.04022],[129.13799,36.04034],[129.13809,36.04094],[129.13822,36.04159],[129.13825,36.04165],[129.13829,36.04173],[129.13889,36.04242],[129.13969,36.04319],[129.14409,36.04492],[129.14587,36.04533],[129.14601,36.04537],[129.14611,36.0454],[129.14625,36.04548],[129.14633,36.04552],[129.14898,36.04742],[129.15035,36.04856],[129.15134,36.04963],[129.15141,36.04979],[129.15148,36.05014],[129.15149,36.05039],[129.1514,36.05063],[129.15122,36.05096],[129.1511,36.05115],[129.15084,36.05139],[129.15041,36.05176],[129.14986,36.05231],[129.14977,36.05241],[129.14969,36.05254],[129.14967,36.05262],[129.14969,36.05273],[129.1497,36.05277],[129.14976,36.05288],[129.15042,36.05372],[129.15052,36.05383],[129.1508,36.05411],[129.15157,36.05484],[129.15358,36.05531],[129.15366,36.05533],[129.15373,36.05533],[129.154,36.05534],[129.15445,36.05533],[129.15706,36.05522],[129.159,36.05512],[129.15905,36.05511],[129.15912,36.0551],[129.16026,36.05491],[129.16074,36.05484],[129.16082,36.05483],[129.1609,36.05483],[129.16102,36.05482],[129.16124,36.05483],[129.16134,36.05484],[129.16143,36.05486],[129.16213,36.05503],[129.16394,36.05543],[129.16405,36.05545],[129.16426,36.0555],[129.16437,36.05552],[129.16441,36.05552],[129.16446,36.05551],[129.16452,36.05549],[129.16485,36.05526],[129.16506,36.05512],[129.16532,36.05494],[129.16552,36.0548],[129.16597,36.05447],[129.16632,36.05424],[129.16648,36.05414],[129.16669,36.05403],[129.16812,36.05344],[129.16823,36.05341],[129.16832,36.05339],[129.16841,36.05337],[129.16849,36.05335],[129.1706,36.05122],[129.17016,36.04945],[129.17016,36.04941],[129.17023,36.04928],[129.1705,36.04893],[129.17054,36.04887],[129.17062,36.04885],[129.17074,36.04883],[129.17609,36.04816],[129.17681,36.04812],[129.17715,36.04808],[129.17725,36.04805],[129.17732,36.04799],[129.17737,36.04791],[129.1783,36.04605],[129.17834,36.04597],[129.17835,36.04588],[129.1792,36.04],[129.17921,36.03986],[129.1793,36.03796],[129.1792,36.03538],[129.17912,36.03423],[129.17911,36.03415],[129.17907,36.03407],[129.179,36.034],[129.17877,36.03374],[129.17852,36.03351],[129.17843,36.03343],[129.17831,36.03333],[129.17821,36.03327],[129.17807,36.03318],[129.17799,36.03313],[129.1779,36.03305],[129.17754,36.03273],[129.17745,36.03263],[129.17742,36.0326],[129.1774,36.03258],[129.1773,36.03245],[129.17724,36.03233],[129.17722,36.03226],[129.17718,36.03204],[129.17715,36.03184],[129.17714,36.03167],[129.17728,36.03055],[129.17731,36.03044],[129.17738,36.03028],[129.17906,36.0276],[129.18086,36.02738],[129.18126,36.02735],[129.18137,36.02739],[129.18193,36.02767],[129.18488,36.02939],[129.18786,36.03161],[129.1949,36.03699],[129.19508,36.03715],[129.19514,36.03721],[129.1952,36.03729],[129.19526,36.03747],[129.1953,36.03764],[129.19533,36.03774],[129.19541,36.03794],[129.19548,36.03806],[129.19563,36.03832],[129.19636,36.03922],[129.19666,36.03951],[129.19772,36.04038],[129.20418,36.04307],[129.20426,36.04308],[129.20442,36.04308],[129.20476,36.04308],[129.20684,36.04304],[129.20833,36.04285],[129.21419,36.04309],[129.2181,36.04331],[129.22357,36.04377],[129.2237,36.0438],[129.22381,36.04387],[129.22404,36.044],[129.22446,36.04432],[129.22483,36.04462],[129.22499,36.04475],[129.22517,36.04495],[129.22526,36.04507],[129.22533,36.04521],[129.22541,36.04543],[129.22548,36.04562],[129.22557,36.04589],[129.22578,36.04634],[129.22587,36.04648],[129.22638,36.04708],[129.22653,36.04723],[129.22655,36.04726],[129.22672,36.04743],[129.2269,36.04759],[129.22719,36.04781],[129.22734,36.04792],[129.22753,36.04804],[129.23079,36.04937],[129.23566,36.05167],[129.23768,36.05276]]]]}},{"type":"Feature","properties":{"code":"47130256","name":"건천읍","parent":"47130"},"geometry":{"type":"MultiPolygon","coordinates":[[[[129.13593,35.86835],[129.13663,35.86764],[129.13672,35.86755],[129.13675,35.86749],[129.1368,35.8674],[129.13683,35.86732],[129.13688,35.86618],[129.13688,35.86603],[129.13591,35.86207],[129.13474,35.85739],[129.13281,35.85404],[129.13176,35.85119],[129.13094,35.84709],[129.13009,35.84652],[129.13001,35.84643],[129.12997,35.84635],[129.12997,35.84628],[129.13012,35.84594],[129.13022,35.8457],[129.13151,35.84352],[129.13171,35.84321],[129.13204,35.8427],[129.13212,35.84259],[129.13231,35.84237],[129.13238,35.8423],[129.13253,35.84218],[129.13284,35.84205],[129.13319,35.84196],[129.13365,35.84183],[129.13382,35.84177],[129.13422,35.84157],[129.13451,35.84137],[129.1346,35.8413],[129.13475,35.84114],[129.13491,35.84088],[129.13496,35.84073],[129.13501,35.84014],[129.13499,35.83989],[129.13498,35.83962],[129.13495,35.83947],[129.13409,35.83554],[129.13338,35.83481],[129.13279,35.83419],[129.13214,35.83351],[129.1314,35.83272],[129.13098,35.83228],[129.13075,35.83204],[129.13072,35.83194],[129.13072,35.83155],[129.13072,35.83135],[129.13076,35.83119],[129.1312,35.82989],[129.13272,35.82793],[129.13421,35.82666],[129.13514,35.82587],[129.13857,35.82373],[129.13894,35.82353],[129.14037,35.8228],[129.14309,35.82122],[129.14345,35.81838],[129.14352,35.81822],[129.1458,35.81531],[129.14592,35.81523],[129.14604,35.81519],[129.14644,35.81514],[129.14671,35.8151],[129.14718,35.81507],[129.14753,35.81506],[129.1476,35.81508],[129.14837,35.81524],[129.1485,35.81537],[129.1488,35.81557],[129.14885,35.8156],[129.14899,35.81563],[129.14963,35.8156],[129.14986,35.81557],[129.15243,35.81517],[129.15268,35.81511],[129.15294,35.81505],[129.15313,35.815],[129.15353,35.81486],[129.15495,35.81428],[129.15586,35.81389],[129.15634,35.81365],[129.15651,35.81356],[129.15661,35.8135],[129.15671,35.81342],[129.1568,35.81333],[129.15693,35.81314],[129.15767,35.81176],[129.15988,35.80963],[129.15995,35.80956],[129.16012,35.80933],[129.16021,35.80917],[129.16024,35.80909],[129.16026,35.80899],[129.16026,35.80889],[129.16025,35.80877],[129.16023,35.80866],[129.16019,35.80859],[129.16015,35.80852],[129.16008,35.80845],[129.16003,35.80838],[129.15998,35.80828],[129.15991,35.80807],[129.15976,35.8067],[129.15982,35.80465],[129.15982,35.80454],[129.15985,35.80433],[129.15988,35.80413],[129.15992,35.80392],[129.16009,35.80316],[129.16011,35.80312],[129.16145,35.80146],[129.16192,35.80094],[129.16202,35.80084],[129.16342,35.79949],[129.16372,35.79921],[129.1638,35.79914],[129.164,35.79908],[129.1642,35.79906],[129.16449,35.79908],[129.16475,35.79911],[129.16258,35.79751],[129.16218,35.79718],[129.16038,35.79557],[129.16032,35.79549],[129.15896,35.79356],[129.15889,35.79345],[129.15884,35.79327],[129.15884,35.79315],[129.15887,35.79282],[129.1589,35.79251],[129.15894,35.79226],[129.15898,35.79213],[129.15908,35.79191],[129.15605,35.78775],[129.15286,35.78566],[129.1526,35.78555],[129.15226,35.78538],[129.15191,35.78519],[129.15134,35.78486],[129.15121,35.78476],[129.151,35.78455],[129.15087,35.78442],[129.14838,35.78162],[129.14817,35.78137],[129.1479,35.78091],[129.14717,35.77913],[129.14694,35.77844],[129.14693,35.77838],[129.14694,35.77832],[129.14701,35.77821],[129.14708,35.77814],[129.14717,35.77806],[129.14719,35.77801],[129.14719,35.77789],[129.14673,35.77673],[129.14565,35.77505],[129.14525,35.77506],[129.14334,35.77514],[129.14269,35.77519],[129.1423,35.77523],[129.14159,35.77532],[129.14122,35.7754],[129.14086,35.77545],[129.14065,35.77545],[129.14019,35.77542],[129.13962,35.77536],[129.13917,35.77529],[129.13884,35.77522],[129.13715,35.77478],[129.13381,35.77356],[129.13362,35.77346],[129.13347,35.77333],[129.13339,35.77326],[129.13338,35.77318],[129.13341,35.77304],[129.13453,35.77032],[129.13468,35.76997],[129.13494,35.76956],[129.13513,35.76931],[129.13532,35.76905],[129.13541,35.76898],[129.13588,35.76861],[129.13604,35.76846],[129.13619,35.7683],[129.13626,35.76816],[129.13628,35.76796],[129.1363,35.76754],[129.13627,35.76741],[129.13463,35.76437],[129.13451,35.76418],[129.13442,35.76404],[129.1343,35.7639],[129.13426,35.76386],[129.13406,35.76364],[129.13381,35.7634],[129.1336,35.76323],[129.13341,35.76316],[129.13328,35.76315],[129.13255,35.7632],[129.13229,35.76326],[129.13214,35.76332],[129.13206,35.76339],[129.13205,35.76348],[129.13207,35.76374],[129.13206,35.76404],[129.13204,35.76426],[129.132,35.76436],[129.13126,35.76535],[129.13095,35.76573],[129.13078,35.76591],[129.13052,35.76613],[129.13026,35.76631],[129.13007,35.7664],[129.12994,35.76645],[129.12982,35.76646],[129.12962,35.76643],[129.12939,35.76634],[129.12911,35.76624],[129.12884,35.76616],[129.12861,35.76612],[129.12839,35.76613],[129.12807,35.7662],[129.12784,35.76627],[129.12368,35.76769],[129.11975,35.76913],[129.11959,35.76921],[129.11495,35.77212],[129.11256,35.77401],[129.11237,35.77417],[129.11022,35.77692],[129.11004,35.77719],[129.10903,35.77906],[129.10898,35.77918],[129.10894,35.77935],[129.10888,35.77974],[129.10887,35.77989],[129.10886,35.77998],[129.10888,35.78007],[129.10892,35.78022],[129.10904,35.78055],[129.10898,35.7812],[129.10834,35.78408],[129.10831,35.78417],[129.10821,35.78445],[129.10816,35.78451],[129.10811,35.78455],[129.10804,35.78459],[129.10796,35.78463],[129.10709,35.78502],[129.10548,35.78568],[129.1054,35.78571],[129.1053,35.78573],[129.10433,35.78586],[129.10421,35.78587],[129.10406,35.78587],[129.10395,35.78588],[129.10216,35.78624],[129.09571,35.78855],[129.09373,35.78894],[129.09352,35.78899],[129.0933,35.78908],[129.09308,35.7892],[129.0928,35.78936],[129.09259,35.7895],[129.09238,35.78966],[129.09223,35.78982],[129.09214,35.78993],[129.09206,35.79005],[129.09136,35.79104],[129.09132,35.79112],[129.09129,35.79123],[129.09128,35.79134],[129.09128,35.79148],[129.0913,35.79156],[129.09134,35.79164],[129.09144,35.79182],[129.09148,35.79193],[129.09152,35.79204],[129.09151,35.79211],[129.09148,35.79219],[129.0912,35.79298],[129.09114,35.79309],[129.09108,35.79318],[129.09102,35.79324],[129.09093,35.7933],[129.08958,35.79424],[129.08928,35.79442],[129.08907,35.79454],[129.08899,35.79458],[129.08891,35.79458],[129.08886,35.79456],[129.08882,35.79452],[129.08535,35.79062],[129.08426,35.78927],[129.08421,35.78915],[129.08421,35.7891],[129.08198,35.7893],[129.07556,35.78979],[129.0711,35.792],[129.06457,35.7934],[129.06412,35.79348],[129.06396,35.79352],[129.06374,35.79366],[129.06355,35.79385],[129.06342,35.79404],[129.06304,35.79492],[129.06301,35.79503],[129.06301,35.79508],[129.0628,35.79867],[129.06336,35.80039],[129.06338,35.80047],[129.06337,35.80055],[129.06328,35.80081],[129.06321,35.801],[129.06293,35.80159],[129.06261,35.80221],[129.06217,35.80359],[129.06082,35.80853],[129.0608,35.80875],[129.06085,35.80895],[129.06146,35.8103],[129.06162,35.81062],[129.06072,35.81337],[129.06035,35.81642],[129.06038,35.81672],[129.06037,35.81706],[129.06032,35.81724],[129.06015,35.8178],[129.06006,35.81806],[129.0598,35.81864],[129.05829,35.82182],[129.05608,35.82354],[129.05596,35.82361],[129.0514,35.82465],[129.0495,35.82503],[129.04924,35.82505],[129.04904,35.82504],[129.04493,35.82503],[129.04116,35.82598],[129.04112,35.82601],[129.04111,35.82604],[129.0411,35.82607],[129.04114,35.82663],[129.04117,35.82675],[129.04121,35.82685],[129.04128,35.82694],[129.04137,35.82704],[129.04277,35.82839],[129.04373,35.83086],[129.0445,35.83805],[129.04247,35.84055],[129.04232,35.84073],[129.04218,35.84082],[129.04165,35.84114],[129.03931,35.84244],[129.03929,35.8426],[129.03933,35.84287],[129.03938,35.84305],[129.03947,35.8432],[129.03961,35.84338],[129.04215,35.84556],[129.04406,35.84676],[129.04639,35.84791],[129.04862,35.84926],[129.05134,35.85284],[129.05363,35.85336],[129.05372,35.85331],[129.0541,35.85316],[129.05435,35.85313],[129.05473,35.85314],[129.05517,35.8532],[129.05544,35.85328],[129.0566,35.85377],[129.05798,35.85482],[129.05863,35.85549],[129.05871,35.85559],[129.05883,35.85584],[129.05893,35.8561],[129.05896,35.85625],[129.05957,35.86159],[129.05958,35.86172],[129.05959,35.86235],[129.05958,35.86244],[129.05952,35.86258],[129.05921,35.86301],[129.05904,35.86332],[129.05894,35.86362],[129.05892,35.86382],[129.05894,35.86389],[129.05907,35.86419],[129.0599,35.86553],[129.06002,35.86568],[129.06022,35.86585],[129.06033,35.86594],[129.06047,35.86602],[129.0607,35.8661],[129.06116,35.86623],[129.06127,35.86631],[129.06136,35.86639],[129.06141,35.86648],[129.06194,35.86756],[129.06198,35.86766],[129.06198,35.86772],[129.06205,35.86868],[129.06245,35.87132],[129.06249,35.87144],[129.06266,35.87188],[129.06271,35.87199],[129.06276,35.87203],[129.0658,35.87432],[129.07069,35.87615],[129.07078,35.87615],[129.07225,35.87587],[129.07229,35.87585],[129.07252,35.87564],[129.07293,35.87525],[129.07349,35.87472],[129.07391,35.87435],[129.07411,35.87418],[129.07432,35.874],[129.07435,35.87398],[129.07525,35.87328],[129.0766,35.87224],[129.07824,35.87099],[129.07919,35.87027],[129.08087,35.87177],[129.08068,35.87294],[129.08048,35.87354],[129.08043,35.87363],[129.0804,35.87369],[129.0802,35.87395],[129.08012,35.87404],[129.08,35.87409],[129.07995,35.87414],[129.07997,35.87419],[129.08109,35.87578],[129.08146,35.87631],[129.08153,35.87639],[129.08282,35.87782],[129.08296,35.87793],[129.0831,35.878],[129.08323,35.87803],[129.08345,35.87805],[129.0836,35.87805],[129.08444,35.87795],[129.08461,35.87792],[129.08507,35.87783],[129.08669,35.87765],[129.08993,35.87756],[129.09125,35.87812],[129.09504,35.88068],[129.09508,35.88073],[129.09521,35.88097],[129.09525,35.88115],[129.0969,35.88433],[129.09898,35.88704],[129.0989,35.88881],[129.09813,35.88946],[129.09803,35.88961],[129.09794,35.88974],[129.09754,35.89049],[129.0975,35.89064],[129.09748,35.89068],[129.09664,35.8938],[129.09659,35.89401],[129.09658,35.89409],[129.0966,35.89433],[129.09666,35.89454],[129.09682,35.89476],[129.09692,35.89484],[129.09844,35.89528],[129.09859,35.89529],[129.09877,35.89528],[129.09909,35.89524],[129.09936,35.89522],[129.09982,35.89528],[129.10011,35.89533],[129.10622,35.897],[129.10634,35.89707],[129.10721,35.89781],[129.11072,35.90383],[129.11072,35.90389],[129.11071,35.90397],[129.1106,35.90489],[129.11044,35.90542],[129.11024,35.90605],[129.11011,35.90632],[129.10986,35.90679],[129.10919,35.90767],[129.10897,35.90792],[129.10887,35.90807],[129.10876,35.90827],[129.10871,35.90851],[129.1087,35.90867],[129.10874,35.90921],[129.1088,35.90947],[129.10892,35.90974],[129.10911,35.91001],[129.11008,35.91102],[129.11044,35.91076],[129.11073,35.91054],[129.11102,35.91029],[129.11184,35.90945],[129.11199,35.90925],[129.11219,35.90888],[129.11224,35.90878],[129.11259,35.9076],[129.11319,35.90595],[129.11332,35.90566],[129.11348,35.90542],[129.11361,35.90528],[129.11543,35.90379],[129.11523,35.9031],[129.11524,35.90305],[129.11564,35.90183],[129.11871,35.90024],[129.12509,35.89492],[129.12523,35.89479],[129.12537,35.89458],[129.12586,35.89311],[129.12691,35.89169],[129.12702,35.89154],[129.12714,35.89141],[129.12729,35.8913],[129.12773,35.8911],[129.12789,35.89104],[129.12888,35.89093],[129.12959,35.89086],[129.12997,35.89087],[129.13043,35.89088],[129.1308,35.89087],[129.1319,35.89073],[129.13346,35.88932],[129.13361,35.88916],[129.13376,35.88899],[129.13382,35.88891],[129.13389,35.88881],[129.13704,35.88328],[129.13723,35.88293],[129.13723,35.88284],[129.13723,35.88277],[129.13685,35.88084],[129.13661,35.87994],[129.13651,35.87963],[129.13611,35.87855],[129.13599,35.87831],[129.13589,35.8782],[129.13579,35.87812],[129.13574,35.87809],[129.13568,35.87806],[129.13556,35.878],[129.13553,35.87793],[129.13551,35.87786],[129.13553,35.87772],[129.13571,35.87687],[129.13575,35.87672],[129.13651,35.87488],[129.13712,35.8735],[129.13823,35.87062],[129.13825,35.87053],[129.13825,35.87044],[129.13823,35.87038],[129.1382,35.87029],[129.13816,35.87019],[129.13813,35.87015],[129.13809,35.87008],[129.13803,35.87],[129.13797,35.86995],[129.13789,35.86987],[129.13593,35.86835]]]]}},{"type":"Feature","properties":{"code":"47130259","name":"외동읍","parent":"47130"},"geometry":{"type":"MultiPolygon","coordinates":[[[[129.35395,35.77304],[129.35182,35.77148],[129.35175,35.77137],[129.35178,35.77126],[129.35204,35.77089],[129.35266,35.77017],[129.35357,35.76925],[129.35363,35.76919],[129.35371,35.76888],[129.35462,35.76525],[129.35533,35.76101],[129.35534,35.7609],[129.35533,35.75976],[129.35532,35.75969],[129.35528,35.75954],[129.35494,35.75862],[129.35462,35.75812],[129.35629,35.75608],[129.35654,35.75604],[129.35683,35.75597],[129.35729,35.75571],[129.35785,35.75532],[129.35811,35.75509],[129.3596,35.75348],[129.36237,35.75043],[129.36765,35.74658],[129.36847,35.74612],[129.36823,35.74586],[129.36791,35.74537],[129.36755,35.74483],[129.36744,35.74461],[129.36737,35.74439],[129.36736,35.74401],[129.36738,35.74348],[129.36745,35.74297],[129.36753,35.74253],[129.36757,35.74235],[129.36774,35.74202],[129.36787,35.74168],[129.36795,35.74137],[129.36797,35.74119],[129.36795,35.74096],[129.36792,35.74087],[129.36788,35.74072],[129.36727,35.73982],[129.36718,35.7397],[129.36705,35.7396],[129.36681,35.73948],[129.36638,35.73935],[129.36549,35.73909],[129.36524,35.73903],[129.36472,35.73893],[129.36444,35.73891],[129.36413,35.73882],[129.36397,35.73871],[129.36321,35.73817],[129.36306,35.73803],[129.363,35.73795],[129.36298,35.73783],[129.36298,35.73767],[129.36365,35.73411],[129.3641,35.73234],[129.36479,35.73015],[129.36483,35.73013],[129.36487,35.73011],[129.36736,35.72969],[129.36759,35.72972],[129.36782,35.72984],[129.36795,35.72992],[129.36809,35.73],[129.36817,35.73004],[129.36991,35.73019],[129.37018,35.7302],[129.37023,35.73017],[129.37219,35.7288],[129.37308,35.72802],[129.37454,35.72379],[129.37456,35.72348],[129.37439,35.72299],[129.37413,35.72248],[129.3741,35.72244],[129.37404,35.7224],[129.374,35.7224],[129.37368,35.72245],[129.3736,35.72245],[129.37271,35.72239],[129.37248,35.72234],[129.372,35.72214],[129.37028,35.72129],[129.36999,35.72096],[129.36852,35.71904],[129.36787,35.71684],[129.36716,35.71348],[129.36697,35.71246],[129.36697,35.7124],[129.36698,35.7123],[129.36702,35.71206],[129.36716,35.7118],[129.36732,35.71153],[129.3674,35.71138],[129.36752,35.71094],[129.3676,35.71058],[129.36764,35.71009],[129.36762,35.70974],[129.36757,35.70929],[129.367,35.70761],[129.36649,35.70632],[129.36626,35.7059],[129.36616,35.70547],[129.36617,35.70537],[129.36638,35.70454],[129.36641,35.70445],[129.36671,35.70389],[129.36683,35.70376],[129.36715,35.70343],[129.36749,35.70311],[129.3676,35.70303],[129.36771,35.70286],[129.36779,35.70271],[129.36821,35.7019],[129.36821,35.70183],[129.36822,35.70166],[129.36787,35.69988],[129.36782,35.69968],[129.36773,35.69953],[129.36738,35.69912],[129.36729,35.69905],[129.36714,35.69899],[129.36698,35.69895],[129.36668,35.69891],[129.36637,35.69886],[129.36629,35.69883],[129.36624,35.69875],[129.3662,35.69859],[129.36498,35.69293],[129.36487,35.69229],[129.36483,35.69204],[129.36447,35.68743],[129.36496,35.68645],[129.36514,35.68635],[129.36524,35.68628],[129.36531,35.6862],[129.36536,35.68608],[129.36539,35.68598],[129.3654,35.6859],[129.3654,35.6858],[129.36538,35.68568],[129.36484,35.68216],[129.3645,35.6802],[129.36441,35.67948],[129.36442,35.67929],[129.36445,35.67915],[129.36455,35.67877],[129.3641,35.67878],[129.36258,35.67897],[129.3622,35.67904],[129.36182,35.67912],[129.36128,35.67926],[129.3607,35.67943],[129.36033,35.67953],[129.36002,35.67958],[129.35954,35.67965],[129.35925,35.67968],[129.35861,35.67973],[129.35629,35.67971],[129.35571,35.67972],[129.35389,35.67955],[129.35123,35.67844],[129.34924,35.67755],[129.34879,35.67733],[129.34841,35.67709],[129.34826,35.67694],[129.34753,35.67558],[129.34668,35.67466],[129.34162,35.67083],[129.33762,35.66898],[129.33756,35.66897],[129.33736,35.66892],[129.33721,35.6689],[129.33713,35.66889],[129.33688,35.66884],[129.3365,35.66874],[129.33617,35.66864],[129.3353,35.66834],[129.33509,35.66825],[129.33464,35.66804],[129.33442,35.66793],[129.33413,35.66779],[129.33067,35.66585],[129.3305,35.66574],[129.3302,35.66553],[129.32602,35.66229],[129.32598,35.66224],[129.32548,35.6617],[129.32534,35.66148],[129.32525,35.66123],[129.32399,35.65921],[129.3213,35.65869],[129.31879,35.65841],[129.31546,35.65957],[129.31106,35.66025],[129.31089,35.66025],[129.31083,35.66025],[129.31075,35.66023],[129.30357,35.65697],[129.30346,35.6569],[129.30344,35.65683],[129.30362,35.65639],[129.30344,35.6546],[129.30279,35.64835],[129.30277,35.64832],[129.30274,35.64829],[129.3027,35.64825],[129.30262,35.64823],[129.3023,35.64823],[129.30162,35.64822],[129.30099,35.6482],[129.30067,35.64818],[129.30061,35.64816],[129.30039,35.64808],[129.29937,35.6477],[129.29888,35.64749],[129.2974,35.64686],[129.29694,35.64663],[129.29672,35.64651],[129.29659,35.64643],[129.29655,35.64636],[129.2959,35.64473],[129.29581,35.6443],[129.29557,35.64431],[129.29529,35.64433],[129.29507,35.64437],[129.29208,35.64509],[129.2919,35.64516],[129.29182,35.64521],[129.29061,35.64651],[129.29049,35.64676],[129.29046,35.64698],[129.29043,35.64722],[129.29041,35.64755],[129.29037,35.64779],[129.29032,35.64789],[129.29022,35.64797],[129.28451,35.65145],[129.28443,35.65149],[129.28436,35.6515],[129.28425,35.65146],[129.28417,35.6514],[129.28401,35.65123],[129.28382,35.65101],[129.28367,35.6507],[129.28366,35.65066],[129.28364,35.65057],[129.2836,35.6504],[129.28357,35.6503],[129.28351,35.65023],[129.28344,35.65018],[129.28247,35.64955],[129.28236,35.64949],[129.28226,35.64948],[129.28219,35.64948],[129.28214,35.64949],[129.28192,35.64957],[129.28053,35.65014],[129.27908,35.65078],[129.27866,35.651],[129.27838,35.65116],[129.27746,35.6517],[129.27706,35.65201],[129.27676,35.65228],[129.27664,35.6524],[129.27652,35.65252],[129.27643,35.6526],[129.27635,35.65264],[129.27588,35.65279],[129.27549,35.65287],[129.27529,35.65289],[129.27487,35.65289],[129.27476,35.65288],[129.27429,35.65285],[129.27405,35.65281],[129.27382,35.65278],[129.27359,35.65272],[129.27198,35.65228],[129.27163,35.65215],[129.2695,35.65104],[129.26795,35.65219],[129.26784,35.65226],[129.265,35.65356],[129.26471,35.65366],[129.26281,35.65405],[129.26261,35.65408],[129.26238,35.65412],[129.26152,35.65422],[129.26047,35.65435],[129.26036,35.65438],[129.26024,35.65442],[129.26008,35.65451],[129.25826,35.6568],[129.25813,35.65703],[129.25793,35.6576],[129.2577,35.65834],[129.25766,35.65851],[129.2576,35.65863],[129.25753,35.65873],[129.25742,35.65885],[129.25645,35.65972],[129.25628,35.65986],[129.25609,35.65997],[129.25517,35.66034],[129.25487,35.6609],[129.25433,35.66473],[129.25431,35.66486],[129.25418,35.66604],[129.25422,35.6662],[129.25425,35.66626],[129.25816,35.67076],[129.25828,35.67083],[129.2584,35.67092],[129.25846,35.67099],[129.25965,35.67269],[129.25975,35.67284],[129.25981,35.67303],[129.26086,35.67939],[129.26085,35.67947],[129.2608,35.67962],[129.26077,35.67968],[129.2605,35.67985],[129.2603,35.67998],[129.25998,35.6802],[129.2596,35.68049],[129.25949,35.6807],[129.25873,35.6825],[129.25867,35.68267],[129.25861,35.68291],[129.25859,35.68321],[129.25859,35.68332],[129.2586,35.68343],[129.25863,35.68349],[129.25883,35.68363],[129.25933,35.68394],[129.25992,35.68427],[129.26054,35.68461],[129.26193,35.68546],[129.262,35.6855],[129.26207,35.68557],[129.26209,35.68559],[129.26217,35.68568],[129.26224,35.68579],[129.26228,35.68589],[129.2623,35.68601],[129.26262,35.69028],[129.26269,35.69145],[129.26267,35.69156],[129.26263,35.69168],[129.26197,35.69352],[129.25985,35.69709],[129.25934,35.69791],[129.25927,35.69802],[129.2591,35.69821],[129.25748,35.69992],[129.25699,35.70022],[129.25604,35.70078],[129.25784,35.70302],[129.2589,35.70481],[129.26106,35.7074],[129.26121,35.70756],[129.26303,35.70937],[129.26353,35.70982],[129.26376,35.70997],[129.26389,35.71003],[129.26402,35.71004],[129.2642,35.71003],[129.26448,35.71003],[129.26468,35.71004],[129.26483,35.71009],[129.26495,35.71014],[129.26669,35.7115],[129.2669,35.71169],[129.26707,35.71185],[129.26732,35.71219],[129.26746,35.71242],[129.26764,35.71273],[129.26784,35.71309],[129.26803,35.71362],[129.26808,35.71391],[129.26809,35.71401],[129.2681,35.71429],[129.26809,35.71443],[129.26805,35.71465],[129.26798,35.71495],[129.2679,35.7152],[129.26779,35.71543],[129.26594,35.71839],[129.26574,35.71865],[129.26557,35.71888],[129.26542,35.71899],[129.26515,35.71916],[129.26494,35.71926],[129.26455,35.71944],[129.26418,35.71959],[129.26383,35.71974],[129.26305,35.72013],[129.26295,35.72021],[129.2629,35.72029],[129.26288,35.72035],[129.26289,35.7205],[129.2629,35.72063],[129.26295,35.72079],[129.26354,35.72179],[129.26359,35.72185],[129.26371,35.72194],[129.26384,35.72202],[129.26401,35.7221],[129.26433,35.72221],[129.26479,35.72236],[129.26522,35.7225],[129.26548,35.72262],[129.2656,35.72269],[129.26566,35.72276],[129.26612,35.72338],[129.26632,35.72367],[129.26632,35.72371],[129.26575,35.72624],[129.26408,35.73273],[129.26286,35.73743],[129.26249,35.73829],[129.26283,35.73823],[129.26501,35.73796],[129.26679,35.73776],[129.26692,35.73776],[129.26706,35.73778],[129.26717,35.73781],[129.2673,35.73787],[129.26742,35.73795],[129.26751,35.73806],[129.26757,35.73816],[129.26759,35.73828],[129.2676,35.73846],[129.26764,35.7386],[129.26772,35.73877],[129.26791,35.73913],[129.26897,35.74109],[129.26903,35.74119],[129.26939,35.74177],[129.26944,35.74183],[129.26995,35.74244],[129.27026,35.74275],[129.27038,35.74287],[129.27055,35.74301],[129.27662,35.74737],[129.27684,35.74746],[129.27694,35.74749],[129.27789,35.74771],[129.27804,35.74774],[129.27832,35.74776],[129.27853,35.74775],[129.2842,35.74963],[129.28423,35.74971],[129.28421,35.74976],[129.2838,35.75021],[129.28364,35.75036],[129.28335,35.75061],[129.28323,35.75078],[129.28313,35.75091],[129.28268,35.75153],[129.28234,35.75206],[129.28187,35.75302],[129.28182,35.75311],[129.28179,35.75327],[129.28133,35.75699],[129.28173,35.75807],[129.28466,35.76066],[129.28474,35.7607],[129.28487,35.76073],[129.28502,35.76074],[129.28552,35.76074],[129.28648,35.7607],[129.28737,35.76057],[129.28743,35.76058],[129.28882,35.76093],[129.28925,35.76105],[129.28985,35.76124],[129.29007,35.76132],[129.29032,35.76142],[129.29036,35.76145],[129.29122,35.76202],[129.29501,35.76204],[129.29519,35.76204],[129.29554,35.76204],[129.29569,35.76201],[129.29636,35.76187],[129.29642,35.76183],[129.29717,35.76131],[129.29835,35.76079],[129.2985,35.76077],[129.29855,35.76077],[129.29858,35.76079],[129.29861,35.76082],[129.29886,35.76125],[129.29897,35.76143],[129.30012,35.76394],[129.30053,35.76543],[129.30094,35.76684],[129.30103,35.76698],[129.30112,35.76701],[129.30159,35.76697],[129.30202,35.76684],[129.30243,35.76659],[129.3026,35.76648],[129.30292,35.76643],[129.30334,35.76641],[129.30495,35.76636],[129.30537,35.76641],[129.30557,35.76643],[129.30877,35.76738],[129.30916,35.76753],[129.31047,35.76835],[129.31167,35.76943],[129.31313,35.77127],[129.31322,35.77147],[129.3132,35.7716],[129.31304,35.77179],[129.31288,35.77193],[129.31269,35.77208],[129.31269,35.77226],[129.31289,35.77339],[129.31398,35.77507],[129.31416,35.77528],[129.31446,35.77548],[129.31626,35.7766],[129.31671,35.77678],[129.31992,35.77781],[129.32157,35.7781],[129.32209,35.77817],[129.32342,35.77832],[129.32705,35.77818],[129.3379,35.77851],[129.33846,35.77866],[129.33893,35.77882],[129.34139,35.78041],[129.34417,35.78201],[129.34571,35.78221],[129.34589,35.78223],[129.346,35.78224],[129.34626,35.78224],[129.34652,35.78216],[129.34707,35.7819],[129.34803,35.78097],[129.34855,35.78012],[129.34922,35.77811],[129.34993,35.7762],[129.35088,35.77496],[129.35314,35.77345],[129.35395,35.77304]]]]}},{"type":"Feature","properties":{"code":"47130315","name":"문무대왕면","parent":"47130"},"geometry":{"type":"MultiPolygon","coordinates":[[[[129.45485,35.84676],[129.45546,35.84534],[129.45496,35.84477],[129.4539,35.84432],[129.45293,35.84377],[129.45287,35.84336],[129.45258,35.83899],[129.45278,35.83868],[129.45338,35.83874],[129.45391,35.83785],[129.45451,35.83621],[129.45456,35.83481],[129.45361,35.83413],[129.45247,35.83255],[129.45257,35.83189],[129.45299,35.83128],[129.45321,35.83082],[129.45374,35.82853],[129.45394,35.82754],[129.45491,35.8226],[129.45429,35.81933],[129.45403,35.81848],[129.45334,35.81797],[129.45205,35.81746],[129.45089,35.8173],[129.44933,35.81688],[129.44844,35.81603],[129.44965,35.81201],[129.45069,35.8078],[129.4504,35.80719],[129.44883,35.80583],[129.44788,35.80526],[129.44639,35.80532],[129.44512,35.80458],[129.44316,35.80196],[129.44278,35.80095],[129.4421,35.7991],[129.44216,35.79876],[129.44274,35.79842],[129.44414,35.79759],[129.44548,35.79638],[129.44723,35.79442],[129.4485,35.79286],[129.44894,35.79113],[129.44974,35.78868],[129.45024,35.78853],[129.45151,35.78811],[129.45245,35.78748],[129.45334,35.78646],[129.45478,35.78369],[129.45596,35.78138],[129.45661,35.78006],[129.45749,35.77937],[129.45863,35.77909],[129.45924,35.77877],[129.46024,35.77756],[129.46166,35.77527],[129.46255,35.7735],[129.46494,35.77238],[129.46568,35.77061],[129.46664,35.76573],[129.46653,35.76327],[129.4676,35.75978],[129.4691,35.75901],[129.47222,35.75654],[129.47327,35.75567],[129.48094,35.74805],[129.48111,35.74587],[129.48033,35.74481],[129.47964,35.74386],[129.48317,35.74285],[129.48472,35.74342],[129.48434,35.74172],[129.4851,35.73676],[129.48588,35.73227],[129.48568,35.72888],[129.48434,35.72757],[129.48231,35.72426],[129.48167,35.72246],[129.48115,35.72213],[129.48105,35.72207],[129.47884,35.72126],[129.47856,35.72117],[129.47819,35.7211],[129.47806,35.7211],[129.47797,35.7211],[129.4768,35.72135],[129.47294,35.72227],[129.46852,35.72386],[129.46791,35.72417],[129.46768,35.72429],[129.46756,35.72437],[129.46739,35.72449],[129.4672,35.72463],[129.46698,35.72484],[129.46682,35.72499],[129.46663,35.7252],[129.46529,35.72683],[129.46516,35.72699],[129.46506,35.72713],[129.46499,35.72733],[129.46496,35.72754],[129.46494,35.72802],[129.46496,35.72814],[129.46501,35.72822],[129.46518,35.72844],[129.46529,35.72859],[129.4653,35.72866],[129.46533,35.7288],[129.4653,35.72896],[129.46433,35.73142],[129.46425,35.7315],[129.46282,35.73248],[129.46269,35.73255],[129.46254,35.73261],[129.46244,35.73261],[129.46228,35.73258],[129.4618,35.73244],[129.46171,35.73237],[129.46155,35.73227],[129.46147,35.73223],[129.46139,35.73221],[129.46129,35.73222],[129.45884,35.73244],[129.45865,35.73248],[129.45855,35.73253],[129.45849,35.73259],[129.45848,35.73265],[129.45849,35.73273],[129.45871,35.73367],[129.45878,35.73386],[129.4589,35.73402],[129.45899,35.73414],[129.45903,35.73423],[129.45902,35.7343],[129.45899,35.73438],[129.45891,35.73447],[129.45885,35.73451],[129.45868,35.73458],[129.45762,35.73498],[129.45746,35.73503],[129.45203,35.73626],[129.45195,35.73626],[129.45041,35.73607],[129.44991,35.73599],[129.4495,35.73588],[129.44921,35.73577],[129.44864,35.73552],[129.44839,35.73545],[129.44822,35.73543],[129.44806,35.73542],[129.4477,35.73544],[129.44759,35.73547],[129.44747,35.73552],[129.44532,35.73677],[129.44399,35.73803],[129.44336,35.74127],[129.44204,35.74386],[129.44142,35.7465],[129.44067,35.74993],[129.44024,35.75136],[129.44021,35.7514],[129.44012,35.75143],[129.43938,35.7514],[129.43903,35.75136],[129.43853,35.7513],[129.43611,35.75289],[129.43569,35.75404],[129.43565,35.75412],[129.43558,35.75419],[129.43546,35.75429],[129.43524,35.7544],[129.43499,35.7545],[129.43483,35.75456],[129.43468,35.7546],[129.43456,35.75459],[129.43445,35.75458],[129.43318,35.75415],[129.43193,35.75335],[129.43161,35.75194],[129.4316,35.75187],[129.43154,35.75178],[129.43016,35.74966],[129.42897,35.74806],[129.42745,35.74627],[129.42734,35.74615],[129.42716,35.74601],[129.42705,35.74593],[129.42691,35.74584],[129.42663,35.74572],[129.42223,35.74452],[129.41654,35.74278],[129.41462,35.74216],[129.41448,35.74214],[129.41415,35.74216],[129.414,35.7422],[129.41364,35.74236],[129.41295,35.74278],[129.41278,35.74292],[129.41251,35.74321],[129.40296,35.74638],[129.40119,35.74677],[129.40101,35.74679],[129.40087,35.74677],[129.39932,35.7466],[129.39909,35.74657],[129.39628,35.74715],[129.39257,35.74844],[129.38609,35.7514],[129.38595,35.75149],[129.38585,35.75157],[129.38518,35.75224],[129.38447,35.75307],[129.38376,35.75447],[129.38359,35.75472],[129.38328,35.75502],[129.38206,35.75597],[129.38183,35.75607],[129.38027,35.75672],[129.3801,35.75675],[129.3798,35.75674],[129.37881,35.75647],[129.3776,35.75596],[129.37731,35.75583],[129.37159,35.75302],[129.37035,35.7516],[129.37011,35.75129],[129.36987,35.75081],[129.36968,35.75039],[129.36966,35.75024],[129.36969,35.75012],[129.37001,35.74941],[129.37032,35.74846],[129.37034,35.74834],[129.37034,35.74823],[129.3703,35.74816],[129.36886,35.7464],[129.36847,35.74612],[129.36765,35.74658],[129.36237,35.75043],[129.3596,35.75348],[129.35811,35.75509],[129.35785,35.75532],[129.35729,35.75571],[129.35683,35.75597],[129.35654,35.75604],[129.35629,35.75608],[129.35462,35.75812],[129.35494,35.75862],[129.35528,35.75954],[129.35532,35.75969],[129.35533,35.75976],[129.35534,35.7609],[129.35533,35.76101],[129.35462,35.76525],[129.35371,35.76888],[129.35363,35.76919],[129.35357,35.76925],[129.35266,35.77017],[129.35204,35.77089],[129.35178,35.77126],[129.35175,35.77137],[129.35182,35.77148],[129.35395,35.77304],[129.35422,35.77318],[129.35477,35.78035],[129.35435,35.78173],[129.35427,35.78173],[129.35415,35.78175],[129.35402,35.7818],[129.35227,35.78317],[129.35161,35.78441],[129.35135,35.78499],[129.35166,35.78896],[129.35203,35.79321],[129.35194,35.79408],[129.35151,35.79545],[129.35091,35.79636],[129.35018,35.79693],[129.34938,35.79761],[129.34866,35.79933],[129.34784,35.80182],[129.34785,35.80232],[129.35157,35.80237],[129.35453,35.80247],[129.3546,35.80247],[129.35664,35.80263],[129.3568,35.80267],[129.35688,35.80272],[129.35705,35.80282],[129.35719,35.80293],[129.35809,35.80362],[129.35809,35.80366],[129.35807,35.80369],[129.35789,35.80382],[129.35763,35.80406],[129.35749,35.80424],[129.35692,35.80538],[129.35691,35.80545],[129.35783,35.80973],[129.35787,35.80991],[129.35796,35.81007],[129.35848,35.81091],[129.35855,35.81101],[129.35859,35.81103],[129.36227,35.8126],[129.36711,35.81473],[129.36872,35.81613],[129.36881,35.81627],[129.371,35.82043],[129.37211,35.82296],[129.37224,35.8233],[129.37264,35.82448],[129.37266,35.82466],[129.37265,35.82476],[129.37261,35.82482],[129.37251,35.82497],[129.37247,35.82508],[129.37247,35.8252],[129.37251,35.82536],[129.37254,35.82546],[129.37303,35.82676],[129.37313,35.82698],[129.3732,35.82706],[129.37331,35.82715],[129.37345,35.82724],[129.37422,35.82771],[129.37435,35.82777],[129.37445,35.8278],[129.37458,35.82781],[129.37508,35.82787],[129.37536,35.82793],[129.37548,35.82797],[129.37707,35.8286],[129.37718,35.82865],[129.37727,35.82872],[129.37737,35.82879],[129.37748,35.8289],[129.37766,35.82909],[129.37778,35.82923],[129.37787,35.82935],[129.37796,35.8295],[129.37801,35.82962],[129.37803,35.82974],[129.37805,35.8299],[129.37807,35.83029],[129.37807,35.83069],[129.37765,35.83378],[129.37764,35.83382],[129.37762,35.83386],[129.373,35.83723],[129.37004,35.83888],[129.36982,35.83898],[129.36975,35.83903],[129.36969,35.83909],[129.36927,35.83961],[129.36914,35.8398],[129.36837,35.84086],[129.36834,35.84093],[129.3682,35.84179],[129.36818,35.8419],[129.3682,35.84196],[129.36826,35.84201],[129.36836,35.84205],[129.36847,35.8421],[129.36856,35.84214],[129.36875,35.8422],[129.36888,35.84223],[129.37125,35.84493],[129.37227,35.85068],[129.37217,35.85084],[129.37099,35.85277],[129.37098,35.85282],[129.37098,35.85288],[129.371,35.85297],[129.37184,35.85617],[129.37192,35.85631],[129.37203,35.8565],[129.37217,35.85669],[129.37236,35.85695],[129.37259,35.85717],[129.3727,35.85729],[129.37275,35.85732],[129.37284,35.85738],[129.37294,35.85744],[129.37303,35.85748],[129.37336,35.85757],[129.37348,35.8576],[129.37362,35.85763],[129.37465,35.8578],[129.37537,35.85785],[129.37543,35.85786],[129.37549,35.85789],[129.37559,35.85798],[129.37571,35.8581],[129.37584,35.85828],[129.37603,35.85853],[129.37612,35.85866],[129.37617,35.85872],[129.3762,35.85877],[129.37621,35.85881],[129.37595,35.86142],[129.37545,35.86254],[129.37511,35.86317],[129.37495,35.86342],[129.3753,35.86391],[129.37661,35.86516],[129.37711,35.86541],[129.37902,35.86562],[129.37913,35.86562],[129.37922,35.86561],[129.37941,35.86559],[129.37972,35.86554],[129.37984,35.86552],[129.37993,35.86548],[129.38001,35.86543],[129.38014,35.86533],[129.38033,35.86517],[129.38086,35.86476],[129.38101,35.86467],[129.38109,35.86462],[129.38252,35.86396],[129.38259,35.86392],[129.38283,35.86383],[129.38313,35.86375],[129.38327,35.86373],[129.3834,35.86371],[129.38352,35.86369],[129.38366,35.8637],[129.38382,35.86371],[129.38395,35.86373],[129.38405,35.86375],[129.38417,35.86378],[129.38429,35.86382],[129.38445,35.86389],[129.38461,35.86399],[129.38472,35.86406],[129.38477,35.8641],[129.38484,35.86414],[129.38494,35.86417],[129.38505,35.8642],[129.38512,35.86421],[129.38524,35.86422],[129.38539,35.86422],[129.38713,35.86413],[129.39066,35.8639],[129.39082,35.86389],[129.39091,35.86387],[129.39098,35.86384],[129.39221,35.86312],[129.39223,35.8631],[129.39225,35.86305],[129.39339,35.86008],[129.39368,35.85824],[129.39689,35.858],[129.3969,35.85804],[129.39694,35.85817],[129.39696,35.85822],[129.397,35.85828],[129.39706,35.85832],[129.39713,35.85835],[129.39731,35.85843],[129.3974,35.85845],[129.39745,35.85846],[129.39751,35.85847],[129.39839,35.85851],[129.39884,35.85852],[129.39925,35.85853],[129.40301,35.85859],[129.4042,35.85837],[129.40471,35.85828],[129.40567,35.85809],[129.40582,35.85806],[129.40612,35.85797],[129.40945,35.86066],[129.40957,35.86076],[129.40971,35.8609],[129.40986,35.86109],[129.41011,35.86156],[129.41017,35.86176],[129.41021,35.86201],[129.41022,35.86212],[129.41022,35.86225],[129.41,35.86365],[129.4099,35.86572],[129.4098,35.86823],[129.40983,35.86886],[129.40985,35.86895],[129.41016,35.8703],[129.41021,35.87042],[129.41315,35.87434],[129.4132,35.87441],[129.41463,35.87615],[129.41476,35.8763],[129.41494,35.87641],[129.41653,35.87736],[129.41738,35.87758],[129.41762,35.87763],[129.4178,35.87763],[129.41803,35.8776],[129.41903,35.87736],[129.41937,35.87727],[129.41965,35.87716],[129.41978,35.87713],[129.41986,35.87713],[129.42094,35.87753],[129.42103,35.87757],[129.42133,35.87787],[129.42145,35.87801],[129.42147,35.87862],[129.42146,35.8789],[129.42145,35.87896],[129.42139,35.87914],[129.42102,35.88024],[129.42094,35.88033],[129.42086,35.88037],[129.4203,35.88094],[129.41999,35.88176],[129.41993,35.88195],[129.41992,35.88214],[129.41994,35.88233],[129.42003,35.88255],[129.42016,35.88277],[129.42028,35.88292],[129.42142,35.88399],[129.42552,35.88395],[129.42769,35.88304],[129.42987,35.88064],[129.4314,35.88021],[129.43189,35.88007],[129.43222,35.88],[129.43248,35.87996],[129.43376,35.8799],[129.43389,35.87991],[129.43402,35.87999],[129.43425,35.88018],[129.43435,35.88028],[129.43441,35.88028],[129.4345,35.88027],[129.4346,35.88025],[129.43481,35.88015],[129.43648,35.87939],[129.43655,35.87934],[129.43665,35.87923],[129.43687,35.87896],[129.43707,35.87868],[129.43719,35.87849],[129.43723,35.87838],[129.43752,35.87748],[129.43754,35.8774],[129.43767,35.8764],[129.43768,35.87634],[129.43761,35.87612],[129.43755,35.87602],[129.4373,35.87563],[129.43705,35.87526],[129.43702,35.87518],[129.43706,35.87512],[129.43805,35.87404],[129.4407,35.86912],[129.44079,35.86895],[129.44085,35.86886],[129.4429,35.86737],[129.44307,35.86729],[129.44454,35.86677],[129.44546,35.86399],[129.44539,35.86389],[129.44532,35.86378],[129.4453,35.8637],[129.44532,35.86355],[129.44611,35.85901],[129.44616,35.85892],[129.44634,35.8587],[129.44731,35.85771],[129.44742,35.85768],[129.44871,35.85665],[129.44965,35.85447],[129.44914,35.85201],[129.44909,35.85191],[129.44907,35.85186],[129.44902,35.85173],[129.44902,35.8516],[129.44901,35.85144],[129.44902,35.85139],[129.44902,35.85134],[129.44905,35.85121],[129.44909,35.85105],[129.44916,35.85091],[129.44924,35.85081],[129.45057,35.84912],[129.4517,35.84835],[129.45485,35.84676]]]]}},{"type":"Feature","properties":{"code":"47130320","name":"양남면","parent":"47130"},"geometry":{"type":"MultiPolygon","coordinates":[[[[129.48167,35.72246],[129.48189,35.7205],[129.48118,35.71846],[129.47929,35.71734],[129.47909,35.71562],[129.48007,35.71296],[129.47983,35.7124],[129.47919,35.71185],[129.47756,35.71044],[129.4745,35.70855],[129.47331,35.70531],[129.47319,35.70444],[129.47305,35.70345],[129.4733,35.70236],[129.47375,35.70032],[129.47381,35.70023],[129.47446,35.69911],[129.47538,35.69839],[129.47605,35.6978],[129.47614,35.697],[129.47578,35.69503],[129.47589,35.69339],[129.47605,35.69303],[129.47695,35.69218],[129.4777,35.69064],[129.47752,35.69038],[129.47657,35.68956],[129.47534,35.68986],[129.47517,35.68975],[129.47488,35.68803],[129.4757,35.68622],[129.47573,35.68574],[129.47453,35.68428],[129.47339,35.68379],[129.47248,35.68196],[129.47252,35.68149],[129.47261,35.68062],[129.47255,35.68025],[129.47151,35.67944],[129.47123,35.67929],[129.47119,35.67927],[129.46964,35.67894],[129.4692,35.67918],[129.46894,35.67918],[129.46839,35.67912],[129.46699,35.67884],[129.46625,35.67814],[129.466,35.67778],[129.46543,35.67695],[129.46483,35.67494],[129.4649,35.67254],[129.4653,35.67128],[129.46538,35.67102],[129.46614,35.66899],[129.46622,35.66833],[129.46551,35.66694],[129.46509,35.6663],[129.46343,35.66565],[129.46219,35.66523],[129.46006,35.66476],[129.45967,35.66483],[129.45882,35.66539],[129.45834,35.66577],[129.45799,35.66629],[129.45707,35.66597],[129.45559,35.6648],[129.45541,35.66464],[129.45457,35.6639],[129.45355,35.66205],[129.45293,35.65954],[129.45245,35.65748],[129.45245,35.65598],[129.45245,35.65555],[129.45044,35.65162],[129.45001,35.65095],[129.4488,35.65106],[129.44859,35.6511],[129.44835,35.65117],[129.4479,35.65142],[129.4477,35.65158],[129.44743,35.65185],[129.44716,35.65213],[129.44685,35.65237],[129.44659,35.65258],[129.4451,35.65358],[129.44471,35.65385],[129.44464,35.65388],[129.44295,35.65436],[129.44284,35.65438],[129.43914,35.65466],[129.43899,35.65467],[129.43742,35.65452],[129.43728,35.65445],[129.43704,35.65433],[129.43682,35.65416],[129.43663,35.65393],[129.43647,35.65367],[129.43632,35.65332],[129.4361,35.65303],[129.43521,35.65221],[129.43518,35.65218],[129.43514,35.65222],[129.43412,35.6532],[129.43396,35.65338],[129.43368,35.65409],[129.43341,35.65497],[129.43298,35.65631],[129.43283,35.65655],[129.43273,35.65664],[129.4327,35.65666],[129.43207,35.65664],[129.43172,35.65663],[129.4316,35.65661],[129.43137,35.65653],[129.42839,35.65594],[129.4246,35.65764],[129.42158,35.65926],[129.42141,35.65937],[129.41836,35.66037],[129.41811,35.66037],[129.41786,35.6604],[129.41755,35.66047],[129.4174,35.66054],[129.415,35.66204],[129.41485,35.66217],[129.4142,35.66273],[129.4139,35.663],[129.4137,35.66322],[129.41361,35.66334],[129.41342,35.66357],[129.41324,35.66373],[129.41301,35.6639],[129.41286,35.66397],[129.41263,35.66402],[129.41242,35.66402],[129.41134,35.66405],[129.41104,35.66403],[129.41073,35.66397],[129.41049,35.66392],[129.40886,35.66356],[129.40708,35.6631],[129.40692,35.663],[129.4067,35.66292],[129.40648,35.66288],[129.40631,35.66286],[129.40595,35.66284],[129.40359,35.6629],[129.40343,35.66292],[129.40328,35.66299],[129.4031,35.66314],[129.40304,35.66325],[129.40242,35.66438],[129.40138,35.66622],[129.40115,35.66659],[129.40087,35.66701],[129.4008,35.66711],[129.40069,35.6672],[129.40046,35.66732],[129.40021,35.66745],[129.39993,35.66754],[129.39901,35.66775],[129.39868,35.6678],[129.39621,35.66807],[129.39534,35.66796],[129.39507,35.66794],[129.39489,35.66793],[129.39394,35.66802],[129.39384,35.66804],[129.39156,35.66855],[129.39113,35.66866],[129.38538,35.67019],[129.3824,35.67079],[129.38182,35.67096],[129.38151,35.67103],[129.38122,35.67106],[129.38099,35.67108],[129.38066,35.67103],[129.38026,35.67095],[129.37996,35.67088],[129.37964,35.67078],[129.37931,35.67063],[129.37843,35.67028],[129.37642,35.66982],[129.37631,35.66982],[129.3744,35.6698],[129.37411,35.6698],[129.37391,35.6698],[129.37375,35.66981],[129.37347,35.66984],[129.3734,35.67063],[129.37337,35.6708],[129.37301,35.67173],[129.37294,35.6719],[129.37282,35.67212],[129.37271,35.67228],[129.37267,35.67233],[129.37257,35.67242],[129.37236,35.67254],[129.37208,35.67268],[129.37172,35.67283],[129.37085,35.67315],[129.3706,35.67321],[129.37053,35.67322],[129.36759,35.67454],[129.3647,35.67701],[129.36444,35.67754],[129.36441,35.67764],[129.36441,35.67776],[129.36455,35.67877],[129.36445,35.67915],[129.36442,35.67929],[129.36441,35.67948],[129.3645,35.6802],[129.36484,35.68216],[129.36538,35.68568],[129.3654,35.6858],[129.3654,35.6859],[129.36539,35.68598],[129.36536,35.68608],[129.36531,35.6862],[129.36524,35.68628],[129.36514,35.68635],[129.36496,35.68645],[129.36447,35.68743],[129.36483,35.69204],[129.36487,35.69229],[129.36498,35.69293],[129.3662,35.69859],[129.36624,35.69875],[129.36629,35.69883],[129.36637,35.69886],[129.36668,35.69891],[129.36698,35.69895],[129.36714,35.69899],[129.36729,35.69905],[129.36738,35.69912],[129.36773,35.69953],[129.36782,35.69968],[129.36787,35.69988],[129.36822,35.70166],[129.36821,35.70183],[129.36821,35.7019],[129.36779,35.70271],[129.36771,35.70286],[129.3676,35.70303],[129.36749,35.70311],[129.36715,35.70343],[129.36683,35.70376],[129.36671,35.70389],[129.36641,35.70445],[129.36638,35.70454],[129.36617,35.70537],[129.36616,35.70547],[129.36626,35.7059],[129.36649,35.70632],[129.367,35.70761],[129.36757,35.70929],[129.36762,35.70974],[129.36764,35.71009],[129.3676,35.71058],[129.36752,35.71094],[129.3674,35.71138],[129.36732,35.71153],[129.36716,35.7118],[129.36702,35.71206],[129.36698,35.7123],[129.36697,35.7124],[129.36697,35.71246],[129.36716,35.71348],[129.36787,35.71684],[129.36852,35.71904],[129.36999,35.72096],[129.37028,35.72129],[129.372,35.72214],[129.37248,35.72234],[129.37271,35.72239],[129.3736,35.72245],[129.37368,35.72245],[129.374,35.7224],[129.37404,35.7224],[129.3741,35.72244],[129.37413,35.72248],[129.37439,35.72299],[129.37456,35.72348],[129.37454,35.72379],[129.37308,35.72802],[129.37219,35.7288],[129.37023,35.73017],[129.37018,35.7302],[129.36991,35.73019],[129.36817,35.73004],[129.36809,35.73],[129.36795,35.72992],[129.36782,35.72984],[129.36759,35.72972],[129.36736,35.72969],[129.36487,35.73011],[129.36483,35.73013],[129.36479,35.73015],[129.3641,35.73234],[129.36365,35.73411],[129.36298,35.73767],[129.36298,35.73783],[129.363,35.73795],[129.36306,35.73803],[129.36321,35.73817],[129.36397,35.73871],[129.36413,35.73882],[129.36444,35.73891],[129.36472,35.73893],[129.36524,35.73903],[129.36549,35.73909],[129.36638,35.73935],[129.36681,35.73948],[129.36705,35.7396],[129.36718,35.7397],[129.36727,35.73982],[129.36788,35.74072],[129.36792,35.74087],[129.36795,35.74096],[129.36797,35.74119],[129.36795,35.74137],[129.36787,35.74168],[129.36774,35.74202],[129.36757,35.74235],[129.36753,35.74253],[129.36745,35.74297],[129.36738,35.74348],[129.36736,35.74401],[129.36737,35.74439],[129.36744,35.74461],[129.36755,35.74483],[129.36791,35.74537],[129.36823,35.74586],[129.36847,35.74612],[129.36886,35.7464],[129.3703,35.74816],[129.37034,35.74823],[129.37034,35.74834],[129.37032,35.74846],[129.37001,35.74941],[129.36969,35.75012],[129.36966,35.75024],[129.36968,35.75039],[129.36987,35.75081],[129.37011,35.75129],[129.37035,35.7516],[129.37159,35.75302],[129.37731,35.75583],[129.3776,35.75596],[129.37881,35.75647],[129.3798,35.75674],[129.3801,35.75675],[129.38027,35.75672],[129.38183,35.75607],[129.38206,35.75597],[129.38328,35.75502],[129.38359,35.75472],[129.38376,35.75447],[129.38447,35.75307],[129.38518,35.75224],[129.38585,35.75157],[129.38595,35.75149],[129.38609,35.7514],[129.39257,35.74844],[129.39628,35.74715],[129.39909,35.74657],[129.39932,35.7466],[129.40087,35.74677],[129.40101,35.74679],[129.40119,35.74677],[129.40296,35.74638],[129.41251,35.74321],[129.41278,35.74292],[129.41295,35.74278],[129.41364,35.74236],[129.414,35.7422],[129.41415,35.74216],[129.41448,35.74214],[129.41462,35.74216],[129.41654,35.74278],[129.42223,35.74452],[129.42663,35.74572],[129.42691,35.74584],[129.42705,35.74593],[129.42716,35.74601],[129.42734,35.74615],[129.42745,35.74627],[129.42897,35.74806],[129.43016,35.74966],[129.43154,35.75178],[129.4316,35.75187],[129.43161,35.75194],[129.43193,35.75335],[129.43318,35.75415],[129.43445,35.75458],[129.43456,35.75459],[129.43468,35.7546],[129.43483,35.75456],[129.43499,35.7545],[129.43524,35.7544],[129.43546,35.75429],[129.43558,35.75419],[129.43565,35.75412],[129.43569,35.75404],[129.43611,35.75289],[129.43853,35.7513],[129.43903,35.75136],[129.43938,35.7514],[129.44012,35.75143],[129.44021,35.7514],[129.44024,35.75136],[129.44067,35.74993],[129.44142,35.7465],[129.44204,35.74386],[129.44336,35.74127],[129.44399,35.73803],[129.44532,35.73677],[129.44747,35.73552],[129.44759,35.73547],[129.4477,35.73544],[129.44806,35.73542],[129.44822,35.73543],[129.44839,35.73545],[129.44864,35.73552],[129.44921,35.73577],[129.4495,35.73588],[129.44991,35.73599],[129.45041,35.73607],[129.45195,35.73626],[129.45203,35.73626],[129.45746,35.73503],[129.45762,35.73498],[129.45868,35.73458],[129.45885,35.73451],[129.45891,35.73447],[129.45899,35.73438],[129.45902,35.7343],[129.45903,35.73423],[129.45899,35.73414],[129.4589,35.73402],[129.45878,35.73386],[129.45871,35.73367],[129.45849,35.73273],[129.45848,35.73265],[129.45849,35.73259],[129.45855,35.73253],[129.45865,35.73248],[129.45884,35.73244],[129.46129,35.73222],[129.46139,35.73221],[129.46147,35.73223],[129.46155,35.73227],[129.46171,35.73237],[129.4618,35.73244],[129.46228,35.73258],[129.46244,35.73261],[129.46254,35.73261],[129.46269,35.73255],[129.46282,35.73248],[129.46425,35.7315],[129.46433,35.73142],[129.4653,35.72896],[129.46533,35.7288],[129.4653,35.72866],[129.46529,35.72859],[129.46518,35.72844],[129.46501,35.72822],[129.46496,35.72814],[129.46494,35.72802],[129.46496,35.72754],[129.46499,35.72733],[129.46506,35.72713],[129.46516,35.72699],[129.46529,35.72683],[129.46663,35.7252],[129.46682,35.72499],[129.46698,35.72484],[129.4672,35.72463],[129.46739,35.72449],[129.46756,35.72437],[129.46768,35.72429],[129.46791,35.72417],[129.46852,35.72386],[129.47294,35.72227],[129.4768,35.72135],[129.47797,35.7211],[129.47806,35.7211],[129.47819,35.7211],[129.47856,35.72117],[129.47884,35.72126],[129.48105,35.72207],[129.48115,35.72213],[129.48167,35.72246]]]]}},{"type":"Feature","properties":{"code":"47130330","name":"내남면","parent":"47130"},"geometry":{"type":"MultiPolygon","coordinates":[[[[129.22291,35.78743],[129.22348,35.78517],[129.22352,35.78508],[129.22366,35.78487],[129.22386,35.78475],[129.22464,35.78429],[129.22477,35.78424],[129.22513,35.78411],[129.22556,35.784],[129.22887,35.78238],[129.23226,35.77922],[129.23233,35.77913],[129.23258,35.77811],[129.23258,35.77802],[129.23258,35.77788],[129.232,35.77573],[129.23143,35.77371],[129.23142,35.77352],[129.23152,35.77328],[129.23168,35.77293],[129.23192,35.7727],[129.23247,35.77234],[129.23415,35.76926],[129.23512,35.76682],[129.2353,35.76667],[129.2354,35.76658],[129.23571,35.76648],[129.23587,35.76647],[129.23605,35.76648],[129.23626,35.76653],[129.23644,35.7666],[129.24478,35.76996],[129.24945,35.77188],[129.24952,35.77192],[129.24964,35.77199],[129.2503,35.77256],[129.25051,35.77279],[129.25161,35.77408],[129.25194,35.77433],[129.25214,35.77446],[129.25227,35.77451],[129.25241,35.77456],[129.25247,35.77457],[129.25259,35.77457],[129.25275,35.77452],[129.25406,35.77395],[129.25535,35.77295],[129.25543,35.77288],[129.25552,35.77275],[129.25729,35.76924],[129.25731,35.76916],[129.25733,35.76911],[129.25763,35.76728],[129.25764,35.7672],[129.25748,35.76455],[129.25745,35.76445],[129.25742,35.76437],[129.25741,35.76433],[129.25721,35.764],[129.25699,35.76368],[129.2568,35.76351],[129.25668,35.76344],[129.25611,35.7619],[129.2563,35.76024],[129.25634,35.76001],[129.2565,35.75984],[129.257,35.7595],[129.25727,35.75935],[129.25736,35.75929],[129.25743,35.7592],[129.25754,35.75885],[129.25803,35.75708],[129.25808,35.75691],[129.25811,35.75661],[129.25808,35.75641],[129.2579,35.75593],[129.25773,35.75516],[129.25772,35.75497],[129.2592,35.751],[129.25924,35.75089],[129.2593,35.75076],[129.25939,35.75066],[129.2595,35.75058],[129.25962,35.7505],[129.25988,35.74805],[129.25912,35.74582],[129.25828,35.74258],[129.25827,35.74252],[129.25827,35.74245],[129.25829,35.7424],[129.25924,35.73997],[129.2593,35.73983],[129.25938,35.73975],[129.25948,35.73966],[129.25959,35.73961],[129.25977,35.73952],[129.26249,35.73829],[129.26286,35.73743],[129.26408,35.73273],[129.26575,35.72624],[129.26632,35.72371],[129.26632,35.72367],[129.26612,35.72338],[129.26566,35.72276],[129.2656,35.72269],[129.26548,35.72262],[129.26522,35.7225],[129.26479,35.72236],[129.26433,35.72221],[129.26401,35.7221],[129.26384,35.72202],[129.26371,35.72194],[129.26359,35.72185],[129.26354,35.72179],[129.26295,35.72079],[129.2629,35.72063],[129.26289,35.7205],[129.26288,35.72035],[129.2629,35.72029],[129.26295,35.72021],[129.26305,35.72013],[129.26383,35.71974],[129.26418,35.71959],[129.26455,35.71944],[129.26494,35.71926],[129.26515,35.71916],[129.26542,35.71899],[129.26557,35.71888],[129.26574,35.71865],[129.26594,35.71839],[129.26779,35.71543],[129.2679,35.7152],[129.26798,35.71495],[129.26805,35.71465],[129.26809,35.71443],[129.2681,35.71429],[129.26809,35.71401],[129.26808,35.71391],[129.26803,35.71362],[129.26784,35.71309],[129.26764,35.71273],[129.26746,35.71242],[129.26732,35.71219],[129.26707,35.71185],[129.2669,35.71169],[129.26669,35.7115],[129.26495,35.71014],[129.26483,35.71009],[129.26468,35.71004],[129.26448,35.71003],[129.2642,35.71003],[129.26402,35.71004],[129.26389,35.71003],[129.26376,35.70997],[129.26353,35.70982],[129.26303,35.70937],[129.26121,35.70756],[129.26106,35.7074],[129.2589,35.70481],[129.25784,35.70302],[129.25604,35.70078],[129.254,35.70149],[129.25317,35.70166],[129.25304,35.70168],[129.25293,35.7017],[129.24403,35.70278],[129.24399,35.70278],[129.23843,35.70307],[129.2372,35.70295],[129.23406,35.70358],[129.23372,35.70505],[129.23406,35.70601],[129.23336,35.70717],[129.23254,35.70807],[129.22986,35.70872],[129.22853,35.70895],[129.22737,35.70877],[129.22669,35.70832],[129.22259,35.71097],[129.22212,35.71155],[129.21944,35.71346],[129.21766,35.71375],[129.21405,35.71525],[129.2106,35.7182],[129.20949,35.71911],[129.20986,35.71976],[129.20846,35.7207],[129.20723,35.72151],[129.20208,35.71871],[129.20091,35.71602],[129.2006,35.7158],[129.19765,35.71579],[129.19372,35.718],[129.19287,35.71823],[129.18979,35.71904],[129.18639,35.72056],[129.18551,35.72167],[129.18441,35.72237],[129.18239,35.72292],[129.18152,35.72314],[129.18159,35.72188],[129.18073,35.72006],[129.1788,35.71741],[129.17686,35.71553],[129.17332,35.71439],[129.17062,35.71453],[129.16562,35.71496],[129.16064,35.71488],[129.15962,35.71618],[129.15864,35.71737],[129.15738,35.7188],[129.15437,35.72171],[129.15193,35.72221],[129.14902,35.72335],[129.14572,35.7247],[129.14284,35.72393],[129.13853,35.72088],[129.14004,35.71808],[129.1385,35.71685],[129.13676,35.71502],[129.13623,35.71337],[129.13724,35.71295],[129.13524,35.71193],[129.13074,35.71247],[129.12917,35.71287],[129.12807,35.71363],[129.12665,35.71446],[129.12592,35.71209],[129.12549,35.71027],[129.12435,35.70815],[129.12328,35.70748],[129.12042,35.70704],[129.11768,35.70675],[129.11611,35.70826],[129.11208,35.70795],[129.11001,35.70706],[129.10895,35.70659],[129.1088,35.70651],[129.10168,35.70623],[129.09873,35.70479],[129.09423,35.70304],[129.09103,35.70257],[129.08905,35.70578],[129.08901,35.70593],[129.08898,35.70605],[129.08894,35.70619],[129.08891,35.7063],[129.08888,35.70651],[129.08876,35.70732],[129.08877,35.70755],[129.089,35.70901],[129.08903,35.70911],[129.0881,35.71183],[129.08801,35.71194],[129.08711,35.71336],[129.08622,35.71586],[129.08618,35.71598],[129.08614,35.7161],[129.08603,35.71674],[129.08595,35.71735],[129.08594,35.71745],[129.08595,35.71754],[129.08784,35.72371],[129.08941,35.72659],[129.08963,35.72673],[129.08981,35.72688],[129.08987,35.72695],[129.09021,35.7275],[129.0905,35.72802],[129.09111,35.7342],[129.09079,35.73575],[129.0903,35.73703],[129.08688,35.74113],[129.08676,35.74122],[129.08665,35.74127],[129.0864,35.74137],[129.08585,35.7416],[129.08755,35.74647],[129.08895,35.74987],[129.08902,35.74995],[129.08912,35.7501],[129.08954,35.75079],[129.08965,35.75099],[129.08974,35.75117],[129.09063,35.75399],[129.09067,35.75412],[129.09188,35.75966],[129.09191,35.75983],[129.09187,35.75997],[129.09178,35.76012],[129.09164,35.76032],[129.0914,35.7606],[129.0913,35.76073],[129.0912,35.76101],[129.09014,35.76384],[129.08962,35.76537],[129.08954,35.76572],[129.08952,35.76599],[129.08955,35.76643],[129.08961,35.76668],[129.08972,35.76692],[129.08979,35.76708],[129.08991,35.7672],[129.09004,35.76733],[129.09028,35.7675],[129.09061,35.76769],[129.09071,35.76777],[129.09075,35.76791],[129.09097,35.76917],[129.09099,35.7694],[129.09098,35.76947],[129.09095,35.76968],[129.09091,35.76996],[129.09083,35.77023],[129.09072,35.77055],[129.09004,35.77212],[129.08992,35.77234],[129.0886,35.77455],[129.08692,35.77708],[129.08566,35.77893],[129.08488,35.78048],[129.0841,35.78291],[129.08409,35.78301],[129.08404,35.784],[129.08405,35.78423],[129.08407,35.78432],[129.08415,35.78446],[129.08428,35.78466],[129.08458,35.78506],[129.08476,35.78529],[129.08488,35.78542],[129.08499,35.78549],[129.08511,35.78558],[129.0852,35.78567],[129.08526,35.78574],[129.08529,35.7858],[129.08531,35.78588],[129.08533,35.78613],[129.08532,35.7863],[129.0851,35.78733],[129.08501,35.78775],[129.08496,35.78795],[129.08491,35.78806],[129.08475,35.78836],[129.08421,35.7891],[129.08421,35.78915],[129.08426,35.78927],[129.08535,35.79062],[129.08882,35.79452],[129.08886,35.79456],[129.08891,35.79458],[129.08899,35.79458],[129.08907,35.79454],[129.08928,35.79442],[129.08958,35.79424],[129.09093,35.7933],[129.09102,35.79324],[129.09108,35.79318],[129.09114,35.79309],[129.0912,35.79298],[129.09148,35.79219],[129.09151,35.79211],[129.09152,35.79204],[129.09148,35.79193],[129.09144,35.79182],[129.09134,35.79164],[129.0913,35.79156],[129.09128,35.79148],[129.09128,35.79134],[129.09129,35.79123],[129.09132,35.79112],[129.09136,35.79104],[129.09206,35.79005],[129.09214,35.78993],[129.09223,35.78982],[129.09238,35.78966],[129.09259,35.7895],[129.0928,35.78936],[129.09308,35.7892],[129.0933,35.78908],[129.09352,35.78899],[129.09373,35.78894],[129.09571,35.78855],[129.10216,35.78624],[129.10395,35.78588],[129.10406,35.78587],[129.10421,35.78587],[129.10433,35.78586],[129.1053,35.78573],[129.1054,35.78571],[129.10548,35.78568],[129.10709,35.78502],[129.10796,35.78463],[129.10804,35.78459],[129.10811,35.78455],[129.10816,35.78451],[129.10821,35.78445],[129.10831,35.78417],[129.10834,35.78408],[129.10898,35.7812],[129.10904,35.78055],[129.10892,35.78022],[129.10888,35.78007],[129.10886,35.77998],[129.10887,35.77989],[129.10888,35.77974],[129.10894,35.77935],[129.10898,35.77918],[129.10903,35.77906],[129.11004,35.77719],[129.11022,35.77692],[129.11237,35.77417],[129.11256,35.77401],[129.11495,35.77212],[129.11959,35.76921],[129.11975,35.76913],[129.12368,35.76769],[129.12784,35.76627],[129.12807,35.7662],[129.12839,35.76613],[129.12861,35.76612],[129.12884,35.76616],[129.12911,35.76624],[129.12939,35.76634],[129.12962,35.76643],[129.12982,35.76646],[129.12994,35.76645],[129.13007,35.7664],[129.13026,35.76631],[129.13052,35.76613],[129.13078,35.76591],[129.13095,35.76573],[129.13126,35.76535],[129.132,35.76436],[129.13204,35.76426],[129.13206,35.76404],[129.13207,35.76374],[129.13205,35.76348],[129.13206,35.76339],[129.13214,35.76332],[129.13229,35.76326],[129.13255,35.7632],[129.13328,35.76315],[129.13341,35.76316],[129.1336,35.76323],[129.13381,35.7634],[129.13406,35.76364],[129.13426,35.76386],[129.1343,35.7639],[129.13442,35.76404],[129.13451,35.76418],[129.13463,35.76437],[129.13627,35.76741],[129.1363,35.76754],[129.13628,35.76796],[129.13626,35.76816],[129.13619,35.7683],[129.13604,35.76846],[129.13588,35.76861],[129.13541,35.76898],[129.13532,35.76905],[129.13513,35.76931],[129.13494,35.76956],[129.13468,35.76997],[129.13453,35.77032],[129.13341,35.77304],[129.13338,35.77318],[129.13339,35.77326],[129.13347,35.77333],[129.13362,35.77346],[129.13381,35.77356],[129.13715,35.77478],[129.13884,35.77522],[129.13917,35.77529],[129.13962,35.77536],[129.14019,35.77542],[129.14065,35.77545],[129.14086,35.77545],[129.14122,35.7754],[129.14159,35.77532],[129.1423,35.77523],[129.14269,35.77519],[129.14334,35.77514],[129.14525,35.77506],[129.14565,35.77505],[129.14673,35.77673],[129.14719,35.77789],[129.14719,35.77801],[129.14717,35.77806],[129.14708,35.77814],[129.14701,35.77821],[129.14694,35.77832],[129.14693,35.77838],[129.14694,35.77844],[129.14717,35.77913],[129.1479,35.78091],[129.14817,35.78137],[129.14838,35.78162],[129.15087,35.78442],[129.151,35.78455],[129.15121,35.78476],[129.15134,35.78486],[129.15191,35.78519],[129.15226,35.78538],[129.1526,35.78555],[129.15286,35.78566],[129.15605,35.78775],[129.15908,35.79191],[129.15898,35.79213],[129.15894,35.79226],[129.1589,35.79251],[129.15887,35.79282],[129.15884,35.79315],[129.15884,35.79327],[129.15889,35.79345],[129.15896,35.79356],[129.16032,35.79549],[129.16038,35.79557],[129.16218,35.79718],[129.16258,35.79751],[129.16475,35.79911],[129.16626,35.79944],[129.16652,35.79949],[129.16664,35.79949],[129.16869,35.79936],[129.17,35.79918],[129.17018,35.79914],[129.17035,35.79907],[129.17062,35.79895],[129.17219,35.79809],[129.17236,35.798],[129.17283,35.79766],[129.17294,35.79756],[129.17304,35.79743],[129.17438,35.7949],[129.17444,35.79477],[129.1745,35.79459],[129.17452,35.79386],[129.17449,35.79371],[129.17441,35.79341],[129.17436,35.79313],[129.17435,35.79303],[129.17435,35.79291],[129.17448,35.79273],[129.17463,35.79253],[129.17507,35.7921],[129.17671,35.79079],[129.17688,35.79069],[129.17753,35.79039],[129.17855,35.79101],[129.18133,35.79265],[129.18621,35.79382],[129.18795,35.79419],[129.18988,35.79449],[129.19011,35.79451],[129.1905,35.79451],[129.19092,35.7945],[129.19148,35.79443],[129.1917,35.7944],[129.19177,35.79442],[129.19184,35.7945],[129.19338,35.7965],[129.19345,35.79659],[129.19358,35.7968],[129.19367,35.79702],[129.19384,35.79743],[129.19394,35.79772],[129.19422,35.79835],[129.1943,35.79843],[129.19437,35.79847],[129.19763,35.79952],[129.19768,35.79952],[129.19803,35.79945],[129.19815,35.79942],[129.19823,35.79939],[129.19836,35.79932],[129.19728,35.79823],[129.19692,35.79767],[129.19682,35.79743],[129.19713,35.79003],[129.19729,35.78964],[129.19745,35.7894],[129.19772,35.78905],[129.19788,35.78887],[129.19802,35.78872],[129.19811,35.78862],[129.19895,35.78783],[129.19903,35.78787],[129.20064,35.78875],[129.20079,35.78887],[129.20106,35.78909],[129.20119,35.78922],[129.20162,35.78967],[129.20177,35.78983],[129.20197,35.79005],[129.20226,35.79048],[129.20521,35.79076],[129.20539,35.79077],[129.2056,35.79069],[129.20738,35.78994],[129.20974,35.78898],[129.21007,35.7889],[129.21015,35.78888],[129.21591,35.78892],[129.21603,35.78894],[129.21619,35.78896],[129.21813,35.78933],[129.22002,35.78957],[129.22208,35.78906],[129.2228,35.78871],[129.22283,35.78867],[129.22285,35.78847],[129.22287,35.78831],[129.22291,35.78743]]]]}},{"type":"Feature","properties":{"code":"47130340","name":"산내면","parent":"47130"},"geometry":{"type":"MultiPolygon","coordinates":[[[[129.03931,35.84244],[129.04165,35.84114],[129.04218,35.84082],[129.04232,35.84073],[129.04247,35.84055],[129.0445,35.83805],[129.04373,35.83086],[129.04277,35.82839],[129.04137,35.82704],[129.04128,35.82694],[129.04121,35.82685],[129.04117,35.82675],[129.04114,35.82663],[129.0411,35.82607],[129.04111,35.82604],[129.04112,35.82601],[129.04116,35.82598],[129.04493,35.82503],[129.04904,35.82504],[129.04924,35.82505],[129.0495,35.82503],[129.0514,35.82465],[129.05596,35.82361],[129.05608,35.82354],[129.05829,35.82182],[129.0598,35.81864],[129.06006,35.81806],[129.06015,35.8178],[129.06032,35.81724],[129.06037,35.81706],[129.06038,35.81672],[129.06035,35.81642],[129.06072,35.81337],[129.06162,35.81062],[129.06146,35.8103],[129.06085,35.80895],[129.0608,35.80875],[129.06082,35.80853],[129.06217,35.80359],[129.06261,35.80221],[129.06293,35.80159],[129.06321,35.801],[129.06328,35.80081],[129.06337,35.80055],[129.06338,35.80047],[129.06336,35.80039],[129.0628,35.79867],[129.06301,35.79508],[129.06301,35.79503],[129.06304,35.79492],[129.06342,35.79404],[129.06355,35.79385],[129.06374,35.79366],[129.06396,35.79352],[129.06412,35.79348],[129.06457,35.7934],[129.0711,35.792],[129.07556,35.78979],[129.08198,35.7893],[129.08421,35.7891],[129.08475,35.78836],[129.08491,35.78806],[129.08496,35.78795],[129.08501,35.78775],[129.0851,35.78733],[129.08532,35.7863],[129.08533,35.78613],[129.08531,35.78588],[129.08529,35.7858],[129.08526,35.78574],[129.0852,35.78567],[129.08511,35.78558],[129.08499,35.78549],[129.08488,35.78542],[129.08476,35.78529],[129.08458,35.78506],[129.08428,35.78466],[129.08415,35.78446],[129.08407,35.78432],[129.08405,35.78423],[129.08404,35.784],[129.08409,35.78301],[129.0841,35.78291],[129.08488,35.78048],[129.08566,35.77893],[129.08692,35.77708],[129.0886,35.77455],[129.08992,35.77234],[129.09004,35.77212],[129.09072,35.77055],[129.09083,35.77023],[129.09091,35.76996],[129.09095,35.76968],[129.09098,35.76947],[129.09099,35.7694],[129.09097,35.76917],[129.09075,35.76791],[129.09071,35.76777],[129.09061,35.76769],[129.09028,35.7675],[129.09004,35.76733],[129.08991,35.7672],[129.08979,35.76708],[129.08972,35.76692],[129.08961,35.76668],[129.08955,35.76643],[129.08952,35.76599],[129.08954,35.76572],[129.08962,35.76537],[129.09014,35.76384],[129.0912,35.76101],[129.0913,35.76073],[129.0914,35.7606],[129.09164,35.76032],[129.09178,35.76012],[129.09187,35.75997],[129.09191,35.75983],[129.09188,35.75966],[129.09067,35.75412],[129.09063,35.75399],[129.08974,35.75117],[129.08965,35.75099],[129.08954,35.75079],[129.08912,35.7501],[129.08902,35.74995],[129.08895,35.74987],[129.08755,35.74647],[129.08585,35.7416],[129.0864,35.74137],[129.08665,35.74127],[129.08676,35.74122],[129.08688,35.74113],[129.0903,35.73703],[129.09079,35.73575],[129.09111,35.7342],[129.0905,35.72802],[129.09021,35.7275],[129.08987,35.72695],[129.08981,35.72688],[129.08963,35.72673],[129.08941,35.72659],[129.08784,35.72371],[129.08595,35.71754],[129.08594,35.71745],[129.08595,35.71735],[129.08603,35.71674],[129.08614,35.7161],[129.08618,35.71598],[129.08622,35.71586],[129.08711,35.71336],[129.08801,35.71194],[129.0881,35.71183],[129.08903,35.70911],[129.089,35.70901],[129.08877,35.70755],[129.08876,35.70732],[129.08888,35.70651],[129.08891,35.7063],[129.08894,35.70619],[129.08898,35.70605],[129.08901,35.70593],[129.08905,35.70578],[129.09103,35.70257],[129.08857,35.70202],[129.08612,35.70073],[129.08369,35.69907],[129.07743,35.69302],[129.07686,35.69219],[129.07658,35.69063],[129.07403,35.68648],[129.07341,35.68553],[129.06949,35.68073],[129.06979,35.67956],[129.071,35.67884],[129.07303,35.67801],[129.07319,35.67774],[129.07267,35.6767],[129.07028,35.67459],[129.06876,35.6735],[129.06833,35.67312],[129.06759,35.67128],[129.06757,35.67124],[129.06947,35.66911],[129.06873,35.66664],[129.06761,35.6618],[129.06783,35.65937],[129.06805,35.65875],[129.06842,35.65828],[129.06898,35.65811],[129.06973,35.65799],[129.07015,35.65775],[129.07361,35.65451],[129.07517,35.65275],[129.07897,35.65008],[129.07939,35.64978],[129.07971,35.64949],[129.08107,35.64748],[129.08164,35.64543],[129.08158,35.64493],[129.08141,35.64387],[129.08121,35.64343],[129.07741,35.64161],[129.07413,35.64009],[129.07164,35.6414],[129.07089,35.64238],[129.07069,35.64286],[129.07016,35.64343],[129.06433,35.64625],[129.06379,35.6464],[129.05955,35.64756],[129.05648,35.64777],[129.05596,35.64783],[129.05214,35.64881],[129.04903,35.64988],[129.04788,35.65009],[129.04731,35.65015],[129.04674,35.65164],[129.0467,35.6517],[129.04666,35.65176],[129.04658,35.65185],[129.04609,35.65239],[129.04566,35.65286],[129.04482,35.65364],[129.0447,35.65372],[129.04457,35.6538],[129.04433,35.65393],[129.04415,35.65403],[129.04402,35.65409],[129.04382,35.65418],[129.0436,35.65428],[129.0435,35.65431],[129.04326,35.6544],[129.04318,35.65443],[129.04305,35.65451],[129.04296,35.65459],[129.04281,35.65476],[129.04098,35.65708],[129.04035,35.6582],[129.04044,35.65869],[129.04052,35.65908],[129.04058,35.65942],[129.0406,35.65953],[129.04065,35.65984],[129.04069,35.66012],[129.0407,35.66022],[129.04072,35.66056],[129.04071,35.66081],[129.0407,35.66092],[129.03995,35.66537],[129.03972,35.66661],[129.03968,35.66674],[129.03959,35.66698],[129.03954,35.66707],[129.03804,35.67024],[129.03665,35.67228],[129.03647,35.67252],[129.03609,35.67291],[129.03601,35.67299],[129.03567,35.67324],[129.03557,35.67331],[129.0344,35.67623],[129.03467,35.67645],[129.0354,35.6771],[129.0355,35.67719],[129.03584,35.6775],[129.03587,35.67752],[129.03601,35.67766],[129.03606,35.67775],[129.03613,35.67877],[129.03794,35.68748],[129.03798,35.68881],[129.03758,35.69249],[129.03756,35.69256],[129.03748,35.6926],[129.03575,35.69247],[129.0356,35.69246],[129.03554,35.69243],[129.0354,35.69237],[129.03531,35.69226],[129.03524,35.69218],[129.03514,35.69206],[129.03505,35.69195],[129.03495,35.69184],[129.03474,35.69161],[129.03461,35.69149],[129.03447,35.6914],[129.03295,35.69066],[129.03269,35.69054],[129.03245,35.69047],[129.02868,35.68958],[129.02525,35.68886],[129.02497,35.68858],[129.02455,35.68818],[129.02441,35.68806],[129.02422,35.68799],[129.02281,35.68754],[129.02273,35.68752],[129.0225,35.68751],[129.02243,35.68751],[129.01954,35.68822],[129.01942,35.68828],[129.01507,35.69055],[129.01465,35.69079],[129.01438,35.69096],[129.01415,35.6911],[129.01405,35.69117],[129.01346,35.69163],[129.0134,35.69168],[129.01268,35.6923],[129.01244,35.69251],[129.01205,35.69279],[129.01137,35.69313],[129.00858,35.69427],[129.00845,35.6943],[129.00825,35.69429],[129.00789,35.69424],[129.00757,35.69411],[129.00709,35.69386],[129.00663,35.69361],[129.00626,35.69349],[129.00572,35.69339],[129.00545,35.69336],[129.0053,35.69337],[129.00525,35.69338],[129.00509,35.6935],[129.00497,35.69363],[129.00422,35.69463],[129.00405,35.6949],[129.00401,35.69499],[129.004,35.6953],[129.00388,35.69769],[129.00408,35.6996],[129.00456,35.70198],[129.00498,35.70485],[129.00397,35.70594],[129.0036,35.70633],[129.00323,35.70671],[129.00004,35.7094],[128.99845,35.71027],[128.99669,35.71256],[128.99659,35.71273],[128.99634,35.71347],[128.99636,35.71366],[128.99644,35.71381],[128.99656,35.71394],[128.99665,35.71402],[128.99673,35.71418],[128.99678,35.7144],[128.9968,35.71459],[128.99703,35.71739],[128.99702,35.7175],[128.99698,35.71754],[128.99686,35.7176],[128.99603,35.71794],[128.99273,35.71893],[128.99129,35.71931],[128.99124,35.71936],[128.9906,35.72056],[128.99057,35.72079],[128.99058,35.721],[128.99064,35.72122],[128.99048,35.722],[128.9901,35.72295],[128.98992,35.72327],[128.98978,35.72347],[128.98591,35.72753],[128.9828,35.73022],[128.98197,35.73091],[128.97796,35.73421],[128.97708,35.73456],[128.97528,35.73544],[128.97503,35.73557],[128.97475,35.73572],[128.97453,35.73586],[128.97274,35.73695],[128.97268,35.737],[128.97258,35.73708],[128.97255,35.73713],[128.97257,35.73717],[128.9732,35.73797],[128.97375,35.73956],[128.97377,35.73968],[128.97428,35.74737],[128.97429,35.74749],[128.97423,35.74772],[128.97417,35.74781],[128.97194,35.7499],[128.97099,35.75074],[128.97079,35.7509],[128.97062,35.75111],[128.97051,35.75129],[128.97039,35.75148],[128.96988,35.75277],[128.96988,35.75284],[128.96988,35.75291],[128.96993,35.75302],[128.97053,35.75367],[128.97153,35.75524],[128.97459,35.76009],[128.97464,35.7602],[128.97514,35.76232],[128.97515,35.76259],[128.97515,35.76286],[128.97509,35.76382],[128.97488,35.76491],[128.97473,35.76574],[128.97418,35.77011],[128.97419,35.77017],[128.97427,35.77033],[128.97444,35.77054],[128.9748,35.77088],[128.97492,35.77098],[128.97494,35.771],[128.97673,35.77104],[128.97828,35.77104],[128.98026,35.77087],[128.98086,35.77118],[128.98286,35.77261],[128.98372,35.77265],[128.98414,35.7726],[128.98491,35.77233],[128.98548,35.77208],[128.9864,35.77214],[128.98722,35.77229],[128.98757,35.77243],[128.988,35.77284],[128.98842,35.77407],[128.98764,35.77547],[128.98736,35.77829],[128.98747,35.77999],[128.98776,35.7816],[128.98793,35.783],[128.98798,35.78349],[128.98785,35.78397],[128.98771,35.78415],[128.98719,35.78434],[128.98719,35.78438],[128.98722,35.78458],[128.98725,35.78469],[128.98757,35.78538],[128.98762,35.78547],[128.99124,35.79142],[128.99241,35.79301],[128.99244,35.79306],[128.99287,35.7945],[128.99298,35.79545],[128.99134,35.79917],[128.99129,35.79925],[128.99122,35.79934],[128.9911,35.79947],[128.99103,35.79953],[128.99092,35.79959],[128.99067,35.79968],[128.99053,35.79974],[128.99045,35.79978],[128.99039,35.79983],[128.99033,35.79988],[128.99031,35.79992],[128.99029,35.79994],[128.99028,35.79999],[128.99028,35.80003],[128.9903,35.80012],[128.99035,35.80023],[128.99042,35.80034],[128.99051,35.80045],[128.99151,35.80159],[128.9917,35.80179],[128.99178,35.80186],[128.99188,35.80194],[128.99415,35.80372],[128.99667,35.80578],[128.99688,35.80596],[128.99714,35.80623],[128.99724,35.80638],[129.00046,35.81153],[129.00336,35.81636],[129.00341,35.81649],[129.00348,35.81668],[129.00351,35.8168],[129.00353,35.81695],[129.00354,35.81708],[129.00349,35.81737],[129.0038,35.81966],[129.00434,35.82331],[129.00435,35.82338],[129.00476,35.82436],[129.0048,35.82442],[129.00521,35.82484],[129.00533,35.82493],[129.00544,35.82497],[129.0059,35.82508],[129.0078,35.82781],[129.00791,35.82904],[129.00831,35.8318],[129.00833,35.8319],[129.00842,35.83202],[129.00885,35.8326],[129.00975,35.83342],[129.00983,35.83349],[129.00993,35.83354],[129.01009,35.8336],[129.01022,35.8336],[129.0138,35.83561],[129.01639,35.84061],[129.0161,35.842],[129.01588,35.84388],[129.01587,35.84395],[129.01606,35.84444],[129.01611,35.8445],[129.01619,35.84458],[129.01651,35.84465],[129.01413,35.8462],[129.0161,35.8498],[129.02007,35.84746],[129.02184,35.84666],[129.02213,35.84673],[129.02266,35.84715],[129.0231,35.84754],[129.02353,35.84744],[129.02499,35.84688],[129.03001,35.8447],[129.03675,35.84407],[129.03701,35.84402],[129.03728,35.84393],[129.03931,35.84244]]]]}},{"type":"Feature","properties":{"code":"47130350","name":"서면","parent":"47130"},"geometry":{"type":"MultiPolygon","coordinates":[[[[129.11525,35.917],[129.11293,35.91448],[129.1117,35.9135],[129.11109,35.91309],[129.11035,35.9128],[129.11008,35.91102],[129.10911,35.91001],[129.10892,35.90974],[129.1088,35.90947],[129.10874,35.90921],[129.1087,35.90867],[129.10871,35.90851],[129.10876,35.90827],[129.10887,35.90807],[129.10897,35.90792],[129.10919,35.90767],[129.10986,35.90679],[129.11011,35.90632],[129.11024,35.90605],[129.11044,35.90542],[129.1106,35.90489],[129.11071,35.90397],[129.11072,35.90389],[129.11072,35.90383],[129.10721,35.89781],[129.10634,35.89707],[129.10622,35.897],[129.10011,35.89533],[129.09982,35.89528],[129.09936,35.89522],[129.09909,35.89524],[129.09877,35.89528],[129.09859,35.89529],[129.09844,35.89528],[129.09692,35.89484],[129.09682,35.89476],[129.09666,35.89454],[129.0966,35.89433],[129.09658,35.89409],[129.09659,35.89401],[129.09664,35.8938],[129.09748,35.89068],[129.0975,35.89064],[129.09754,35.89049],[129.09794,35.88974],[129.09803,35.88961],[129.09813,35.88946],[129.0989,35.88881],[129.09898,35.88704],[129.0969,35.88433],[129.09525,35.88115],[129.09521,35.88097],[129.09508,35.88073],[129.09504,35.88068],[129.09125,35.87812],[129.08993,35.87756],[129.08669,35.87765],[129.08507,35.87783],[129.08461,35.87792],[129.08444,35.87795],[129.0836,35.87805],[129.08345,35.87805],[129.08323,35.87803],[129.0831,35.878],[129.08296,35.87793],[129.08282,35.87782],[129.08153,35.87639],[129.08146,35.87631],[129.08109,35.87578],[129.07997,35.87419],[129.07995,35.87414],[129.08,35.87409],[129.08012,35.87404],[129.0802,35.87395],[129.0804,35.87369],[129.08043,35.87363],[129.08048,35.87354],[129.08068,35.87294],[129.08087,35.87177],[129.07919,35.87027],[129.07824,35.87099],[129.0766,35.87224],[129.07525,35.87328],[129.07435,35.87398],[129.07432,35.874],[129.07411,35.87418],[129.07391,35.87435],[129.07349,35.87472],[129.07293,35.87525],[129.07252,35.87564],[129.07229,35.87585],[129.07225,35.87587],[129.07078,35.87615],[129.07069,35.87615],[129.0658,35.87432],[129.06276,35.87203],[129.06271,35.87199],[129.06266,35.87188],[129.06249,35.87144],[129.06245,35.87132],[129.06205,35.86868],[129.06198,35.86772],[129.06198,35.86766],[129.06194,35.86756],[129.06141,35.86648],[129.06136,35.86639],[129.06127,35.86631],[129.06116,35.86623],[129.0607,35.8661],[129.06047,35.86602],[129.06033,35.86594],[129.06022,35.86585],[129.06002,35.86568],[129.0599,35.86553],[129.05907,35.86419],[129.05894,35.86389],[129.05892,35.86382],[129.05894,35.86362],[129.05904,35.86332],[129.05921,35.86301],[129.05952,35.86258],[129.05958,35.86244],[129.05959,35.86235],[129.05958,35.86172],[129.05957,35.86159],[129.05896,35.85625],[129.05893,35.8561],[129.05883,35.85584],[129.05871,35.85559],[129.05863,35.85549],[129.05798,35.85482],[129.0566,35.85377],[129.05544,35.85328],[129.05517,35.8532],[129.05473,35.85314],[129.05435,35.85313],[129.0541,35.85316],[129.05372,35.85331],[129.05363,35.85336],[129.05134,35.85284],[129.04862,35.84926],[129.04639,35.84791],[129.04406,35.84676],[129.04215,35.84556],[129.03961,35.84338],[129.03947,35.8432],[129.03938,35.84305],[129.03933,35.84287],[129.03929,35.8426],[129.03931,35.84244],[129.03728,35.84393],[129.03701,35.84402],[129.03675,35.84407],[129.03001,35.8447],[129.02499,35.84688],[129.02353,35.84744],[129.0231,35.84754],[129.02266,35.84715],[129.02213,35.84673],[129.02184,35.84666],[129.02007,35.84746],[129.0161,35.8498],[129.01702,35.85175],[129.01871,35.85641],[129.01992,35.85757],[129.02191,35.85906],[129.02334,35.86108],[129.02421,35.86279],[129.02499,35.86305],[129.02606,35.86305],[129.02653,35.86289],[129.027,35.86317],[129.03248,35.86971],[129.03292,35.87071],[129.03129,35.87578],[129.02996,35.8797],[129.02885,35.88153],[129.02897,35.88299],[129.02883,35.88402],[129.02793,35.88664],[129.02721,35.88858],[129.02707,35.88881],[129.02706,35.88883],[129.02605,35.89057],[129.0263,35.89168],[129.0274,35.89505],[129.02859,35.89758],[129.02897,35.89823],[129.0278,35.89894],[129.02688,35.89934],[129.02692,35.89992],[129.02723,35.9015],[129.02745,35.9024],[129.02853,35.90467],[129.0292,35.90521],[129.0324,35.90736],[129.03442,35.90891],[129.0374,35.91144],[129.03786,35.91208],[129.03827,35.9121],[129.04003,35.91184],[129.04152,35.91186],[129.04556,35.91267],[129.04616,35.9144],[129.04604,35.91521],[129.04684,35.91731],[129.04744,35.91833],[129.04854,35.91923],[129.0522,35.92006],[129.05303,35.92011],[129.05487,35.92013],[129.05635,35.92198],[129.05632,35.92275],[129.05614,35.92356],[129.05617,35.92452],[129.05745,35.926],[129.05927,35.92612],[129.05957,35.92612],[129.06051,35.92615],[129.06144,35.93003],[129.06078,35.93139],[129.06038,35.93193],[129.06067,35.93428],[129.06224,35.93645],[129.06291,35.93801],[129.06405,35.93978],[129.06477,35.94085],[129.06546,35.94149],[129.0671,35.94227],[129.07106,35.94254],[129.07201,35.94273],[129.07322,35.94206],[129.07493,35.94211],[129.07603,35.94212],[129.07852,35.9418],[129.07891,35.941],[129.07891,35.94055],[129.08131,35.93801],[129.08193,35.93752],[129.08201,35.93745],[129.08314,35.93831],[129.08684,35.93899],[129.08963,35.93859],[129.09117,35.93913],[129.09251,35.93978],[129.09327,35.94037],[129.09457,35.94069],[129.10066,35.93767],[129.10527,35.93419],[129.10987,35.92984],[129.11387,35.92321],[129.11454,35.92143],[129.11477,35.91964],[129.11406,35.91892],[129.11382,35.91838],[129.11393,35.9179],[129.11525,35.917]]]]}},{"type":"Feature","properties":{"code":"47130360","name":"현곡면","parent":"47130"},"geometry":{"type":"MultiPolygon","coordinates":[[[[129.23848,35.9109],[129.23837,35.91012],[129.23816,35.90805],[129.23812,35.90767],[129.23809,35.90727],[129.23805,35.90688],[129.23802,35.90647],[129.23799,35.90611],[129.23797,35.90574],[129.23789,35.90539],[129.23766,35.90456],[129.23752,35.90413],[129.23734,35.90368],[129.23548,35.89923],[129.23532,35.89886],[129.23427,35.8968],[129.23416,35.8966],[129.23394,35.89622],[129.23382,35.89602],[129.23369,35.89583],[129.23316,35.89511],[129.23274,35.89459],[129.2325,35.89438],[129.23231,35.89422],[129.2319,35.8939],[129.2315,35.89354],[129.23111,35.89319],[129.23073,35.8928],[129.23042,35.89243],[129.22981,35.89165],[129.22954,35.89127],[129.22888,35.8903],[129.22877,35.88943],[129.22872,35.88899],[129.22868,35.88835],[129.2275,35.8869],[129.22322,35.88564],[129.223,35.8859],[129.22057,35.88483],[129.22039,35.88474],[129.22028,35.88468],[129.22018,35.88462],[129.21719,35.88274],[129.21708,35.8825],[129.21295,35.87538],[129.2117,35.87351],[129.21114,35.87289],[129.21073,35.87245],[129.20954,35.87115],[129.2074,35.86877],[129.20488,35.86552],[129.204,35.86433],[129.20357,35.86274],[129.20168,35.86034],[129.20161,35.86037],[129.20111,35.86058],[129.20064,35.86109],[129.20036,35.86173],[129.20055,35.86245],[129.20093,35.86306],[129.20079,35.86327],[129.20002,35.86418],[129.1983,35.86542],[129.19609,35.86677],[129.19395,35.86782],[129.1915,35.86897],[129.19062,35.86917],[129.19002,35.86907],[129.1895,35.869],[129.1889,35.8689],[129.18449,35.86991],[129.18183,35.87097],[129.18165,35.8709],[129.18003,35.87018],[129.17849,35.86981],[129.17776,35.86905],[129.17485,35.86452],[129.17417,35.85979],[129.17252,35.8606],[129.17121,35.86173],[129.17042,35.86198],[129.16216,35.86416],[129.16167,35.86401],[129.16091,35.86326],[129.16037,35.86288],[129.15927,35.86289],[129.15893,35.86306],[129.15719,35.8645],[129.15592,35.86408],[129.14939,35.86061],[129.1491,35.86045],[129.14877,35.85969],[129.146,35.86102],[129.14469,35.86196],[129.1438,35.86246],[129.14125,35.86317],[129.13943,35.86363],[129.13791,35.86476],[129.13701,35.86574],[129.13691,35.8661],[129.13683,35.86732],[129.13682,35.86747],[129.13593,35.86835],[129.13789,35.86987],[129.13797,35.86995],[129.13803,35.87],[129.13809,35.87008],[129.13813,35.87015],[129.13816,35.87019],[129.1382,35.87029],[129.13823,35.87038],[129.13825,35.87044],[129.13825,35.87053],[129.13823,35.87062],[129.13712,35.8735],[129.13651,35.87488],[129.13575,35.87672],[129.13571,35.87687],[129.13553,35.87772],[129.13551,35.87786],[129.13553,35.87793],[129.13556,35.878],[129.13568,35.87806],[129.13574,35.87809],[129.13579,35.87812],[129.13589,35.8782],[129.13599,35.87831],[129.13611,35.87855],[129.13651,35.87963],[129.13661,35.87994],[129.13685,35.88084],[129.13723,35.88277],[129.13723,35.88284],[129.13723,35.88293],[129.13704,35.88328],[129.13389,35.88881],[129.13382,35.88891],[129.13376,35.88899],[129.13361,35.88916],[129.13346,35.88932],[129.1319,35.89073],[129.1308,35.89087],[129.13043,35.89088],[129.12997,35.89087],[129.12959,35.89086],[129.12888,35.89093],[129.12789,35.89104],[129.12773,35.8911],[129.12729,35.8913],[129.12714,35.89141],[129.12702,35.89154],[129.12691,35.89169],[129.12586,35.89311],[129.12537,35.89458],[129.12523,35.89479],[129.12509,35.89492],[129.11871,35.90024],[129.11564,35.90183],[129.11524,35.90305],[129.11523,35.9031],[129.11543,35.90379],[129.11361,35.90528],[129.11348,35.90542],[129.11332,35.90566],[129.11319,35.90595],[129.11259,35.9076],[129.11224,35.90878],[129.11219,35.90888],[129.11199,35.90925],[129.11184,35.90945],[129.11102,35.91029],[129.11073,35.91054],[129.11044,35.91076],[129.11008,35.91102],[129.11035,35.9128],[129.11109,35.91309],[129.1117,35.9135],[129.11293,35.91448],[129.11525,35.917],[129.11694,35.91683],[129.11854,35.91705],[129.11865,35.91776],[129.11858,35.91926],[129.11927,35.9201],[129.12116,35.92223],[129.12251,35.92268],[129.12376,35.9228],[129.12416,35.92283],[129.12465,35.92229],[129.12628,35.92161],[129.12673,35.92154],[129.12737,35.9218],[129.13094,35.92403],[129.13202,35.92516],[129.13308,35.92718],[129.13484,35.93166],[129.13697,35.93119],[129.13714,35.9312],[129.13731,35.93123],[129.13764,35.93131],[129.14519,35.93339],[129.14837,35.93433],[129.1496,35.93466],[129.14969,35.93467],[129.14977,35.93467],[129.14981,35.93466],[129.14992,35.93455],[129.15155,35.93299],[129.15186,35.93263],[129.15216,35.93224],[129.15223,35.93213],[129.15226,35.93204],[129.15227,35.93188],[129.15227,35.93149],[129.15224,35.93119],[129.15227,35.93078],[129.15235,35.93052],[129.15247,35.93022],[129.15256,35.93004],[129.15286,35.92951],[129.1529,35.92947],[129.15294,35.92945],[129.153,35.92945],[129.15313,35.9295],[129.15376,35.92996],[129.15406,35.93023],[129.15437,35.93051],[129.15468,35.93079],[129.1548,35.93094],[129.155,35.9312],[129.15789,35.93217],[129.1623,35.93154],[129.16292,35.9313],[129.16423,35.93021],[129.16641,35.92811],[129.16752,35.92704],[129.16756,35.92699],[129.16759,35.92696],[129.16764,35.92693],[129.17183,35.92505],[129.17226,35.92493],[129.17244,35.92492],[129.17249,35.92492],[129.17261,35.92493],[129.17278,35.925],[129.17303,35.92511],[129.17329,35.92523],[129.17354,35.92535],[129.17364,35.92535],[129.17375,35.92535],[129.17461,35.92535],[129.17959,35.9249],[129.17974,35.92489],[129.18015,35.92484],[129.18022,35.92483],[129.18062,35.92476],[129.18069,35.92474],[129.1846,35.92208],[129.18514,35.92169],[129.19024,35.91683],[129.19037,35.91669],[129.19043,35.91663],[129.19076,35.91617],[129.19338,35.91232],[129.19385,35.91142],[129.19392,35.91134],[129.19409,35.91145],[129.19551,35.9123],[129.19648,35.91295],[129.19672,35.91314],[129.19743,35.9136],[129.19759,35.91367],[129.19772,35.91371],[129.20045,35.91412],[129.2006,35.91412],[129.20081,35.9141],[129.20102,35.91406],[129.20142,35.91398],[129.20168,35.91387],[129.20307,35.91352],[129.20571,35.91296],[129.2059,35.91292],[129.20615,35.91288],[129.20666,35.91286],[129.20799,35.91291],[129.20966,35.91258],[129.21281,35.91171],[129.22095,35.90924],[129.22119,35.90917],[129.22124,35.90914],[129.22127,35.90912],[129.2213,35.90903],[129.22132,35.90894],[129.22134,35.90875],[129.22134,35.90851],[129.22131,35.90829],[129.22131,35.90808],[129.22132,35.90787],[129.22136,35.90771],[129.22181,35.9069],[129.22189,35.90686],[129.22192,35.90684],[129.22203,35.90677],[129.22608,35.90516],[129.22621,35.90511],[129.22636,35.90507],[129.22751,35.90499],[129.22771,35.905],[129.22804,35.90504],[129.23308,35.90798],[129.23593,35.91045],[129.23604,35.91066],[129.23612,35.91072],[129.237,35.911],[129.23729,35.911],[129.23848,35.9109]]]]}},{"type":"Feature","properties":{"code":"47130370","name":"강동면","parent":"47130"},"geometry":{"type":"MultiPolygon","coordinates":[[[[129.27536,36.07949],[129.27686,36.07877],[129.2769,36.07873],[129.27717,36.07815],[129.27736,36.0777],[129.27751,36.07718],[129.27786,36.07648],[129.27792,36.07641],[129.27892,36.0755],[129.279,36.07543],[129.27983,36.07484],[129.28006,36.07481],[129.28033,36.07481],[129.28049,36.07482],[129.28078,36.07482],[129.28086,36.07481],[129.28094,36.07479],[129.28107,36.07477],[129.28117,36.07473],[129.28128,36.07467],[129.28277,36.07365],[129.28489,36.07188],[129.28492,36.07183],[129.28573,36.07061],[129.28617,36.06961],[129.28596,36.06943],[129.28588,36.06934],[129.28581,36.06925],[129.28564,36.069],[129.28558,36.0689],[129.28517,36.06816],[129.28515,36.0681],[129.28501,36.0675],[129.285,36.06743],[129.285,36.06732],[129.28502,36.06722],[129.28544,36.06558],[129.28546,36.06552],[129.28551,36.06542],[129.28565,36.06523],[129.28574,36.06514],[129.28596,36.06495],[129.28605,36.06489],[129.28616,36.06483],[129.28623,36.06477],[129.28628,36.06472],[129.28633,36.06465],[129.28638,36.06458],[129.28641,36.06452],[129.28659,36.06373],[129.28672,36.06273],[129.28671,36.06263],[129.28669,36.06257],[129.28659,36.06244],[129.28459,36.06186],[129.28315,36.06026],[129.28089,36.0577],[129.28062,36.05707],[129.28059,36.05649],[129.28081,36.05564],[129.28085,36.05553],[129.28089,36.05543],[129.28093,36.05537],[129.28102,36.05529],[129.28107,36.05526],[129.28118,36.0552],[129.28168,36.05476],[129.28247,36.05395],[129.28253,36.05389],[129.2826,36.05379],[129.28264,36.05372],[129.28266,36.05367],[129.28268,36.05361],[129.28271,36.05354],[129.28274,36.05338],[129.28277,36.05324],[129.28399,36.04664],[129.28298,36.04254],[129.28284,36.04221],[129.28271,36.04189],[129.28262,36.04177],[129.28252,36.04171],[129.2823,36.04159],[129.28191,36.04139],[129.28185,36.04132],[129.2808,36.0393],[129.27928,36.03465],[129.27883,36.03187],[129.27813,36.03037],[129.27692,36.02875],[129.27672,36.02865],[129.27668,36.02862],[129.27667,36.02856],[129.27669,36.02848],[129.27708,36.02714],[129.27717,36.0269],[129.27868,36.02457],[129.27882,36.02441],[129.27888,36.02436],[129.28011,36.02349],[129.28024,36.02344],[129.2807,36.02331],[129.28133,36.02315],[129.2816,36.02309],[129.28173,36.02306],[129.28188,36.02306],[129.28209,36.02307],[129.284,36.02227],[129.28704,36.01973],[129.28852,36.01782],[129.28854,36.01776],[129.28904,36.0169],[129.28913,36.01679],[129.2893,36.01668],[129.29151,36.01497],[129.29296,36.01345],[129.29588,36.00959],[129.29716,36.00772],[129.29725,36.00755],[129.29733,36.0074],[129.29737,36.00718],[129.29757,36.00579],[129.29724,36.00526],[129.29668,36.00461],[129.29585,36.00357],[129.29583,36.00353],[129.2955,35.99835],[129.29552,35.99812],[129.29592,35.99543],[129.29599,35.99504],[129.29606,35.99486],[129.29613,35.9948],[129.2963,35.99477],[129.29661,35.99478],[129.29786,35.99487],[129.29889,35.99495],[129.29996,35.99505],[129.30016,35.99507],[129.30054,35.99513],[129.30091,35.99522],[129.30113,35.99528],[129.30142,35.99535],[129.3017,35.99543],[129.30217,35.99555],[129.3027,35.99568],[129.30316,35.99578],[129.30333,35.9958],[129.3034,35.99579],[129.30349,35.99574],[129.30354,35.99568],[129.30357,35.99565],[129.30379,35.99533],[129.3041,35.9948],[129.30425,35.99451],[129.30433,35.99431],[129.30436,35.9942],[129.30467,35.99062],[129.30468,35.99033],[129.30467,35.99024],[129.30465,35.99019],[129.30375,35.98851],[129.30328,35.98769],[129.30287,35.98699],[129.30284,35.98685],[129.30284,35.98674],[129.30287,35.98665],[129.30339,35.98513],[129.30343,35.98504],[129.30356,35.98485],[129.30374,35.98463],[129.30386,35.9845],[129.30395,35.98442],[129.30451,35.98399],[129.30495,35.98366],[129.30507,35.98356],[129.30521,35.98341],[129.30531,35.98321],[129.30536,35.98308],[129.30585,35.98051],[129.30587,35.98029],[129.30587,35.97998],[129.30586,35.9787],[129.30584,35.9785],[129.30576,35.97827],[129.30563,35.97806],[129.30557,35.97799],[129.30551,35.97793],[129.30534,35.97785],[129.30521,35.97779],[129.30568,35.97527],[129.30789,35.96966],[129.30795,35.9696],[129.30808,35.96953],[129.30823,35.96947],[129.30846,35.96938],[129.30877,35.96928],[129.30904,35.96922],[129.30918,35.96919],[129.3093,35.96917],[129.30946,35.96917],[129.30971,35.96919],[129.31133,35.9693],[129.31147,35.9692],[129.31161,35.96909],[129.31179,35.96892],[129.31195,35.96875],[129.31216,35.96853],[129.31226,35.96842],[129.31229,35.96835],[129.31232,35.96825],[129.31235,35.96814],[129.31236,35.96799],[129.31236,35.96778],[129.31218,35.96466],[129.31534,35.95935],[129.31632,35.95892],[129.3185,35.95797],[129.31861,35.95795],[129.31876,35.95796],[129.31902,35.95798],[129.32001,35.95807],[129.31984,35.95765],[129.31934,35.95606],[129.3175,35.94952],[129.31668,35.94642],[129.31669,35.94636],[129.31732,35.9452],[129.31737,35.94513],[129.31878,35.94378],[129.32071,35.94233],[129.32321,35.94058],[129.32685,35.93889],[129.32699,35.93886],[129.32711,35.93882],[129.32731,35.93875],[129.32744,35.93871],[129.32753,35.93867],[129.3276,35.93863],[129.32779,35.9385],[129.32789,35.93841],[129.32951,35.93683],[129.32955,35.93678],[129.33302,35.93066],[129.33305,35.93059],[129.33306,35.93051],[129.33317,35.92996],[129.33319,35.92982],[129.33318,35.92974],[129.33316,35.9295],[129.33315,35.92942],[129.33312,35.92932],[129.3331,35.92925],[129.33307,35.9292],[129.33304,35.92917],[129.33227,35.92871],[129.33218,35.92866],[129.33209,35.92862],[129.33114,35.92826],[129.3296,35.9266],[129.32903,35.92667],[129.32686,35.92706],[129.32625,35.92722],[129.32588,35.92735],[129.3238,35.92732],[129.31881,35.92631],[129.31844,35.92621],[129.31825,35.92614],[129.31805,35.92602],[129.31776,35.92581],[129.31751,35.92562],[129.31737,35.92553],[129.31726,35.9255],[129.31709,35.92553],[129.31696,35.92554],[129.31272,35.92662],[129.31234,35.92672],[129.31217,35.9268],[129.31206,35.92687],[129.31197,35.92695],[129.31195,35.92703],[129.31192,35.92714],[129.31192,35.92723],[129.31192,35.92739],[129.31188,35.92752],[129.31186,35.92759],[129.31177,35.9277],[129.3117,35.92775],[129.31163,35.92778],[129.30701,35.92963],[129.30692,35.92965],[129.30526,35.9295],[129.30491,35.92943],[129.30349,35.92953],[129.30234,35.92992],[129.30095,35.9305],[129.29802,35.93174],[129.29717,35.93236],[129.29679,35.93254],[129.29498,35.933],[129.29418,35.93277],[129.29379,35.93265],[129.2931,35.93231],[129.29263,35.93205],[129.29237,35.93192],[129.29048,35.93154],[129.28949,35.93151],[129.28695,35.93164],[129.28681,35.93168],[129.2828,35.93439],[129.28217,35.93491],[129.27908,35.93859],[129.27898,35.93885],[129.27883,35.9403],[129.27868,35.94214],[129.27805,35.9428],[129.27738,35.94301],[129.27473,35.94369],[129.27356,35.9455],[129.27142,35.9454],[129.27116,35.94527],[129.27054,35.94497],[129.26887,35.94446],[129.26793,35.94442],[129.26642,35.94456],[129.26624,35.94599],[129.26621,35.94682],[129.26572,35.94715],[129.2648,35.94764],[129.26343,35.94697],[129.26338,35.94582],[129.26264,35.94481],[129.26039,35.94182],[129.25979,35.94149],[129.25891,35.94137],[129.25871,35.94137],[129.25746,35.94147],[129.25561,35.94176],[129.24771,35.94304],[129.24762,35.94308],[129.24751,35.94314],[129.24736,35.94322],[129.24721,35.9433],[129.24715,35.94333],[129.24708,35.94343],[129.24698,35.94359],[129.24696,35.94362],[129.24682,35.94393],[129.24679,35.94401],[129.2466,35.94429],[129.24648,35.94447],[129.24572,35.94544],[129.24547,35.94575],[129.24531,35.94594],[129.24517,35.9461],[129.24487,35.94642],[129.24481,35.94648],[129.24468,35.94658],[129.24202,35.94829],[129.2416,35.94829],[129.23829,35.94958],[129.23784,35.95041],[129.23719,35.95163],[129.23701,35.95221],[129.23684,35.953],[129.23678,35.95396],[129.23683,35.9564],[129.23686,35.95754],[129.23688,35.95803],[129.23703,35.95891],[129.23725,35.95973],[129.23755,35.96053],[129.23792,35.96123],[129.23861,35.96286],[129.23853,35.96407],[129.23852,35.96417],[129.23821,35.96594],[129.23806,35.96675],[129.23804,35.96684],[129.23718,35.96974],[129.23661,35.97159],[129.23653,35.97184],[129.23649,35.97201],[129.23644,35.97227],[129.23644,35.97263],[129.23652,35.97299],[129.23662,35.97338],[129.23683,35.97389],[129.23703,35.97426],[129.2372,35.97448],[129.2374,35.97469],[129.23905,35.97624],[129.23917,35.97633],[129.23933,35.97641],[129.2395,35.97649],[129.24063,35.97727],[129.24532,35.98155],[129.24561,35.98189],[129.24582,35.98214],[129.24591,35.98229],[129.24597,35.98241],[129.24607,35.98263],[129.24618,35.98289],[129.24503,35.9836],[129.24309,35.9848],[129.23903,35.98735],[129.23879,35.98755],[129.23849,35.98785],[129.23836,35.98798],[129.2383,35.98807],[129.23828,35.98812],[129.23829,35.98815],[129.23832,35.98817],[129.23837,35.98821],[129.23863,35.98834],[129.23906,35.98854],[129.23978,35.98887],[129.2407,35.98925],[129.24122,35.98946],[129.24138,35.98951],[129.24269,35.98957],[129.2434,35.98959],[129.24438,35.98963],[129.2446,35.98965],[129.24587,35.99095],[129.24595,35.99104],[129.24642,35.99184],[129.24643,35.99188],[129.24554,35.9968],[129.24552,35.99683],[129.2455,35.99687],[129.24537,35.99698],[129.24493,35.99729],[129.24465,35.99746],[129.24364,35.998],[129.24272,35.99802],[129.24043,35.99791],[129.23814,35.9978],[129.23664,35.99772],[129.2361,36.00405],[129.23443,36.00395],[129.23446,36.00477],[129.23449,36.00612],[129.23457,36.00866],[129.23678,36.01045],[129.23762,36.01122],[129.23864,36.01222],[129.23871,36.01229],[129.23877,36.01236],[129.23879,36.0124],[129.24038,36.01814],[129.2404,36.0182],[129.24041,36.01833],[129.24042,36.01843],[129.24041,36.01851],[129.24039,36.01856],[129.24037,36.01858],[129.2403,36.01862],[129.24018,36.01868],[129.24007,36.01872],[129.23996,36.01874],[129.2398,36.0188],[129.23973,36.01884],[129.23927,36.01912],[129.23919,36.01918],[129.23914,36.01924],[129.23906,36.01935],[129.239,36.01947],[129.23894,36.01962],[129.23893,36.0197],[129.23866,36.02682],[129.23867,36.02686],[129.23869,36.02691],[129.23872,36.02695],[129.23939,36.02827],[129.24008,36.03018],[129.24007,36.03026],[129.24006,36.03039],[129.24002,36.0306],[129.24,36.03065],[129.23997,36.03076],[129.23992,36.03093],[129.23982,36.03108],[129.23978,36.03113],[129.23947,36.03133],[129.23935,36.03141],[129.23924,36.03151],[129.23914,36.03164],[129.23871,36.03251],[129.23857,36.0328],[129.23762,36.03501],[129.23756,36.03518],[129.23739,36.03627],[129.23737,36.03636],[129.23736,36.03657],[129.23736,36.03674],[129.23739,36.03687],[129.23744,36.03699],[129.23749,36.03711],[129.23754,36.03728],[129.23759,36.03751],[129.23765,36.03791],[129.23771,36.03841],[129.23771,36.03879],[129.23765,36.03913],[129.23751,36.03958],[129.23746,36.0397],[129.23742,36.03981],[129.23739,36.03987],[129.23732,36.04001],[129.23717,36.04027],[129.23702,36.04053],[129.23646,36.04142],[129.23541,36.04314],[129.2354,36.04319],[129.23539,36.04337],[129.23535,36.04476],[129.23536,36.04519],[129.23585,36.04607],[129.23653,36.04704],[129.23705,36.04763],[129.23802,36.04906],[129.23822,36.04981],[129.23831,36.05091],[129.23799,36.05192],[129.23778,36.05249],[129.23768,36.05276],[129.2384,36.05455],[129.23919,36.0576],[129.24148,36.06277],[129.2423,36.06791],[129.24228,36.06849],[129.2423,36.06877],[129.24231,36.06904],[129.24234,36.06917],[129.24238,36.0693],[129.24253,36.06958],[129.2427,36.06987],[129.2428,36.07003],[129.2431,36.07041],[129.24333,36.07069],[129.24355,36.07093],[129.24441,36.07181],[129.24469,36.07209],[129.24593,36.07319],[129.24624,36.07345],[129.2465,36.07366],[129.24663,36.07367],[129.24673,36.07367],[129.24693,36.07362],[129.24762,36.07347],[129.24821,36.07327],[129.25086,36.0725],[129.25096,36.07248],[129.251,36.07248],[129.25106,36.07249],[129.2511,36.07253],[129.25143,36.07294],[129.25147,36.07303],[129.25148,36.07311],[129.25145,36.07332],[129.25146,36.07339],[129.25149,36.07349],[129.2516,36.07369],[129.25175,36.07399],[129.2518,36.07406],[129.25273,36.07479],[129.25287,36.07488],[129.25418,36.07574],[129.25426,36.07577],[129.25431,36.07579],[129.25438,36.07578],[129.25445,36.07575],[129.25454,36.07568],[129.25468,36.07552],[129.2548,36.07535],[129.25493,36.07514],[129.25501,36.07493],[129.2551,36.07478],[129.25515,36.07469],[129.2552,36.07464],[129.25526,36.07459],[129.25536,36.07456],[129.25655,36.07443],[129.25676,36.07441],[129.25701,36.07441],[129.25706,36.07441],[129.25712,36.07441],[129.25989,36.07476],[129.26301,36.0752],[129.26316,36.07524],[129.26339,36.07534],[129.26744,36.07702],[129.26902,36.07784],[129.26922,36.07795],[129.26949,36.07815],[129.26964,36.07829],[129.2698,36.07847],[129.26988,36.07859],[129.26991,36.0787],[129.26991,36.07875],[129.2699,36.07881],[129.26982,36.07898],[129.26975,36.07912],[129.26972,36.07921],[129.26971,36.07927],[129.26973,36.0793],[129.26977,36.07933],[129.27271,36.07976],[129.27278,36.07976],[129.27288,36.07976],[129.27302,36.07971],[129.27386,36.0794],[129.27536,36.07949]]]]}},{"type":"Feature","properties":{"code":"47130380","name":"천북면","parent":"47130"},"geometry":{"type":"MultiPolygon","coordinates":[[[[129.3296,35.9266],[129.32951,35.9264],[129.32944,35.9262],[129.32945,35.9259],[129.32948,35.92585],[129.33002,35.92549],[129.33067,35.92507],[129.33172,35.92423],[129.33285,35.92321],[129.33305,35.92293],[129.33643,35.91745],[129.33658,35.91718],[129.33667,35.91696],[129.3367,35.91663],[129.33668,35.91597],[129.33658,35.91558],[129.33642,35.91511],[129.33413,35.91122],[129.33407,35.91115],[129.33385,35.90945],[129.33376,35.90853],[129.33376,35.9081],[129.33377,35.90755],[129.33383,35.90719],[129.33448,35.90556],[129.33337,35.9055],[129.33269,35.90565],[129.33242,35.9057],[129.33194,35.90574],[129.33137,35.90577],[129.33086,35.90578],[129.33036,35.90575],[129.32857,35.90562],[129.32722,35.90553],[129.32252,35.90515],[129.32229,35.90512],[129.32209,35.90508],[129.32187,35.90498],[129.31883,35.90327],[129.31725,35.90217],[129.31373,35.89969],[129.31269,35.89857],[129.31254,35.89839],[129.31247,35.89828],[129.31037,35.89226],[129.30961,35.88984],[129.30909,35.88805],[129.3091,35.8879],[129.30918,35.88763],[129.30931,35.88749],[129.30979,35.88709],[129.31006,35.88686],[129.31083,35.88596],[129.31089,35.88581],[129.3111,35.88441],[129.31111,35.8843],[129.311,35.88394],[129.31096,35.88383],[129.31074,35.88331],[129.31069,35.88319],[129.31056,35.88309],[129.31028,35.88287],[129.30963,35.88239],[129.30937,35.88232],[129.30901,35.87987],[129.31018,35.87575],[129.31037,35.87558],[129.3104,35.87554],[129.31042,35.87548],[129.31054,35.87509],[129.31056,35.87494],[129.31057,35.87487],[129.31056,35.87479],[129.31052,35.87461],[129.3105,35.87453],[129.30986,35.873],[129.30981,35.87291],[129.30761,35.86828],[129.30756,35.8682],[129.30752,35.86813],[129.30743,35.86804],[129.30734,35.86794],[129.30728,35.86789],[129.30721,35.86784],[129.30717,35.86782],[129.30681,35.86763],[129.30671,35.86758],[129.30659,35.86753],[129.30652,35.86751],[129.30648,35.8675],[129.30075,35.86671],[129.29794,35.86661],[129.29787,35.86661],[129.29779,35.86662],[129.29766,35.86663],[129.29751,35.86666],[129.29718,35.86672],[129.29696,35.86677],[129.29683,35.8668],[129.29654,35.86689],[129.29629,35.86697],[129.29615,35.86703],[129.29556,35.8672],[129.29472,35.86741],[129.29463,35.86743],[129.29447,35.86745],[129.29254,35.86771],[129.29239,35.86772],[129.29218,35.86773],[129.29194,35.86772],[129.2918,35.86771],[129.29148,35.86765],[129.28928,35.86706],[129.28866,35.86688],[129.28853,35.86684],[129.28847,35.86681],[129.28805,35.86652],[129.28797,35.86646],[129.28776,35.8663],[129.28771,35.86624],[129.28764,35.86608],[129.28669,35.865],[129.28518,35.86402],[129.28348,35.8645],[129.28335,35.86456],[129.28324,35.86467],[129.28317,35.86477],[129.28055,35.86563],[129.27572,35.8672],[129.27472,35.86727],[129.2743,35.86693],[129.27498,35.86507],[129.27499,35.86303],[129.27495,35.86245],[129.27492,35.8623],[129.27469,35.86182],[129.27396,35.86138],[129.27265,35.8609],[129.27244,35.86088],[129.26853,35.86133],[129.26681,35.86212],[129.26383,35.86438],[129.26345,35.86474],[129.26323,35.86498],[129.26292,35.86541],[129.26222,35.8664],[129.26041,35.86711],[129.25807,35.86775],[129.25674,35.86823],[129.2565,35.8684],[129.25627,35.86863],[129.25609,35.86892],[129.25598,35.86941],[129.25451,35.87075],[129.24845,35.87174],[129.24481,35.87122],[129.24401,35.87094],[129.24447,35.87304],[129.24439,35.87455],[129.24434,35.87476],[129.24347,35.87694],[129.24118,35.88128],[129.23899,35.88336],[129.23878,35.88351],[129.23867,35.88356],[129.23809,35.88357],[129.23724,35.88351],[129.23707,35.88342],[129.23696,35.88329],[129.23682,35.88305],[129.23671,35.88297],[129.23662,35.88297],[129.23548,35.88325],[129.23348,35.88441],[129.23258,35.88547],[129.23145,35.88679],[129.2275,35.8869],[129.22868,35.88835],[129.22872,35.88899],[129.22877,35.88943],[129.22888,35.8903],[129.22954,35.89127],[129.22981,35.89165],[129.23042,35.89243],[129.23073,35.8928],[129.23111,35.89319],[129.2315,35.89354],[129.2319,35.8939],[129.23231,35.89422],[129.2325,35.89438],[129.23274,35.89459],[129.23316,35.89511],[129.23369,35.89583],[129.23382,35.89602],[129.23394,35.89622],[129.23416,35.8966],[129.23427,35.8968],[129.23532,35.89886],[129.23548,35.89923],[129.23734,35.90368],[129.23752,35.90413],[129.23766,35.90456],[129.23789,35.90539],[129.23797,35.90574],[129.23799,35.90611],[129.23802,35.90647],[129.23805,35.90688],[129.23809,35.90727],[129.23812,35.90767],[129.23816,35.90805],[129.23837,35.91012],[129.23848,35.9109],[129.23875,35.913],[129.23879,35.9134],[129.2388,35.91378],[129.23881,35.9142],[129.23873,35.91705],[129.23871,35.91746],[129.23869,35.91785],[129.23348,35.92596],[129.23318,35.92624],[129.23298,35.92646],[129.23194,35.92801],[129.23182,35.92822],[129.23175,35.92838],[129.23169,35.92853],[129.23168,35.92859],[129.23163,35.92896],[129.23162,35.92911],[129.2315,35.93062],[129.23151,35.93069],[129.23196,35.93183],[129.23199,35.9319],[129.23209,35.93207],[129.23216,35.93219],[129.23222,35.93228],[129.23229,35.93239],[129.23237,35.93249],[129.23261,35.93276],[129.23278,35.93293],[129.23284,35.93297],[129.23295,35.93301],[129.23298,35.93302],[129.23432,35.93337],[129.2344,35.93338],[129.23524,35.93352],[129.23645,35.93374],[129.2366,35.9338],[129.23669,35.93384],[129.23675,35.93387],[129.23687,35.93396],[129.23696,35.93404],[129.2398,35.93686],[129.2399,35.93697],[129.24006,35.93715],[129.24012,35.93724],[129.2402,35.93742],[129.24022,35.93754],[129.24023,35.93763],[129.24023,35.93784],[129.24023,35.93955],[129.24021,35.94021],[129.24016,35.94164],[129.24015,35.94171],[129.24012,35.94187],[129.23969,35.94319],[129.23965,35.94331],[129.23951,35.9436],[129.23839,35.9458],[129.23755,35.94746],[129.23741,35.94769],[129.23702,35.94838],[129.237,35.94843],[129.23699,35.9485],[129.23701,35.94855],[129.23702,35.94861],[129.23708,35.94867],[129.23732,35.94889],[129.23748,35.94902],[129.23765,35.94914],[129.23829,35.94958],[129.2416,35.94829],[129.24202,35.94829],[129.24468,35.94658],[129.24481,35.94648],[129.24487,35.94642],[129.24517,35.9461],[129.24531,35.94594],[129.24547,35.94575],[129.24572,35.94544],[129.24648,35.94447],[129.2466,35.94429],[129.24679,35.94401],[129.24682,35.94393],[129.24696,35.94362],[129.24698,35.94359],[129.24708,35.94343],[129.24715,35.94333],[129.24721,35.9433],[129.24736,35.94322],[129.24751,35.94314],[129.24762,35.94308],[129.24771,35.94304],[129.25561,35.94176],[129.25746,35.94147],[129.25871,35.94137],[129.25891,35.94137],[129.25979,35.94149],[129.26039,35.94182],[129.26264,35.94481],[129.26338,35.94582],[129.26343,35.94697],[129.2648,35.94764],[129.26572,35.94715],[129.26621,35.94682],[129.26624,35.94599],[129.26642,35.94456],[129.26793,35.94442],[129.26887,35.94446],[129.27054,35.94497],[129.27116,35.94527],[129.27142,35.9454],[129.27356,35.9455],[129.27473,35.94369],[129.27738,35.94301],[129.27805,35.9428],[129.27868,35.94214],[129.27883,35.9403],[129.27898,35.93885],[129.27908,35.93859],[129.28217,35.93491],[129.2828,35.93439],[129.28681,35.93168],[129.28695,35.93164],[129.28949,35.93151],[129.29048,35.93154],[129.29237,35.93192],[129.29263,35.93205],[129.2931,35.93231],[129.29379,35.93265],[129.29418,35.93277],[129.29498,35.933],[129.29679,35.93254],[129.29717,35.93236],[129.29802,35.93174],[129.30095,35.9305],[129.30234,35.92992],[129.30349,35.92953],[129.30491,35.92943],[129.30526,35.9295],[129.30692,35.92965],[129.30701,35.92963],[129.31163,35.92778],[129.3117,35.92775],[129.31177,35.9277],[129.31186,35.92759],[129.31188,35.92752],[129.31192,35.92739],[129.31192,35.92723],[129.31192,35.92714],[129.31195,35.92703],[129.31197,35.92695],[129.31206,35.92687],[129.31217,35.9268],[129.31234,35.92672],[129.31272,35.92662],[129.31696,35.92554],[129.31709,35.92553],[129.31726,35.9255],[129.31737,35.92553],[129.31751,35.92562],[129.31776,35.92581],[129.31805,35.92602],[129.31825,35.92614],[129.31844,35.92621],[129.31881,35.92631],[129.3238,35.92732],[129.32588,35.92735],[129.32625,35.92722],[129.32686,35.92706],[129.32903,35.92667],[129.3296,35.9266]]]]}},{"type":"Feature","properties":{"code":"47130550","name":"성건동","parent":"47130"},"geometry":{"type":"MultiPolygon","coordinates":[[[[129.20357,35.86274],[129.20405,35.8617],[129.20463,35.86046],[129.20507,35.85989],[129.20568,35.85909],[129.21548,35.85338],[129.21398,35.84991],[129.21357,35.85008],[129.20696,35.85019],[129.20694,35.8488],[129.20695,35.84808],[129.20696,35.84745],[129.20708,35.84463],[129.20763,35.84438],[129.20764,35.84394],[129.20762,35.84346],[129.20742,35.8422],[129.20738,35.8422],[129.20703,35.84221],[129.20474,35.84227],[129.20221,35.84232],[129.20085,35.84234],[129.20056,35.84215],[129.20036,35.84259],[129.19955,35.84428],[129.1979,35.84613],[129.19688,35.84661],[129.19542,35.84727],[129.19448,35.8478],[129.19239,35.84908],[129.19138,35.85016],[129.18771,35.8513],[129.18432,35.85199],[129.18198,35.85277],[129.18177,35.85291],[129.18008,35.85404],[129.17853,35.85536],[129.17615,35.85589],[129.17592,35.85607],[129.17457,35.85708],[129.17436,35.85791],[129.17417,35.85979],[129.17485,35.86452],[129.17776,35.86905],[129.17849,35.86981],[129.18003,35.87018],[129.18165,35.8709],[129.18183,35.87097],[129.18449,35.86991],[129.1889,35.8689],[129.1895,35.869],[129.19002,35.86907],[129.19062,35.86917],[129.1915,35.86897],[129.19395,35.86782],[129.19609,35.86677],[129.1983,35.86542],[129.20002,35.86418],[129.20079,35.86327],[129.20093,35.86306],[129.20055,35.86245],[129.20036,35.86173],[129.20064,35.86109],[129.20111,35.86058],[129.20161,35.86037],[129.20168,35.86034],[129.20357,35.86274]]]]}},{"type":"Feature","properties":{"code":"47130605","name":"월성동","parent":"47130"},"geometry":{"type":"MultiPolygon","coordinates":[[[[129.28644,35.79442],[129.28285,35.7937],[129.28198,35.7935],[129.27984,35.79279],[129.27777,35.79103],[129.27772,35.79046],[129.27771,35.79031],[129.27767,35.79029],[129.27748,35.79018],[129.27621,35.7896],[129.27192,35.78895],[129.27159,35.78893],[129.27118,35.78896],[129.27098,35.78899],[129.2697,35.78932],[129.26872,35.79008],[129.26729,35.79111],[129.26716,35.79113],[129.26628,35.79084],[129.26495,35.79065],[129.26407,35.7909],[129.26362,35.79106],[129.26268,35.79141],[129.26257,35.79145],[129.26246,35.79149],[129.26131,35.79196],[129.26043,35.79237],[129.25948,35.79288],[129.25902,35.79321],[129.2585,35.79367],[129.25801,35.79417],[129.25801,35.79423],[129.25799,35.7948],[129.25801,35.79495],[129.25703,35.79486],[129.25669,35.79481],[129.25569,35.79394],[129.25516,35.79341],[129.25492,35.79308],[129.25488,35.79301],[129.25426,35.79109],[129.25422,35.79079],[129.25377,35.78636],[129.25365,35.78429],[129.25378,35.78406],[129.25387,35.78375],[129.25386,35.78331],[129.2537,35.78207],[129.25341,35.78136],[129.25239,35.778],[129.25259,35.77724],[129.25277,35.77707],[129.25282,35.77692],[129.2527,35.77606],[129.2519,35.77454],[129.25161,35.77408],[129.25051,35.77279],[129.2503,35.77256],[129.24964,35.77199],[129.24952,35.77192],[129.24945,35.77188],[129.24478,35.76996],[129.23644,35.7666],[129.23626,35.76653],[129.23605,35.76648],[129.23587,35.76647],[129.23571,35.76648],[129.2354,35.76658],[129.2353,35.76667],[129.23512,35.76682],[129.23415,35.76926],[129.23247,35.77234],[129.23192,35.7727],[129.23168,35.77293],[129.23152,35.77328],[129.23142,35.77352],[129.23143,35.77371],[129.232,35.77573],[129.23258,35.77788],[129.23258,35.77802],[129.23258,35.77811],[129.23233,35.77913],[129.23226,35.77922],[129.22887,35.78238],[129.22556,35.784],[129.22513,35.78411],[129.22477,35.78424],[129.22464,35.78429],[129.22386,35.78475],[129.22366,35.78487],[129.22352,35.78508],[129.22348,35.78517],[129.22291,35.78743],[129.22316,35.78781],[129.22548,35.78931],[129.22652,35.78998],[129.22889,35.79715],[129.22955,35.8008],[129.22957,35.80287],[129.22949,35.80388],[129.22934,35.80546],[129.22878,35.80658],[129.2277,35.80719],[129.22738,35.80737],[129.22682,35.81204],[129.22905,35.81395],[129.22462,35.81933],[129.22459,35.81935],[129.22396,35.81989],[129.22346,35.82031],[129.22271,35.82054],[129.22149,35.82082],[129.22065,35.82092],[129.2196,35.82115],[129.21944,35.82144],[129.21808,35.82308],[129.21661,35.82441],[129.21556,35.82422],[129.21542,35.82413],[129.21522,35.82402],[129.21485,35.82384],[129.21317,35.82308],[129.21259,35.82883],[129.2135,35.8323],[129.21626,35.83276],[129.21667,35.83263],[129.21715,35.83269],[129.21783,35.83291],[129.21793,35.83332],[129.21843,35.83572],[129.2184,35.83584],[129.21822,35.8362],[129.21807,35.8364],[129.21783,35.83658],[129.217,35.83719],[129.21689,35.83727],[129.21836,35.83878],[129.21953,35.84045],[129.22227,35.84162],[129.22261,35.84162],[129.22308,35.84162],[129.22428,35.84155],[129.22763,35.84141],[129.22913,35.84135],[129.22913,35.8414],[129.22919,35.84315],[129.22986,35.84403],[129.23038,35.84449],[129.23659,35.84221],[129.23992,35.84116],[129.24108,35.84081],[129.24153,35.84073],[129.24261,35.84058],[129.24322,35.84051],[129.2442,35.8409],[129.2489,35.84277],[129.24922,35.8429],[129.25506,35.84565],[129.25543,35.84559],[129.25848,35.84693],[129.25905,35.84717],[129.26634,35.84961],[129.26634,35.84954],[129.26633,35.84688],[129.26633,35.84667],[129.26631,35.83981],[129.26641,35.83538],[129.26505,35.83128],[129.26495,35.83046],[129.26579,35.8279],[129.26619,35.82537],[129.26686,35.82106],[129.26877,35.81677],[129.27024,35.81508],[129.27307,35.8112],[129.27311,35.80947],[129.27456,35.80862],[129.27644,35.8079],[129.2765,35.80687],[129.27611,35.80657],[129.2758,35.80633],[129.27582,35.80555],[129.27605,35.80446],[129.27638,35.80327],[129.27707,35.80267],[129.27814,35.80176],[129.28025,35.80088],[129.28128,35.80037],[129.28374,35.79872],[129.2849,35.79791],[129.28533,35.79761],[129.28613,35.79598],[129.28644,35.79442]]]]}},{"type":"Feature","properties":{"code":"47130590","name":"선도동","parent":"47130"},"geometry":{"type":"MultiPolygon","coordinates":[[[[129.13683,35.86732],[129.13691,35.8661],[129.13701,35.86574],[129.13791,35.86476],[129.13943,35.86363],[129.14125,35.86317],[129.1438,35.86246],[129.14469,35.86196],[129.146,35.86102],[129.14877,35.85969],[129.1491,35.86045],[129.14939,35.86061],[129.15592,35.86408],[129.15719,35.8645],[129.15893,35.86306],[129.15927,35.86289],[129.16037,35.86288],[129.16091,35.86326],[129.16167,35.86401],[129.16216,35.86416],[129.17042,35.86198],[129.17121,35.86173],[129.17252,35.8606],[129.17417,35.85979],[129.17436,35.85791],[129.17457,35.85708],[129.17592,35.85607],[129.17615,35.85589],[129.17853,35.85536],[129.18008,35.85404],[129.18177,35.85291],[129.18198,35.85277],[129.18432,35.85199],[129.18771,35.8513],[129.19138,35.85016],[129.19239,35.84908],[129.19448,35.8478],[129.19542,35.84727],[129.19688,35.84661],[129.1979,35.84613],[129.19955,35.84428],[129.20036,35.84259],[129.20056,35.84215],[129.20224,35.83825],[129.20199,35.83682],[129.20191,35.83634],[129.2019,35.83626],[129.20145,35.83412],[129.20018,35.83245],[129.19858,35.8317],[129.19754,35.82711],[129.19742,35.82659],[129.19748,35.82457],[129.19843,35.81992],[129.19903,35.8177],[129.19905,35.81763],[129.19795,35.81648],[129.19586,35.81531],[129.18904,35.81208],[129.18723,35.81214],[129.18057,35.81328],[129.1796,35.81368],[129.17931,35.81405],[129.17876,35.81472],[129.17783,35.81554],[129.17643,35.81678],[129.17337,35.81859],[129.17298,35.81873],[129.17272,35.81876],[129.17105,35.81857],[129.17086,35.81848],[129.16683,35.81941],[129.16607,35.81964],[129.16278,35.82063],[129.16212,35.82083],[129.1603,35.82086],[129.15955,35.82045],[129.16066,35.81993],[129.16098,35.81928],[129.16112,35.81899],[129.16113,35.81896],[129.16083,35.81561],[129.16075,35.81541],[129.15975,35.81349],[129.15957,35.81329],[129.15862,35.81297],[129.15803,35.81228],[129.15767,35.81176],[129.15693,35.81314],[129.1568,35.81333],[129.15671,35.81342],[129.15661,35.8135],[129.15651,35.81356],[129.15634,35.81365],[129.15586,35.81389],[129.15495,35.81428],[129.15353,35.81486],[129.15313,35.815],[129.15294,35.81505],[129.15268,35.81511],[129.15243,35.81517],[129.14986,35.81557],[129.14963,35.8156],[129.14899,35.81563],[129.14885,35.8156],[129.1488,35.81557],[129.1485,35.81537],[129.14837,35.81524],[129.1476,35.81508],[129.14753,35.81506],[129.14718,35.81507],[129.14671,35.8151],[129.14644,35.81514],[129.14604,35.81519],[129.14592,35.81523],[129.1458,35.81531],[129.14352,35.81822],[129.14345,35.81838],[129.14309,35.82122],[129.14037,35.8228],[129.13894,35.82353],[129.13857,35.82373],[129.13514,35.82587],[129.13421,35.82666],[129.13272,35.82793],[129.1312,35.82989],[129.13076,35.83119],[129.13072,35.83135],[129.13072,35.83155],[129.13072,35.83194],[129.13075,35.83204],[129.13098,35.83228],[129.1314,35.83272],[129.13214,35.83351],[129.13279,35.83419],[129.13338,35.83481],[129.13409,35.83554],[129.13495,35.83947],[129.13498,35.83962],[129.13499,35.83989],[129.13501,35.84014],[129.13496,35.84073],[129.13491,35.84088],[129.13475,35.84114],[129.1346,35.8413],[129.13451,35.84137],[129.13422,35.84157],[129.13382,35.84177],[129.13365,35.84183],[129.13319,35.84196],[129.13284,35.84205],[129.13253,35.84218],[129.13238,35.8423],[129.13231,35.84237],[129.13212,35.84259],[129.13204,35.8427],[129.13171,35.84321],[129.13151,35.84352],[129.13022,35.8457],[129.13012,35.84594],[129.12997,35.84628],[129.12997,35.84635],[129.13001,35.84643],[129.13009,35.84652],[129.13094,35.84709],[129.13176,35.85119],[129.13281,35.85404],[129.13474,35.85739],[129.13591,35.86207],[129.13688,35.86603],[129.13688,35.86618],[129.13683,35.86732]]],[[[129.13683,35.86732],[129.1368,35.8674],[129.13675,35.86749],[129.13672,35.86755],[129.13663,35.86764],[129.13593,35.86835],[129.13682,35.86747],[129.13683,35.86732]]]]}},{"type":"Feature","properties":{"code":"47130615","name":"용강동","parent":"47130"},"geometry":{"type":"MultiPolygon","coordinates":[[[[129.24401,35.87094],[129.24298,35.87057],[129.24274,35.8684],[129.24265,35.86575],[129.2433,35.86211],[129.24289,35.85872],[129.24249,35.859],[129.24207,35.85914],[129.24062,35.85942],[129.23892,35.85938],[129.23746,35.8591],[129.23734,35.85906],[129.23721,35.85907],[129.2367,35.85912],[129.23621,35.85919],[129.23397,35.85963],[129.23345,35.8609],[129.23175,35.86175],[129.2312,35.86154],[129.22829,35.8604],[129.22749,35.86009],[129.22658,35.85981],[129.22577,35.85982],[129.22428,35.85984],[129.22428,35.85966],[129.22402,35.85964],[129.22396,35.85964],[129.22391,35.85964],[129.22387,35.85965],[129.22382,35.85966],[129.22378,35.85968],[129.22375,35.85969],[129.22373,35.85971],[129.2237,35.85972],[129.22368,35.85974],[129.22366,35.85976],[129.22364,35.85978],[129.2232,35.85985],[129.2221,35.85983],[129.22093,35.8594],[129.22022,35.85932],[129.22067,35.86067],[129.22072,35.8608],[129.22144,35.86402],[129.22129,35.86487],[129.22107,35.86629],[129.22099,35.8673],[129.22222,35.87261],[129.22344,35.8727],[129.22385,35.87346],[129.22473,35.87626],[129.22475,35.87631],[129.225,35.87718],[129.22529,35.87832],[129.22528,35.87898],[129.22513,35.87943],[129.22493,35.87973],[129.22407,35.88101],[129.22301,35.88188],[129.22272,35.88409],[129.22361,35.88425],[129.22322,35.88564],[129.2275,35.8869],[129.23145,35.88679],[129.23258,35.88547],[129.23348,35.88441],[129.23548,35.88325],[129.23662,35.88297],[129.23671,35.88297],[129.23682,35.88305],[129.23696,35.88329],[129.23707,35.88342],[129.23724,35.88351],[129.23809,35.88357],[129.23867,35.88356],[129.23878,35.88351],[129.23899,35.88336],[129.24118,35.88128],[129.24347,35.87694],[129.24434,35.87476],[129.24439,35.87455],[129.24447,35.87304],[129.24401,35.87094]]]]}},{"type":"Feature","properties":{"code":"47130621","name":"황성동","parent":"47130"},"geometry":{"type":"MultiPolygon","coordinates":[[[[129.22322,35.88564],[129.22361,35.88425],[129.22272,35.88409],[129.22301,35.88188],[129.22407,35.88101],[129.22493,35.87973],[129.22513,35.87943],[129.22528,35.87898],[129.22529,35.87832],[129.225,35.87718],[129.22475,35.87631],[129.22473,35.87626],[129.22385,35.87346],[129.22344,35.8727],[129.22222,35.87261],[129.22099,35.8673],[129.22107,35.86629],[129.22129,35.86487],[129.22144,35.86402],[129.22072,35.8608],[129.22067,35.86067],[129.22022,35.85932],[129.21781,35.85203],[129.21548,35.85338],[129.20568,35.85909],[129.20507,35.85989],[129.20463,35.86046],[129.20405,35.8617],[129.20357,35.86274],[129.204,35.86433],[129.20488,35.86552],[129.2074,35.86877],[129.20954,35.87115],[129.21073,35.87245],[129.21114,35.87289],[129.2117,35.87351],[129.21295,35.87538],[129.21708,35.8825],[129.21719,35.88274],[129.22018,35.88462],[129.22028,35.88468],[129.22039,35.88474],[129.22057,35.88483],[129.223,35.8859],[129.22322,35.88564]]]]}},{"type":"Feature","properties":{"code":"47130630","name":"동천동","parent":"47130"},"geometry":{"type":"MultiPolygon","coordinates":[[[[129.24289,35.85872],[129.24429,35.85699],[129.2455,35.85665],[129.24715,35.85458],[129.24738,35.85253],[129.24744,35.85208],[129.24774,35.85068],[129.24813,35.85033],[129.2489,35.8506],[129.24948,35.8514],[129.24997,35.85162],[129.25137,35.8515],[129.25221,35.85089],[129.25292,35.85023],[129.25358,35.84894],[129.25495,35.84634],[129.25543,35.84559],[129.25506,35.84565],[129.24922,35.8429],[129.2489,35.84277],[129.2442,35.8409],[129.24322,35.84051],[129.24261,35.84058],[129.24153,35.84073],[129.24108,35.84081],[129.23992,35.84116],[129.23659,35.84221],[129.23038,35.84449],[129.22888,35.84495],[129.22644,35.84636],[129.22368,35.84794],[129.22364,35.84797],[129.22261,35.84866],[129.22243,35.84878],[129.22147,35.84943],[129.22104,35.84972],[129.21922,35.85102],[129.21781,35.85203],[129.22022,35.85932],[129.22093,35.8594],[129.2221,35.85983],[129.2232,35.85985],[129.22364,35.85978],[129.22366,35.85976],[129.22368,35.85974],[129.2237,35.85972],[129.22373,35.85971],[129.22375,35.85969],[129.22378,35.85968],[129.22382,35.85966],[129.22387,35.85965],[129.22391,35.85964],[129.22396,35.85964],[129.22402,35.85964],[129.22428,35.85966],[129.22428,35.85984],[129.22577,35.85982],[129.22658,35.85981],[129.22749,35.86009],[129.22829,35.8604],[129.2312,35.86154],[129.23175,35.86175],[129.23345,35.8609],[129.23397,35.85963],[129.23621,35.85919],[129.2367,35.85912],[129.23721,35.85907],[129.23734,35.85906],[129.23746,35.8591],[129.23892,35.85938],[129.24062,35.85942],[129.24207,35.85914],[129.24249,35.859],[129.24289,35.85872]]]]}},{"type":"Feature","properties":{"code":"47130650","name":"불국동","parent":"47130"},"geometry":{"type":"MultiPolygon","coordinates":[[[[129.34785,35.80232],[129.34784,35.80182],[129.34866,35.79933],[129.34938,35.79761],[129.35018,35.79693],[129.35091,35.79636],[129.35151,35.79545],[129.35194,35.79408],[129.35203,35.79321],[129.35166,35.78896],[129.35135,35.78499],[129.35161,35.78441],[129.35227,35.78317],[129.35402,35.7818],[129.35415,35.78175],[129.35427,35.78173],[129.35435,35.78173],[129.35477,35.78035],[129.35422,35.77318],[129.35395,35.77304],[129.35314,35.77345],[129.35088,35.77496],[129.34993,35.7762],[129.34922,35.77811],[129.34855,35.78012],[129.34803,35.78097],[129.34707,35.7819],[129.34652,35.78216],[129.34626,35.78224],[129.346,35.78224],[129.34589,35.78223],[129.34571,35.78221],[129.34417,35.78201],[129.34139,35.78041],[129.33893,35.77882],[129.33846,35.77866],[129.3379,35.77851],[129.32705,35.77818],[129.32342,35.77832],[129.32209,35.77817],[129.32157,35.7781],[129.31992,35.77781],[129.31671,35.77678],[129.31626,35.7766],[129.31446,35.77548],[129.31416,35.77528],[129.31398,35.77507],[129.31289,35.77339],[129.31269,35.77226],[129.31269,35.77208],[129.31288,35.77193],[129.31304,35.77179],[129.3132,35.7716],[129.31322,35.77147],[129.31313,35.77127],[129.31167,35.76943],[129.31047,35.76835],[129.30916,35.76753],[129.30877,35.76738],[129.30557,35.76643],[129.30537,35.76641],[129.30495,35.76636],[129.30334,35.76641],[129.30292,35.76643],[129.3026,35.76648],[129.30243,35.76659],[129.30202,35.76684],[129.30159,35.76697],[129.30112,35.76701],[129.30103,35.76698],[129.30094,35.76684],[129.30053,35.76543],[129.30012,35.76394],[129.29897,35.76143],[129.29886,35.76125],[129.29861,35.76082],[129.29858,35.76079],[129.29855,35.76077],[129.2985,35.76077],[129.29835,35.76079],[129.29717,35.76131],[129.29642,35.76183],[129.29636,35.76187],[129.29569,35.76201],[129.29554,35.76204],[129.29519,35.76204],[129.29501,35.76204],[129.29122,35.76202],[129.29036,35.76145],[129.29032,35.76142],[129.29007,35.76132],[129.28985,35.76124],[129.28925,35.76105],[129.28882,35.76093],[129.28743,35.76058],[129.28737,35.76057],[129.28648,35.7607],[129.28552,35.76074],[129.28502,35.76074],[129.28487,35.76073],[129.28474,35.7607],[129.28466,35.76066],[129.28173,35.75807],[129.28133,35.75699],[129.28179,35.75327],[129.28182,35.75311],[129.28187,35.75302],[129.28234,35.75206],[129.28268,35.75153],[129.28313,35.75091],[129.28323,35.75078],[129.28335,35.75061],[129.28364,35.75036],[129.2838,35.75021],[129.28421,35.74976],[129.28423,35.74971],[129.2842,35.74963],[129.27853,35.74775],[129.27832,35.74776],[129.27804,35.74774],[129.27789,35.74771],[129.27694,35.74749],[129.27684,35.74746],[129.27662,35.74737],[129.27055,35.74301],[129.27038,35.74287],[129.27026,35.74275],[129.26995,35.74244],[129.26944,35.74183],[129.26939,35.74177],[129.26903,35.74119],[129.26897,35.74109],[129.26791,35.73913],[129.26772,35.73877],[129.26764,35.7386],[129.2676,35.73846],[129.26759,35.73828],[129.26757,35.73816],[129.26751,35.73806],[129.26742,35.73795],[129.2673,35.73787],[129.26717,35.73781],[129.26706,35.73778],[129.26692,35.73776],[129.26679,35.73776],[129.26501,35.73796],[129.26283,35.73823],[129.26249,35.73829],[129.25977,35.73952],[129.25959,35.73961],[129.25948,35.73966],[129.25938,35.73975],[129.2593,35.73983],[129.25924,35.73997],[129.25829,35.7424],[129.25827,35.74245],[129.25827,35.74252],[129.25828,35.74258],[129.25912,35.74582],[129.25988,35.74805],[129.25962,35.7505],[129.2595,35.75058],[129.25939,35.75066],[129.2593,35.75076],[129.25924,35.75089],[129.2592,35.751],[129.25772,35.75497],[129.25773,35.75516],[129.2579,35.75593],[129.25808,35.75641],[129.25811,35.75661],[129.25808,35.75691],[129.25803,35.75708],[129.25754,35.75885],[129.25743,35.7592],[129.25736,35.75929],[129.25727,35.75935],[129.257,35.7595],[129.2565,35.75984],[129.25634,35.76001],[129.2563,35.76024],[129.25611,35.7619],[129.25668,35.76344],[129.2568,35.76351],[129.25699,35.76368],[129.25721,35.764],[129.25741,35.76433],[129.25742,35.76437],[129.25745,35.76445],[129.25748,35.76455],[129.25764,35.7672],[129.25763,35.76728],[129.25733,35.76911],[129.25731,35.76916],[129.25729,35.76924],[129.25552,35.77275],[129.25543,35.77288],[129.25535,35.77295],[129.25406,35.77395],[129.25275,35.77452],[129.25259,35.77457],[129.25247,35.77457],[129.25241,35.77456],[129.25227,35.77451],[129.25214,35.77446],[129.25194,35.77433],[129.25161,35.77408],[129.2519,35.77454],[129.2527,35.77606],[129.25282,35.77692],[129.25277,35.77707],[129.25259,35.77724],[129.25239,35.778],[129.25341,35.78136],[129.2537,35.78207],[129.25386,35.78331],[129.25387,35.78375],[129.25378,35.78406],[129.25365,35.78429],[129.25377,35.78636],[129.25422,35.79079],[129.25426,35.79109],[129.25488,35.79301],[129.25492,35.79308],[129.25516,35.79341],[129.25569,35.79394],[129.25669,35.79481],[129.25703,35.79486],[129.25801,35.79495],[129.25799,35.7948],[129.25801,35.79423],[129.25801,35.79417],[129.2585,35.79367],[129.25902,35.79321],[129.25948,35.79288],[129.26043,35.79237],[129.26131,35.79196],[129.26246,35.79149],[129.26257,35.79145],[129.26268,35.79141],[129.26362,35.79106],[129.26407,35.7909],[129.26495,35.79065],[129.26628,35.79084],[129.26716,35.79113],[129.26729,35.79111],[129.26872,35.79008],[129.2697,35.78932],[129.27098,35.78899],[129.27118,35.78896],[129.27159,35.78893],[129.27192,35.78895],[129.27621,35.7896],[129.27748,35.79018],[129.27767,35.79029],[129.27771,35.79031],[129.27772,35.79046],[129.27777,35.79103],[129.27984,35.79279],[129.28198,35.7935],[129.28285,35.7937],[129.28644,35.79442],[129.28763,35.79393],[129.28945,35.79257],[129.29123,35.79148],[129.2914,35.79138],[129.29371,35.79078],[129.29616,35.79166],[129.29624,35.79308],[129.29661,35.7942],[129.29845,35.79833],[129.30004,35.79985],[129.29819,35.80574],[129.29741,35.80654],[129.29723,35.80724],[129.29702,35.80852],[129.29801,35.80951],[129.29834,35.80982],[129.29841,35.81222],[129.29829,35.81362],[129.29857,35.81482],[129.29895,35.81547],[129.30127,35.81598],[129.30664,35.81592],[129.30712,35.81592],[129.30921,35.81635],[129.31056,35.81721],[129.31114,35.81769],[129.31844,35.81722],[129.31861,35.8163],[129.32034,35.8129],[129.32399,35.80972],[129.32518,35.80917],[129.32772,35.80919],[129.32892,35.80913],[129.33062,35.80898],[129.33639,35.8077],[129.33756,35.80707],[129.34276,35.80363],[129.34531,35.80153],[129.34571,35.80145],[129.34657,35.80159],[129.3469,35.80176],[129.34785,35.80232]]]]}},{"type":"Feature","properties":{"code":"47130660","name":"보덕동","parent":"47130"},"geometry":{"type":"MultiPolygon","coordinates":[[[[129.33448,35.90556],[129.33442,35.90533],[129.33366,35.903],[129.33319,35.90223],[129.33431,35.89987],[129.33562,35.89744],[129.33573,35.8973],[129.33673,35.89623],[129.33831,35.89469],[129.33751,35.89393],[129.33746,35.89386],[129.33735,35.89357],[129.33728,35.89318],[129.33726,35.8929],[129.33728,35.89285],[129.33732,35.8928],[129.33867,35.89127],[129.33988,35.89051],[129.34256,35.88921],[129.34771,35.88865],[129.34775,35.88865],[129.34786,35.88868],[129.34795,35.88874],[129.34812,35.88885],[129.34821,35.88896],[129.34835,35.88914],[129.34901,35.89024],[129.34945,35.89103],[129.34954,35.89122],[129.34958,35.89137],[129.34959,35.89153],[129.34957,35.89171],[129.34962,35.89184],[129.34978,35.89205],[129.34991,35.89221],[129.34998,35.89226],[129.35005,35.89229],[129.3501,35.8923],[129.35015,35.89229],[129.35151,35.89183],[129.35159,35.89179],[129.35164,35.89174],[129.35252,35.89046],[129.35272,35.88914],[129.35268,35.88899],[129.35268,35.88891],[129.35304,35.88754],[129.35306,35.88749],[129.35309,35.88746],[129.35449,35.88669],[129.35478,35.88658],[129.355,35.88651],[129.35717,35.88588],[129.35733,35.88585],[129.35745,35.88585],[129.3576,35.88586],[129.35779,35.88589],[129.35796,35.88596],[129.35805,35.88602],[129.35812,35.88613],[129.35822,35.88631],[129.35828,35.88654],[129.35838,35.88676],[129.3585,35.88697],[129.35862,35.88714],[129.35954,35.88813],[129.35965,35.88824],[129.35974,35.88829],[129.35984,35.8883],[129.36036,35.88834],[129.36061,35.88833],[129.36083,35.88831],[129.36103,35.88827],[129.36107,35.88824],[129.36112,35.88819],[129.36245,35.88396],[129.36248,35.88383],[129.36308,35.88149],[129.36365,35.87853],[129.36364,35.87843],[129.36361,35.87834],[129.36304,35.87738],[129.36248,35.87659],[129.36245,35.87656],[129.36238,35.87651],[129.3623,35.87647],[129.36104,35.87583],[129.36095,35.87579],[129.36082,35.87575],[129.36067,35.87571],[129.36052,35.87569],[129.36039,35.87567],[129.35996,35.87565],[129.35924,35.87562],[129.35884,35.87562],[129.35869,35.87563],[129.35858,35.87564],[129.35847,35.87565],[129.35841,35.87567],[129.35815,35.87577],[129.35806,35.87581],[129.35797,35.87586],[129.35787,35.87591],[129.35779,35.87593],[129.35772,35.87593],[129.35763,35.87591],[129.35746,35.87586],[129.35725,35.87578],[129.35704,35.8757],[129.35688,35.87563],[129.35655,35.87547],[129.35647,35.87542],[129.3564,35.87536],[129.35634,35.87527],[129.35512,35.87325],[129.35508,35.87316],[129.35502,35.87298],[129.35501,35.87288],[129.35502,35.87283],[129.35505,35.87278],[129.36058,35.86526],[129.36079,35.86528],[129.36098,35.8653],[129.36115,35.8653],[129.36128,35.8653],[129.36151,35.86528],[129.36169,35.86526],[129.36337,35.86496],[129.36354,35.86493],[129.36375,35.86489],[129.36649,35.86421],[129.36842,35.86325],[129.36848,35.86318],[129.36857,35.86311],[129.37172,35.8613],[129.37176,35.86129],[129.3718,35.86129],[129.37302,35.86179],[129.37495,35.86342],[129.37511,35.86317],[129.37545,35.86254],[129.37595,35.86142],[129.37621,35.85881],[129.3762,35.85877],[129.37617,35.85872],[129.37612,35.85866],[129.37603,35.85853],[129.37584,35.85828],[129.37571,35.8581],[129.37559,35.85798],[129.37549,35.85789],[129.37543,35.85786],[129.37537,35.85785],[129.37465,35.8578],[129.37362,35.85763],[129.37348,35.8576],[129.37336,35.85757],[129.37303,35.85748],[129.37294,35.85744],[129.37284,35.85738],[129.37275,35.85732],[129.3727,35.85729],[129.37259,35.85717],[129.37236,35.85695],[129.37217,35.85669],[129.37203,35.8565],[129.37192,35.85631],[129.37184,35.85617],[129.371,35.85297],[129.37098,35.85288],[129.37098,35.85282],[129.37099,35.85277],[129.37217,35.85084],[129.37227,35.85068],[129.37125,35.84493],[129.36888,35.84223],[129.36875,35.8422],[129.36856,35.84214],[129.36847,35.8421],[129.36836,35.84205],[129.36826,35.84201],[129.3682,35.84196],[129.36818,35.8419],[129.3682,35.84179],[129.36834,35.84093],[129.36837,35.84086],[129.36914,35.8398],[129.36927,35.83961],[129.36969,35.83909],[129.36975,35.83903],[129.36982,35.83898],[129.37004,35.83888],[129.373,35.83723],[129.37762,35.83386],[129.37764,35.83382],[129.37765,35.83378],[129.37807,35.83069],[129.37807,35.83029],[129.37805,35.8299],[129.37803,35.82974],[129.37801,35.82962],[129.37796,35.8295],[129.37787,35.82935],[129.37778,35.82923],[129.37766,35.82909],[129.37748,35.8289],[129.37737,35.82879],[129.37727,35.82872],[129.37718,35.82865],[129.37707,35.8286],[129.37548,35.82797],[129.37536,35.82793],[129.37508,35.82787],[129.37458,35.82781],[129.37445,35.8278],[129.37435,35.82777],[129.37422,35.82771],[129.37345,35.82724],[129.37331,35.82715],[129.3732,35.82706],[129.37313,35.82698],[129.37303,35.82676],[129.37254,35.82546],[129.37251,35.82536],[129.37247,35.8252],[129.37247,35.82508],[129.37251,35.82497],[129.37261,35.82482],[129.37265,35.82476],[129.37266,35.82466],[129.37264,35.82448],[129.37224,35.8233],[129.37211,35.82296],[129.371,35.82043],[129.36881,35.81627],[129.36872,35.81613],[129.36711,35.81473],[129.36227,35.8126],[129.35859,35.81103],[129.35855,35.81101],[129.35848,35.81091],[129.35796,35.81007],[129.35787,35.80991],[129.35783,35.80973],[129.35691,35.80545],[129.35692,35.80538],[129.35749,35.80424],[129.35763,35.80406],[129.35789,35.80382],[129.35807,35.80369],[129.35809,35.80366],[129.35809,35.80362],[129.35719,35.80293],[129.35705,35.80282],[129.35688,35.80272],[129.3568,35.80267],[129.35664,35.80263],[129.3546,35.80247],[129.35453,35.80247],[129.35157,35.80237],[129.34785,35.80232],[129.3469,35.80176],[129.34657,35.80159],[129.34571,35.80145],[129.34531,35.80153],[129.34276,35.80363],[129.33756,35.80707],[129.33639,35.8077],[129.33062,35.80898],[129.32892,35.80913],[129.32772,35.80919],[129.32518,35.80917],[129.32399,35.80972],[129.32034,35.8129],[129.31861,35.8163],[129.31844,35.81722],[129.31114,35.81769],[129.31056,35.81721],[129.30921,35.81635],[129.30712,35.81592],[129.30664,35.81592],[129.30127,35.81598],[129.29895,35.81547],[129.29857,35.81482],[129.29829,35.81362],[129.29841,35.81222],[129.29834,35.80982],[129.29801,35.80951],[129.29702,35.80852],[129.29723,35.80724],[129.29741,35.80654],[129.29819,35.80574],[129.30004,35.79985],[129.29845,35.79833],[129.29661,35.7942],[129.29624,35.79308],[129.29616,35.79166],[129.29371,35.79078],[129.2914,35.79138],[129.29123,35.79148],[129.28945,35.79257],[129.28763,35.79393],[129.28644,35.79442],[129.28613,35.79598],[129.28533,35.79761],[129.2849,35.79791],[129.28374,35.79872],[129.28128,35.80037],[129.28025,35.80088],[129.27814,35.80176],[129.27707,35.80267],[129.27638,35.80327],[129.27605,35.80446],[129.27582,35.80555],[129.2758,35.80633],[129.27611,35.80657],[129.2765,35.80687],[129.27644,35.8079],[129.27456,35.80862],[129.27311,35.80947],[129.27307,35.8112],[129.27024,35.81508],[129.26877,35.81677],[129.26686,35.82106],[129.26619,35.82537],[129.26579,35.8279],[129.26495,35.83046],[129.26505,35.83128],[129.26641,35.83538],[129.26631,35.83981],[129.26633,35.84667],[129.26633,35.84688],[129.26634,35.84954],[129.26634,35.84961],[129.25905,35.84717],[129.25848,35.84693],[129.25543,35.84559],[129.25495,35.84634],[129.25358,35.84894],[129.25292,35.85023],[129.25221,35.85089],[129.25137,35.8515],[129.24997,35.85162],[129.24948,35.8514],[129.2489,35.8506],[129.24813,35.85033],[129.24774,35.85068],[129.24744,35.85208],[129.24738,35.85253],[129.24715,35.85458],[129.2455,35.85665],[129.24429,35.85699],[129.24289,35.85872],[129.2433,35.86211],[129.24265,35.86575],[129.24274,35.8684],[129.24298,35.87057],[129.24401,35.87094],[129.24481,35.87122],[129.24845,35.87174],[129.25451,35.87075],[129.25598,35.86941],[129.25609,35.86892],[129.25627,35.86863],[129.2565,35.8684],[129.25674,35.86823],[129.25807,35.86775],[129.26041,35.86711],[129.26222,35.8664],[129.26292,35.86541],[129.26323,35.86498],[129.26345,35.86474],[129.26383,35.86438],[129.26681,35.86212],[129.26853,35.86133],[129.27244,35.86088],[129.27265,35.8609],[129.27396,35.86138],[129.27469,35.86182],[129.27492,35.8623],[129.27495,35.86245],[129.27499,35.86303],[129.27498,35.86507],[129.2743,35.86693],[129.27472,35.86727],[129.27572,35.8672],[129.28055,35.86563],[129.28317,35.86477],[129.28324,35.86467],[129.28335,35.86456],[129.28348,35.8645],[129.28518,35.86402],[129.28669,35.865],[129.28764,35.86608],[129.28771,35.86624],[129.28776,35.8663],[129.28797,35.86646],[129.28805,35.86652],[129.28847,35.86681],[129.28853,35.86684],[129.28866,35.86688],[129.28928,35.86706],[129.29148,35.86765],[129.2918,35.86771],[129.29194,35.86772],[129.29218,35.86773],[129.29239,35.86772],[129.29254,35.86771],[129.29447,35.86745],[129.29463,35.86743],[129.29472,35.86741],[129.29556,35.8672],[129.29615,35.86703],[129.29629,35.86697],[129.29654,35.86689],[129.29683,35.8668],[129.29696,35.86677],[129.29718,35.86672],[129.29751,35.86666],[129.29766,35.86663],[129.29779,35.86662],[129.29787,35.86661],[129.29794,35.86661],[129.30075,35.86671],[129.30648,35.8675],[129.30652,35.86751],[129.30659,35.86753],[129.30671,35.86758],[129.30681,35.86763],[129.30717,35.86782],[129.30721,35.86784],[129.30728,35.86789],[129.30734,35.86794],[129.30743,35.86804],[129.30752,35.86813],[129.30756,35.8682],[129.30761,35.86828],[129.30981,35.87291],[129.30986,35.873],[129.3105,35.87453],[129.31052,35.87461],[129.31056,35.87479],[129.31057,35.87487],[129.31056,35.87494],[129.31054,35.87509],[129.31042,35.87548],[129.3104,35.87554],[129.31037,35.87558],[129.31018,35.87575],[129.30901,35.87987],[129.30937,35.88232],[129.30963,35.88239],[129.31028,35.88287],[129.31056,35.88309],[129.31069,35.88319],[129.31074,35.88331],[129.31096,35.88383],[129.311,35.88394],[129.31111,35.8843],[129.3111,35.88441],[129.31089,35.88581],[129.31083,35.88596],[129.31006,35.88686],[129.30979,35.88709],[129.30931,35.88749],[129.30918,35.88763],[129.3091,35.8879],[129.30909,35.88805],[129.30961,35.88984],[129.31037,35.89226],[129.31247,35.89828],[129.31254,35.89839],[129.31269,35.89857],[129.31373,35.89969],[129.31725,35.90217],[129.31883,35.90327],[129.32187,35.90498],[129.32209,35.90508],[129.32229,35.90512],[129.32252,35.90515],[129.32722,35.90553],[129.32857,35.90562],[129.33036,35.90575],[129.33086,35.90578],[129.33137,35.90577],[129.33194,35.90574],[129.33242,35.9057],[129.33269,35.90565],[129.33337,35.9055],[129.33448,35.90556]]]]}},{"type":"Feature","properties":{"code":"47130530","name":"황오동","parent":"47130"},"geometry":{"type":"MultiPolygon","coordinates":[[[[129.21165,35.83992],[129.21154,35.83989],[129.21021,35.83958],[129.20994,35.83953],[129.20644,35.83893],[129.20224,35.83825],[129.20056,35.84215],[129.20085,35.84234],[129.20221,35.84232],[129.20474,35.84227],[129.20703,35.84221],[129.20738,35.8422],[129.20742,35.8422],[129.20762,35.84346],[129.20764,35.84394],[129.20763,35.84438],[129.20708,35.84463],[129.20696,35.84745],[129.20695,35.84808],[129.20694,35.8488],[129.20696,35.85019],[129.21357,35.85008],[129.21398,35.84991],[129.21548,35.85338],[129.21781,35.85203],[129.21922,35.85102],[129.22104,35.84972],[129.22147,35.84943],[129.22243,35.84878],[129.22261,35.84866],[129.22364,35.84797],[129.22368,35.84794],[129.22644,35.84636],[129.22888,35.84495],[129.23038,35.84449],[129.22986,35.84403],[129.22919,35.84315],[129.22913,35.8414],[129.22913,35.84135],[129.22763,35.84141],[129.22428,35.84155],[129.22308,35.84162],[129.22261,35.84162],[129.22227,35.84162],[129.21953,35.84045],[129.21836,35.83878],[129.21689,35.83727],[129.21449,35.83908],[129.21351,35.84046],[129.21165,35.83992]]]]}},{"type":"Feature","properties":{"code":"47130570","name":"황남동","parent":"47130"},"geometry":{"type":"MultiPolygon","coordinates":[[[[129.21689,35.83727],[129.217,35.83719],[129.21783,35.83658],[129.21807,35.8364],[129.21822,35.8362],[129.2184,35.83584],[129.21843,35.83572],[129.21793,35.83332],[129.21783,35.83291],[129.21715,35.83269],[129.21667,35.83263],[129.21626,35.83276],[129.2135,35.8323],[129.21259,35.82883],[129.21317,35.82308],[129.21485,35.82384],[129.21522,35.82402],[129.21542,35.82413],[129.21556,35.82422],[129.21661,35.82441],[129.21808,35.82308],[129.21944,35.82144],[129.2196,35.82115],[129.22065,35.82092],[129.22149,35.82082],[129.22271,35.82054],[129.22346,35.82031],[129.22396,35.81989],[129.22459,35.81935],[129.22462,35.81933],[129.22905,35.81395],[129.22682,35.81204],[129.22738,35.80737],[129.2277,35.80719],[129.22878,35.80658],[129.22934,35.80546],[129.22949,35.80388],[129.22957,35.80287],[129.22955,35.8008],[129.22889,35.79715],[129.22652,35.78998],[129.22548,35.78931],[129.22316,35.78781],[129.22291,35.78743],[129.22287,35.78831],[129.22285,35.78847],[129.22283,35.78867],[129.2228,35.78871],[129.22208,35.78906],[129.22002,35.78957],[129.21813,35.78933],[129.21619,35.78896],[129.21603,35.78894],[129.21591,35.78892],[129.21015,35.78888],[129.21007,35.7889],[129.20974,35.78898],[129.20738,35.78994],[129.2056,35.79069],[129.20539,35.79077],[129.20521,35.79076],[129.20226,35.79048],[129.20197,35.79005],[129.20177,35.78983],[129.20162,35.78967],[129.20119,35.78922],[129.20106,35.78909],[129.20079,35.78887],[129.20064,35.78875],[129.19903,35.78787],[129.19895,35.78783],[129.19811,35.78862],[129.19802,35.78872],[129.19788,35.78887],[129.19772,35.78905],[129.19745,35.7894],[129.19729,35.78964],[129.19713,35.79003],[129.19682,35.79743],[129.19692,35.79767],[129.19728,35.79823],[129.19836,35.79932],[129.19823,35.79939],[129.19815,35.79942],[129.19803,35.79945],[129.19768,35.79952],[129.19763,35.79952],[129.19437,35.79847],[129.1943,35.79843],[129.19422,35.79835],[129.19394,35.79772],[129.19384,35.79743],[129.19367,35.79702],[129.19358,35.7968],[129.19345,35.79659],[129.19338,35.7965],[129.19184,35.7945],[129.19177,35.79442],[129.1917,35.7944],[129.19148,35.79443],[129.19092,35.7945],[129.1905,35.79451],[129.19011,35.79451],[129.18988,35.79449],[129.18795,35.79419],[129.18621,35.79382],[129.18133,35.79265],[129.17855,35.79101],[129.17753,35.79039],[129.17688,35.79069],[129.17671,35.79079],[129.17507,35.7921],[129.17463,35.79253],[129.17448,35.79273],[129.17435,35.79291],[129.17435,35.79303],[129.17436,35.79313],[129.17441,35.79341],[129.17449,35.79371],[129.17452,35.79386],[129.1745,35.79459],[129.17444,35.79477],[129.17438,35.7949],[129.17304,35.79743],[129.17294,35.79756],[129.17283,35.79766],[129.17236,35.798],[129.17219,35.79809],[129.17062,35.79895],[129.17035,35.79907],[129.17018,35.79914],[129.17,35.79918],[129.16869,35.79936],[129.16664,35.79949],[129.16652,35.79949],[129.16626,35.79944],[129.16475,35.79911],[129.16449,35.79908],[129.1642,35.79906],[129.164,35.79908],[129.1638,35.79914],[129.16372,35.79921],[129.16342,35.79949],[129.16202,35.80084],[129.16192,35.80094],[129.16145,35.80146],[129.16011,35.80312],[129.16009,35.80316],[129.15992,35.80392],[129.15988,35.80413],[129.15985,35.80433],[129.15982,35.80454],[129.15982,35.80465],[129.15976,35.8067],[129.15991,35.80807],[129.15998,35.80828],[129.16003,35.80838],[129.16008,35.80845],[129.16015,35.80852],[129.16019,35.80859],[129.16023,35.80866],[129.16025,35.80877],[129.16026,35.80889],[129.16026,35.80899],[129.16024,35.80909],[129.16021,35.80917],[129.16012,35.80933],[129.15995,35.80956],[129.15988,35.80963],[129.15767,35.81176],[129.15803,35.81228],[129.15862,35.81297],[129.15957,35.81329],[129.15975,35.81349],[129.16075,35.81541],[129.16083,35.81561],[129.16113,35.81896],[129.16112,35.81899],[129.16098,35.81928],[129.16066,35.81993],[129.15955,35.82045],[129.1603,35.82086],[129.16212,35.82083],[129.16278,35.82063],[129.16607,35.81964],[129.16683,35.81941],[129.17086,35.81848],[129.17105,35.81857],[129.17272,35.81876],[129.17298,35.81873],[129.17337,35.81859],[129.17643,35.81678],[129.17783,35.81554],[129.17876,35.81472],[129.17931,35.81405],[129.1796,35.81368],[129.18057,35.81328],[129.18723,35.81214],[129.18904,35.81208],[129.19586,35.81531],[129.19795,35.81648],[129.19905,35.81763],[129.19903,35.8177],[129.19843,35.81992],[129.19748,35.82457],[129.19742,35.82659],[129.19754,35.82711],[129.19858,35.8317],[129.20018,35.83245],[129.20145,35.83412],[129.2019,35.83626],[129.20191,35.83634],[129.20199,35.83682],[129.20224,35.83825],[129.20644,35.83893],[129.20994,35.83953],[129.21021,35.83958],[129.21154,35.83989],[129.21165,35.83992],[129.21351,35.84046],[129.21449,35.83908],[129.21689,35.83727]]]]}}]}