{"type":"FeatureCollection","features":[{"type":"Feature","properties":{"code":"47250250","name":"함창읍","parent":"47250"},"geometry":{"type":"MultiPolygon","coordinates":[[[[128.17752,36.59537],[128.17746,36.59534],[128.17741,36.59528],[128.17733,36.59519],[128.1773,36.59514],[128.17728,36.5951],[128.17728,36.59507],[128.17761,36.59225],[128.17797,36.59199],[128.17857,36.59166],[128.1792,36.59118],[128.18001,36.59004],[128.18003,36.59002],[128.18003,36.58998],[128.17979,36.58874],[128.17942,36.58694],[128.17846,36.58358],[128.18084,36.58181],[128.18099,36.58171],[128.18164,36.58152],[128.18243,36.58151],[128.18313,36.58155],[128.18354,36.58157],[128.18375,36.5816],[128.18389,36.58162],[128.18508,36.58186],[128.18638,36.58231],[128.18765,36.58292],[128.18887,36.58347],[128.18943,36.58357],[128.18983,36.58351],[128.19052,36.5833],[128.19146,36.58311],[128.19395,36.58283],[128.1943,36.58286],[128.19424,36.58269],[128.19422,36.5826],[128.19424,36.58245],[128.19427,36.58235],[128.19433,36.58221],[128.19441,36.58209],[128.19451,36.58201],[128.19462,36.58194],[128.19472,36.58188],[128.2016,36.57873],[128.20262,36.57854],[128.20274,36.57853],[128.20295,36.57852],[128.20498,36.5785],[128.2069,36.57556],[128.20611,36.57493],[128.20607,36.57488],[128.20603,36.57477],[128.2057,36.57386],[128.20567,36.57371],[128.20567,36.57353],[128.2057,36.57341],[128.20585,36.57325],[128.20594,36.57322],[128.21081,36.57348],[128.21519,36.57376],[128.21692,36.57373],[128.2171,36.57372],[128.2173,36.5737],[128.21734,36.5737],[128.21798,36.57361],[128.21859,36.57343],[128.21904,36.5732],[128.21943,36.57295],[128.2198,36.57261],[128.22024,36.57197],[128.22036,36.57177],[128.22135,36.56996],[128.22152,36.56965],[128.22154,36.56954],[128.22152,36.56946],[128.22143,36.56936],[128.22094,36.56885],[128.21915,36.56715],[128.21608,36.56387],[128.21594,36.55656],[128.21727,36.5486],[128.21727,36.54762],[128.21727,36.5475],[128.21732,36.54709],[128.21734,36.54695],[128.21742,36.54651],[128.21786,36.54421],[128.21815,36.54295],[128.21862,36.54107],[128.21869,36.54083],[128.21908,36.53969],[128.21919,36.53938],[128.21958,36.53838],[128.21971,36.53806],[128.21987,36.53775],[128.22209,36.53334],[128.22216,36.53321],[128.22224,36.5331],[128.22231,36.53302],[128.22236,36.53297],[128.22243,36.53292],[128.22249,36.53287],[128.22256,36.53282],[128.22266,36.53277],[128.22284,36.53268],[128.22289,36.53265],[128.22293,36.53263],[128.22304,36.53258],[128.22455,36.5319],[128.22921,36.52983],[128.22951,36.52971],[128.22978,36.5296],[128.22999,36.52952],[128.23025,36.52946],[128.23047,36.5294],[128.23073,36.52934],[128.23117,36.52924],[128.23175,36.52912],[128.23219,36.52904],[128.23249,36.52901],[128.23501,36.52871],[128.2354,36.52867],[128.23559,36.52865],[128.23577,36.52864],[128.23603,36.52862],[128.23655,36.52861],[128.23717,36.52865],[128.23746,36.52869],[128.23789,36.52877],[128.23818,36.52884],[128.23875,36.529],[128.23939,36.52918],[128.23975,36.52929],[128.2403,36.52948],[128.2411,36.52976],[128.2417,36.52999],[128.24289,36.53045],[128.24537,36.53144],[128.24608,36.53175],[128.24627,36.53184],[128.24818,36.53284],[128.24827,36.53097],[128.25243,36.53109],[128.25298,36.53109],[128.25458,36.53102],[128.25481,36.531],[128.25486,36.53034],[128.25397,36.53004],[128.25324,36.52962],[128.25199,36.52881],[128.25173,36.52863],[128.25119,36.52822],[128.25048,36.52745],[128.25036,36.52728],[128.25022,36.52706],[128.25006,36.52677],[128.24997,36.52657],[128.24995,36.52648],[128.24993,36.52639],[128.24993,36.52631],[128.24995,36.52621],[128.25008,36.52592],[128.25037,36.52533],[128.25049,36.52514],[128.2506,36.525],[128.25085,36.5247],[128.25097,36.52456],[128.2511,36.52445],[128.2513,36.5243],[128.25149,36.5242],[128.2516,36.52414],[128.2517,36.52411],[128.25179,36.52409],[128.25222,36.5241],[128.25237,36.52409],[128.25256,36.52405],[128.25269,36.524],[128.25279,36.52394],[128.25287,36.52387],[128.25438,36.52176],[128.25439,36.52171],[128.25438,36.52167],[128.25421,36.5215],[128.25392,36.52123],[128.25335,36.52061],[128.25321,36.52044],[128.25311,36.52029],[128.25304,36.52014],[128.25224,36.5181],[128.25221,36.51802],[128.25219,36.51793],[128.25218,36.51783],[128.25217,36.51756],[128.25227,36.51648],[128.25161,36.51328],[128.25046,36.50906],[128.25037,36.50876],[128.25034,36.50873],[128.2443,36.50502],[128.24393,36.50426],[128.24389,36.50419],[128.24384,36.50414],[128.24378,36.5041],[128.2428,36.50352],[128.24276,36.5035],[128.2403,36.50264],[128.23991,36.50251],[128.23964,36.50247],[128.23937,36.50245],[128.23251,36.50224],[128.23228,36.50228],[128.23217,36.50236],[128.23113,36.50345],[128.23115,36.50486],[128.23124,36.50506],[128.23127,36.50515],[128.23127,36.50522],[128.23041,36.50791],[128.23038,36.50799],[128.23032,36.50806],[128.23026,36.50812],[128.23016,36.50822],[128.23006,36.50829],[128.22938,36.50877],[128.22932,36.50879],[128.22925,36.5088],[128.22896,36.50878],[128.22524,36.51058],[128.22111,36.51284],[128.22107,36.51289],[128.22101,36.51301],[128.22031,36.5148],[128.22006,36.51597],[128.22003,36.51609],[128.21999,36.51618],[128.21992,36.51627],[128.2189,36.51755],[128.21884,36.5176],[128.21877,36.5176],[128.21835,36.51753],[128.2179,36.51746],[128.21754,36.51737],[128.21416,36.51635],[128.21364,36.51595],[128.21284,36.51507],[128.21241,36.51446],[128.21237,36.51441],[128.21232,36.51437],[128.21223,36.51433],[128.21216,36.51432],[128.21008,36.51422],[128.20994,36.51422],[128.2088,36.51426],[128.20839,36.51429],[128.20818,36.51432],[128.20799,36.51439],[128.20769,36.51451],[128.2075,36.51462],[128.20727,36.51479],[128.20596,36.51582],[128.20519,36.51645],[128.20459,36.51707],[128.20149,36.5185],[128.20133,36.51855],[128.20108,36.5186],[128.20093,36.51861],[128.20051,36.51861],[128.20037,36.51861],[128.20026,36.5186],[128.20015,36.51857],[128.19986,36.51848],[128.19975,36.51844],[128.19961,36.51837],[128.19894,36.518],[128.19855,36.51771],[128.19847,36.51764],[128.19843,36.5176],[128.1984,36.51755],[128.19838,36.5175],[128.19838,36.51746],[128.19838,36.51743],[128.19841,36.51732],[128.19848,36.51712],[128.19849,36.51703],[128.19845,36.51692],[128.19841,36.51683],[128.19835,36.51675],[128.19754,36.51586],[128.1972,36.51558],[128.19709,36.51553],[128.19658,36.51531],[128.19648,36.51527],[128.19619,36.51521],[128.19592,36.51515],[128.1957,36.51511],[128.19552,36.51509],[128.19535,36.51509],[128.18857,36.51529],[128.1885,36.5153],[128.18846,36.51532],[128.18842,36.51535],[128.18839,36.51538],[128.18834,36.51545],[128.18832,36.5155],[128.18825,36.51564],[128.18823,36.51571],[128.18822,36.51577],[128.18822,36.51584],[128.18824,36.51591],[128.18807,36.51647],[128.18643,36.51744],[128.18567,36.51778],[128.18418,36.51781],[128.18362,36.51892],[128.18289,36.5208],[128.18244,36.52201],[128.18239,36.52209],[128.18231,36.52215],[128.18218,36.52219],[128.18199,36.52222],[128.18144,36.52223],[128.18075,36.52225],[128.18065,36.52226],[128.17881,36.52393],[128.17866,36.52523],[128.17856,36.52686],[128.17857,36.52695],[128.1786,36.52702],[128.17873,36.52718],[128.17883,36.52725],[128.17892,36.5273],[128.17901,36.52734],[128.1793,36.52742],[128.17962,36.5275],[128.18008,36.52759],[128.18042,36.52765],[128.18063,36.52771],[128.1807,36.52774],[128.18074,36.52778],[128.18078,36.52784],[128.18091,36.52811],[128.18093,36.52815],[128.1829,36.53485],[128.18291,36.5349],[128.18291,36.53493],[128.18281,36.53577],[128.18281,36.53581],[128.1828,36.53585],[128.18279,36.5359],[128.18229,36.53706],[128.18196,36.5374],[128.18154,36.53783],[128.18148,36.53789],[128.18143,36.53792],[128.18134,36.53798],[128.18036,36.53857],[128.17974,36.53892],[128.17966,36.53896],[128.1795,36.53904],[128.17941,36.53908],[128.17718,36.54002],[128.17713,36.54004],[128.175,36.54068],[128.17495,36.54069],[128.17488,36.5407],[128.17474,36.54071],[128.17437,36.54072],[128.1744,36.541],[128.17441,36.54106],[128.17441,36.54111],[128.17441,36.54118],[128.17439,36.54134],[128.17438,36.54138],[128.17437,36.54143],[128.17435,36.54148],[128.17432,36.54154],[128.17391,36.5423],[128.17388,36.54233],[128.17386,36.54236],[128.17179,36.54423],[128.17168,36.54431],[128.17151,36.54442],[128.17136,36.54452],[128.17119,36.5446],[128.17099,36.54466],[128.17084,36.5447],[128.16836,36.54515],[128.16833,36.54515],[128.16829,36.54515],[128.16825,36.54514],[128.16819,36.54509],[128.16811,36.545],[128.16798,36.54484],[128.16783,36.54462],[128.16771,36.5444],[128.16763,36.54425],[128.16759,36.54418],[128.16755,36.54412],[128.16751,36.54409],[128.16744,36.54406],[128.16739,36.54404],[128.16733,36.54403],[128.16725,36.54403],[128.16713,36.54407],[128.16705,36.54412],[128.16474,36.5456],[128.16413,36.54631],[128.16411,36.54634],[128.16409,36.54639],[128.16407,36.54645],[128.16403,36.54659],[128.16403,36.54663],[128.16402,36.54668],[128.16403,36.54672],[128.16405,36.54682],[128.16407,36.54688],[128.1641,36.54693],[128.16414,36.54699],[128.1644,36.54734],[128.16448,36.54742],[128.1646,36.54755],[128.16475,36.54771],[128.16654,36.54935],[128.16667,36.54946],[128.16666,36.55194],[128.16659,36.5564],[128.16658,36.55662],[128.16654,36.55678],[128.16644,36.55712],[128.16549,36.55981],[128.165,36.56107],[128.16476,36.56169],[128.16465,36.56198],[128.16427,36.56282],[128.1623,36.56615],[128.16223,36.56622],[128.16215,36.56629],[128.16203,36.56638],[128.16188,36.56647],[128.16172,36.56655],[128.16152,36.56663],[128.1613,36.56672],[128.16115,36.56677],[128.16106,36.56682],[128.16098,36.56686],[128.16087,36.56696],[128.16057,36.56724],[128.1602,36.56763],[128.15985,36.568],[128.15951,36.56836],[128.15913,36.56879],[128.15897,36.56906],[128.15881,36.56936],[128.15866,36.56972],[128.15858,36.56997],[128.15848,36.5703],[128.15836,36.57084],[128.15825,36.57129],[128.15817,36.57155],[128.15807,36.57173],[128.1579,36.57197],[128.15754,36.57243],[128.15728,36.57275],[128.15722,36.57281],[128.15719,36.57284],[128.15715,36.57286],[128.15611,36.57337],[128.15591,36.57345],[128.15469,36.57386],[128.15457,36.5739],[128.15293,36.57437],[128.15178,36.57465],[128.15156,36.57467],[128.15146,36.57468],[128.15136,36.5747],[128.15126,36.57474],[128.15114,36.57479],[128.15095,36.5749],[128.1508,36.57499],[128.14865,36.57653],[128.14856,36.5766],[128.14853,36.57665],[128.14851,36.57669],[128.14848,36.57675],[128.14847,36.5768],[128.14848,36.57683],[128.14852,36.57689],[128.14932,36.57757],[128.14943,36.57766],[128.14951,36.57771],[128.15283,36.57921],[128.15475,36.57931],[128.15488,36.5793],[128.15501,36.5793],[128.15516,36.57933],[128.15527,36.57938],[128.15535,36.57942],[128.15545,36.57952],[128.15552,36.57962],[128.15582,36.58006],[128.15592,36.58024],[128.15625,36.58107],[128.1563,36.58124],[128.15631,36.58135],[128.15631,36.58145],[128.1563,36.58154],[128.15564,36.58408],[128.15562,36.58412],[128.1547,36.58484],[128.15462,36.5849],[128.15453,36.58495],[128.15444,36.585],[128.15144,36.58782],[128.14674,36.59238],[128.14665,36.59248],[128.14651,36.59265],[128.14646,36.59272],[128.14643,36.59281],[128.1464,36.5929],[128.1464,36.59296],[128.14641,36.59303],[128.14645,36.5931],[128.14677,36.5935],[128.14697,36.59373],[128.14888,36.59559],[128.1503,36.59756],[128.15101,36.59899],[128.1512,36.59968],[128.15338,36.60022],[128.15557,36.60113],[128.15623,36.60089],[128.1568,36.6009],[128.15697,36.60087],[128.15725,36.60078],[128.15753,36.60069],[128.1591,36.59995],[128.16002,36.59943],[128.16476,36.59757],[128.16494,36.59763],[128.16523,36.5977],[128.16545,36.59774],[128.16567,36.59776],[128.16612,36.5978],[128.16638,36.5978],[128.16658,36.59778],[128.17153,36.59671],[128.17492,36.59684],[128.17499,36.59688],[128.17509,36.5969],[128.17559,36.59699],[128.17568,36.597],[128.17575,36.597],[128.17583,36.59698],[128.17592,36.59694],[128.17647,36.59664],[128.17657,36.59657],[128.17663,36.59653],[128.17666,36.59649],[128.17731,36.5957],[128.17738,36.59561],[128.17746,36.59549],[128.17752,36.59537]]]]}},{"type":"Feature","properties":{"code":"47250325","name":"사벌국면","parent":"47250"},"geometry":{"type":"MultiPolygon","coordinates":[[[[128.26865,36.53302],[128.26871,36.53214],[128.26872,36.53168],[128.26844,36.52982],[128.2682,36.52909],[128.26805,36.52869],[128.26786,36.52823],[128.26777,36.52805],[128.26766,36.52792],[128.26703,36.52725],[128.2669,36.52709],[128.26596,36.52579],[128.2657,36.52532],[128.26539,36.52456],[128.26526,36.52387],[128.26553,36.52012],[128.26556,36.51987],[128.26564,36.51922],[128.26573,36.51872],[128.26595,36.51747],[128.26612,36.51548],[128.26613,36.51538],[128.26617,36.51451],[128.26615,36.51399],[128.26612,36.5135],[128.26601,36.51268],[128.26587,36.51182],[128.2657,36.51106],[128.26514,36.50968],[128.26501,36.50948],[128.2644,36.50857],[128.2643,36.50834],[128.26424,36.50822],[128.26422,36.50809],[128.26424,36.50795],[128.26431,36.50777],[128.26441,36.50754],[128.26606,36.50482],[128.26669,36.50393],[128.26703,36.50344],[128.26799,36.50186],[128.26824,36.50143],[128.26869,36.50059],[128.26895,36.50008],[128.2692,36.49951],[128.2694,36.49895],[128.26973,36.49802],[128.26989,36.49754],[128.26999,36.4971],[128.27029,36.49542],[128.27062,36.4933],[128.27064,36.49271],[128.27038,36.48435],[128.27034,36.48392],[128.27025,36.48352],[128.27014,36.48322],[128.26991,36.48271],[128.26967,36.48247],[128.26922,36.48207],[128.26879,36.48172],[128.26838,36.4814],[128.26805,36.48116],[128.26746,36.48077],[128.26713,36.48057],[128.26678,36.48041],[128.26628,36.48017],[128.26583,36.47996],[128.26516,36.47972],[128.26449,36.4795],[128.26336,36.47915],[128.26026,36.47828],[128.25894,36.47774],[128.25871,36.47751],[128.25841,36.47718],[128.25824,36.47697],[128.257,36.47502],[128.25661,36.47449],[128.25615,36.47397],[128.25509,36.47274],[128.25469,36.47237],[128.25346,36.47127],[128.25246,36.47044],[128.25192,36.47005],[128.25151,36.46974],[128.24916,36.4682],[128.2478,36.46733],[128.24671,36.46652],[128.24636,36.46622],[128.24615,36.46597],[128.24592,36.46556],[128.24543,36.46454],[128.24496,36.46348],[128.24484,36.46312],[128.24481,36.46286],[128.24478,36.46231],[128.24478,36.46176],[128.24485,36.46131],[128.24496,36.46101],[128.24506,36.46082],[128.24524,36.46064],[128.24601,36.45982],[128.24663,36.45925],[128.24795,36.45829],[128.24806,36.45823],[128.24874,36.45806],[128.24955,36.45792],[128.25075,36.45776],[128.25162,36.45772],[128.25187,36.45773],[128.25148,36.45719],[128.25135,36.45704],[128.25094,36.45666],[128.24852,36.45449],[128.24719,36.45184],[128.24668,36.4489],[128.24494,36.44569],[128.24537,36.44529],[128.24614,36.44455],[128.24688,36.44371],[128.24714,36.44332],[128.24726,36.44304],[128.24609,36.44229],[128.24586,36.44215],[128.24187,36.44014],[128.24148,36.43996],[128.24043,36.43947],[128.24017,36.43936],[128.23996,36.43928],[128.23958,36.43915],[128.23879,36.43886],[128.23797,36.4385],[128.23763,36.4383],[128.2374,36.43815],[128.23606,36.43718],[128.23572,36.43635],[128.23567,36.43627],[128.23561,36.43622],[128.23499,36.43586],[128.23486,36.4358],[128.23457,36.43567],[128.23436,36.43558],[128.23412,36.43554],[128.2332,36.43549],[128.23278,36.43551],[128.23239,36.43553],[128.23192,36.43558],[128.2316,36.43563],[128.23136,36.43569],[128.23104,36.43578],[128.23089,36.43582],[128.23076,36.43591],[128.22943,36.43693],[128.22919,36.43715],[128.22864,36.43772],[128.22846,36.43791],[128.22833,36.438],[128.22816,36.43805],[128.22802,36.43808],[128.22782,36.43808],[128.2276,36.43804],[128.22742,36.43799],[128.22695,36.43786],[128.22668,36.43779],[128.22621,36.43764],[128.22584,36.4375],[128.22461,36.43701],[128.22419,36.43682],[128.22386,36.43667],[128.22328,36.43635],[128.22236,36.43587],[128.22119,36.4354],[128.21819,36.43513],[128.21497,36.43494],[128.21161,36.43569],[128.21091,36.43612],[128.20989,36.43836],[128.2093,36.43963],[128.20848,36.44038],[128.20634,36.44092],[128.20638,36.44223],[128.20642,36.4465],[128.20616,36.44755],[128.20573,36.44844],[128.20562,36.44856],[128.2041,36.45128],[128.20404,36.45293],[128.20399,36.4561],[128.2037,36.45793],[128.20255,36.45822],[128.19903,36.45834],[128.19897,36.45833],[128.19823,36.45818],[128.19637,36.45741],[128.19511,36.45853],[128.1945,36.45894],[128.19153,36.45994],[128.19096,36.46009],[128.19035,36.46022],[128.18991,36.4603],[128.18906,36.46045],[128.18843,36.46052],[128.18795,36.46056],[128.18735,36.46055],[128.1865,36.46054],[128.18211,36.46079],[128.1812,36.46088],[128.18137,36.46244],[128.18064,36.46345],[128.18039,36.46374],[128.17837,36.46576],[128.17825,36.46584],[128.17794,36.46599],[128.17741,36.46619],[128.17715,36.46625],[128.1744,36.46673],[128.17411,36.46678],[128.17396,36.46677],[128.17331,36.46659],[128.16899,36.46649],[128.16765,36.4666],[128.1684,36.46928],[128.16844,36.46996],[128.16844,36.46999],[128.16844,36.47006],[128.16854,36.47074],[128.16888,36.4726],[128.16925,36.47299],[128.16986,36.4732],[128.17058,36.47335],[128.17081,36.47341],[128.17106,36.47355],[128.17233,36.47582],[128.1728,36.47668],[128.17332,36.47793],[128.1737,36.47915],[128.17395,36.48019],[128.17399,36.4808],[128.1737,36.48259],[128.17369,36.48264],[128.17381,36.48433],[128.17383,36.48438],[128.174,36.48473],[128.1742,36.48491],[128.1747,36.48549],[128.17481,36.48572],[128.17556,36.48809],[128.17574,36.48873],[128.17578,36.48986],[128.17758,36.49629],[128.17761,36.49672],[128.17759,36.49697],[128.17754,36.49718],[128.17741,36.49744],[128.17722,36.49772],[128.17704,36.49808],[128.17687,36.49852],[128.17681,36.49908],[128.1768,36.49945],[128.17689,36.49997],[128.177,36.50023],[128.1777,36.50148],[128.17891,36.50291],[128.17896,36.50297],[128.17906,36.50302],[128.17918,36.50308],[128.17931,36.50311],[128.17944,36.50315],[128.18024,36.50331],[128.18072,36.50335],[128.1809,36.50336],[128.18147,36.50343],[128.18165,36.50359],[128.18212,36.50406],[128.1823,36.50433],[128.18242,36.50456],[128.18222,36.50579],[128.18184,36.5069],[128.18147,36.5074],[128.17973,36.50937],[128.17962,36.5095],[128.17957,36.50953],[128.17952,36.50957],[128.17942,36.50963],[128.17935,36.50966],[128.17928,36.5097],[128.17912,36.50975],[128.17883,36.5099],[128.17864,36.51002],[128.17858,36.51009],[128.17852,36.51018],[128.17838,36.51042],[128.1783,36.51063],[128.17823,36.51088],[128.17817,36.51119],[128.17814,36.51141],[128.18029,36.51256],[128.18049,36.51267],[128.18064,36.51279],[128.18178,36.51383],[128.18185,36.5139],[128.18188,36.51396],[128.18199,36.51424],[128.18204,36.51443],[128.18205,36.51452],[128.18204,36.51457],[128.18203,36.51464],[128.18202,36.51467],[128.18198,36.5154],[128.18205,36.51674],[128.18206,36.51679],[128.1821,36.51685],[128.18213,36.5169],[128.18228,36.51704],[128.18238,36.5171],[128.1825,36.51715],[128.18418,36.51781],[128.18567,36.51778],[128.18643,36.51744],[128.18807,36.51647],[128.18824,36.51591],[128.18822,36.51584],[128.18822,36.51577],[128.18823,36.51571],[128.18825,36.51564],[128.18832,36.5155],[128.18834,36.51545],[128.18839,36.51538],[128.18842,36.51535],[128.18846,36.51532],[128.1885,36.5153],[128.18857,36.51529],[128.19535,36.51509],[128.19552,36.51509],[128.1957,36.51511],[128.19592,36.51515],[128.19619,36.51521],[128.19648,36.51527],[128.19658,36.51531],[128.19709,36.51553],[128.1972,36.51558],[128.19754,36.51586],[128.19835,36.51675],[128.19841,36.51683],[128.19845,36.51692],[128.19849,36.51703],[128.19848,36.51712],[128.19841,36.51732],[128.19838,36.51743],[128.19838,36.51746],[128.19838,36.5175],[128.1984,36.51755],[128.19843,36.5176],[128.19847,36.51764],[128.19855,36.51771],[128.19894,36.518],[128.19961,36.51837],[128.19975,36.51844],[128.19986,36.51848],[128.20015,36.51857],[128.20026,36.5186],[128.20037,36.51861],[128.20051,36.51861],[128.20093,36.51861],[128.20108,36.5186],[128.20133,36.51855],[128.20149,36.5185],[128.20459,36.51707],[128.20519,36.51645],[128.20596,36.51582],[128.20727,36.51479],[128.2075,36.51462],[128.20769,36.51451],[128.20799,36.51439],[128.20818,36.51432],[128.20839,36.51429],[128.2088,36.51426],[128.20994,36.51422],[128.21008,36.51422],[128.21216,36.51432],[128.21223,36.51433],[128.21232,36.51437],[128.21237,36.51441],[128.21241,36.51446],[128.21284,36.51507],[128.21364,36.51595],[128.21416,36.51635],[128.21754,36.51737],[128.2179,36.51746],[128.21835,36.51753],[128.21877,36.5176],[128.21884,36.5176],[128.2189,36.51755],[128.21992,36.51627],[128.21999,36.51618],[128.22003,36.51609],[128.22006,36.51597],[128.22031,36.5148],[128.22101,36.51301],[128.22107,36.51289],[128.22111,36.51284],[128.22524,36.51058],[128.22896,36.50878],[128.22925,36.5088],[128.22932,36.50879],[128.22938,36.50877],[128.23006,36.50829],[128.23016,36.50822],[128.23026,36.50812],[128.23032,36.50806],[128.23038,36.50799],[128.23041,36.50791],[128.23127,36.50522],[128.23127,36.50515],[128.23124,36.50506],[128.23115,36.50486],[128.23113,36.50345],[128.23217,36.50236],[128.23228,36.50228],[128.23251,36.50224],[128.23937,36.50245],[128.23964,36.50247],[128.23991,36.50251],[128.2403,36.50264],[128.24276,36.5035],[128.2428,36.50352],[128.24378,36.5041],[128.24384,36.50414],[128.24389,36.50419],[128.24393,36.50426],[128.2443,36.50502],[128.25034,36.50873],[128.25037,36.50876],[128.25046,36.50906],[128.25161,36.51328],[128.25227,36.51648],[128.25217,36.51756],[128.25218,36.51783],[128.25219,36.51793],[128.25221,36.51802],[128.25224,36.5181],[128.25304,36.52014],[128.25311,36.52029],[128.25321,36.52044],[128.25335,36.52061],[128.25392,36.52123],[128.25421,36.5215],[128.25438,36.52167],[128.25439,36.52171],[128.25438,36.52176],[128.25287,36.52387],[128.25279,36.52394],[128.25269,36.524],[128.25256,36.52405],[128.25237,36.52409],[128.25222,36.5241],[128.25179,36.52409],[128.2517,36.52411],[128.2516,36.52414],[128.25149,36.5242],[128.2513,36.5243],[128.2511,36.52445],[128.25097,36.52456],[128.25085,36.5247],[128.2506,36.525],[128.25049,36.52514],[128.25037,36.52533],[128.25008,36.52592],[128.24995,36.52621],[128.24993,36.52631],[128.24993,36.52639],[128.24995,36.52648],[128.24997,36.52657],[128.25006,36.52677],[128.25022,36.52706],[128.25036,36.52728],[128.25048,36.52745],[128.25119,36.52822],[128.25173,36.52863],[128.25199,36.52881],[128.25324,36.52962],[128.25397,36.53004],[128.25486,36.53034],[128.25481,36.531],[128.25458,36.53102],[128.25298,36.53109],[128.25243,36.53109],[128.24827,36.53097],[128.24818,36.53284],[128.24881,36.53316],[128.24921,36.53331],[128.25041,36.53366],[128.25136,36.53392],[128.25188,36.53404],[128.25216,36.53409],[128.25282,36.53416],[128.25325,36.53419],[128.25369,36.53419],[128.25405,36.53417],[128.25435,36.53415],[128.2546,36.53411],[128.2549,36.53405],[128.25516,36.53398],[128.25562,36.53382],[128.25654,36.53344],[128.257,36.53325],[128.25907,36.53232],[128.25959,36.53231],[128.26286,36.53229],[128.26336,36.53231],[128.26456,36.53241],[128.26488,36.53245],[128.26517,36.53253],[128.2656,36.53266],[128.26596,36.53275],[128.26656,36.53287],[128.26774,36.53295],[128.26865,36.53302]]]]}},{"type":"Feature","properties":{"code":"47250310","name":"중동면","parent":"47250"},"geometry":{"type":"MultiPolygon","coordinates":[[[[128.31289,36.4564],[128.3144,36.45386],[128.31845,36.4476],[128.32088,36.44651],[128.32133,36.4465],[128.32152,36.44648],[128.32182,36.44641],[128.32205,36.44633],[128.32231,36.44621],[128.32239,36.44616],[128.32256,36.44605],[128.32279,36.44589],[128.32306,36.44554],[128.32535,36.44192],[128.3254,36.44183],[128.32596,36.44003],[128.32622,36.43799],[128.32584,36.43668],[128.32573,36.4366],[128.32559,36.43648],[128.32463,36.4357],[128.32443,36.4355],[128.32431,36.43535],[128.32219,36.43256],[128.3221,36.43193],[128.32282,36.42833],[128.32292,36.42781],[128.32295,36.42773],[128.32301,36.42762],[128.32304,36.42759],[128.32339,36.42728],[128.32368,36.42705],[128.32682,36.42503],[128.33017,36.42269],[128.33208,36.42125],[128.33336,36.41957],[128.33266,36.41914],[128.33261,36.4191],[128.33236,36.41877],[128.33234,36.41867],[128.33266,36.41574],[128.33294,36.414],[128.33329,36.41186],[128.33333,36.41176],[128.33373,36.41108],[128.33393,36.41079],[128.33402,36.41069],[128.33413,36.41062],[128.3342,36.41059],[128.33592,36.40975],[128.33638,36.40938],[128.3367,36.40911],[128.33706,36.4088],[128.33731,36.40856],[128.33867,36.40715],[128.33892,36.40682],[128.33906,36.40662],[128.33914,36.40646],[128.33925,36.4061],[128.33928,36.4059],[128.33929,36.40572],[128.33927,36.40546],[128.33922,36.4052],[128.33918,36.4051],[128.33794,36.40289],[128.33785,36.40279],[128.33767,36.40271],[128.33745,36.40269],[128.33715,36.40265],[128.33692,36.40258],[128.33559,36.40196],[128.33327,36.40024],[128.33275,36.39936],[128.33267,36.39923],[128.33266,36.39914],[128.33305,36.39862],[128.33331,36.39839],[128.33343,36.39827],[128.33347,36.39817],[128.33349,36.39805],[128.33344,36.39787],[128.33241,36.39545],[128.32825,36.38839],[128.32656,36.38608],[128.32647,36.38605],[128.32484,36.38572],[128.32464,36.3857],[128.32447,36.38569],[128.32333,36.38564],[128.32302,36.38571],[128.3228,36.38578],[128.32207,36.38609],[128.32179,36.38622],[128.32167,36.3863],[128.32157,36.38639],[128.32147,36.38648],[128.32125,36.38664],[128.32105,36.38674],[128.3208,36.38683],[128.32038,36.38695],[128.32007,36.387],[128.31993,36.38699],[128.31821,36.38683],[128.31774,36.38678],[128.3181,36.38902],[128.31636,36.39448],[128.31622,36.39488],[128.316,36.39547],[128.31586,36.39573],[128.3155,36.39629],[128.31506,36.39696],[128.31255,36.39961],[128.3121,36.40003],[128.31208,36.40005],[128.30889,36.40294],[128.30799,36.40337],[128.30236,36.4056],[128.3016,36.40587],[128.30106,36.40597],[128.30047,36.40595],[128.29997,36.40584],[128.29963,36.40576],[128.29929,36.40567],[128.29883,36.4055],[128.29661,36.40453],[128.29626,36.40435],[128.29477,36.40323],[128.29439,36.40294],[128.29329,36.40199],[128.29083,36.40024],[128.2894,36.39942],[128.28681,36.39823],[128.28514,36.39767],[128.28198,36.39703],[128.28025,36.39691],[128.2786,36.39689],[128.27742,36.39688],[128.27737,36.39688],[128.27698,36.39697],[128.27656,36.3971],[128.27611,36.39728],[128.27557,36.39755],[128.27461,36.39821],[128.27386,36.39898],[128.27373,36.39915],[128.27269,36.40064],[128.27257,36.40083],[128.27243,36.4013],[128.27225,36.40218],[128.27214,36.4028],[128.27213,36.40294],[128.27203,36.40325],[128.27184,36.40377],[128.27151,36.4043],[128.27071,36.40552],[128.27,36.40637],[128.26921,36.40718],[128.26861,36.40765],[128.26731,36.40854],[128.26617,36.40919],[128.26584,36.40933],[128.26481,36.40966],[128.26407,36.40979],[128.26286,36.40986],[128.26097,36.40986],[128.25945,36.40983],[128.2583,36.40978],[128.2576,36.40975],[128.25566,36.40969],[128.25482,36.40968],[128.25168,36.40975],[128.24972,36.40984],[128.24892,36.40988],[128.2483,36.40992],[128.24807,36.40995],[128.2478,36.40997],[128.24666,36.41007],[128.246,36.41014],[128.24554,36.41023],[128.24526,36.41031],[128.24489,36.41041],[128.24447,36.41055],[128.24415,36.41067],[128.24389,36.41078],[128.24299,36.41119],[128.24218,36.41164],[128.24048,36.41263],[128.23987,36.41302],[128.23916,36.41351],[128.23867,36.41386],[128.23783,36.41453],[128.23752,36.4148],[128.23724,36.41507],[128.23697,36.41538],[128.23683,36.41555],[128.2363,36.41626],[128.23615,36.41646],[128.2359,36.41683],[128.23569,36.4172],[128.23539,36.41779],[128.23516,36.41838],[128.23501,36.4188],[128.23494,36.419],[128.23485,36.41939],[128.23474,36.41983],[128.23467,36.42015],[128.23458,36.42059],[128.23447,36.42125],[128.23442,36.42184],[128.23439,36.42228],[128.23438,36.42269],[128.2344,36.42324],[128.23445,36.4238],[128.23452,36.42431],[128.23551,36.42898],[128.23558,36.42932],[128.23573,36.42991],[128.2359,36.4304],[128.23602,36.43075],[128.23617,36.43112],[128.23651,36.4317],[128.23684,36.43219],[128.23727,36.43272],[128.2375,36.43296],[128.23777,36.43323],[128.23861,36.43382],[128.23937,36.4343],[128.23967,36.43442],[128.24096,36.43448],[128.24331,36.43433],[128.24362,36.43426],[128.24549,36.43384],[128.2472,36.43316],[128.24768,36.43297],[128.25222,36.43299],[128.25423,36.43412],[128.25568,36.43545],[128.25668,36.43716],[128.25874,36.44046],[128.25897,36.44094],[128.25946,36.44198],[128.26201,36.44762],[128.26126,36.44934],[128.25896,36.45356],[128.25746,36.45618],[128.25603,36.45708],[128.25562,36.45733],[128.25436,36.4576],[128.25187,36.45773],[128.25162,36.45772],[128.25075,36.45776],[128.24955,36.45792],[128.24874,36.45806],[128.24806,36.45823],[128.24795,36.45829],[128.24663,36.45925],[128.24601,36.45982],[128.24524,36.46064],[128.24506,36.46082],[128.24496,36.46101],[128.24485,36.46131],[128.24478,36.46176],[128.24478,36.46231],[128.24481,36.46286],[128.24484,36.46312],[128.24496,36.46348],[128.24543,36.46454],[128.24592,36.46556],[128.24615,36.46597],[128.24636,36.46622],[128.24671,36.46652],[128.2478,36.46733],[128.24916,36.4682],[128.25151,36.46974],[128.25192,36.47005],[128.25246,36.47044],[128.25346,36.47127],[128.25469,36.47237],[128.25509,36.47274],[128.25615,36.47397],[128.25661,36.47449],[128.257,36.47502],[128.25824,36.47697],[128.25841,36.47718],[128.25871,36.47751],[128.25894,36.47774],[128.26026,36.47828],[128.26132,36.47779],[128.26322,36.47677],[128.26454,36.47629],[128.26531,36.47613],[128.26733,36.47732],[128.26835,36.47737],[128.27033,36.47696],[128.27806,36.47249],[128.27845,36.46942],[128.27842,36.46931],[128.2784,36.4692],[128.27839,36.46908],[128.27839,36.46899],[128.2784,36.46882],[128.27859,36.46681],[128.27863,36.46652],[128.27915,36.4647],[128.27917,36.46465],[128.27922,36.46459],[128.27926,36.46454],[128.27985,36.46405],[128.27989,36.46402],[128.27998,36.46397],[128.2803,36.46382],[128.28053,36.46372],[128.28149,36.46341],[128.28248,36.46314],[128.28413,36.46273],[128.28473,36.4626],[128.28917,36.46233],[128.29239,36.46416],[128.29246,36.46424],[128.29258,36.46431],[128.29284,36.46441],[128.29327,36.46457],[128.29386,36.46478],[128.29411,36.46485],[128.29442,36.46491],[128.2947,36.46495],[128.29483,36.46494],[128.29491,36.46492],[128.29581,36.4647],[128.2959,36.46467],[128.29605,36.46462],[128.29902,36.46341],[128.29912,36.46336],[128.29919,36.46328],[128.2993,36.46312],[128.30031,36.46172],[128.30427,36.45785],[128.30457,36.45757],[128.30485,36.45735],[128.30509,36.45721],[128.30566,36.45689],[128.3062,36.45664],[128.3065,36.45651],[128.30961,36.45551],[128.30992,36.45541],[128.31017,36.45537],[128.31033,36.45536],[128.31063,36.45538],[128.31086,36.45541],[128.31109,36.45549],[128.31148,36.45564],[128.31165,36.45572],[128.31278,36.45632],[128.31289,36.4564]]]]}},{"type":"Feature","properties":{"code":"47250330","name":"낙동면","parent":"47250"},"geometry":{"type":"MultiPolygon","coordinates":[[[[128.23777,36.43323],[128.2375,36.43296],[128.23727,36.43272],[128.23684,36.43219],[128.23651,36.4317],[128.23617,36.43112],[128.23602,36.43075],[128.2359,36.4304],[128.23573,36.42991],[128.23558,36.42932],[128.23551,36.42898],[128.23452,36.42431],[128.23445,36.4238],[128.2344,36.42324],[128.23438,36.42269],[128.23439,36.42228],[128.23442,36.42184],[128.23447,36.42125],[128.23458,36.42059],[128.23467,36.42015],[128.23474,36.41983],[128.23485,36.41939],[128.23494,36.419],[128.23501,36.4188],[128.23516,36.41838],[128.23539,36.41779],[128.23569,36.4172],[128.2359,36.41683],[128.23615,36.41646],[128.2363,36.41626],[128.23683,36.41555],[128.23697,36.41538],[128.23724,36.41507],[128.23752,36.4148],[128.23783,36.41453],[128.23867,36.41386],[128.23916,36.41351],[128.23987,36.41302],[128.24048,36.41263],[128.24218,36.41164],[128.24299,36.41119],[128.24389,36.41078],[128.24415,36.41067],[128.24447,36.41055],[128.24489,36.41041],[128.24526,36.41031],[128.24554,36.41023],[128.246,36.41014],[128.24666,36.41007],[128.2478,36.40997],[128.24807,36.40995],[128.2483,36.40992],[128.24892,36.40988],[128.24972,36.40984],[128.25168,36.40975],[128.25482,36.40968],[128.25566,36.40969],[128.2576,36.40975],[128.2583,36.40978],[128.25945,36.40983],[128.26097,36.40986],[128.26286,36.40986],[128.26407,36.40979],[128.26481,36.40966],[128.26584,36.40933],[128.26617,36.40919],[128.26731,36.40854],[128.26861,36.40765],[128.26921,36.40718],[128.27,36.40637],[128.27071,36.40552],[128.27151,36.4043],[128.27184,36.40377],[128.27203,36.40325],[128.27213,36.40294],[128.27214,36.4028],[128.27225,36.40218],[128.27243,36.4013],[128.27257,36.40083],[128.27269,36.40064],[128.27373,36.39915],[128.27386,36.39898],[128.27461,36.39821],[128.27557,36.39755],[128.27611,36.39728],[128.27656,36.3971],[128.27698,36.39697],[128.27737,36.39688],[128.27742,36.39688],[128.2786,36.39689],[128.28025,36.39691],[128.28198,36.39703],[128.28514,36.39767],[128.28681,36.39823],[128.2894,36.39942],[128.29083,36.40024],[128.29329,36.40199],[128.29439,36.40294],[128.29477,36.40323],[128.29626,36.40435],[128.29661,36.40453],[128.29883,36.4055],[128.29929,36.40567],[128.29963,36.40576],[128.29997,36.40584],[128.30047,36.40595],[128.30106,36.40597],[128.3016,36.40587],[128.30236,36.4056],[128.30799,36.40337],[128.30889,36.40294],[128.31208,36.40005],[128.3121,36.40003],[128.31255,36.39961],[128.31506,36.39696],[128.3155,36.39629],[128.31586,36.39573],[128.316,36.39547],[128.31622,36.39488],[128.31636,36.39448],[128.3181,36.38902],[128.31774,36.38678],[128.31753,36.38592],[128.31701,36.3846],[128.31606,36.38325],[128.31566,36.38279],[128.31557,36.38267],[128.31505,36.38208],[128.31473,36.38173],[128.31339,36.37962],[128.31174,36.37684],[128.31153,36.37643],[128.31137,36.37576],[128.31133,36.37522],[128.31134,36.37431],[128.31148,36.37202],[128.31171,36.37054],[128.312,36.36907],[128.31212,36.36833],[128.31217,36.3676],[128.31216,36.36703],[128.31216,36.36652],[128.31191,36.36495],[128.3117,36.36391],[128.31148,36.36331],[128.31114,36.36266],[128.31042,36.36169],[128.3099,36.36103],[128.30954,36.36071],[128.30907,36.36041],[128.30859,36.36019],[128.30795,36.36001],[128.3065,36.35957],[128.30529,36.35917],[128.30487,36.35903],[128.30445,36.35888],[128.30254,36.35811],[128.297,36.35549],[128.29322,36.35347],[128.29185,36.35273],[128.28405,36.34725],[128.28377,36.34739],[128.2831,36.34769],[128.28072,36.34824],[128.27745,36.35012],[128.27735,36.35019],[128.27726,36.35026],[128.27714,36.3504],[128.27707,36.35054],[128.27704,36.35067],[128.27704,36.35089],[128.27706,36.35116],[128.27708,36.35129],[128.27716,36.35172],[128.27722,36.35192],[128.27731,36.35206],[128.27746,36.35225],[128.27761,36.35256],[128.2778,36.35294],[128.27822,36.35386],[128.27848,36.35496],[128.2784,36.35519],[128.27778,36.3569],[128.27774,36.35701],[128.2776,36.35726],[128.27754,36.35735],[128.27602,36.35929],[128.27594,36.35938],[128.27449,36.36036],[128.27432,36.36048],[128.27412,36.3606],[128.274,36.36066],[128.27361,36.36081],[128.27259,36.36115],[128.2722,36.36157],[128.27197,36.36178],[128.27187,36.36185],[128.27173,36.36188],[128.26947,36.36243],[128.26939,36.36241],[128.26786,36.36165],[128.26779,36.3616],[128.26499,36.36155],[128.26489,36.36156],[128.26243,36.36181],[128.26179,36.36186],[128.25934,36.36191],[128.25909,36.36191],[128.25883,36.3619],[128.25624,36.36175],[128.25529,36.36153],[128.25521,36.3615],[128.25339,36.36044],[128.25329,36.36037],[128.25098,36.35702],[128.25092,36.35692],[128.25092,36.35682],[128.25128,36.35556],[128.25179,36.35474],[128.2519,36.35457],[128.25198,36.35437],[128.2521,36.35407],[128.25215,36.35387],[128.25216,36.3537],[128.25214,36.35343],[128.2521,36.35325],[128.25142,36.35175],[128.25037,36.35164],[128.25027,36.35164],[128.25005,36.3516],[128.24954,36.3515],[128.24934,36.35144],[128.2478,36.35094],[128.24767,36.35088],[128.24734,36.35069],[128.2472,36.35061],[128.24702,36.3505],[128.24688,36.35039],[128.2468,36.35034],[128.24669,36.35025],[128.24662,36.3502],[128.24655,36.35013],[128.24594,36.34946],[128.24055,36.3445],[128.2395,36.34363],[128.23801,36.34224],[128.23792,36.34214],[128.23711,36.34103],[128.23704,36.34093],[128.237,36.34085],[128.23696,36.34078],[128.23695,36.34072],[128.2367,36.33993],[128.23378,36.3354],[128.23371,36.33529],[128.23367,36.33524],[128.23363,36.33521],[128.23356,36.33518],[128.23345,36.33513],[128.23324,36.33507],[128.23277,36.33496],[128.23264,36.33495],[128.23256,36.33494],[128.23248,36.33494],[128.23244,36.33493],[128.23237,36.3349],[128.2323,36.33486],[128.23218,36.33479],[128.23213,36.33475],[128.23204,36.33466],[128.23195,36.33455],[128.23187,36.33444],[128.23169,36.33415],[128.23155,36.33392],[128.2315,36.33384],[128.23148,36.33378],[128.23005,36.32979],[128.23001,36.32968],[128.23001,36.32963],[128.23001,36.32944],[128.23003,36.32933],[128.23009,36.32923],[128.23014,36.32918],[128.23024,36.32913],[128.23037,36.32907],[128.23054,36.32898],[128.23066,36.32891],[128.23079,36.32883],[128.2309,36.32876],[128.23105,36.32864],[128.23109,36.3286],[128.23114,36.32855],[128.23121,36.32847],[128.23124,36.32839],[128.23154,36.32749],[128.23173,36.32619],[128.23199,36.32421],[128.23199,36.32408],[128.23198,36.32393],[128.23196,36.32387],[128.23193,36.32383],[128.23107,36.32278],[128.23057,36.32042],[128.23056,36.32039],[128.23057,36.32036],[128.2309,36.3189],[128.23093,36.31879],[128.23094,36.31876],[128.231,36.3187],[128.23107,36.31862],[128.23145,36.31824],[128.23149,36.31821],[128.23094,36.3146],[128.23008,36.31213],[128.22863,36.30858],[128.2286,36.30853],[128.22859,36.30849],[128.22859,36.30846],[128.22858,36.30842],[128.22857,36.30799],[128.22857,36.30791],[128.22858,36.30788],[128.2287,36.30725],[128.22871,36.3072],[128.22874,36.30717],[128.22887,36.30709],[128.22892,36.30706],[128.22897,36.30705],[128.22912,36.30698],[128.22931,36.30689],[128.22934,36.30687],[128.22937,36.30684],[128.2294,36.30679],[128.22942,36.30677],[128.22942,36.30674],[128.22935,36.30505],[128.22934,36.30499],[128.22931,36.30485],[128.22923,36.30457],[128.2292,36.30445],[128.22918,36.30439],[128.22914,36.30434],[128.2291,36.30428],[128.22873,36.30394],[128.22855,36.30377],[128.22846,36.30372],[128.22807,36.30358],[128.228,36.30355],[128.22795,36.30354],[128.22766,36.30355],[128.226,36.30373],[128.22593,36.30376],[128.22588,36.30379],[128.22581,36.30386],[128.22576,36.30392],[128.22538,36.30462],[128.22513,36.30509],[128.22501,36.30538],[128.22472,36.30599],[128.22468,36.30605],[128.22464,36.3061],[128.22458,36.30614],[128.22449,36.30619],[128.22439,36.30624],[128.22314,36.30674],[128.22291,36.30682],[128.2228,36.30685],[128.22256,36.30691],[128.21959,36.30724],[128.2194,36.30723],[128.21861,36.30714],[128.21855,36.30713],[128.21851,36.30711],[128.21331,36.30539],[128.21286,36.30518],[128.21264,36.30506],[128.21258,36.30501],[128.21254,36.30496],[128.21248,36.30482],[128.21245,36.30474],[128.21243,36.30467],[128.21241,36.30447],[128.21236,36.30403],[128.21232,36.30394],[128.21225,36.30386],[128.21191,36.30346],[128.21168,36.30321],[128.20993,36.30143],[128.2099,36.30139],[128.20706,36.29902],[128.20695,36.29894],[128.20688,36.2989],[128.20676,36.29886],[128.20144,36.2981],[128.20071,36.29808],[128.20061,36.29808],[128.20051,36.29808],[128.20039,36.29808],[128.19919,36.2982],[128.19546,36.29967],[128.19012,36.30058],[128.18954,36.30065],[128.1881,36.30004],[128.18753,36.29914],[128.1863,36.29825],[128.18533,36.29763],[128.18487,36.29738],[128.18479,36.29734],[128.1847,36.29732],[128.18461,36.29732],[128.18453,36.29733],[128.18412,36.29745],[128.18216,36.29789],[128.17968,36.29843],[128.17962,36.29844],[128.17834,36.29813],[128.17823,36.29809],[128.1781,36.29802],[128.17803,36.29796],[128.17785,36.29783],[128.17757,36.29765],[128.1772,36.29744],[128.17708,36.29743],[128.17701,36.29744],[128.17697,36.29744],[128.17686,36.29748],[128.17679,36.29751],[128.17318,36.2992],[128.17239,36.29976],[128.17335,36.30065],[128.17342,36.30072],[128.17461,36.30214],[128.17454,36.3024],[128.17451,36.30252],[128.1745,36.30261],[128.17452,36.30268],[128.17457,36.30281],[128.17685,36.30698],[128.17688,36.30701],[128.17703,36.30703],[128.17739,36.30706],[128.1778,36.30709],[128.17823,36.30716],[128.17838,36.3072],[128.17861,36.30727],[128.17877,36.30737],[128.17898,36.30753],[128.17906,36.30762],[128.17914,36.30773],[128.17919,36.30784],[128.17962,36.30886],[128.17966,36.30901],[128.17974,36.3093],[128.17975,36.30937],[128.18004,36.31076],[128.18003,36.31095],[128.17994,36.31114],[128.17983,36.31123],[128.17964,36.31138],[128.17959,36.31145],[128.17947,36.31173],[128.17941,36.3119],[128.17937,36.31218],[128.17936,36.31232],[128.17935,36.31274],[128.17935,36.31283],[128.17957,36.31373],[128.1796,36.31383],[128.18023,36.31657],[128.18069,36.31868],[128.18073,36.31885],[128.18125,36.32198],[128.18125,36.32207],[128.18125,36.32217],[128.1812,36.32225],[128.18111,36.32238],[128.18091,36.32253],[128.18082,36.32257],[128.18067,36.32261],[128.1804,36.3227],[128.18006,36.32284],[128.17992,36.32292],[128.17977,36.32306],[128.17895,36.32385],[128.17769,36.32533],[128.17596,36.32819],[128.17536,36.32994],[128.17536,36.33],[128.17532,36.33034],[128.17527,36.33068],[128.17508,36.33169],[128.17503,36.33185],[128.17484,36.33231],[128.17477,36.33246],[128.17467,36.33265],[128.17462,36.33271],[128.17459,36.33275],[128.17451,36.33281],[128.17443,36.33289],[128.17434,36.33295],[128.17429,36.33298],[128.17491,36.33541],[128.17519,36.3364],[128.17524,36.33647],[128.17591,36.33714],[128.17599,36.3372],[128.17608,36.33726],[128.1762,36.33731],[128.17744,36.33781],[128.17752,36.33784],[128.17763,36.33787],[128.1778,36.33791],[128.17796,36.33792],[128.1784,36.33788],[128.17858,36.33785],[128.17886,36.33784],[128.17908,36.33783],[128.17927,36.33783],[128.1799,36.33786],[128.18189,36.33801],[128.18272,36.33809],[128.18402,36.33822],[128.18446,36.33827],[128.18533,36.3384],[128.18555,36.33845],[128.18672,36.33898],[128.18677,36.339],[128.18679,36.33905],[128.18682,36.33927],[128.18682,36.33931],[128.18682,36.33939],[128.18678,36.33956],[128.18658,36.34041],[128.18873,36.34619],[128.18887,36.34731],[128.18887,36.34741],[128.18885,36.34748],[128.18882,36.34751],[128.18839,36.34789],[128.18834,36.34793],[128.18825,36.34795],[128.18713,36.34826],[128.18581,36.34868],[128.18573,36.34871],[128.18571,36.34875],[128.18306,36.35322],[128.1826,36.35423],[128.18255,36.3544],[128.18254,36.35465],[128.18255,36.35481],[128.18259,36.35502],[128.18269,36.35537],[128.18286,36.35596],[128.18296,36.35619],[128.18313,36.35658],[128.18345,36.35754],[128.1835,36.35771],[128.18351,36.35781],[128.18355,36.35935],[128.18354,36.35951],[128.1835,36.35968],[128.18309,36.36069],[128.1858,36.3611],[128.18819,36.36175],[128.19014,36.36233],[128.19026,36.36237],[128.19032,36.3624],[128.19043,36.36251],[128.191,36.36318],[128.1911,36.3633],[128.19118,36.36343],[128.19121,36.36354],[128.19122,36.36459],[128.1912,36.36468],[128.19119,36.36473],[128.19116,36.3648],[128.19083,36.36541],[128.18991,36.36777],[128.18891,36.37056],[128.18934,36.37282],[128.19088,36.37586],[128.19274,36.37928],[128.19291,36.37949],[128.19332,36.38001],[128.19371,36.38061],[128.19376,36.38072],[128.19386,36.38093],[128.1939,36.38104],[128.19392,36.38114],[128.19391,36.38127],[128.19389,36.38135],[128.19366,36.38201],[128.19338,36.38316],[128.19336,36.38329],[128.19336,36.38342],[128.19336,36.3835],[128.19337,36.38356],[128.19343,36.3837],[128.19363,36.38418],[128.19367,36.38426],[128.1938,36.38437],[128.19409,36.38451],[128.19517,36.38505],[128.19542,36.38517],[128.19575,36.38528],[128.1959,36.3853],[128.19622,36.3853],[128.19661,36.3853],[128.19668,36.38531],[128.19674,36.38532],[128.1968,36.38536],[128.19685,36.38542],[128.1969,36.38551],[128.19761,36.38746],[128.1978,36.38834],[128.19779,36.389],[128.19774,36.38914],[128.19761,36.38959],[128.1976,36.38965],[128.1976,36.3897],[128.19762,36.38977],[128.19771,36.3899],[128.1978,36.39],[128.19942,36.39113],[128.19958,36.39123],[128.20099,36.39194],[128.20111,36.39199],[128.20124,36.39204],[128.20146,36.39209],[128.20163,36.39212],[128.20182,36.39214],[128.20216,36.39215],[128.20238,36.39215],[128.20272,36.39219],[128.20316,36.39227],[128.20327,36.39231],[128.20332,36.39235],[128.20361,36.39337],[128.20368,36.39368],[128.20371,36.39383],[128.20373,36.39417],[128.2037,36.39442],[128.20348,36.3956],[128.20344,36.39567],[128.2033,36.39583],[128.20325,36.39592],[128.20325,36.39596],[128.20326,36.39607],[128.2033,36.39618],[128.2034,36.39638],[128.20397,36.39758],[128.20629,36.39991],[128.20641,36.40001],[128.20651,36.40007],[128.20674,36.40015],[128.20702,36.40022],[128.20726,36.40025],[128.20746,36.40027],[128.20755,36.40028],[128.20774,36.40039],[128.20784,36.40046],[128.20897,36.4015],[128.20901,36.40155],[128.20916,36.40198],[128.21142,36.40182],[128.21471,36.40228],[128.21828,36.40414],[128.21838,36.40422],[128.22016,36.40585],[128.22018,36.40592],[128.22019,36.40595],[128.22019,36.40632],[128.22016,36.40686],[128.22013,36.40692],[128.22008,36.40698],[128.21994,36.40705],[128.21982,36.40709],[128.21972,36.40712],[128.21948,36.40713],[128.21922,36.40713],[128.21906,36.40715],[128.21898,36.40718],[128.21868,36.40744],[128.21855,36.40758],[128.21844,36.40774],[128.21837,36.40788],[128.21774,36.40935],[128.21775,36.40945],[128.21796,36.41145],[128.21832,36.4124],[128.21867,36.41324],[128.22114,36.42222],[128.22121,36.42237],[128.22145,36.42268],[128.22174,36.42305],[128.22182,36.42312],[128.22186,36.42313],[128.22195,36.42313],[128.22209,36.42309],[128.22234,36.42302],[128.22262,36.42292],[128.2228,36.42284],[128.22311,36.4227],[128.22329,36.42261],[128.22358,36.42253],[128.22392,36.42245],[128.22411,36.4224],[128.22418,36.42239],[128.22426,36.4224],[128.22433,36.42242],[128.22703,36.42336],[128.2271,36.42339],[128.22716,36.42345],[128.22718,36.42352],[128.22824,36.4266],[128.22879,36.42867],[128.22877,36.42882],[128.22878,36.42889],[128.22884,36.42898],[128.22918,36.42938],[128.23026,36.43064],[128.23039,36.43077],[128.23055,36.43092],[128.2307,36.431],[128.23445,36.43302],[128.23463,36.4331],[128.23478,36.43314],[128.23504,36.43319],[128.23559,36.43325],[128.23601,36.4333],[128.2363,36.43331],[128.23658,36.43332],[128.23684,36.43331],[128.23729,36.43327],[128.23733,36.43327],[128.23777,36.43323]]]]}},{"type":"Feature","properties":{"code":"47250340","name":"청리면","parent":"47250"},"geometry":{"type":"MultiPolygon","coordinates":[[[[128.17429,36.33298],[128.17434,36.33295],[128.17443,36.33289],[128.17451,36.33281],[128.17459,36.33275],[128.17462,36.33271],[128.17467,36.33265],[128.17477,36.33246],[128.17484,36.33231],[128.17503,36.33185],[128.17508,36.33169],[128.17527,36.33068],[128.17532,36.33034],[128.17536,36.33],[128.17536,36.32994],[128.17596,36.32819],[128.17769,36.32533],[128.17895,36.32385],[128.17977,36.32306],[128.17992,36.32292],[128.18006,36.32284],[128.1804,36.3227],[128.18067,36.32261],[128.18082,36.32257],[128.18091,36.32253],[128.18111,36.32238],[128.1812,36.32225],[128.18125,36.32217],[128.18125,36.32207],[128.18125,36.32198],[128.18073,36.31885],[128.18069,36.31868],[128.18023,36.31657],[128.1796,36.31383],[128.17957,36.31373],[128.17935,36.31283],[128.17935,36.31274],[128.17936,36.31232],[128.17937,36.31218],[128.17941,36.3119],[128.17947,36.31173],[128.17959,36.31145],[128.17964,36.31138],[128.17983,36.31123],[128.17994,36.31114],[128.18003,36.31095],[128.18004,36.31076],[128.17975,36.30937],[128.17974,36.3093],[128.17966,36.30901],[128.17962,36.30886],[128.17919,36.30784],[128.17914,36.30773],[128.17906,36.30762],[128.17898,36.30753],[128.17877,36.30737],[128.17861,36.30727],[128.17838,36.3072],[128.17823,36.30716],[128.1778,36.30709],[128.17739,36.30706],[128.17703,36.30703],[128.17688,36.30701],[128.17685,36.30698],[128.17457,36.30281],[128.17452,36.30268],[128.1745,36.30261],[128.17451,36.30252],[128.17454,36.3024],[128.17461,36.30214],[128.17342,36.30072],[128.17335,36.30065],[128.17239,36.29976],[128.17205,36.29982],[128.17078,36.29996],[128.17063,36.29997],[128.17052,36.29996],[128.16941,36.29967],[128.16925,36.29959],[128.16901,36.29944],[128.16886,36.29933],[128.16881,36.29925],[128.16878,36.29915],[128.16879,36.299],[128.16878,36.29892],[128.16875,36.29884],[128.1687,36.29878],[128.16767,36.29797],[128.1676,36.29793],[128.16657,36.29731],[128.1664,36.29723],[128.16627,36.29718],[128.1661,36.29715],[128.16481,36.29697],[128.16464,36.29696],[128.16452,36.29697],[128.16436,36.29701],[128.16421,36.29707],[128.16399,36.29716],[128.16374,36.29728],[128.16356,36.29738],[128.16241,36.29743],[128.1554,36.29523],[128.15481,36.29485],[128.15474,36.2948],[128.15443,36.29429],[128.15426,36.29429],[128.15372,36.29431],[128.15361,36.29433],[128.15265,36.29462],[128.15088,36.29569],[128.1508,36.29575],[128.14968,36.29671],[128.14954,36.29684],[128.14732,36.29813],[128.14522,36.29858],[128.14147,36.29999],[128.13978,36.30065],[128.13967,36.30069],[128.13961,36.30076],[128.13956,36.30089],[128.13954,36.30107],[128.13954,36.30129],[128.13959,36.30153],[128.13958,36.30165],[128.13955,36.30173],[128.13948,36.30183],[128.13937,36.30193],[128.13593,36.30396],[128.13586,36.304],[128.13577,36.30404],[128.13487,36.30422],[128.13476,36.30422],[128.13464,36.30417],[128.13422,36.30401],[128.13394,36.30391],[128.13373,36.30384],[128.13355,36.30378],[128.13278,36.30361],[128.13269,36.30361],[128.13236,36.30373],[128.13063,36.30432],[128.1306,36.30434],[128.13055,36.30437],[128.13052,36.30439],[128.13049,36.30444],[128.1304,36.30461],[128.1303,36.30487],[128.13026,36.30498],[128.13023,36.30507],[128.13022,36.30514],[128.13022,36.30517],[128.13023,36.3052],[128.13027,36.30529],[128.13033,36.30541],[128.13034,36.30544],[128.13037,36.30557],[128.13031,36.3063],[128.13026,36.3064],[128.1266,36.30956],[128.12651,36.3096],[128.12581,36.30958],[128.12568,36.30956],[128.12561,36.30954],[128.12555,36.3095],[128.12535,36.30939],[128.12517,36.30931],[128.12478,36.30917],[128.12463,36.30914],[128.12449,36.30913],[128.12417,36.30917],[128.1225,36.30938],[128.12186,36.30947],[128.12125,36.30959],[128.12082,36.3097],[128.12031,36.30991],[128.11976,36.31021],[128.11931,36.31062],[128.11904,36.31107],[128.11872,36.31206],[128.11809,36.31367],[128.11787,36.3139],[128.11753,36.31402],[128.11704,36.31407],[128.11622,36.31408],[128.11577,36.3139],[128.11558,36.31368],[128.11525,36.31312],[128.11484,36.31268],[128.11438,36.31234],[128.11388,36.31212],[128.11256,36.31158],[128.10979,36.31086],[128.10891,36.31121],[128.10666,36.30921],[128.10314,36.30673],[128.09692,36.30743],[128.09628,36.30754],[128.09601,36.30767],[128.09566,36.30798],[128.09542,36.30833],[128.09509,36.309],[128.09379,36.31317],[128.09364,36.31365],[128.09358,36.3146],[128.09145,36.32308],[128.09145,36.3236],[128.09145,36.32454],[128.09122,36.32528],[128.09085,36.32583],[128.09065,36.326],[128.0931,36.32807],[128.09721,36.3309],[128.09803,36.33144],[128.09878,36.33218],[128.09931,36.33292],[128.09973,36.33354],[128.10012,36.33451],[128.1002,36.33489],[128.10024,36.33548],[128.10084,36.33751],[128.10207,36.34148],[128.10276,36.34319],[128.10305,36.34373],[128.10353,36.34462],[128.10415,36.34533],[128.10427,36.34563],[128.10424,36.34575],[128.10423,36.34578],[128.10394,36.34603],[128.10364,36.34628],[128.10253,36.34695],[128.10196,36.3474],[128.1018,36.34767],[128.10166,36.34796],[128.10168,36.34836],[128.10186,36.34924],[128.10219,36.35025],[128.10273,36.35097],[128.10286,36.35113],[128.10398,36.35251],[128.10365,36.35305],[128.10293,36.3543],[128.10251,36.35555],[128.1025,36.35568],[128.10254,36.35574],[128.10419,36.35731],[128.10439,36.35744],[128.1062,36.35865],[128.1082,36.36219],[128.11115,36.36287],[128.11236,36.36232],[128.11425,36.36315],[128.11516,36.36389],[128.11543,36.36424],[128.11554,36.36448],[128.11574,36.3653],[128.1159,36.36669],[128.1159,36.36756],[128.11583,36.36784],[128.11655,36.36883],[128.11683,36.36919],[128.11723,36.36959],[128.11849,36.37041],[128.11866,36.3705],[128.11979,36.37062],[128.12276,36.36914],[128.12446,36.36897],[128.12481,36.36888],[128.12784,36.36798],[128.12819,36.36748],[128.12891,36.36623],[128.13404,36.3645],[128.13456,36.36431],[128.13466,36.3642],[128.13476,36.3641],[128.13486,36.3636],[128.13488,36.36351],[128.13492,36.36313],[128.13475,36.36256],[128.13358,36.36105],[128.13293,36.36],[128.13296,36.35976],[128.13362,36.35937],[128.13421,36.35902],[128.13566,36.35816],[128.13604,36.35801],[128.13643,36.35786],[128.13683,36.35771],[128.13815,36.35732],[128.13844,36.35727],[128.13857,36.35729],[128.13951,36.35729],[128.14285,36.35602],[128.14513,36.35353],[128.1453,36.35322],[128.14537,36.35302],[128.1453,36.35287],[128.14483,36.35203],[128.14452,36.35162],[128.14437,36.35098],[128.14443,36.35019],[128.14464,36.34969],[128.1458,36.34758],[128.14713,36.34636],[128.14984,36.344],[128.15514,36.34172],[128.15621,36.34163],[128.15667,36.34175],[128.15693,36.34192],[128.15918,36.34212],[128.15922,36.34203],[128.1598,36.33798],[128.15983,36.33704],[128.15973,36.33677],[128.15933,36.33604],[128.15931,36.336],[128.15936,36.33583],[128.15988,36.3353],[128.16128,36.33467],[128.16396,36.33431],[128.16497,36.33503],[128.16582,36.33539],[128.16959,36.33647],[128.16972,36.33647],[128.17008,36.33622],[128.17042,36.33576],[128.17065,36.33529],[128.17164,36.3344],[128.173,36.33333],[128.17358,36.33299],[128.17401,36.33285],[128.17429,36.33298]]]]}},{"type":"Feature","properties":{"code":"47250350","name":"공성면","parent":"47250"},"geometry":{"type":"MultiPolygon","coordinates":[[[[128.04597,36.34176],[128.04537,36.34116],[128.04368,36.33849],[128.04491,36.33751],[128.04527,36.33726],[128.04627,36.33675],[128.04796,36.33593],[128.04872,36.33597],[128.04917,36.33583],[128.04963,36.33533],[128.04995,36.33462],[128.05213,36.3293],[128.05213,36.32809],[128.05283,36.32571],[128.05312,36.32545],[128.05347,36.32525],[128.0539,36.32502],[128.05497,36.32454],[128.05624,36.32415],[128.05842,36.32364],[128.05854,36.3238],[128.05865,36.3245],[128.05906,36.32536],[128.05966,36.32588],[128.06052,36.32621],[128.06161,36.32635],[128.06261,36.32645],[128.06525,36.32619],[128.06645,36.32595],[128.06962,36.32685],[128.07018,36.32739],[128.07063,36.32758],[128.07081,36.32761],[128.07379,36.32804],[128.07806,36.32772],[128.08121,36.32737],[128.0821,36.32713],[128.08506,36.32611],[128.08835,36.32658],[128.09065,36.326],[128.09085,36.32583],[128.09122,36.32528],[128.09145,36.32454],[128.09145,36.3236],[128.09145,36.32308],[128.09358,36.3146],[128.09364,36.31365],[128.09379,36.31317],[128.09509,36.309],[128.09542,36.30833],[128.09566,36.30798],[128.09601,36.30767],[128.09628,36.30754],[128.09692,36.30743],[128.10314,36.30673],[128.10666,36.30921],[128.10891,36.31121],[128.10979,36.31086],[128.11256,36.31158],[128.11388,36.31212],[128.11438,36.31234],[128.11484,36.31268],[128.11525,36.31312],[128.11558,36.31368],[128.11577,36.3139],[128.11622,36.31408],[128.11704,36.31407],[128.11753,36.31402],[128.11787,36.3139],[128.11809,36.31367],[128.11872,36.31206],[128.11904,36.31107],[128.11931,36.31062],[128.11976,36.31021],[128.12031,36.30991],[128.12082,36.3097],[128.12125,36.30959],[128.12186,36.30947],[128.1225,36.30938],[128.12417,36.30917],[128.12449,36.30913],[128.12463,36.30914],[128.12478,36.30917],[128.12517,36.30931],[128.12535,36.30939],[128.12555,36.3095],[128.12561,36.30954],[128.12568,36.30956],[128.12581,36.30958],[128.12651,36.3096],[128.1266,36.30956],[128.13026,36.3064],[128.13031,36.3063],[128.13037,36.30557],[128.13034,36.30544],[128.13033,36.30541],[128.13027,36.30529],[128.13023,36.3052],[128.13022,36.30517],[128.13022,36.30514],[128.13023,36.30507],[128.13026,36.30498],[128.1303,36.30487],[128.1304,36.30461],[128.13049,36.30444],[128.13052,36.30439],[128.13055,36.30437],[128.1306,36.30434],[128.13063,36.30432],[128.13236,36.30373],[128.13269,36.30361],[128.13278,36.30361],[128.13355,36.30378],[128.13373,36.30384],[128.13394,36.30391],[128.13422,36.30401],[128.13464,36.30417],[128.13476,36.30422],[128.13487,36.30422],[128.13577,36.30404],[128.13586,36.304],[128.13593,36.30396],[128.13937,36.30193],[128.13948,36.30183],[128.13955,36.30173],[128.13958,36.30165],[128.13959,36.30153],[128.13954,36.30129],[128.13954,36.30107],[128.13956,36.30089],[128.13961,36.30076],[128.13967,36.30069],[128.13978,36.30065],[128.14147,36.29999],[128.14522,36.29858],[128.14732,36.29813],[128.14954,36.29684],[128.14968,36.29671],[128.1508,36.29575],[128.15088,36.29569],[128.15265,36.29462],[128.15361,36.29433],[128.15372,36.29431],[128.15426,36.29429],[128.15443,36.29429],[128.15434,36.29301],[128.15432,36.29288],[128.15422,36.29275],[128.15408,36.29257],[128.15379,36.2923],[128.14841,36.288],[128.1483,36.28794],[128.14823,36.28792],[128.14817,36.28792],[128.14809,36.28795],[128.14781,36.28817],[128.1476,36.28834],[128.14735,36.28853],[128.14698,36.28874],[128.14679,36.28883],[128.14659,36.28885],[128.14521,36.2889],[128.14511,36.28886],[128.14015,36.28625],[128.14006,36.28618],[128.1399,36.28603],[128.13894,36.28493],[128.13888,36.28486],[128.13869,36.2846],[128.13853,36.28434],[128.13577,36.27999],[128.13442,36.27397],[128.13441,36.27294],[128.13438,36.27287],[128.13424,36.27267],[128.13398,36.27239],[128.13375,36.27214],[128.13349,36.27199],[128.13334,36.27188],[128.13326,36.27179],[128.13317,36.27169],[128.13314,36.27158],[128.13303,36.27083],[128.133,36.27058],[128.13276,36.26794],[128.1328,36.26788],[128.1352,36.26458],[128.13594,36.26377],[128.1372,36.26095],[128.13701,36.2608],[128.13693,36.2607],[128.13687,36.26057],[128.13636,36.2592],[128.13636,36.25907],[128.13665,36.2576],[128.13668,36.2575],[128.13672,36.25741],[128.13693,36.25723],[128.13697,36.25719],[128.13705,36.25715],[128.13711,36.257],[128.13709,36.25685],[128.13698,36.25666],[128.13591,36.25493],[128.13565,36.25454],[128.13553,36.25442],[128.13534,36.25428],[128.13115,36.25143],[128.13111,36.25141],[128.13107,36.25141],[128.131,36.25141],[128.1309,36.25142],[128.13071,36.25145],[128.13026,36.25154],[128.12885,36.25186],[128.128,36.25215],[128.12638,36.2524],[128.12172,36.25279],[128.12005,36.25281],[128.11942,36.25051],[128.11939,36.2504],[128.11936,36.25027],[128.11937,36.25008],[128.11964,36.2486],[128.11968,36.2485],[128.11975,36.24839],[128.12089,36.24607],[128.11899,36.2432],[128.11889,36.24307],[128.11873,36.24298],[128.11866,36.24295],[128.11704,36.24233],[128.11694,36.2423],[128.11671,36.24224],[128.11652,36.24222],[128.11623,36.2422],[128.11591,36.24218],[128.1157,36.24214],[128.11555,36.24207],[128.11417,36.24125],[128.11396,36.2411],[128.11383,36.24097],[128.11296,36.23988],[128.11237,36.23899],[128.11219,36.23871],[128.11208,36.23855],[128.11193,36.23846],[128.10943,36.23729],[128.10869,36.23715],[128.10812,36.23902],[128.1053,36.24084],[128.10513,36.24092],[128.10498,36.24102],[128.10258,36.24298],[128.10246,36.24309],[128.10234,36.24321],[128.10222,36.24333],[128.10028,36.24664],[128.09973,36.24776],[128.09965,36.24795],[128.0996,36.24807],[128.09944,36.24913],[128.09859,36.25008],[128.0965,36.25228],[128.09646,36.2523],[128.09253,36.25212],[128.09169,36.25321],[128.09166,36.25325],[128.09114,36.25388],[128.0901,36.25403],[128.08794,36.25322],[128.08781,36.25297],[128.0878,36.25284],[128.08781,36.25269],[128.08783,36.25251],[128.08796,36.25215],[128.088,36.25204],[128.08807,36.25197],[128.08818,36.25188],[128.08829,36.25178],[128.08835,36.25169],[128.08846,36.25101],[128.08849,36.25083],[128.08845,36.25064],[128.08838,36.25046],[128.08829,36.2503],[128.08817,36.25012],[128.08714,36.24884],[128.08638,36.2483],[128.08476,36.24734],[128.0846,36.24727],[128.08455,36.24726],[128.08236,36.24658],[128.07919,36.24396],[128.07872,36.24344],[128.07831,36.2427],[128.07829,36.24265],[128.0783,36.24255],[128.07834,36.24247],[128.07659,36.24163],[128.07509,36.24225],[128.07199,36.24311],[128.07084,36.24321],[128.07065,36.24322],[128.06913,36.24295],[128.06735,36.24285],[128.06646,36.24292],[128.0624,36.2443],[128.06031,36.2454],[128.0602,36.24543],[128.05958,36.2454],[128.05952,36.24539],[128.05943,36.24536],[128.05882,36.24519],[128.05872,36.24515],[128.0585,36.24503],[128.05739,36.24439],[128.0573,36.2443],[128.05719,36.24415],[128.05707,36.24381],[128.05702,36.24367],[128.05697,36.2436],[128.05692,36.24356],[128.05677,36.24356],[128.0527,36.24399],[128.05097,36.24419],[128.05083,36.24422],[128.05052,36.2443],[128.05032,36.24438],[128.05018,36.24445],[128.04956,36.24486],[128.04712,36.24743],[128.04708,36.2475],[128.04694,36.24785],[128.04677,36.24832],[128.0466,36.24897],[128.04633,36.24976],[128.04573,36.25112],[128.04525,36.25195],[128.04466,36.25268],[128.04505,36.25317],[128.04803,36.25714],[128.04298,36.25872],[128.03978,36.25917],[128.03647,36.26032],[128.03283,36.26188],[128.03081,36.26364],[128.02985,36.26474],[128.02796,36.26476],[128.02687,36.26581],[128.02623,36.26787],[128.0255,36.26794],[128.02254,36.26769],[128.02042,36.26713],[128.01561,36.26804],[128.01556,36.26818],[128.01512,36.26938],[128.01187,36.27144],[128.01056,36.27257],[128.01028,36.274],[128.0111,36.27499],[128.01154,36.2759],[128.01174,36.27672],[128.0119,36.27918],[128.01212,36.28016],[128.01297,36.2822],[128.01441,36.28313],[128.01786,36.28534],[128.0201,36.28639],[128.02064,36.28666],[128.02098,36.28699],[128.02105,36.28731],[128.02185,36.29111],[128.02181,36.29242],[128.0216,36.29279],[128.02003,36.29529],[128.0197,36.29563],[128.01946,36.29622],[128.01946,36.29854],[128.01889,36.30072],[128.01811,36.30187],[128.01814,36.30206],[128.02009,36.30441],[128.02233,36.30699],[128.02275,36.30782],[128.02306,36.30915],[128.02303,36.30959],[128.02285,36.30992],[128.0228,36.31002],[128.02218,36.31036],[128.0215,36.31046],[128.01648,36.31011],[128.01593,36.30979],[128.01517,36.30925],[128.01467,36.30918],[128.01408,36.30929],[128.01379,36.30952],[128.01228,36.31225],[128.01212,36.31265],[128.01219,36.31281],[128.01257,36.31308],[128.01306,36.31336],[128.01338,36.3137],[128.01352,36.31462],[128.01342,36.31628],[128.01329,36.3165],[128.01278,36.3171],[128.01209,36.31871],[128.01305,36.32058],[128.01336,36.32106],[128.01426,36.32208],[128.0147,36.32246],[128.01747,36.32375],[128.01923,36.32444],[128.0201,36.32458],[128.02128,36.32478],[128.02221,36.32512],[128.02261,36.32548],[128.02427,36.32719],[128.02443,36.32747],[128.02441,36.32779],[128.02434,36.32923],[128.0243,36.32959],[128.02407,36.33071],[128.0243,36.33172],[128.02468,36.33235],[128.02535,36.33295],[128.02594,36.33343],[128.02603,36.33363],[128.02595,36.33498],[128.02573,36.33722],[128.02567,36.33755],[128.02547,36.33801],[128.02521,36.33907],[128.0253,36.34027],[128.02558,36.34134],[128.02606,36.34299],[128.02636,36.34351],[128.02758,36.34473],[128.02796,36.34492],[128.02852,36.34488],[128.02926,36.34496],[128.02994,36.34512],[128.03066,36.34557],[128.03152,36.34625],[128.03177,36.34652],[128.03434,36.35035],[128.03509,36.35019],[128.03658,36.34955],[128.03737,36.34918],[128.03766,36.34898],[128.03818,36.3485],[128.03875,36.34813],[128.04113,36.34698],[128.04159,36.34683],[128.04334,36.34679],[128.0436,36.34676],[128.04393,36.3466],[128.04583,36.34329],[128.04597,36.34176]]]]}},{"type":"Feature","properties":{"code":"47250360","name":"외남면","parent":"47250"},"geometry":{"type":"MultiPolygon","coordinates":[[[[128.11114,36.39021],[128.11225,36.39026],[128.114,36.39003],[128.11429,36.39],[128.11604,36.38963],[128.11759,36.38914],[128.11834,36.38874],[128.11922,36.38785],[128.12008,36.38682],[128.12045,36.38633],[128.12053,36.3852],[128.11999,36.38263],[128.11979,36.38183],[128.11895,36.38019],[128.11842,36.37946],[128.11818,36.37914],[128.11748,36.37846],[128.11735,36.37729],[128.11787,36.37505],[128.11989,36.37167],[128.11979,36.37062],[128.11866,36.3705],[128.11849,36.37041],[128.11723,36.36959],[128.11683,36.36919],[128.11655,36.36883],[128.11583,36.36784],[128.1159,36.36756],[128.1159,36.36669],[128.11574,36.3653],[128.11554,36.36448],[128.11543,36.36424],[128.11516,36.36389],[128.11425,36.36315],[128.11236,36.36232],[128.11115,36.36287],[128.1082,36.36219],[128.1062,36.35865],[128.10439,36.35744],[128.10419,36.35731],[128.10254,36.35574],[128.1025,36.35568],[128.10251,36.35555],[128.10293,36.3543],[128.10365,36.35305],[128.10398,36.35251],[128.10286,36.35113],[128.10273,36.35097],[128.10219,36.35025],[128.10186,36.34924],[128.10168,36.34836],[128.10166,36.34796],[128.1018,36.34767],[128.10196,36.3474],[128.10253,36.34695],[128.10364,36.34628],[128.10394,36.34603],[128.10423,36.34578],[128.10424,36.34575],[128.10427,36.34563],[128.10415,36.34533],[128.10353,36.34462],[128.10305,36.34373],[128.10276,36.34319],[128.10207,36.34148],[128.10084,36.33751],[128.10024,36.33548],[128.1002,36.33489],[128.10012,36.33451],[128.09973,36.33354],[128.09931,36.33292],[128.09878,36.33218],[128.09803,36.33144],[128.09721,36.3309],[128.0931,36.32807],[128.09065,36.326],[128.08835,36.32658],[128.08506,36.32611],[128.0821,36.32713],[128.08121,36.32737],[128.07806,36.32772],[128.07379,36.32804],[128.07081,36.32761],[128.07063,36.32758],[128.07018,36.32739],[128.06962,36.32685],[128.06645,36.32595],[128.06525,36.32619],[128.06261,36.32645],[128.06161,36.32635],[128.06052,36.32621],[128.05966,36.32588],[128.05906,36.32536],[128.05865,36.3245],[128.05854,36.3238],[128.05842,36.32364],[128.05624,36.32415],[128.05497,36.32454],[128.0539,36.32502],[128.05347,36.32525],[128.05312,36.32545],[128.05283,36.32571],[128.05213,36.32809],[128.05213,36.3293],[128.04995,36.33462],[128.04963,36.33533],[128.04917,36.33583],[128.04872,36.33597],[128.04796,36.33593],[128.04627,36.33675],[128.04527,36.33726],[128.04491,36.33751],[128.04368,36.33849],[128.04537,36.34116],[128.04597,36.34176],[128.04849,36.34221],[128.04865,36.34229],[128.04898,36.34266],[128.04941,36.34349],[128.05006,36.34441],[128.05095,36.34537],[128.05144,36.34577],[128.05414,36.34695],[128.05434,36.34697],[128.05511,36.3468],[128.05587,36.34677],[128.05661,36.34686],[128.05759,36.34704],[128.05789,36.34711],[128.05818,36.34731],[128.05749,36.34829],[128.05671,36.34902],[128.05647,36.34923],[128.05625,36.34945],[128.05619,36.34984],[128.05635,36.35143],[128.05654,36.35251],[128.0566,36.35297],[128.05657,36.35329],[128.05578,36.35798],[128.05515,36.36039],[128.05461,36.36228],[128.05418,36.3638],[128.05392,36.36476],[128.05395,36.36509],[128.05433,36.36957],[128.05452,36.37008],[128.05523,36.37096],[128.05556,36.37123],[128.05607,36.37136],[128.05646,36.37131],[128.05681,36.37142],[128.05688,36.37151],[128.05701,36.3754],[128.05695,36.37571],[128.05664,36.37609],[128.05782,36.37908],[128.05882,36.38035],[128.05902,36.38068],[128.05904,36.38083],[128.05908,36.38102],[128.05906,36.38202],[128.05911,36.38239],[128.0592,36.38261],[128.0595,36.38301],[128.05995,36.38321],[128.06514,36.38491],[128.06922,36.38666],[128.07209,36.38809],[128.07234,36.38829],[128.07276,36.38857],[128.07323,36.38882],[128.07394,36.3888],[128.07437,36.38864],[128.07462,36.38852],[128.07498,36.38834],[128.0754,36.38812],[128.07562,36.38806],[128.07795,36.388],[128.07847,36.38804],[128.07891,36.38819],[128.0793,36.38841],[128.07956,36.38861],[128.07988,36.38892],[128.08022,36.38924],[128.08047,36.38935],[128.08088,36.38949],[128.08147,36.3896],[128.08204,36.38965],[128.08275,36.38962],[128.08342,36.3895],[128.08455,36.38928],[128.08735,36.3887],[128.0922,36.38746],[128.09317,36.38684],[128.09421,36.38599],[128.09462,36.38554],[128.0984,36.3853],[128.0988,36.38553],[128.101,36.38693],[128.10223,36.38777],[128.10338,36.3886],[128.10453,36.38949],[128.10548,36.39012],[128.10674,36.39076],[128.10794,36.39079],[128.10853,36.39068],[128.10936,36.39033],[128.11114,36.39021]]]]}},{"type":"Feature","properties":{"code":"47250370","name":"내서면","parent":"47250"},"geometry":{"type":"MultiPolygon","coordinates":[[[[128.09664,36.44007],[128.09701,36.43889],[128.09634,36.43781],[128.09541,36.43661],[128.09397,36.43582],[128.09329,36.43388],[128.09323,36.4337],[128.09294,36.43215],[128.09297,36.43164],[128.09325,36.42961],[128.09794,36.42585],[128.10012,36.42418],[128.10247,36.4216],[128.10535,36.41786],[128.1054,36.41775],[128.10537,36.41742],[128.10529,36.41652],[128.10526,36.41626],[128.10483,36.41438],[128.10405,36.41425],[128.10379,36.41424],[128.10235,36.41357],[128.10219,36.41347],[128.10195,36.41323],[128.10171,36.41299],[128.10145,36.41262],[128.10127,36.41221],[128.1011,36.41163],[128.10063,36.40896],[128.1006,36.40857],[128.10064,36.4084],[128.10169,36.40606],[128.10207,36.40613],[128.10404,36.40652],[128.10697,36.4055],[128.11124,36.40328],[128.1155,36.39849],[128.11546,36.39586],[128.11508,36.39554],[128.11413,36.39491],[128.11379,36.39476],[128.11328,36.3945],[128.11249,36.39355],[128.11219,36.39304],[128.11165,36.39186],[128.11114,36.39021],[128.10936,36.39033],[128.10853,36.39068],[128.10794,36.39079],[128.10674,36.39076],[128.10548,36.39012],[128.10453,36.38949],[128.10338,36.3886],[128.10223,36.38777],[128.101,36.38693],[128.0988,36.38553],[128.0984,36.3853],[128.09462,36.38554],[128.09421,36.38599],[128.09317,36.38684],[128.0922,36.38746],[128.08735,36.3887],[128.08455,36.38928],[128.08342,36.3895],[128.08275,36.38962],[128.08204,36.38965],[128.08147,36.3896],[128.08088,36.38949],[128.08047,36.38935],[128.08022,36.38924],[128.07988,36.38892],[128.07956,36.38861],[128.0793,36.38841],[128.07891,36.38819],[128.07847,36.38804],[128.07795,36.388],[128.07562,36.38806],[128.0754,36.38812],[128.07498,36.38834],[128.07462,36.38852],[128.07437,36.38864],[128.07394,36.3888],[128.07323,36.38882],[128.07276,36.38857],[128.07234,36.38829],[128.07209,36.38809],[128.06922,36.38666],[128.06514,36.38491],[128.05995,36.38321],[128.0595,36.38301],[128.0592,36.38261],[128.05911,36.38239],[128.05906,36.38202],[128.05908,36.38102],[128.05904,36.38083],[128.05902,36.38068],[128.05882,36.38035],[128.05782,36.37908],[128.05664,36.37609],[128.05695,36.37571],[128.05701,36.3754],[128.05688,36.37151],[128.05681,36.37142],[128.05646,36.37131],[128.05607,36.37136],[128.05556,36.37123],[128.05523,36.37096],[128.05452,36.37008],[128.05433,36.36957],[128.05395,36.36509],[128.05392,36.36476],[128.05418,36.3638],[128.05461,36.36228],[128.05515,36.36039],[128.05578,36.35798],[128.05657,36.35329],[128.0566,36.35297],[128.05654,36.35251],[128.05635,36.35143],[128.05619,36.34984],[128.05625,36.34945],[128.05647,36.34923],[128.05671,36.34902],[128.05749,36.34829],[128.05818,36.34731],[128.05789,36.34711],[128.05759,36.34704],[128.05661,36.34686],[128.05587,36.34677],[128.05511,36.3468],[128.05434,36.34697],[128.05414,36.34695],[128.05144,36.34577],[128.05095,36.34537],[128.05006,36.34441],[128.04941,36.34349],[128.04898,36.34266],[128.04865,36.34229],[128.04849,36.34221],[128.04597,36.34176],[128.04583,36.34329],[128.04393,36.3466],[128.0436,36.34676],[128.04334,36.34679],[128.04159,36.34683],[128.04113,36.34698],[128.03875,36.34813],[128.03818,36.3485],[128.03766,36.34898],[128.03737,36.34918],[128.03658,36.34955],[128.03509,36.35019],[128.03434,36.35035],[128.03363,36.35189],[128.03356,36.35248],[128.03331,36.35506],[128.03317,36.35663],[128.03312,36.35732],[128.03326,36.35805],[128.03323,36.35862],[128.03297,36.35907],[128.03199,36.36],[128.02997,36.36162],[128.02961,36.36182],[128.02899,36.36196],[128.02786,36.36189],[128.02639,36.3617],[128.02575,36.36155],[128.02471,36.36147],[128.0238,36.36165],[128.02328,36.36189],[128.02298,36.3622],[128.01946,36.36611],[128.01906,36.36667],[128.01895,36.36704],[128.01828,36.36944],[128.01808,36.37037],[128.01824,36.37175],[128.0185,36.37256],[128.01878,36.37289],[128.01936,36.37339],[128.01934,36.37364],[128.01635,36.37879],[128.0158,36.37925],[128.01501,36.37957],[128.01492,36.37961],[128.01377,36.37983],[128.0107,36.37961],[128.01042,36.37948],[128.01018,36.37929],[128.00977,36.37903],[128.00749,36.37984],[128.00711,36.37999],[128.00649,36.38024],[128.00591,36.38058],[128.00565,36.38093],[128.00561,36.38116],[128.00557,36.38189],[128.00536,36.38291],[128.00492,36.38374],[128.00187,36.38636],[128.0018,36.3868],[128.00224,36.38762],[128.00368,36.39011],[128.00602,36.39407],[128.00582,36.39464],[128.00594,36.39484],[128.00611,36.39509],[128.00666,36.39585],[128.0078,36.39733],[128.00832,36.39764],[128.00876,36.39774],[128.01,36.39771],[128.01157,36.39759],[128.01198,36.39739],[128.01231,36.39704],[128.01256,36.39653],[128.01302,36.39591],[128.0135,36.39575],[128.01399,36.39574],[128.01536,36.39576],[128.01652,36.39581],[128.01696,36.396],[128.01949,36.3984],[128.01976,36.3987],[128.01976,36.39896],[128.01969,36.3994],[128.01903,36.40008],[128.01867,36.4006],[128.0186,36.40128],[128.01885,36.40176],[128.01908,36.40218],[128.01952,36.40264],[128.02016,36.40324],[128.02053,36.40361],[128.02069,36.40379],[128.02078,36.40388],[128.02101,36.40414],[128.02151,36.40478],[128.02146,36.40521],[128.02122,36.40544],[128.02065,36.40567],[128.0199,36.40612],[128.01954,36.40659],[128.01936,36.40708],[128.0191,36.40799],[128.0191,36.40838],[128.01934,36.40854],[128.01982,36.40862],[128.0202,36.40866],[128.02035,36.40883],[128.02013,36.40998],[128.02006,36.41035],[128.01767,36.41568],[128.0157,36.4177],[128.01321,36.42016],[128.01293,36.42059],[128.01264,36.42233],[128.01253,36.42355],[128.01229,36.42417],[128.01102,36.42545],[128.01025,36.42607],[128.00967,36.42672],[128.00917,36.42741],[128.0081,36.42947],[128.0079,36.43015],[128.00788,36.43018],[128.00781,36.43067],[128.00608,36.43283],[128.00479,36.43401],[128.00411,36.43436],[128.00368,36.4343],[128.00332,36.43415],[128.00282,36.43374],[128.00058,36.43214],[127.99876,36.43088],[127.99828,36.43059],[127.99616,36.43068],[127.99603,36.4307],[127.99594,36.43076],[127.99586,36.43081],[127.99573,36.43092],[127.99561,36.43105],[127.9955,36.43122],[127.99544,36.43138],[127.99501,36.43273],[127.99466,36.43379],[127.99457,36.43396],[127.99434,36.43433],[127.99411,36.43463],[127.99385,36.43489],[127.99369,36.43503],[127.99359,36.43509],[127.9944,36.43677],[127.99588,36.44048],[127.99599,36.44079],[127.99615,36.4411],[127.99636,36.44138],[127.99762,36.44287],[127.99812,36.44338],[127.99891,36.44367],[128.00071,36.44397],[128.00602,36.44739],[128.00652,36.44795],[128.00707,36.44993],[128.00783,36.45482],[128.00793,36.45571],[128.00792,36.45646],[128.00776,36.45691],[128.00746,36.45756],[128.00682,36.45835],[128.00664,36.45855],[128.00597,36.4593],[128.0083,36.45928],[128.01024,36.45926],[128.01318,36.46052],[128.01873,36.46438],[128.02236,36.46705],[128.02504,36.46921],[128.02511,36.46923],[128.02535,36.46929],[128.0258,36.4691],[128.02622,36.46875],[128.02827,36.46584],[128.02847,36.46542],[128.02845,36.46441],[128.02857,36.46394],[128.02932,36.46304],[128.03108,36.46165],[128.03145,36.46147],[128.03368,36.46082],[128.03529,36.4608],[128.03568,36.46086],[128.03654,36.46138],[128.03804,36.46144],[128.03889,36.46131],[128.04005,36.46085],[128.04105,36.4604],[128.04201,36.45978],[128.04271,36.45944],[128.04329,36.45925],[128.04402,36.45918],[128.0445,36.4593],[128.04482,36.45956],[128.04502,36.46024],[128.04494,36.46109],[128.04513,36.46134],[128.04597,36.46157],[128.04726,36.46147],[128.04907,36.46097],[128.05199,36.4597],[128.0532,36.45911],[128.05446,36.45886],[128.05615,36.45894],[128.05676,36.4591],[128.05814,36.45969],[128.05893,36.45981],[128.06247,36.46025],[128.06489,36.46024],[128.0665,36.46002],[128.06778,36.45972],[128.06898,36.45913],[128.07022,36.45846],[128.07077,36.45825],[128.07385,36.45762],[128.07596,36.45741],[128.07643,36.45718],[128.07655,36.4571],[128.07713,36.45671],[128.07772,36.45597],[128.07807,36.45507],[128.07803,36.45406],[128.07816,36.45346],[128.07838,36.4531],[128.07864,36.4529],[128.07953,36.45262],[128.08047,36.45246],[128.08283,36.45209],[128.08405,36.45214],[128.08505,36.45209],[128.08577,36.45197],[128.08604,36.45178],[128.08627,36.45163],[128.08679,36.45075],[128.08694,36.45009],[128.08683,36.4493],[128.08713,36.44859],[128.08913,36.44582],[128.09332,36.44156],[128.09462,36.44077],[128.09566,36.44036],[128.09664,36.44007]]]]}},{"type":"Feature","properties":{"code":"47250380","name":"모동면","parent":"47250"},"geometry":{"type":"MultiPolygon","coordinates":[[[[128.03177,36.34652],[128.03152,36.34625],[128.03066,36.34557],[128.02994,36.34512],[128.02926,36.34496],[128.02852,36.34488],[128.02796,36.34492],[128.02758,36.34473],[128.02636,36.34351],[128.02606,36.34299],[128.02558,36.34134],[128.0253,36.34027],[128.02521,36.33907],[128.02547,36.33801],[128.02567,36.33755],[128.02573,36.33722],[128.02595,36.33498],[128.02603,36.33363],[128.02594,36.33343],[128.02535,36.33295],[128.02468,36.33235],[128.0243,36.33172],[128.02407,36.33071],[128.0243,36.32959],[128.02434,36.32923],[128.02441,36.32779],[128.02443,36.32747],[128.02427,36.32719],[128.02261,36.32548],[128.02221,36.32512],[128.02128,36.32478],[128.0201,36.32458],[128.01923,36.32444],[128.01747,36.32375],[128.0147,36.32246],[128.01426,36.32208],[128.01336,36.32106],[128.01305,36.32058],[128.01209,36.31871],[128.01278,36.3171],[128.01329,36.3165],[128.01342,36.31628],[128.01352,36.31462],[128.01338,36.3137],[128.01306,36.31336],[128.01257,36.31308],[128.01219,36.31281],[128.01212,36.31265],[128.01228,36.31225],[128.01379,36.30952],[128.01408,36.30929],[128.01467,36.30918],[128.01517,36.30925],[128.01593,36.30979],[128.01648,36.31011],[128.0215,36.31046],[128.02218,36.31036],[128.0228,36.31002],[128.02285,36.30992],[128.02303,36.30959],[128.02306,36.30915],[128.02275,36.30782],[128.02233,36.30699],[128.02009,36.30441],[128.01814,36.30206],[128.01811,36.30187],[128.01889,36.30072],[128.01946,36.29854],[128.01946,36.29622],[128.0197,36.29563],[128.02003,36.29529],[128.0216,36.29279],[128.02181,36.29242],[128.02185,36.29111],[128.02105,36.28731],[128.02098,36.28699],[128.02064,36.28666],[128.0201,36.28639],[128.01786,36.28534],[128.01441,36.28313],[128.01297,36.2822],[128.01212,36.28016],[128.0119,36.27918],[128.01174,36.27672],[128.01154,36.2759],[128.0111,36.27499],[128.01028,36.274],[128.01056,36.27257],[128.01187,36.27144],[128.01028,36.27215],[128.00939,36.27205],[128.00813,36.27161],[128.00554,36.26985],[128.00329,36.26814],[128.00056,36.26637],[127.99902,36.26776],[127.99782,36.26816],[127.99677,36.26808],[127.99587,36.26789],[127.99441,36.26744],[127.99437,36.26742],[127.99407,36.26726],[127.9933,36.26682],[127.99291,36.26653],[127.99145,36.26542],[127.98736,36.26452],[127.98436,36.26411],[127.98217,36.2642],[127.97757,36.25984],[127.97689,36.25889],[127.97766,36.258],[127.97904,36.25571],[127.97896,36.25405],[127.97886,36.25403],[127.97474,36.25298],[127.97237,36.25222],[127.97085,36.25043],[127.96861,36.25039],[127.96781,36.25065],[127.96659,36.25148],[127.96567,36.25218],[127.96536,36.25244],[127.96252,36.25222],[127.96023,36.25243],[127.95961,36.25269],[127.95926,36.25331],[127.95893,36.2536],[127.95746,36.25486],[127.95514,36.25674],[127.95463,36.2571],[127.95447,36.25719],[127.95315,36.25704],[127.95263,36.25681],[127.95225,36.25672],[127.9506,36.25665],[127.94959,36.25661],[127.94919,36.2566],[127.94825,36.25745],[127.94815,36.2585],[127.94825,36.25887],[127.94803,36.26258],[127.94769,36.26616],[127.94766,36.2664],[127.9473,36.26723],[127.94481,36.26721],[127.94258,36.26694],[127.93949,36.26827],[127.93795,36.26913],[127.93759,36.26952],[127.93484,36.27261],[127.93455,36.27298],[127.93418,36.27383],[127.93397,36.27462],[127.9339,36.2753],[127.93391,36.27586],[127.93373,36.27612],[127.93275,36.27687],[127.93091,36.27822],[127.92674,36.27857],[127.92326,36.27872],[127.92197,36.27889],[127.9216,36.27913],[127.92137,36.27933],[127.92069,36.27963],[127.91972,36.27995],[127.91704,36.28083],[127.91666,36.28074],[127.9148,36.28009],[127.91338,36.28089],[127.90705,36.28608],[127.90598,36.29008],[127.9059,36.29156],[127.90596,36.29181],[127.90643,36.29267],[127.90666,36.29363],[127.90582,36.29721],[127.90541,36.3012],[127.90509,36.30238],[127.90528,36.30268],[127.90541,36.30307],[127.90685,36.3076],[127.90702,36.30815],[127.90706,36.30955],[127.9072,36.31065],[127.90736,36.31141],[127.91077,36.31625],[127.91115,36.31677],[127.91198,36.31756],[127.91315,36.31844],[127.91398,36.31893],[127.9144,36.31921],[127.91449,36.31936],[127.91464,36.31981],[127.9146,36.32023],[127.91437,36.3212],[127.91423,36.32186],[127.91417,36.32287],[127.91427,36.32327],[127.91482,36.32369],[127.9167,36.32496],[127.92016,36.3271],[127.92089,36.32727],[127.92159,36.32728],[127.92177,36.32725],[127.92213,36.32719],[127.92273,36.32695],[127.92316,36.32666],[127.92451,36.32584],[127.92783,36.32401],[127.92843,36.32379],[127.92855,36.32381],[127.92897,36.32388],[127.9331,36.3268],[127.93487,36.32809],[127.93573,36.32906],[127.93664,36.32969],[127.93746,36.32997],[127.9377,36.33],[127.9387,36.32999],[127.93967,36.3299],[127.93992,36.32987],[127.94234,36.32989],[127.94433,36.33003],[127.94993,36.33048],[127.95056,36.33054],[127.95115,36.3307],[127.95297,36.3312],[127.9536,36.33162],[127.95404,36.33232],[127.95439,36.33267],[127.95473,36.33284],[127.95541,36.3328],[127.95574,36.33267],[127.95578,36.33265],[127.95695,36.33197],[127.95761,36.33145],[127.95772,36.33118],[127.95776,36.33072],[127.95753,36.33012],[127.95769,36.32967],[127.95821,36.32933],[127.95896,36.32911],[127.95946,36.32905],[127.95999,36.32915],[127.96068,36.32954],[127.96151,36.33009],[127.96188,36.33021],[127.96276,36.33027],[127.96302,36.33023],[127.96348,36.32999],[127.96403,36.32946],[127.96445,36.32892],[127.96531,36.32822],[127.96573,36.32801],[127.96654,36.32776],[127.97101,36.32698],[127.97212,36.32754],[127.97241,36.3278],[127.97268,36.32804],[127.97287,36.32889],[127.97302,36.32922],[127.97348,36.32947],[127.97425,36.32958],[127.97535,36.3296],[127.9762,36.3296],[127.97879,36.33],[127.9815,36.3305],[127.98212,36.33073],[127.98261,36.33106],[127.98306,36.33119],[127.98395,36.33096],[127.98637,36.33019],[127.98873,36.32907],[127.98952,36.32891],[127.99004,36.32893],[127.99216,36.32905],[127.99245,36.32915],[127.99564,36.3307],[127.9996,36.33388],[128.00031,36.33457],[128.00223,36.33655],[128.00307,36.33723],[128.00399,36.33781],[128.00421,36.33784],[128.00707,36.33808],[128.00985,36.33916],[128.01427,36.34185],[128.01636,36.34351],[128.017,36.34467],[128.01803,36.34582],[128.0185,36.34629],[128.01954,36.3469],[128.0206,36.34709],[128.02096,36.34708],[128.02166,36.34669],[128.0222,36.3464],[128.02386,36.34609],[128.0243,36.34614],[128.02505,36.34639],[128.02605,36.34687],[128.02692,36.3472],[128.02741,36.34719],[128.02833,36.34712],[128.02915,36.34699],[128.0305,36.34649],[128.03177,36.34652]]]]}},{"type":"Feature","properties":{"code":"47250390","name":"모서면","parent":"47250"},"geometry":{"type":"MultiPolygon","coordinates":[[[[128.03434,36.35035],[128.03177,36.34652],[128.0305,36.34649],[128.02915,36.34699],[128.02833,36.34712],[128.02741,36.34719],[128.02692,36.3472],[128.02605,36.34687],[128.02505,36.34639],[128.0243,36.34614],[128.02386,36.34609],[128.0222,36.3464],[128.02166,36.34669],[128.02096,36.34708],[128.0206,36.34709],[128.01954,36.3469],[128.0185,36.34629],[128.01803,36.34582],[128.017,36.34467],[128.01636,36.34351],[128.01427,36.34185],[128.00985,36.33916],[128.00707,36.33808],[128.00421,36.33784],[128.00399,36.33781],[128.00307,36.33723],[128.00223,36.33655],[128.00031,36.33457],[127.9996,36.33388],[127.99564,36.3307],[127.99245,36.32915],[127.99216,36.32905],[127.99004,36.32893],[127.98952,36.32891],[127.98873,36.32907],[127.98637,36.33019],[127.98395,36.33096],[127.98306,36.33119],[127.98261,36.33106],[127.98212,36.33073],[127.9815,36.3305],[127.97879,36.33],[127.9762,36.3296],[127.97535,36.3296],[127.97425,36.32958],[127.97348,36.32947],[127.97302,36.32922],[127.97287,36.32889],[127.97268,36.32804],[127.97241,36.3278],[127.97212,36.32754],[127.97101,36.32698],[127.96654,36.32776],[127.96573,36.32801],[127.96531,36.32822],[127.96445,36.32892],[127.96403,36.32946],[127.96348,36.32999],[127.96302,36.33023],[127.96276,36.33027],[127.96188,36.33021],[127.96151,36.33009],[127.96068,36.32954],[127.95999,36.32915],[127.95946,36.32905],[127.95896,36.32911],[127.95821,36.32933],[127.95769,36.32967],[127.95753,36.33012],[127.95776,36.33072],[127.95772,36.33118],[127.95761,36.33145],[127.95695,36.33197],[127.95578,36.33265],[127.95574,36.33267],[127.95541,36.3328],[127.95473,36.33284],[127.95439,36.33267],[127.95404,36.33232],[127.9536,36.33162],[127.95297,36.3312],[127.95115,36.3307],[127.95056,36.33054],[127.94993,36.33048],[127.94433,36.33003],[127.94234,36.32989],[127.93992,36.32987],[127.93967,36.3299],[127.9387,36.32999],[127.9377,36.33],[127.93746,36.32997],[127.93664,36.32969],[127.93573,36.32906],[127.93487,36.32809],[127.9331,36.3268],[127.92897,36.32388],[127.92855,36.32381],[127.92843,36.32379],[127.92783,36.32401],[127.92451,36.32584],[127.92316,36.32666],[127.92273,36.32695],[127.92213,36.32719],[127.92177,36.32725],[127.92159,36.32728],[127.92089,36.32727],[127.92016,36.3271],[127.9167,36.32496],[127.91482,36.32369],[127.91427,36.32327],[127.91417,36.32287],[127.91423,36.32186],[127.91437,36.3212],[127.9146,36.32023],[127.91464,36.31981],[127.91449,36.31936],[127.9144,36.31921],[127.91398,36.31893],[127.91315,36.31844],[127.91198,36.31756],[127.91115,36.31677],[127.91077,36.31625],[127.90736,36.31141],[127.9072,36.31065],[127.90706,36.30955],[127.90702,36.30815],[127.90685,36.3076],[127.90541,36.30307],[127.90528,36.30268],[127.90509,36.30238],[127.90318,36.30192],[127.8993,36.29877],[127.89818,36.2972],[127.89486,36.29354],[127.89438,36.29319],[127.89305,36.29259],[127.89228,36.29233],[127.89204,36.29217],[127.89027,36.28987],[127.88964,36.28841],[127.88963,36.28838],[127.88925,36.28694],[127.88855,36.28313],[127.88798,36.2801],[127.88599,36.27722],[127.88502,36.27552],[127.88472,36.27499],[127.88432,36.27381],[127.88429,36.27367],[127.88404,36.27338],[127.88371,36.27316],[127.88334,36.2731],[127.88179,36.27381],[127.88071,36.27437],[127.88004,36.27477],[127.87977,36.27498],[127.87794,36.27528],[127.86265,36.27754],[127.86053,36.27769],[127.85936,36.27755],[127.85882,36.27743],[127.85522,36.27624],[127.85478,36.27601],[127.85457,36.27571],[127.85435,36.27548],[127.85274,36.27396],[127.85241,36.27382],[127.85232,36.27389],[127.85146,36.27406],[127.85098,36.27445],[127.85083,36.2748],[127.85118,36.27522],[127.85131,36.27574],[127.8508,36.2779],[127.85021,36.28188],[127.8494,36.28891],[127.84908,36.28979],[127.84689,36.2916],[127.8459,36.29406],[127.84568,36.29644],[127.84571,36.29664],[127.84659,36.29893],[127.84726,36.30002],[127.8472,36.30065],[127.84447,36.30539],[127.84381,36.30565],[127.84324,36.30603],[127.84133,36.30829],[127.84112,36.30882],[127.84107,36.30962],[127.84143,36.31045],[127.84252,36.31198],[127.84495,36.31626],[127.84564,36.31771],[127.8461,36.31829],[127.84616,36.31827],[127.84673,36.31809],[127.84814,36.31869],[127.84866,36.31902],[127.84905,36.31931],[127.85066,36.32061],[127.85136,36.32416],[127.85105,36.32664],[127.85209,36.3304],[127.85315,36.33173],[127.85351,36.33163],[127.85402,36.33116],[127.85464,36.33067],[127.8563,36.33107],[127.86012,36.33396],[127.86155,36.33577],[127.86185,36.33606],[127.86218,36.33621],[127.86366,36.33656],[127.86474,36.3366],[127.8651,36.33643],[127.86747,36.33641],[127.87,36.33984],[127.87053,36.34123],[127.87054,36.34179],[127.87039,36.34239],[127.8698,36.34351],[127.86977,36.34356],[127.87355,36.34497],[127.87502,36.3455],[127.87701,36.34555],[127.87995,36.34522],[127.88145,36.34486],[127.88218,36.34577],[127.88233,36.34595],[127.88536,36.35057],[127.88515,36.35128],[127.88516,36.35169],[127.88522,36.35223],[127.88554,36.35373],[127.88594,36.3546],[127.88612,36.35475],[127.88866,36.3558],[127.8908,36.35671],[127.89105,36.35738],[127.89133,36.35955],[127.89141,36.3596],[127.89175,36.35977],[127.89945,36.36241],[127.8999,36.36251],[127.90071,36.36233],[127.90529,36.36056],[127.90932,36.35892],[127.91242,36.35761],[127.91306,36.35744],[127.91433,36.35712],[127.91613,36.35685],[127.9169,36.35682],[127.9174,36.35706],[127.91796,36.35733],[127.92014,36.35873],[127.92096,36.35956],[127.92187,36.36042],[127.92229,36.36064],[127.92253,36.36067],[127.9228,36.3607],[127.92307,36.3607],[127.92353,36.36065],[127.92553,36.36037],[127.92617,36.36025],[127.92765,36.36012],[127.93461,36.36124],[127.9347,36.36137],[127.93526,36.36194],[127.93839,36.36398],[127.93863,36.36403],[127.9391,36.36384],[127.93933,36.36364],[127.93956,36.3631],[127.93959,36.36217],[127.93959,36.36204],[127.93964,36.36169],[127.93977,36.36146],[127.94023,36.36134],[127.9436,36.36096],[127.94473,36.36096],[127.94593,36.36102],[127.94665,36.36127],[127.94756,36.36158],[127.94821,36.3617],[127.94958,36.36183],[127.94978,36.36183],[127.95077,36.36181],[127.95138,36.36157],[127.9517,36.36134],[127.95197,36.36113],[127.95283,36.36069],[127.95349,36.36061],[127.9543,36.36067],[127.95693,36.36126],[127.95758,36.36144],[127.95797,36.36173],[127.95868,36.36254],[127.95944,36.3635],[127.95977,36.36495],[127.95985,36.36606],[127.95998,36.36725],[127.96,36.3673],[127.9603,36.36808],[127.96228,36.37173],[127.96278,36.37258],[127.96356,36.37339],[127.96712,36.37643],[127.96929,36.37735],[127.96976,36.37751],[127.97006,36.37749],[127.97039,36.37728],[127.97413,36.37468],[127.97453,36.37435],[127.9749,36.374],[127.97567,36.37316],[127.97613,36.37294],[127.97653,36.37278],[127.97686,36.37278],[127.98063,36.3745],[127.9813,36.37485],[127.98615,36.37876],[127.99007,36.38226],[127.99021,36.38248],[127.99117,36.38386],[127.99146,36.38416],[127.99176,36.38435],[127.99313,36.38514],[127.99343,36.38529],[127.99362,36.38536],[127.99376,36.38541],[127.99417,36.38549],[127.99471,36.38553],[127.99512,36.38551],[127.99541,36.38543],[127.99559,36.38536],[127.99866,36.38491],[127.99894,36.38507],[128.00067,36.38593],[128.00116,36.38611],[128.00187,36.38636],[128.00492,36.38374],[128.00536,36.38291],[128.00557,36.38189],[128.00561,36.38116],[128.00565,36.38093],[128.00591,36.38058],[128.00649,36.38024],[128.00711,36.37999],[128.00749,36.37984],[128.00977,36.37903],[128.01018,36.37929],[128.01042,36.37948],[128.0107,36.37961],[128.01377,36.37983],[128.01492,36.37961],[128.01501,36.37957],[128.0158,36.37925],[128.01635,36.37879],[128.01934,36.37364],[128.01936,36.37339],[128.01878,36.37289],[128.0185,36.37256],[128.01824,36.37175],[128.01808,36.37037],[128.01828,36.36944],[128.01895,36.36704],[128.01906,36.36667],[128.01946,36.36611],[128.02298,36.3622],[128.02328,36.36189],[128.0238,36.36165],[128.02471,36.36147],[128.02575,36.36155],[128.02639,36.3617],[128.02786,36.36189],[128.02899,36.36196],[128.02961,36.36182],[128.02997,36.36162],[128.03199,36.36],[128.03297,36.35907],[128.03323,36.35862],[128.03326,36.35805],[128.03312,36.35732],[128.03317,36.35663],[128.03331,36.35506],[128.03356,36.35248],[128.03363,36.35189],[128.03434,36.35035]]]]}},{"type":"Feature","properties":{"code":"47250400","name":"화동면","parent":"47250"},"geometry":{"type":"MultiPolygon","coordinates":[[[[127.99359,36.43509],[127.99369,36.43503],[127.99385,36.43489],[127.99411,36.43463],[127.99434,36.43433],[127.99457,36.43396],[127.99466,36.43379],[127.99501,36.43273],[127.99544,36.43138],[127.9955,36.43122],[127.99561,36.43105],[127.99573,36.43092],[127.99586,36.43081],[127.99594,36.43076],[127.99603,36.4307],[127.99616,36.43068],[127.99828,36.43059],[127.99876,36.43088],[128.00058,36.43214],[128.00282,36.43374],[128.00332,36.43415],[128.00368,36.4343],[128.00411,36.43436],[128.00479,36.43401],[128.00608,36.43283],[128.00781,36.43067],[128.00788,36.43018],[128.0079,36.43015],[128.0081,36.42947],[128.00917,36.42741],[128.00967,36.42672],[128.01025,36.42607],[128.01102,36.42545],[128.01229,36.42417],[128.01253,36.42355],[128.01264,36.42233],[128.01293,36.42059],[128.01321,36.42016],[128.0157,36.4177],[128.01767,36.41568],[128.02006,36.41035],[128.02013,36.40998],[128.02035,36.40883],[128.0202,36.40866],[128.01982,36.40862],[128.01934,36.40854],[128.0191,36.40838],[128.0191,36.40799],[128.01936,36.40708],[128.01954,36.40659],[128.0199,36.40612],[128.02065,36.40567],[128.02122,36.40544],[128.02146,36.40521],[128.02151,36.40478],[128.02101,36.40414],[128.02078,36.40388],[128.02069,36.40379],[128.02053,36.40361],[128.02016,36.40324],[128.01952,36.40264],[128.01908,36.40218],[128.01885,36.40176],[128.0186,36.40128],[128.01867,36.4006],[128.01903,36.40008],[128.01969,36.3994],[128.01976,36.39896],[128.01976,36.3987],[128.01949,36.3984],[128.01696,36.396],[128.01652,36.39581],[128.01536,36.39576],[128.01399,36.39574],[128.0135,36.39575],[128.01302,36.39591],[128.01256,36.39653],[128.01231,36.39704],[128.01198,36.39739],[128.01157,36.39759],[128.01,36.39771],[128.00876,36.39774],[128.00832,36.39764],[128.0078,36.39733],[128.00666,36.39585],[128.00611,36.39509],[128.00594,36.39484],[128.00582,36.39464],[128.00602,36.39407],[128.00368,36.39011],[128.00224,36.38762],[128.0018,36.3868],[128.00187,36.38636],[128.00116,36.38611],[128.00067,36.38593],[127.99894,36.38507],[127.99866,36.38491],[127.99559,36.38536],[127.99541,36.38543],[127.99512,36.38551],[127.99471,36.38553],[127.99417,36.38549],[127.99376,36.38541],[127.99362,36.38536],[127.99343,36.38529],[127.99313,36.38514],[127.99176,36.38435],[127.99146,36.38416],[127.99117,36.38386],[127.99021,36.38248],[127.99007,36.38226],[127.98615,36.37876],[127.9813,36.37485],[127.98063,36.3745],[127.97686,36.37278],[127.97653,36.37278],[127.97613,36.37294],[127.97567,36.37316],[127.9749,36.374],[127.97453,36.37435],[127.97413,36.37468],[127.97039,36.37728],[127.97006,36.37749],[127.96976,36.37751],[127.96929,36.37735],[127.96712,36.37643],[127.96356,36.37339],[127.96278,36.37258],[127.96228,36.37173],[127.9603,36.36808],[127.96,36.3673],[127.95998,36.36725],[127.95985,36.36606],[127.95977,36.36495],[127.95944,36.3635],[127.95868,36.36254],[127.95797,36.36173],[127.95758,36.36144],[127.95693,36.36126],[127.9543,36.36067],[127.95349,36.36061],[127.95283,36.36069],[127.95197,36.36113],[127.9517,36.36134],[127.95138,36.36157],[127.95077,36.36181],[127.94978,36.36183],[127.94958,36.36183],[127.94821,36.3617],[127.94756,36.36158],[127.94665,36.36127],[127.94593,36.36102],[127.94473,36.36096],[127.9436,36.36096],[127.94023,36.36134],[127.93977,36.36146],[127.93964,36.36169],[127.93959,36.36204],[127.93959,36.36217],[127.93956,36.3631],[127.93933,36.36364],[127.9391,36.36384],[127.93863,36.36403],[127.93839,36.36398],[127.93526,36.36194],[127.9347,36.36137],[127.93461,36.36124],[127.92765,36.36012],[127.92617,36.36025],[127.92553,36.36037],[127.92353,36.36065],[127.92307,36.3607],[127.9228,36.3607],[127.92253,36.36067],[127.92229,36.36064],[127.92187,36.36042],[127.92096,36.35956],[127.92014,36.35873],[127.91796,36.35733],[127.9174,36.35706],[127.9169,36.35682],[127.91613,36.35685],[127.91433,36.35712],[127.91306,36.35744],[127.91242,36.35761],[127.90932,36.35892],[127.90529,36.36056],[127.90071,36.36233],[127.8999,36.36251],[127.89945,36.36241],[127.89175,36.35977],[127.89141,36.3596],[127.89133,36.35955],[127.89117,36.36018],[127.89088,36.36079],[127.88951,36.36221],[127.8882,36.36287],[127.88629,36.36393],[127.88526,36.3663],[127.88539,36.3671],[127.8853,36.36778],[127.88505,36.36895],[127.8835,36.37069],[127.88092,36.37114],[127.87963,36.37151],[127.88196,36.37297],[127.8829,36.37384],[127.88345,36.37529],[127.88394,36.3784],[127.88423,36.37934],[127.88479,36.3794],[127.88688,36.37975],[127.88708,36.37979],[127.89005,36.38097],[127.89014,36.38103],[127.89019,36.38109],[127.89026,36.38126],[127.89057,36.38206],[127.89059,36.38213],[127.89059,36.38224],[127.89181,36.38526],[127.89491,36.38868],[127.90119,36.38979],[127.90128,36.38968],[127.90135,36.38963],[127.90144,36.38962],[127.90152,36.38963],[127.90864,36.39329],[127.90867,36.39333],[127.90872,36.39379],[127.90873,36.39414],[127.90877,36.39439],[127.90883,36.39459],[127.90889,36.39476],[127.9093,36.39539],[127.90936,36.39548],[127.9094,36.39552],[127.9095,36.39554],[127.91271,36.39636],[127.91279,36.39637],[127.91294,36.39637],[127.91796,36.39596],[127.91824,36.39589],[127.92309,36.39459],[127.9249,36.39458],[127.92491,36.39462],[127.92493,36.39465],[127.92498,36.39467],[127.92539,36.39484],[127.92569,36.39493],[127.92609,36.39502],[127.92634,36.39507],[127.92644,36.39508],[127.9266,36.39506],[127.92677,36.39503],[127.92707,36.39497],[127.92806,36.39471],[127.92835,36.39463],[127.92853,36.39455],[127.9286,36.39451],[127.92869,36.39445],[127.92877,36.3944],[127.92884,36.39435],[127.92933,36.394],[127.92965,36.39376],[127.92972,36.39369],[127.92977,36.39363],[127.92981,36.39357],[127.92985,36.39351],[127.92996,36.3934],[127.93004,36.39333],[127.9301,36.3933],[127.93038,36.39318],[127.93089,36.39302],[127.93101,36.39299],[127.93141,36.39296],[127.93222,36.39291],[127.93231,36.3929],[127.93243,36.39292],[127.93347,36.39351],[127.93353,36.39357],[127.93353,36.3936],[127.93352,36.39364],[127.93311,36.39447],[127.93295,36.39473],[127.93285,36.39561],[127.93279,36.39627],[127.93279,36.39636],[127.93286,36.39678],[127.93291,36.39699],[127.93299,36.39717],[127.93306,36.3973],[127.93337,36.39779],[127.93349,36.39797],[127.93371,36.39828],[127.9348,36.39873],[127.93506,36.39879],[127.9359,36.39906],[127.93597,36.39909],[127.93606,36.39916],[127.93627,36.39954],[127.93625,36.40019],[127.93619,36.40051],[127.93613,36.40089],[127.93587,36.40143],[127.93557,36.4019],[127.93679,36.4021],[127.93696,36.40213],[127.93733,36.4022],[127.93745,36.40222],[127.93752,36.40225],[127.93755,36.40227],[127.93758,36.40229],[127.93759,36.40232],[127.93761,36.40237],[127.93772,36.4028],[127.93774,36.40294],[127.94297,36.40722],[127.94308,36.40729],[127.94908,36.40952],[127.95073,36.41093],[127.95064,36.41101],[127.9505,36.41118],[127.95047,36.41121],[127.95046,36.41125],[127.95045,36.41131],[127.95044,36.41141],[127.95045,36.41146],[127.95048,36.41156],[127.95052,36.41168],[127.95058,36.41184],[127.95073,36.41219],[127.95079,36.4123],[127.95082,36.41235],[127.95214,36.41347],[127.95667,36.41726],[127.95738,36.41784],[127.95979,36.41847],[127.95989,36.4185],[127.96003,36.41851],[127.96016,36.41851],[127.96038,36.4185],[127.96059,36.41847],[127.96093,36.41843],[127.96128,36.41836],[127.96146,36.41831],[127.96157,36.41827],[127.96173,36.41821],[127.96192,36.41811],[127.96207,36.41802],[127.96224,36.41794],[127.96235,36.4179],[127.96243,36.41788],[127.96246,36.41788],[127.96251,36.41789],[127.96257,36.41791],[127.96261,36.41793],[127.96265,36.41797],[127.96271,36.41802],[127.96279,36.41813],[127.96287,36.41826],[127.96294,36.41838],[127.96304,36.41854],[127.9631,36.41866],[127.96319,36.41882],[127.96325,36.41894],[127.96327,36.41899],[127.96328,36.41904],[127.9635,36.42058],[127.96359,36.42128],[127.96358,36.42265],[127.96235,36.42389],[127.96089,36.42542],[127.96036,36.42598],[127.96031,36.42604],[127.96029,36.42608],[127.96029,36.4261],[127.96031,36.42695],[127.96049,36.42782],[127.96052,36.42789],[127.96222,36.43308],[127.96517,36.43458],[127.96904,36.43699],[127.96926,36.43721],[127.97033,36.43823],[127.97052,36.43841],[127.97069,36.43849],[127.97192,36.43891],[127.97197,36.43892],[127.9744,36.4392],[127.97451,36.4392],[127.97466,36.43919],[127.97493,36.43909],[127.9761,36.43861],[127.97679,36.43882],[127.97699,36.43886],[127.97724,36.43886],[127.97765,36.4388],[127.97784,36.43876],[127.97792,36.43871],[127.97799,36.43862],[127.97806,36.43847],[127.97812,36.43811],[127.97817,36.43771],[127.97821,36.43763],[127.9784,36.43722],[127.97846,36.43715],[127.98054,36.43588],[127.98065,36.43583],[127.98086,36.43581],[127.98114,36.43579],[127.98525,36.43594],[127.9865,36.43636],[127.99185,36.43569],[127.99359,36.43509]]]]}},{"type":"Feature","properties":{"code":"47250410","name":"화서면","parent":"47250"},"geometry":{"type":"MultiPolygon","coordinates":[[[[128.00597,36.4593],[128.00664,36.45855],[128.00682,36.45835],[128.00746,36.45756],[128.00776,36.45691],[128.00792,36.45646],[128.00793,36.45571],[128.00783,36.45482],[128.00707,36.44993],[128.00652,36.44795],[128.00602,36.44739],[128.00071,36.44397],[127.99891,36.44367],[127.99812,36.44338],[127.99762,36.44287],[127.99636,36.44138],[127.99615,36.4411],[127.99599,36.44079],[127.99588,36.44048],[127.9944,36.43677],[127.99359,36.43509],[127.99185,36.43569],[127.9865,36.43636],[127.98525,36.43594],[127.98114,36.43579],[127.98086,36.43581],[127.98065,36.43583],[127.98054,36.43588],[127.97846,36.43715],[127.9784,36.43722],[127.97821,36.43763],[127.97817,36.43771],[127.97812,36.43811],[127.97806,36.43847],[127.97799,36.43862],[127.97792,36.43871],[127.97784,36.43876],[127.97765,36.4388],[127.97724,36.43886],[127.97699,36.43886],[127.97679,36.43882],[127.9761,36.43861],[127.97493,36.43909],[127.97466,36.43919],[127.97451,36.4392],[127.9744,36.4392],[127.97197,36.43892],[127.97192,36.43891],[127.97069,36.43849],[127.97052,36.43841],[127.97033,36.43823],[127.96926,36.43721],[127.96904,36.43699],[127.96517,36.43458],[127.96222,36.43308],[127.96052,36.42789],[127.96049,36.42782],[127.96031,36.42695],[127.96029,36.4261],[127.96029,36.42608],[127.96031,36.42604],[127.96036,36.42598],[127.96089,36.42542],[127.96235,36.42389],[127.96358,36.42265],[127.96359,36.42128],[127.9635,36.42058],[127.96328,36.41904],[127.96327,36.41899],[127.96325,36.41894],[127.96319,36.41882],[127.9631,36.41866],[127.96304,36.41854],[127.96294,36.41838],[127.96287,36.41826],[127.96279,36.41813],[127.96271,36.41802],[127.96265,36.41797],[127.96261,36.41793],[127.96257,36.41791],[127.96251,36.41789],[127.96246,36.41788],[127.96243,36.41788],[127.96235,36.4179],[127.96224,36.41794],[127.96207,36.41802],[127.96192,36.41811],[127.96173,36.41821],[127.96157,36.41827],[127.96146,36.41831],[127.96128,36.41836],[127.96093,36.41843],[127.96059,36.41847],[127.96038,36.4185],[127.96016,36.41851],[127.96003,36.41851],[127.95989,36.4185],[127.95979,36.41847],[127.95738,36.41784],[127.95667,36.41726],[127.95214,36.41347],[127.95082,36.41235],[127.95079,36.4123],[127.95073,36.41219],[127.95058,36.41184],[127.95052,36.41168],[127.95048,36.41156],[127.95045,36.41146],[127.95044,36.41141],[127.95045,36.41131],[127.95046,36.41125],[127.95047,36.41121],[127.9505,36.41118],[127.95064,36.41101],[127.95073,36.41093],[127.94908,36.40952],[127.94308,36.40729],[127.94297,36.40722],[127.93774,36.40294],[127.93772,36.4028],[127.93761,36.40237],[127.93759,36.40232],[127.93758,36.40229],[127.93755,36.40227],[127.93752,36.40225],[127.93745,36.40222],[127.93733,36.4022],[127.93696,36.40213],[127.93679,36.4021],[127.93557,36.4019],[127.93557,36.40203],[127.93534,36.40276],[127.93522,36.40309],[127.93517,36.4032],[127.9351,36.40329],[127.93496,36.4034],[127.93481,36.40348],[127.93465,36.40354],[127.93442,36.40359],[127.93237,36.40654],[127.9319,36.40849],[127.92902,36.41341],[127.92416,36.41319],[127.92134,36.4124],[127.91976,36.4118],[127.91759,36.41137],[127.91421,36.41135],[127.91395,36.41137],[127.91233,36.41167],[127.91227,36.41171],[127.9122,36.41176],[127.9121,36.41189],[127.91203,36.412],[127.91179,36.41241],[127.91123,36.41303],[127.91117,36.41306],[127.91108,36.41307],[127.91094,36.41307],[127.9088,36.41279],[127.90855,36.41273],[127.9062,36.41253],[127.90393,36.41236],[127.89844,36.41257],[127.89837,36.41258],[127.89783,36.41276],[127.89775,36.41279],[127.89765,36.41283],[127.89699,36.41316],[127.89477,36.41497],[127.8947,36.41505],[127.89461,36.41518],[127.89458,36.41527],[127.8943,36.41839],[127.89466,36.41925],[127.89501,36.4195],[127.89514,36.41964],[127.89532,36.41983],[127.89564,36.42022],[127.89735,36.4224],[127.89736,36.42247],[127.89729,36.42256],[127.89711,36.42274],[127.89529,36.42545],[127.89383,36.4286],[127.8934,36.42956],[127.89338,36.42962],[127.89338,36.42966],[127.89339,36.42971],[127.89343,36.4298],[127.89346,36.42985],[127.89357,36.42996],[127.89377,36.43014],[127.89405,36.43039],[127.89419,36.43048],[127.89431,36.43053],[127.8945,36.43061],[127.8947,36.43073],[127.89495,36.4309],[127.89513,36.43103],[127.89523,36.43112],[127.89531,36.43122],[127.89911,36.43575],[127.89905,36.43608],[127.89903,36.43646],[127.89908,36.437],[127.89918,36.43729],[127.89938,36.43759],[127.89956,36.43781],[127.90058,36.43877],[127.90067,36.43883],[127.90242,36.43943],[127.90253,36.43946],[127.90261,36.43947],[127.90454,36.43991],[127.90703,36.4409],[127.90722,36.44098],[127.90733,36.44106],[127.90745,36.44118],[127.90765,36.44149],[127.90814,36.44225],[127.90831,36.44253],[127.90837,36.44273],[127.90835,36.44291],[127.90825,36.44308],[127.90826,36.44321],[127.9083,36.4434],[127.90839,36.44357],[127.90897,36.4446],[127.91015,36.4457],[127.91082,36.44608],[127.91185,36.44666],[127.91276,36.44691],[127.91335,36.44754],[127.91362,36.44827],[127.9138,36.449],[127.91334,36.44938],[127.91204,36.4504],[127.91152,36.45076],[127.91093,36.45114],[127.91035,36.45182],[127.91028,36.45192],[127.91025,36.452],[127.91331,36.45751],[127.91337,36.45761],[127.91351,36.45775],[127.91356,36.45778],[127.91366,36.45782],[127.91526,36.45816],[127.91642,36.45836],[127.91655,36.45839],[127.91665,36.45844],[127.91673,36.45849],[127.9192,36.46033],[127.91962,36.46069],[127.91982,36.46087],[127.9199,36.46096],[127.92085,36.4623],[127.9209,36.46239],[127.92096,36.46255],[127.92101,36.46272],[127.92101,36.46282],[127.92099,36.46292],[127.92094,36.46313],[127.92086,36.46332],[127.9208,36.46344],[127.92078,36.46355],[127.92077,36.46362],[127.92079,36.4637],[127.92081,36.46376],[127.92179,36.46504],[127.92186,36.4651],[127.92298,36.46566],[127.92547,36.4667],[127.92749,36.46741],[127.93205,36.46689],[127.93535,36.46703],[127.9354,36.46703],[127.93546,36.467],[127.93555,36.46695],[127.93568,36.46675],[127.93575,36.46662],[127.93597,36.4663],[127.93614,36.46613],[127.9363,36.46596],[127.93645,36.46586],[127.94009,36.46354],[127.94021,36.46348],[127.94036,36.46343],[127.94043,36.46342],[127.94092,36.46344],[127.94105,36.46346],[127.94113,36.46347],[127.94125,36.46351],[127.94611,36.46532],[127.94622,36.46536],[127.94629,36.46541],[127.94632,36.46545],[127.94717,36.46708],[127.94721,36.46718],[127.94722,36.46728],[127.94739,36.46922],[127.9474,36.46926],[127.94738,36.46945],[127.94722,36.47052],[127.94703,36.47124],[127.947,36.47134],[127.94701,36.47139],[127.94806,36.47226],[127.94829,36.47237],[127.94989,36.4731],[127.95047,36.47335],[127.95111,36.47357],[127.95141,36.4736],[127.95232,36.47371],[127.9525,36.47389],[127.95284,36.47601],[127.95166,36.47954],[127.95162,36.47964],[127.95157,36.47974],[127.95041,36.48211],[127.95036,36.48221],[127.94958,36.48363],[127.94946,36.48382],[127.94939,36.48392],[127.94933,36.48399],[127.94868,36.48459],[127.94859,36.48466],[127.94853,36.4847],[127.94848,36.48473],[127.94709,36.48539],[127.94642,36.48532],[127.94635,36.48527],[127.9463,36.48525],[127.94627,36.48523],[127.94619,36.48522],[127.94589,36.48518],[127.94559,36.48517],[127.94546,36.48517],[127.94522,36.48518],[127.94487,36.48525],[127.94417,36.48542],[127.94404,36.48546],[127.94391,36.48551],[127.94383,36.48554],[127.94312,36.48585],[127.94289,36.48597],[127.94284,36.48601],[127.94254,36.4862],[127.94238,36.48633],[127.94224,36.48646],[127.9422,36.48651],[127.94216,36.48657],[127.94215,36.48661],[127.94215,36.4867],[127.94215,36.48674],[127.94216,36.48676],[127.9422,36.48682],[127.94227,36.48691],[127.94236,36.487],[127.94253,36.48716],[127.94266,36.48725],[127.94286,36.48734],[127.94295,36.48738],[127.943,36.48738],[127.9431,36.48739],[127.94315,36.48739],[127.94324,36.48741],[127.94343,36.48747],[127.94351,36.48749],[127.9436,36.48753],[127.94366,36.48755],[127.94371,36.48759],[127.94374,36.48761],[127.94378,36.48764],[127.94381,36.48769],[127.94384,36.48773],[127.94385,36.48779],[127.94384,36.48795],[127.94383,36.488],[127.94381,36.48805],[127.94378,36.48813],[127.94148,36.4926],[127.9407,36.49407],[127.9393,36.49665],[127.93994,36.49764],[127.9398,36.50117],[127.93952,36.50293],[127.93845,36.50431],[127.93819,36.50476],[127.93725,36.50713],[127.93816,36.50742],[127.93993,36.50752],[127.94165,36.50747],[127.94224,36.50745],[127.9428,36.50748],[127.94431,36.5084],[127.94726,36.50981],[127.94795,36.51013],[127.94907,36.51025],[127.94953,36.51041],[127.94985,36.5108],[127.95329,36.50961],[127.95359,36.50954],[127.95379,36.50952],[127.95424,36.50976],[127.95535,36.5105],[127.95566,36.51075],[127.95596,36.51099],[127.95668,36.51164],[127.95682,36.5119],[127.95717,36.51227],[127.95778,36.51228],[127.96147,36.51096],[127.96301,36.51023],[127.96375,36.50962],[127.96469,36.50908],[127.96521,36.5091],[127.96687,36.50932],[127.96832,36.50975],[127.96897,36.50979],[127.96964,36.50982],[127.97223,36.50944],[127.97296,36.5092],[127.97354,36.50894],[127.97693,36.50398],[127.97692,36.50293],[127.97678,36.50225],[127.97666,36.50189],[127.97648,36.50156],[127.97634,36.50129],[127.97624,36.50098],[127.97619,36.50072],[127.976,36.4989],[127.97628,36.49799],[127.97756,36.49302],[127.97715,36.49241],[127.97712,36.49209],[127.97716,36.4918],[127.97763,36.48997],[127.9782,36.48963],[127.97836,36.48954],[127.97848,36.4895],[127.9786,36.48946],[127.97931,36.48924],[127.98202,36.48678],[127.9854,36.4833],[127.98793,36.4813],[127.98887,36.48053],[127.98849,36.48021],[127.98817,36.47988],[127.98807,36.47971],[127.98887,36.47275],[127.99143,36.46765],[127.99308,36.46605],[127.99334,36.46588],[127.99354,36.46576],[127.99374,36.46565],[127.99696,36.46383],[127.99714,36.46376],[127.99726,36.46374],[127.99738,36.46373],[127.99781,36.46372],[127.99823,36.46384],[127.99888,36.46375],[127.99985,36.46356],[128.00023,36.46334],[128.00552,36.45994],[128.00597,36.4593]]]]}},{"type":"Feature","properties":{"code":"47250420","name":"화북면","parent":"47250"},"geometry":{"type":"MultiPolygon","coordinates":[[[[127.92044,36.60365],[127.92224,36.60256],[127.92292,36.6018],[127.92343,36.60123],[127.9242,36.60005],[127.92436,36.59961],[127.92439,36.59941],[127.92451,36.59869],[127.92488,36.59795],[127.92783,36.59435],[127.92903,36.59332],[127.93019,36.59289],[127.93068,36.59281],[127.93082,36.59271],[127.93271,36.59105],[127.93298,36.59079],[127.93306,36.59057],[127.93305,36.59048],[127.93296,36.58993],[127.93289,36.58958],[127.93268,36.58907],[127.93254,36.58758],[127.93266,36.58561],[127.9329,36.58535],[127.93337,36.58478],[127.93344,36.58447],[127.93346,36.58422],[127.93342,36.58395],[127.93298,36.58324],[127.93206,36.58176],[127.93139,36.58076],[127.93116,36.58027],[127.93095,36.57936],[127.93067,36.57796],[127.93067,36.57767],[127.93068,36.5776],[127.93079,36.57744],[127.93209,36.57561],[127.93225,36.57545],[127.93285,36.57514],[127.93314,36.57512],[127.93421,36.5739],[127.93497,36.57179],[127.93682,36.56642],[127.93723,36.56427],[127.93722,36.56415],[127.93713,36.56399],[127.93671,36.56359],[127.93563,36.56292],[127.93539,36.56267],[127.93369,36.5606],[127.93341,36.56015],[127.93307,36.5593],[127.93298,36.55827],[127.93308,36.55787],[127.93356,36.55728],[127.93625,36.55461],[127.93844,36.55299],[127.93953,36.55233],[127.94079,36.55175],[127.94126,36.55135],[127.94127,36.55112],[127.94043,36.54659],[127.94039,36.54641],[127.94025,36.54634],[127.94007,36.54626],[127.93986,36.54625],[127.93951,36.54626],[127.93888,36.54633],[127.9386,36.54632],[127.9381,36.54623],[127.93742,36.54596],[127.93648,36.5454],[127.93626,36.54517],[127.93575,36.54411],[127.93576,36.54387],[127.93579,36.54353],[127.93607,36.5426],[127.93661,36.541],[127.93675,36.54079],[127.93728,36.54029],[127.93746,36.53995],[127.93762,36.53893],[127.93773,36.53801],[127.93772,36.53788],[127.93759,36.53779],[127.93743,36.53773],[127.93683,36.53767],[127.93599,36.53746],[127.93479,36.53705],[127.93403,36.53672],[127.93224,36.53575],[127.93097,36.53472],[127.93098,36.53407],[127.93184,36.53255],[127.93617,36.52823],[127.93956,36.52632],[127.94031,36.5262],[127.94113,36.52611],[127.9427,36.52597],[127.94385,36.52588],[127.94424,36.52588],[127.94655,36.52653],[127.94706,36.52669],[127.95046,36.52724],[127.95287,36.52688],[127.95318,36.52601],[127.95318,36.52565],[127.95243,36.5239],[127.95219,36.5236],[127.9494,36.5208],[127.94963,36.51901],[127.94988,36.51325],[127.94985,36.5108],[127.94953,36.51041],[127.94907,36.51025],[127.94795,36.51013],[127.94726,36.50981],[127.94431,36.5084],[127.9428,36.50748],[127.94224,36.50745],[127.94165,36.50747],[127.93993,36.50752],[127.93816,36.50742],[127.93725,36.50713],[127.93354,36.51142],[127.93331,36.5116],[127.93238,36.51192],[127.93056,36.51297],[127.92897,36.51387],[127.92837,36.51412],[127.92792,36.51427],[127.92778,36.51427],[127.92753,36.51429],[127.92725,36.51416],[127.92677,36.51388],[127.92648,36.51367],[127.92319,36.51182],[127.91893,36.5104],[127.91757,36.50988],[127.917,36.50962],[127.91419,36.50785],[127.91306,36.50689],[127.91269,36.5065],[127.91223,36.50628],[127.9116,36.50615],[127.91006,36.50654],[127.90676,36.50753],[127.90672,36.50785],[127.90519,36.50908],[127.90437,36.50972],[127.90382,36.51016],[127.90327,36.5109],[127.90224,36.51271],[127.90277,36.51385],[127.90313,36.51612],[127.90308,36.51723],[127.90177,36.51836],[127.90088,36.52279],[127.90064,36.52472],[127.90071,36.52542],[127.90097,36.52636],[127.90133,36.52663],[127.90185,36.52711],[127.90197,36.52758],[127.90202,36.52801],[127.90193,36.52817],[127.89869,36.53016],[127.89793,36.53042],[127.8962,36.53098],[127.89566,36.53071],[127.89483,36.53039],[127.89366,36.53013],[127.89241,36.53043],[127.89088,36.53152],[127.88991,36.53225],[127.88847,36.53304],[127.88739,36.53322],[127.88715,36.53324],[127.88494,36.53369],[127.88445,36.53397],[127.88355,36.53488],[127.88302,36.53546],[127.88148,36.53595],[127.87878,36.5359],[127.87801,36.53569],[127.87745,36.53566],[127.87703,36.53577],[127.87412,36.53731],[127.87368,36.53783],[127.87339,36.5383],[127.87365,36.53892],[127.87397,36.53987],[127.87397,36.54019],[127.87395,36.54043],[127.87374,36.54119],[127.87354,36.54153],[127.87303,36.54188],[127.87217,36.54243],[127.87068,36.5431],[127.87121,36.54456],[127.87234,36.54998],[127.87336,36.55526],[127.87341,36.55591],[127.87322,36.55654],[127.87226,36.55849],[127.87213,36.55868],[127.87079,36.55915],[127.87037,36.55937],[127.86879,36.56065],[127.86854,36.56161],[127.86856,36.56206],[127.86804,36.56294],[127.86782,36.56327],[127.86214,36.56741],[127.85773,36.56922],[127.85758,36.56926],[127.85526,36.56984],[127.85363,36.57032],[127.85343,36.57043],[127.85315,36.57099],[127.85284,36.57158],[127.85195,36.57172],[127.85049,36.57167],[127.84814,36.57158],[127.84783,36.57115],[127.84762,36.57097],[127.8467,36.57049],[127.84596,36.57014],[127.84506,36.56975],[127.84443,36.56962],[127.84381,36.56963],[127.8432,36.56969],[127.83981,36.57043],[127.83569,36.57142],[127.83189,36.57343],[127.83138,36.57405],[127.83093,36.57418],[127.83013,36.5744],[127.82771,36.57377],[127.82744,36.57361],[127.82748,36.57309],[127.82725,36.57238],[127.82674,36.57149],[127.82647,36.57113],[127.82432,36.57084],[127.82388,36.5708],[127.82405,36.571],[127.82407,36.57129],[127.82407,36.57151],[127.82405,36.57166],[127.82119,36.57398],[127.81592,36.57804],[127.81276,36.57961],[127.81224,36.57962],[127.81049,36.57989],[127.80882,36.58019],[127.80732,36.58057],[127.80465,36.58166],[127.80443,36.58239],[127.80438,36.58288],[127.80423,36.58332],[127.80287,36.58435],[127.80103,36.58528],[127.80073,36.58537],[127.8002,36.58551],[127.79879,36.58787],[127.79759,36.5914],[127.79741,36.59197],[127.79718,36.59353],[127.79702,36.59476],[127.79702,36.59878],[127.79722,36.59976],[127.79748,36.60032],[127.79841,36.60228],[127.79941,36.60214],[127.80112,36.60197],[127.80238,36.60221],[127.80651,36.60315],[127.80708,36.60362],[127.80739,36.60428],[127.80878,36.60553],[127.81483,36.60876],[127.81671,36.60884],[127.81749,36.60865],[127.81757,36.60863],[127.81945,36.60817],[127.82204,36.60998],[127.82279,36.61244],[127.82379,36.61255],[127.82607,36.61153],[127.82746,36.61103],[127.82895,36.61172],[127.82997,36.61245],[127.83221,36.6123],[127.83499,36.61052],[127.83644,36.60979],[127.83795,36.60906],[127.83859,36.60888],[127.84054,36.60834],[127.84206,36.60864],[127.84763,36.61095],[127.84848,36.61178],[127.84961,36.61277],[127.85326,36.61301],[127.85459,36.61221],[127.85694,36.61222],[127.85906,36.61324],[127.85673,36.61796],[127.85348,36.61816],[127.85108,36.61892],[127.84747,36.62489],[127.84757,36.62604],[127.84832,36.62773],[127.84821,36.63041],[127.84801,36.63336],[127.85163,36.63365],[127.85722,36.63345],[127.86158,36.63423],[127.86207,36.63436],[127.8627,36.63486],[127.86377,36.63651],[127.86384,36.63663],[127.86401,36.63907],[127.86446,36.63988],[127.86647,36.64034],[127.86756,36.64183],[127.86862,36.64318],[127.87055,36.64394],[127.87039,36.64489],[127.87034,36.64722],[127.87245,36.64828],[127.87317,36.65027],[127.87329,36.65293],[127.87407,36.65539],[127.87484,36.6561],[127.87633,36.65675],[127.87978,36.65756],[127.8817,36.65086],[127.88201,36.6486],[127.88235,36.64622],[127.88447,36.64336],[127.8862,36.64222],[127.88915,36.64028],[127.88961,36.63817],[127.88989,36.63686],[127.88819,36.6353],[127.88802,36.635],[127.88837,36.63416],[127.88872,36.63269],[127.88865,36.63143],[127.88941,36.62946],[127.89,36.62914],[127.89153,36.62831],[127.89343,36.6283],[127.89421,36.62818],[127.895,36.62766],[127.89626,36.6265],[127.89784,36.62642],[127.90081,36.62673],[127.90213,36.62759],[127.90384,36.62772],[127.90719,36.62697],[127.90875,36.62631],[127.90973,36.62573],[127.91028,36.62447],[127.91098,36.62178],[127.91221,36.61904],[127.91318,36.6179],[127.91459,36.61649],[127.91643,36.61121],[127.91637,36.6104],[127.91592,36.60792],[127.91553,36.60625],[127.92044,36.60365]]]]}},{"type":"Feature","properties":{"code":"47250430","name":"외서면","parent":"47250"},"geometry":{"type":"MultiPolygon","coordinates":[[[[127.97947,36.51407],[127.98087,36.51303],[127.98111,36.51297],[127.98328,36.51252],[127.98356,36.51257],[127.98394,36.51281],[127.98445,36.51319],[127.98481,36.51334],[127.98508,36.51333],[127.98531,36.51326],[127.9875,36.51212],[127.9878,36.51189],[127.98844,36.51121],[127.98863,36.5111],[127.98888,36.51104],[127.98928,36.51094],[127.98972,36.51095],[127.99005,36.511],[127.9903,36.51107],[127.9906,36.51118],[127.99148,36.51177],[127.99231,36.5124],[127.99256,36.51246],[127.99277,36.51244],[127.99334,36.51226],[127.99567,36.51179],[127.99922,36.51191],[128.00113,36.51248],[128.0022,36.5131],[128.00494,36.51357],[128.01355,36.51434],[128.01656,36.51516],[128.01663,36.51515],[128.01753,36.51491],[128.01981,36.51416],[128.01991,36.5141],[128.02001,36.51403],[128.02011,36.51394],[128.02022,36.51383],[128.02034,36.51368],[128.02041,36.51356],[128.02051,36.5134],[128.02056,36.51331],[128.02066,36.51319],[128.0208,36.51307],[128.02185,36.5123],[128.02199,36.5122],[128.02214,36.51212],[128.02244,36.51201],[128.0226,36.51196],[128.02282,36.51189],[128.02287,36.51188],[128.02296,36.51187],[128.0231,36.51187],[128.02319,36.51186],[128.02329,36.51187],[128.02408,36.51194],[128.02679,36.51218],[128.02993,36.51314],[128.02998,36.51315],[128.03016,36.51323],[128.03025,36.51327],[128.03029,36.51329],[128.03036,36.51333],[128.03123,36.51389],[128.0313,36.51393],[128.03149,36.51406],[128.03165,36.51418],[128.03182,36.51432],[128.03192,36.51439],[128.03197,36.51443],[128.03201,36.51445],[128.03205,36.51446],[128.03211,36.51447],[128.03217,36.51449],[128.03329,36.51469],[128.03355,36.51473],[128.03359,36.51473],[128.03362,36.51473],[128.03366,36.51473],[128.0337,36.51472],[128.03563,36.51428],[128.0357,36.51426],[128.03575,36.51424],[128.0358,36.51421],[128.03593,36.51412],[128.03597,36.51408],[128.0379,36.51293],[128.04084,36.51138],[128.044,36.51023],[128.04428,36.51013],[128.04448,36.51007],[128.04461,36.51004],[128.04467,36.51003],[128.04551,36.5099],[128.04557,36.50989],[128.04582,36.50987],[128.04625,36.50985],[128.04651,36.50984],[128.0466,36.50985],[128.04668,36.50986],[128.04682,36.50988],[128.04689,36.50989],[128.05011,36.51063],[128.05167,36.51151],[128.05185,36.51173],[128.05192,36.5118],[128.05202,36.51188],[128.05243,36.51214],[128.05258,36.51224],[128.05263,36.51226],[128.05276,36.5123],[128.0542,36.51267],[128.05431,36.51269],[128.05435,36.51269],[128.0544,36.51269],[128.05638,36.51235],[128.06069,36.5115],[128.06079,36.51105],[128.06081,36.51093],[128.0609,36.51035],[128.06094,36.51009],[128.06296,36.50752],[128.06587,36.50424],[128.06591,36.5042],[128.06596,36.50417],[128.07124,36.50157],[128.07167,36.50142],[128.07275,36.50125],[128.07292,36.50125],[128.07404,36.50041],[128.07506,36.49958],[128.07577,36.49876],[128.07627,36.49785],[128.07655,36.49729],[128.07705,36.4965],[128.07737,36.49598],[128.07817,36.49519],[128.07865,36.49485],[128.07917,36.49468],[128.07949,36.49466],[128.07953,36.49469],[128.08014,36.49504],[128.08099,36.49576],[128.08223,36.49683],[128.08304,36.49763],[128.08368,36.49827],[128.0842,36.49921],[128.08439,36.49976],[128.08492,36.5004],[128.08579,36.50103],[128.08672,36.50154],[128.08854,36.50244],[128.09038,36.50334],[128.09335,36.50521],[128.09342,36.50526],[128.09355,36.50536],[128.09361,36.50542],[128.09386,36.50568],[128.09395,36.50579],[128.09398,36.50582],[128.09403,36.50591],[128.09411,36.50604],[128.09413,36.50608],[128.09473,36.50741],[128.09486,36.50775],[128.09491,36.50788],[128.09491,36.50792],[128.09472,36.50923],[128.09469,36.50935],[128.09449,36.51004],[128.0958,36.50969],[128.10229,36.50776],[128.10238,36.50773],[128.10329,36.50729],[128.10519,36.50624],[128.10526,36.50619],[128.10791,36.5039],[128.10797,36.50384],[128.108,36.50381],[128.10802,36.50378],[128.10803,36.50375],[128.10847,36.50227],[128.10862,36.50094],[128.10857,36.49987],[128.10838,36.49897],[128.1081,36.49638],[128.10808,36.49565],[128.10833,36.49459],[128.10858,36.49375],[128.10925,36.48996],[128.10984,36.48559],[128.11012,36.48448],[128.11051,36.48347],[128.11076,36.48315],[128.11095,36.48294],[128.11145,36.48267],[128.11627,36.48151],[128.1203,36.48121],[128.1243,36.48153],[128.12439,36.48152],[128.12447,36.48151],[128.12457,36.48146],[128.12473,36.48137],[128.12486,36.48118],[128.12501,36.48095],[128.12511,36.48074],[128.12519,36.48049],[128.12518,36.48032],[128.12515,36.4802],[128.12502,36.48002],[128.12498,36.47994],[128.12502,36.47974],[128.12514,36.47962],[128.12538,36.47943],[128.12551,36.47936],[128.12563,36.47931],[128.12687,36.47911],[128.12748,36.47904],[128.12859,36.47926],[128.12865,36.47929],[128.1345,36.48344],[128.13607,36.48634],[128.13617,36.48668],[128.13622,36.48681],[128.13628,36.48686],[128.14098,36.48817],[128.14107,36.48818],[128.14126,36.48817],[128.14134,36.48815],[128.14141,36.48811],[128.14155,36.48798],[128.14168,36.48777],[128.14288,36.48561],[128.14652,36.48793],[128.14666,36.48808],[128.14707,36.48839],[128.1472,36.48848],[128.14867,36.48924],[128.14917,36.48947],[128.14953,36.48963],[128.1497,36.48969],[128.1506,36.48999],[128.15108,36.49014],[128.15147,36.49024],[128.15193,36.49033],[128.15167,36.49546],[128.1517,36.49557],[128.1518,36.49569],[128.15335,36.49684],[128.15481,36.49805],[128.1566,36.49953],[128.15979,36.50237],[128.16033,36.50288],[128.16217,36.50482],[128.16407,36.50858],[128.16374,36.50948],[128.16372,36.50954],[128.16372,36.5096],[128.16375,36.50966],[128.1638,36.50974],[128.16389,36.50984],[128.16402,36.50995],[128.16568,36.511],[128.16582,36.51108],[128.16593,36.51112],[128.16675,36.51136],[128.16716,36.51144],[128.16753,36.51149],[128.16786,36.51153],[128.1682,36.51154],[128.1683,36.51154],[128.16835,36.51151],[128.1686,36.51111],[128.16926,36.51013],[128.1693,36.5101],[128.16933,36.51008],[128.16937,36.51008],[128.17164,36.51032],[128.17171,36.51033],[128.17177,36.51034],[128.17183,36.51037],[128.17188,36.5104],[128.1728,36.51104],[128.17326,36.5114],[128.17331,36.51145],[128.17661,36.5116],[128.17814,36.51141],[128.17817,36.51119],[128.17823,36.51088],[128.1783,36.51063],[128.17838,36.51042],[128.17852,36.51018],[128.17858,36.51009],[128.17864,36.51002],[128.17883,36.5099],[128.17912,36.50975],[128.17928,36.5097],[128.17935,36.50966],[128.17942,36.50963],[128.17952,36.50957],[128.17957,36.50953],[128.17962,36.5095],[128.17973,36.50937],[128.18147,36.5074],[128.18184,36.5069],[128.18222,36.50579],[128.18242,36.50456],[128.1823,36.50433],[128.18212,36.50406],[128.18165,36.50359],[128.18147,36.50343],[128.1809,36.50336],[128.18072,36.50335],[128.18024,36.50331],[128.17944,36.50315],[128.17931,36.50311],[128.17918,36.50308],[128.17906,36.50302],[128.17896,36.50297],[128.17891,36.50291],[128.1777,36.50148],[128.177,36.50023],[128.17689,36.49997],[128.1768,36.49945],[128.17681,36.49908],[128.17687,36.49852],[128.17704,36.49808],[128.17722,36.49772],[128.17741,36.49744],[128.17754,36.49718],[128.17759,36.49697],[128.17761,36.49672],[128.17758,36.49629],[128.17578,36.48986],[128.17574,36.48873],[128.17556,36.48809],[128.17481,36.48572],[128.1747,36.48549],[128.1742,36.48491],[128.174,36.48473],[128.17383,36.48438],[128.17381,36.48433],[128.17369,36.48264],[128.1737,36.48259],[128.17399,36.4808],[128.17395,36.48019],[128.1737,36.47915],[128.17332,36.47793],[128.1728,36.47668],[128.17233,36.47582],[128.17106,36.47355],[128.17081,36.47341],[128.17058,36.47335],[128.16986,36.4732],[128.16925,36.47299],[128.16888,36.4726],[128.16854,36.47074],[128.16844,36.47006],[128.16844,36.46999],[128.16844,36.46996],[128.1684,36.46928],[128.16765,36.4666],[128.16635,36.46785],[128.16627,36.4679],[128.16611,36.46796],[128.16481,36.46844],[128.164,36.46866],[128.15091,36.47179],[128.15021,36.47186],[128.14781,36.4719],[128.146,36.47233],[128.14581,36.47234],[128.14511,36.47239],[128.14497,36.47234],[128.14399,36.472],[128.14284,36.47157],[128.13817,36.46941],[128.13808,36.46931],[128.1375,36.46743],[128.13743,36.46715],[128.13751,36.46676],[128.13779,36.46626],[128.13823,36.4658],[128.13902,36.46472],[128.13952,36.4636],[128.13991,36.46141],[128.13994,36.46096],[128.13982,36.46064],[128.13956,36.46026],[128.13945,36.46006],[128.13937,36.45967],[128.13963,36.4591],[128.14098,36.45661],[128.14232,36.45394],[128.14235,36.45385],[128.14236,36.45293],[128.14235,36.45281],[128.142,36.45209],[128.14194,36.45197],[128.14182,36.4518],[128.14174,36.45171],[128.14165,36.45164],[128.14152,36.45155],[128.14136,36.45148],[128.14115,36.45139],[128.14098,36.4513],[128.14087,36.45124],[128.14076,36.45114],[128.14064,36.451],[128.14053,36.45078],[128.14048,36.45063],[128.14047,36.45047],[128.14056,36.44905],[128.14082,36.44753],[128.14003,36.44781],[128.13966,36.44794],[128.1395,36.44798],[128.13933,36.44799],[128.13919,36.448],[128.13906,36.448],[128.13895,36.44799],[128.13395,36.44636],[128.13089,36.4452],[128.13077,36.44514],[128.13067,36.44509],[128.13056,36.44507],[128.13045,36.44506],[128.12949,36.44527],[128.1294,36.44529],[128.12792,36.44585],[128.12781,36.4459],[128.12774,36.44596],[128.1277,36.44607],[128.12335,36.44726],[128.12191,36.446],[128.1208,36.44502],[128.11929,36.44415],[128.11823,36.44373],[128.11708,36.44345],[128.11669,36.44346],[128.11664,36.44346],[128.11655,36.44346],[128.11551,36.44396],[128.11506,36.44431],[128.11435,36.445],[128.11398,36.44541],[128.11301,36.44652],[128.11242,36.44697],[128.11157,36.44752],[128.10606,36.44965],[128.10532,36.44986],[128.10458,36.44991],[128.10439,36.44983],[128.10425,36.44977],[128.10388,36.44942],[128.10096,36.44457],[128.10078,36.4442],[128.10078,36.44341],[128.1008,36.44322],[128.10086,36.44265],[128.10046,36.44205],[128.10009,36.4419],[128.09964,36.44173],[128.09816,36.44096],[128.09664,36.44007],[128.09566,36.44036],[128.09462,36.44077],[128.09332,36.44156],[128.08913,36.44582],[128.08713,36.44859],[128.08683,36.4493],[128.08694,36.45009],[128.08679,36.45075],[128.08627,36.45163],[128.08604,36.45178],[128.08577,36.45197],[128.08505,36.45209],[128.08405,36.45214],[128.08283,36.45209],[128.08047,36.45246],[128.07953,36.45262],[128.07864,36.4529],[128.07838,36.4531],[128.07816,36.45346],[128.07803,36.45406],[128.07807,36.45507],[128.07772,36.45597],[128.07713,36.45671],[128.07655,36.4571],[128.07643,36.45718],[128.07596,36.45741],[128.07385,36.45762],[128.07077,36.45825],[128.07022,36.45846],[128.06898,36.45913],[128.06778,36.45972],[128.0665,36.46002],[128.06489,36.46024],[128.06247,36.46025],[128.05893,36.45981],[128.05814,36.45969],[128.05676,36.4591],[128.05615,36.45894],[128.05446,36.45886],[128.0532,36.45911],[128.05199,36.4597],[128.04907,36.46097],[128.04726,36.46147],[128.04597,36.46157],[128.04513,36.46134],[128.04494,36.46109],[128.04502,36.46024],[128.04482,36.45956],[128.0445,36.4593],[128.04402,36.45918],[128.04329,36.45925],[128.04271,36.45944],[128.04201,36.45978],[128.04105,36.4604],[128.04005,36.46085],[128.03889,36.46131],[128.03804,36.46144],[128.03654,36.46138],[128.03568,36.46086],[128.03529,36.4608],[128.03368,36.46082],[128.03145,36.46147],[128.03108,36.46165],[128.02932,36.46304],[128.02857,36.46394],[128.02845,36.46441],[128.02847,36.46542],[128.02827,36.46584],[128.02622,36.46875],[128.0258,36.4691],[128.02535,36.46929],[128.02511,36.46923],[128.02504,36.46921],[128.02236,36.46705],[128.01873,36.46438],[128.01318,36.46052],[128.01024,36.45926],[128.0083,36.45928],[128.00597,36.4593],[128.00552,36.45994],[128.00023,36.46334],[127.99985,36.46356],[127.99888,36.46375],[127.99823,36.46384],[127.99781,36.46372],[127.99738,36.46373],[127.99726,36.46374],[127.99714,36.46376],[127.99696,36.46383],[127.99374,36.46565],[127.99354,36.46576],[127.99334,36.46588],[127.99308,36.46605],[127.99143,36.46765],[127.98887,36.47275],[127.98807,36.47971],[127.98817,36.47988],[127.98849,36.48021],[127.98887,36.48053],[127.98793,36.4813],[127.9854,36.4833],[127.98202,36.48678],[127.97931,36.48924],[127.9786,36.48946],[127.97848,36.4895],[127.97836,36.48954],[127.9782,36.48963],[127.97763,36.48997],[127.97716,36.4918],[127.97712,36.49209],[127.97715,36.49241],[127.97756,36.49302],[127.97628,36.49799],[127.976,36.4989],[127.97619,36.50072],[127.97624,36.50098],[127.97634,36.50129],[127.97648,36.50156],[127.97666,36.50189],[127.97678,36.50225],[127.97692,36.50293],[127.97693,36.50398],[127.97354,36.50894],[127.97296,36.5092],[127.97223,36.50944],[127.96964,36.50982],[127.96897,36.50979],[127.96832,36.50975],[127.96687,36.50932],[127.96521,36.5091],[127.96469,36.50908],[127.96375,36.50962],[127.96301,36.51023],[127.96147,36.51096],[127.95778,36.51228],[127.95717,36.51227],[127.95682,36.5119],[127.95668,36.51164],[127.95596,36.51099],[127.95566,36.51075],[127.95535,36.5105],[127.95424,36.50976],[127.95379,36.50952],[127.95359,36.50954],[127.95329,36.50961],[127.94985,36.5108],[127.94988,36.51325],[127.94963,36.51901],[127.9494,36.5208],[127.95219,36.5236],[127.95243,36.5239],[127.95318,36.52565],[127.95318,36.52601],[127.95287,36.52688],[127.95816,36.52692],[127.95813,36.52403],[127.95817,36.52331],[127.95828,36.52293],[127.9587,36.52244],[127.9606,36.52054],[127.96079,36.52037],[127.96102,36.52021],[127.96326,36.51924],[127.96547,36.5186],[127.96705,36.51809],[127.96755,36.51783],[127.96771,36.51767],[127.96788,36.51749],[127.96834,36.517],[127.96859,36.51677],[127.96907,36.51637],[127.9693,36.51626],[127.97699,36.51356],[127.97736,36.51348],[127.97843,36.5135],[127.979,36.51379],[127.97947,36.51407]]]]}},{"type":"Feature","properties":{"code":"47250440","name":"은척면","parent":"47250"},"geometry":{"type":"MultiPolygon","coordinates":[[[[128.07588,36.60542],[128.07615,36.60401],[128.07622,36.60226],[128.07615,36.60128],[128.07612,36.60123],[128.07578,36.60014],[128.07561,36.59738],[128.07561,36.5972],[128.07565,36.59714],[128.07664,36.59643],[128.07686,36.59628],[128.0812,36.59355],[128.08152,36.59336],[128.08177,36.59321],[128.08209,36.5931],[128.08224,36.59307],[128.08249,36.59307],[128.08285,36.59311],[128.08328,36.59316],[128.08349,36.5932],[128.08353,36.5932],[128.08357,36.5932],[128.08366,36.59316],[128.08379,36.59307],[128.08395,36.59285],[128.08539,36.59071],[128.08608,36.58958],[128.0861,36.58948],[128.08617,36.58863],[128.08617,36.58833],[128.08614,36.58817],[128.08598,36.58787],[128.08592,36.58768],[128.08591,36.58746],[128.08603,36.5869],[128.08607,36.58679],[128.08632,36.58615],[128.08639,36.58604],[128.08875,36.58185],[128.08883,36.58171],[128.09004,36.57866],[128.0898,36.57832],[128.0897,36.57815],[128.08948,36.57774],[128.0891,36.57657],[128.08908,36.57647],[128.08906,36.57636],[128.08904,36.57627],[128.08903,36.57606],[128.08952,36.5739],[128.08977,36.57375],[128.09111,36.57353],[128.09224,36.57336],[128.0953,36.57219],[128.09534,36.57217],[128.0954,36.57211],[128.09545,36.57205],[128.09547,36.57198],[128.09549,36.57194],[128.0955,36.57186],[128.09551,36.57173],[128.09551,36.57102],[128.09546,36.5694],[128.09407,36.56732],[128.09403,36.56726],[128.09399,36.56722],[128.09393,36.56718],[128.09385,36.56714],[128.0938,36.56713],[128.09313,36.56699],[128.09267,36.56715],[128.0918,36.56775],[128.08958,36.56925],[128.08952,36.56928],[128.08949,36.56929],[128.08448,36.57031],[128.08437,36.57031],[128.0843,36.57031],[128.08422,36.5703],[128.08416,36.57028],[128.0841,36.57025],[128.08218,36.5695],[128.07736,36.56696],[128.07633,36.56624],[128.07564,36.56574],[128.07557,36.56568],[128.07552,36.56557],[128.07446,36.56198],[128.07446,36.56191],[128.07441,36.5601],[128.07441,36.56003],[128.07441,36.55997],[128.07443,36.55982],[128.07445,36.55972],[128.07449,36.55958],[128.07452,36.5595],[128.07561,36.55614],[128.07565,36.55604],[128.0757,36.55592],[128.07582,36.5557],[128.07591,36.55553],[128.07622,36.55497],[128.07627,36.55489],[128.07647,36.55463],[128.07654,36.55454],[128.07659,36.55449],[128.07959,36.55052],[128.08297,36.54601],[128.08185,36.54242],[128.08145,36.54169],[128.08166,36.54087],[128.08201,36.5398],[128.08203,36.53976],[128.08253,36.53861],[128.08256,36.53858],[128.08413,36.5375],[128.0842,36.53745],[128.08427,36.53742],[128.08435,36.53739],[128.08445,36.53736],[128.09043,36.53621],[128.09255,36.53613],[128.0919,36.53399],[128.09181,36.53362],[128.0918,36.53357],[128.09181,36.53352],[128.09185,36.53332],[128.09197,36.53295],[128.092,36.53287],[128.09204,36.53281],[128.09208,36.53277],[128.09253,36.53246],[128.09257,36.53244],[128.09265,36.53241],[128.09275,36.5324],[128.0944,36.53089],[128.09643,36.52894],[128.09825,36.52719],[128.09852,36.52682],[128.09959,36.52549],[128.09979,36.52525],[128.09984,36.52521],[128.09986,36.52519],[128.09991,36.52518],[128.09997,36.52516],[128.10005,36.52515],[128.10078,36.52513],[128.10081,36.52513],[128.10085,36.52514],[128.10091,36.52516],[128.10119,36.52527],[128.1017,36.52535],[128.10174,36.52534],[128.1037,36.52413],[128.10373,36.5241],[128.10375,36.52408],[128.10377,36.52404],[128.10447,36.52265],[128.10465,36.52224],[128.10468,36.52214],[128.1047,36.5219],[128.10468,36.52177],[128.10466,36.52169],[128.10299,36.51862],[128.10293,36.5185],[128.10281,36.51834],[128.10273,36.51825],[128.10265,36.51817],[128.1026,36.51812],[128.10163,36.5174],[128.10151,36.51731],[128.10141,36.51725],[128.1012,36.51715],[128.10113,36.51712],[128.10075,36.51701],[128.10054,36.51696],[128.10044,36.51692],[128.10029,36.51687],[128.10019,36.51683],[128.09968,36.5166],[128.09885,36.5162],[128.09875,36.51615],[128.09844,36.51598],[128.09813,36.5158],[128.0958,36.5143],[128.09376,36.51299],[128.09371,36.51295],[128.09366,36.5129],[128.09361,36.51281],[128.09354,36.51269],[128.09348,36.51258],[128.09341,36.51244],[128.09332,36.51215],[128.09328,36.51201],[128.09329,36.5119],[128.09332,36.51172],[128.09335,36.5116],[128.09343,36.51142],[128.0935,36.51129],[128.09365,36.51108],[128.09372,36.51098],[128.09449,36.51004],[128.09469,36.50935],[128.09472,36.50923],[128.09491,36.50792],[128.09491,36.50788],[128.09486,36.50775],[128.09473,36.50741],[128.09413,36.50608],[128.09411,36.50604],[128.09403,36.50591],[128.09398,36.50582],[128.09395,36.50579],[128.09386,36.50568],[128.09361,36.50542],[128.09355,36.50536],[128.09342,36.50526],[128.09335,36.50521],[128.09038,36.50334],[128.08854,36.50244],[128.08672,36.50154],[128.08579,36.50103],[128.08492,36.5004],[128.08439,36.49976],[128.0842,36.49921],[128.08368,36.49827],[128.08304,36.49763],[128.08223,36.49683],[128.08099,36.49576],[128.08014,36.49504],[128.07953,36.49469],[128.07949,36.49466],[128.07917,36.49468],[128.07865,36.49485],[128.07817,36.49519],[128.07737,36.49598],[128.07705,36.4965],[128.07655,36.49729],[128.07627,36.49785],[128.07577,36.49876],[128.07506,36.49958],[128.07404,36.50041],[128.07292,36.50125],[128.07275,36.50125],[128.07167,36.50142],[128.07124,36.50157],[128.06596,36.50417],[128.06591,36.5042],[128.06587,36.50424],[128.06296,36.50752],[128.06094,36.51009],[128.0609,36.51035],[128.06081,36.51093],[128.06079,36.51105],[128.06069,36.5115],[128.05638,36.51235],[128.0544,36.51269],[128.05435,36.51269],[128.05431,36.51269],[128.0542,36.51267],[128.05276,36.5123],[128.05263,36.51226],[128.05258,36.51224],[128.05243,36.51214],[128.05202,36.51188],[128.05192,36.5118],[128.05185,36.51173],[128.05167,36.51151],[128.05011,36.51063],[128.04689,36.50989],[128.04682,36.50988],[128.04668,36.50986],[128.0466,36.50985],[128.04651,36.50984],[128.04625,36.50985],[128.04582,36.50987],[128.04557,36.50989],[128.04551,36.5099],[128.04467,36.51003],[128.04461,36.51004],[128.04448,36.51007],[128.04428,36.51013],[128.044,36.51023],[128.04084,36.51138],[128.0379,36.51293],[128.03597,36.51408],[128.03593,36.51412],[128.0358,36.51421],[128.03575,36.51424],[128.0357,36.51426],[128.03563,36.51428],[128.0337,36.51472],[128.03366,36.51473],[128.03362,36.51473],[128.03359,36.51473],[128.03355,36.51473],[128.03329,36.51469],[128.03217,36.51449],[128.03211,36.51447],[128.03205,36.51446],[128.03201,36.51445],[128.03197,36.51443],[128.03192,36.51439],[128.03182,36.51432],[128.03165,36.51418],[128.03149,36.51406],[128.0313,36.51393],[128.03123,36.51389],[128.03036,36.51333],[128.03029,36.51329],[128.03025,36.51327],[128.03016,36.51323],[128.02998,36.51315],[128.02993,36.51314],[128.02679,36.51218],[128.02408,36.51194],[128.02329,36.51187],[128.02319,36.51186],[128.0231,36.51187],[128.02296,36.51187],[128.02287,36.51188],[128.02282,36.51189],[128.0226,36.51196],[128.02244,36.51201],[128.02214,36.51212],[128.02199,36.5122],[128.02185,36.5123],[128.0208,36.51307],[128.02066,36.51319],[128.02056,36.51331],[128.02051,36.5134],[128.02041,36.51356],[128.02034,36.51368],[128.02022,36.51383],[128.02011,36.51394],[128.02001,36.51403],[128.01991,36.5141],[128.01981,36.51416],[128.01753,36.51491],[128.01663,36.51515],[128.01656,36.51516],[128.01355,36.51434],[128.00494,36.51357],[128.0022,36.5131],[128.00113,36.51248],[127.99922,36.51191],[127.99567,36.51179],[127.99334,36.51226],[127.99277,36.51244],[127.99256,36.51246],[127.99231,36.5124],[127.99148,36.51177],[127.9906,36.51118],[127.9903,36.51107],[127.99005,36.511],[127.98972,36.51095],[127.98928,36.51094],[127.98888,36.51104],[127.98863,36.5111],[127.98844,36.51121],[127.9878,36.51189],[127.9875,36.51212],[127.98531,36.51326],[127.98508,36.51333],[127.98481,36.51334],[127.98445,36.51319],[127.98394,36.51281],[127.98356,36.51257],[127.98328,36.51252],[127.98111,36.51297],[127.98087,36.51303],[127.97947,36.51407],[127.9797,36.51476],[127.97995,36.51612],[127.98014,36.51728],[127.98015,36.51777],[127.97946,36.52139],[127.98082,36.52371],[127.98088,36.524],[127.98154,36.52833],[127.98151,36.52866],[127.98138,36.52887],[127.98094,36.52913],[127.98071,36.52929],[127.97984,36.52999],[127.97878,36.53098],[127.97841,36.53144],[127.97777,36.53243],[127.97783,36.53276],[127.97867,36.53377],[127.97901,36.53395],[127.97928,36.53406],[127.98086,36.53495],[127.98099,36.53522],[127.98104,36.53542],[127.98098,36.53575],[127.98066,36.53741],[127.98033,36.53865],[127.98,36.53918],[127.97957,36.53984],[127.97865,36.54241],[127.97867,36.54272],[127.97923,36.54348],[127.97984,36.54387],[127.98262,36.54532],[127.9831,36.54532],[127.98362,36.54521],[127.98398,36.54513],[127.98528,36.54469],[127.98611,36.54432],[127.98647,36.54424],[127.99137,36.5444],[127.99374,36.54521],[127.99497,36.54608],[127.99596,36.54684],[127.99632,36.5472],[127.99686,36.54784],[127.99725,36.54905],[127.99782,36.54968],[127.99786,36.5497],[127.99792,36.54972],[127.99799,36.54974],[127.99814,36.54977],[127.99894,36.54989],[128.00489,36.55072],[128.00495,36.55072],[128.005,36.55072],[128.00507,36.55071],[128.00514,36.55069],[128.00523,36.55067],[128.0059,36.55041],[128.01087,36.54833],[128.01308,36.54674],[128.01663,36.54402],[128.02283,36.54473],[128.02296,36.54476],[128.02312,36.5448],[128.02339,36.54488],[128.02356,36.54493],[128.02366,36.54497],[128.02374,36.545],[128.02384,36.54506],[128.02422,36.54533],[128.02483,36.54577],[128.02518,36.54594],[128.0286,36.54733],[128.0287,36.54736],[128.0288,36.5474],[128.02894,36.54743],[128.02917,36.54747],[128.0293,36.54749],[128.02943,36.5475],[128.03714,36.54811],[128.04062,36.54827],[128.04066,36.54827],[128.0407,36.54827],[128.04262,36.54781],[128.04293,36.54771],[128.04356,36.54747],[128.04373,36.5474],[128.04386,36.54735],[128.04394,36.54731],[128.04404,36.54725],[128.04418,36.54715],[128.04511,36.54682],[128.04633,36.54669],[128.05225,36.54614],[128.0535,36.54635],[128.05428,36.54657],[128.05584,36.54739],[128.05591,36.54743],[128.056,36.54751],[128.05605,36.54755],[128.05607,36.54758],[128.05607,36.54762],[128.05591,36.54806],[128.05587,36.54814],[128.05581,36.54827],[128.0557,36.55004],[128.05839,36.55427],[128.05887,36.55535],[128.05887,36.55549],[128.05884,36.55571],[128.05872,36.55597],[128.05849,36.55625],[128.0581,36.55676],[128.05804,36.55685],[128.05807,36.55689],[128.05941,36.55824],[128.05958,36.5584],[128.06187,36.5606],[128.06224,36.56093],[128.06301,36.56125],[128.0631,36.56128],[128.06415,36.5614],[128.06568,36.56241],[128.06402,36.56608],[128.06332,36.56742],[128.06288,36.56785],[128.06272,36.56798],[128.06208,36.5684],[128.06155,36.5698],[128.06093,36.57254],[128.06065,36.57416],[128.06025,36.57454],[128.06009,36.57468],[128.05873,36.57622],[128.05728,36.57798],[128.05725,36.57803],[128.05691,36.57872],[128.05688,36.57882],[128.05688,36.57897],[128.05693,36.57907],[128.05701,36.57919],[128.05772,36.58043],[128.05817,36.58188],[128.05816,36.58191],[128.05809,36.58199],[128.05799,36.58209],[128.0579,36.58216],[128.05776,36.58224],[128.05639,36.58283],[128.05654,36.58298],[128.05667,36.58314],[128.05748,36.58416],[128.05753,36.58423],[128.05756,36.58479],[128.05753,36.58499],[128.05784,36.58566],[128.05912,36.58675],[128.06138,36.58862],[128.0625,36.58895],[128.06324,36.58907],[128.06335,36.58908],[128.06358,36.58904],[128.06434,36.58895],[128.06458,36.58901],[128.06473,36.58907],[128.06482,36.58912],[128.06503,36.58929],[128.06534,36.58955],[128.06766,36.59196],[128.0682,36.59258],[128.06824,36.59265],[128.06844,36.59305],[128.06898,36.59419],[128.06899,36.59423],[128.06887,36.59471],[128.06883,36.59484],[128.06873,36.59524],[128.06852,36.5961],[128.06858,36.59625],[128.07055,36.59808],[128.07061,36.59811],[128.07298,36.60053],[128.0729,36.60071],[128.07281,36.60106],[128.07279,36.60122],[128.07279,36.60129],[128.07278,36.60139],[128.07278,36.6015],[128.07276,36.605],[128.07305,36.60521],[128.07402,36.60565],[128.07415,36.60567],[128.07434,36.60568],[128.07469,36.60562],[128.0754,36.60545],[128.07588,36.60542]]]]}},{"type":"Feature","properties":{"code":"47250450","name":"공검면","parent":"47250"},"geometry":{"type":"MultiPolygon","coordinates":[[[[128.17437,36.54072],[128.17474,36.54071],[128.17488,36.5407],[128.17495,36.54069],[128.175,36.54068],[128.17713,36.54004],[128.17718,36.54002],[128.17941,36.53908],[128.1795,36.53904],[128.17966,36.53896],[128.17974,36.53892],[128.18036,36.53857],[128.18134,36.53798],[128.18143,36.53792],[128.18148,36.53789],[128.18154,36.53783],[128.18196,36.5374],[128.18229,36.53706],[128.18279,36.5359],[128.1828,36.53585],[128.18281,36.53581],[128.18281,36.53577],[128.18291,36.53493],[128.18291,36.5349],[128.1829,36.53485],[128.18093,36.52815],[128.18091,36.52811],[128.18078,36.52784],[128.18074,36.52778],[128.1807,36.52774],[128.18063,36.52771],[128.18042,36.52765],[128.18008,36.52759],[128.17962,36.5275],[128.1793,36.52742],[128.17901,36.52734],[128.17892,36.5273],[128.17883,36.52725],[128.17873,36.52718],[128.1786,36.52702],[128.17857,36.52695],[128.17856,36.52686],[128.17866,36.52523],[128.17881,36.52393],[128.18065,36.52226],[128.18075,36.52225],[128.18144,36.52223],[128.18199,36.52222],[128.18218,36.52219],[128.18231,36.52215],[128.18239,36.52209],[128.18244,36.52201],[128.18289,36.5208],[128.18362,36.51892],[128.18418,36.51781],[128.1825,36.51715],[128.18238,36.5171],[128.18228,36.51704],[128.18213,36.5169],[128.1821,36.51685],[128.18206,36.51679],[128.18205,36.51674],[128.18198,36.5154],[128.18202,36.51467],[128.18203,36.51464],[128.18204,36.51457],[128.18205,36.51452],[128.18204,36.51443],[128.18199,36.51424],[128.18188,36.51396],[128.18185,36.5139],[128.18178,36.51383],[128.18064,36.51279],[128.18049,36.51267],[128.18029,36.51256],[128.17814,36.51141],[128.17661,36.5116],[128.17331,36.51145],[128.17326,36.5114],[128.1728,36.51104],[128.17188,36.5104],[128.17183,36.51037],[128.17177,36.51034],[128.17171,36.51033],[128.17164,36.51032],[128.16937,36.51008],[128.16933,36.51008],[128.1693,36.5101],[128.16926,36.51013],[128.1686,36.51111],[128.16835,36.51151],[128.1683,36.51154],[128.1682,36.51154],[128.16786,36.51153],[128.16753,36.51149],[128.16716,36.51144],[128.16675,36.51136],[128.16593,36.51112],[128.16582,36.51108],[128.16568,36.511],[128.16402,36.50995],[128.16389,36.50984],[128.1638,36.50974],[128.16375,36.50966],[128.16372,36.5096],[128.16372,36.50954],[128.16374,36.50948],[128.16407,36.50858],[128.16217,36.50482],[128.16033,36.50288],[128.15979,36.50237],[128.1566,36.49953],[128.15481,36.49805],[128.15335,36.49684],[128.1518,36.49569],[128.1517,36.49557],[128.15167,36.49546],[128.15193,36.49033],[128.15147,36.49024],[128.15108,36.49014],[128.1506,36.48999],[128.1497,36.48969],[128.14953,36.48963],[128.14917,36.48947],[128.14867,36.48924],[128.1472,36.48848],[128.14707,36.48839],[128.14666,36.48808],[128.14652,36.48793],[128.14288,36.48561],[128.14168,36.48777],[128.14155,36.48798],[128.14141,36.48811],[128.14134,36.48815],[128.14126,36.48817],[128.14107,36.48818],[128.14098,36.48817],[128.13628,36.48686],[128.13622,36.48681],[128.13617,36.48668],[128.13607,36.48634],[128.1345,36.48344],[128.12865,36.47929],[128.12859,36.47926],[128.12748,36.47904],[128.12687,36.47911],[128.12563,36.47931],[128.12551,36.47936],[128.12538,36.47943],[128.12514,36.47962],[128.12502,36.47974],[128.12498,36.47994],[128.12502,36.48002],[128.12515,36.4802],[128.12518,36.48032],[128.12519,36.48049],[128.12511,36.48074],[128.12501,36.48095],[128.12486,36.48118],[128.12473,36.48137],[128.12457,36.48146],[128.12447,36.48151],[128.12439,36.48152],[128.1243,36.48153],[128.1203,36.48121],[128.11627,36.48151],[128.11145,36.48267],[128.11095,36.48294],[128.11076,36.48315],[128.11051,36.48347],[128.11012,36.48448],[128.10984,36.48559],[128.10925,36.48996],[128.10858,36.49375],[128.10833,36.49459],[128.10808,36.49565],[128.1081,36.49638],[128.10838,36.49897],[128.10857,36.49987],[128.10862,36.50094],[128.10847,36.50227],[128.10803,36.50375],[128.10802,36.50378],[128.108,36.50381],[128.10797,36.50384],[128.10791,36.5039],[128.10526,36.50619],[128.10519,36.50624],[128.10329,36.50729],[128.10238,36.50773],[128.10229,36.50776],[128.0958,36.50969],[128.09449,36.51004],[128.09372,36.51098],[128.09365,36.51108],[128.0935,36.51129],[128.09343,36.51142],[128.09335,36.5116],[128.09332,36.51172],[128.09329,36.5119],[128.09328,36.51201],[128.09332,36.51215],[128.09341,36.51244],[128.09348,36.51258],[128.09354,36.51269],[128.09361,36.51281],[128.09366,36.5129],[128.09371,36.51295],[128.09376,36.51299],[128.0958,36.5143],[128.09813,36.5158],[128.09844,36.51598],[128.09875,36.51615],[128.09885,36.5162],[128.09968,36.5166],[128.10019,36.51683],[128.10029,36.51687],[128.10044,36.51692],[128.10054,36.51696],[128.10075,36.51701],[128.10113,36.51712],[128.1012,36.51715],[128.10141,36.51725],[128.10151,36.51731],[128.10163,36.5174],[128.1026,36.51812],[128.10265,36.51817],[128.10273,36.51825],[128.10281,36.51834],[128.10293,36.5185],[128.10299,36.51862],[128.10466,36.52169],[128.10468,36.52177],[128.1047,36.5219],[128.10468,36.52214],[128.10465,36.52224],[128.10447,36.52265],[128.10377,36.52404],[128.10375,36.52408],[128.10373,36.5241],[128.1037,36.52413],[128.10174,36.52534],[128.1017,36.52535],[128.10119,36.52527],[128.10091,36.52516],[128.10085,36.52514],[128.10081,36.52513],[128.10078,36.52513],[128.10005,36.52515],[128.09997,36.52516],[128.09991,36.52518],[128.09986,36.52519],[128.09984,36.52521],[128.09979,36.52525],[128.09959,36.52549],[128.09852,36.52682],[128.09825,36.52719],[128.09643,36.52894],[128.0944,36.53089],[128.09275,36.5324],[128.09265,36.53241],[128.09257,36.53244],[128.09253,36.53246],[128.09208,36.53277],[128.09204,36.53281],[128.092,36.53287],[128.09197,36.53295],[128.09185,36.53332],[128.09181,36.53352],[128.0918,36.53357],[128.09181,36.53362],[128.0919,36.53399],[128.09255,36.53613],[128.09412,36.53646],[128.09429,36.53651],[128.09461,36.53663],[128.09481,36.53671],[128.09496,36.53679],[128.09518,36.53692],[128.09526,36.53698],[128.09544,36.53715],[128.09558,36.53729],[128.09566,36.53738],[128.09576,36.53754],[128.09589,36.53776],[128.09597,36.53792],[128.09627,36.5385],[128.0963,36.53857],[128.09698,36.54029],[128.09727,36.54103],[128.09769,36.5421],[128.0977,36.54219],[128.09771,36.54235],[128.09772,36.54247],[128.09771,36.54258],[128.0977,36.54273],[128.09768,36.54285],[128.09766,36.54302],[128.09764,36.54312],[128.09763,36.54323],[128.09762,36.54357],[128.09762,36.54369],[128.09763,36.54374],[128.09764,36.54377],[128.09817,36.5451],[128.0982,36.54516],[128.09827,36.54529],[128.09861,36.54583],[128.09879,36.54607],[128.09886,36.54613],[128.09935,36.54662],[128.09941,36.54666],[128.09966,36.54679],[128.09987,36.54689],[128.09996,36.54692],[128.10002,36.54694],[128.10005,36.54695],[128.1001,36.54695],[128.10014,36.54695],[128.1002,36.54694],[128.10025,36.54692],[128.10029,36.5469],[128.10034,36.54686],[128.10413,36.54688],[128.10817,36.54851],[128.11114,36.54841],[128.11122,36.54841],[128.11128,36.54843],[128.11152,36.54855],[128.1117,36.54867],[128.1119,36.54881],[128.1121,36.54896],[128.11222,36.54907],[128.11233,36.54917],[128.11249,36.54937],[128.11274,36.5497],[128.11362,36.55087],[128.11911,36.55448],[128.11934,36.55462],[128.11988,36.55488],[128.12001,36.55493],[128.12009,36.55494],[128.12018,36.55494],[128.12028,36.55493],[128.12064,36.55486],[128.12111,36.55493],[128.12116,36.55493],[128.12123,36.55492],[128.12134,36.5549],[128.1214,36.55488],[128.12146,36.55486],[128.12151,36.55482],[128.12433,36.55247],[128.12436,36.55244],[128.12442,36.55239],[128.12447,36.55232],[128.12711,36.54884],[128.12616,36.5456],[128.12616,36.54555],[128.12617,36.54546],[128.12624,36.54523],[128.1263,36.54509],[128.12639,36.54491],[128.12654,36.54465],[128.12658,36.54459],[128.12669,36.54447],[128.12697,36.54419],[128.12917,36.54199],[128.12923,36.54196],[128.12928,36.54194],[128.12935,36.54194],[128.12946,36.54193],[128.12953,36.54193],[128.1296,36.54194],[128.12973,36.54196],[128.13087,36.54221],[128.13092,36.54222],[128.13097,36.54224],[128.13102,36.54227],[128.13113,36.54237],[128.1312,36.54242],[128.13127,36.54247],[128.13152,36.5426],[128.13162,36.54266],[128.13174,36.54271],[128.13186,36.54276],[128.13195,36.54279],[128.13312,36.54308],[128.13317,36.54309],[128.13329,36.54311],[128.13348,36.54312],[128.13369,36.54312],[128.13375,36.54311],[128.13379,36.5431],[128.13382,36.54309],[128.13731,36.54141],[128.13831,36.54062],[128.13902,36.54001],[128.13905,36.53997],[128.13909,36.53991],[128.1391,36.53985],[128.13911,36.53979],[128.1391,36.53974],[128.13909,36.53969],[128.139,36.5395],[128.13893,36.53939],[128.13878,36.53911],[128.13875,36.53904],[128.13874,36.53898],[128.13874,36.53894],[128.13874,36.5389],[128.13877,36.53851],[128.13877,36.53846],[128.13879,36.53842],[128.13882,36.53837],[128.13917,36.53798],[128.13926,36.53788],[128.14095,36.53686],[128.14101,36.53685],[128.14149,36.53673],[128.14155,36.53672],[128.14162,36.53671],[128.1443,36.53659],[128.14507,36.53659],[128.14571,36.53648],[128.14748,36.53615],[128.14904,36.53563],[128.14909,36.53561],[128.14912,36.53558],[128.14916,36.53555],[128.14943,36.53525],[128.14956,36.5351],[128.14968,36.53494],[128.14973,36.53487],[128.14976,36.53481],[128.14978,36.53476],[128.14979,36.53468],[128.14979,36.5346],[128.14978,36.53455],[128.14977,36.53451],[128.14973,36.53443],[128.14969,36.53433],[128.14968,36.53429],[128.14969,36.53426],[128.1497,36.53423],[128.14973,36.53419],[128.14976,36.53415],[128.1498,36.53412],[128.15071,36.53354],[128.15074,36.53352],[128.15078,36.53352],[128.15084,36.53351],[128.15101,36.53348],[128.15154,36.53343],[128.15275,36.53333],[128.15292,36.53331],[128.15343,36.53327],[128.15371,36.53326],[128.15389,36.53325],[128.15454,36.53321],[128.1548,36.5332],[128.15498,36.5332],[128.15519,36.53321],[128.15541,36.53322],[128.15608,36.53329],[128.15638,36.53333],[128.15647,36.53335],[128.15826,36.53369],[128.15832,36.5337],[128.15846,36.53373],[128.15856,36.53376],[128.15862,36.53377],[128.15883,36.53385],[128.16559,36.53648],[128.16948,36.53905],[128.17354,36.5405],[128.17437,36.54072]]]]}},{"type":"Feature","properties":{"code":"47250460","name":"이안면","parent":"47250"},"geometry":{"type":"MultiPolygon","coordinates":[[[[128.1512,36.59968],[128.15101,36.59899],[128.1503,36.59756],[128.14888,36.59559],[128.14697,36.59373],[128.14677,36.5935],[128.14645,36.5931],[128.14641,36.59303],[128.1464,36.59296],[128.1464,36.5929],[128.14643,36.59281],[128.14646,36.59272],[128.14651,36.59265],[128.14665,36.59248],[128.14674,36.59238],[128.15144,36.58782],[128.15444,36.585],[128.15453,36.58495],[128.15462,36.5849],[128.1547,36.58484],[128.15562,36.58412],[128.15564,36.58408],[128.1563,36.58154],[128.15631,36.58145],[128.15631,36.58135],[128.1563,36.58124],[128.15625,36.58107],[128.15592,36.58024],[128.15582,36.58006],[128.15552,36.57962],[128.15545,36.57952],[128.15535,36.57942],[128.15527,36.57938],[128.15516,36.57933],[128.15501,36.5793],[128.15488,36.5793],[128.15475,36.57931],[128.15283,36.57921],[128.14951,36.57771],[128.14943,36.57766],[128.14932,36.57757],[128.14852,36.57689],[128.14848,36.57683],[128.14847,36.5768],[128.14848,36.57675],[128.14851,36.57669],[128.14853,36.57665],[128.14856,36.5766],[128.14865,36.57653],[128.1508,36.57499],[128.15095,36.5749],[128.15114,36.57479],[128.15126,36.57474],[128.15136,36.5747],[128.15146,36.57468],[128.15156,36.57467],[128.15178,36.57465],[128.15293,36.57437],[128.15457,36.5739],[128.15469,36.57386],[128.15591,36.57345],[128.15611,36.57337],[128.15715,36.57286],[128.15719,36.57284],[128.15722,36.57281],[128.15728,36.57275],[128.15754,36.57243],[128.1579,36.57197],[128.15807,36.57173],[128.15817,36.57155],[128.15825,36.57129],[128.15836,36.57084],[128.15848,36.5703],[128.15858,36.56997],[128.15866,36.56972],[128.15881,36.56936],[128.15897,36.56906],[128.15913,36.56879],[128.15951,36.56836],[128.15985,36.568],[128.1602,36.56763],[128.16057,36.56724],[128.16087,36.56696],[128.16098,36.56686],[128.16106,36.56682],[128.16115,36.56677],[128.1613,36.56672],[128.16152,36.56663],[128.16172,36.56655],[128.16188,36.56647],[128.16203,36.56638],[128.16215,36.56629],[128.16223,36.56622],[128.1623,36.56615],[128.16427,36.56282],[128.16465,36.56198],[128.16476,36.56169],[128.165,36.56107],[128.16549,36.55981],[128.16644,36.55712],[128.16654,36.55678],[128.16658,36.55662],[128.16659,36.5564],[128.16666,36.55194],[128.16667,36.54946],[128.16654,36.54935],[128.16475,36.54771],[128.1646,36.54755],[128.16448,36.54742],[128.1644,36.54734],[128.16414,36.54699],[128.1641,36.54693],[128.16407,36.54688],[128.16405,36.54682],[128.16403,36.54672],[128.16402,36.54668],[128.16403,36.54663],[128.16403,36.54659],[128.16407,36.54645],[128.16409,36.54639],[128.16411,36.54634],[128.16413,36.54631],[128.16474,36.5456],[128.16705,36.54412],[128.16713,36.54407],[128.16725,36.54403],[128.16733,36.54403],[128.16739,36.54404],[128.16744,36.54406],[128.16751,36.54409],[128.16755,36.54412],[128.16759,36.54418],[128.16763,36.54425],[128.16771,36.5444],[128.16783,36.54462],[128.16798,36.54484],[128.16811,36.545],[128.16819,36.54509],[128.16825,36.54514],[128.16829,36.54515],[128.16833,36.54515],[128.16836,36.54515],[128.17084,36.5447],[128.17099,36.54466],[128.17119,36.5446],[128.17136,36.54452],[128.17151,36.54442],[128.17168,36.54431],[128.17179,36.54423],[128.17386,36.54236],[128.17388,36.54233],[128.17391,36.5423],[128.17432,36.54154],[128.17435,36.54148],[128.17437,36.54143],[128.17438,36.54138],[128.17439,36.54134],[128.17441,36.54118],[128.17441,36.54111],[128.17441,36.54106],[128.1744,36.541],[128.17437,36.54072],[128.17354,36.5405],[128.16948,36.53905],[128.16559,36.53648],[128.15883,36.53385],[128.15862,36.53377],[128.15856,36.53376],[128.15846,36.53373],[128.15832,36.5337],[128.15826,36.53369],[128.15647,36.53335],[128.15638,36.53333],[128.15608,36.53329],[128.15541,36.53322],[128.15519,36.53321],[128.15498,36.5332],[128.1548,36.5332],[128.15454,36.53321],[128.15389,36.53325],[128.15371,36.53326],[128.15343,36.53327],[128.15292,36.53331],[128.15275,36.53333],[128.15154,36.53343],[128.15101,36.53348],[128.15084,36.53351],[128.15078,36.53352],[128.15074,36.53352],[128.15071,36.53354],[128.1498,36.53412],[128.14976,36.53415],[128.14973,36.53419],[128.1497,36.53423],[128.14969,36.53426],[128.14968,36.53429],[128.14969,36.53433],[128.14973,36.53443],[128.14977,36.53451],[128.14978,36.53455],[128.14979,36.5346],[128.14979,36.53468],[128.14978,36.53476],[128.14976,36.53481],[128.14973,36.53487],[128.14968,36.53494],[128.14956,36.5351],[128.14943,36.53525],[128.14916,36.53555],[128.14912,36.53558],[128.14909,36.53561],[128.14904,36.53563],[128.14748,36.53615],[128.14571,36.53648],[128.14507,36.53659],[128.1443,36.53659],[128.14162,36.53671],[128.14155,36.53672],[128.14149,36.53673],[128.14101,36.53685],[128.14095,36.53686],[128.13926,36.53788],[128.13917,36.53798],[128.13882,36.53837],[128.13879,36.53842],[128.13877,36.53846],[128.13877,36.53851],[128.13874,36.5389],[128.13874,36.53894],[128.13874,36.53898],[128.13875,36.53904],[128.13878,36.53911],[128.13893,36.53939],[128.139,36.5395],[128.13909,36.53969],[128.1391,36.53974],[128.13911,36.53979],[128.1391,36.53985],[128.13909,36.53991],[128.13905,36.53997],[128.13902,36.54001],[128.13831,36.54062],[128.13731,36.54141],[128.13382,36.54309],[128.13379,36.5431],[128.13375,36.54311],[128.13369,36.54312],[128.13348,36.54312],[128.13329,36.54311],[128.13317,36.54309],[128.13312,36.54308],[128.13195,36.54279],[128.13186,36.54276],[128.13174,36.54271],[128.13162,36.54266],[128.13152,36.5426],[128.13127,36.54247],[128.1312,36.54242],[128.13113,36.54237],[128.13102,36.54227],[128.13097,36.54224],[128.13092,36.54222],[128.13087,36.54221],[128.12973,36.54196],[128.1296,36.54194],[128.12953,36.54193],[128.12946,36.54193],[128.12935,36.54194],[128.12928,36.54194],[128.12923,36.54196],[128.12917,36.54199],[128.12697,36.54419],[128.12669,36.54447],[128.12658,36.54459],[128.12654,36.54465],[128.12639,36.54491],[128.1263,36.54509],[128.12624,36.54523],[128.12617,36.54546],[128.12616,36.54555],[128.12616,36.5456],[128.12711,36.54884],[128.12447,36.55232],[128.12442,36.55239],[128.12436,36.55244],[128.12433,36.55247],[128.12151,36.55482],[128.12146,36.55486],[128.1214,36.55488],[128.12134,36.5549],[128.12123,36.55492],[128.12116,36.55493],[128.12111,36.55493],[128.12064,36.55486],[128.12028,36.55493],[128.12018,36.55494],[128.12009,36.55494],[128.12001,36.55493],[128.11988,36.55488],[128.11934,36.55462],[128.11911,36.55448],[128.11362,36.55087],[128.11274,36.5497],[128.11249,36.54937],[128.11233,36.54917],[128.11222,36.54907],[128.1121,36.54896],[128.1119,36.54881],[128.1117,36.54867],[128.11152,36.54855],[128.11128,36.54843],[128.11122,36.54841],[128.11114,36.54841],[128.10817,36.54851],[128.10413,36.54688],[128.10034,36.54686],[128.10029,36.5469],[128.10025,36.54692],[128.1002,36.54694],[128.10014,36.54695],[128.1001,36.54695],[128.10005,36.54695],[128.10002,36.54694],[128.09996,36.54692],[128.09987,36.54689],[128.09966,36.54679],[128.09941,36.54666],[128.09935,36.54662],[128.09886,36.54613],[128.09879,36.54607],[128.09861,36.54583],[128.09827,36.54529],[128.0982,36.54516],[128.09817,36.5451],[128.09764,36.54377],[128.09763,36.54374],[128.09762,36.54369],[128.09762,36.54357],[128.09763,36.54323],[128.09764,36.54312],[128.09766,36.54302],[128.09768,36.54285],[128.0977,36.54273],[128.09771,36.54258],[128.09772,36.54247],[128.09771,36.54235],[128.0977,36.54219],[128.09769,36.5421],[128.09727,36.54103],[128.09698,36.54029],[128.0963,36.53857],[128.09627,36.5385],[128.09597,36.53792],[128.09589,36.53776],[128.09576,36.53754],[128.09566,36.53738],[128.09558,36.53729],[128.09544,36.53715],[128.09526,36.53698],[128.09518,36.53692],[128.09496,36.53679],[128.09481,36.53671],[128.09461,36.53663],[128.09429,36.53651],[128.09412,36.53646],[128.09255,36.53613],[128.09043,36.53621],[128.08445,36.53736],[128.08435,36.53739],[128.08427,36.53742],[128.0842,36.53745],[128.08413,36.5375],[128.08256,36.53858],[128.08253,36.53861],[128.08203,36.53976],[128.08201,36.5398],[128.08166,36.54087],[128.08145,36.54169],[128.08185,36.54242],[128.08297,36.54601],[128.07959,36.55052],[128.07659,36.55449],[128.07654,36.55454],[128.07647,36.55463],[128.07627,36.55489],[128.07622,36.55497],[128.07591,36.55553],[128.07582,36.5557],[128.0757,36.55592],[128.07565,36.55604],[128.07561,36.55614],[128.07452,36.5595],[128.07449,36.55958],[128.07445,36.55972],[128.07443,36.55982],[128.07441,36.55997],[128.07441,36.56003],[128.07441,36.5601],[128.07446,36.56191],[128.07446,36.56198],[128.07552,36.56557],[128.07557,36.56568],[128.07564,36.56574],[128.07633,36.56624],[128.07736,36.56696],[128.08218,36.5695],[128.0841,36.57025],[128.08416,36.57028],[128.08422,36.5703],[128.0843,36.57031],[128.08437,36.57031],[128.08448,36.57031],[128.08949,36.56929],[128.08952,36.56928],[128.08958,36.56925],[128.0918,36.56775],[128.09267,36.56715],[128.09313,36.56699],[128.0938,36.56713],[128.09385,36.56714],[128.09393,36.56718],[128.09399,36.56722],[128.09403,36.56726],[128.09407,36.56732],[128.09546,36.5694],[128.09551,36.57102],[128.09551,36.57173],[128.0955,36.57186],[128.09549,36.57194],[128.09547,36.57198],[128.09545,36.57205],[128.0954,36.57211],[128.09534,36.57217],[128.0953,36.57219],[128.09224,36.57336],[128.09111,36.57353],[128.08977,36.57375],[128.08952,36.5739],[128.08903,36.57606],[128.08904,36.57627],[128.08906,36.57636],[128.08908,36.57647],[128.0891,36.57657],[128.08948,36.57774],[128.0897,36.57815],[128.0898,36.57832],[128.09004,36.57866],[128.08883,36.58171],[128.08875,36.58185],[128.08639,36.58604],[128.08632,36.58615],[128.08607,36.58679],[128.08603,36.5869],[128.08591,36.58746],[128.08592,36.58768],[128.08598,36.58787],[128.08614,36.58817],[128.08617,36.58833],[128.08617,36.58863],[128.0861,36.58948],[128.08608,36.58958],[128.08539,36.59071],[128.08395,36.59285],[128.08379,36.59307],[128.08366,36.59316],[128.08357,36.5932],[128.08353,36.5932],[128.08349,36.5932],[128.08328,36.59316],[128.08285,36.59311],[128.08249,36.59307],[128.08224,36.59307],[128.08209,36.5931],[128.08177,36.59321],[128.08152,36.59336],[128.0812,36.59355],[128.07686,36.59628],[128.07664,36.59643],[128.07565,36.59714],[128.07561,36.5972],[128.07561,36.59738],[128.07578,36.60014],[128.07612,36.60123],[128.07615,36.60128],[128.07622,36.60226],[128.07615,36.60401],[128.07588,36.60542],[128.07719,36.60633],[128.07729,36.60637],[128.08377,36.60844],[128.08677,36.60924],[128.08687,36.60926],[128.087,36.60926],[128.08713,36.60923],[128.08808,36.60894],[128.08815,36.60891],[128.08833,36.60878],[128.08859,36.60858],[128.0888,36.60844],[128.08918,36.60826],[128.08944,36.60817],[128.08961,36.60813],[128.0923,36.60785],[128.09269,36.60785],[128.09802,36.60808],[128.09809,36.60812],[128.09904,36.60853],[128.09909,36.60854],[128.09915,36.60855],[128.10183,36.60857],[128.1019,36.60856],[128.10202,36.60853],[128.1021,36.60848],[128.10265,36.60814],[128.10295,36.60794],[128.10308,36.60784],[128.10372,36.60748],[128.10464,36.60697],[128.10473,36.60694],[128.10537,36.60682],[128.10551,36.6068],[128.10561,36.6068],[128.10823,36.60794],[128.10829,36.60797],[128.11208,36.61095],[128.11202,36.61305],[128.112,36.6131],[128.11197,36.61317],[128.11196,36.61325],[128.11187,36.61575],[128.11187,36.61604],[128.11187,36.61611],[128.1119,36.61617],[128.11256,36.61783],[128.11307,36.61908],[128.1156,36.62095],[128.11863,36.6208],[128.11878,36.62056],[128.1189,36.62039],[128.11919,36.62013],[128.1194,36.61996],[128.11957,36.61986],[128.11971,36.6198],[128.11984,36.61978],[128.12125,36.61957],[128.12235,36.6194],[128.12281,36.61938],[128.12325,36.61932],[128.12337,36.61928],[128.12359,36.61921],[128.1239,36.619],[128.12407,36.61884],[128.12558,36.61681],[128.12567,36.61658],[128.12755,36.61517],[128.12972,36.61417],[128.13173,36.61353],[128.13278,36.61331],[128.13301,36.61329],[128.13343,36.61335],[128.13381,36.61337],[128.13399,36.61337],[128.13423,36.61337],[128.13448,36.61335],[128.13458,36.6133],[128.13552,36.61279],[128.13767,36.61108],[128.14038,36.60945],[128.14063,36.60934],[128.14202,36.60883],[128.14346,36.60831],[128.14596,36.60608],[128.148,36.60305],[128.14876,36.60198],[128.14882,36.6019],[128.15076,36.60009],[128.1512,36.59968]]]]}},{"type":"Feature","properties":{"code":"47250470","name":"화남면","parent":"47250"},"geometry":{"type":"MultiPolygon","coordinates":[[[[127.93725,36.50713],[127.93819,36.50476],[127.93845,36.50431],[127.93952,36.50293],[127.9398,36.50117],[127.93994,36.49764],[127.9393,36.49665],[127.9407,36.49407],[127.94148,36.4926],[127.94378,36.48813],[127.94381,36.48805],[127.94383,36.488],[127.94384,36.48795],[127.94385,36.48779],[127.94384,36.48773],[127.94381,36.48769],[127.94378,36.48764],[127.94374,36.48761],[127.94371,36.48759],[127.94366,36.48755],[127.9436,36.48753],[127.94351,36.48749],[127.94343,36.48747],[127.94324,36.48741],[127.94315,36.48739],[127.9431,36.48739],[127.943,36.48738],[127.94295,36.48738],[127.94286,36.48734],[127.94266,36.48725],[127.94253,36.48716],[127.94236,36.487],[127.94227,36.48691],[127.9422,36.48682],[127.94216,36.48676],[127.94215,36.48674],[127.94215,36.4867],[127.94215,36.48661],[127.94216,36.48657],[127.9422,36.48651],[127.94224,36.48646],[127.94238,36.48633],[127.94254,36.4862],[127.94284,36.48601],[127.94289,36.48597],[127.94312,36.48585],[127.94383,36.48554],[127.94391,36.48551],[127.94404,36.48546],[127.94417,36.48542],[127.94487,36.48525],[127.94522,36.48518],[127.94546,36.48517],[127.94559,36.48517],[127.94589,36.48518],[127.94619,36.48522],[127.94627,36.48523],[127.9463,36.48525],[127.94635,36.48527],[127.94642,36.48532],[127.94709,36.48539],[127.94848,36.48473],[127.94853,36.4847],[127.94859,36.48466],[127.94868,36.48459],[127.94933,36.48399],[127.94939,36.48392],[127.94946,36.48382],[127.94958,36.48363],[127.95036,36.48221],[127.95041,36.48211],[127.95157,36.47974],[127.95162,36.47964],[127.95166,36.47954],[127.95284,36.47601],[127.9525,36.47389],[127.95232,36.47371],[127.95141,36.4736],[127.95111,36.47357],[127.95047,36.47335],[127.94989,36.4731],[127.94829,36.47237],[127.94806,36.47226],[127.94701,36.47139],[127.947,36.47134],[127.94703,36.47124],[127.94722,36.47052],[127.94738,36.46945],[127.9474,36.46926],[127.94739,36.46922],[127.94722,36.46728],[127.94721,36.46718],[127.94717,36.46708],[127.94632,36.46545],[127.94629,36.46541],[127.94622,36.46536],[127.94611,36.46532],[127.94125,36.46351],[127.94113,36.46347],[127.94105,36.46346],[127.94092,36.46344],[127.94043,36.46342],[127.94036,36.46343],[127.94021,36.46348],[127.94009,36.46354],[127.93645,36.46586],[127.9363,36.46596],[127.93614,36.46613],[127.93597,36.4663],[127.93575,36.46662],[127.93568,36.46675],[127.93555,36.46695],[127.93546,36.467],[127.9354,36.46703],[127.93535,36.46703],[127.93205,36.46689],[127.92749,36.46741],[127.92547,36.4667],[127.92298,36.46566],[127.92186,36.4651],[127.92179,36.46504],[127.92081,36.46376],[127.92079,36.4637],[127.92077,36.46362],[127.92078,36.46355],[127.9208,36.46344],[127.92086,36.46332],[127.92094,36.46313],[127.92099,36.46292],[127.92101,36.46282],[127.92101,36.46272],[127.92096,36.46255],[127.9209,36.46239],[127.92085,36.4623],[127.9199,36.46096],[127.91982,36.46087],[127.91962,36.46069],[127.9192,36.46033],[127.91673,36.45849],[127.91665,36.45844],[127.91655,36.45839],[127.91642,36.45836],[127.91526,36.45816],[127.91366,36.45782],[127.91356,36.45778],[127.91351,36.45775],[127.91337,36.45761],[127.91331,36.45751],[127.91025,36.452],[127.91028,36.45192],[127.91035,36.45182],[127.91093,36.45114],[127.91152,36.45076],[127.91204,36.4504],[127.91334,36.44938],[127.9138,36.449],[127.91362,36.44827],[127.91335,36.44754],[127.91276,36.44691],[127.91185,36.44666],[127.91082,36.44608],[127.91015,36.4457],[127.90897,36.4446],[127.90839,36.44357],[127.9083,36.4434],[127.90826,36.44321],[127.90825,36.44308],[127.90835,36.44291],[127.90837,36.44273],[127.90831,36.44253],[127.90814,36.44225],[127.90765,36.44149],[127.90745,36.44118],[127.90733,36.44106],[127.90722,36.44098],[127.90703,36.4409],[127.90454,36.43991],[127.90261,36.43947],[127.90253,36.43946],[127.90242,36.43943],[127.90067,36.43883],[127.90058,36.43877],[127.89956,36.43781],[127.89938,36.43759],[127.89918,36.43729],[127.89908,36.437],[127.89903,36.43646],[127.89905,36.43608],[127.89911,36.43575],[127.89531,36.43122],[127.89523,36.43112],[127.89513,36.43103],[127.89495,36.4309],[127.8947,36.43073],[127.8945,36.43061],[127.89431,36.43053],[127.89419,36.43048],[127.89405,36.43039],[127.89377,36.43014],[127.89357,36.42996],[127.89346,36.42985],[127.89343,36.4298],[127.89339,36.42971],[127.89338,36.42966],[127.89338,36.42962],[127.8934,36.42956],[127.89383,36.4286],[127.89529,36.42545],[127.89711,36.42274],[127.89729,36.42256],[127.89736,36.42247],[127.89735,36.4224],[127.89564,36.42022],[127.89532,36.41983],[127.89514,36.41964],[127.89501,36.4195],[127.89466,36.41925],[127.8943,36.41839],[127.89458,36.41527],[127.89461,36.41518],[127.8947,36.41505],[127.89477,36.41497],[127.89699,36.41316],[127.89765,36.41283],[127.89775,36.41279],[127.89783,36.41276],[127.89837,36.41258],[127.89844,36.41257],[127.90393,36.41236],[127.9062,36.41253],[127.90855,36.41273],[127.9088,36.41279],[127.91094,36.41307],[127.91108,36.41307],[127.91117,36.41306],[127.91123,36.41303],[127.91179,36.41241],[127.91203,36.412],[127.9121,36.41189],[127.9122,36.41176],[127.91227,36.41171],[127.91233,36.41167],[127.91395,36.41137],[127.91421,36.41135],[127.91759,36.41137],[127.91976,36.4118],[127.92134,36.4124],[127.92416,36.41319],[127.92902,36.41341],[127.9319,36.40849],[127.93237,36.40654],[127.93442,36.40359],[127.93465,36.40354],[127.93481,36.40348],[127.93496,36.4034],[127.9351,36.40329],[127.93517,36.4032],[127.93522,36.40309],[127.93534,36.40276],[127.93557,36.40203],[127.93557,36.4019],[127.93587,36.40143],[127.93613,36.40089],[127.93619,36.40051],[127.93625,36.40019],[127.93627,36.39954],[127.93606,36.39916],[127.93597,36.39909],[127.9359,36.39906],[127.93506,36.39879],[127.9348,36.39873],[127.93371,36.39828],[127.93349,36.39797],[127.93337,36.39779],[127.93306,36.3973],[127.93299,36.39717],[127.93291,36.39699],[127.93286,36.39678],[127.93279,36.39636],[127.93279,36.39627],[127.93285,36.39561],[127.93295,36.39473],[127.93311,36.39447],[127.93352,36.39364],[127.93353,36.3936],[127.93353,36.39357],[127.93347,36.39351],[127.93243,36.39292],[127.93231,36.3929],[127.93222,36.39291],[127.93141,36.39296],[127.93101,36.39299],[127.93089,36.39302],[127.93038,36.39318],[127.9301,36.3933],[127.93004,36.39333],[127.92996,36.3934],[127.92985,36.39351],[127.92981,36.39357],[127.92977,36.39363],[127.92972,36.39369],[127.92965,36.39376],[127.92933,36.394],[127.92884,36.39435],[127.92877,36.3944],[127.92869,36.39445],[127.9286,36.39451],[127.92853,36.39455],[127.92835,36.39463],[127.92806,36.39471],[127.92707,36.39497],[127.92677,36.39503],[127.9266,36.39506],[127.92644,36.39508],[127.92634,36.39507],[127.92609,36.39502],[127.92569,36.39493],[127.92539,36.39484],[127.92498,36.39467],[127.92493,36.39465],[127.92491,36.39462],[127.9249,36.39458],[127.92309,36.39459],[127.91824,36.39589],[127.91796,36.39596],[127.91294,36.39637],[127.91279,36.39637],[127.91271,36.39636],[127.9095,36.39554],[127.9094,36.39552],[127.90936,36.39548],[127.9093,36.39539],[127.90889,36.39476],[127.90883,36.39459],[127.90877,36.39439],[127.90873,36.39414],[127.90872,36.39379],[127.90867,36.39333],[127.90864,36.39329],[127.90152,36.38963],[127.90144,36.38962],[127.90135,36.38963],[127.90128,36.38968],[127.90119,36.38979],[127.89491,36.38868],[127.89181,36.38526],[127.89059,36.38224],[127.89059,36.38213],[127.89057,36.38206],[127.89026,36.38126],[127.89019,36.38109],[127.89014,36.38103],[127.89005,36.38097],[127.88708,36.37979],[127.88688,36.37975],[127.88479,36.3794],[127.88423,36.37934],[127.88429,36.37979],[127.88241,36.38176],[127.88153,36.38197],[127.88076,36.38235],[127.87923,36.38325],[127.87856,36.38533],[127.87877,36.3861],[127.87877,36.38643],[127.87851,36.38711],[127.87602,36.39075],[127.87509,36.39121],[127.8712,36.39133],[127.86847,36.39123],[127.86761,36.39128],[127.86523,36.39166],[127.86496,36.39172],[127.86243,36.39237],[127.86238,36.39257],[127.86251,36.39274],[127.86425,36.39395],[127.86565,36.39484],[127.86529,36.39729],[127.86512,36.39831],[127.86423,36.39902],[127.86374,36.40019],[127.86363,36.40308],[127.86411,36.40336],[127.86469,36.40316],[127.86651,36.40293],[127.86704,36.40292],[127.86967,36.40357],[127.87082,36.4042],[127.87216,36.40508],[127.87312,36.40587],[127.87345,36.40712],[127.87342,36.40759],[127.87301,36.40845],[127.87307,36.40961],[127.87324,36.41004],[127.87571,36.41432],[127.87599,36.41479],[127.87718,36.41587],[127.87753,36.41598],[127.87924,36.41687],[127.88239,36.42116],[127.88264,36.42174],[127.88284,36.4235],[127.88264,36.42445],[127.88261,36.42459],[127.88213,36.4256],[127.88041,36.42764],[127.87534,36.42846],[127.87467,36.43092],[127.87355,36.43758],[127.87303,36.44171],[127.87378,36.44493],[127.87466,36.44792],[127.87489,36.44857],[127.8754,36.44876],[127.87656,36.44889],[127.87704,36.44908],[127.87737,36.44935],[127.87778,36.44999],[127.87974,36.45417],[127.87974,36.45441],[127.88055,36.45817],[127.8824,36.461],[127.8808,36.46407],[127.88033,36.46456],[127.87884,36.46577],[127.87838,36.46709],[127.87946,36.46798],[127.88016,36.4708],[127.88019,36.47143],[127.88034,36.47428],[127.88119,36.47483],[127.88176,36.47541],[127.88214,36.47587],[127.88202,36.47672],[127.88178,36.4779],[127.88068,36.48072],[127.87704,36.48271],[127.87641,36.48297],[127.87586,36.48317],[127.87523,36.48319],[127.87552,36.48567],[127.87609,36.48837],[127.87755,36.48899],[127.87873,36.48949],[127.87975,36.49129],[127.88047,36.49327],[127.88091,36.49331],[127.88529,36.49365],[127.8858,36.4932],[127.8866,36.49301],[127.8879,36.49307],[127.88848,36.4931],[127.88886,36.49337],[127.88965,36.49438],[127.89056,36.49536],[127.89401,36.49788],[127.89542,36.49846],[127.89701,36.49874],[127.89807,36.49944],[127.89863,36.49981],[127.89985,36.50086],[127.90021,36.50119],[127.90033,36.50155],[127.90042,36.50198],[127.90074,36.50239],[127.90117,36.50291],[127.90135,36.50304],[127.90243,36.5036],[127.90382,36.50432],[127.90531,36.5053],[127.90648,36.50659],[127.90678,36.50738],[127.90676,36.50753],[127.91006,36.50654],[127.9116,36.50615],[127.91223,36.50628],[127.91269,36.5065],[127.91306,36.50689],[127.91419,36.50785],[127.917,36.50962],[127.91757,36.50988],[127.91893,36.5104],[127.92319,36.51182],[127.92648,36.51367],[127.92677,36.51388],[127.92725,36.51416],[127.92753,36.51429],[127.92778,36.51427],[127.92792,36.51427],[127.92837,36.51412],[127.92897,36.51387],[127.93056,36.51297],[127.93238,36.51192],[127.93331,36.5116],[127.93354,36.51142],[127.93725,36.50713]]]]}},{"type":"Feature","properties":{"code":"47250520","name":"남원동","parent":"47250"},"geometry":{"type":"MultiPolygon","coordinates":[[[[128.14082,36.44753],[128.1411,36.4468],[128.14253,36.44393],[128.1429,36.44378],[128.14326,36.44366],[128.14385,36.44357],[128.14412,36.44316],[128.14424,36.44249],[128.14412,36.44234],[128.1427,36.4399],[128.14165,36.43683],[128.14156,36.43628],[128.14153,36.43609],[128.14172,36.4351],[128.14176,36.43489],[128.14207,36.43444],[128.14356,36.43359],[128.14475,36.43256],[128.14506,36.43217],[128.14512,36.43208],[128.14433,36.43052],[128.14403,36.42994],[128.14251,36.42745],[128.1427,36.4248],[128.14376,36.42123],[128.14418,36.42088],[128.14515,36.42039],[128.14564,36.42022],[128.14578,36.42017],[128.14584,36.42013],[128.14627,36.41985],[128.14735,36.41896],[128.14941,36.4157],[128.14944,36.41558],[128.14996,36.41552],[128.15139,36.41554],[128.15601,36.41566],[128.16082,36.41574],[128.16229,36.41545],[128.16281,36.41533],[128.16304,36.41332],[128.16316,36.40935],[128.16353,36.40749],[128.16139,36.40742],[128.15799,36.40712],[128.15564,36.40691],[128.1554,36.40685],[128.1552,36.40662],[128.1542,36.40487],[128.15394,36.40437],[128.15434,36.40367],[128.15435,36.40331],[128.15437,36.4028],[128.15437,36.40271],[128.15436,36.4004],[128.1521,36.40041],[128.1496,36.40069],[128.14932,36.40044],[128.14756,36.39848],[128.14744,36.39834],[128.14708,36.39602],[128.14473,36.38947],[128.1431,36.38728],[128.1423,36.38693],[128.14055,36.38577],[128.13991,36.38524],[128.13931,36.38436],[128.13925,36.3839],[128.1391,36.38282],[128.13882,36.38242],[128.13548,36.3796],[128.1338,36.37705],[128.13258,36.3756],[128.13109,36.37482],[128.13041,36.37519],[128.12862,36.37572],[128.12705,36.37584],[128.12582,36.37563],[128.12497,36.37536],[128.1236,36.37383],[128.12216,36.37155],[128.11989,36.37167],[128.11787,36.37505],[128.11735,36.37729],[128.11748,36.37846],[128.11818,36.37914],[128.11842,36.37946],[128.11895,36.38019],[128.11979,36.38183],[128.11999,36.38263],[128.12053,36.3852],[128.12045,36.38633],[128.12008,36.38682],[128.11922,36.38785],[128.11834,36.38874],[128.11759,36.38914],[128.11604,36.38963],[128.11429,36.39],[128.114,36.39003],[128.11225,36.39026],[128.11114,36.39021],[128.11165,36.39186],[128.11219,36.39304],[128.11249,36.39355],[128.11328,36.3945],[128.11379,36.39476],[128.11413,36.39491],[128.11508,36.39554],[128.11546,36.39586],[128.1155,36.39849],[128.11124,36.40328],[128.10697,36.4055],[128.10404,36.40652],[128.10207,36.40613],[128.10169,36.40606],[128.10064,36.4084],[128.1006,36.40857],[128.10063,36.40896],[128.1011,36.41163],[128.10127,36.41221],[128.10145,36.41262],[128.10171,36.41299],[128.10195,36.41323],[128.10219,36.41347],[128.10235,36.41357],[128.10379,36.41424],[128.10405,36.41425],[128.10483,36.41438],[128.10526,36.41626],[128.10529,36.41652],[128.10537,36.41742],[128.1054,36.41775],[128.10535,36.41786],[128.10247,36.4216],[128.10012,36.42418],[128.09794,36.42585],[128.09325,36.42961],[128.09297,36.43164],[128.09294,36.43215],[128.09323,36.4337],[128.09329,36.43388],[128.09397,36.43582],[128.09541,36.43661],[128.09634,36.43781],[128.09701,36.43889],[128.09664,36.44007],[128.09816,36.44096],[128.09964,36.44173],[128.10009,36.4419],[128.10046,36.44205],[128.10086,36.44265],[128.1008,36.44322],[128.10078,36.44341],[128.10078,36.4442],[128.10096,36.44457],[128.10388,36.44942],[128.10425,36.44977],[128.10439,36.44983],[128.10458,36.44991],[128.10532,36.44986],[128.10606,36.44965],[128.11157,36.44752],[128.11242,36.44697],[128.11301,36.44652],[128.11398,36.44541],[128.11435,36.445],[128.11506,36.44431],[128.11551,36.44396],[128.11655,36.44346],[128.11664,36.44346],[128.11669,36.44346],[128.11708,36.44345],[128.11823,36.44373],[128.11929,36.44415],[128.1208,36.44502],[128.12191,36.446],[128.12335,36.44726],[128.1277,36.44607],[128.12774,36.44596],[128.12781,36.4459],[128.12792,36.44585],[128.1294,36.44529],[128.12949,36.44527],[128.13045,36.44506],[128.13056,36.44507],[128.13067,36.44509],[128.13077,36.44514],[128.13089,36.4452],[128.13395,36.44636],[128.13895,36.44799],[128.13906,36.448],[128.13919,36.448],[128.13933,36.44799],[128.1395,36.44798],[128.13966,36.44794],[128.14003,36.44781],[128.14082,36.44753]]]]}},{"type":"Feature","properties":{"code":"47250530","name":"북문동","parent":"47250"},"geometry":{"type":"MultiPolygon","coordinates":[[[[128.16765,36.4666],[128.16899,36.46649],[128.17331,36.46659],[128.17396,36.46677],[128.17411,36.46678],[128.1744,36.46673],[128.17715,36.46625],[128.17741,36.46619],[128.17794,36.46599],[128.17825,36.46584],[128.17837,36.46576],[128.18039,36.46374],[128.18064,36.46345],[128.18137,36.46244],[128.1812,36.46088],[128.18086,36.4609],[128.18033,36.46111],[128.18008,36.46087],[128.17814,36.45853],[128.17807,36.45844],[128.17787,36.45808],[128.17771,36.4577],[128.1771,36.45613],[128.17752,36.45585],[128.17783,36.45587],[128.17929,36.45589],[128.18081,36.45586],[128.18158,36.4557],[128.18164,36.45568],[128.18176,36.45562],[128.18192,36.45552],[128.18355,36.45448],[128.18361,36.4544],[128.18365,36.4543],[128.18366,36.45423],[128.18365,36.45415],[128.1836,36.45392],[128.18355,36.45379],[128.18122,36.4487],[128.18116,36.44862],[128.18076,36.4485],[128.18045,36.44841],[128.18011,36.44834],[128.17996,36.44836],[128.17946,36.44848],[128.17933,36.44851],[128.17917,36.44858],[128.17841,36.44793],[128.17671,36.44592],[128.17745,36.4447],[128.17859,36.4438],[128.17817,36.44333],[128.17633,36.44297],[128.17485,36.44276],[128.16984,36.44205],[128.17004,36.44111],[128.17018,36.44041],[128.168,36.44009],[128.16469,36.43962],[128.1646,36.43969],[128.16448,36.43976],[128.16436,36.43982],[128.16414,36.43993],[128.16378,36.44009],[128.16323,36.44003],[128.16296,36.44],[128.16278,36.43996],[128.16269,36.4399],[128.16256,36.4398],[128.15881,36.43617],[128.15883,36.43587],[128.15889,36.43532],[128.15897,36.4348],[128.15919,36.43294],[128.15919,36.43248],[128.15917,36.432],[128.15915,36.43176],[128.15914,36.43163],[128.15905,36.43145],[128.15876,36.43092],[128.15861,36.43068],[128.15818,36.43],[128.15806,36.42925],[128.15748,36.42449],[128.15746,36.42431],[128.15755,36.42376],[128.15761,36.42353],[128.15769,36.42336],[128.1578,36.42318],[128.15795,36.42305],[128.15821,36.42292],[128.15895,36.42243],[128.15897,36.42217],[128.15899,36.42201],[128.15901,36.42166],[128.15904,36.42109],[128.15911,36.4198],[128.15832,36.41977],[128.15566,36.4192],[128.15522,36.41847],[128.1552,36.41844],[128.15439,36.41773],[128.15302,36.41687],[128.14941,36.4157],[128.14735,36.41896],[128.14627,36.41985],[128.14584,36.42013],[128.14578,36.42017],[128.14564,36.42022],[128.14515,36.42039],[128.14418,36.42088],[128.14376,36.42123],[128.1427,36.4248],[128.14251,36.42745],[128.14403,36.42994],[128.14433,36.43052],[128.14512,36.43208],[128.14506,36.43217],[128.14475,36.43256],[128.14356,36.43359],[128.14207,36.43444],[128.14176,36.43489],[128.14172,36.4351],[128.14153,36.43609],[128.14156,36.43628],[128.14165,36.43683],[128.1427,36.4399],[128.14412,36.44234],[128.14424,36.44249],[128.14412,36.44316],[128.14385,36.44357],[128.14326,36.44366],[128.1429,36.44378],[128.14253,36.44393],[128.1411,36.4468],[128.14082,36.44753],[128.14056,36.44905],[128.14047,36.45047],[128.14048,36.45063],[128.14053,36.45078],[128.14064,36.451],[128.14076,36.45114],[128.14087,36.45124],[128.14098,36.4513],[128.14115,36.45139],[128.14136,36.45148],[128.14152,36.45155],[128.14165,36.45164],[128.14174,36.45171],[128.14182,36.4518],[128.14194,36.45197],[128.142,36.45209],[128.14235,36.45281],[128.14236,36.45293],[128.14235,36.45385],[128.14232,36.45394],[128.14098,36.45661],[128.13963,36.4591],[128.13937,36.45967],[128.13945,36.46006],[128.13956,36.46026],[128.13982,36.46064],[128.13994,36.46096],[128.13991,36.46141],[128.13952,36.4636],[128.13902,36.46472],[128.13823,36.4658],[128.13779,36.46626],[128.13751,36.46676],[128.13743,36.46715],[128.1375,36.46743],[128.13808,36.46931],[128.13817,36.46941],[128.14284,36.47157],[128.14399,36.472],[128.14497,36.47234],[128.14511,36.47239],[128.14581,36.47234],[128.146,36.47233],[128.14781,36.4719],[128.15021,36.47186],[128.15091,36.47179],[128.164,36.46866],[128.16481,36.46844],[128.16611,36.46796],[128.16627,36.4679],[128.16635,36.46785],[128.16765,36.4666]]]]}},{"type":"Feature","properties":{"code":"47250540","name":"계림동","parent":"47250"},"geometry":{"type":"MultiPolygon","coordinates":[[[[128.1812,36.46088],[128.18211,36.46079],[128.1865,36.46054],[128.18735,36.46055],[128.18795,36.46056],[128.18843,36.46052],[128.18906,36.46045],[128.18991,36.4603],[128.19035,36.46022],[128.19096,36.46009],[128.19153,36.45994],[128.1945,36.45894],[128.19511,36.45853],[128.19637,36.45741],[128.19823,36.45818],[128.19897,36.45833],[128.19903,36.45834],[128.20255,36.45822],[128.2037,36.45793],[128.20399,36.4561],[128.20404,36.45293],[128.2041,36.45128],[128.20562,36.44856],[128.20573,36.44844],[128.20616,36.44755],[128.20642,36.4465],[128.20638,36.44223],[128.20634,36.44092],[128.20547,36.44049],[128.20267,36.43958],[128.20225,36.43941],[128.20153,36.43898],[128.19883,36.43563],[128.19798,36.43455],[128.19749,36.43344],[128.1965,36.43155],[128.19587,36.43065],[128.19585,36.43062],[128.19581,36.43058],[128.19418,36.42915],[128.19261,36.42907],[128.18982,36.42984],[128.18773,36.43127],[128.18225,36.42615],[128.18067,36.42466],[128.17599,36.42097],[128.17509,36.42048],[128.17363,36.4204],[128.16953,36.42027],[128.16393,36.42008],[128.15911,36.4198],[128.15904,36.42109],[128.15901,36.42166],[128.15899,36.42201],[128.15897,36.42217],[128.15895,36.42243],[128.15821,36.42292],[128.15795,36.42305],[128.1578,36.42318],[128.15769,36.42336],[128.15761,36.42353],[128.15755,36.42376],[128.15746,36.42431],[128.15748,36.42449],[128.15806,36.42925],[128.15818,36.43],[128.15861,36.43068],[128.15876,36.43092],[128.15905,36.43145],[128.15914,36.43163],[128.15915,36.43176],[128.15917,36.432],[128.15919,36.43248],[128.15919,36.43294],[128.15897,36.4348],[128.15889,36.43532],[128.15883,36.43587],[128.15881,36.43617],[128.16256,36.4398],[128.16269,36.4399],[128.16278,36.43996],[128.16296,36.44],[128.16323,36.44003],[128.16378,36.44009],[128.16414,36.43993],[128.16436,36.43982],[128.16448,36.43976],[128.1646,36.43969],[128.16469,36.43962],[128.168,36.44009],[128.17018,36.44041],[128.17004,36.44111],[128.16984,36.44205],[128.17485,36.44276],[128.17633,36.44297],[128.17817,36.44333],[128.17859,36.4438],[128.17745,36.4447],[128.17671,36.44592],[128.17841,36.44793],[128.17917,36.44858],[128.17933,36.44851],[128.17946,36.44848],[128.17996,36.44836],[128.18011,36.44834],[128.18045,36.44841],[128.18076,36.4485],[128.18116,36.44862],[128.18122,36.4487],[128.18355,36.45379],[128.1836,36.45392],[128.18365,36.45415],[128.18366,36.45423],[128.18365,36.4543],[128.18361,36.4544],[128.18355,36.45448],[128.18192,36.45552],[128.18176,36.45562],[128.18164,36.45568],[128.18158,36.4557],[128.18081,36.45586],[128.17929,36.45589],[128.17783,36.45587],[128.17752,36.45585],[128.1771,36.45613],[128.17771,36.4577],[128.17787,36.45808],[128.17807,36.45844],[128.17814,36.45853],[128.18008,36.46087],[128.18033,36.46111],[128.18086,36.4609],[128.1812,36.46088]]]]}},{"type":"Feature","properties":{"code":"47250550","name":"동문동","parent":"47250"},"geometry":{"type":"MultiPolygon","coordinates":[[[[128.23777,36.43323],[128.23733,36.43327],[128.23729,36.43327],[128.23684,36.43331],[128.23658,36.43332],[128.2363,36.43331],[128.23601,36.4333],[128.23559,36.43325],[128.23504,36.43319],[128.23478,36.43314],[128.23463,36.4331],[128.23445,36.43302],[128.2307,36.431],[128.23055,36.43092],[128.23039,36.43077],[128.23026,36.43064],[128.22918,36.42938],[128.22884,36.42898],[128.22878,36.42889],[128.22877,36.42882],[128.22879,36.42867],[128.22824,36.4266],[128.22718,36.42352],[128.22716,36.42345],[128.2271,36.42339],[128.22703,36.42336],[128.22433,36.42242],[128.22426,36.4224],[128.22418,36.42239],[128.22411,36.4224],[128.22392,36.42245],[128.22358,36.42253],[128.22329,36.42261],[128.22311,36.4227],[128.2228,36.42284],[128.22262,36.42292],[128.22234,36.42302],[128.22209,36.42309],[128.22195,36.42313],[128.22186,36.42313],[128.22182,36.42312],[128.22174,36.42305],[128.22145,36.42268],[128.22121,36.42237],[128.22114,36.42222],[128.21867,36.41324],[128.21832,36.4124],[128.21796,36.41145],[128.21775,36.40945],[128.21774,36.40935],[128.21837,36.40788],[128.21844,36.40774],[128.21855,36.40758],[128.21868,36.40744],[128.21898,36.40718],[128.21906,36.40715],[128.21922,36.40713],[128.21948,36.40713],[128.21972,36.40712],[128.21982,36.40709],[128.21994,36.40705],[128.22008,36.40698],[128.22013,36.40692],[128.22016,36.40686],[128.22019,36.40632],[128.22019,36.40595],[128.22018,36.40592],[128.22016,36.40585],[128.21838,36.40422],[128.21828,36.40414],[128.21471,36.40228],[128.21142,36.40182],[128.20916,36.40198],[128.20705,36.4019],[128.20615,36.40194],[128.20521,36.40247],[128.20421,36.40478],[128.20386,36.40639],[128.20419,36.40726],[128.20419,36.40839],[128.20399,36.40961],[128.20223,36.40784],[128.20217,36.40752],[128.20172,36.4067],[128.19909,36.40515],[128.19689,36.40429],[128.19399,36.40544],[128.19189,36.40699],[128.18646,36.41048],[128.18573,36.41087],[128.18307,36.41139],[128.18147,36.41117],[128.17979,36.40937],[128.17512,36.40406],[128.17505,36.40352],[128.1729,36.40149],[128.17283,36.40144],[128.17261,36.40143],[128.17225,36.40145],[128.17189,36.40153],[128.17155,36.40161],[128.17128,36.40169],[128.17103,36.40183],[128.17096,36.40198],[128.17092,36.40222],[128.17094,36.40251],[128.17098,36.40269],[128.1711,36.40296],[128.1713,36.40307],[128.17275,36.40461],[128.17722,36.41076],[128.17764,36.41139],[128.17807,36.41202],[128.17839,36.41214],[128.17885,36.41219],[128.17928,36.41221],[128.17991,36.41462],[128.18022,36.41648],[128.18054,36.41746],[128.18061,36.4176],[128.18081,36.41783],[128.18084,36.41803],[128.18075,36.41815],[128.18059,36.41818],[128.17739,36.41767],[128.17613,36.41724],[128.17518,36.41689],[128.17158,36.41626],[128.16939,36.41609],[128.16764,36.41598],[128.16756,36.41685],[128.16752,36.41739],[128.16723,36.41738],[128.16549,36.41733],[128.16481,36.41721],[128.16283,36.41637],[128.16281,36.41533],[128.16229,36.41545],[128.16082,36.41574],[128.15601,36.41566],[128.15139,36.41554],[128.14996,36.41552],[128.14944,36.41558],[128.14941,36.4157],[128.15302,36.41687],[128.15439,36.41773],[128.1552,36.41844],[128.15522,36.41847],[128.15566,36.4192],[128.15832,36.41977],[128.15911,36.4198],[128.16393,36.42008],[128.16953,36.42027],[128.17363,36.4204],[128.17509,36.42048],[128.17599,36.42097],[128.18067,36.42466],[128.18225,36.42615],[128.18773,36.43127],[128.18982,36.42984],[128.19261,36.42907],[128.19418,36.42915],[128.19581,36.43058],[128.19585,36.43062],[128.19587,36.43065],[128.1965,36.43155],[128.19749,36.43344],[128.19798,36.43455],[128.19883,36.43563],[128.20153,36.43898],[128.20225,36.43941],[128.20267,36.43958],[128.20547,36.44049],[128.20634,36.44092],[128.20848,36.44038],[128.2093,36.43963],[128.20989,36.43836],[128.21091,36.43612],[128.21161,36.43569],[128.21497,36.43494],[128.21819,36.43513],[128.22119,36.4354],[128.22236,36.43587],[128.22328,36.43635],[128.22386,36.43667],[128.22419,36.43682],[128.22461,36.43701],[128.22584,36.4375],[128.22621,36.43764],[128.22668,36.43779],[128.22695,36.43786],[128.22742,36.43799],[128.2276,36.43804],[128.22782,36.43808],[128.22802,36.43808],[128.22816,36.43805],[128.22833,36.438],[128.22846,36.43791],[128.22864,36.43772],[128.22919,36.43715],[128.22943,36.43693],[128.23076,36.43591],[128.23089,36.43582],[128.23104,36.43578],[128.23136,36.43569],[128.2316,36.43563],[128.23192,36.43558],[128.23239,36.43553],[128.23278,36.43551],[128.2332,36.43549],[128.23412,36.43554],[128.23436,36.43558],[128.23457,36.43567],[128.23486,36.4358],[128.23499,36.43586],[128.23561,36.43622],[128.23567,36.43627],[128.23572,36.43635],[128.23606,36.43718],[128.2374,36.43815],[128.23763,36.4383],[128.23797,36.4385],[128.23879,36.43886],[128.23958,36.43915],[128.23996,36.43928],[128.24017,36.43936],[128.24043,36.43947],[128.24148,36.43996],[128.24187,36.44014],[128.24586,36.44215],[128.24609,36.44229],[128.24726,36.44304],[128.24714,36.44332],[128.24688,36.44371],[128.24614,36.44455],[128.24537,36.44529],[128.24494,36.44569],[128.24668,36.4489],[128.24719,36.45184],[128.24852,36.45449],[128.25094,36.45666],[128.25135,36.45704],[128.25148,36.45719],[128.25187,36.45773],[128.25436,36.4576],[128.25562,36.45733],[128.25603,36.45708],[128.25746,36.45618],[128.25896,36.45356],[128.26126,36.44934],[128.26201,36.44762],[128.25946,36.44198],[128.25897,36.44094],[128.25874,36.44046],[128.25668,36.43716],[128.25568,36.43545],[128.25423,36.43412],[128.25222,36.43299],[128.24768,36.43297],[128.2472,36.43316],[128.24549,36.43384],[128.24362,36.43426],[128.24331,36.43433],[128.24096,36.43448],[128.23967,36.43442],[128.23937,36.4343],[128.23861,36.43382],[128.23777,36.43323]]]]}},{"type":"Feature","properties":{"code":"47250560","name":"동성동","parent":"47250"},"geometry":{"type":"MultiPolygon","coordinates":[[[[128.20916,36.40198],[128.20901,36.40155],[128.20897,36.4015],[128.20784,36.40046],[128.20774,36.40039],[128.20755,36.40028],[128.20746,36.40027],[128.20726,36.40025],[128.20702,36.40022],[128.20674,36.40015],[128.20651,36.40007],[128.20641,36.40001],[128.20629,36.39991],[128.20397,36.39758],[128.2034,36.39638],[128.2033,36.39618],[128.20326,36.39607],[128.20325,36.39596],[128.20325,36.39592],[128.2033,36.39583],[128.20344,36.39567],[128.20348,36.3956],[128.2037,36.39442],[128.20373,36.39417],[128.20371,36.39383],[128.20368,36.39368],[128.20361,36.39337],[128.20332,36.39235],[128.20327,36.39231],[128.20316,36.39227],[128.20272,36.39219],[128.20238,36.39215],[128.20216,36.39215],[128.20182,36.39214],[128.20163,36.39212],[128.20146,36.39209],[128.20124,36.39204],[128.20111,36.39199],[128.20099,36.39194],[128.19958,36.39123],[128.19942,36.39113],[128.1978,36.39],[128.19771,36.3899],[128.19762,36.38977],[128.1976,36.3897],[128.1976,36.38965],[128.19761,36.38959],[128.19774,36.38914],[128.19779,36.389],[128.1978,36.38834],[128.19761,36.38746],[128.1969,36.38551],[128.19685,36.38542],[128.1968,36.38536],[128.19674,36.38532],[128.19668,36.38531],[128.19661,36.3853],[128.19622,36.3853],[128.1959,36.3853],[128.19575,36.38528],[128.19542,36.38517],[128.19517,36.38505],[128.19409,36.38451],[128.1938,36.38437],[128.19367,36.38426],[128.19363,36.38418],[128.19343,36.3837],[128.19337,36.38356],[128.19336,36.3835],[128.19336,36.38342],[128.19336,36.38329],[128.19338,36.38316],[128.19366,36.38201],[128.19389,36.38135],[128.19391,36.38127],[128.19392,36.38114],[128.1939,36.38104],[128.19386,36.38093],[128.19376,36.38072],[128.19371,36.38061],[128.19332,36.38001],[128.19291,36.37949],[128.19274,36.37928],[128.19088,36.37586],[128.18934,36.37282],[128.18891,36.37056],[128.18991,36.36777],[128.19083,36.36541],[128.19116,36.3648],[128.19119,36.36473],[128.1912,36.36468],[128.19122,36.36459],[128.19121,36.36354],[128.19118,36.36343],[128.1911,36.3633],[128.191,36.36318],[128.19043,36.36251],[128.19032,36.3624],[128.19026,36.36237],[128.19014,36.36233],[128.18819,36.36175],[128.1858,36.3611],[128.18309,36.36069],[128.18359,36.362],[128.1802,36.36698],[128.17779,36.36876],[128.17774,36.36877],[128.17661,36.36918],[128.17648,36.36925],[128.17459,36.3707],[128.17457,36.37073],[128.17455,36.37078],[128.17448,36.37099],[128.17443,36.3712],[128.17409,36.37282],[128.1747,36.37298],[128.17702,36.37377],[128.17707,36.3738],[128.17712,36.37384],[128.17716,36.37389],[128.17856,36.37843],[128.17867,36.37884],[128.17764,36.38167],[128.17729,36.38214],[128.17614,36.38261],[128.17579,36.38307],[128.17332,36.38693],[128.17194,36.38936],[128.1703,36.39192],[128.16944,36.39272],[128.16872,36.39324],[128.16726,36.39274],[128.16461,36.39186],[128.16158,36.39387],[128.16256,36.39438],[128.16407,36.39462],[128.16546,36.39486],[128.17068,36.40171],[128.16996,36.40267],[128.16982,36.40282],[128.16821,36.40447],[128.16617,36.40425],[128.16472,36.40586],[128.16461,36.40776],[128.16353,36.40749],[128.16316,36.40935],[128.16304,36.41332],[128.16281,36.41533],[128.16283,36.41637],[128.16481,36.41721],[128.16549,36.41733],[128.16723,36.41738],[128.16752,36.41739],[128.16756,36.41685],[128.16764,36.41598],[128.16939,36.41609],[128.17158,36.41626],[128.17518,36.41689],[128.17613,36.41724],[128.17739,36.41767],[128.18059,36.41818],[128.18075,36.41815],[128.18084,36.41803],[128.18081,36.41783],[128.18061,36.4176],[128.18054,36.41746],[128.18022,36.41648],[128.17991,36.41462],[128.17928,36.41221],[128.17885,36.41219],[128.17839,36.41214],[128.17807,36.41202],[128.17764,36.41139],[128.17722,36.41076],[128.17275,36.40461],[128.1713,36.40307],[128.1711,36.40296],[128.17098,36.40269],[128.17094,36.40251],[128.17092,36.40222],[128.17096,36.40198],[128.17103,36.40183],[128.17128,36.40169],[128.17155,36.40161],[128.17189,36.40153],[128.17225,36.40145],[128.17261,36.40143],[128.17283,36.40144],[128.1729,36.40149],[128.17505,36.40352],[128.17512,36.40406],[128.17979,36.40937],[128.18147,36.41117],[128.18307,36.41139],[128.18573,36.41087],[128.18646,36.41048],[128.19189,36.40699],[128.19399,36.40544],[128.19689,36.40429],[128.19909,36.40515],[128.20172,36.4067],[128.20217,36.40752],[128.20223,36.40784],[128.20399,36.40961],[128.20419,36.40839],[128.20419,36.40726],[128.20386,36.40639],[128.20421,36.40478],[128.20521,36.40247],[128.20615,36.40194],[128.20705,36.4019],[128.20916,36.40198]]]]}},{"type":"Feature","properties":{"code":"47250570","name":"신흥동","parent":"47250"},"geometry":{"type":"MultiPolygon","coordinates":[[[[128.18309,36.36069],[128.1835,36.35968],[128.18354,36.35951],[128.18355,36.35935],[128.18351,36.35781],[128.1835,36.35771],[128.18345,36.35754],[128.18313,36.35658],[128.18296,36.35619],[128.18286,36.35596],[128.18269,36.35537],[128.18259,36.35502],[128.18255,36.35481],[128.18254,36.35465],[128.18255,36.3544],[128.1826,36.35423],[128.18306,36.35322],[128.18571,36.34875],[128.18573,36.34871],[128.18581,36.34868],[128.18713,36.34826],[128.18825,36.34795],[128.18834,36.34793],[128.18839,36.34789],[128.18882,36.34751],[128.18885,36.34748],[128.18887,36.34741],[128.18887,36.34731],[128.18873,36.34619],[128.18658,36.34041],[128.18678,36.33956],[128.18682,36.33939],[128.18682,36.33931],[128.18682,36.33927],[128.18679,36.33905],[128.18677,36.339],[128.18672,36.33898],[128.18555,36.33845],[128.18533,36.3384],[128.18446,36.33827],[128.18402,36.33822],[128.18272,36.33809],[128.18189,36.33801],[128.1799,36.33786],[128.17927,36.33783],[128.17908,36.33783],[128.17886,36.33784],[128.17858,36.33785],[128.1784,36.33788],[128.17796,36.33792],[128.1778,36.33791],[128.17763,36.33787],[128.17752,36.33784],[128.17744,36.33781],[128.1762,36.33731],[128.17608,36.33726],[128.17599,36.3372],[128.17591,36.33714],[128.17524,36.33647],[128.17519,36.3364],[128.17491,36.33541],[128.17429,36.33298],[128.17401,36.33285],[128.17358,36.33299],[128.173,36.33333],[128.17164,36.3344],[128.17065,36.33529],[128.17042,36.33576],[128.17008,36.33622],[128.16972,36.33647],[128.16959,36.33647],[128.16582,36.33539],[128.16497,36.33503],[128.16396,36.33431],[128.16128,36.33467],[128.15988,36.3353],[128.15936,36.33583],[128.15931,36.336],[128.15933,36.33604],[128.15973,36.33677],[128.15983,36.33704],[128.1598,36.33798],[128.15922,36.34203],[128.15918,36.34212],[128.15693,36.34192],[128.15667,36.34175],[128.15621,36.34163],[128.15514,36.34172],[128.14984,36.344],[128.14713,36.34636],[128.1458,36.34758],[128.14464,36.34969],[128.14443,36.35019],[128.14437,36.35098],[128.14452,36.35162],[128.14483,36.35203],[128.1453,36.35287],[128.14537,36.35302],[128.1453,36.35322],[128.14513,36.35353],[128.14285,36.35602],[128.13951,36.35729],[128.13857,36.35729],[128.13844,36.35727],[128.13815,36.35732],[128.13683,36.35771],[128.13643,36.35786],[128.13604,36.35801],[128.13566,36.35816],[128.13421,36.35902],[128.13362,36.35937],[128.13296,36.35976],[128.13293,36.36],[128.13358,36.36105],[128.13475,36.36256],[128.13492,36.36313],[128.13488,36.36351],[128.13486,36.3636],[128.13476,36.3641],[128.13466,36.3642],[128.13456,36.36431],[128.13404,36.3645],[128.12891,36.36623],[128.12819,36.36748],[128.12784,36.36798],[128.12481,36.36888],[128.12446,36.36897],[128.12276,36.36914],[128.11979,36.37062],[128.11989,36.37167],[128.12216,36.37155],[128.1236,36.37383],[128.12497,36.37536],[128.12582,36.37563],[128.12705,36.37584],[128.12862,36.37572],[128.13041,36.37519],[128.13109,36.37482],[128.13258,36.3756],[128.1338,36.37705],[128.13548,36.3796],[128.13882,36.38242],[128.1391,36.38282],[128.13925,36.3839],[128.13931,36.38436],[128.13991,36.38524],[128.14055,36.38577],[128.1423,36.38693],[128.1431,36.38728],[128.14473,36.38947],[128.14708,36.39602],[128.14744,36.39834],[128.14756,36.39848],[128.14932,36.40044],[128.1496,36.40069],[128.1521,36.40041],[128.15436,36.4004],[128.15437,36.40271],[128.15437,36.4028],[128.15435,36.40331],[128.15434,36.40367],[128.15394,36.40437],[128.1542,36.40487],[128.1552,36.40662],[128.1554,36.40685],[128.15564,36.40691],[128.15799,36.40712],[128.16139,36.40742],[128.16353,36.40749],[128.16461,36.40776],[128.16472,36.40586],[128.16617,36.40425],[128.16821,36.40447],[128.16982,36.40282],[128.16996,36.40267],[128.17068,36.40171],[128.16546,36.39486],[128.16407,36.39462],[128.16256,36.39438],[128.16158,36.39387],[128.16461,36.39186],[128.16726,36.39274],[128.16872,36.39324],[128.16944,36.39272],[128.1703,36.39192],[128.17194,36.38936],[128.17332,36.38693],[128.17579,36.38307],[128.17614,36.38261],[128.17729,36.38214],[128.17764,36.38167],[128.17867,36.37884],[128.17856,36.37843],[128.17716,36.37389],[128.17712,36.37384],[128.17707,36.3738],[128.17702,36.37377],[128.1747,36.37298],[128.17409,36.37282],[128.17443,36.3712],[128.17448,36.37099],[128.17455,36.37078],[128.17457,36.37073],[128.17459,36.3707],[128.17648,36.36925],[128.17661,36.36918],[128.17774,36.36877],[128.17779,36.36876],[128.1802,36.36698],[128.18359,36.362],[128.18309,36.36069]]]]}}]}