{"type":"FeatureCollection","features":[{"type":"Feature","properties":{"code":"31710250","name":"온산읍","parent":"31710"},"geometry":{"type":"MultiPolygon","coordinates":[[[[129.34651,35.38942],[129.34516,35.39068],[129.34468,35.39109],[129.34427,35.39139],[129.34368,35.39171],[129.34309,35.39197],[129.34244,35.39222],[129.34193,35.39237],[129.34163,35.39245],[129.34088,35.39264],[129.34031,35.39276],[129.33831,35.39316],[129.33578,35.39368],[129.33366,35.39422],[129.33329,35.39431],[129.33154,35.39477],[129.32996,35.39523],[129.32877,35.39562],[129.32124,35.39813],[129.32008,35.39865],[129.31929,35.3991],[129.31845,35.39958],[129.31725,35.40035],[129.31553,35.4015],[129.31476,35.40206],[129.31343,35.40298],[129.31332,35.40304],[129.31303,35.40316],[129.31271,35.40325],[129.31244,35.40329],[129.31221,35.40332],[129.31053,35.40381],[129.30899,35.40432],[129.30864,35.40445],[129.3084,35.40454],[129.30804,35.40471],[129.30783,35.4049],[129.30771,35.40506],[129.30765,35.40522],[129.30763,35.40544],[129.30768,35.40581],[129.30852,35.40805],[129.30867,35.40838],[129.30894,35.40873],[129.30968,35.40955],[129.30986,35.40969],[129.31009,35.4098],[129.31035,35.41],[129.3106,35.41027],[129.31185,35.41197],[129.31207,35.41229],[129.31223,35.41264],[129.31229,35.41282],[129.31234,35.4131],[129.3127,35.41529],[129.31272,35.41547],[129.31272,35.41577],[129.31262,35.41715],[129.31259,35.41742],[129.3125,35.41763],[129.3124,35.41774],[129.31158,35.41831],[129.31141,35.41842],[129.31119,35.4185],[129.31096,35.41855],[129.31054,35.41857],[129.30989,35.41863],[129.30924,35.41878],[129.30903,35.41889],[129.30889,35.41904],[129.30885,35.41914],[129.30885,35.41927],[129.30892,35.41949],[129.30915,35.41988],[129.31027,35.42161],[129.31146,35.42343],[129.31186,35.42434],[129.31184,35.4245],[129.31181,35.42462],[129.31176,35.4247],[129.31158,35.42479],[129.30552,35.42761],[129.30544,35.42763],[129.30538,35.42763],[129.30531,35.42761],[129.30493,35.42728],[129.30459,35.42696],[129.30375,35.42599],[129.30359,35.42575],[129.30238,35.42388],[129.30229,35.42373],[129.29826,35.42289],[129.2977,35.42311],[129.29448,35.42439],[129.29422,35.42448],[129.29384,35.42462],[129.2933,35.42481],[129.29302,35.4249],[129.2923,35.42507],[129.28908,35.42553],[129.28666,35.42721],[129.28646,35.4274],[129.28585,35.42803],[129.28564,35.42839],[129.2855,35.42872],[129.28547,35.42878],[129.28518,35.4295],[129.28442,35.43196],[129.28443,35.43853],[129.28471,35.44058],[129.28711,35.44149],[129.28719,35.44152],[129.28726,35.44152],[129.2898,35.44159],[129.28985,35.44159],[129.29242,35.44124],[129.29251,35.4412],[129.29334,35.44083],[129.29357,35.44073],[129.29381,35.44059],[129.29692,35.44189],[129.29729,35.44469],[129.29676,35.4478],[129.29801,35.45055],[129.29857,35.45133],[129.29884,35.45177],[129.29884,35.45233],[129.2983,35.45543],[129.29812,35.45619],[129.29784,35.45709],[129.29771,35.45729],[129.29977,35.45655],[129.30003,35.45648],[129.30029,35.45645],[129.30197,35.45643],[129.30224,35.45646],[129.30242,35.45654],[129.30261,35.45671],[129.30264,35.45679],[129.30264,35.45709],[129.30254,35.45756],[129.30254,35.45766],[129.30256,35.4577],[129.30566,35.45863],[129.30582,35.45865],[129.30613,35.45862],[129.30687,35.45856],[129.30721,35.45851],[129.30744,35.45842],[129.30767,35.45822],[129.30788,35.45801],[129.3085,35.45772],[129.30903,35.45753],[129.30942,35.45743],[129.31209,35.45689],[129.31223,35.45689],[129.31228,35.45689],[129.31297,35.45716],[129.31307,35.4572],[129.31318,35.45727],[129.31343,35.45756],[129.31357,35.45784],[129.31378,35.45812],[129.31389,35.45827],[129.31404,35.45838],[129.31433,35.45852],[129.31715,35.4595],[129.31736,35.45956],[129.31745,35.45957],[129.31756,35.45956],[129.31811,35.45931],[129.31815,35.45924],[129.31818,35.45904],[129.31822,35.45899],[129.31856,35.45881],[129.31994,35.45809],[129.32004,35.45805],[129.32052,35.45792],[129.3209,35.45791],[129.32146,35.45794],[129.32276,35.45862],[129.32285,35.45867],[129.32291,35.45913],[129.32288,35.46033],[129.32295,35.46074],[129.32331,35.46112],[129.32345,35.46125],[129.32437,35.46163],[129.32598,35.46229],[129.32631,35.46231],[129.327,35.46219],[129.32733,35.46212],[129.32744,35.46215],[129.32998,35.46411],[129.33012,35.46424],[129.33143,35.46627],[129.33166,35.46678],[129.33171,35.46695],[129.33205,35.46896],[129.33206,35.46907],[129.33126,35.46965],[129.33029,35.4703],[129.33001,35.47049],[129.33,35.47064],[129.3301,35.47085],[129.33017,35.47092],[129.33147,35.47162],[129.33179,35.47173],[129.33236,35.47181],[129.33299,35.47191],[129.33511,35.47228],[129.33744,35.47271],[129.33778,35.47283],[129.33831,35.47313],[129.33935,35.4743],[129.33966,35.47283],[129.34218,35.46987],[129.34391,35.469],[129.34554,35.46679],[129.34657,35.4652],[129.34675,35.46423],[129.34741,35.46429],[129.3484,35.45995],[129.34768,35.45987],[129.34804,35.45829],[129.34876,35.45466],[129.34997,35.44827],[129.35375,35.44682],[129.35609,35.44752],[129.359,35.44816],[129.35956,35.44796],[129.3593,35.445],[129.35907,35.44278],[129.35395,35.44077],[129.35514,35.43854],[129.35549,35.43864],[129.36464,35.44161],[129.36611,35.44318],[129.36926,35.44879],[129.37335,35.44724],[129.37215,35.44503],[129.36996,35.44354],[129.36577,35.4357],[129.36945,35.43351],[129.3695,35.43151],[129.36719,35.43014],[129.36652,35.43024],[129.36563,35.43009],[129.36491,35.42962],[129.36398,35.42311],[129.3651,35.42137],[129.36557,35.41799],[129.36395,35.41455],[129.35928,35.41421],[129.35674,35.41527],[129.3558,35.41413],[129.35593,35.41109],[129.35989,35.41076],[129.36138,35.41152],[129.36166,35.41142],[129.36295,35.41093],[129.36305,35.4065],[129.36293,35.40618],[129.36151,35.40531],[129.36125,35.40515],[129.35747,35.40342],[129.35644,35.40316],[129.35497,35.40314],[129.3523,35.40282],[129.35246,35.4025],[129.3533,35.4022],[129.35547,35.401],[129.35691,35.39991],[129.35701,35.39942],[129.35643,35.3991],[129.35586,35.3968],[129.35641,35.39646],[129.35746,35.39561],[129.35745,35.39496],[129.35637,35.39294],[129.35607,35.39249],[129.353,35.39194],[129.34947,35.39118],[129.34651,35.38942]]]]}},{"type":"Feature","properties":{"code":"31710253","name":"언양읍","parent":"31710"},"geometry":{"type":"MultiPolygon","coordinates":[[[[129.21466,35.62542],[129.21557,35.62475],[129.21668,35.62265],[129.21671,35.62258],[129.21674,35.62252],[129.21676,35.62248],[129.21678,35.62238],[129.21748,35.61756],[129.21747,35.61753],[129.21742,35.61746],[129.21652,35.61662],[129.2161,35.61627],[129.21402,35.61462],[129.21293,35.61383],[129.21264,35.61366],[129.21236,35.6135],[129.21225,35.61343],[129.21222,35.61341],[129.2122,35.61338],[129.21218,35.6133],[129.21187,35.61196],[129.21187,35.61191],[129.21195,35.6094],[129.21195,35.60935],[129.21197,35.60933],[129.21203,35.60928],[129.21213,35.60921],[129.21284,35.60858],[129.2136,35.60776],[129.21364,35.60771],[129.21366,35.60767],[129.21369,35.60762],[129.21371,35.60759],[129.21372,35.60754],[129.21373,35.60747],[129.21372,35.60741],[129.21371,35.60728],[129.21369,35.60719],[129.21365,35.60708],[129.2136,35.60698],[129.21278,35.60528],[129.21276,35.60524],[129.21273,35.60522],[129.2127,35.60521],[129.21264,35.60521],[129.21257,35.60521],[129.21239,35.60523],[129.21224,35.60525],[129.21207,35.60527],[129.21203,35.60527],[129.21193,35.60525],[129.20895,35.60438],[129.20693,35.60362],[129.20684,35.60358],[129.20662,35.60348],[129.20656,35.60344],[129.20633,35.6033],[129.20629,35.60327],[129.20458,35.60178],[129.20455,35.60175],[129.20452,35.6017],[129.20358,35.59989],[129.20353,35.5998],[129.20145,35.59707],[129.20122,35.59693],[129.20091,35.59667],[129.20079,35.59656],[129.20069,35.59644],[129.20061,35.59624],[129.20054,35.59598],[129.2004,35.59493],[129.2004,35.59488],[129.20083,35.59411],[129.20092,35.594],[129.20138,35.59289],[129.20191,35.59114],[129.20193,35.591],[129.20203,35.59018],[129.20213,35.58886],[129.20215,35.58822],[129.20214,35.58787],[129.20212,35.58775],[129.20207,35.58762],[129.20195,35.58741],[129.20183,35.58721],[129.20172,35.58704],[129.20165,35.58695],[129.20155,35.58684],[129.19718,35.58294],[129.1965,35.58239],[129.19399,35.58046],[129.19165,35.5789],[129.1915,35.57881],[129.19051,35.57819],[129.19041,35.57812],[129.19025,35.57798],[129.19019,35.57787],[129.19014,35.57777],[129.19008,35.57764],[129.18999,35.57731],[129.18997,35.57717],[129.18983,35.57633],[129.19005,35.57602],[129.19244,35.57326],[129.1925,35.57321],[129.19255,35.57318],[129.19263,35.57314],[129.19286,35.57306],[129.19294,35.57304],[129.193,35.57303],[129.1931,35.57301],[129.19408,35.57271],[129.19528,35.57226],[129.19534,35.57224],[129.19538,35.57221],[129.19542,35.57219],[129.19591,35.56964],[129.1959,35.56923],[129.19586,35.56914],[129.19553,35.56861],[129.19531,35.56829],[129.19511,35.56801],[129.19494,35.56782],[129.19477,35.56762],[129.19468,35.56749],[129.19456,35.56728],[129.19445,35.567],[129.19444,35.56684],[129.19444,35.56661],[129.19449,35.56636],[129.19455,35.56625],[129.1946,35.5662],[129.19469,35.56613],[129.19475,35.56609],[129.19482,35.56606],[129.19495,35.56601],[129.19517,35.56599],[129.19525,35.56598],[129.19535,35.56598],[129.19575,35.56599],[129.19756,35.56614],[129.19808,35.56619],[129.19847,35.56623],[129.19887,35.56624],[129.19929,35.56623],[129.19971,35.56622],[129.20024,35.5662],[129.20049,35.56616],[129.20056,35.56611],[129.20061,35.56601],[129.20069,35.56585],[129.20078,35.56551],[129.20197,35.56002],[129.20204,35.5595],[129.20207,35.55929],[129.20174,35.55456],[129.20134,35.5515],[129.20133,35.55147],[129.20128,35.55138],[129.20111,35.55118],[129.20087,35.54843],[129.20272,35.54429],[129.20275,35.54426],[129.20314,35.54377],[129.20321,35.54369],[129.20326,35.54364],[129.20338,35.54355],[129.20346,35.54349],[129.20355,35.54343],[129.20581,35.54232],[129.20462,35.54023],[129.20459,35.54018],[129.20453,35.54009],[129.20446,35.54004],[129.20337,35.53952],[129.20322,35.53946],[129.19998,35.53816],[129.19814,35.53766],[129.19696,35.53715],[129.19676,35.53687],[129.19615,35.53623],[129.19607,35.53622],[129.19424,35.53746],[129.19418,35.53751],[129.19407,35.53762],[129.194,35.53771],[129.19396,35.53779],[129.19391,35.53797],[129.19341,35.54025],[129.19342,35.54031],[129.1935,35.54049],[129.19395,35.54146],[129.19447,35.54256],[129.19463,35.54278],[129.19466,35.54286],[129.19466,35.54298],[129.19437,35.54352],[129.19424,35.54373],[129.19401,35.54398],[129.19365,35.54436],[129.19342,35.54459],[129.19332,35.5447],[129.19188,35.54469],[129.18913,35.54482],[129.18788,35.54502],[129.18769,35.54503],[129.18746,35.545],[129.18724,35.54492],[129.18559,35.54437],[129.18492,35.54409],[129.18192,35.5427],[129.18178,35.54262],[129.18146,35.54234],[129.18061,35.54138],[129.18045,35.54109],[129.18036,35.54082],[129.18032,35.54049],[129.18027,35.54029],[129.1801,35.53998],[129.17989,35.53968],[129.17816,35.53776],[129.17777,35.53749],[129.17732,35.53723],[129.17676,35.53694],[129.17634,35.53675],[129.17572,35.53652],[129.17535,35.53643],[129.17147,35.53551],[129.17096,35.5354],[129.16988,35.53525],[129.16963,35.53522],[129.16937,35.53521],[129.16903,35.53525],[129.16885,35.53531],[129.1686,35.53542],[129.16834,35.53555],[129.16805,35.53575],[129.16753,35.53601],[129.16713,35.53622],[129.16693,35.53632],[129.1647,35.53728],[129.16451,35.53735],[129.15672,35.53992],[129.15593,35.53992],[129.15569,35.5399],[129.15554,35.53988],[129.15546,35.53986],[129.15328,35.53932],[129.15316,35.53929],[129.15265,35.5391],[129.15199,35.53885],[129.15095,35.53823],[129.15022,35.53761],[129.14744,35.53837],[129.14743,35.53845],[129.14739,35.53852],[129.14735,35.53861],[129.14687,35.53935],[129.14679,35.53949],[129.14496,35.5416],[129.14392,35.54241],[129.1438,35.5425],[129.14363,35.54259],[129.14342,35.54266],[129.14321,35.54271],[129.14305,35.54273],[129.14285,35.54275],[129.14264,35.54275],[129.14239,35.54273],[129.14221,35.54268],[129.14195,35.54259],[129.14163,35.54245],[129.14127,35.54224],[129.14107,35.5421],[129.14073,35.54188],[129.14063,35.54185],[129.13892,35.54139],[129.13881,35.5414],[129.13844,35.54147],[129.13815,35.5416],[129.13801,35.54177],[129.13795,35.54192],[129.13793,35.54212],[129.13803,35.54236],[129.14032,35.54474],[129.14098,35.54531],[129.14184,35.54584],[129.142,35.54592],[129.1425,35.5461],[129.14362,35.54643],[129.14411,35.54656],[129.14449,35.54664],[129.14097,35.55265],[129.14007,35.5539],[129.13913,35.55501],[129.13381,35.55844],[129.13097,35.55997],[129.1301,35.56043],[129.12944,35.56071],[129.1281,35.56119],[129.12764,35.5613],[129.12738,35.56137],[129.12526,35.56201],[129.12202,35.56311],[129.11864,35.56414],[129.1183,35.56423],[129.11759,35.56435],[129.11721,35.56433],[129.11684,35.56431],[129.11632,35.56421],[129.11199,35.56343],[129.11165,35.56396],[129.11055,35.56516],[129.10979,35.56583],[129.10937,35.56623],[129.10886,35.56681],[129.10878,35.5669],[129.10855,35.56725],[129.10823,35.56783],[129.10808,35.56816],[129.10733,35.57033],[129.10729,35.57045],[129.10728,35.57049],[129.10728,35.57056],[129.10733,35.57064],[129.10751,35.57083],[129.10848,35.57168],[129.10867,35.57185],[129.10883,35.57199],[129.10895,35.57208],[129.1092,35.57222],[129.10939,35.57231],[129.10973,35.57244],[129.10989,35.57251],[129.1103,35.57268],[129.11057,35.57285],[129.11088,35.57304],[129.11112,35.57324],[129.11235,35.5744],[129.11247,35.57452],[129.11267,35.57477],[129.11414,35.57752],[129.11452,35.57829],[129.11472,35.57873],[129.11477,35.57887],[129.11478,35.57894],[129.11476,35.57917],[129.11474,35.57929],[129.11468,35.57951],[129.11464,35.57965],[129.1146,35.57977],[129.11458,35.57986],[129.11457,35.57999],[129.11457,35.58006],[129.11459,35.5801],[129.11462,35.58015],[129.11556,35.58124],[129.11904,35.58552],[129.11979,35.58654],[129.122,35.5896],[129.12222,35.59027],[129.12232,35.59059],[129.12238,35.59217],[129.12261,35.60143],[129.12256,35.60148],[129.11697,35.60535],[129.11684,35.60542],[129.11673,35.60546],[129.11311,35.60694],[129.11301,35.60697],[129.11256,35.60697],[129.11096,35.60695],[129.10986,35.60688],[129.10956,35.60684],[129.10935,35.60683],[129.10921,35.60685],[129.1091,35.60686],[129.10818,35.607],[129.10804,35.60702],[129.10632,35.60736],[129.10622,35.60738],[129.10613,35.60741],[129.10189,35.60936],[129.10177,35.60946],[129.10165,35.6096],[129.10133,35.61015],[129.1006,35.61156],[129.10048,35.61182],[129.10039,35.61207],[129.09907,35.61499],[129.09573,35.61935],[129.09402,35.62147],[129.0927,35.62308],[129.092,35.6242],[129.09097,35.62914],[129.09095,35.62935],[129.09096,35.62964],[129.09107,35.63034],[129.09113,35.63047],[129.09141,35.63102],[129.09154,35.63122],[129.09269,35.63294],[129.09348,35.63292],[129.0964,35.63333],[129.09894,35.63371],[129.1033,35.63407],[129.10461,35.63409],[129.10727,35.63376],[129.10734,35.63375],[129.10741,35.63372],[129.10746,35.6337],[129.11352,35.63103],[129.1136,35.63099],[129.11365,35.63096],[129.11473,35.62985],[129.1148,35.62978],[129.11485,35.62971],[129.1151,35.62939],[129.11547,35.6289],[129.11552,35.62883],[129.11562,35.62869],[129.11563,35.62866],[129.11566,35.62859],[129.1157,35.62848],[129.11572,35.62837],[129.11574,35.62824],[129.11574,35.62817],[129.11576,35.62811],[129.11577,35.62805],[129.11578,35.62801],[129.11588,35.62775],[129.11601,35.62748],[129.11665,35.62641],[129.11676,35.62625],[129.11749,35.62523],[129.11758,35.62515],[129.11771,35.62506],[129.11787,35.625],[129.11806,35.62493],[129.11823,35.62488],[129.11841,35.62485],[129.11865,35.62483],[129.11961,35.62484],[129.11982,35.62486],[129.12091,35.62499],[129.12106,35.62509],[129.12129,35.62525],[129.12176,35.62519],[129.12595,35.62426],[129.126,35.62424],[129.12605,35.6242],[129.12666,35.62351],[129.12671,35.62345],[129.12672,35.6234],[129.12672,35.62333],[129.12669,35.62317],[129.12661,35.62296],[129.12653,35.62267],[129.12651,35.62255],[129.1265,35.62247],[129.12654,35.62237],[129.12678,35.62164],[129.12685,35.62153],[129.12697,35.62136],[129.12722,35.62106],[129.12727,35.62102],[129.12909,35.61945],[129.13001,35.61884],[129.13008,35.61882],[129.13015,35.61877],[129.13025,35.61867],[129.13131,35.61729],[129.1314,35.61715],[129.13288,35.61479],[129.13397,35.61288],[129.13398,35.61262],[129.134,35.61249],[129.13403,35.61237],[129.13407,35.61228],[129.13416,35.61215],[129.13427,35.61201],[129.13586,35.61027],[129.13592,35.61022],[129.13598,35.61017],[129.13606,35.61015],[129.13616,35.61012],[129.13795,35.60991],[129.138,35.60991],[129.13807,35.60992],[129.14169,35.61127],[129.1419,35.61157],[129.14301,35.61252],[129.14397,35.61263],[129.14471,35.61168],[129.14627,35.6103],[129.14662,35.61013],[129.14733,35.60966],[129.14771,35.60929],[129.14849,35.60829],[129.15003,35.60769],[129.15291,35.60802],[129.15295,35.60803],[129.15318,35.60815],[129.15338,35.60826],[129.15491,35.60928],[129.15497,35.60933],[129.15505,35.60942],[129.15562,35.61008],[129.1561,35.61065],[129.15645,35.61098],[129.1576,35.61182],[129.15768,35.61187],[129.15779,35.61191],[129.15785,35.61192],[129.1579,35.61192],[129.15876,35.61172],[129.15976,35.61114],[129.16145,35.60974],[129.16305,35.60854],[129.16308,35.60852],[129.16345,35.60828],[129.16361,35.60818],[129.16369,35.60814],[129.16444,35.60782],[129.1645,35.6078],[129.16642,35.60731],[129.16645,35.6073],[129.1665,35.6073],[129.17026,35.60742],[129.17039,35.60742],[129.17233,35.60769],[129.17238,35.60771],[129.1724,35.60775],[129.17192,35.60858],[129.17142,35.60906],[129.17142,35.60914],[129.17148,35.60924],[129.17327,35.61155],[129.17342,35.6117],[129.17379,35.612],[129.17434,35.61233],[129.17458,35.61246],[129.17755,35.61396],[129.17777,35.61406],[129.17812,35.61417],[129.17833,35.61423],[129.17961,35.61442],[129.18384,35.61489],[129.18515,35.61485],[129.18773,35.61598],[129.19105,35.61876],[129.19109,35.61879],[129.19112,35.61883],[129.19101,35.62054],[129.19069,35.62136],[129.19053,35.62169],[129.19031,35.62203],[129.19017,35.62222],[129.19012,35.62229],[129.18996,35.62247],[129.1898,35.62263],[129.18974,35.62271],[129.1897,35.62281],[129.1897,35.62287],[129.1897,35.62293],[129.18978,35.62324],[129.18982,35.62338],[129.19057,35.62586],[129.19233,35.62841],[129.19237,35.62846],[129.19243,35.62851],[129.19252,35.62857],[129.19269,35.62862],[129.19284,35.62865],[129.193,35.62867],[129.19313,35.62869],[129.19327,35.6287],[129.19338,35.6287],[129.1935,35.6287],[129.19364,35.62867],[129.19383,35.62863],[129.19395,35.6286],[129.19415,35.62852],[129.19437,35.62843],[129.19456,35.62836],[129.19471,35.62832],[129.19484,35.62829],[129.19494,35.62827],[129.19504,35.62826],[129.1951,35.62826],[129.1952,35.62828],[129.19528,35.62832],[129.19541,35.62839],[129.1955,35.62847],[129.19557,35.62855],[129.19762,35.63159],[129.19767,35.63166],[129.19771,35.63173],[129.19779,35.63197],[129.19783,35.63214],[129.19783,35.63222],[129.19783,35.63243],[129.19784,35.63252],[129.19785,35.63257],[129.19787,35.63262],[129.1979,35.63267],[129.1985,35.63341],[129.19861,35.63354],[129.19865,35.63359],[129.19872,35.63366],[129.19892,35.63386],[129.19898,35.6339],[129.19911,35.63398],[129.19919,35.63401],[129.19925,35.63404],[129.19939,35.63408],[129.19951,35.63412],[129.19963,35.63413],[129.20269,35.63442],[129.20294,35.63444],[129.20314,35.63444],[129.20333,35.63443],[129.20347,35.63441],[129.20359,35.63438],[129.20402,35.63424],[129.20411,35.63419],[129.20416,35.63416],[129.20423,35.6341],[129.20495,35.6331],[129.21021,35.6279],[129.21054,35.62759],[129.21068,35.62746],[129.21098,35.62725],[129.21105,35.62719],[129.21116,35.62713],[129.21122,35.6271],[129.21127,35.62709],[129.21148,35.62708],[129.21207,35.62698],[129.21323,35.62646],[129.21353,35.62625],[129.21466,35.62542]]]]}},{"type":"Feature","properties":{"code":"31710256","name":"온양읍","parent":"31710"},"geometry":{"type":"MultiPolygon","coordinates":[[[[129.29771,35.45729],[129.29784,35.45709],[129.29812,35.45619],[129.2983,35.45543],[129.29884,35.45233],[129.29884,35.45177],[129.29857,35.45133],[129.29801,35.45055],[129.29676,35.4478],[129.29729,35.44469],[129.29692,35.44189],[129.29381,35.44059],[129.29357,35.44073],[129.29334,35.44083],[129.29251,35.4412],[129.29242,35.44124],[129.28985,35.44159],[129.2898,35.44159],[129.28726,35.44152],[129.28719,35.44152],[129.28711,35.44149],[129.28471,35.44058],[129.28443,35.43853],[129.28442,35.43196],[129.28518,35.4295],[129.28547,35.42878],[129.2855,35.42872],[129.28564,35.42839],[129.28585,35.42803],[129.28646,35.4274],[129.28666,35.42721],[129.28908,35.42553],[129.2923,35.42507],[129.29302,35.4249],[129.2933,35.42481],[129.29384,35.42462],[129.29422,35.42448],[129.29448,35.42439],[129.2977,35.42311],[129.29826,35.42289],[129.30229,35.42373],[129.30238,35.42388],[129.30359,35.42575],[129.30375,35.42599],[129.30459,35.42696],[129.30493,35.42728],[129.30531,35.42761],[129.30538,35.42763],[129.30544,35.42763],[129.30552,35.42761],[129.31158,35.42479],[129.31176,35.4247],[129.31181,35.42462],[129.31184,35.4245],[129.31186,35.42434],[129.31146,35.42343],[129.31027,35.42161],[129.30915,35.41988],[129.30892,35.41949],[129.30885,35.41927],[129.30885,35.41914],[129.30889,35.41904],[129.30903,35.41889],[129.30924,35.41878],[129.30989,35.41863],[129.31054,35.41857],[129.31096,35.41855],[129.31119,35.4185],[129.31141,35.41842],[129.31158,35.41831],[129.3124,35.41774],[129.3125,35.41763],[129.31259,35.41742],[129.31262,35.41715],[129.31272,35.41577],[129.31272,35.41547],[129.3127,35.41529],[129.31234,35.4131],[129.31229,35.41282],[129.31223,35.41264],[129.31207,35.41229],[129.31185,35.41197],[129.3106,35.41027],[129.31035,35.41],[129.31009,35.4098],[129.30986,35.40969],[129.30968,35.40955],[129.30894,35.40873],[129.30867,35.40838],[129.30852,35.40805],[129.30768,35.40581],[129.30763,35.40544],[129.30765,35.40522],[129.30771,35.40506],[129.30783,35.4049],[129.30804,35.40471],[129.30766,35.40357],[129.30584,35.40132],[129.30394,35.39942],[129.30222,35.39549],[129.30276,35.39421],[129.30274,35.39397],[129.30182,35.39188],[129.30111,35.38705],[129.30106,35.38686],[129.30101,35.3867],[129.3007,35.38587],[129.30058,35.38569],[129.30021,35.38518],[129.29994,35.38484],[129.29972,35.38464],[129.29938,35.38451],[129.29924,35.38445],[129.2991,35.38442],[129.29891,35.38434],[129.29875,35.38426],[129.29654,35.38279],[129.29644,35.38269],[129.29624,35.38234],[129.29611,35.38204],[129.29589,35.38153],[129.29584,35.38133],[129.2955,35.37963],[129.29367,35.3775],[129.29336,35.37717],[129.29289,35.37684],[129.29224,35.37655],[129.29176,35.3765],[129.29158,35.3765],[129.2911,35.37649],[129.29049,35.37678],[129.29022,35.37707],[129.29005,35.3773],[129.2899,35.37754],[129.28616,35.37953],[129.282,35.37978],[129.28189,35.37981],[129.28161,35.37988],[129.28123,35.38007],[129.27667,35.38244],[129.27648,35.38257],[129.27635,35.38269],[129.27482,35.38482],[129.27478,35.38488],[129.27475,35.38553],[129.27475,35.38569],[129.27476,35.38583],[129.27492,35.38711],[129.27498,35.38743],[129.27501,35.38756],[129.2758,35.38953],[129.2759,35.38975],[129.27607,35.38998],[129.27624,35.39019],[129.27635,35.39027],[129.27656,35.39035],[129.2768,35.39041],[129.27701,35.39049],[129.27714,35.39059],[129.27723,35.39069],[129.27725,35.39078],[129.27724,35.39086],[129.27706,35.39152],[129.27646,35.39201],[129.27399,35.39279],[129.27212,35.39318],[129.27077,35.39383],[129.27033,35.39406],[129.27,35.39425],[129.26998,35.39429],[129.26987,35.39468],[129.2698,35.3948],[129.26962,35.3949],[129.26943,35.39495],[129.2691,35.39496],[129.26879,35.39492],[129.26642,35.39427],[129.26595,35.39399],[129.26525,35.39328],[129.26521,35.3932],[129.26511,35.39276],[129.2651,35.39246],[129.26512,35.39227],[129.26527,35.39169],[129.26544,35.39092],[129.26555,35.39008],[129.26569,35.38778],[129.26537,35.38627],[129.26527,35.38647],[129.26234,35.38558],[129.25995,35.38464],[129.25663,35.38479],[129.2562,35.38484],[129.25612,35.38485],[129.25509,35.38553],[129.25457,35.38602],[129.25451,35.38648],[129.25343,35.38685],[129.252,35.38721],[129.25194,35.38719],[129.25091,35.3868],[129.25079,35.38615],[129.2512,35.38572],[129.25095,35.38455],[129.25039,35.38376],[129.2492,35.38349],[129.24736,35.38474],[129.24196,35.38565],[129.24164,35.3857],[129.24131,35.38558],[129.23669,35.38227],[129.23617,35.38092],[129.23581,35.38039],[129.23564,35.38031],[129.23369,35.3806],[129.23282,35.38091],[129.23235,35.38122],[129.2312,35.38161],[129.2304,35.38147],[129.22628,35.3806],[129.22408,35.38005],[129.22335,35.37962],[129.22295,35.37947],[129.22267,35.37941],[129.22198,35.3793],[129.21772,35.37867],[129.21736,35.37869],[129.21095,35.38044],[129.20903,35.381],[129.20871,35.38117],[129.20431,35.38429],[129.2034,35.38515],[129.20321,35.3855],[129.20315,35.38583],[129.20297,35.38787],[129.20369,35.38891],[129.20535,35.39159],[129.20539,35.39171],[129.20556,35.39226],[129.20571,35.39265],[129.20591,35.39308],[129.20601,35.39327],[129.20609,35.3934],[129.20614,35.39347],[129.20626,35.39361],[129.20709,35.39436],[129.20718,35.39442],[129.20734,35.39446],[129.20746,35.3945],[129.20762,35.39457],[129.20784,35.39469],[129.20808,35.39484],[129.20818,35.39493],[129.20827,35.39501],[129.20949,35.39627],[129.21006,35.39687],[129.21015,35.39702],[129.21019,35.39712],[129.21062,35.39934],[129.21072,35.40003],[129.21073,35.40012],[129.21519,35.40387],[129.21525,35.404],[129.21536,35.40457],[129.21548,35.40499],[129.21569,35.40523],[129.21715,35.40679],[129.21725,35.40687],[129.21882,35.4077],[129.21929,35.40782],[129.21958,35.4079],[129.21971,35.40797],[129.21981,35.40811],[129.21996,35.4084],[129.21999,35.40877],[129.21992,35.40901],[129.21986,35.40917],[129.21925,35.41043],[129.21865,35.41147],[129.21824,35.41214],[129.2176,35.41306],[129.21744,35.41323],[129.21643,35.41385],[129.21572,35.41419],[129.21556,35.41424],[129.21256,35.41751],[129.21134,35.41908],[129.21119,35.41921],[129.21035,35.41972],[129.21024,35.41972],[129.20808,35.41998],[129.2073,35.42012],[129.20313,35.42094],[129.20271,35.42115],[129.20215,35.42146],[129.20202,35.4216],[129.20018,35.42413],[129.20019,35.42421],[129.20109,35.42881],[129.2022,35.42999],[129.20304,35.43029],[129.20525,35.43106],[129.206,35.4312],[129.20634,35.43125],[129.20673,35.43126],[129.2069,35.43125],[129.20698,35.43128],[129.2071,35.43138],[129.20876,35.43724],[129.20888,35.43796],[129.2089,35.43847],[129.2089,35.43976],[129.2087,35.44007],[129.20863,35.44015],[129.20863,35.44026],[129.20868,35.44036],[129.20886,35.44057],[129.20912,35.44075],[129.21183,35.4418],[129.21278,35.44203],[129.21342,35.44225],[129.21483,35.44276],[129.21491,35.4428],[129.21493,35.44286],[129.21464,35.44384],[129.21455,35.44411],[129.21452,35.44421],[129.21439,35.44441],[129.21407,35.44483],[129.214,35.44494],[129.21401,35.44501],[129.21524,35.44667],[129.2154,35.44687],[129.21598,35.44748],[129.21685,35.44838],[129.21699,35.44848],[129.21707,35.44849],[129.21913,35.44853],[129.21933,35.44851],[129.21954,35.44847],[129.21986,35.44836],[129.22036,35.44816],[129.22064,35.44803],[129.22087,35.44802],[129.2212,35.44805],[129.2231,35.4484],[129.22338,35.44846],[129.22342,35.44848],[129.22351,35.44852],[129.22507,35.44954],[129.22594,35.45059],[129.22606,35.45073],[129.22711,35.45186],[129.22915,35.45323],[129.2293,35.45329],[129.23028,35.45364],[129.2314,35.45403],[129.23158,35.45408],[129.23167,35.45409],[129.23172,35.45409],[129.23509,35.45333],[129.2353,35.45327],[129.23547,35.45322],[129.23552,35.45318],[129.23555,35.45314],[129.23555,35.45308],[129.23562,35.45236],[129.23579,35.45153],[129.23588,35.45136],[129.23619,35.45115],[129.2378,35.45045],[129.23809,35.45035],[129.24147,35.45004],[129.24165,35.45004],[129.24184,35.4501],[129.24341,35.45064],[129.24424,35.451],[129.24491,35.45102],[129.24513,35.45108],[129.24698,35.45203],[129.24707,35.45209],[129.2472,35.45228],[129.2474,35.45273],[129.24762,35.45311],[129.24771,35.45321],[129.24794,35.45345],[129.24825,35.45369],[129.24847,35.45386],[129.24894,35.45415],[129.249,35.45416],[129.24909,35.45416],[129.24919,35.45416],[129.25024,35.4538],[129.25233,35.45305],[129.25238,35.45303],[129.25271,35.45259],[129.25293,35.45225],[129.25347,35.45153],[129.25383,35.45116],[129.25385,35.45114],[129.25401,35.45099],[129.25407,35.45095],[129.25413,35.45095],[129.25423,35.45097],[129.25523,35.45117],[129.25551,35.45124],[129.25588,35.45136],[129.2561,35.45145],[129.25818,35.45199],[129.26174,35.45292],[129.26205,35.45289],[129.26279,35.45279],[129.26304,35.45274],[129.26698,35.45243],[129.26709,35.45243],[129.26857,35.45237],[129.26874,35.45237],[129.27196,35.45266],[129.27206,35.45267],[129.27296,35.45281],[129.27307,35.45282],[129.27323,35.45287],[129.27334,35.4529],[129.27344,35.45296],[129.27354,35.45303],[129.27861,35.45715],[129.27866,35.4572],[129.27869,35.45726],[129.27875,35.45741],[129.27882,35.45799],[129.27881,35.45806],[129.27876,35.45815],[129.27867,35.45825],[129.27839,35.45847],[129.27903,35.46031],[129.28415,35.46206],[129.28429,35.46211],[129.28443,35.46214],[129.28456,35.46215],[129.2866,35.46226],[129.28676,35.46226],[129.28699,35.46221],[129.28721,35.46213],[129.28736,35.46206],[129.28759,35.46195],[129.28846,35.46154],[129.28866,35.46144],[129.28908,35.46125],[129.28937,35.46113],[129.28962,35.46104],[129.29003,35.46091],[129.29046,35.46078],[129.29063,35.46074],[129.29098,35.46067],[129.2913,35.46063],[129.2916,35.46061],[129.2925,35.46048],[129.29317,35.46035],[129.29355,35.46025],[129.29365,35.46022],[129.29408,35.46005],[129.29445,35.45988],[129.29549,35.45939],[129.29574,35.45927],[129.29604,35.45909],[129.29634,35.4589],[129.29658,35.4587],[129.29673,35.45856],[129.29689,35.45838],[129.29715,35.45807],[129.29734,35.45782],[129.29743,35.45768],[129.29771,35.45729]]]]}},{"type":"Feature","properties":{"code":"31710259","name":"범서읍","parent":"31710"},"geometry":{"type":"MultiPolygon","coordinates":[[[[129.29581,35.6443],[129.29712,35.64279],[129.29664,35.64192],[129.29621,35.63891],[129.29619,35.63839],[129.29678,35.63509],[129.29681,35.63494],[129.297,35.63387],[129.29782,35.6332],[129.29819,35.63241],[129.29826,35.63106],[129.29758,35.62887],[129.29698,35.62771],[129.29653,35.62723],[129.2957,35.62692],[129.29465,35.62583],[129.29455,35.62061],[129.29462,35.61847],[129.29537,35.61792],[129.29664,35.61725],[129.29783,35.61688],[129.29991,35.61474],[129.30014,35.61419],[129.29937,35.60944],[129.29907,35.60889],[129.29847,35.60846],[129.29742,35.60792],[129.29653,35.60767],[129.29608,35.60719],[129.29305,35.60255],[129.29291,35.6016],[129.2929,35.60071],[129.29286,35.60053],[129.29281,35.60036],[129.29159,35.59829],[129.29141,35.59816],[129.2901,35.59728],[129.28954,35.59619],[129.28947,35.59543],[129.29013,35.59483],[129.29032,35.59423],[129.29117,35.59039],[129.29114,35.58872],[129.2911,35.58694],[129.29102,35.58632],[129.291,35.5862],[129.29096,35.58608],[129.29072,35.58559],[129.29066,35.58552],[129.2892,35.58441],[129.28914,35.58437],[129.28873,35.58417],[129.28863,35.58414],[129.28613,35.58343],[129.2859,35.58341],[129.28569,35.58345],[129.2839,35.58399],[129.28217,35.58392],[129.27782,35.58519],[129.27356,35.58606],[129.27329,35.58613],[129.27303,35.58622],[129.2727,35.58638],[129.27252,35.58648],[129.27175,35.58703],[129.27131,35.58721],[129.27101,35.58731],[129.27056,35.58738],[129.27023,35.58739],[129.26778,35.58701],[129.26747,35.5869],[129.26733,35.58676],[129.26706,35.58641],[129.26679,35.58598],[129.26602,35.58439],[129.26537,35.58304],[129.2653,35.58264],[129.2653,35.58239],[129.26548,35.58091],[129.26331,35.58066],[129.26234,35.58113],[129.26217,35.58115],[129.2621,35.58117],[129.26188,35.58117],[129.2601,35.58094],[129.25937,35.58073],[129.25797,35.58013],[129.25781,35.58004],[129.25711,35.57952],[129.25708,35.57944],[129.25698,35.5791],[129.25691,35.57868],[129.25691,35.5785],[129.25695,35.57849],[129.25917,35.5759],[129.2613,35.57272],[129.2616,35.57211],[129.26189,35.5695],[129.26189,35.56897],[129.26148,35.56742],[129.26094,35.56622],[129.26081,35.56549],[129.26107,35.56246],[129.26229,35.56109],[129.26519,35.5574],[129.26512,35.55728],[129.26437,35.55589],[129.26181,35.55411],[129.26055,35.55211],[129.26029,35.55229],[129.25988,35.55255],[129.25782,35.55392],[129.25779,35.55393],[129.25625,35.55475],[129.2544,35.55317],[129.25393,35.55263],[129.2529,35.55134],[129.25231,35.54955],[129.2494,35.54549],[129.24719,35.54393],[129.24418,35.54284],[129.24323,35.54145],[129.24197,35.53988],[129.24192,35.53983],[129.24185,35.53978],[129.24174,35.5397],[129.24159,35.53964],[129.24149,35.53961],[129.24134,35.5396],[129.2409,35.53959],[129.24016,35.53955],[129.239,35.53948],[129.23882,35.53946],[129.23742,35.53717],[129.23667,35.53622],[129.23617,35.53588],[129.23591,35.53586],[129.23571,35.53588],[129.23397,35.53634],[129.23108,35.53693],[129.23084,35.53703],[129.22961,35.53753],[129.22952,35.53755],[129.22942,35.53752],[129.22921,35.53741],[129.22909,35.53733],[129.22895,35.53722],[129.22885,35.53715],[129.22869,35.53701],[129.22858,35.53693],[129.22833,35.53676],[129.22815,35.53668],[129.228,35.53663],[129.2237,35.53561],[129.21646,35.53408],[129.2162,35.53404],[129.21594,35.53406],[129.21577,35.5341],[129.21551,35.53419],[129.21502,35.53438],[129.21459,35.53449],[129.21435,35.53458],[129.21412,35.53469],[129.214,35.53478],[129.2139,35.53487],[129.21334,35.53549],[129.21329,35.53558],[129.21262,35.53762],[129.21255,35.53792],[129.21252,35.53809],[129.21253,35.53825],[129.21256,35.53836],[129.21267,35.5386],[129.2128,35.53888],[129.21294,35.53919],[129.213,35.53936],[129.21313,35.53973],[129.21314,35.53983],[129.2131,35.5399],[129.2122,35.54137],[129.21213,35.54143],[129.21205,35.54146],[129.21035,35.54139],[129.20946,35.54116],[129.2093,35.54107],[129.20862,35.5407],[129.20854,35.54069],[129.20678,35.54118],[129.20671,35.54122],[129.20666,35.54129],[129.20581,35.54232],[129.20355,35.54343],[129.20346,35.54349],[129.20338,35.54355],[129.20326,35.54364],[129.20321,35.54369],[129.20314,35.54377],[129.20275,35.54426],[129.20272,35.54429],[129.20087,35.54843],[129.20111,35.55118],[129.20128,35.55138],[129.20133,35.55147],[129.20134,35.5515],[129.20174,35.55456],[129.20207,35.55929],[129.20204,35.5595],[129.20197,35.56002],[129.20078,35.56551],[129.20069,35.56585],[129.20061,35.56601],[129.20056,35.56611],[129.20049,35.56616],[129.20024,35.5662],[129.19971,35.56622],[129.19929,35.56623],[129.19887,35.56624],[129.19847,35.56623],[129.19808,35.56619],[129.19756,35.56614],[129.19575,35.56599],[129.19535,35.56598],[129.19525,35.56598],[129.19517,35.56599],[129.19495,35.56601],[129.19482,35.56606],[129.19475,35.56609],[129.19469,35.56613],[129.1946,35.5662],[129.19455,35.56625],[129.19449,35.56636],[129.19444,35.56661],[129.19444,35.56684],[129.19445,35.567],[129.19456,35.56728],[129.19468,35.56749],[129.19477,35.56762],[129.19494,35.56782],[129.19511,35.56801],[129.19531,35.56829],[129.19553,35.56861],[129.19586,35.56914],[129.1959,35.56923],[129.19591,35.56964],[129.19542,35.57219],[129.19538,35.57221],[129.19534,35.57224],[129.19528,35.57226],[129.19408,35.57271],[129.1931,35.57301],[129.193,35.57303],[129.19294,35.57304],[129.19286,35.57306],[129.19263,35.57314],[129.19255,35.57318],[129.1925,35.57321],[129.19244,35.57326],[129.19005,35.57602],[129.18983,35.57633],[129.18997,35.57717],[129.18999,35.57731],[129.19008,35.57764],[129.19014,35.57777],[129.19019,35.57787],[129.19025,35.57798],[129.19041,35.57812],[129.19051,35.57819],[129.1915,35.57881],[129.19165,35.5789],[129.19399,35.58046],[129.1965,35.58239],[129.19718,35.58294],[129.20155,35.58684],[129.20165,35.58695],[129.20172,35.58704],[129.20183,35.58721],[129.20195,35.58741],[129.20207,35.58762],[129.20212,35.58775],[129.20214,35.58787],[129.20215,35.58822],[129.20213,35.58886],[129.20203,35.59018],[129.20193,35.591],[129.20191,35.59114],[129.20138,35.59289],[129.20092,35.594],[129.20083,35.59411],[129.2004,35.59488],[129.2004,35.59493],[129.20054,35.59598],[129.20061,35.59624],[129.20069,35.59644],[129.20079,35.59656],[129.20091,35.59667],[129.20122,35.59693],[129.20145,35.59707],[129.20353,35.5998],[129.20358,35.59989],[129.20452,35.6017],[129.20455,35.60175],[129.20458,35.60178],[129.20629,35.60327],[129.20633,35.6033],[129.20656,35.60344],[129.20662,35.60348],[129.20684,35.60358],[129.20693,35.60362],[129.20895,35.60438],[129.21193,35.60525],[129.21203,35.60527],[129.21207,35.60527],[129.21224,35.60525],[129.21239,35.60523],[129.21257,35.60521],[129.21264,35.60521],[129.2127,35.60521],[129.21273,35.60522],[129.21276,35.60524],[129.21278,35.60528],[129.2136,35.60698],[129.21365,35.60708],[129.21369,35.60719],[129.21371,35.60728],[129.21372,35.60741],[129.21373,35.60747],[129.21372,35.60754],[129.21371,35.60759],[129.21369,35.60762],[129.21366,35.60767],[129.21364,35.60771],[129.2136,35.60776],[129.21284,35.60858],[129.21213,35.60921],[129.21203,35.60928],[129.21197,35.60933],[129.21195,35.60935],[129.21195,35.6094],[129.21187,35.61191],[129.21187,35.61196],[129.21218,35.6133],[129.2122,35.61338],[129.21222,35.61341],[129.21225,35.61343],[129.21236,35.6135],[129.21264,35.61366],[129.21293,35.61383],[129.21402,35.61462],[129.2161,35.61627],[129.21652,35.61662],[129.21742,35.61746],[129.21747,35.61753],[129.21748,35.61756],[129.21678,35.62238],[129.21676,35.62248],[129.21674,35.62252],[129.21671,35.62258],[129.21668,35.62265],[129.21557,35.62475],[129.21466,35.62542],[129.2177,35.62601],[129.22124,35.62819],[129.22126,35.62825],[129.2213,35.62834],[129.22134,35.62838],[129.22137,35.62843],[129.22142,35.6285],[129.22231,35.62956],[129.22237,35.62963],[129.22248,35.62974],[129.22271,35.62995],[129.22312,35.63027],[129.22329,35.63039],[129.22487,35.63153],[129.225,35.63161],[129.22517,35.6317],[129.22529,35.63176],[129.22595,35.63205],[129.22603,35.63208],[129.22715,35.63251],[129.22794,35.63275],[129.22803,35.63278],[129.22818,35.63282],[129.22827,35.63283],[129.22837,35.63284],[129.23281,35.63288],[129.23287,35.63288],[129.23296,35.63285],[129.233,35.63283],[129.23302,35.63279],[129.23306,35.63273],[129.23314,35.63257],[129.23316,35.63251],[129.23319,35.63247],[129.23323,35.63245],[129.23328,35.63243],[129.23983,35.63018],[129.23997,35.63014],[129.24069,35.62992],[129.24085,35.62987],[129.24094,35.62985],[129.24116,35.62979],[129.24172,35.62965],[129.24209,35.62957],[129.24238,35.62951],[129.24244,35.6295],[129.24249,35.62951],[129.24252,35.62953],[129.24345,35.63144],[129.2435,35.63153],[129.24352,35.63162],[129.24352,35.63175],[129.24352,35.63189],[129.24347,35.63262],[129.24346,35.63267],[129.24321,35.63358],[129.24295,35.63449],[129.24293,35.63459],[129.24293,35.63465],[129.24294,35.6347],[129.24296,35.63477],[129.24298,35.63484],[129.24304,35.63503],[129.24311,35.63516],[129.24392,35.63655],[129.24404,35.63675],[129.2441,35.63683],[129.24418,35.63692],[129.24424,35.63697],[129.24436,35.63706],[129.24455,35.63718],[129.24451,35.63913],[129.24404,35.64064],[129.24381,35.64355],[129.2438,35.64366],[129.2438,35.64378],[129.24386,35.64483],[129.24388,35.6449],[129.2439,35.64495],[129.24545,35.64824],[129.24765,35.64904],[129.24771,35.64905],[129.24789,35.64916],[129.24864,35.64981],[129.24869,35.64986],[129.24932,35.6512],[129.25016,35.65307],[129.25017,35.65312],[129.25221,35.6566],[129.25416,35.65877],[129.25517,35.66034],[129.25609,35.65997],[129.25628,35.65986],[129.25645,35.65972],[129.25742,35.65885],[129.25753,35.65873],[129.2576,35.65863],[129.25766,35.65851],[129.2577,35.65834],[129.25793,35.6576],[129.25813,35.65703],[129.25826,35.6568],[129.26008,35.65451],[129.26024,35.65442],[129.26036,35.65438],[129.26047,35.65435],[129.26152,35.65422],[129.26238,35.65412],[129.26261,35.65408],[129.26281,35.65405],[129.26471,35.65366],[129.265,35.65356],[129.26784,35.65226],[129.26795,35.65219],[129.2695,35.65104],[129.27163,35.65215],[129.27198,35.65228],[129.27359,35.65272],[129.27382,35.65278],[129.27405,35.65281],[129.27429,35.65285],[129.27476,35.65288],[129.27487,35.65289],[129.27529,35.65289],[129.27549,35.65287],[129.27588,35.65279],[129.27635,35.65264],[129.27643,35.6526],[129.27652,35.65252],[129.27664,35.6524],[129.27676,35.65228],[129.27706,35.65201],[129.27746,35.6517],[129.27838,35.65116],[129.27866,35.651],[129.27908,35.65078],[129.28053,35.65014],[129.28192,35.64957],[129.28214,35.64949],[129.28219,35.64948],[129.28226,35.64948],[129.28236,35.64949],[129.28247,35.64955],[129.28344,35.65018],[129.28351,35.65023],[129.28357,35.6503],[129.2836,35.6504],[129.28364,35.65057],[129.28366,35.65066],[129.28367,35.6507],[129.28382,35.65101],[129.28401,35.65123],[129.28417,35.6514],[129.28425,35.65146],[129.28436,35.6515],[129.28443,35.65149],[129.28451,35.65145],[129.29022,35.64797],[129.29032,35.64789],[129.29037,35.64779],[129.29041,35.64755],[129.29043,35.64722],[129.29046,35.64698],[129.29049,35.64676],[129.29061,35.64651],[129.29182,35.64521],[129.2919,35.64516],[129.29208,35.64509],[129.29507,35.64437],[129.29529,35.64433],[129.29557,35.64431],[129.29581,35.6443]]]]}},{"type":"Feature","properties":{"code":"31710310","name":"서생면","parent":"31710"},"geometry":{"type":"MultiPolygon","coordinates":[[[[129.34651,35.38942],[129.34662,35.38867],[129.34713,35.38721],[129.34772,35.38637],[129.34803,35.38615],[129.34846,35.38586],[129.34952,35.38575],[129.35066,35.38677],[129.35169,35.38716],[129.35234,35.38694],[129.35297,35.38585],[129.35285,35.38515],[129.3517,35.38389],[129.35098,35.38365],[129.35028,35.38408],[129.35,35.38467],[129.3492,35.38501],[129.34838,35.38486],[129.34745,35.38401],[129.34684,35.38321],[129.34655,35.38283],[129.34585,35.38151],[129.34545,35.37982],[129.34541,35.37858],[129.34556,35.37642],[129.34812,35.37592],[129.35135,35.37544],[129.35596,35.3739],[129.35611,35.37362],[129.3564,35.37146],[129.35617,35.37056],[129.35565,35.37011],[129.35538,35.3697],[129.35621,35.3684],[129.35671,35.36835],[129.35857,35.36794],[129.36077,35.36674],[129.36141,35.36635],[129.36329,35.36122],[129.36159,35.35862],[129.35991,35.3565],[129.35899,35.35557],[129.35799,35.35516],[129.35542,35.35459],[129.35428,35.3547],[129.35361,35.35509],[129.35299,35.35563],[129.35244,35.35567],[129.35238,35.35568],[129.35185,35.35566],[129.35079,35.35514],[129.3482,35.3534],[129.34721,35.35251],[129.34455,35.3523],[129.34444,35.35369],[129.3441,35.35427],[129.34178,35.35606],[129.34073,35.35654],[129.33957,35.35672],[129.33764,35.35651],[129.33575,35.35593],[129.33451,35.35512],[129.33414,35.35434],[129.33451,35.35334],[129.3348,35.3528],[129.33373,35.34913],[129.33352,35.3488],[129.33215,35.34759],[129.33033,35.34719],[129.32882,35.34698],[129.32841,35.34698],[129.32809,35.3474],[129.32789,35.34765],[129.32748,35.34785],[129.32548,35.3475],[129.32271,35.34598],[129.32231,35.34458],[129.32248,35.34388],[129.32241,35.343],[129.32224,35.3423],[129.32139,35.3401],[129.32078,35.33901],[129.31914,35.33806],[129.3186,35.33794],[129.31841,35.33816],[129.3179,35.33839],[129.31729,35.33772],[129.31639,35.33633],[129.31578,35.33448],[129.31411,35.33091],[129.31364,35.33046],[129.31061,35.3306],[129.31012,35.33094],[129.30957,35.33124],[129.30904,35.3314],[129.30745,35.33114],[129.30579,35.33046],[129.30453,35.32951],[129.30392,35.33093],[129.30336,35.33167],[129.30321,35.33182],[129.3017,35.3334],[129.30088,35.33424],[129.29984,35.33495],[129.2977,35.33553],[129.29654,35.33557],[129.29318,35.33595],[129.29206,35.33654],[129.29118,35.33779],[129.29089,35.33866],[129.28936,35.34014],[129.28917,35.34021],[129.2866,35.33997],[129.28623,35.33974],[129.28585,35.3395],[129.28553,35.33923],[129.2855,35.3392],[129.28428,35.33943],[129.28404,35.33947],[129.28256,35.33978],[129.28246,35.3398],[129.27986,35.34151],[129.27988,35.3417],[129.28029,35.34204],[129.28143,35.34257],[129.28188,35.34298],[129.28377,35.34568],[129.28385,35.34597],[129.28456,35.35076],[129.2846,35.35102],[129.28448,35.35227],[129.28346,35.35344],[129.28244,35.35391],[129.28057,35.35611],[129.2808,35.35919],[129.28099,35.36048],[129.28255,35.36192],[129.28326,35.36251],[129.28351,35.36271],[129.28318,35.36523],[129.28091,35.36556],[129.27971,35.36578],[129.27856,35.36788],[129.2776,35.37018],[129.27731,35.37132],[129.27671,35.3724],[129.2725,35.37692],[129.27158,35.37785],[129.26961,35.37936],[129.26827,35.37991],[129.26732,35.38145],[129.26677,35.38336],[129.26581,35.38542],[129.26537,35.38627],[129.26569,35.38778],[129.26555,35.39008],[129.26544,35.39092],[129.26527,35.39169],[129.26512,35.39227],[129.2651,35.39246],[129.26511,35.39276],[129.26521,35.3932],[129.26525,35.39328],[129.26595,35.39399],[129.26642,35.39427],[129.26879,35.39492],[129.2691,35.39496],[129.26943,35.39495],[129.26962,35.3949],[129.2698,35.3948],[129.26987,35.39468],[129.26998,35.39429],[129.27,35.39425],[129.27033,35.39406],[129.27077,35.39383],[129.27212,35.39318],[129.27399,35.39279],[129.27646,35.39201],[129.27706,35.39152],[129.27724,35.39086],[129.27725,35.39078],[129.27723,35.39069],[129.27714,35.39059],[129.27701,35.39049],[129.2768,35.39041],[129.27656,35.39035],[129.27635,35.39027],[129.27624,35.39019],[129.27607,35.38998],[129.2759,35.38975],[129.2758,35.38953],[129.27501,35.38756],[129.27498,35.38743],[129.27492,35.38711],[129.27476,35.38583],[129.27475,35.38569],[129.27475,35.38553],[129.27478,35.38488],[129.27482,35.38482],[129.27635,35.38269],[129.27648,35.38257],[129.27667,35.38244],[129.28123,35.38007],[129.28161,35.37988],[129.28189,35.37981],[129.282,35.37978],[129.28616,35.37953],[129.2899,35.37754],[129.29005,35.3773],[129.29022,35.37707],[129.29049,35.37678],[129.2911,35.37649],[129.29158,35.3765],[129.29176,35.3765],[129.29224,35.37655],[129.29289,35.37684],[129.29336,35.37717],[129.29367,35.3775],[129.2955,35.37963],[129.29584,35.38133],[129.29589,35.38153],[129.29611,35.38204],[129.29624,35.38234],[129.29644,35.38269],[129.29654,35.38279],[129.29875,35.38426],[129.29891,35.38434],[129.2991,35.38442],[129.29924,35.38445],[129.29938,35.38451],[129.29972,35.38464],[129.29994,35.38484],[129.30021,35.38518],[129.30058,35.38569],[129.3007,35.38587],[129.30101,35.3867],[129.30106,35.38686],[129.30111,35.38705],[129.30182,35.39188],[129.30274,35.39397],[129.30276,35.39421],[129.30222,35.39549],[129.30394,35.39942],[129.30584,35.40132],[129.30766,35.40357],[129.30804,35.40471],[129.3084,35.40454],[129.30864,35.40445],[129.30899,35.40432],[129.31053,35.40381],[129.31221,35.40332],[129.31244,35.40329],[129.31271,35.40325],[129.31303,35.40316],[129.31332,35.40304],[129.31343,35.40298],[129.31476,35.40206],[129.31553,35.4015],[129.31725,35.40035],[129.31845,35.39958],[129.31929,35.3991],[129.32008,35.39865],[129.32124,35.39813],[129.32877,35.39562],[129.32996,35.39523],[129.33154,35.39477],[129.33329,35.39431],[129.33366,35.39422],[129.33578,35.39368],[129.33831,35.39316],[129.34031,35.39276],[129.34088,35.39264],[129.34163,35.39245],[129.34193,35.39237],[129.34244,35.39222],[129.34309,35.39197],[129.34368,35.39171],[129.34427,35.39139],[129.34468,35.39109],[129.34516,35.39068],[129.34651,35.38942]]]]}},{"type":"Feature","properties":{"code":"31710262","name":"청량읍","parent":"31710"},"geometry":{"type":"MultiPolygon","coordinates":[[[[129.23667,35.53622],[129.23811,35.53629],[129.23828,35.53629],[129.24458,35.53582],[129.24762,35.53361],[129.24785,35.53339],[129.2479,35.53338],[129.24837,35.53328],[129.24931,35.53318],[129.25397,35.53282],[129.25447,35.53313],[129.25511,35.53383],[129.25585,35.53329],[129.25895,35.53114],[129.26236,35.5298],[129.26249,35.53019],[129.26256,35.53042],[129.26386,35.53076],[129.26422,35.53078],[129.26434,35.53079],[129.2672,35.53066],[129.27241,35.52978],[129.27428,35.52917],[129.27483,35.52836],[129.27405,35.52743],[129.27371,35.52704],[129.27287,35.52608],[129.2747,35.52364],[129.27686,35.52182],[129.27773,35.52195],[129.27926,35.52153],[129.28064,35.52065],[129.28192,35.51945],[129.28148,35.51936],[129.28052,35.51914],[129.28035,35.51883],[129.28132,35.51723],[129.28173,35.51705],[129.28219,35.51685],[129.28268,35.51699],[129.28283,35.51704],[129.28318,35.51712],[129.28354,35.51711],[129.28633,35.51613],[129.28676,35.51597],[129.28742,35.51522],[129.28827,35.50783],[129.28887,35.50781],[129.28941,35.50779],[129.29016,35.50776],[129.29103,35.50653],[129.29241,35.5045],[129.29421,35.50221],[129.29778,35.49798],[129.30148,35.49447],[129.30379,35.49454],[129.30443,35.49607],[129.30786,35.49739],[129.30907,35.49727],[129.30974,35.497],[129.31015,35.49679],[129.31149,35.496],[129.31177,35.49581],[129.312,35.49557],[129.31217,35.49538],[129.31399,35.49238],[129.31403,35.49114],[129.31934,35.49111],[129.31943,35.49111],[129.31943,35.49099],[129.31938,35.48483],[129.32664,35.48482],[129.33015,35.48481],[129.33082,35.48477],[129.33121,35.48469],[129.33126,35.48468],[129.33144,35.48461],[129.33169,35.48447],[129.33183,35.48438],[129.33198,35.48425],[129.33214,35.48407],[129.3323,35.48389],[129.33245,35.48367],[129.33258,35.48346],[129.33287,35.48302],[129.33297,35.48288],[129.3331,35.48276],[129.33328,35.48265],[129.33348,35.48258],[129.33515,35.48244],[129.3357,35.48241],[129.33655,35.48194],[129.33683,35.48175],[129.33705,35.48159],[129.33729,35.48131],[129.33745,35.48112],[129.33758,35.48095],[129.33762,35.48088],[129.33775,35.4807],[129.3379,35.48045],[129.338,35.48025],[129.3381,35.48002],[129.3382,35.47977],[129.33839,35.47906],[129.33847,35.47874],[129.3385,35.47849],[129.33853,35.47803],[129.33831,35.47656],[129.33827,35.47626],[129.33824,35.4756],[129.33935,35.4743],[129.33831,35.47313],[129.33778,35.47283],[129.33744,35.47271],[129.33511,35.47228],[129.33299,35.47191],[129.33236,35.47181],[129.33179,35.47173],[129.33147,35.47162],[129.33017,35.47092],[129.3301,35.47085],[129.33,35.47064],[129.33001,35.47049],[129.33029,35.4703],[129.33126,35.46965],[129.33206,35.46907],[129.33205,35.46896],[129.33171,35.46695],[129.33166,35.46678],[129.33143,35.46627],[129.33012,35.46424],[129.32998,35.46411],[129.32744,35.46215],[129.32733,35.46212],[129.327,35.46219],[129.32631,35.46231],[129.32598,35.46229],[129.32437,35.46163],[129.32345,35.46125],[129.32331,35.46112],[129.32295,35.46074],[129.32288,35.46033],[129.32291,35.45913],[129.32285,35.45867],[129.32276,35.45862],[129.32146,35.45794],[129.3209,35.45791],[129.32052,35.45792],[129.32004,35.45805],[129.31994,35.45809],[129.31856,35.45881],[129.31822,35.45899],[129.31818,35.45904],[129.31815,35.45924],[129.31811,35.45931],[129.31756,35.45956],[129.31745,35.45957],[129.31736,35.45956],[129.31715,35.4595],[129.31433,35.45852],[129.31404,35.45838],[129.31389,35.45827],[129.31378,35.45812],[129.31357,35.45784],[129.31343,35.45756],[129.31318,35.45727],[129.31307,35.4572],[129.31297,35.45716],[129.31228,35.45689],[129.31223,35.45689],[129.31209,35.45689],[129.30942,35.45743],[129.30903,35.45753],[129.3085,35.45772],[129.30788,35.45801],[129.30767,35.45822],[129.30744,35.45842],[129.30721,35.45851],[129.30687,35.45856],[129.30613,35.45862],[129.30582,35.45865],[129.30566,35.45863],[129.30256,35.4577],[129.30254,35.45766],[129.30254,35.45756],[129.30264,35.45709],[129.30264,35.45679],[129.30261,35.45671],[129.30242,35.45654],[129.30224,35.45646],[129.30197,35.45643],[129.30029,35.45645],[129.30003,35.45648],[129.29977,35.45655],[129.29771,35.45729],[129.29743,35.45768],[129.29734,35.45782],[129.29715,35.45807],[129.29689,35.45838],[129.29673,35.45856],[129.29658,35.4587],[129.29634,35.4589],[129.29604,35.45909],[129.29574,35.45927],[129.29549,35.45939],[129.29445,35.45988],[129.29408,35.46005],[129.29365,35.46022],[129.29355,35.46025],[129.29317,35.46035],[129.2925,35.46048],[129.2916,35.46061],[129.2913,35.46063],[129.29098,35.46067],[129.29063,35.46074],[129.29046,35.46078],[129.29003,35.46091],[129.28962,35.46104],[129.28937,35.46113],[129.28908,35.46125],[129.28866,35.46144],[129.28846,35.46154],[129.28759,35.46195],[129.28736,35.46206],[129.28721,35.46213],[129.28699,35.46221],[129.28676,35.46226],[129.2866,35.46226],[129.28456,35.46215],[129.28443,35.46214],[129.28429,35.46211],[129.28415,35.46206],[129.27903,35.46031],[129.27839,35.45847],[129.27867,35.45825],[129.27876,35.45815],[129.27881,35.45806],[129.27882,35.45799],[129.27875,35.45741],[129.27869,35.45726],[129.27866,35.4572],[129.27861,35.45715],[129.27354,35.45303],[129.27344,35.45296],[129.27334,35.4529],[129.27323,35.45287],[129.27307,35.45282],[129.27296,35.45281],[129.27206,35.45267],[129.27196,35.45266],[129.26874,35.45237],[129.26857,35.45237],[129.26709,35.45243],[129.26698,35.45243],[129.26304,35.45274],[129.26279,35.45279],[129.26205,35.45289],[129.26174,35.45292],[129.25818,35.45199],[129.2561,35.45145],[129.25588,35.45136],[129.25551,35.45124],[129.25523,35.45117],[129.25423,35.45097],[129.25413,35.45095],[129.25407,35.45095],[129.25401,35.45099],[129.25385,35.45114],[129.25383,35.45116],[129.25347,35.45153],[129.25293,35.45225],[129.25271,35.45259],[129.25238,35.45303],[129.25233,35.45305],[129.25024,35.4538],[129.24919,35.45416],[129.24909,35.45416],[129.249,35.45416],[129.24894,35.45415],[129.24847,35.45386],[129.24825,35.45369],[129.24794,35.45345],[129.24771,35.45321],[129.24762,35.45311],[129.2474,35.45273],[129.2472,35.45228],[129.24707,35.45209],[129.24698,35.45203],[129.24513,35.45108],[129.24491,35.45102],[129.24424,35.451],[129.24404,35.45106],[129.24358,35.45134],[129.24269,35.45198],[129.24139,35.45379],[129.24133,35.45395],[129.24091,35.45552],[129.24129,35.45621],[129.24137,35.4566],[129.24077,35.45732],[129.23971,35.45833],[129.23787,35.45815],[129.23715,35.45818],[129.23648,35.45846],[129.23638,35.45888],[129.23627,35.45964],[129.2363,35.45983],[129.23824,35.46354],[129.23795,35.46483],[129.23791,35.46507],[129.23813,35.46536],[129.23822,35.46543],[129.23834,35.46546],[129.23988,35.46569],[129.24107,35.46585],[129.24458,35.46623],[129.24641,35.46637],[129.24688,35.46643],[129.24819,35.46709],[129.24915,35.46772],[129.25071,35.46911],[129.25095,35.46933],[129.25175,35.47025],[129.25187,35.47044],[129.25187,35.47051],[129.25176,35.47075],[129.25165,35.47096],[129.25151,35.47115],[129.25147,35.47128],[129.25148,35.47137],[129.25151,35.47144],[129.25353,35.4747],[129.25362,35.47479],[129.2537,35.47485],[129.25379,35.47488],[129.25397,35.47491],[129.25443,35.4749],[129.25469,35.47488],[129.25483,35.47487],[129.25496,35.47485],[129.25519,35.47474],[129.25533,35.4747],[129.25548,35.47468],[129.25561,35.47469],[129.25581,35.47472],[129.25599,35.47478],[129.25623,35.47488],[129.25636,35.47496],[129.25642,35.47506],[129.25647,35.47519],[129.25685,35.47645],[129.25686,35.47659],[129.25689,35.47758],[129.25689,35.47763],[129.25605,35.48154],[129.25586,35.48154],[129.25578,35.48155],[129.2557,35.48158],[129.25413,35.48274],[129.24957,35.4868],[129.24932,35.48707],[129.24902,35.48757],[129.24898,35.48765],[129.24898,35.48773],[129.24899,35.48781],[129.24903,35.48796],[129.24911,35.48807],[129.24919,35.48819],[129.24943,35.48847],[129.24948,35.48857],[129.24948,35.48864],[129.24946,35.48871],[129.24941,35.48882],[129.2491,35.48913],[129.24886,35.48938],[129.24873,35.48948],[129.24857,35.48955],[129.24841,35.48961],[129.24771,35.48978],[129.2462,35.48999],[129.24354,35.49055],[129.24312,35.49064],[129.24291,35.49077],[129.24272,35.49099],[129.24222,35.49158],[129.24196,35.49178],[129.24177,35.49187],[129.2415,35.49192],[129.24017,35.49192],[129.23966,35.49191],[129.23936,35.49188],[129.2391,35.49182],[129.23883,35.49174],[129.23862,35.49164],[129.23843,35.49151],[129.23831,35.49139],[129.23746,35.49006],[129.23716,35.48953],[129.23696,35.489],[129.23676,35.48847],[129.23661,35.4882],[129.23505,35.48643],[129.23364,35.48527],[129.23356,35.48522],[129.23347,35.48522],[129.23338,35.48525],[129.23323,35.48534],[129.23257,35.48576],[129.23215,35.48605],[129.23164,35.48646],[129.23148,35.48662],[129.23139,35.48673],[129.2313,35.48691],[129.23122,35.48711],[129.23119,35.48736],[129.23116,35.48767],[129.23118,35.48787],[129.2313,35.48875],[129.23145,35.48968],[129.23149,35.49016],[129.23146,35.49033],[129.23144,35.49038],[129.23134,35.49044],[129.22838,35.49116],[129.22801,35.49122],[129.22776,35.49131],[129.22746,35.49145],[129.22731,35.49153],[129.22724,35.49169],[129.2272,35.49254],[129.22716,35.49307],[129.22709,35.49351],[129.22702,35.4938],[129.22632,35.49587],[129.22626,35.49603],[129.22617,35.49617],[129.22504,35.49746],[129.22463,35.49763],[129.22427,35.49788],[129.22468,35.49921],[129.22489,35.49963],[129.2252,35.50005],[129.22555,35.50034],[129.22617,35.50054],[129.22652,35.50075],[129.22668,35.501],[129.22592,35.5049],[129.22336,35.50867],[129.22092,35.5105],[129.2181,35.51216],[129.21474,35.51224],[129.21452,35.51218],[129.21428,35.51213],[129.21361,35.51206],[129.21343,35.51205],[129.21316,35.51209],[129.21295,35.51218],[129.21265,35.51235],[129.21148,35.51311],[129.21005,35.51441],[129.20919,35.51679],[129.20767,35.51885],[129.20728,35.51933],[129.20705,35.51952],[129.20697,35.51966],[129.20682,35.52096],[129.20692,35.52177],[129.20727,35.52366],[129.20784,35.52504],[129.20839,35.526],[129.21152,35.5299],[129.21415,35.53364],[129.21484,35.53425],[129.21502,35.53438],[129.21551,35.53419],[129.21577,35.5341],[129.21594,35.53406],[129.2162,35.53404],[129.21646,35.53408],[129.2237,35.53561],[129.228,35.53663],[129.22815,35.53668],[129.22833,35.53676],[129.22858,35.53693],[129.22869,35.53701],[129.22885,35.53715],[129.22895,35.53722],[129.22909,35.53733],[129.22921,35.53741],[129.22942,35.53752],[129.22952,35.53755],[129.22961,35.53753],[129.23084,35.53703],[129.23108,35.53693],[129.23397,35.53634],[129.23571,35.53588],[129.23591,35.53586],[129.23617,35.53588],[129.23667,35.53622]]]]}},{"type":"Feature","properties":{"code":"31710340","name":"웅촌면","parent":"31710"},"geometry":{"type":"MultiPolygon","coordinates":[[[[129.21005,35.51441],[129.21148,35.51311],[129.21265,35.51235],[129.21295,35.51218],[129.21316,35.51209],[129.21343,35.51205],[129.21361,35.51206],[129.21428,35.51213],[129.21452,35.51218],[129.21474,35.51224],[129.2181,35.51216],[129.22092,35.5105],[129.22336,35.50867],[129.22592,35.5049],[129.22668,35.501],[129.22652,35.50075],[129.22617,35.50054],[129.22555,35.50034],[129.2252,35.50005],[129.22489,35.49963],[129.22468,35.49921],[129.22427,35.49788],[129.22463,35.49763],[129.22504,35.49746],[129.22617,35.49617],[129.22626,35.49603],[129.22632,35.49587],[129.22702,35.4938],[129.22709,35.49351],[129.22716,35.49307],[129.2272,35.49254],[129.22724,35.49169],[129.22731,35.49153],[129.22746,35.49145],[129.22776,35.49131],[129.22801,35.49122],[129.22838,35.49116],[129.23134,35.49044],[129.23144,35.49038],[129.23146,35.49033],[129.23149,35.49016],[129.23145,35.48968],[129.2313,35.48875],[129.23118,35.48787],[129.23116,35.48767],[129.23119,35.48736],[129.23122,35.48711],[129.2313,35.48691],[129.23139,35.48673],[129.23148,35.48662],[129.23164,35.48646],[129.23215,35.48605],[129.23257,35.48576],[129.23323,35.48534],[129.23338,35.48525],[129.23347,35.48522],[129.23356,35.48522],[129.23364,35.48527],[129.23505,35.48643],[129.23661,35.4882],[129.23676,35.48847],[129.23696,35.489],[129.23716,35.48953],[129.23746,35.49006],[129.23831,35.49139],[129.23843,35.49151],[129.23862,35.49164],[129.23883,35.49174],[129.2391,35.49182],[129.23936,35.49188],[129.23966,35.49191],[129.24017,35.49192],[129.2415,35.49192],[129.24177,35.49187],[129.24196,35.49178],[129.24222,35.49158],[129.24272,35.49099],[129.24291,35.49077],[129.24312,35.49064],[129.24354,35.49055],[129.2462,35.48999],[129.24771,35.48978],[129.24841,35.48961],[129.24857,35.48955],[129.24873,35.48948],[129.24886,35.48938],[129.2491,35.48913],[129.24941,35.48882],[129.24946,35.48871],[129.24948,35.48864],[129.24948,35.48857],[129.24943,35.48847],[129.24919,35.48819],[129.24911,35.48807],[129.24903,35.48796],[129.24899,35.48781],[129.24898,35.48773],[129.24898,35.48765],[129.24902,35.48757],[129.24932,35.48707],[129.24957,35.4868],[129.25413,35.48274],[129.2557,35.48158],[129.25578,35.48155],[129.25586,35.48154],[129.25605,35.48154],[129.25689,35.47763],[129.25689,35.47758],[129.25686,35.47659],[129.25685,35.47645],[129.25647,35.47519],[129.25642,35.47506],[129.25636,35.47496],[129.25623,35.47488],[129.25599,35.47478],[129.25581,35.47472],[129.25561,35.47469],[129.25548,35.47468],[129.25533,35.4747],[129.25519,35.47474],[129.25496,35.47485],[129.25483,35.47487],[129.25469,35.47488],[129.25443,35.4749],[129.25397,35.47491],[129.25379,35.47488],[129.2537,35.47485],[129.25362,35.47479],[129.25353,35.4747],[129.25151,35.47144],[129.25148,35.47137],[129.25147,35.47128],[129.25151,35.47115],[129.25165,35.47096],[129.25176,35.47075],[129.25187,35.47051],[129.25187,35.47044],[129.25175,35.47025],[129.25095,35.46933],[129.25071,35.46911],[129.24915,35.46772],[129.24819,35.46709],[129.24688,35.46643],[129.24641,35.46637],[129.24458,35.46623],[129.24107,35.46585],[129.23988,35.46569],[129.23834,35.46546],[129.23822,35.46543],[129.23813,35.46536],[129.23791,35.46507],[129.23795,35.46483],[129.23824,35.46354],[129.2363,35.45983],[129.23627,35.45964],[129.23638,35.45888],[129.23648,35.45846],[129.23715,35.45818],[129.23787,35.45815],[129.23971,35.45833],[129.24077,35.45732],[129.24137,35.4566],[129.24129,35.45621],[129.24091,35.45552],[129.24133,35.45395],[129.24139,35.45379],[129.24269,35.45198],[129.24358,35.45134],[129.24404,35.45106],[129.24424,35.451],[129.24341,35.45064],[129.24184,35.4501],[129.24165,35.45004],[129.24147,35.45004],[129.23809,35.45035],[129.2378,35.45045],[129.23619,35.45115],[129.23588,35.45136],[129.23579,35.45153],[129.23562,35.45236],[129.23555,35.45308],[129.23555,35.45314],[129.23552,35.45318],[129.23547,35.45322],[129.2353,35.45327],[129.23509,35.45333],[129.23172,35.45409],[129.23167,35.45409],[129.23158,35.45408],[129.2314,35.45403],[129.23028,35.45364],[129.2293,35.45329],[129.22915,35.45323],[129.22711,35.45186],[129.22606,35.45073],[129.22594,35.45059],[129.22507,35.44954],[129.22351,35.44852],[129.22342,35.44848],[129.22338,35.44846],[129.2231,35.4484],[129.2212,35.44805],[129.22087,35.44802],[129.22064,35.44803],[129.22036,35.44816],[129.21986,35.44836],[129.21954,35.44847],[129.21933,35.44851],[129.21913,35.44853],[129.21707,35.44849],[129.21699,35.44848],[129.21685,35.44838],[129.21598,35.44748],[129.2154,35.44687],[129.21524,35.44667],[129.21401,35.44501],[129.214,35.44494],[129.21407,35.44483],[129.21439,35.44441],[129.21452,35.44421],[129.21455,35.44411],[129.21464,35.44384],[129.21493,35.44286],[129.21491,35.4428],[129.21483,35.44276],[129.21342,35.44225],[129.21278,35.44203],[129.21183,35.4418],[129.20912,35.44075],[129.20886,35.44057],[129.20868,35.44036],[129.20863,35.44026],[129.20863,35.44015],[129.2087,35.44007],[129.2089,35.43976],[129.2089,35.43847],[129.20888,35.43796],[129.20876,35.43724],[129.2071,35.43138],[129.20698,35.43128],[129.2069,35.43125],[129.20673,35.43126],[129.20634,35.43125],[129.206,35.4312],[129.20525,35.43106],[129.20304,35.43029],[129.2022,35.42999],[129.20229,35.43113],[129.20235,35.43184],[129.20234,35.43195],[129.20222,35.43214],[129.20135,35.4335],[129.20107,35.43391],[129.20075,35.43431],[129.19997,35.43477],[129.1999,35.43494],[129.19924,35.43586],[129.19693,35.43899],[129.19685,35.43908],[129.1967,35.43924],[129.19659,35.43935],[129.19649,35.43943],[129.19641,35.43945],[129.19636,35.43942],[129.19485,35.43855],[129.19346,35.43771],[129.19274,35.43728],[129.19218,35.43686],[129.18743,35.43487],[129.18172,35.43331],[129.17895,35.43263],[129.1754,35.43318],[129.17265,35.43357],[129.17255,35.43357],[129.17224,35.43356],[129.17167,35.43352],[129.1712,35.43346],[129.17093,35.43338],[129.17071,35.43325],[129.17048,35.43305],[129.17035,35.43286],[129.17007,35.43258],[129.16972,35.4324],[129.16916,35.43222],[129.16814,35.43192],[129.16786,35.4319],[129.1658,35.43205],[129.16564,35.43208],[129.16558,35.43213],[129.16552,35.43222],[129.16549,35.43229],[129.16544,35.43258],[129.16534,35.43301],[129.16522,35.4334],[129.16509,35.4337],[129.1647,35.43414],[129.16426,35.43429],[129.16315,35.43466],[129.16235,35.43492],[129.16187,35.43503],[129.16163,35.43505],[129.16137,35.43508],[129.16078,35.43517],[129.15825,35.43673],[129.15341,35.44008],[129.15309,35.44036],[129.15296,35.44057],[129.15265,35.44106],[129.15236,35.44143],[129.15209,35.44164],[129.15,35.44298],[129.14975,35.44311],[129.14802,35.44379],[129.14787,35.44382],[129.14635,35.44381],[129.14566,35.44443],[129.14541,35.44499],[129.14527,35.44516],[129.1451,35.44531],[129.14474,35.44544],[129.14385,35.44566],[129.14356,35.44572],[129.14323,35.4458],[129.14297,35.44591],[129.14015,35.44865],[129.13979,35.449],[129.13898,35.45007],[129.13565,35.45527],[129.13561,35.45537],[129.1356,35.45542],[129.13557,35.45575],[129.13562,35.45613],[129.13572,35.45645],[129.13632,35.45685],[129.13791,35.45794],[129.13817,35.45816],[129.13954,35.4593],[129.13987,35.46007],[129.13991,35.46018],[129.14009,35.46122],[129.1401,35.46138],[129.14007,35.46149],[129.14005,35.46159],[129.14005,35.46171],[129.14007,35.46179],[129.14013,35.46189],[129.14067,35.46258],[129.14247,35.4648],[129.14333,35.46572],[129.14343,35.4658],[129.14598,35.4675],[129.14615,35.46761],[129.14756,35.46825],[129.14772,35.4683],[129.14797,35.46832],[129.15169,35.47064],[129.15174,35.47079],[129.15217,35.4716],[129.15234,35.4718],[129.15263,35.47205],[129.15313,35.47234],[129.1591,35.47628],[129.16098,35.47774],[129.16406,35.47918],[129.16415,35.47921],[129.16818,35.47979],[129.16828,35.4798],[129.17365,35.47965],[129.174,35.47962],[129.1745,35.47958],[129.17516,35.47949],[129.17563,35.4794],[129.17917,35.4785],[129.1798,35.47821],[129.18028,35.47784],[129.18102,35.47674],[129.1812,35.47644],[129.18128,35.47631],[129.1814,35.47594],[129.18213,35.47572],[129.18233,35.47566],[129.18273,35.47562],[129.18362,35.47554],[129.18412,35.47552],[129.18439,35.47555],[129.18443,35.47557],[129.1845,35.47561],[129.18458,35.47572],[129.18522,35.47711],[129.18673,35.48146],[129.18688,35.482],[129.18716,35.48312],[129.18717,35.48334],[129.18713,35.48347],[129.18702,35.48359],[129.18686,35.48369],[129.18651,35.48381],[129.18584,35.48396],[129.18563,35.48404],[129.18554,35.48411],[129.18483,35.48498],[129.18472,35.48512],[129.18471,35.48519],[129.18473,35.4853],[129.18484,35.48543],[129.18824,35.48758],[129.19593,35.48635],[129.19832,35.48562],[129.19914,35.48555],[129.19928,35.48556],[129.19942,35.48558],[129.19956,35.48561],[129.19966,35.48566],[129.19975,35.48571],[129.20092,35.4864],[129.20119,35.4866],[129.20129,35.4867],[129.20135,35.48675],[129.20139,35.48686],[129.20259,35.49],[129.2026,35.49006],[129.20256,35.49013],[129.20043,35.4935],[129.19865,35.49638],[129.19683,35.49941],[129.19671,35.49981],[129.19566,35.50144],[129.19553,35.50157],[129.19496,35.50197],[129.19483,35.50206],[129.1947,35.50208],[129.19461,35.50208],[129.19425,35.50209],[129.19407,35.50212],[129.19392,35.50217],[129.19338,35.5027],[129.19325,35.50285],[129.19264,35.50378],[129.19258,35.50393],[129.19255,35.50404],[129.19257,35.50421],[129.1926,35.50435],[129.19272,35.50477],[129.19276,35.5049],[129.19281,35.50503],[129.19288,35.50515],[129.19299,35.50528],[129.19309,35.50538],[129.19319,35.50544],[129.19328,35.50549],[129.19334,35.50551],[129.19347,35.50553],[129.1936,35.50554],[129.1938,35.50552],[129.19492,35.5054],[129.1975,35.5073],[129.19991,35.51044],[129.20289,35.51332],[129.2052,35.51457],[129.2053,35.5146],[129.20716,35.51459],[129.20742,35.51455],[129.20775,35.51442],[129.21005,35.51441]]]]}},{"type":"Feature","properties":{"code":"31710360","name":"두동면","parent":"31710"},"geometry":{"type":"MultiPolygon","coordinates":[[[[129.25604,35.70078],[129.25699,35.70022],[129.25748,35.69992],[129.2591,35.69821],[129.25927,35.69802],[129.25934,35.69791],[129.25985,35.69709],[129.26197,35.69352],[129.26263,35.69168],[129.26267,35.69156],[129.26269,35.69145],[129.26262,35.69028],[129.2623,35.68601],[129.26228,35.68589],[129.26224,35.68579],[129.26217,35.68568],[129.26209,35.68559],[129.26207,35.68557],[129.262,35.6855],[129.26193,35.68546],[129.26054,35.68461],[129.25992,35.68427],[129.25933,35.68394],[129.25883,35.68363],[129.25863,35.68349],[129.2586,35.68343],[129.25859,35.68332],[129.25859,35.68321],[129.25861,35.68291],[129.25867,35.68267],[129.25873,35.6825],[129.25949,35.6807],[129.2596,35.68049],[129.25998,35.6802],[129.2603,35.67998],[129.2605,35.67985],[129.26077,35.67968],[129.2608,35.67962],[129.26085,35.67947],[129.26086,35.67939],[129.25981,35.67303],[129.25975,35.67284],[129.25965,35.67269],[129.25846,35.67099],[129.2584,35.67092],[129.25828,35.67083],[129.25816,35.67076],[129.25425,35.66626],[129.25422,35.6662],[129.25418,35.66604],[129.25431,35.66486],[129.25433,35.66473],[129.25487,35.6609],[129.25517,35.66034],[129.25416,35.65877],[129.25221,35.6566],[129.25017,35.65312],[129.25016,35.65307],[129.24932,35.6512],[129.24869,35.64986],[129.24864,35.64981],[129.24789,35.64916],[129.24771,35.64905],[129.24765,35.64904],[129.24545,35.64824],[129.2439,35.64495],[129.24388,35.6449],[129.24386,35.64483],[129.2438,35.64378],[129.2438,35.64366],[129.24381,35.64355],[129.24404,35.64064],[129.24451,35.63913],[129.24455,35.63718],[129.24436,35.63706],[129.24424,35.63697],[129.24418,35.63692],[129.2441,35.63683],[129.24404,35.63675],[129.24392,35.63655],[129.24311,35.63516],[129.24304,35.63503],[129.24298,35.63484],[129.24296,35.63477],[129.24294,35.6347],[129.24293,35.63465],[129.24293,35.63459],[129.24295,35.63449],[129.24321,35.63358],[129.24346,35.63267],[129.24347,35.63262],[129.24352,35.63189],[129.24352,35.63175],[129.24352,35.63162],[129.2435,35.63153],[129.24345,35.63144],[129.24252,35.62953],[129.24249,35.62951],[129.24244,35.6295],[129.24238,35.62951],[129.24209,35.62957],[129.24172,35.62965],[129.24116,35.62979],[129.24094,35.62985],[129.24085,35.62987],[129.24069,35.62992],[129.23997,35.63014],[129.23983,35.63018],[129.23328,35.63243],[129.23323,35.63245],[129.23319,35.63247],[129.23316,35.63251],[129.23314,35.63257],[129.23306,35.63273],[129.23302,35.63279],[129.233,35.63283],[129.23296,35.63285],[129.23287,35.63288],[129.23281,35.63288],[129.22837,35.63284],[129.22827,35.63283],[129.22818,35.63282],[129.22803,35.63278],[129.22794,35.63275],[129.22715,35.63251],[129.22603,35.63208],[129.22595,35.63205],[129.22529,35.63176],[129.22517,35.6317],[129.225,35.63161],[129.22487,35.63153],[129.22329,35.63039],[129.22312,35.63027],[129.22271,35.62995],[129.22248,35.62974],[129.22237,35.62963],[129.22231,35.62956],[129.22142,35.6285],[129.22137,35.62843],[129.22134,35.62838],[129.2213,35.62834],[129.22126,35.62825],[129.22124,35.62819],[129.2177,35.62601],[129.21466,35.62542],[129.21353,35.62625],[129.21323,35.62646],[129.21207,35.62698],[129.21148,35.62708],[129.21127,35.62709],[129.21122,35.6271],[129.21116,35.62713],[129.21105,35.62719],[129.21098,35.62725],[129.21068,35.62746],[129.21054,35.62759],[129.21021,35.6279],[129.20495,35.6331],[129.20423,35.6341],[129.20416,35.63416],[129.20411,35.63419],[129.20402,35.63424],[129.20359,35.63438],[129.20347,35.63441],[129.20333,35.63443],[129.20314,35.63444],[129.20294,35.63444],[129.20269,35.63442],[129.19963,35.63413],[129.19951,35.63412],[129.19939,35.63408],[129.19925,35.63404],[129.19919,35.63401],[129.19911,35.63398],[129.19898,35.6339],[129.19892,35.63386],[129.19872,35.63366],[129.19865,35.63359],[129.19861,35.63354],[129.1985,35.63341],[129.1979,35.63267],[129.19787,35.63262],[129.19785,35.63257],[129.19784,35.63252],[129.19783,35.63243],[129.19783,35.63222],[129.19783,35.63214],[129.19779,35.63197],[129.19771,35.63173],[129.19767,35.63166],[129.19762,35.63159],[129.19557,35.62855],[129.1955,35.62847],[129.19541,35.62839],[129.19528,35.62832],[129.1952,35.62828],[129.1951,35.62826],[129.19504,35.62826],[129.19494,35.62827],[129.19484,35.62829],[129.19471,35.62832],[129.19456,35.62836],[129.19437,35.62843],[129.19415,35.62852],[129.19395,35.6286],[129.19383,35.62863],[129.19364,35.62867],[129.1935,35.6287],[129.19338,35.6287],[129.19327,35.6287],[129.19313,35.62869],[129.193,35.62867],[129.19284,35.62865],[129.19269,35.62862],[129.19252,35.62857],[129.19243,35.62851],[129.19237,35.62846],[129.19233,35.62841],[129.19057,35.62586],[129.18982,35.62338],[129.18978,35.62324],[129.1897,35.62293],[129.1897,35.62287],[129.1897,35.62281],[129.18974,35.62271],[129.1898,35.62263],[129.18996,35.62247],[129.19012,35.62229],[129.19017,35.62222],[129.19031,35.62203],[129.19053,35.62169],[129.19069,35.62136],[129.19101,35.62054],[129.19112,35.61883],[129.19109,35.61879],[129.19105,35.61876],[129.18773,35.61598],[129.18515,35.61485],[129.18384,35.61489],[129.17961,35.61442],[129.17833,35.61423],[129.17812,35.61417],[129.17777,35.61406],[129.17755,35.61396],[129.17458,35.61246],[129.17434,35.61233],[129.17379,35.612],[129.17342,35.6117],[129.17327,35.61155],[129.17148,35.60924],[129.17142,35.60914],[129.17142,35.60906],[129.17192,35.60858],[129.1724,35.60775],[129.17238,35.60771],[129.17233,35.60769],[129.17039,35.60742],[129.17026,35.60742],[129.1665,35.6073],[129.16645,35.6073],[129.16642,35.60731],[129.1645,35.6078],[129.16444,35.60782],[129.16369,35.60814],[129.16361,35.60818],[129.16345,35.60828],[129.16308,35.60852],[129.16305,35.60854],[129.16145,35.60974],[129.15976,35.61114],[129.15876,35.61172],[129.1579,35.61192],[129.15785,35.61192],[129.15779,35.61191],[129.15768,35.61187],[129.1576,35.61182],[129.15645,35.61098],[129.1561,35.61065],[129.15562,35.61008],[129.15505,35.60942],[129.15497,35.60933],[129.15491,35.60928],[129.15338,35.60826],[129.15318,35.60815],[129.15295,35.60803],[129.15291,35.60802],[129.15003,35.60769],[129.14849,35.60829],[129.14771,35.60929],[129.14733,35.60966],[129.14662,35.61013],[129.14627,35.6103],[129.14668,35.6109],[129.14684,35.6112],[129.147,35.61165],[129.14707,35.61195],[129.1471,35.61218],[129.14718,35.61393],[129.14717,35.61508],[129.14716,35.61536],[129.14723,35.61555],[129.15167,35.6217],[129.15183,35.62191],[129.15206,35.62216],[129.15227,35.62236],[129.15728,35.62707],[129.15766,35.62734],[129.16159,35.62411],[129.16299,35.62278],[129.16293,35.62272],[129.1629,35.6227],[129.16289,35.62265],[129.16282,35.6224],[129.16281,35.62232],[129.16281,35.62227],[129.16282,35.62222],[129.16285,35.62216],[129.16289,35.62211],[129.16294,35.62206],[129.16439,35.62096],[129.16447,35.6209],[129.16456,35.62086],[129.16471,35.62082],[129.16479,35.6208],[129.16504,35.62078],[129.16533,35.62075],[129.16551,35.62074],[129.16564,35.62074],[129.16594,35.62077],[129.16616,35.62079],[129.16627,35.6208],[129.16655,35.62087],[129.16659,35.62089],[129.1667,35.62096],[129.16723,35.62134],[129.16729,35.62139],[129.16776,35.62199],[129.16781,35.62208],[129.16831,35.6234],[129.16862,35.62426],[129.16863,35.62433],[129.16864,35.6244],[129.16863,35.62448],[129.16861,35.62457],[129.16858,35.62464],[129.16849,35.62477],[129.16782,35.6255],[129.16719,35.62616],[129.16715,35.62621],[129.16705,35.62629],[129.16686,35.62644],[129.16611,35.62728],[129.16416,35.63128],[129.16413,35.63142],[129.1638,35.63295],[129.16378,35.63304],[129.16355,35.63463],[129.16353,35.63508],[129.16353,35.63528],[129.1637,35.63619],[129.16375,35.63639],[129.1641,35.63736],[129.16413,35.63743],[129.16417,35.63749],[129.16438,35.6377],[129.1645,35.63781],[129.16468,35.63796],[129.16492,35.63816],[129.16504,35.63825],[129.16726,35.64162],[129.1685,35.64545],[129.16886,35.6488],[129.16868,35.64965],[129.16866,35.64992],[129.16865,35.65015],[129.16866,35.65021],[129.16871,35.65048],[129.16872,35.65052],[129.16876,35.65056],[129.17047,35.65231],[129.17057,35.65235],[129.17076,35.65241],[129.17089,35.65243],[129.17103,35.65243],[129.17121,35.65242],[129.17132,35.65241],[129.17254,35.65222],[129.17271,35.65218],[129.17282,35.65215],[129.1729,35.65212],[129.17327,35.65199],[129.17331,35.65197],[129.17339,35.65191],[129.1736,35.65175],[129.1737,35.65168],[129.17376,35.65165],[129.17385,35.65163],[129.17393,35.65162],[129.174,35.65162],[129.17406,35.65163],[129.17417,35.65164],[129.17433,35.65167],[129.1744,35.65169],[129.17449,35.65172],[129.17458,35.65178],[129.17471,35.65187],[129.17478,35.65193],[129.17488,35.65205],[129.17499,35.6522],[129.17505,35.65228],[129.17509,35.65237],[129.17564,35.654],[129.17564,35.65405],[129.17554,35.65477],[129.17543,35.65557],[129.17542,35.65573],[129.17541,35.65584],[129.17542,35.65589],[129.17544,35.65595],[129.17547,35.65597],[129.17553,35.65599],[129.17747,35.65638],[129.17759,35.6564],[129.17769,35.6564],[129.17776,35.65638],[129.1778,35.65634],[129.17784,35.65627],[129.1781,35.65573],[129.17843,35.65505],[129.1785,35.65497],[129.1786,35.65488],[129.18009,35.65364],[129.18104,35.65294],[129.18111,35.6529],[129.18117,35.65288],[129.18124,35.65286],[129.1813,35.65285],[129.18139,35.65283],[129.18153,35.65283],[129.1816,35.65284],[129.18165,35.65284],[129.18173,35.65288],[129.1818,35.65291],[129.18185,35.65294],[129.18189,35.65297],[129.18192,35.65301],[129.18203,35.65312],[129.18207,35.65319],[129.18209,35.65329],[129.18209,35.65341],[129.18208,35.65358],[129.18203,35.65378],[129.18202,35.65397],[129.18202,35.65416],[129.18205,35.65432],[129.18212,35.65458],[129.18221,35.65483],[129.18227,35.65499],[129.1824,35.6552],[129.18421,35.65798],[129.1852,35.65943],[129.18525,35.65951],[129.1853,35.6596],[129.18536,35.65978],[129.18537,35.65998],[129.18536,35.66013],[129.18534,35.66031],[129.18532,35.66041],[129.18481,35.6613],[129.18443,35.66186],[129.18431,35.66199],[129.18426,35.66206],[129.18423,35.66212],[129.18419,35.66224],[129.18417,35.66248],[129.18458,35.66488],[129.18502,35.66868],[129.18395,35.67196],[129.1839,35.67203],[129.1838,35.67213],[129.18373,35.67217],[129.18362,35.67221],[129.18347,35.67224],[129.18272,35.67237],[129.18258,35.67238],[129.18239,35.67236],[129.18229,35.67234],[129.18208,35.67228],[129.182,35.67228],[129.18193,35.67228],[129.18189,35.67229],[129.18185,35.67232],[129.18179,35.6724],[129.18177,35.67245],[129.18176,35.67258],[129.18176,35.67263],[129.1818,35.6727],[129.18183,35.67276],[129.1819,35.67283],[129.18198,35.6729],[129.18205,35.67296],[129.18216,35.67303],[129.1822,35.67305],[129.18223,35.67306],[129.18416,35.67382],[129.18493,35.67399],[129.18505,35.674],[129.18521,35.674],[129.18549,35.67401],[129.18563,35.67401],[129.18579,35.674],[129.1868,35.67389],[129.1869,35.67388],[129.19188,35.67636],[129.1926,35.67825],[129.19238,35.6783],[129.19231,35.67833],[129.19227,35.67836],[129.19178,35.67883],[129.19173,35.6789],[129.19171,35.67893],[129.1917,35.67897],[129.19171,35.67902],[129.19231,35.68046],[129.19234,35.68051],[129.19264,35.68085],[129.193,35.68124],[129.19514,35.68348],[129.1972,35.68533],[129.19723,35.68533],[129.19761,35.6856],[129.19768,35.68567],[129.19864,35.6913],[129.19863,35.69134],[129.1986,35.69136],[129.19855,35.69137],[129.19843,35.6914],[129.19824,35.69144],[129.1981,35.69147],[129.197,35.693],[129.1981,35.69633],[129.1992,35.6992],[129.20046,35.70037],[129.2005,35.70039],[129.20053,35.70042],[129.20056,35.7005],[129.20075,35.70123],[129.20083,35.70156],[129.20084,35.70159],[129.20083,35.70171],[129.20081,35.70186],[129.20073,35.70234],[129.20035,35.70414],[129.20032,35.70425],[129.20024,35.70442],[129.20009,35.70469],[129.19982,35.70514],[129.19963,35.70518],[129.19934,35.70522],[129.19902,35.70528],[129.19888,35.70532],[129.19878,35.70536],[129.19725,35.70609],[129.19677,35.70632],[129.19642,35.70663],[129.19552,35.70771],[129.19523,35.70987],[129.19539,35.71024],[129.19636,35.71249],[129.19651,35.71281],[129.19666,35.71304],[129.19801,35.71422],[129.19811,35.71429],[129.1982,35.71433],[129.19832,35.71433],[129.19865,35.71435],[129.19889,35.71436],[129.19893,35.71436],[129.19912,35.71441],[129.19935,35.71448],[129.19968,35.7146],[129.19996,35.71475],[129.20004,35.71482],[129.20062,35.71554],[129.20091,35.71602],[129.20208,35.71871],[129.20723,35.72151],[129.20846,35.7207],[129.20986,35.71976],[129.20949,35.71911],[129.2106,35.7182],[129.21405,35.71525],[129.21766,35.71375],[129.21944,35.71346],[129.22212,35.71155],[129.22259,35.71097],[129.22669,35.70832],[129.22737,35.70877],[129.22853,35.70895],[129.22986,35.70872],[129.23254,35.70807],[129.23336,35.70717],[129.23406,35.70601],[129.23372,35.70505],[129.23406,35.70358],[129.2372,35.70295],[129.23843,35.70307],[129.24399,35.70278],[129.24403,35.70278],[129.25293,35.7017],[129.25304,35.70168],[129.25317,35.70166],[129.254,35.70149],[129.25604,35.70078]]]]}},{"type":"Feature","properties":{"code":"31710370","name":"두서면","parent":"31710"},"geometry":{"type":"MultiPolygon","coordinates":[[[[129.20091,35.71602],[129.20062,35.71554],[129.20004,35.71482],[129.19996,35.71475],[129.19968,35.7146],[129.19935,35.71448],[129.19912,35.71441],[129.19893,35.71436],[129.19889,35.71436],[129.19865,35.71435],[129.19832,35.71433],[129.1982,35.71433],[129.19811,35.71429],[129.19801,35.71422],[129.19666,35.71304],[129.19651,35.71281],[129.19636,35.71249],[129.19539,35.71024],[129.19523,35.70987],[129.19552,35.70771],[129.19642,35.70663],[129.19677,35.70632],[129.19725,35.70609],[129.19878,35.70536],[129.19888,35.70532],[129.19902,35.70528],[129.19934,35.70522],[129.19963,35.70518],[129.19982,35.70514],[129.20009,35.70469],[129.20024,35.70442],[129.20032,35.70425],[129.20035,35.70414],[129.20073,35.70234],[129.20081,35.70186],[129.20083,35.70171],[129.20084,35.70159],[129.20083,35.70156],[129.20075,35.70123],[129.20056,35.7005],[129.20053,35.70042],[129.2005,35.70039],[129.20046,35.70037],[129.1992,35.6992],[129.1981,35.69633],[129.197,35.693],[129.1981,35.69147],[129.19824,35.69144],[129.19843,35.6914],[129.19855,35.69137],[129.1986,35.69136],[129.19863,35.69134],[129.19864,35.6913],[129.19768,35.68567],[129.19761,35.6856],[129.19723,35.68533],[129.1972,35.68533],[129.19514,35.68348],[129.193,35.68124],[129.19264,35.68085],[129.19234,35.68051],[129.19231,35.68046],[129.19171,35.67902],[129.1917,35.67897],[129.19171,35.67893],[129.19173,35.6789],[129.19178,35.67883],[129.19227,35.67836],[129.19231,35.67833],[129.19238,35.6783],[129.1926,35.67825],[129.19188,35.67636],[129.1869,35.67388],[129.1868,35.67389],[129.18579,35.674],[129.18563,35.67401],[129.18549,35.67401],[129.18521,35.674],[129.18505,35.674],[129.18493,35.67399],[129.18416,35.67382],[129.18223,35.67306],[129.1822,35.67305],[129.18216,35.67303],[129.18205,35.67296],[129.18198,35.6729],[129.1819,35.67283],[129.18183,35.67276],[129.1818,35.6727],[129.18176,35.67263],[129.18176,35.67258],[129.18177,35.67245],[129.18179,35.6724],[129.18185,35.67232],[129.18189,35.67229],[129.18193,35.67228],[129.182,35.67228],[129.18208,35.67228],[129.18229,35.67234],[129.18239,35.67236],[129.18258,35.67238],[129.18272,35.67237],[129.18347,35.67224],[129.18362,35.67221],[129.18373,35.67217],[129.1838,35.67213],[129.1839,35.67203],[129.18395,35.67196],[129.18502,35.66868],[129.18458,35.66488],[129.18417,35.66248],[129.18419,35.66224],[129.18423,35.66212],[129.18426,35.66206],[129.18431,35.66199],[129.18443,35.66186],[129.18481,35.6613],[129.18532,35.66041],[129.18534,35.66031],[129.18536,35.66013],[129.18537,35.65998],[129.18536,35.65978],[129.1853,35.6596],[129.18525,35.65951],[129.1852,35.65943],[129.18421,35.65798],[129.1824,35.6552],[129.18227,35.65499],[129.18221,35.65483],[129.18212,35.65458],[129.18205,35.65432],[129.18202,35.65416],[129.18202,35.65397],[129.18203,35.65378],[129.18208,35.65358],[129.18209,35.65341],[129.18209,35.65329],[129.18207,35.65319],[129.18203,35.65312],[129.18192,35.65301],[129.18189,35.65297],[129.18185,35.65294],[129.1818,35.65291],[129.18173,35.65288],[129.18165,35.65284],[129.1816,35.65284],[129.18153,35.65283],[129.18139,35.65283],[129.1813,35.65285],[129.18124,35.65286],[129.18117,35.65288],[129.18111,35.6529],[129.18104,35.65294],[129.18009,35.65364],[129.1786,35.65488],[129.1785,35.65497],[129.17843,35.65505],[129.1781,35.65573],[129.17784,35.65627],[129.1778,35.65634],[129.17776,35.65638],[129.17769,35.6564],[129.17759,35.6564],[129.17747,35.65638],[129.17553,35.65599],[129.17547,35.65597],[129.17544,35.65595],[129.17542,35.65589],[129.17541,35.65584],[129.17542,35.65573],[129.17543,35.65557],[129.17554,35.65477],[129.17564,35.65405],[129.17564,35.654],[129.17509,35.65237],[129.17505,35.65228],[129.17499,35.6522],[129.17488,35.65205],[129.17478,35.65193],[129.17471,35.65187],[129.17458,35.65178],[129.17449,35.65172],[129.1744,35.65169],[129.17433,35.65167],[129.17417,35.65164],[129.17406,35.65163],[129.174,35.65162],[129.17393,35.65162],[129.17385,35.65163],[129.17376,35.65165],[129.1737,35.65168],[129.1736,35.65175],[129.17339,35.65191],[129.17331,35.65197],[129.17327,35.65199],[129.1729,35.65212],[129.17282,35.65215],[129.17271,35.65218],[129.17254,35.65222],[129.17132,35.65241],[129.17121,35.65242],[129.17103,35.65243],[129.17089,35.65243],[129.17076,35.65241],[129.17057,35.65235],[129.17047,35.65231],[129.16876,35.65056],[129.16872,35.65052],[129.16871,35.65048],[129.16866,35.65021],[129.16865,35.65015],[129.16866,35.64992],[129.16868,35.64965],[129.16886,35.6488],[129.1685,35.64545],[129.16726,35.64162],[129.16504,35.63825],[129.16492,35.63816],[129.16468,35.63796],[129.1645,35.63781],[129.16438,35.6377],[129.16417,35.63749],[129.16413,35.63743],[129.1641,35.63736],[129.16375,35.63639],[129.1637,35.63619],[129.16353,35.63528],[129.16353,35.63508],[129.16355,35.63463],[129.16378,35.63304],[129.1638,35.63295],[129.16413,35.63142],[129.16416,35.63128],[129.16611,35.62728],[129.16686,35.62644],[129.16705,35.62629],[129.16715,35.62621],[129.16719,35.62616],[129.16782,35.6255],[129.16849,35.62477],[129.16858,35.62464],[129.16861,35.62457],[129.16863,35.62448],[129.16864,35.6244],[129.16863,35.62433],[129.16862,35.62426],[129.16831,35.6234],[129.16781,35.62208],[129.16776,35.62199],[129.16729,35.62139],[129.16723,35.62134],[129.1667,35.62096],[129.16659,35.62089],[129.16655,35.62087],[129.16627,35.6208],[129.16616,35.62079],[129.16594,35.62077],[129.16564,35.62074],[129.16551,35.62074],[129.16533,35.62075],[129.16504,35.62078],[129.16479,35.6208],[129.16471,35.62082],[129.16456,35.62086],[129.16447,35.6209],[129.16439,35.62096],[129.16294,35.62206],[129.16289,35.62211],[129.16285,35.62216],[129.16282,35.62222],[129.16281,35.62227],[129.16281,35.62232],[129.16282,35.6224],[129.16289,35.62265],[129.1629,35.6227],[129.16293,35.62272],[129.16299,35.62278],[129.16159,35.62411],[129.15766,35.62734],[129.15728,35.62707],[129.15227,35.62236],[129.15206,35.62216],[129.15183,35.62191],[129.15167,35.6217],[129.14723,35.61555],[129.14716,35.61536],[129.14717,35.61508],[129.14718,35.61393],[129.1471,35.61218],[129.14707,35.61195],[129.147,35.61165],[129.14684,35.6112],[129.14668,35.6109],[129.14627,35.6103],[129.14471,35.61168],[129.14397,35.61263],[129.14301,35.61252],[129.1419,35.61157],[129.14169,35.61127],[129.13807,35.60992],[129.138,35.60991],[129.13795,35.60991],[129.13616,35.61012],[129.13606,35.61015],[129.13598,35.61017],[129.13592,35.61022],[129.13586,35.61027],[129.13427,35.61201],[129.13416,35.61215],[129.13407,35.61228],[129.13403,35.61237],[129.134,35.61249],[129.13398,35.61262],[129.13397,35.61288],[129.13288,35.61479],[129.1314,35.61715],[129.13131,35.61729],[129.13025,35.61867],[129.13015,35.61877],[129.13008,35.61882],[129.13001,35.61884],[129.12909,35.61945],[129.12727,35.62102],[129.12722,35.62106],[129.12697,35.62136],[129.12685,35.62153],[129.12678,35.62164],[129.12654,35.62237],[129.1265,35.62247],[129.12651,35.62255],[129.12653,35.62267],[129.12661,35.62296],[129.12669,35.62317],[129.12672,35.62333],[129.12672,35.6234],[129.12671,35.62345],[129.12666,35.62351],[129.12605,35.6242],[129.126,35.62424],[129.12595,35.62426],[129.12176,35.62519],[129.12129,35.62525],[129.12106,35.62509],[129.12091,35.62499],[129.11982,35.62486],[129.11961,35.62484],[129.11865,35.62483],[129.11841,35.62485],[129.11823,35.62488],[129.11806,35.62493],[129.11787,35.625],[129.11771,35.62506],[129.11758,35.62515],[129.11749,35.62523],[129.11676,35.62625],[129.11665,35.62641],[129.11601,35.62748],[129.11588,35.62775],[129.11578,35.62801],[129.11577,35.62805],[129.11576,35.62811],[129.11574,35.62817],[129.11574,35.62824],[129.11572,35.62837],[129.1157,35.62848],[129.11566,35.62859],[129.11563,35.62866],[129.11562,35.62869],[129.11552,35.62883],[129.11547,35.6289],[129.1151,35.62939],[129.11485,35.62971],[129.1148,35.62978],[129.11473,35.62985],[129.11365,35.63096],[129.1136,35.63099],[129.11352,35.63103],[129.10746,35.6337],[129.10741,35.63372],[129.10734,35.63375],[129.10727,35.63376],[129.10461,35.63409],[129.1033,35.63407],[129.09894,35.63371],[129.0964,35.63333],[129.09348,35.63292],[129.09269,35.63294],[129.09216,35.63371],[129.09133,35.63514],[129.0913,35.6352],[129.09122,35.63534],[129.09103,35.63576],[129.09091,35.63605],[129.09074,35.63644],[129.0887,35.64163],[129.08873,35.64168],[129.08879,35.64173],[129.08886,35.64179],[129.08904,35.64194],[129.08922,35.64208],[129.08943,35.64221],[129.08963,35.64226],[129.08976,35.64226],[129.09002,35.64225],[129.09307,35.64335],[129.09433,35.64481],[129.09559,35.64617],[129.09619,35.64682],[129.09686,35.64746],[129.09796,35.64843],[129.09855,35.64892],[129.09876,35.64908],[129.09882,35.64912],[129.09887,35.64915],[129.09928,35.64931],[129.10201,35.65087],[129.10855,35.65562],[129.10875,35.65581],[129.10981,35.65729],[129.1098,35.65735],[129.10895,35.66172],[129.10873,35.6623],[129.10861,35.66251],[129.10804,35.66349],[129.10776,35.66393],[129.10723,35.66452],[129.10619,35.66564],[129.10608,35.66573],[129.10543,35.66619],[129.10514,35.66636],[129.10476,35.66651],[129.1045,35.6667],[129.1044,35.66681],[129.10414,35.66764],[129.10401,35.66819],[129.10389,35.66894],[129.1039,35.66902],[129.10403,35.67001],[129.10412,35.67053],[129.10418,35.67076],[129.10417,35.67093],[129.10413,35.67102],[129.10411,35.67108],[129.10404,35.67118],[129.10335,35.67208],[129.10184,35.67402],[129.10177,35.67407],[129.10167,35.67408],[129.10124,35.67411],[129.10097,35.67423],[129.10074,35.67442],[129.10018,35.67517],[129.10014,35.67529],[129.10006,35.67585],[129.10006,35.67599],[129.10009,35.67624],[129.09833,35.67992],[129.09679,35.68193],[129.09672,35.68205],[129.09661,35.68231],[129.09651,35.68256],[129.0965,35.6826],[129.09647,35.68272],[129.09647,35.68289],[129.09655,35.68323],[129.09659,35.68334],[129.09713,35.68512],[129.09755,35.686],[129.09761,35.68609],[129.09772,35.68636],[129.09775,35.68646],[129.09835,35.68869],[129.09834,35.68877],[129.09562,35.69432],[129.09355,35.69621],[129.09108,35.69803],[129.08943,35.70117],[129.08857,35.70202],[129.09103,35.70257],[129.09423,35.70304],[129.09873,35.70479],[129.10168,35.70623],[129.1088,35.70651],[129.10895,35.70659],[129.11001,35.70706],[129.11208,35.70795],[129.11611,35.70826],[129.11768,35.70675],[129.12042,35.70704],[129.12328,35.70748],[129.12435,35.70815],[129.12549,35.71027],[129.12592,35.71209],[129.12665,35.71446],[129.12807,35.71363],[129.12917,35.71287],[129.13074,35.71247],[129.13524,35.71193],[129.13724,35.71295],[129.13623,35.71337],[129.13676,35.71502],[129.1385,35.71685],[129.14004,35.71808],[129.13853,35.72088],[129.14284,35.72393],[129.14572,35.7247],[129.14902,35.72335],[129.15193,35.72221],[129.15437,35.72171],[129.15738,35.7188],[129.15864,35.71737],[129.15962,35.71618],[129.16064,35.71488],[129.16562,35.71496],[129.17062,35.71453],[129.17332,35.71439],[129.17686,35.71553],[129.1788,35.71741],[129.18073,35.72006],[129.18159,35.72188],[129.18152,35.72314],[129.18239,35.72292],[129.18441,35.72237],[129.18551,35.72167],[129.18639,35.72056],[129.18979,35.71904],[129.19287,35.71823],[129.19372,35.718],[129.19765,35.71579],[129.2006,35.7158],[129.20091,35.71602]]]]}},{"type":"Feature","properties":{"code":"31710380","name":"상북면","parent":"31710"},"geometry":{"type":"MultiPolygon","coordinates":[[[[129.09269,35.63294],[129.09154,35.63122],[129.09141,35.63102],[129.09113,35.63047],[129.09107,35.63034],[129.09096,35.62964],[129.09095,35.62935],[129.09097,35.62914],[129.092,35.6242],[129.0927,35.62308],[129.09402,35.62147],[129.09573,35.61935],[129.09907,35.61499],[129.10039,35.61207],[129.10048,35.61182],[129.1006,35.61156],[129.10133,35.61015],[129.10165,35.6096],[129.10177,35.60946],[129.10189,35.60936],[129.10613,35.60741],[129.10622,35.60738],[129.10632,35.60736],[129.10804,35.60702],[129.10818,35.607],[129.1091,35.60686],[129.10921,35.60685],[129.10935,35.60683],[129.10956,35.60684],[129.10986,35.60688],[129.11096,35.60695],[129.11256,35.60697],[129.11301,35.60697],[129.11311,35.60694],[129.11673,35.60546],[129.11684,35.60542],[129.11697,35.60535],[129.12256,35.60148],[129.12261,35.60143],[129.12238,35.59217],[129.12232,35.59059],[129.12222,35.59027],[129.122,35.5896],[129.11979,35.58654],[129.11904,35.58552],[129.11556,35.58124],[129.11462,35.58015],[129.11459,35.5801],[129.11457,35.58006],[129.11457,35.57999],[129.11458,35.57986],[129.1146,35.57977],[129.11464,35.57965],[129.11468,35.57951],[129.11474,35.57929],[129.11476,35.57917],[129.11478,35.57894],[129.11477,35.57887],[129.11472,35.57873],[129.11452,35.57829],[129.11414,35.57752],[129.11267,35.57477],[129.11247,35.57452],[129.11235,35.5744],[129.11112,35.57324],[129.11088,35.57304],[129.11057,35.57285],[129.1103,35.57268],[129.10989,35.57251],[129.10973,35.57244],[129.10939,35.57231],[129.1092,35.57222],[129.10895,35.57208],[129.10883,35.57199],[129.10867,35.57185],[129.10848,35.57168],[129.10751,35.57083],[129.10733,35.57064],[129.10728,35.57056],[129.10728,35.57049],[129.10729,35.57045],[129.10733,35.57033],[129.10808,35.56816],[129.10823,35.56783],[129.10855,35.56725],[129.10878,35.5669],[129.10886,35.56681],[129.10937,35.56623],[129.10979,35.56583],[129.11055,35.56516],[129.11165,35.56396],[129.11199,35.56343],[129.11205,35.56263],[129.11062,35.56191],[129.1103,35.56175],[129.11008,35.56165],[129.10988,35.5616],[129.10963,35.5616],[129.1093,35.56167],[129.10886,35.56181],[129.10855,35.56186],[129.10821,35.5619],[129.10808,35.56191],[129.10789,35.56191],[129.10388,35.56102],[129.10261,35.5605],[129.10246,35.56038],[129.10141,35.55917],[129.10136,35.55906],[129.10087,35.55492],[129.09898,35.55336],[129.09871,35.55313],[129.09858,35.55297],[129.09847,35.55264],[129.09843,35.55248],[129.09838,35.55223],[129.09812,35.54975],[129.09811,35.54915],[129.09812,35.54889],[129.09829,35.54866],[129.09845,35.54839],[129.09841,35.54818],[129.09833,35.54784],[129.0983,35.54771],[129.09822,35.54752],[129.0981,35.54733],[129.09616,35.54496],[129.09515,35.54386],[129.09498,35.54376],[129.09489,35.5437],[129.09343,35.54297],[129.0891,35.54165],[129.08902,35.54163],[129.08697,35.54151],[129.08678,35.54153],[129.08672,35.54156],[129.08661,35.54161],[129.08644,35.54168],[129.08595,35.54189],[129.08503,35.54222],[129.08445,35.5424],[129.08243,35.54295],[129.082,35.54306],[129.08106,35.54317],[129.08085,35.54319],[129.08049,35.54316],[129.0792,35.54305],[129.07896,35.54302],[129.06499,35.54118],[129.0625,35.54101],[129.06118,35.54087],[129.05809,35.54001],[129.05473,35.53717],[129.05709,35.53285],[129.0567,35.53111],[129.05576,35.53214],[129.03834,35.52742],[129.02312,35.52502],[129.02231,35.52535],[129.02199,35.52536],[129.01948,35.52446],[129.01702,35.52375],[129.01293,35.52318],[129.01267,35.52315],[129.01209,35.52313],[129.01186,35.52312],[129.01172,35.52313],[129.01156,35.52314],[129.01144,35.52317],[129.00899,35.52383],[129.00874,35.52397],[129.00879,35.52527],[129.00884,35.52653],[129.00892,35.52671],[129.00929,35.52755],[129.00955,35.52799],[129.00573,35.52805],[129.00198,35.52806],[128.99831,35.52817],[128.9945,35.52899],[128.99441,35.5297],[128.9944,35.53047],[128.9944,35.53081],[128.99448,35.53108],[128.99649,35.53744],[128.9971,35.53803],[128.9981,35.53927],[128.99812,35.53936],[128.99811,35.53945],[128.99796,35.541],[128.99762,35.5422],[128.99304,35.54794],[128.99295,35.54798],[128.99283,35.54799],[128.99121,35.54775],[128.99093,35.5477],[128.99046,35.54759],[128.99008,35.5475],[128.98826,35.54704],[128.98064,35.54602],[128.98094,35.54661],[128.979,35.54927],[128.97679,35.55126],[128.97666,35.55136],[128.97645,35.55145],[128.97614,35.55152],[128.9756,35.55161],[128.97518,35.55167],[128.97452,35.55188],[128.9737,35.55219],[128.97365,35.55223],[128.97364,35.55229],[128.97314,35.55543],[128.97201,35.55877],[128.97177,35.55919],[128.9709,35.56064],[128.97127,35.56085],[128.97592,35.56334],[128.97781,35.56397],[128.98417,35.5653],[128.98658,35.5657],[128.98671,35.56573],[128.9868,35.56577],[128.98736,35.56609],[128.98788,35.56649],[128.98821,35.56674],[128.98952,35.56766],[128.9896,35.5677],[128.99375,35.56871],[128.99533,35.5689],[128.99538,35.5689],[128.99545,35.56895],[129.00038,35.57282],[129.00408,35.57595],[129.00624,35.57804],[129.01129,35.58117],[129.01606,35.58301],[129.02018,35.58497],[129.02116,35.58874],[129.02254,35.58997],[129.02267,35.59011],[129.023,35.59052],[129.02318,35.59077],[129.02324,35.59091],[129.02359,35.59171],[129.02364,35.59211],[129.02366,35.59237],[129.02366,35.59243],[129.02357,35.59269],[129.02356,35.59284],[129.0236,35.59306],[129.02365,35.59331],[129.02438,35.59659],[129.02442,35.59672],[129.02507,35.59812],[129.02566,35.59936],[129.0258,35.59979],[129.02603,35.60069],[129.02601,35.60081],[129.02581,35.60191],[129.02576,35.6021],[129.02568,35.60228],[129.02557,35.60239],[129.0253,35.60253],[129.02491,35.60271],[129.02376,35.60328],[129.02359,35.60337],[129.02349,35.60344],[129.02346,35.60354],[129.02317,35.60656],[129.02186,35.61392],[129.02184,35.614],[129.0213,35.61475],[129.02115,35.61489],[129.02097,35.615],[129.02082,35.61506],[129.01962,35.61554],[129.01938,35.61562],[129.01798,35.61604],[129.01554,35.6165],[129.01541,35.61651],[129.01517,35.61649],[129.01498,35.61645],[129.01437,35.61629],[129.01406,35.61619],[129.01391,35.61613],[129.0135,35.61593],[129.01326,35.61581],[129.01294,35.61566],[129.0126,35.61553],[129.01241,35.61551],[129.01224,35.61552],[129.00829,35.61575],[129.00752,35.61589],[129.00747,35.61592],[129.00742,35.61596],[129.00718,35.61623],[129.00714,35.61632],[129.00709,35.61642],[129.00705,35.61667],[129.00694,35.61687],[129.00628,35.61791],[129.00622,35.61796],[129.0047,35.61921],[129.00415,35.61959],[129.00335,35.62014],[129.00433,35.62067],[129.00636,35.62386],[129.00707,35.6251],[129.00773,35.62681],[129.00982,35.62855],[129.01104,35.62912],[129.01177,35.62901],[129.01255,35.62888],[129.0136,35.62892],[129.01447,35.62924],[129.01551,35.62974],[129.01757,35.63091],[129.01883,35.6322],[129.01952,35.63318],[129.01993,35.63401],[129.02007,35.63489],[129.02053,35.63535],[129.02098,35.63556],[129.02552,35.63625],[129.02714,35.63635],[129.02753,35.63623],[129.02786,35.63572],[129.02871,35.63514],[129.02966,35.63453],[129.03046,35.63414],[129.03497,35.632],[129.03576,35.63188],[129.03589,35.63186],[129.03605,35.63184],[129.03647,35.6319],[129.03705,35.63222],[129.03738,35.63245],[129.03748,35.63282],[129.03747,35.63359],[129.03769,35.63394],[129.0381,35.63462],[129.0394,35.63572],[129.04096,35.63741],[129.04392,35.64145],[129.04437,35.64261],[129.04458,35.64375],[129.04461,35.6449],[129.04454,35.64567],[129.04475,35.64641],[129.04516,35.64722],[129.0464,35.64911],[129.04731,35.65015],[129.04788,35.65009],[129.04903,35.64988],[129.05214,35.64881],[129.05596,35.64783],[129.05648,35.64777],[129.05955,35.64756],[129.06379,35.6464],[129.06433,35.64625],[129.07016,35.64343],[129.07069,35.64286],[129.07089,35.64238],[129.07164,35.6414],[129.07413,35.64009],[129.07741,35.64161],[129.08121,35.64343],[129.08141,35.64387],[129.08158,35.64493],[129.08164,35.64543],[129.08107,35.64748],[129.07971,35.64949],[129.07939,35.64978],[129.07897,35.65008],[129.07517,35.65275],[129.07361,35.65451],[129.07015,35.65775],[129.06973,35.65799],[129.06898,35.65811],[129.06842,35.65828],[129.06805,35.65875],[129.06783,35.65937],[129.06761,35.6618],[129.06873,35.66664],[129.06947,35.66911],[129.06757,35.67124],[129.06759,35.67128],[129.06833,35.67312],[129.06876,35.6735],[129.07028,35.67459],[129.07267,35.6767],[129.07319,35.67774],[129.07303,35.67801],[129.071,35.67884],[129.06979,35.67956],[129.06949,35.68073],[129.07341,35.68553],[129.07403,35.68648],[129.07658,35.69063],[129.07686,35.69219],[129.07743,35.69302],[129.08369,35.69907],[129.08612,35.70073],[129.08857,35.70202],[129.08943,35.70117],[129.09108,35.69803],[129.09355,35.69621],[129.09562,35.69432],[129.09834,35.68877],[129.09835,35.68869],[129.09775,35.68646],[129.09772,35.68636],[129.09761,35.68609],[129.09755,35.686],[129.09713,35.68512],[129.09659,35.68334],[129.09655,35.68323],[129.09647,35.68289],[129.09647,35.68272],[129.0965,35.6826],[129.09651,35.68256],[129.09661,35.68231],[129.09672,35.68205],[129.09679,35.68193],[129.09833,35.67992],[129.10009,35.67624],[129.10006,35.67599],[129.10006,35.67585],[129.10014,35.67529],[129.10018,35.67517],[129.10074,35.67442],[129.10097,35.67423],[129.10124,35.67411],[129.10167,35.67408],[129.10177,35.67407],[129.10184,35.67402],[129.10335,35.67208],[129.10404,35.67118],[129.10411,35.67108],[129.10413,35.67102],[129.10417,35.67093],[129.10418,35.67076],[129.10412,35.67053],[129.10403,35.67001],[129.1039,35.66902],[129.10389,35.66894],[129.10401,35.66819],[129.10414,35.66764],[129.1044,35.66681],[129.1045,35.6667],[129.10476,35.66651],[129.10514,35.66636],[129.10543,35.66619],[129.10608,35.66573],[129.10619,35.66564],[129.10723,35.66452],[129.10776,35.66393],[129.10804,35.66349],[129.10861,35.66251],[129.10873,35.6623],[129.10895,35.66172],[129.1098,35.65735],[129.10981,35.65729],[129.10875,35.65581],[129.10855,35.65562],[129.10201,35.65087],[129.09928,35.64931],[129.09887,35.64915],[129.09882,35.64912],[129.09876,35.64908],[129.09855,35.64892],[129.09796,35.64843],[129.09686,35.64746],[129.09619,35.64682],[129.09559,35.64617],[129.09433,35.64481],[129.09307,35.64335],[129.09002,35.64225],[129.08976,35.64226],[129.08963,35.64226],[129.08943,35.64221],[129.08922,35.64208],[129.08904,35.64194],[129.08886,35.64179],[129.08879,35.64173],[129.08873,35.64168],[129.0887,35.64163],[129.09074,35.63644],[129.09091,35.63605],[129.09103,35.63576],[129.09122,35.63534],[129.0913,35.6352],[129.09133,35.63514],[129.09216,35.63371],[129.09269,35.63294]]]]}},{"type":"Feature","properties":{"code":"31710265","name":"삼남읍","parent":"31710"},"geometry":{"type":"MultiPolygon","coordinates":[[[[129.13844,35.54147],[129.13745,35.54061],[129.13738,35.54053],[129.13733,35.54045],[129.13625,35.53879],[129.13623,35.53874],[129.13619,35.53863],[129.13613,35.53826],[129.13609,35.53802],[129.13607,35.53777],[129.13608,35.53762],[129.13607,35.53753],[129.13598,35.53716],[129.13593,35.53711],[129.13586,35.53705],[129.13569,35.53698],[129.13124,35.53554],[129.12866,35.53535],[129.12855,35.53538],[129.12836,35.5354],[129.12814,35.5354],[129.12777,35.53539],[129.12671,35.53512],[129.12662,35.53508],[129.12247,35.53221],[129.11955,35.53001],[129.11944,35.52992],[129.11556,35.52515],[129.11476,35.5226],[129.11501,35.52271],[129.1151,35.52271],[129.11517,35.52267],[129.11527,35.52258],[129.11533,35.52252],[129.11543,35.52241],[129.11559,35.52201],[129.11557,35.52184],[129.11197,35.51801],[129.10773,35.51394],[129.10382,35.51064],[129.10369,35.51053],[129.10363,35.51049],[129.1035,35.51047],[129.10283,35.5105],[129.10266,35.51051],[129.10233,35.51066],[129.10207,35.51084],[129.10195,35.51101],[129.10187,35.51112],[129.10178,35.5112],[129.10163,35.51128],[129.10084,35.5116],[129.1003,35.51168],[129.10001,35.51172],[129.09969,35.51171],[129.09928,35.51162],[129.09906,35.51157],[129.09893,35.51147],[129.09692,35.50978],[129.09685,35.50961],[129.09667,35.50907],[129.09625,35.50773],[129.09604,35.50709],[129.09599,35.50682],[129.09599,35.50657],[129.09622,35.50482],[129.09634,35.50466],[129.0967,35.50431],[129.0973,35.50373],[129.09699,35.50292],[129.09685,35.5026],[129.0947,35.49774],[129.09435,35.49743],[129.09096,35.49819],[129.09078,35.49824],[129.08969,35.49881],[129.08958,35.49886],[129.08945,35.49896],[129.0885,35.49972],[129.08724,35.50083],[129.08667,35.50149],[129.08644,35.50184],[129.07102,35.50573],[129.06165,35.50946],[129.052,35.51573],[129.05314,35.52536],[129.05653,35.52704],[129.0567,35.53111],[129.05709,35.53285],[129.05473,35.53717],[129.05809,35.54001],[129.06118,35.54087],[129.0625,35.54101],[129.06499,35.54118],[129.07896,35.54302],[129.0792,35.54305],[129.08049,35.54316],[129.08085,35.54319],[129.08106,35.54317],[129.082,35.54306],[129.08243,35.54295],[129.08445,35.5424],[129.08503,35.54222],[129.08595,35.54189],[129.08644,35.54168],[129.08661,35.54161],[129.08672,35.54156],[129.08678,35.54153],[129.08697,35.54151],[129.08902,35.54163],[129.0891,35.54165],[129.09343,35.54297],[129.09489,35.5437],[129.09498,35.54376],[129.09515,35.54386],[129.09616,35.54496],[129.0981,35.54733],[129.09822,35.54752],[129.0983,35.54771],[129.09833,35.54784],[129.09841,35.54818],[129.09845,35.54839],[129.09829,35.54866],[129.09812,35.54889],[129.09811,35.54915],[129.09812,35.54975],[129.09838,35.55223],[129.09843,35.55248],[129.09847,35.55264],[129.09858,35.55297],[129.09871,35.55313],[129.09898,35.55336],[129.10087,35.55492],[129.10136,35.55906],[129.10141,35.55917],[129.10246,35.56038],[129.10261,35.5605],[129.10388,35.56102],[129.10789,35.56191],[129.10808,35.56191],[129.10821,35.5619],[129.10855,35.56186],[129.10886,35.56181],[129.1093,35.56167],[129.10963,35.5616],[129.10988,35.5616],[129.11008,35.56165],[129.1103,35.56175],[129.11062,35.56191],[129.11205,35.56263],[129.11199,35.56343],[129.11632,35.56421],[129.11684,35.56431],[129.11721,35.56433],[129.11759,35.56435],[129.1183,35.56423],[129.11864,35.56414],[129.12202,35.56311],[129.12526,35.56201],[129.12738,35.56137],[129.12764,35.5613],[129.1281,35.56119],[129.12944,35.56071],[129.1301,35.56043],[129.13097,35.55997],[129.13381,35.55844],[129.13913,35.55501],[129.14007,35.5539],[129.14097,35.55265],[129.14449,35.54664],[129.14411,35.54656],[129.14362,35.54643],[129.1425,35.5461],[129.142,35.54592],[129.14184,35.54584],[129.14098,35.54531],[129.14032,35.54474],[129.13803,35.54236],[129.13793,35.54212],[129.13795,35.54192],[129.13801,35.54177],[129.13815,35.5416],[129.13844,35.54147]]]]}},{"type":"Feature","properties":{"code":"31710400","name":"삼동면","parent":"31710"},"geometry":{"type":"MultiPolygon","coordinates":[[[[129.20581,35.54232],[129.20666,35.54129],[129.20671,35.54122],[129.20678,35.54118],[129.20854,35.54069],[129.20862,35.5407],[129.2093,35.54107],[129.20946,35.54116],[129.21035,35.54139],[129.21205,35.54146],[129.21213,35.54143],[129.2122,35.54137],[129.2131,35.5399],[129.21314,35.53983],[129.21313,35.53973],[129.213,35.53936],[129.21294,35.53919],[129.2128,35.53888],[129.21267,35.5386],[129.21256,35.53836],[129.21253,35.53825],[129.21252,35.53809],[129.21255,35.53792],[129.21262,35.53762],[129.21329,35.53558],[129.21334,35.53549],[129.2139,35.53487],[129.214,35.53478],[129.21412,35.53469],[129.21435,35.53458],[129.21459,35.53449],[129.21502,35.53438],[129.21484,35.53425],[129.21415,35.53364],[129.21152,35.5299],[129.20839,35.526],[129.20784,35.52504],[129.20727,35.52366],[129.20692,35.52177],[129.20682,35.52096],[129.20697,35.51966],[129.20705,35.51952],[129.20728,35.51933],[129.20767,35.51885],[129.20919,35.51679],[129.21005,35.51441],[129.20775,35.51442],[129.20742,35.51455],[129.20716,35.51459],[129.2053,35.5146],[129.2052,35.51457],[129.20289,35.51332],[129.19991,35.51044],[129.1975,35.5073],[129.19492,35.5054],[129.1938,35.50552],[129.1936,35.50554],[129.19347,35.50553],[129.19334,35.50551],[129.19328,35.50549],[129.19319,35.50544],[129.19309,35.50538],[129.19299,35.50528],[129.19288,35.50515],[129.19281,35.50503],[129.19276,35.5049],[129.19272,35.50477],[129.1926,35.50435],[129.19257,35.50421],[129.19255,35.50404],[129.19258,35.50393],[129.19264,35.50378],[129.19325,35.50285],[129.19338,35.5027],[129.19392,35.50217],[129.19407,35.50212],[129.19425,35.50209],[129.19461,35.50208],[129.1947,35.50208],[129.19483,35.50206],[129.19496,35.50197],[129.19553,35.50157],[129.19566,35.50144],[129.19671,35.49981],[129.19683,35.49941],[129.19865,35.49638],[129.20043,35.4935],[129.20256,35.49013],[129.2026,35.49006],[129.20259,35.49],[129.20139,35.48686],[129.20135,35.48675],[129.20129,35.4867],[129.20119,35.4866],[129.20092,35.4864],[129.19975,35.48571],[129.19966,35.48566],[129.19956,35.48561],[129.19942,35.48558],[129.19928,35.48556],[129.19914,35.48555],[129.19832,35.48562],[129.19593,35.48635],[129.18824,35.48758],[129.18484,35.48543],[129.18473,35.4853],[129.18471,35.48519],[129.18472,35.48512],[129.18483,35.48498],[129.18554,35.48411],[129.18563,35.48404],[129.18584,35.48396],[129.18651,35.48381],[129.18686,35.48369],[129.18702,35.48359],[129.18713,35.48347],[129.18717,35.48334],[129.18716,35.48312],[129.18688,35.482],[129.18673,35.48146],[129.18522,35.47711],[129.18458,35.47572],[129.1845,35.47561],[129.18443,35.47557],[129.18439,35.47555],[129.18412,35.47552],[129.18362,35.47554],[129.18273,35.47562],[129.18233,35.47566],[129.18213,35.47572],[129.1814,35.47594],[129.18128,35.47631],[129.1812,35.47644],[129.18102,35.47674],[129.18028,35.47784],[129.1798,35.47821],[129.17917,35.4785],[129.17563,35.4794],[129.17516,35.47949],[129.1745,35.47958],[129.174,35.47962],[129.17365,35.47965],[129.16828,35.4798],[129.16818,35.47979],[129.16415,35.47921],[129.16406,35.47918],[129.16098,35.47774],[129.1591,35.47628],[129.15313,35.47234],[129.15263,35.47205],[129.15234,35.4718],[129.15217,35.4716],[129.15174,35.47079],[129.15169,35.47064],[129.14797,35.46832],[129.14772,35.4683],[129.14756,35.46825],[129.14615,35.46761],[129.14598,35.4675],[129.14343,35.4658],[129.14333,35.46572],[129.14247,35.4648],[129.14067,35.46258],[129.14013,35.46189],[129.14007,35.46179],[129.14005,35.46171],[129.14005,35.46159],[129.14007,35.46149],[129.1401,35.46138],[129.14009,35.46122],[129.13991,35.46018],[129.13987,35.46007],[129.13954,35.4593],[129.13817,35.45816],[129.13791,35.45794],[129.13632,35.45685],[129.13572,35.45645],[129.13462,35.45672],[129.13422,35.45683],[129.13186,35.45757],[129.13101,35.45785],[129.13088,35.45791],[129.12889,35.45917],[129.12876,35.45925],[129.12862,35.45941],[129.12706,35.46118],[129.12531,35.46294],[129.12498,35.46325],[129.12266,35.46527],[129.12164,35.4664],[129.12012,35.46819],[129.11998,35.46836],[129.11985,35.46855],[129.11967,35.46888],[129.11947,35.46925],[129.11913,35.4699],[129.11898,35.47024],[129.11712,35.47467],[129.1171,35.47475],[129.11711,35.47486],[129.11525,35.47667],[129.11219,35.47788],[129.11215,35.47791],[129.11208,35.47795],[129.10963,35.4797],[129.1095,35.47984],[129.10859,35.48116],[129.10793,35.48363],[129.10793,35.48374],[129.10796,35.48383],[129.10803,35.4839],[129.10813,35.48398],[129.10826,35.48404],[129.10848,35.48416],[129.10874,35.48437],[129.10895,35.48455],[129.10905,35.48467],[129.10907,35.48474],[129.10921,35.48523],[129.10929,35.48559],[129.10932,35.4858],[129.10932,35.48596],[129.10931,35.48617],[129.10927,35.4864],[129.10896,35.48774],[129.10889,35.4879],[129.10881,35.48797],[129.10872,35.48801],[129.10842,35.48807],[129.10817,35.48816],[129.10799,35.48825],[129.10773,35.48842],[129.10747,35.48867],[129.10701,35.48918],[129.10678,35.48948],[129.10664,35.48977],[129.1066,35.48993],[129.10629,35.49137],[129.10623,35.49164],[129.10622,35.49176],[129.10641,35.49376],[129.10666,35.49459],[129.10671,35.49478],[129.10671,35.49496],[129.10666,35.49509],[129.10656,35.4952],[129.10527,35.49647],[129.10428,35.49711],[129.10406,35.49725],[129.10401,35.49728],[129.1026,35.49767],[129.10221,35.49764],[129.10129,35.49727],[129.10046,35.49662],[129.09953,35.49648],[129.09915,35.49661],[129.09826,35.49693],[129.09788,35.49716],[129.09741,35.49749],[129.09713,35.49773],[129.09696,35.49794],[129.09679,35.49815],[129.0949,35.49812],[129.0947,35.49774],[129.09685,35.5026],[129.09699,35.50292],[129.0973,35.50373],[129.0967,35.50431],[129.09634,35.50466],[129.09622,35.50482],[129.09599,35.50657],[129.09599,35.50682],[129.09604,35.50709],[129.09625,35.50773],[129.09667,35.50907],[129.09685,35.50961],[129.09692,35.50978],[129.09893,35.51147],[129.09906,35.51157],[129.09928,35.51162],[129.09969,35.51171],[129.10001,35.51172],[129.1003,35.51168],[129.10084,35.5116],[129.10163,35.51128],[129.10178,35.5112],[129.10187,35.51112],[129.10195,35.51101],[129.10207,35.51084],[129.10233,35.51066],[129.10266,35.51051],[129.10283,35.5105],[129.1035,35.51047],[129.10363,35.51049],[129.10369,35.51053],[129.10382,35.51064],[129.10773,35.51394],[129.11197,35.51801],[129.11557,35.52184],[129.11559,35.52201],[129.11543,35.52241],[129.11533,35.52252],[129.11527,35.52258],[129.11517,35.52267],[129.1151,35.52271],[129.11501,35.52271],[129.11476,35.5226],[129.11556,35.52515],[129.11944,35.52992],[129.11955,35.53001],[129.12247,35.53221],[129.12662,35.53508],[129.12671,35.53512],[129.12777,35.53539],[129.12814,35.5354],[129.12836,35.5354],[129.12855,35.53538],[129.12866,35.53535],[129.13124,35.53554],[129.13569,35.53698],[129.13586,35.53705],[129.13593,35.53711],[129.13598,35.53716],[129.13607,35.53753],[129.13608,35.53762],[129.13607,35.53777],[129.13609,35.53802],[129.13613,35.53826],[129.13619,35.53863],[129.13623,35.53874],[129.13625,35.53879],[129.13733,35.54045],[129.13738,35.54053],[129.13745,35.54061],[129.13844,35.54147],[129.13881,35.5414],[129.13892,35.54139],[129.14063,35.54185],[129.14073,35.54188],[129.14107,35.5421],[129.14127,35.54224],[129.14163,35.54245],[129.14195,35.54259],[129.14221,35.54268],[129.14239,35.54273],[129.14264,35.54275],[129.14285,35.54275],[129.14305,35.54273],[129.14321,35.54271],[129.14342,35.54266],[129.14363,35.54259],[129.1438,35.5425],[129.14392,35.54241],[129.14496,35.5416],[129.14679,35.53949],[129.14687,35.53935],[129.14735,35.53861],[129.14739,35.53852],[129.14743,35.53845],[129.14744,35.53837],[129.15022,35.53761],[129.15095,35.53823],[129.15199,35.53885],[129.15265,35.5391],[129.15316,35.53929],[129.15328,35.53932],[129.15546,35.53986],[129.15554,35.53988],[129.15569,35.5399],[129.15593,35.53992],[129.15672,35.53992],[129.16451,35.53735],[129.1647,35.53728],[129.16693,35.53632],[129.16713,35.53622],[129.16753,35.53601],[129.16805,35.53575],[129.16834,35.53555],[129.1686,35.53542],[129.16885,35.53531],[129.16903,35.53525],[129.16937,35.53521],[129.16963,35.53522],[129.16988,35.53525],[129.17096,35.5354],[129.17147,35.53551],[129.17535,35.53643],[129.17572,35.53652],[129.17634,35.53675],[129.17676,35.53694],[129.17732,35.53723],[129.17777,35.53749],[129.17816,35.53776],[129.17989,35.53968],[129.1801,35.53998],[129.18027,35.54029],[129.18032,35.54049],[129.18036,35.54082],[129.18045,35.54109],[129.18061,35.54138],[129.18146,35.54234],[129.18178,35.54262],[129.18192,35.5427],[129.18492,35.54409],[129.18559,35.54437],[129.18724,35.54492],[129.18746,35.545],[129.18769,35.54503],[129.18788,35.54502],[129.18913,35.54482],[129.19188,35.54469],[129.19332,35.5447],[129.19342,35.54459],[129.19365,35.54436],[129.19401,35.54398],[129.19424,35.54373],[129.19437,35.54352],[129.19466,35.54298],[129.19466,35.54286],[129.19463,35.54278],[129.19447,35.54256],[129.19395,35.54146],[129.1935,35.54049],[129.19342,35.54031],[129.19341,35.54025],[129.19391,35.53797],[129.19396,35.53779],[129.194,35.53771],[129.19407,35.53762],[129.19418,35.53751],[129.19424,35.53746],[129.19607,35.53622],[129.19615,35.53623],[129.19676,35.53687],[129.19696,35.53715],[129.19814,35.53766],[129.19998,35.53816],[129.20322,35.53946],[129.20337,35.53952],[129.20446,35.54004],[129.20453,35.54009],[129.20459,35.54018],[129.20462,35.54023],[129.20581,35.54232]]]]}}]}