{"type":"FeatureCollection","features":[{"type":"Feature","properties":{"code":"43130250","name":"주덕읍","parent":"43130"},"geometry":{"type":"MultiPolygon","coordinates":[[[[127.82664,37.0103],[127.82475,37.00924],[127.82474,37.0081],[127.82378,37.00667],[127.82369,37.00655],[127.82334,37.00613],[127.82327,37.00606],[127.81875,37.00262],[127.81507,36.99756],[127.81489,36.99611],[127.8148,36.9943],[127.81481,36.99425],[127.81482,36.9942],[127.81483,36.99414],[127.81482,36.99408],[127.8148,36.99397],[127.81478,36.9939],[127.81471,36.99376],[127.81456,36.99346],[127.81446,36.99326],[127.81435,36.99309],[127.81427,36.99299],[127.81278,36.99133],[127.81264,36.99118],[127.81255,36.9911],[127.81241,36.991],[127.81226,36.99089],[127.8121,36.99078],[127.81194,36.9907],[127.81186,36.99066],[127.8117,36.99061],[127.81159,36.99057],[127.81139,36.99054],[127.8112,36.99051],[127.81112,36.9905],[127.81102,36.99048],[127.81096,36.99046],[127.81088,36.99044],[127.81079,36.99039],[127.81069,36.99033],[127.8083,36.98854],[127.80462,36.98498],[127.8046,36.98495],[127.80458,36.9849],[127.80456,36.98483],[127.80404,36.98233],[127.80402,36.98225],[127.80401,36.98214],[127.804,36.98198],[127.80401,36.98187],[127.80402,36.98168],[127.80405,36.9815],[127.80408,36.98132],[127.80411,36.98115],[127.80415,36.98101],[127.80418,36.98089],[127.80475,36.9789],[127.80489,36.97848],[127.80497,36.97828],[127.80629,36.97472],[127.80652,36.97469],[127.80973,36.97435],[127.80983,36.97434],[127.81133,36.9742],[127.81284,36.97406],[127.81461,36.9726],[127.81472,36.97228],[127.81442,36.96953],[127.81324,36.96381],[127.81271,36.96297],[127.8123,36.96264],[127.81108,36.96251],[127.81076,36.9625],[127.81042,36.96257],[127.80664,36.96302],[127.80398,36.95993],[127.80277,36.95746],[127.80176,36.95287],[127.79986,36.95037],[127.79983,36.95031],[127.79979,36.9502],[127.79979,36.95008],[127.80005,36.94843],[127.80008,36.94828],[127.80016,36.94809],[127.8003,36.9478],[127.80045,36.94751],[127.79917,36.94747],[127.79617,36.9467],[127.79555,36.9465],[127.79538,36.94616],[127.79516,36.94573],[127.79396,36.94323],[127.79337,36.94065],[127.79321,36.94038],[127.79306,36.9401],[127.79232,36.93928],[127.79159,36.93893],[127.791,36.93865],[127.78934,36.93793],[127.78873,36.93723],[127.78799,36.93696],[127.78755,36.9368],[127.78621,36.9369],[127.78527,36.9374],[127.78403,36.93741],[127.78279,36.93704],[127.78177,36.93605],[127.78059,36.93495],[127.77498,36.93318],[127.77363,36.93302],[127.77309,36.93305],[127.77262,36.93308],[127.77243,36.93314],[127.77222,36.9332],[127.77164,36.93376],[127.7713,36.93442],[127.77122,36.93468],[127.77097,36.93561],[127.77076,36.93645],[127.77026,36.93748],[127.76974,36.93809],[127.76923,36.93854],[127.76723,36.93968],[127.76699,36.9398],[127.76648,36.93988],[127.76583,36.93988],[127.76539,36.93998],[127.76479,36.94016],[127.76455,36.94039],[127.76421,36.94071],[127.76197,36.94372],[127.7617,36.94417],[127.76176,36.94444],[127.762,36.94487],[127.76244,36.94502],[127.76279,36.94515],[127.76317,36.94529],[127.7634,36.94541],[127.76358,36.94552],[127.76388,36.94577],[127.76397,36.94612],[127.764,36.94625],[127.76289,36.94848],[127.76267,36.94867],[127.76072,36.95012],[127.75836,36.95156],[127.75643,36.95217],[127.75451,36.95462],[127.75447,36.95508],[127.75345,36.95731],[127.75273,36.95799],[127.75232,36.95812],[127.75148,36.95845],[127.75007,36.95922],[127.74844,36.96047],[127.74785,36.96092],[127.74781,36.96677],[127.74781,36.9669],[127.748,36.96731],[127.74872,36.96796],[127.74936,36.96824],[127.74974,36.96847],[127.75002,36.96886],[127.75015,36.96944],[127.74996,36.9703],[127.74985,36.97052],[127.74935,36.97121],[127.74887,36.97179],[127.74877,36.97204],[127.7487,36.97258],[127.74887,36.9731],[127.75222,36.97717],[127.75262,36.9775],[127.75297,36.97762],[127.75352,36.97762],[127.75405,36.97753],[127.75458,36.97726],[127.75474,36.97715],[127.75492,36.97701],[127.75544,36.97676],[127.75707,36.97659],[127.76047,36.97631],[127.76079,36.97629],[127.76393,36.97658],[127.76479,36.97702],[127.76495,36.97717],[127.765,36.97741],[127.76545,36.97779],[127.76705,36.97822],[127.76887,36.97855],[127.77045,36.97877],[127.77131,36.97908],[127.77336,36.98001],[127.7764,36.98146],[127.77719,36.98291],[127.77575,36.98485],[127.77313,36.98601],[127.77217,36.98623],[127.77156,36.98647],[127.77075,36.98693],[127.77014,36.98732],[127.76866,36.98855],[127.76765,36.98969],[127.76702,36.99044],[127.76676,36.99086],[127.76624,36.99116],[127.76514,36.98962],[127.76413,36.98777],[127.75273,36.99175],[127.74449,36.99541],[127.74396,36.99635],[127.74635,36.99613],[127.7464,36.99703],[127.74637,36.99763],[127.74628,36.99805],[127.74553,36.99986],[127.7451,37.00084],[127.7451,37.00117],[127.74527,37.00352],[127.74537,37.00467],[127.7456,37.00523],[127.74582,37.00551],[127.74628,37.00595],[127.74661,37.00607],[127.74701,37.00626],[127.74749,37.00664],[127.74815,37.00727],[127.74875,37.00791],[127.74908,37.00838],[127.74931,37.00922],[127.74933,37.00956],[127.74912,37.01196],[127.74905,37.01217],[127.74877,37.01261],[127.74849,37.01301],[127.74827,37.0131],[127.74793,37.01332],[127.74758,37.01365],[127.74565,37.01566],[127.74562,37.01668],[127.74575,37.01682],[127.74648,37.01734],[127.74666,37.01743],[127.74692,37.01735],[127.7474,37.01728],[127.74788,37.01735],[127.74965,37.01763],[127.75048,37.01786],[127.75112,37.01817],[127.75141,37.01852],[127.75163,37.01881],[127.75202,37.01956],[127.75206,37.01955],[127.7522,37.01956],[127.75227,37.01959],[127.75244,37.01965],[127.75267,37.01977],[127.75358,37.02039],[127.75602,37.02204],[127.75621,37.02219],[127.75646,37.02242],[127.75891,37.02502],[127.75894,37.02507],[127.75896,37.02518],[127.75895,37.02555],[127.75889,37.02587],[127.75888,37.02611],[127.75889,37.02628],[127.75923,37.02742],[127.75929,37.02755],[127.75934,37.02762],[127.7594,37.02767],[127.7595,37.02772],[127.75967,37.02777],[127.76076,37.02798],[127.76091,37.028],[127.761,37.02801],[127.76107,37.02801],[127.76116,37.02799],[127.76125,37.02797],[127.76207,37.02752],[127.76211,37.02748],[127.76225,37.02733],[127.76268,37.02678],[127.76279,37.02661],[127.76336,37.02587],[127.7644,37.02488],[127.76449,37.02482],[127.76454,37.02479],[127.76466,37.02475],[127.76496,37.02466],[127.7652,37.0246],[127.76541,37.02457],[127.76572,37.02455],[127.7659,37.02453],[127.76663,37.02452],[127.76913,37.02448],[127.76931,37.02448],[127.77011,37.02454],[127.77016,37.02455],[127.77032,37.02458],[127.77038,37.02461],[127.77043,37.02466],[127.77046,37.02471],[127.77047,37.02476],[127.77048,37.0248],[127.77045,37.02489],[127.77043,37.02505],[127.77043,37.02516],[127.77047,37.02529],[127.7705,37.02536],[127.77053,37.0254],[127.77106,37.02591],[127.77115,37.02597],[127.77178,37.02623],[127.77194,37.02629],[127.77199,37.02631],[127.77225,37.02621],[127.77232,37.02613],[127.7727,37.02562],[127.77342,37.02454],[127.77355,37.02429],[127.77367,37.02402],[127.77611,37.02249],[127.78176,37.02057],[127.78662,37.01839],[127.78669,37.01837],[127.78675,37.01837],[127.7868,37.01839],[127.78685,37.01842],[127.7869,37.01845],[127.78773,37.01954],[127.78783,37.01968],[127.78792,37.01984],[127.78808,37.02018],[127.78812,37.02031],[127.78817,37.02051],[127.7882,37.02066],[127.7882,37.02073],[127.78804,37.0217],[127.78807,37.02391],[127.78808,37.02397],[127.7881,37.02404],[127.78815,37.02414],[127.78823,37.02429],[127.78902,37.02554],[127.78906,37.0256],[127.78909,37.02564],[127.78916,37.02568],[127.78927,37.02574],[127.79101,37.02635],[127.79286,37.02689],[127.79296,37.02691],[127.79776,37.02771],[127.79893,37.02713],[127.79908,37.02705],[127.79922,37.02696],[127.79933,37.02688],[127.79939,37.02681],[127.79993,37.02625],[127.80001,37.02616],[127.80011,37.02601],[127.80014,37.02595],[127.80022,37.02571],[127.80029,37.02537],[127.80032,37.02525],[127.80037,37.02516],[127.80043,37.02506],[127.80049,37.025],[127.80056,37.02496],[127.80068,37.02492],[127.80077,37.02491],[127.80285,37.02494],[127.80367,37.0256],[127.80788,37.02766],[127.81056,37.02892],[127.81067,37.02899],[127.8108,37.02908],[127.81089,37.02916],[127.811,37.02929],[127.81106,37.02936],[127.81112,37.0294],[127.81129,37.02949],[127.8115,37.02958],[127.81174,37.02966],[127.81203,37.02973],[127.81234,37.02981],[127.81265,37.02988],[127.81288,37.0299],[127.81318,37.02991],[127.81353,37.0299],[127.81389,37.02986],[127.8153,37.02966],[127.81554,37.02961],[127.81567,37.02956],[127.81718,37.02883],[127.81726,37.02878],[127.81734,37.0287],[127.81748,37.02852],[127.81762,37.02828],[127.8177,37.0281],[127.81783,37.02771],[127.81805,37.02661],[127.81804,37.02631],[127.81799,37.02493],[127.81911,37.02365],[127.82064,37.0225],[127.82083,37.02236],[127.82093,37.02228],[127.82096,37.02222],[127.82236,37.01669],[127.82246,37.0148],[127.82244,37.01466],[127.82245,37.01455],[127.82295,37.01301],[127.82305,37.01285],[127.82486,37.0109],[127.82491,37.01086],[127.82498,37.01084],[127.82664,37.0103]]]]}},{"type":"Feature","properties":{"code":"43130310","name":"살미면","parent":"43130"},"geometry":{"type":"MultiPolygon","coordinates":[[[[128.04338,36.95185],[128.04266,36.94814],[128.04157,36.94395],[128.04111,36.94213],[128.04123,36.94095],[128.04127,36.94049],[128.04191,36.93852],[128.0433,36.93683],[128.04516,36.93574],[128.04811,36.935],[128.05063,36.93468],[128.05188,36.93441],[128.05401,36.93387],[128.05568,36.93321],[128.05686,36.93252],[128.05841,36.93125],[128.05953,36.92951],[128.06046,36.92776],[128.06092,36.92512],[128.06112,36.92337],[128.06167,36.92103],[128.06213,36.92031],[128.06301,36.91942],[128.06351,36.91909],[128.06436,36.91866],[128.06476,36.91846],[128.06682,36.91738],[128.06864,36.91638],[128.07045,36.91482],[128.07158,36.91372],[128.07211,36.91255],[128.07217,36.91159],[128.07184,36.91069],[128.07131,36.91014],[128.07024,36.90946],[128.06853,36.9088],[128.06804,36.90847],[128.06789,36.90817],[128.06786,36.90774],[128.06802,36.90663],[128.06857,36.90537],[128.06842,36.90501],[128.0676,36.90392],[128.06729,36.90334],[128.06711,36.90261],[128.0669,36.90142],[128.06702,36.90022],[128.06732,36.89933],[128.0673,36.89804],[128.06685,36.89413],[128.06662,36.89345],[128.06634,36.89313],[128.06561,36.89253],[128.06448,36.89181],[128.06266,36.8907],[128.06176,36.88998],[128.0601,36.88809],[128.05996,36.88774],[128.05988,36.88756],[128.05993,36.88724],[128.06027,36.88696],[128.06105,36.88646],[128.0613,36.88618],[128.0613,36.88602],[128.06108,36.88577],[128.05968,36.88447],[128.05859,36.88355],[128.05762,36.88294],[128.05643,36.88239],[128.0555,36.88165],[128.05492,36.88069],[128.05293,36.87483],[128.05214,36.87238],[128.05181,36.87132],[128.0517,36.87107],[128.04958,36.87071],[128.04878,36.87065],[128.04732,36.8703],[128.04647,36.86986],[128.04618,36.86969],[128.0458,36.86924],[128.04437,36.86545],[128.04415,36.86417],[128.04419,36.86383],[128.04147,36.8613],[128.04085,36.86109],[128.03935,36.86045],[128.03881,36.86007],[128.0385,36.8598],[128.03717,36.8608],[128.03573,36.86091],[128.0323,36.86315],[128.02878,36.86565],[128.02797,36.86625],[128.02756,36.86704],[128.02724,36.86809],[128.02702,36.86887],[128.02708,36.86915],[128.02694,36.86997],[128.02409,36.8748],[128.02299,36.87613],[128.02191,36.87784],[128.02139,36.87876],[128.02052,36.88088],[128.02051,36.88142],[128.02096,36.88343],[128.02115,36.8843],[128.02162,36.88495],[128.02231,36.88588],[128.02269,36.88654],[128.02295,36.88724],[128.02288,36.88791],[128.02263,36.88843],[128.02104,36.89057],[128.02079,36.89082],[128.01897,36.89103],[128.01865,36.89101],[128.01507,36.89],[128.01459,36.88976],[128.01386,36.88908],[128.01221,36.88784],[128.01183,36.88773],[128.00814,36.88828],[128.007,36.8886],[128.006,36.8892],[128.00548,36.88968],[128.00479,36.89053],[128.00456,36.89071],[128.00412,36.89084],[128.00359,36.89091],[128.00124,36.89095],[127.99742,36.89055],[127.99202,36.89075],[127.98668,36.88965],[127.98593,36.88894],[127.98569,36.88879],[127.98523,36.88855],[127.98504,36.88851],[127.98016,36.88788],[127.98004,36.8879],[127.97993,36.88796],[127.97881,36.88875],[127.97874,36.88881],[127.97832,36.88935],[127.97785,36.89012],[127.97763,36.89064],[127.97762,36.89087],[127.97759,36.89104],[127.97748,36.89123],[127.97727,36.89143],[127.97695,36.89172],[127.97675,36.89185],[127.97495,36.89287],[127.97485,36.8929],[127.97477,36.8929],[127.97472,36.89289],[127.97434,36.89277],[127.97336,36.89343],[127.97323,36.89351],[127.9731,36.89356],[127.97245,36.89382],[127.97236,36.89385],[127.97229,36.89382],[127.96869,36.89096],[127.96857,36.89086],[127.96805,36.89031],[127.96723,36.88866],[127.96252,36.8846],[127.95942,36.88259],[127.95679,36.88169],[127.95038,36.87454],[127.9493,36.87313],[127.9467,36.87287],[127.9466,36.87287],[127.94655,36.87288],[127.94649,36.87289],[127.94637,36.87295],[127.94503,36.87372],[127.94493,36.87379],[127.94482,36.87386],[127.94477,36.8739],[127.94471,36.87395],[127.9447,36.87397],[127.94468,36.874],[127.94467,36.87403],[127.94467,36.87407],[127.94467,36.87411],[127.94468,36.87419],[127.94476,36.87439],[127.94488,36.87463],[127.94499,36.8748],[127.94508,36.87493],[127.94518,36.87507],[127.94776,36.87855],[127.94991,36.88325],[127.95,36.88327],[127.95021,36.88343],[127.95084,36.88405],[127.95106,36.88427],[127.95119,36.88441],[127.95124,36.88446],[127.9513,36.88456],[127.95148,36.88488],[127.95158,36.88508],[127.95166,36.88527],[127.95169,36.88545],[127.95168,36.88558],[127.95157,36.88585],[127.95148,36.88599],[127.95126,36.88625],[127.95101,36.88651],[127.95078,36.88672],[127.95048,36.8869],[127.95025,36.88701],[127.95006,36.88709],[127.94986,36.88717],[127.94956,36.88727],[127.94914,36.88739],[127.94901,36.88742],[127.94889,36.88745],[127.94855,36.88753],[127.9448,36.88824],[127.94472,36.88825],[127.94465,36.88825],[127.94427,36.88828],[127.94398,36.88829],[127.93804,36.88826],[127.93623,36.88825],[127.93602,36.88825],[127.93556,36.88821],[127.93542,36.8882],[127.93165,36.88724],[127.93137,36.88716],[127.93125,36.88713],[127.93101,36.88706],[127.93078,36.88699],[127.92987,36.88673],[127.92914,36.88646],[127.92741,36.88537],[127.92209,36.88236],[127.92178,36.88221],[127.92051,36.88177],[127.91922,36.88164],[127.91685,36.88158],[127.91669,36.88159],[127.91633,36.88167],[127.91626,36.88171],[127.9151,36.88277],[127.91432,36.8836],[127.9138,36.88427],[127.91349,36.8847],[127.91265,36.88592],[127.91262,36.88596],[127.91257,36.886],[127.91248,36.88609],[127.9124,36.88614],[127.91109,36.8867],[127.90995,36.88706],[127.90984,36.88708],[127.90962,36.88709],[127.90925,36.88708],[127.90899,36.88707],[127.90892,36.88702],[127.90859,36.88679],[127.90843,36.88666],[127.90837,36.88661],[127.9072,36.88652],[127.9018,36.88841],[127.90166,36.88847],[127.90151,36.88854],[127.90143,36.88858],[127.90137,36.88862],[127.90111,36.88883],[127.90051,36.88952],[127.90012,36.89006],[127.89982,36.89051],[127.89692,36.89317],[127.8983,36.89443],[127.89892,36.89503],[127.89907,36.89518],[127.89932,36.89543],[127.89946,36.89559],[127.89951,36.89566],[127.90385,36.90131],[127.90419,36.90229],[127.90417,36.90237],[127.90417,36.90245],[127.90421,36.90261],[127.90431,36.90288],[127.90453,36.9032],[127.90584,36.90489],[127.90593,36.905],[127.90596,36.90504],[127.90603,36.90511],[127.90617,36.90526],[127.9063,36.90537],[127.90639,36.90546],[127.9065,36.90554],[127.90661,36.9056],[127.90675,36.90566],[127.90688,36.90569],[127.907,36.90571],[127.90757,36.90579],[127.9079,36.90583],[127.90812,36.90585],[127.90832,36.90584],[127.90853,36.90583],[127.90934,36.90577],[127.90962,36.90574],[127.90976,36.90573],[127.91226,36.90529],[127.91243,36.90526],[127.91269,36.90521],[127.91296,36.90513],[127.9132,36.90505],[127.91348,36.90493],[127.91777,36.9024],[127.92207,36.89925],[127.92304,36.89887],[127.92364,36.89865],[127.9241,36.89881],[127.92502,36.89916],[127.92559,36.89957],[127.92578,36.90009],[127.92586,36.90043],[127.92595,36.90078],[127.92579,36.90201],[127.92554,36.90331],[127.92448,36.90536],[127.92423,36.90564],[127.92336,36.90583],[127.92239,36.90603],[127.92114,36.90642],[127.91828,36.90735],[127.9148,36.9085],[127.91257,36.90944],[127.91124,36.91005],[127.91118,36.91008],[127.91111,36.91014],[127.91101,36.91024],[127.91094,36.91034],[127.91087,36.91045],[127.91083,36.91055],[127.91081,36.91065],[127.91079,36.91075],[127.91078,36.91096],[127.91078,36.91112],[127.91078,36.91136],[127.91079,36.91149],[127.91081,36.91162],[127.91084,36.91177],[127.91093,36.91207],[127.91098,36.91221],[127.91102,36.91232],[127.91112,36.91252],[127.91122,36.91268],[127.91129,36.91277],[127.91137,36.91286],[127.91149,36.91298],[127.91159,36.91307],[127.91172,36.91316],[127.91277,36.91388],[127.91309,36.91409],[127.91329,36.91422],[127.91348,36.91434],[127.91396,36.91463],[127.91413,36.91473],[127.91426,36.9148],[127.9145,36.91491],[127.91487,36.91503],[127.91509,36.91509],[127.9153,36.91516],[127.9154,36.91521],[127.91554,36.91529],[127.91573,36.91539],[127.91581,36.91545],[127.91589,36.91551],[127.91605,36.91563],[127.91622,36.91576],[127.9164,36.91591],[127.91654,36.91603],[127.91688,36.91635],[127.91699,36.91646],[127.91711,36.91658],[127.91734,36.91685],[127.91747,36.917],[127.91756,36.91711],[127.91762,36.91721],[127.91768,36.91735],[127.91772,36.91749],[127.91776,36.91765],[127.91782,36.918],[127.91786,36.91822],[127.918,36.91874],[127.91806,36.91895],[127.91811,36.91912],[127.91827,36.91953],[127.91835,36.91973],[127.91841,36.91986],[127.91862,36.92024],[127.91877,36.92051],[127.91884,36.92063],[127.91918,36.92115],[127.91934,36.92138],[127.91952,36.92162],[127.91987,36.92206],[127.91995,36.92217],[127.92006,36.92228],[127.92018,36.9224],[127.92031,36.92251],[127.92066,36.92281],[127.92096,36.92307],[127.92163,36.92362],[127.92206,36.92395],[127.9223,36.92414],[127.92265,36.92439],[127.92282,36.92451],[127.92328,36.92481],[127.92654,36.92693],[127.92739,36.92747],[127.92803,36.92788],[127.92838,36.9281],[127.92881,36.92843],[127.9292,36.92876],[127.92928,36.92883],[127.92954,36.92907],[127.9299,36.92941],[127.93007,36.92958],[127.93029,36.92983],[127.93047,36.93005],[127.93065,36.93031],[127.93074,36.93049],[127.93083,36.93076],[127.93087,36.93092],[127.93091,36.9312],[127.93091,36.93133],[127.93089,36.93156],[127.93081,36.932],[127.93066,36.93241],[127.93049,36.93284],[127.9304,36.93306],[127.93031,36.93329],[127.93033,36.93333],[127.93035,36.93335],[127.93074,36.93359],[127.93097,36.93374],[127.93135,36.93396],[127.93493,36.93628],[127.93616,36.93716],[127.93706,36.93759],[127.93715,36.93762],[127.93729,36.93764],[127.94168,36.93797],[127.94189,36.93799],[127.94203,36.93798],[127.94237,36.93795],[127.94252,36.93791],[127.94495,36.93721],[127.945,36.93719],[127.94505,36.93716],[127.94518,36.93701],[127.94532,36.9368],[127.94538,36.93665],[127.94546,36.93634],[127.94566,36.93536],[127.94579,36.93439],[127.94585,36.93418],[127.94588,36.93413],[127.94596,36.93409],[127.94704,36.93367],[127.94825,36.93338],[127.9484,36.93335],[127.94858,36.93333],[127.95127,36.93336],[127.9514,36.93337],[127.95163,36.93343],[127.9519,36.93353],[127.95208,36.9336],[127.95219,36.93366],[127.95233,36.93376],[127.95245,36.9339],[127.9558,36.93493],[127.95758,36.93486],[127.96179,36.93488],[127.96203,36.93489],[127.96216,36.93491],[127.96355,36.93516],[127.9639,36.93522],[127.96419,36.93528],[127.96434,36.93534],[127.9645,36.93539],[127.96466,36.93544],[127.96476,36.93546],[127.96496,36.93546],[127.96582,36.93545],[127.96591,36.93544],[127.96598,36.93541],[127.96716,36.93471],[127.96724,36.93465],[127.96727,36.93457],[127.96734,36.93437],[127.9678,36.93315],[127.969,36.93082],[127.96906,36.93077],[127.97385,36.9282],[127.97576,36.92849],[127.9782,36.92895],[127.97986,36.92943],[127.98248,36.93022],[127.98254,36.93024],[127.98281,36.93034],[127.9829,36.93037],[127.98296,36.93042],[127.98299,36.93047],[127.98302,36.93055],[127.98303,36.93065],[127.98305,36.93079],[127.98302,36.93109],[127.98298,36.93123],[127.98261,36.93249],[127.98243,36.933],[127.9824,36.93307],[127.98237,36.93313],[127.98196,36.93376],[127.9816,36.93421],[127.98155,36.93428],[127.98146,36.93434],[127.98131,36.93444],[127.98121,36.93454],[127.98086,36.93491],[127.98079,36.935],[127.98075,36.93509],[127.98064,36.93568],[127.98063,36.93574],[127.98063,36.93597],[127.98065,36.93656],[127.98068,36.93738],[127.98069,36.93748],[127.98071,36.93754],[127.9822,36.93922],[127.98292,36.9399],[127.98297,36.93995],[127.98304,36.94],[127.98368,36.94039],[127.98379,36.94045],[127.98388,36.9405],[127.98395,36.94053],[127.984,36.94054],[127.98408,36.94054],[127.98418,36.94054],[127.98426,36.94055],[127.98435,36.94057],[127.98444,36.9406],[127.98453,36.94065],[127.98463,36.9407],[127.98574,36.94148],[127.9859,36.94197],[127.98369,36.9445],[127.98308,36.94519],[127.9821,36.94587],[127.98197,36.94596],[127.98183,36.94604],[127.98173,36.94608],[127.98013,36.94687],[127.97875,36.94797],[127.97872,36.94802],[127.97837,36.94869],[127.97781,36.95027],[127.97777,36.9504],[127.97748,36.95262],[127.97749,36.95268],[127.9778,36.95347],[127.98061,36.95377],[127.98097,36.95378],[127.98104,36.95378],[127.98109,36.95378],[127.98115,36.95377],[127.98123,36.95376],[127.98166,36.95368],[127.98635,36.95273],[127.98725,36.95235],[127.98745,36.9522],[127.98759,36.95212],[127.98774,36.9521],[127.98788,36.95209],[127.98797,36.9521],[127.98813,36.95218],[127.99074,36.95358],[127.99126,36.95402],[127.99133,36.95408],[127.99155,36.95425],[127.99165,36.95431],[127.99218,36.95463],[127.99351,36.95525],[127.99376,36.95535],[127.99385,36.95538],[127.9941,36.95543],[127.99428,36.95545],[127.9944,36.95547],[127.99452,36.95547],[127.99466,36.95548],[127.9949,36.95548],[127.99644,36.9554],[127.99905,36.95366],[127.99954,36.95331],[128.00011,36.95285],[128.0006,36.95246],[128.00119,36.95187],[128.00165,36.95146],[128.00226,36.95094],[128.0028,36.95052],[128.00302,36.95037],[128.00351,36.9502],[128.00388,36.95016],[128.00409,36.9502],[128.00453,36.95031],[128.00501,36.95048],[128.00517,36.95056],[128.00527,36.95063],[128.00539,36.9507],[128.00987,36.9548],[128.01185,36.95714],[128.01213,36.95759],[128.01252,36.95788],[128.01436,36.95894],[128.01972,36.9619],[128.02386,36.96385],[128.02715,36.96503],[128.02817,36.96529],[128.0289,36.96463],[128.0301,36.96343],[128.03058,36.96295],[128.03342,36.95962],[128.03528,36.9573],[128.03765,36.95494],[128.03932,36.95367],[128.04143,36.95258],[128.04185,36.95237],[128.04281,36.952],[128.04338,36.95185]]]]}},{"type":"Feature","properties":{"code":"43130325","name":"수안보면","parent":"43130"},"geometry":{"type":"MultiPolygon","coordinates":[[[[128.0385,36.8598],[128.03824,36.85875],[128.03721,36.85724],[128.03623,36.85562],[128.03634,36.855],[128.03702,36.85306],[128.03749,36.85241],[128.04108,36.849],[128.04187,36.84869],[128.04729,36.84687],[128.0578,36.84329],[128.05767,36.84254],[128.05734,36.84197],[128.05753,36.84129],[128.05871,36.83914],[128.05901,36.83882],[128.05948,36.83844],[128.06134,36.83745],[128.06163,36.83745],[128.06184,36.83751],[128.06281,36.83819],[128.06516,36.84088],[128.06807,36.84434],[128.06879,36.84486],[128.06914,36.84506],[128.07038,36.84542],[128.07254,36.84598],[128.07538,36.8469],[128.07613,36.84717],[128.07726,36.84793],[128.07841,36.84841],[128.07972,36.84875],[128.08114,36.84905],[128.08198,36.84893],[128.08265,36.84886],[128.08324,36.84894],[128.08444,36.84952],[128.08542,36.85042],[128.08694,36.85177],[128.08718,36.85188],[128.09096,36.84963],[128.09132,36.8494],[128.09157,36.84885],[128.09315,36.84483],[128.09369,36.84254],[128.09434,36.83969],[128.09461,36.8379],[128.09464,36.83765],[128.09461,36.83748],[128.09444,36.83728],[128.09411,36.83703],[128.09399,36.83687],[128.09399,36.83674],[128.09472,36.83537],[128.09482,36.83526],[128.09715,36.83421],[128.10352,36.83212],[128.10717,36.83103],[128.10916,36.8308],[128.11262,36.83058],[128.11979,36.83231],[128.12645,36.83419],[128.12736,36.83422],[128.12797,36.83402],[128.12828,36.83378],[128.12886,36.83325],[128.12944,36.83275],[128.13017,36.83231],[128.13068,36.83216],[128.13187,36.83208],[128.13366,36.83222],[128.13399,36.83127],[128.13398,36.8305],[128.13393,36.82922],[128.13379,36.82867],[128.13297,36.82725],[128.13219,36.82645],[128.13197,36.82628],[128.12931,36.82456],[128.12873,36.82426],[128.12763,36.82415],[128.12593,36.82427],[128.1248,36.82401],[128.12408,36.82351],[128.12305,36.82277],[128.12265,36.82249],[128.1211,36.82235],[128.11955,36.82245],[128.11815,36.82232],[128.11511,36.82001],[128.11223,36.81889],[128.11081,36.81636],[128.10985,36.81459],[128.10861,36.81221],[128.10751,36.80884],[128.10678,36.80579],[128.10578,36.80483],[128.10515,36.80457],[128.10451,36.80444],[128.10337,36.80477],[128.10165,36.8056],[128.10082,36.80583],[128.09369,36.8033],[128.09257,36.80285],[128.09209,36.80204],[128.09205,36.80156],[128.09205,36.80082],[128.09236,36.7996],[128.09304,36.79899],[128.09288,36.79726],[128.0924,36.79649],[128.09188,36.79646],[128.08813,36.79681],[128.08739,36.79701],[128.084,36.79945],[128.08432,36.79999],[128.08432,36.80077],[128.08422,36.80404],[128.08151,36.80677],[128.07319,36.8125],[128.07136,36.81365],[128.06808,36.81552],[128.06747,36.81584],[128.06535,36.81677],[128.06347,36.81716],[128.06024,36.817],[128.05956,36.8168],[128.0571,36.81783],[128.05279,36.81888],[128.05203,36.81899],[128.05087,36.81971],[128.04955,36.82121],[128.04724,36.82219],[128.04665,36.82218],[128.04589,36.822],[128.04528,36.82185],[128.04367,36.82103],[128.04289,36.8209],[128.03947,36.82153],[128.03804,36.82318],[128.03769,36.82399],[128.03636,36.82487],[128.03475,36.82511],[128.03211,36.82516],[128.03132,36.82498],[128.02936,36.82428],[128.02814,36.82404],[128.02655,36.8241],[128.02578,36.82429],[128.02462,36.82458],[128.02296,36.82495],[128.0222,36.82374],[128.02248,36.82329],[128.02311,36.81992],[128.02368,36.81487],[128.02363,36.81412],[128.02321,36.81359],[128.023,36.81332],[128.02285,36.81312],[128.02125,36.8111],[128.01933,36.80911],[128.01857,36.80843],[128.01795,36.80791],[128.01644,36.80775],[128.01542,36.8082],[128.01517,36.80831],[128.01407,36.80861],[128.01252,36.80775],[128.01215,36.80703],[128.01181,36.80678],[128.0113,36.80673],[128.00667,36.80903],[128.00473,36.81065],[128.0035,36.81053],[128.0025,36.81036],[128.00141,36.81082],[128.00055,36.81119],[127.99942,36.81193],[127.99829,36.81267],[127.9981,36.8128],[127.99668,36.81289],[127.99423,36.81254],[127.99301,36.81245],[127.99206,36.81281],[127.99113,36.81349],[127.98773,36.8154],[127.98691,36.81564],[127.98608,36.81587],[127.98331,36.81569],[127.98229,36.81541],[127.98263,36.81596],[127.98332,36.81754],[127.9824,36.82221],[127.98191,36.82322],[127.98136,36.8232],[127.98113,36.82319],[127.97978,36.82288],[127.97908,36.82286],[127.97655,36.82354],[127.97599,36.82373],[127.97412,36.82454],[127.97395,36.82465],[127.97373,36.82479],[127.97267,36.82551],[127.97221,36.82626],[127.97204,36.82672],[127.97197,36.8276],[127.97197,36.82822],[127.97214,36.8283],[127.97234,36.82839],[127.97259,36.82864],[127.97335,36.82985],[127.97698,36.83612],[127.97696,36.83697],[127.97693,36.8374],[127.97548,36.84141],[127.97522,36.84189],[127.97514,36.84191],[127.97508,36.84192],[127.97484,36.84191],[127.97463,36.84188],[127.97447,36.84187],[127.974,36.84191],[127.97067,36.84492],[127.9706,36.84501],[127.97051,36.84513],[127.97035,36.84534],[127.97025,36.84549],[127.96814,36.84931],[127.96747,36.85075],[127.96815,36.85297],[127.96968,36.86022],[127.96952,36.86041],[127.96937,36.86058],[127.96926,36.86071],[127.96879,36.86122],[127.96787,36.86177],[127.9675,36.8617],[127.96698,36.86159],[127.96622,36.86172],[127.96386,36.86242],[127.96289,36.86279],[127.96115,36.86366],[127.96136,36.86426],[127.96131,36.8646],[127.96077,36.86547],[127.96066,36.8656],[127.95885,36.86743],[127.95682,36.86874],[127.95548,36.86877],[127.95426,36.86939],[127.95353,36.86993],[127.95266,36.87102],[127.95152,36.87224],[127.95091,36.87269],[127.9493,36.87313],[127.95038,36.87454],[127.95679,36.88169],[127.95942,36.88259],[127.96252,36.8846],[127.96723,36.88866],[127.96805,36.89031],[127.96857,36.89086],[127.96869,36.89096],[127.97229,36.89382],[127.97236,36.89385],[127.97245,36.89382],[127.9731,36.89356],[127.97323,36.89351],[127.97336,36.89343],[127.97434,36.89277],[127.97472,36.89289],[127.97477,36.8929],[127.97485,36.8929],[127.97495,36.89287],[127.97675,36.89185],[127.97695,36.89172],[127.97727,36.89143],[127.97748,36.89123],[127.97759,36.89104],[127.97762,36.89087],[127.97763,36.89064],[127.97785,36.89012],[127.97832,36.88935],[127.97874,36.88881],[127.97881,36.88875],[127.97993,36.88796],[127.98004,36.8879],[127.98016,36.88788],[127.98504,36.88851],[127.98523,36.88855],[127.98569,36.88879],[127.98593,36.88894],[127.98668,36.88965],[127.99202,36.89075],[127.99742,36.89055],[128.00124,36.89095],[128.00359,36.89091],[128.00412,36.89084],[128.00456,36.89071],[128.00479,36.89053],[128.00548,36.88968],[128.006,36.8892],[128.007,36.8886],[128.00814,36.88828],[128.01183,36.88773],[128.01221,36.88784],[128.01386,36.88908],[128.01459,36.88976],[128.01507,36.89],[128.01865,36.89101],[128.01897,36.89103],[128.02079,36.89082],[128.02104,36.89057],[128.02263,36.88843],[128.02288,36.88791],[128.02295,36.88724],[128.02269,36.88654],[128.02231,36.88588],[128.02162,36.88495],[128.02115,36.8843],[128.02096,36.88343],[128.02051,36.88142],[128.02052,36.88088],[128.02139,36.87876],[128.02191,36.87784],[128.02299,36.87613],[128.02409,36.8748],[128.02694,36.86997],[128.02708,36.86915],[128.02702,36.86887],[128.02724,36.86809],[128.02756,36.86704],[128.02797,36.86625],[128.02878,36.86565],[128.0323,36.86315],[128.03573,36.86091],[128.03717,36.8608],[128.0385,36.8598]]]]}},{"type":"Feature","properties":{"code":"43130350","name":"신니면","parent":"43130"},"geometry":{"type":"MultiPolygon","coordinates":[[[[127.75202,37.01956],[127.75163,37.01881],[127.75141,37.01852],[127.75112,37.01817],[127.75048,37.01786],[127.74965,37.01763],[127.74788,37.01735],[127.7474,37.01728],[127.74692,37.01735],[127.74666,37.01743],[127.74648,37.01734],[127.74575,37.01682],[127.74562,37.01668],[127.74565,37.01566],[127.74758,37.01365],[127.74793,37.01332],[127.74827,37.0131],[127.74849,37.01301],[127.74877,37.01261],[127.74905,37.01217],[127.74912,37.01196],[127.74933,37.00956],[127.74931,37.00922],[127.74908,37.00838],[127.74875,37.00791],[127.74815,37.00727],[127.74749,37.00664],[127.74701,37.00626],[127.74661,37.00607],[127.74628,37.00595],[127.74582,37.00551],[127.7456,37.00523],[127.74537,37.00467],[127.74527,37.00352],[127.7451,37.00117],[127.7451,37.00084],[127.74553,36.99986],[127.74628,36.99805],[127.74637,36.99763],[127.7464,36.99703],[127.74635,36.99613],[127.74396,36.99635],[127.74449,36.99541],[127.75273,36.99175],[127.76413,36.98777],[127.76514,36.98962],[127.76624,36.99116],[127.76676,36.99086],[127.76702,36.99044],[127.76765,36.98969],[127.76866,36.98855],[127.77014,36.98732],[127.77075,36.98693],[127.77156,36.98647],[127.77217,36.98623],[127.77313,36.98601],[127.77575,36.98485],[127.77719,36.98291],[127.7764,36.98146],[127.77336,36.98001],[127.77131,36.97908],[127.77045,36.97877],[127.76887,36.97855],[127.76705,36.97822],[127.76545,36.97779],[127.765,36.97741],[127.76495,36.97717],[127.76479,36.97702],[127.76393,36.97658],[127.76079,36.97629],[127.76047,36.97631],[127.75707,36.97659],[127.75544,36.97676],[127.75492,36.97701],[127.75474,36.97715],[127.75458,36.97726],[127.75405,36.97753],[127.75352,36.97762],[127.75297,36.97762],[127.75262,36.9775],[127.75222,36.97717],[127.74887,36.9731],[127.7487,36.97258],[127.74877,36.97204],[127.74887,36.97179],[127.74935,36.97121],[127.74985,36.97052],[127.74996,36.9703],[127.75015,36.96944],[127.75002,36.96886],[127.74974,36.96847],[127.74936,36.96824],[127.74872,36.96796],[127.748,36.96731],[127.74781,36.9669],[127.74781,36.96677],[127.74785,36.96092],[127.74477,36.96057],[127.74419,36.96087],[127.74398,36.96097],[127.74373,36.96099],[127.74338,36.96098],[127.74317,36.96097],[127.74289,36.96088],[127.74258,36.96075],[127.74062,36.95939],[127.74049,36.95927],[127.74035,36.9591],[127.74018,36.9589],[127.74005,36.95872],[127.73997,36.95851],[127.73986,36.95807],[127.73982,36.95722],[127.73983,36.9571],[127.73985,36.95697],[127.7401,36.95553],[127.74012,36.9555],[127.74013,36.95547],[127.74134,36.95418],[127.74141,36.9541],[127.7415,36.95401],[127.74162,36.95392],[127.74176,36.95383],[127.74193,36.95373],[127.74206,36.95368],[127.74217,36.95364],[127.74225,36.9536],[127.74247,36.95341],[127.74181,36.95289],[127.74089,36.9526],[127.7403,36.95246],[127.73965,36.95231],[127.73941,36.95234],[127.73766,36.95352],[127.73413,36.95353],[127.73335,36.9535],[127.73326,36.95351],[127.73317,36.95352],[127.733,36.95357],[127.7314,36.95595],[127.73091,36.9571],[127.73071,36.95741],[127.73016,36.95793],[127.72809,36.95889],[127.7277,36.95905],[127.72205,36.95901],[127.71909,36.95878],[127.71857,36.95873],[127.71637,36.95844],[127.71573,36.95913],[127.71222,36.96146],[127.71117,36.96194],[127.71075,36.96255],[127.71023,36.96471],[127.70941,36.96495],[127.70759,36.96498],[127.7075,36.96505],[127.70681,36.96564],[127.70632,36.96617],[127.70523,36.96742],[127.70468,36.96879],[127.70428,36.96995],[127.70416,36.97071],[127.70397,36.9718],[127.7018,36.9733],[127.70058,36.97398],[127.69958,36.97421],[127.69788,36.97409],[127.69495,36.97507],[127.69526,36.97642],[127.69544,36.97802],[127.69354,36.97943],[127.69308,36.97936],[127.69184,36.97946],[127.68912,36.9807],[127.68854,36.98106],[127.68799,36.9814],[127.6878,36.98162],[127.68758,36.98249],[127.68761,36.98316],[127.68744,36.98421],[127.68575,36.98569],[127.6845,36.98598],[127.68236,36.98562],[127.68116,36.98539],[127.67503,36.98553],[127.6722,36.98602],[127.67086,36.98696],[127.67013,36.98805],[127.66959,36.98817],[127.66887,36.98778],[127.66866,36.98766],[127.66664,36.98646],[127.66577,36.98537],[127.66359,36.98219],[127.66266,36.97983],[127.66164,36.97768],[127.6611,36.97774],[127.65861,36.97857],[127.6557,36.97973],[127.65102,36.98288],[127.65088,36.98349],[127.65101,36.98377],[127.65216,36.98507],[127.65363,36.98648],[127.65294,36.98915],[127.6529,36.99114],[127.65291,36.99173],[127.65317,36.99206],[127.65347,36.99244],[127.65468,36.9944],[127.65368,36.9964],[127.65353,36.99758],[127.65554,37.00092],[127.65762,37.00264],[127.65794,37.00285],[127.6582,37.00303],[127.65859,37.0032],[127.65873,37.00326],[127.65924,37.00341],[127.65982,37.00347],[127.66054,37.00349],[127.6635,37.00306],[127.66383,37.00301],[127.66543,37.0031],[127.66528,37.004],[127.66238,37.00545],[127.66082,37.007],[127.65741,37.01084],[127.65696,37.01257],[127.65622,37.01595],[127.65755,37.01834],[127.65786,37.01865],[127.6614,37.02166],[127.66272,37.02236],[127.66417,37.02312],[127.66424,37.02316],[127.66408,37.02443],[127.66381,37.03069],[127.66657,37.03311],[127.67134,37.03472],[127.67221,37.0349],[127.67284,37.03497],[127.6746,37.03501],[127.67547,37.03496],[127.67576,37.03494],[127.67591,37.03493],[127.67622,37.0349],[127.67645,37.03487],[127.67654,37.03485],[127.67681,37.03475],[127.67946,37.03378],[127.68219,37.03277],[127.68234,37.03272],[127.6836,37.03234],[127.69018,37.03037],[127.69043,37.0303],[127.69046,37.03031],[127.69051,37.03034],[127.69056,37.0304],[127.69072,37.03067],[127.69104,37.03118],[127.69132,37.03162],[127.69143,37.03174],[127.69158,37.03189],[127.69185,37.03212],[127.69215,37.03236],[127.69384,37.03361],[127.69394,37.03368],[127.694,37.0337],[127.69484,37.03393],[127.69527,37.034],[127.69547,37.03402],[127.69772,37.03409],[127.69784,37.03409],[127.69799,37.03408],[127.69817,37.03407],[127.70404,37.03342],[127.70411,37.0334],[127.70425,37.03336],[127.70602,37.03266],[127.70676,37.03216],[127.70687,37.03208],[127.70698,37.03202],[127.70709,37.03198],[127.70717,37.03195],[127.70817,37.03185],[127.71276,37.03191],[127.71619,37.03293],[127.71974,37.03355],[127.72003,37.03351],[127.72209,37.03327],[127.72321,37.03325],[127.72329,37.03325],[127.72333,37.03325],[127.72338,37.03327],[127.72343,37.03329],[127.72352,37.03339],[127.72411,37.03407],[127.72451,37.03446],[127.72476,37.03469],[127.72484,37.03474],[127.72489,37.03475],[127.72833,37.03508],[127.73132,37.03529],[127.73344,37.0344],[127.7348,37.03404],[127.73791,37.03432],[127.73803,37.03435],[127.73812,37.03436],[127.73826,37.03438],[127.73841,37.03439],[127.73914,37.03438],[127.73929,37.03437],[127.7394,37.03434],[127.74246,37.03301],[127.7426,37.03294],[127.74272,37.03288],[127.74287,37.03278],[127.74503,37.03111],[127.74567,37.03044],[127.74682,37.02896],[127.74697,37.02874],[127.74708,37.02855],[127.74718,37.02829],[127.74721,37.02815],[127.74722,37.02797],[127.74722,37.02786],[127.74721,37.02782],[127.74719,37.02776],[127.74711,37.02768],[127.74696,37.0275],[127.7469,37.02741],[127.74687,37.02734],[127.74686,37.02725],[127.74685,37.02679],[127.74686,37.02672],[127.74688,37.02665],[127.74726,37.02589],[127.74986,37.02089],[127.74996,37.02072],[127.75011,37.02054],[127.75033,37.0203],[127.75053,37.02014],[127.75085,37.01997],[127.75124,37.01978],[127.75177,37.01961],[127.75196,37.01956],[127.75202,37.01956]]]]}},{"type":"Feature","properties":{"code":"43130360","name":"노은면","parent":"43130"},"geometry":{"type":"MultiPolygon","coordinates":[[[[127.82225,37.0682],[127.82259,37.06774],[127.82292,37.06726],[127.82334,37.06645],[127.82383,37.06517],[127.82392,37.06393],[127.82391,37.06302],[127.82384,37.06251],[127.82126,37.05924],[127.82076,37.05884],[127.82037,37.05866],[127.81995,37.05856],[127.81946,37.05849],[127.81873,37.05848],[127.81841,37.05852],[127.81818,37.05858],[127.81774,37.05889],[127.817,37.05951],[127.81605,37.06056],[127.81591,37.06097],[127.81576,37.06146],[127.81567,37.06186],[127.81552,37.06206],[127.81524,37.06209],[127.81496,37.06126],[127.81474,37.06042],[127.81431,37.05756],[127.8143,37.05745],[127.8143,37.05736],[127.81479,37.0561],[127.81487,37.0559],[127.81496,37.05577],[127.815,37.05573],[127.81512,37.05564],[127.81835,37.05379],[127.81865,37.05363],[127.81895,37.05353],[127.81942,37.05343],[127.81986,37.05339],[127.81995,37.05337],[127.81999,37.05332],[127.82085,37.04873],[127.82084,37.04868],[127.82081,37.04863],[127.82075,37.04858],[127.82061,37.0485],[127.82047,37.04846],[127.82024,37.04842],[127.81993,37.0484],[127.81785,37.04803],[127.81419,37.0472],[127.81387,37.04689],[127.81016,37.04139],[127.81012,37.04132],[127.81009,37.04118],[127.81008,37.04105],[127.8101,37.04087],[127.81014,37.0407],[127.81017,37.04053],[127.81023,37.04039],[127.81069,37.03967],[127.81073,37.03963],[127.81087,37.03957],[127.81093,37.03953],[127.81098,37.03949],[127.81106,37.03939],[127.81109,37.0393],[127.81112,37.03918],[127.81115,37.03895],[127.81116,37.03867],[127.8112,37.03708],[127.81027,37.035],[127.80896,37.03296],[127.80884,37.03279],[127.80875,37.03261],[127.80869,37.03244],[127.80869,37.03227],[127.80869,37.03214],[127.80872,37.03203],[127.80877,37.03191],[127.80916,37.03091],[127.8093,37.03066],[127.8095,37.03036],[127.80973,37.03013],[127.80993,37.02998],[127.8101,37.02987],[127.81106,37.02936],[127.811,37.02929],[127.81089,37.02916],[127.8108,37.02908],[127.81067,37.02899],[127.81056,37.02892],[127.80788,37.02766],[127.80367,37.0256],[127.80285,37.02494],[127.80077,37.02491],[127.80068,37.02492],[127.80056,37.02496],[127.80049,37.025],[127.80043,37.02506],[127.80037,37.02516],[127.80032,37.02525],[127.80029,37.02537],[127.80022,37.02571],[127.80014,37.02595],[127.80011,37.02601],[127.80001,37.02616],[127.79993,37.02625],[127.79939,37.02681],[127.79933,37.02688],[127.79922,37.02696],[127.79908,37.02705],[127.79893,37.02713],[127.79776,37.02771],[127.79296,37.02691],[127.79286,37.02689],[127.79101,37.02635],[127.78927,37.02574],[127.78916,37.02568],[127.78909,37.02564],[127.78906,37.0256],[127.78902,37.02554],[127.78823,37.02429],[127.78815,37.02414],[127.7881,37.02404],[127.78808,37.02397],[127.78807,37.02391],[127.78804,37.0217],[127.7882,37.02073],[127.7882,37.02066],[127.78817,37.02051],[127.78812,37.02031],[127.78808,37.02018],[127.78792,37.01984],[127.78783,37.01968],[127.78773,37.01954],[127.7869,37.01845],[127.78685,37.01842],[127.7868,37.01839],[127.78675,37.01837],[127.78669,37.01837],[127.78662,37.01839],[127.78176,37.02057],[127.77611,37.02249],[127.77367,37.02402],[127.77355,37.02429],[127.77342,37.02454],[127.7727,37.02562],[127.77232,37.02613],[127.77225,37.02621],[127.77199,37.02631],[127.77194,37.02629],[127.77178,37.02623],[127.77115,37.02597],[127.77106,37.02591],[127.77053,37.0254],[127.7705,37.02536],[127.77047,37.02529],[127.77043,37.02516],[127.77043,37.02505],[127.77045,37.02489],[127.77048,37.0248],[127.77047,37.02476],[127.77046,37.02471],[127.77043,37.02466],[127.77038,37.02461],[127.77032,37.02458],[127.77016,37.02455],[127.77011,37.02454],[127.76931,37.02448],[127.76913,37.02448],[127.76663,37.02452],[127.7659,37.02453],[127.76572,37.02455],[127.76541,37.02457],[127.7652,37.0246],[127.76496,37.02466],[127.76466,37.02475],[127.76454,37.02479],[127.76449,37.02482],[127.7644,37.02488],[127.76336,37.02587],[127.76279,37.02661],[127.76268,37.02678],[127.76225,37.02733],[127.76211,37.02748],[127.76207,37.02752],[127.76125,37.02797],[127.76116,37.02799],[127.76107,37.02801],[127.761,37.02801],[127.76091,37.028],[127.76076,37.02798],[127.75967,37.02777],[127.7595,37.02772],[127.7594,37.02767],[127.75934,37.02762],[127.75929,37.02755],[127.75923,37.02742],[127.75889,37.02628],[127.75888,37.02611],[127.75889,37.02587],[127.75895,37.02555],[127.75896,37.02518],[127.75894,37.02507],[127.75891,37.02502],[127.75646,37.02242],[127.75621,37.02219],[127.75602,37.02204],[127.75358,37.02039],[127.75267,37.01977],[127.75244,37.01965],[127.75227,37.01959],[127.7522,37.01956],[127.75206,37.01955],[127.75202,37.01956],[127.75196,37.01956],[127.75177,37.01961],[127.75124,37.01978],[127.75085,37.01997],[127.75053,37.02014],[127.75033,37.0203],[127.75011,37.02054],[127.74996,37.02072],[127.74986,37.02089],[127.74726,37.02589],[127.74688,37.02665],[127.74686,37.02672],[127.74685,37.02679],[127.74686,37.02725],[127.74687,37.02734],[127.7469,37.02741],[127.74696,37.0275],[127.74711,37.02768],[127.74719,37.02776],[127.74721,37.02782],[127.74722,37.02786],[127.74722,37.02797],[127.74721,37.02815],[127.74718,37.02829],[127.74708,37.02855],[127.74697,37.02874],[127.74682,37.02896],[127.74567,37.03044],[127.74503,37.03111],[127.74287,37.03278],[127.74272,37.03288],[127.7426,37.03294],[127.74246,37.03301],[127.7394,37.03434],[127.73929,37.03437],[127.73914,37.03438],[127.73841,37.03439],[127.73826,37.03438],[127.73812,37.03436],[127.73803,37.03435],[127.73791,37.03432],[127.7348,37.03404],[127.73344,37.0344],[127.73132,37.03529],[127.72833,37.03508],[127.72489,37.03475],[127.72484,37.03474],[127.72476,37.03469],[127.72451,37.03446],[127.72411,37.03407],[127.72352,37.03339],[127.72343,37.03329],[127.72338,37.03327],[127.72333,37.03325],[127.72329,37.03325],[127.72321,37.03325],[127.72209,37.03327],[127.72003,37.03351],[127.71974,37.03355],[127.71619,37.03293],[127.71276,37.03191],[127.70817,37.03185],[127.70717,37.03195],[127.70709,37.03198],[127.70698,37.03202],[127.70687,37.03208],[127.70676,37.03216],[127.70602,37.03266],[127.70425,37.03336],[127.70411,37.0334],[127.70404,37.03342],[127.69817,37.03407],[127.69799,37.03408],[127.69784,37.03409],[127.69772,37.03409],[127.69547,37.03402],[127.69527,37.034],[127.69484,37.03393],[127.694,37.0337],[127.69394,37.03368],[127.69384,37.03361],[127.69215,37.03236],[127.69185,37.03212],[127.69158,37.03189],[127.69143,37.03174],[127.69132,37.03162],[127.69104,37.03118],[127.69072,37.03067],[127.69056,37.0304],[127.69051,37.03034],[127.69046,37.03031],[127.69043,37.0303],[127.69018,37.03037],[127.6836,37.03234],[127.68234,37.03272],[127.68219,37.03277],[127.67946,37.03378],[127.67681,37.03475],[127.67654,37.03485],[127.67645,37.03487],[127.67622,37.0349],[127.67591,37.03493],[127.67576,37.03494],[127.67547,37.03496],[127.6746,37.03501],[127.67284,37.03497],[127.67221,37.0349],[127.67134,37.03472],[127.67164,37.03482],[127.67148,37.03998],[127.67136,37.04028],[127.67159,37.04021],[127.6718,37.04022],[127.67188,37.04023],[127.67198,37.04024],[127.67212,37.0403],[127.67349,37.04166],[127.6736,37.04178],[127.67377,37.04195],[127.67419,37.04245],[127.67442,37.04273],[127.67458,37.04294],[127.67472,37.04314],[127.67494,37.04347],[127.67506,37.0436],[127.67515,37.04369],[127.67603,37.04445],[127.67627,37.04463],[127.67633,37.04467],[127.67638,37.04468],[127.67645,37.0447],[127.67673,37.04473],[127.67697,37.04475],[127.67819,37.04486],[127.67831,37.04486],[127.67842,37.04485],[127.67845,37.04485],[127.67849,37.04484],[127.67861,37.0448],[127.67878,37.04472],[127.67895,37.04463],[127.6793,37.04448],[127.67939,37.04445],[127.67943,37.04444],[127.67948,37.04444],[127.67953,37.04444],[127.67961,37.04444],[127.6797,37.04444],[127.6799,37.04446],[127.68025,37.04454],[127.68046,37.0446],[127.68062,37.04464],[127.68082,37.04471],[127.68119,37.04487],[127.68564,37.04709],[127.68577,37.04719],[127.6858,37.04721],[127.68583,37.04724],[127.68591,37.04733],[127.68597,37.04739],[127.68648,37.04801],[127.68893,37.05137],[127.68917,37.05455],[127.68916,37.05461],[127.68916,37.05466],[127.68918,37.05476],[127.6892,37.05484],[127.68928,37.05497],[127.68956,37.05533],[127.68985,37.05563],[127.69017,37.05597],[127.69037,37.0562],[127.69039,37.05624],[127.69043,37.0563],[127.69048,37.05642],[127.69053,37.05656],[127.69057,37.05673],[127.69064,37.05709],[127.69067,37.05735],[127.69067,37.05745],[127.69028,37.05953],[127.68899,37.06572],[127.68737,37.07147],[127.68681,37.07303],[127.68678,37.07308],[127.68676,37.07314],[127.68673,37.07319],[127.68671,37.07323],[127.68667,37.07326],[127.68521,37.07447],[127.6851,37.07455],[127.68497,37.07465],[127.68473,37.0748],[127.68458,37.07488],[127.68446,37.07495],[127.68424,37.07502],[127.68395,37.07513],[127.68387,37.07517],[127.6838,37.07521],[127.6837,37.07527],[127.68356,37.07537],[127.68346,37.07545],[127.68341,37.07551],[127.68337,37.07557],[127.68331,37.07566],[127.68326,37.07573],[127.6832,37.07587],[127.68318,37.07593],[127.68316,37.07598],[127.68314,37.07612],[127.68314,37.07623],[127.68316,37.07632],[127.68319,37.07646],[127.68379,37.07832],[127.68381,37.07839],[127.68383,37.07843],[127.68386,37.07846],[127.68649,37.08069],[127.68654,37.08071],[127.68668,37.08077],[127.68689,37.08083],[127.68706,37.08087],[127.68717,37.0809],[127.68726,37.08092],[127.68743,37.08094],[127.68752,37.08095],[127.68759,37.08096],[127.68771,37.08096],[127.68785,37.08097],[127.68837,37.08097],[127.68861,37.08098],[127.68889,37.08099],[127.68926,37.08101],[127.68953,37.08102],[127.69201,37.08131],[127.69227,37.08134],[127.69231,37.08136],[127.69232,37.08139],[127.69268,37.08112],[127.69308,37.08082],[127.69343,37.08056],[127.69369,37.08041],[127.69451,37.07998],[127.69471,37.0799],[127.69721,37.07914],[127.70194,37.07829],[127.71134,37.07686],[127.71585,37.0765],[127.71592,37.07653],[127.71718,37.07698],[127.71723,37.077],[127.72221,37.07809],[127.72233,37.0781],[127.72284,37.07813],[127.72327,37.07816],[127.72471,37.07818],[127.72574,37.07818],[127.72612,37.0782],[127.72625,37.07823],[127.72639,37.07827],[127.72691,37.07855],[127.72712,37.07867],[127.72739,37.07886],[127.72758,37.079],[127.72792,37.07932],[127.7283,37.07966],[127.72834,37.07967],[127.72886,37.07967],[127.7289,37.07966],[127.73488,37.07858],[127.7385,37.07745],[127.73855,37.07743],[127.73859,37.07741],[127.7387,37.07734],[127.73876,37.07729],[127.73911,37.07692],[127.73928,37.07664],[127.73979,37.07605],[127.73982,37.07602],[127.73987,37.07598],[127.73996,37.07594],[127.74008,37.07589],[127.74028,37.07583],[127.74231,37.07534],[127.74238,37.07532],[127.74257,37.0753],[127.74272,37.0753],[127.74279,37.07531],[127.74307,37.07535],[127.74316,37.07537],[127.7493,37.07711],[127.75279,37.07852],[127.756,37.07935],[127.75606,37.07937],[127.75612,37.07938],[127.76341,37.07964],[127.7635,37.07962],[127.76354,37.0796],[127.767,37.07694],[127.77167,37.0746],[127.77179,37.07454],[127.77194,37.07449],[127.77209,37.07446],[127.77221,37.07444],[127.77292,37.07435],[127.77301,37.07434],[127.7734,37.07434],[127.77359,37.07434],[127.77365,37.07433],[127.77375,37.07432],[127.77386,37.0743],[127.77394,37.07428],[127.77403,37.07423],[127.77413,37.07417],[127.77422,37.0741],[127.77432,37.07398],[127.77437,37.07387],[127.77442,37.07377],[127.77576,37.07083],[127.77589,37.07047],[127.77596,37.07029],[127.77606,37.06997],[127.7761,37.06984],[127.7762,37.06943],[127.77632,37.06893],[127.77634,37.06888],[127.77636,37.06885],[127.77644,37.06882],[127.77822,37.06826],[127.77843,37.06819],[127.77855,37.06816],[127.77869,37.06813],[127.7789,37.06809],[127.77904,37.06806],[127.77924,37.06804],[127.77943,37.06803],[127.77954,37.06802],[127.77972,37.06802],[127.77986,37.06802],[127.78002,37.06804],[127.78016,37.06808],[127.78024,37.06812],[127.78039,37.06821],[127.78044,37.06827],[127.78052,37.06836],[127.78058,37.06845],[127.78061,37.06853],[127.78063,37.06865],[127.78068,37.06884],[127.78071,37.06894],[127.78077,37.06904],[127.78087,37.06916],[127.78107,37.06931],[127.78135,37.06951],[127.78163,37.06971],[127.78198,37.06993],[127.78221,37.07004],[127.78596,37.07164],[127.78616,37.07173],[127.78638,37.07178],[127.78659,37.07183],[127.78675,37.07186],[127.78688,37.07185],[127.78705,37.07185],[127.78924,37.07168],[127.78947,37.07164],[127.78974,37.07158],[127.79028,37.07143],[127.79144,37.07109],[127.79169,37.07101],[127.79196,37.0709],[127.7921,37.07084],[127.79225,37.07075],[127.79233,37.07069],[127.79282,37.07029],[127.79429,37.06952],[127.79439,37.06948],[127.7945,37.06945],[127.79457,37.06945],[127.79464,37.06948],[127.79552,37.06996],[127.79565,37.07003],[127.79592,37.07018],[127.79647,37.07051],[127.7966,37.07061],[127.79661,37.07064],[127.79663,37.07072],[127.79663,37.07084],[127.79661,37.07117],[127.79662,37.07124],[127.79666,37.07134],[127.79679,37.07155],[127.79711,37.07203],[127.79724,37.0722],[127.79738,37.07237],[127.79768,37.07258],[127.79788,37.07269],[127.79833,37.07293],[127.79846,37.07298],[127.79858,37.073],[127.80085,37.0732],[127.80461,37.07348],[127.80535,37.07339],[127.80874,37.07231],[127.8134,37.07026],[127.81829,37.06895],[127.82167,37.06824],[127.82191,37.0682],[127.82206,37.06819],[127.82225,37.0682]]]]}},{"type":"Feature","properties":{"code":"43130370","name":"앙성면","parent":"43130"},"geometry":{"type":"MultiPolygon","coordinates":[[[[127.74792,37.21668],[127.74728,37.21548],[127.74712,37.21525],[127.74685,37.21488],[127.74626,37.21415],[127.7456,37.21334],[127.745,37.21263],[127.74478,37.21234],[127.74447,37.21192],[127.74437,37.21174],[127.74423,37.21147],[127.74412,37.21123],[127.74403,37.21097],[127.74396,37.21074],[127.74387,37.21037],[127.74386,37.21014],[127.74385,37.2101],[127.74389,37.2099],[127.74394,37.20959],[127.74402,37.20929],[127.74418,37.2088],[127.74419,37.20878],[127.74447,37.20803],[127.74478,37.20722],[127.74511,37.20647],[127.74523,37.2062],[127.74555,37.20551],[127.74584,37.20489],[127.74597,37.20462],[127.7462,37.20414],[127.74642,37.20369],[127.74682,37.20288],[127.74695,37.20244],[127.74847,37.19693],[127.75047,37.18971],[127.75086,37.18822],[127.75122,37.18667],[127.75164,37.18481],[127.7518,37.1841],[127.75185,37.18388],[127.75187,37.18374],[127.75188,37.18365],[127.7519,37.18353],[127.75211,37.18268],[127.75228,37.18199],[127.75394,37.17616],[127.75457,37.17473],[127.75468,37.17446],[127.75503,37.17375],[127.75596,37.17214],[127.75636,37.1715],[127.76159,37.16396],[127.76192,37.16349],[127.76254,37.16261],[127.76283,37.16224],[127.76348,37.16142],[127.76375,37.16114],[127.76384,37.16104],[127.76463,37.1602],[127.76489,37.15992],[127.76542,37.15939],[127.76576,37.15909],[127.7673,37.1578],[127.76784,37.15735],[127.76816,37.15712],[127.76844,37.15693],[127.76877,37.15671],[127.76912,37.15649],[127.76974,37.15613],[127.77044,37.15573],[127.77081,37.15553],[127.77128,37.15531],[127.77525,37.15342],[127.77572,37.15321],[127.77621,37.15301],[127.77676,37.15285],[127.77687,37.15282],[127.7774,37.1527],[127.77961,37.15214],[127.78075,37.15185],[127.78123,37.15172],[127.78158,37.15158],[127.78187,37.15146],[127.78219,37.1513],[127.78253,37.15111],[127.78348,37.15047],[127.78402,37.15007],[127.78484,37.14935],[127.78567,37.14859],[127.78581,37.14845],[127.78641,37.14785],[127.78672,37.1475],[127.78675,37.14746],[127.78701,37.14713],[127.78758,37.14639],[127.7882,37.14564],[127.78852,37.14526],[127.78873,37.145],[127.78924,37.14453],[127.78951,37.1444],[127.7907,37.14252],[127.79113,37.14179],[127.79153,37.14106],[127.79213,37.13985],[127.79224,37.13959],[127.79235,37.1393],[127.7928,37.13811],[127.79303,37.13747],[127.79376,37.13522],[127.79496,37.132],[127.79747,37.12581],[127.79761,37.12554],[127.79783,37.12527],[127.79932,37.12343],[127.7997,37.12298],[127.80039,37.12218],[127.8013,37.12123],[127.80212,37.12042],[127.8033,37.1193],[127.80381,37.11888],[127.80391,37.11879],[127.80538,37.11776],[127.80553,37.11767],[127.8063,37.11721],[127.807,37.1168],[127.80948,37.1155],[127.81093,37.11485],[127.81194,37.11441],[127.81293,37.11405],[127.81589,37.11306],[127.81628,37.11295],[127.81697,37.11279],[127.81774,37.11267],[127.81819,37.11263],[127.81905,37.11262],[127.81931,37.11263],[127.81966,37.11261],[127.81999,37.11255],[127.82061,37.11236],[127.82094,37.11224],[127.82124,37.11209],[127.82155,37.1119],[127.82184,37.11166],[127.82251,37.111],[127.82297,37.11052],[127.82315,37.1103],[127.82334,37.11003],[127.82337,37.10998],[127.82347,37.10981],[127.82362,37.10951],[127.82372,37.10928],[127.82381,37.10899],[127.82387,37.10864],[127.82389,37.10829],[127.82389,37.10786],[127.82384,37.10758],[127.82376,37.10725],[127.82366,37.10692],[127.82352,37.10652],[127.8234,37.10625],[127.82319,37.10585],[127.82307,37.10555],[127.823,37.10525],[127.82283,37.10431],[127.82253,37.10191],[127.82247,37.10119],[127.82247,37.10084],[127.82251,37.1003],[127.82256,37.10006],[127.82265,37.09975],[127.82283,37.09933],[127.823,37.09894],[127.82602,37.09313],[127.82638,37.09244],[127.82679,37.09169],[127.82713,37.09112],[127.82752,37.09057],[127.82863,37.08911],[127.82896,37.08869],[127.82921,37.08841],[127.82967,37.08798],[127.83001,37.08769],[127.83031,37.08744],[127.83058,37.08726],[127.83087,37.08711],[127.83174,37.0867],[127.83204,37.08657],[127.83234,37.08645],[127.8329,37.08621],[127.83303,37.08616],[127.83289,37.08378],[127.83286,37.08307],[127.83284,37.08267],[127.8329,37.0822],[127.83354,37.08135],[127.83396,37.07986],[127.83397,37.07969],[127.83396,37.07961],[127.8339,37.07944],[127.83387,37.07934],[127.83139,37.07553],[127.82792,37.07152],[127.82778,37.07141],[127.82757,37.07131],[127.82734,37.07124],[127.82688,37.07115],[127.82656,37.07105],[127.82581,37.07072],[127.82523,37.07044],[127.82454,37.07009],[127.82435,37.06998],[127.82425,37.0699],[127.82283,37.06878],[127.82275,37.06872],[127.82225,37.0682],[127.82206,37.06819],[127.82191,37.0682],[127.82167,37.06824],[127.81829,37.06895],[127.8134,37.07026],[127.80874,37.07231],[127.80535,37.07339],[127.80461,37.07348],[127.80085,37.0732],[127.79858,37.073],[127.79846,37.07298],[127.79833,37.07293],[127.79788,37.07269],[127.79768,37.07258],[127.79738,37.07237],[127.79724,37.0722],[127.79711,37.07203],[127.79679,37.07155],[127.79666,37.07134],[127.79662,37.07124],[127.79661,37.07117],[127.79663,37.07084],[127.79663,37.07072],[127.79661,37.07064],[127.7966,37.07061],[127.79647,37.07051],[127.79592,37.07018],[127.79565,37.07003],[127.79552,37.06996],[127.79464,37.06948],[127.79457,37.06945],[127.7945,37.06945],[127.79439,37.06948],[127.79429,37.06952],[127.79282,37.07029],[127.79233,37.07069],[127.79225,37.07075],[127.7921,37.07084],[127.79196,37.0709],[127.79169,37.07101],[127.79144,37.07109],[127.79028,37.07143],[127.78974,37.07158],[127.78947,37.07164],[127.78924,37.07168],[127.78705,37.07185],[127.78688,37.07185],[127.78675,37.07186],[127.78659,37.07183],[127.78638,37.07178],[127.78616,37.07173],[127.78596,37.07164],[127.78221,37.07004],[127.78198,37.06993],[127.78163,37.06971],[127.78135,37.06951],[127.78107,37.06931],[127.78087,37.06916],[127.78077,37.06904],[127.78071,37.06894],[127.78068,37.06884],[127.78063,37.06865],[127.78061,37.06853],[127.78058,37.06845],[127.78052,37.06836],[127.78044,37.06827],[127.78039,37.06821],[127.78024,37.06812],[127.78016,37.06808],[127.78002,37.06804],[127.77986,37.06802],[127.77972,37.06802],[127.77954,37.06802],[127.77943,37.06803],[127.77924,37.06804],[127.77904,37.06806],[127.7789,37.06809],[127.77869,37.06813],[127.77855,37.06816],[127.77843,37.06819],[127.77822,37.06826],[127.77644,37.06882],[127.77636,37.06885],[127.77634,37.06888],[127.77632,37.06893],[127.7762,37.06943],[127.7761,37.06984],[127.77606,37.06997],[127.77596,37.07029],[127.77589,37.07047],[127.77576,37.07083],[127.77442,37.07377],[127.77437,37.07387],[127.77432,37.07398],[127.77422,37.0741],[127.77413,37.07417],[127.77403,37.07423],[127.77394,37.07428],[127.77386,37.0743],[127.77375,37.07432],[127.77365,37.07433],[127.77359,37.07434],[127.7734,37.07434],[127.77301,37.07434],[127.77292,37.07435],[127.77221,37.07444],[127.77209,37.07446],[127.77194,37.07449],[127.77179,37.07454],[127.77167,37.0746],[127.767,37.07694],[127.76354,37.0796],[127.7635,37.07962],[127.76341,37.07964],[127.75612,37.07938],[127.75606,37.07937],[127.756,37.07935],[127.75279,37.07852],[127.7493,37.07711],[127.74316,37.07537],[127.74307,37.07535],[127.74279,37.07531],[127.74272,37.0753],[127.74257,37.0753],[127.74238,37.07532],[127.74231,37.07534],[127.74028,37.07583],[127.74008,37.07589],[127.73996,37.07594],[127.73987,37.07598],[127.73982,37.07602],[127.73979,37.07605],[127.73928,37.07664],[127.73911,37.07692],[127.73876,37.07729],[127.7387,37.07734],[127.73859,37.07741],[127.73855,37.07743],[127.7385,37.07745],[127.73488,37.07858],[127.7289,37.07966],[127.72886,37.07967],[127.72834,37.07967],[127.7283,37.07966],[127.72792,37.07932],[127.72758,37.079],[127.72739,37.07886],[127.72712,37.07867],[127.72691,37.07855],[127.72639,37.07827],[127.72625,37.07823],[127.72612,37.0782],[127.72574,37.07818],[127.72471,37.07818],[127.72327,37.07816],[127.72284,37.07813],[127.72233,37.0781],[127.72221,37.07809],[127.71723,37.077],[127.71718,37.07698],[127.71592,37.07653],[127.71585,37.0765],[127.71134,37.07686],[127.70194,37.07829],[127.69721,37.07914],[127.69471,37.0799],[127.69451,37.07998],[127.69369,37.08041],[127.69343,37.08056],[127.69308,37.08082],[127.69268,37.08112],[127.69232,37.08139],[127.69239,37.08229],[127.69241,37.08262],[127.69245,37.08286],[127.69252,37.08308],[127.693,37.08453],[127.69302,37.08457],[127.69311,37.08473],[127.69331,37.08509],[127.69336,37.08518],[127.69344,37.08531],[127.69363,37.08554],[127.69377,37.08568],[127.69405,37.08592],[127.69493,37.08667],[127.69894,37.09137],[127.69939,37.09212],[127.6999,37.09439],[127.70002,37.09542],[127.70001,37.09554],[127.69999,37.09558],[127.6984,37.09798],[127.69837,37.09802],[127.69921,37.09964],[127.70077,37.10184],[127.70199,37.10313],[127.70537,37.10498],[127.70576,37.10515],[127.70611,37.10527],[127.70695,37.10548],[127.70714,37.10552],[127.70733,37.10557],[127.70758,37.1056],[127.70767,37.1056],[127.70779,37.1056],[127.70791,37.10559],[127.70806,37.10558],[127.70821,37.10557],[127.70881,37.10555],[127.71056,37.10586],[127.71104,37.10596],[127.71252,37.10654],[127.71263,37.10668],[127.71272,37.10684],[127.71272,37.10688],[127.7127,37.10699],[127.71266,37.10707],[127.71255,37.10722],[127.71251,37.10734],[127.71248,37.10752],[127.71247,37.10775],[127.71251,37.10797],[127.71265,37.10848],[127.71269,37.10853],[127.71406,37.10949],[127.71486,37.10992],[127.71787,37.11043],[127.72026,37.11082],[127.7206,37.11087],[127.72078,37.11097],[127.72095,37.11114],[127.72101,37.11121],[127.72271,37.11469],[127.72272,37.11474],[127.72275,37.11583],[127.72209,37.12085],[127.72207,37.12089],[127.722,37.12103],[127.72194,37.12111],[127.7207,37.12263],[127.72024,37.12305],[127.71798,37.12484],[127.7179,37.12489],[127.71783,37.12495],[127.71763,37.12505],[127.71745,37.12512],[127.71711,37.1252],[127.71642,37.12532],[127.71608,37.12538],[127.71542,37.12538],[127.71475,37.12537],[127.71452,37.12539],[127.71441,37.12543],[127.71432,37.12549],[127.71176,37.12758],[127.71168,37.12768],[127.71065,37.12932],[127.71051,37.12959],[127.70993,37.13077],[127.70987,37.13105],[127.7099,37.13121],[127.70993,37.13124],[127.71,37.13133],[127.71035,37.13169],[127.71048,37.13185],[127.71063,37.13203],[127.71069,37.13223],[127.71066,37.13241],[127.71032,37.13357],[127.71025,37.13374],[127.70931,37.13514],[127.70876,37.13583],[127.70717,37.13657],[127.7061,37.13705],[127.706,37.13705],[127.70568,37.13698],[127.70553,37.13691],[127.70544,37.13686],[127.70513,37.13686],[127.69874,37.13828],[127.69688,37.13922],[127.69612,37.13975],[127.69587,37.13995],[127.6956,37.14024],[127.69543,37.14045],[127.69467,37.14219],[127.69431,37.14301],[127.69403,37.14407],[127.69407,37.14509],[127.69414,37.14652],[127.69416,37.14655],[127.69418,37.14657],[127.6942,37.14661],[127.69422,37.14666],[127.69424,37.1467],[127.69426,37.14674],[127.69428,37.14677],[127.69429,37.14681],[127.69431,37.14684],[127.69432,37.14687],[127.69434,37.14691],[127.69435,37.14694],[127.69437,37.14698],[127.69438,37.14702],[127.69439,37.14705],[127.6944,37.14708],[127.69441,37.14712],[127.69442,37.14716],[127.69442,37.14719],[127.69443,37.14723],[127.69443,37.14726],[127.69443,37.1473],[127.69444,37.14734],[127.69444,37.14738],[127.69444,37.14742],[127.69444,37.14746],[127.69444,37.14752],[127.69444,37.14916],[127.69444,37.1492],[127.69444,37.14924],[127.69444,37.14931],[127.69444,37.14935],[127.69443,37.1494],[127.69443,37.14944],[127.69443,37.14949],[127.69442,37.14955],[127.69442,37.1496],[127.69441,37.14964],[127.69486,37.15059],[127.6958,37.15192],[127.69584,37.15198],[127.69589,37.15205],[127.69594,37.1521],[127.69599,37.15216],[127.69603,37.15219],[127.69605,37.15222],[127.69609,37.15225],[127.69612,37.15227],[127.69618,37.15232],[127.69626,37.15236],[127.69633,37.15241],[127.69642,37.15245],[127.69651,37.15249],[127.69657,37.15251],[127.6966,37.15252],[127.6967,37.15256],[127.69677,37.15258],[127.69681,37.15259],[127.69693,37.15263],[127.69697,37.15264],[127.69701,37.15265],[127.69705,37.15266],[127.69717,37.1527],[127.69731,37.15273],[127.69743,37.15277],[127.69748,37.15278],[127.69758,37.15281],[127.69772,37.15284],[127.69787,37.15288],[127.69791,37.15289],[127.698,37.15291],[127.69804,37.15292],[127.69814,37.15294],[127.69827,37.15298],[127.69841,37.15301],[127.69855,37.15304],[127.6987,37.15308],[127.69885,37.15312],[127.69894,37.15314],[127.69901,37.15316],[127.69917,37.15321],[127.69935,37.15326],[127.69945,37.15329],[127.69953,37.15331],[127.6997,37.15337],[127.69989,37.15343],[127.70007,37.15349],[127.70025,37.15355],[127.70042,37.15362],[127.70057,37.15368],[127.70071,37.15375],[127.70084,37.15381],[127.70095,37.15387],[127.70106,37.15394],[127.70116,37.15401],[127.7012,37.15403],[127.70125,37.15407],[127.70135,37.15414],[127.70146,37.15422],[127.70154,37.15428],[127.70164,37.15435],[127.70167,37.15438],[127.70173,37.15443],[127.70183,37.1545],[127.70237,37.15491],[127.70241,37.15494],[127.70244,37.15497],[127.70247,37.15499],[127.70249,37.15501],[127.70252,37.15503],[127.70255,37.15505],[127.70259,37.15509],[127.70263,37.15513],[127.70399,37.15649],[127.70462,37.15926],[127.70496,37.16226],[127.70497,37.16229],[127.70498,37.16233],[127.705,37.16237],[127.705,37.16239],[127.70501,37.16243],[127.70502,37.16245],[127.70503,37.16248],[127.70504,37.16254],[127.70505,37.16257],[127.70506,37.16262],[127.70508,37.16266],[127.70508,37.16269],[127.70509,37.16272],[127.7051,37.16275],[127.7051,37.16278],[127.70511,37.16283],[127.70512,37.16287],[127.70512,37.16291],[127.70512,37.16294],[127.70513,37.16297],[127.70513,37.163],[127.70513,37.16304],[127.70513,37.16307],[127.70514,37.16311],[127.70514,37.16314],[127.70516,37.16374],[127.70516,37.16378],[127.70505,37.16522],[127.70505,37.16526],[127.70504,37.16529],[127.70504,37.16533],[127.70503,37.16538],[127.70502,37.16544],[127.70501,37.16547],[127.705,37.16551],[127.70499,37.16555],[127.70483,37.16615],[127.70481,37.1662],[127.70479,37.16624],[127.70477,37.16627],[127.70475,37.1663],[127.70472,37.16633],[127.7047,37.16635],[127.70467,37.16637],[127.70465,37.1664],[127.70463,37.16642],[127.7046,37.16645],[127.70458,37.1665],[127.70457,37.16654],[127.70458,37.16658],[127.70458,37.16661],[127.70458,37.16664],[127.70482,37.16729],[127.70483,37.16732],[127.70485,37.16736],[127.70487,37.1674],[127.70572,37.16858],[127.70575,37.16862],[127.70577,37.16865],[127.70579,37.16867],[127.70696,37.17044],[127.70699,37.17048],[127.7071,37.17063],[127.70713,37.17066],[127.70716,37.17069],[127.70721,37.17072],[127.70741,37.17081],[127.70745,37.17083],[127.70748,37.17084],[127.70753,37.17085],[127.70757,37.17087],[127.7076,37.17088],[127.70764,37.17089],[127.70767,37.1709],[127.70773,37.17091],[127.70777,37.17092],[127.70782,37.17092],[127.70787,37.1709],[127.70791,37.17088],[127.70795,37.17086],[127.708,37.17085],[127.70804,37.17083],[127.70825,37.17075],[127.70831,37.17073],[127.70836,37.17072],[127.70842,37.17071],[127.70848,37.1707],[127.70853,37.1707],[127.70858,37.17071],[127.70861,37.17072],[127.70865,37.17074],[127.70868,37.17077],[127.70871,37.17079],[127.70875,37.17083],[127.70878,37.17086],[127.70881,37.17089],[127.70884,37.17092],[127.70967,37.17211],[127.70969,37.17215],[127.70971,37.17219],[127.70971,37.17222],[127.70972,37.17225],[127.70972,37.1723],[127.70972,37.17233],[127.70972,37.17238],[127.70972,37.17271],[127.71025,37.17455],[127.71062,37.17589],[127.71097,37.17642],[127.71101,37.17643],[127.71155,37.17659],[127.71181,37.1766],[127.71186,37.1766],[127.71191,37.1766],[127.71196,37.17661],[127.71201,37.17663],[127.71206,37.17665],[127.7121,37.17668],[127.71214,37.1767],[127.71217,37.17672],[127.7122,37.17674],[127.71223,37.17676],[127.71226,37.17678],[127.71228,37.1768],[127.7138,37.17843],[127.71482,37.18023],[127.71484,37.18026],[127.71484,37.18029],[127.71485,37.18033],[127.71484,37.18037],[127.71484,37.18041],[127.71483,37.18045],[127.71482,37.18048],[127.71481,37.18052],[127.71479,37.18055],[127.71478,37.18057],[127.71476,37.18061],[127.71472,37.18065],[127.71469,37.18068],[127.71467,37.18071],[127.71465,37.18073],[127.71464,37.18076],[127.71462,37.18079],[127.71461,37.18083],[127.7146,37.18085],[127.71459,37.18088],[127.71458,37.18092],[127.71458,37.18096],[127.71458,37.18099],[127.71458,37.18104],[127.7146,37.18107],[127.71548,37.18157],[127.71552,37.18158],[127.71556,37.1816],[127.71561,37.18162],[127.71566,37.18164],[127.71678,37.18272],[127.7168,37.18276],[127.71682,37.1828],[127.71684,37.18285],[127.71685,37.18287],[127.71688,37.18291],[127.71692,37.18295],[127.71696,37.183],[127.71699,37.18302],[127.71704,37.18306],[127.71707,37.18308],[127.7171,37.18311],[127.71713,37.18313],[127.71717,37.18316],[127.71721,37.18319],[127.71725,37.18322],[127.7173,37.18326],[127.71797,37.18376],[127.71799,37.18377],[127.71803,37.18379],[127.71807,37.18381],[127.71811,37.18381],[127.71814,37.18382],[127.71818,37.18382],[127.71823,37.18382],[127.71826,37.18382],[127.7183,37.18382],[127.72081,37.18347],[127.72085,37.18347],[127.7209,37.18346],[127.72094,37.18345],[127.72098,37.18344],[127.72102,37.18344],[127.72107,37.18342],[127.72111,37.18341],[127.72114,37.1834],[127.72118,37.18339],[127.72122,37.18337],[127.72126,37.18335],[127.72131,37.18332],[127.72136,37.18328],[127.72142,37.18323],[127.72147,37.18318],[127.7215,37.18316],[127.72154,37.18311],[127.72161,37.18304],[127.72168,37.18297],[127.72175,37.18289],[127.72183,37.1828],[127.72187,37.18276],[127.7219,37.18272],[127.72191,37.1827],[127.72193,37.18268],[127.72196,37.18264],[127.72203,37.18256],[127.72207,37.18251],[127.72209,37.18248],[127.72212,37.18244],[127.72215,37.18241],[127.72217,37.18238],[127.72221,37.18233],[127.72226,37.18227],[127.72231,37.1822],[127.72233,37.18218],[127.72236,37.18214],[127.72238,37.18212],[127.72241,37.18209],[127.72245,37.18204],[127.72249,37.182],[127.72254,37.18196],[127.72257,37.18193],[127.7226,37.18191],[127.72263,37.18188],[127.72268,37.18185],[127.72273,37.18182],[127.72278,37.18179],[127.72283,37.18178],[127.72288,37.18176],[127.72292,37.18176],[127.72296,37.18175],[127.72299,37.18175],[127.72304,37.18175],[127.7231,37.18176],[127.72315,37.18176],[127.72323,37.18177],[127.72331,37.18178],[127.72496,37.18204],[127.72508,37.18206],[127.72522,37.18209],[127.72535,37.18211],[127.72546,37.18214],[127.72556,37.18217],[127.7256,37.18218],[127.72572,37.18222],[127.72584,37.18226],[127.72595,37.18231],[127.72605,37.18236],[127.72615,37.18241],[127.72618,37.18243],[127.72624,37.18246],[127.72631,37.18251],[127.72638,37.18256],[127.72645,37.18261],[127.72647,37.18264],[127.7265,37.18268],[127.72655,37.18274],[127.7266,37.18282],[127.72665,37.18291],[127.72667,37.18296],[127.72669,37.183],[127.72762,37.18531],[127.72767,37.18541],[127.72809,37.18654],[127.72811,37.18658],[127.72812,37.18664],[127.72813,37.1867],[127.72814,37.18677],[127.72815,37.18682],[127.72815,37.18689],[127.72816,37.18694],[127.72817,37.18843],[127.72817,37.18846],[127.72817,37.18849],[127.72816,37.18852],[127.72815,37.18856],[127.72814,37.18858],[127.72812,37.18862],[127.7281,37.18864],[127.72808,37.18867],[127.72806,37.18871],[127.72804,37.18874],[127.72801,37.18877],[127.72799,37.1888],[127.72796,37.18885],[127.72795,37.18888],[127.72794,37.18891],[127.72792,37.18896],[127.72791,37.18901],[127.7279,37.18906],[127.72789,37.18911],[127.72789,37.18916],[127.72789,37.18922],[127.72789,37.18928],[127.7279,37.18935],[127.7279,37.1894],[127.7279,37.18944],[127.72791,37.18947],[127.72792,37.18955],[127.72793,37.18962],[127.72795,37.18971],[127.72796,37.1898],[127.72799,37.18991],[127.72802,37.19003],[127.72805,37.19015],[127.72808,37.19029],[127.72812,37.19044],[127.72815,37.19058],[127.72819,37.19073],[127.72823,37.19087],[127.72827,37.19102],[127.72831,37.19114],[127.72834,37.19125],[127.72837,37.19137],[127.7284,37.19145],[127.72843,37.19154],[127.72846,37.19161],[127.7285,37.19168],[127.72851,37.19171],[127.72854,37.19175],[127.72858,37.19181],[127.72862,37.19187],[127.73062,37.19402],[127.73276,37.19609],[127.7328,37.19613],[127.73281,37.19615],[127.73283,37.19619],[127.73284,37.19622],[127.73286,37.19627],[127.73287,37.19631],[127.73288,37.19635],[127.73288,37.19639],[127.73289,37.19644],[127.73289,37.19649],[127.7329,37.19653],[127.7329,37.1966],[127.7329,37.19666],[127.7329,37.19673],[127.73281,37.19838],[127.73257,37.19964],[127.7331,37.20166],[127.73314,37.20166],[127.73319,37.20167],[127.73322,37.20167],[127.73329,37.20168],[127.73334,37.20169],[127.73338,37.20171],[127.73341,37.20173],[127.73344,37.20175],[127.73347,37.20178],[127.7335,37.20181],[127.73352,37.20183],[127.73355,37.20186],[127.73358,37.20189],[127.7336,37.20191],[127.73362,37.20194],[127.73364,37.20196],[127.73366,37.20199],[127.73369,37.20202],[127.73371,37.20205],[127.73373,37.20208],[127.73376,37.20211],[127.7346,37.20332],[127.73553,37.20544],[127.73555,37.20548],[127.73556,37.20552],[127.73557,37.20555],[127.73557,37.20557],[127.73551,37.20671],[127.7355,37.20676],[127.73547,37.2068],[127.73545,37.20684],[127.73542,37.20686],[127.7354,37.20689],[127.73537,37.20692],[127.73534,37.20695],[127.73532,37.20697],[127.73531,37.207],[127.7353,37.20703],[127.73529,37.20708],[127.73529,37.20712],[127.73529,37.20715],[127.73534,37.2079],[127.73535,37.20794],[127.73536,37.20798],[127.73538,37.20801],[127.73539,37.20803],[127.73541,37.20807],[127.73668,37.2099],[127.7367,37.20992],[127.73673,37.20996],[127.73675,37.20998],[127.73677,37.21],[127.7368,37.21003],[127.73684,37.21005],[127.73687,37.21007],[127.73691,37.2101],[127.73696,37.21013],[127.737,37.21015],[127.73705,37.21018],[127.73711,37.21022],[127.73736,37.21036],[127.73742,37.2104],[127.73748,37.21044],[127.73755,37.21047],[127.73762,37.21051],[127.73767,37.21055],[127.73771,37.21057],[127.73774,37.21059],[127.73779,37.21061],[127.73783,37.21063],[127.73789,37.21067],[127.73793,37.21069],[127.73798,37.21071],[127.73963,37.21147],[127.74077,37.21195],[127.74409,37.21472],[127.74416,37.21474],[127.7442,37.21476],[127.74426,37.21478],[127.74433,37.21482],[127.74437,37.21483],[127.74441,37.21485],[127.74452,37.21491],[127.74461,37.21496],[127.74471,37.21503],[127.74475,37.21506],[127.74481,37.21509],[127.74484,37.21512],[127.74491,37.21517],[127.74501,37.21525],[127.74511,37.21533],[127.74514,37.21536],[127.74521,37.21541],[127.74531,37.2155],[127.74541,37.21558],[127.74548,37.21564],[127.7455,37.21567],[127.7456,37.21575],[127.74564,37.21579],[127.74569,37.21584],[127.74572,37.21586],[127.74578,37.21592],[127.74583,37.21596],[127.74587,37.216],[127.74595,37.21608],[127.74599,37.21612],[127.74603,37.21615],[127.7461,37.21622],[127.74617,37.21629],[127.74623,37.21635],[127.7463,37.21642],[127.74635,37.21647],[127.74641,37.21652],[127.74647,37.21657],[127.74653,37.21662],[127.74658,37.21665],[127.74662,37.21667],[127.74666,37.2167],[127.74672,37.21673],[127.7468,37.21676],[127.74687,37.21678],[127.7469,37.21679],[127.74695,37.2168],[127.74703,37.21681],[127.74774,37.21692],[127.74779,37.21684],[127.74792,37.21668]]]]}},{"type":"Feature","properties":{"code":"43130390","name":"금가면","parent":"43130"},"geometry":{"type":"MultiPolygon","coordinates":[[[[127.92649,37.05895],[127.93003,37.06009],[127.93046,37.05882],[127.93132,37.05557],[127.93141,37.05512],[127.93146,37.0549],[127.93134,37.0545],[127.93,37.05112],[127.92767,37.04392],[127.92678,37.04031],[127.92678,37.04028],[127.9268,37.04025],[127.92687,37.04016],[127.9269,37.04013],[127.92693,37.0401],[127.92704,37.04],[127.92711,37.03994],[127.92717,37.03991],[127.92728,37.03987],[127.92742,37.03983],[127.92752,37.03981],[127.92761,37.03979],[127.92785,37.03966],[127.92799,37.03955],[127.92886,37.03857],[127.92918,37.03764],[127.92924,37.03738],[127.9294,37.0367],[127.92939,37.03665],[127.92935,37.03633],[127.92903,37.0352],[127.92848,37.03332],[127.92845,37.03328],[127.92837,37.03319],[127.92833,37.03317],[127.92829,37.03317],[127.92725,37.03322],[127.92709,37.03324],[127.92691,37.03329],[127.92673,37.03335],[127.92647,37.03343],[127.92629,37.03348],[127.92617,37.0335],[127.92599,37.03351],[127.92583,37.03351],[127.92142,37.03329],[127.91865,37.03279],[127.91721,37.03189],[127.91711,37.03185],[127.91671,37.03183],[127.91433,37.03189],[127.91159,37.03199],[127.90913,37.03232],[127.90909,37.03232],[127.90898,37.03224],[127.90893,37.03219],[127.90801,37.03108],[127.90793,37.03094],[127.90784,37.03077],[127.90738,37.02906],[127.9074,37.02893],[127.90741,37.02888],[127.90743,37.02882],[127.90776,37.02774],[127.90892,37.02439],[127.90972,37.02288],[127.90977,37.0228],[127.90989,37.0227],[127.91002,37.02262],[127.91015,37.02254],[127.91036,37.02245],[127.91725,37.02041],[127.91735,37.02039],[127.91929,37.02009],[127.91888,37.01994],[127.91838,37.01975],[127.9177,37.01942],[127.91716,37.01915],[127.91606,37.01854],[127.91507,37.01798],[127.91374,37.0172],[127.91343,37.017],[127.91301,37.0167],[127.9128,37.01652],[127.91237,37.01611],[127.91204,37.01575],[127.91157,37.01518],[127.91125,37.01476],[127.91094,37.01428],[127.91088,37.01417],[127.91084,37.01402],[127.91085,37.01374],[127.91089,37.01346],[127.911,37.01307],[127.9112,37.01251],[127.91156,37.0116],[127.91172,37.01118],[127.9118,37.01086],[127.91185,37.01063],[127.91192,37.01022],[127.91196,37.00997],[127.91227,37.00638],[127.91228,37.00595],[127.91226,37.00531],[127.91217,37.00425],[127.91209,37.00377],[127.91187,37.00246],[127.91171,37.00193],[127.91161,37.00164],[127.91149,37.00137],[127.9113,37.00099],[127.91115,37.00075],[127.91092,37.0004],[127.91072,37.00012],[127.91043,36.99978],[127.90899,36.99808],[127.90851,36.99756],[127.90846,36.9975],[127.90577,36.99473],[127.90484,36.99378],[127.90193,36.99121],[127.90157,36.9909],[127.90133,36.99074],[127.90119,36.99064],[127.90112,36.99062],[127.89782,36.98959],[127.89635,36.98951],[127.8961,36.98952],[127.89538,36.98958],[127.89307,36.98983],[127.89029,36.99013],[127.88968,36.99021],[127.88926,36.99027],[127.88897,36.99033],[127.88864,36.99047],[127.88843,36.99062],[127.88814,36.99089],[127.88472,36.99425],[127.87765,37.00147],[127.8764,37.00287],[127.87634,37.00295],[127.87617,37.0032],[127.87341,37.00773],[127.87313,37.0082],[127.8726,37.00915],[127.87179,37.01067],[127.87138,37.01149],[127.8709,37.01249],[127.87057,37.0133],[127.8696,37.01586],[127.86933,37.01665],[127.86912,37.01733],[127.86882,37.01827],[127.86823,37.02007],[127.86773,37.02144],[127.86724,37.02266],[127.86698,37.02329],[127.86681,37.02368],[127.86654,37.02424],[127.8663,37.02465],[127.86568,37.0256],[127.86531,37.02614],[127.86485,37.02676],[127.86449,37.02723],[127.86422,37.02758],[127.8641,37.02772],[127.86396,37.02786],[127.86363,37.02818],[127.86282,37.02896],[127.86167,37.03017],[127.86094,37.03097],[127.85984,37.03221],[127.85952,37.03261],[127.85933,37.03288],[127.85916,37.03315],[127.85892,37.03364],[127.8589,37.03368],[127.85867,37.03419],[127.85846,37.03485],[127.85805,37.03648],[127.85803,37.0368],[127.85804,37.03719],[127.85807,37.03739],[127.85813,37.03761],[127.85822,37.03783],[127.85832,37.03799],[127.85858,37.03833],[127.85881,37.0386],[127.85914,37.03892],[127.86031,37.04001],[127.86529,37.04429],[127.86575,37.04468],[127.86674,37.04548],[127.867,37.04565],[127.86724,37.04581],[127.86761,37.04603],[127.86792,37.0462],[127.86811,37.04628],[127.86847,37.04643],[127.86873,37.04653],[127.86992,37.04694],[127.87088,37.04724],[127.87111,37.04732],[127.87219,37.04767],[127.8737,37.04822],[127.87472,37.04862],[127.87561,37.04896],[127.87639,37.04932],[127.87676,37.04949],[127.87902,37.0506],[127.87987,37.05102],[127.88023,37.05121],[127.88066,37.05146],[127.881,37.05166],[127.88209,37.05234],[127.88229,37.05248],[127.88275,37.05286],[127.88342,37.05343],[127.88371,37.05371],[127.8844,37.05439],[127.88465,37.05466],[127.88478,37.05481],[127.88495,37.05499],[127.88536,37.05548],[127.8857,37.05591],[127.88608,37.05641],[127.88642,37.05687],[127.88688,37.05757],[127.88702,37.05781],[127.88742,37.05847],[127.8877,37.05897],[127.88806,37.05966],[127.88859,37.06072],[127.88893,37.06145],[127.88902,37.0617],[127.88912,37.06198],[127.88918,37.06223],[127.8892,37.06238],[127.88919,37.0626],[127.88916,37.06285],[127.88908,37.06321],[127.88902,37.06341],[127.89008,37.06364],[127.89021,37.06369],[127.89035,37.06377],[127.89046,37.06387],[127.89059,37.06402],[127.89084,37.06435],[127.89098,37.06455],[127.89128,37.06492],[127.89139,37.06506],[127.89151,37.06519],[127.89294,37.06633],[127.89303,37.0664],[127.89309,37.06645],[127.89442,37.06735],[127.89458,37.06743],[127.89478,37.06751],[127.89496,37.06757],[127.8951,37.0676],[127.89533,37.06762],[127.89554,37.06764],[127.89707,37.06788],[127.89868,37.06815],[127.89883,37.06819],[127.89898,37.06824],[127.89914,37.06832],[127.89986,37.06883],[127.90061,37.06939],[127.90073,37.06948],[127.90078,37.06951],[127.90086,37.06953],[127.90098,37.06957],[127.90197,37.06975],[127.90206,37.06976],[127.90215,37.06975],[127.90229,37.06974],[127.90248,37.0697],[127.90319,37.06955],[127.90471,37.06931],[127.91114,37.06861],[127.91125,37.06861],[127.91135,37.0686],[127.91142,37.06859],[127.91152,37.06855],[127.91162,37.0685],[127.91172,37.06843],[127.91779,37.06393],[127.92041,37.06066],[127.92164,37.05893],[127.92242,37.05778],[127.92248,37.05761],[127.92259,37.05709],[127.92259,37.057],[127.92258,37.0569],[127.92254,37.0568],[127.92249,37.05673],[127.92239,37.05662],[127.92236,37.05659],[127.92235,37.05655],[127.92236,37.0565],[127.92242,37.05639],[127.92252,37.05629],[127.92355,37.05553],[127.9237,37.05544],[127.92382,37.05538],[127.92396,37.05534],[127.92475,37.05523],[127.9249,37.05521],[127.92496,37.05521],[127.92501,37.05523],[127.92506,37.05526],[127.92511,37.05532],[127.92518,37.0554],[127.92545,37.05594],[127.92551,37.05608],[127.92572,37.05659],[127.92649,37.05895]]]]}},{"type":"Feature","properties":{"code":"43130400","name":"동량면","parent":"43130"},"geometry":{"type":"MultiPolygon","coordinates":[[[[128.08078,37.04872],[128.08089,37.04869],[128.08143,37.04853],[128.08169,37.04843],[128.08179,37.04839],[128.08195,37.04831],[128.08229,37.0481],[128.0824,37.04802],[128.08246,37.04796],[128.08268,37.04767],[128.08433,37.04481],[128.08444,37.04457],[128.08446,37.0445],[128.08446,37.04263],[128.08443,37.04248],[128.08441,37.0424],[128.08438,37.04234],[128.08423,37.04213],[128.08418,37.04209],[128.08409,37.04202],[128.08391,37.04191],[128.08384,37.04184],[128.08379,37.04176],[128.08374,37.04166],[128.08373,37.0416],[128.08372,37.03916],[128.08375,37.03862],[128.08377,37.0385],[128.08382,37.03832],[128.08384,37.03827],[128.08387,37.03822],[128.08429,37.03756],[128.08434,37.0375],[128.08441,37.03743],[128.08452,37.03736],[128.0849,37.03718],[128.0865,37.03504],[128.08728,37.03384],[128.08823,37.03216],[128.08828,37.03206],[128.08849,37.03157],[128.08858,37.03132],[128.0886,37.03124],[128.08861,37.03113],[128.08859,37.03104],[128.08854,37.03095],[128.08848,37.03087],[128.08839,37.03079],[128.08827,37.03072],[128.08778,37.03045],[128.08759,37.03034],[128.0875,37.03027],[128.08742,37.03021],[128.08737,37.03015],[128.08679,37.02946],[128.0866,37.02915],[128.08615,37.02832],[128.08612,37.02826],[128.08611,37.02823],[128.08612,37.02817],[128.08615,37.02808],[128.08617,37.02804],[128.08832,37.02547],[128.08879,37.0231],[128.08867,37.02309],[128.08852,37.02307],[128.08838,37.02304],[128.08811,37.02295],[128.08801,37.02291],[128.08793,37.02287],[128.08779,37.02279],[128.08773,37.02274],[128.0867,37.02183],[128.08632,37.02124],[128.08564,37.02014],[128.08561,37.02007],[128.08561,37.02003],[128.08564,37.02],[128.08571,37.01995],[128.08579,37.01991],[128.08588,37.01988],[128.08657,37.0197],[128.08675,37.01966],[128.08683,37.01963],[128.08705,37.01953],[128.08721,37.01945],[128.08732,37.01939],[128.0876,37.01921],[128.08778,37.01909],[128.08785,37.01903],[128.08871,37.01835],[128.08882,37.01825],[128.08888,37.01819],[128.0889,37.01814],[128.08892,37.01806],[128.08894,37.01795],[128.0889,37.01762],[128.08883,37.01737],[128.08879,37.01726],[128.08871,37.01707],[128.08608,37.01131],[128.08605,37.01127],[128.08504,37.01033],[128.08493,37.01025],[128.08482,37.0102],[128.08474,37.01017],[128.08458,37.01014],[128.08453,37.01014],[128.08444,37.01015],[128.08434,37.01017],[128.0839,37.01027],[128.08374,37.01029],[128.08362,37.01029],[128.08348,37.01027],[128.08343,37.01026],[128.08327,37.01018],[128.08055,37.00886],[128.07649,37.00565],[128.07646,37.00561],[128.07643,37.00554],[128.07615,37.00357],[128.07613,37.00342],[128.07607,37.00254],[128.07869,36.99874],[128.07906,36.9984],[128.07915,36.99832],[128.07976,36.99799],[128.08105,36.9977],[128.08208,36.99719],[128.08334,36.99626],[128.08364,36.99588],[128.08372,36.99549],[128.08389,36.99394],[128.08431,36.99082],[128.08484,36.99036],[128.08553,36.99016],[128.08734,36.99001],[128.08889,36.98998],[128.08926,36.98997],[128.08961,36.9899],[128.09011,36.9897],[128.09081,36.98901],[128.09012,36.98489],[128.08859,36.97758],[128.08782,36.97476],[128.08713,36.97284],[128.08676,36.97128],[128.08657,36.96818],[128.08668,36.96508],[128.08703,36.96198],[128.08744,36.95944],[128.08853,36.95588],[128.08873,36.95436],[128.08864,36.95272],[128.08812,36.95196],[128.08714,36.95122],[128.0862,36.95082],[128.08511,36.95048],[128.08391,36.95036],[128.08221,36.95047],[128.0802,36.95089],[128.07771,36.95155],[128.07577,36.95222],[128.072,36.9545],[128.06823,36.95645],[128.06644,36.95722],[128.06521,36.95753],[128.06337,36.95769],[128.06149,36.95764],[128.05878,36.95744],[128.05625,36.95683],[128.05459,36.95593],[128.05306,36.95476],[128.05251,36.95434],[128.05209,36.95396],[128.05121,36.95317],[128.04932,36.95218],[128.04793,36.95186],[128.04436,36.95159],[128.04338,36.95185],[128.04281,36.952],[128.04185,36.95237],[128.04143,36.95258],[128.03932,36.95367],[128.03765,36.95494],[128.03528,36.9573],[128.03342,36.95962],[128.03058,36.96295],[128.0301,36.96343],[128.0289,36.96463],[128.02817,36.96529],[128.02675,36.96721],[128.02632,36.96758],[128.02394,36.96887],[128.02097,36.96992],[128.01717,36.97078],[128.01477,36.97143],[128.01307,36.97212],[128.01097,36.97326],[128.00989,36.97403],[128.00895,36.97488],[128.00851,36.97577],[128.00819,36.97732],[128.00773,36.97827],[128.00652,36.97965],[128.00473,36.98134],[128.00382,36.98241],[128.00376,36.98257],[128.00345,36.98343],[128.00328,36.98461],[128.00317,36.9858],[128.00251,36.9877],[128.00104,36.99061],[128.00067,36.99219],[128.00038,36.99436],[128.00002,36.9962],[127.99943,36.99748],[127.99938,36.99759],[127.99905,36.99817],[127.99858,36.99898],[127.99736,37.00102],[127.99198,37.00643],[127.99007,37.00819],[127.98949,37.00865],[127.9877,37.01004],[127.98715,37.01042],[127.98699,37.0105],[127.98602,37.01085],[127.98467,37.01133],[127.98425,37.01146],[127.98276,37.0119],[127.98259,37.01195],[127.9824,37.01199],[127.9821,37.01204],[127.98177,37.01208],[127.98063,37.0122],[127.97992,37.01228],[127.97955,37.01233],[127.979,37.01244],[127.97865,37.01255],[127.97815,37.01273],[127.97777,37.01289],[127.9775,37.01302],[127.97688,37.01334],[127.97629,37.0137],[127.9733,37.01548],[127.97242,37.016],[127.97049,37.01729],[127.96404,37.02216],[127.96398,37.02222],[127.96386,37.02231],[127.96144,37.02391],[127.96118,37.02401],[127.95931,37.02467],[127.95916,37.02472],[127.95901,37.02475],[127.95861,37.02479],[127.95819,37.0248],[127.95761,37.02477],[127.9575,37.02476],[127.95726,37.02472],[127.95681,37.0246],[127.95629,37.02446],[127.95603,37.02435],[127.95519,37.02396],[127.95455,37.02367],[127.95379,37.02336],[127.95331,37.02317],[127.95285,37.02298],[127.95237,37.02282],[127.94823,37.02146],[127.94729,37.02119],[127.94701,37.02112],[127.94638,37.02099],[127.9438,37.02059],[127.94346,37.02054],[127.94249,37.02039],[127.94169,37.02029],[127.94091,37.02025],[127.9396,37.02019],[127.93899,37.02018],[127.93816,37.02018],[127.937,37.02022],[127.93608,37.02026],[127.93465,37.02032],[127.93231,37.02042],[127.93156,37.02046],[127.92959,37.02056],[127.92835,37.02067],[127.9273,37.02076],[127.92536,37.02093],[127.9247,37.02097],[127.92465,37.02097],[127.92423,37.02097],[127.92354,37.02096],[127.92257,37.02089],[127.92224,37.02084],[127.92178,37.02075],[127.92167,37.02073],[127.92076,37.02052],[127.92001,37.02033],[127.91958,37.0202],[127.91929,37.02009],[127.91735,37.02039],[127.91725,37.02041],[127.91036,37.02245],[127.91015,37.02254],[127.91002,37.02262],[127.90989,37.0227],[127.90977,37.0228],[127.90972,37.02288],[127.90892,37.02439],[127.90776,37.02774],[127.90743,37.02882],[127.90741,37.02888],[127.9074,37.02893],[127.90738,37.02906],[127.90784,37.03077],[127.90793,37.03094],[127.90801,37.03108],[127.90893,37.03219],[127.90898,37.03224],[127.90909,37.03232],[127.90913,37.03232],[127.91159,37.03199],[127.91433,37.03189],[127.91671,37.03183],[127.91711,37.03185],[127.91721,37.03189],[127.91865,37.03279],[127.92142,37.03329],[127.92583,37.03351],[127.92599,37.03351],[127.92617,37.0335],[127.92629,37.03348],[127.92647,37.03343],[127.92673,37.03335],[127.92691,37.03329],[127.92709,37.03324],[127.92725,37.03322],[127.92829,37.03317],[127.92833,37.03317],[127.92837,37.03319],[127.92845,37.03328],[127.92848,37.03332],[127.92903,37.0352],[127.92935,37.03633],[127.92939,37.03665],[127.9294,37.0367],[127.92924,37.03738],[127.92918,37.03764],[127.92886,37.03857],[127.92799,37.03955],[127.92785,37.03966],[127.92761,37.03979],[127.92752,37.03981],[127.92742,37.03983],[127.92728,37.03987],[127.92717,37.03991],[127.92711,37.03994],[127.92704,37.04],[127.92693,37.0401],[127.9269,37.04013],[127.92687,37.04016],[127.9268,37.04025],[127.92678,37.04028],[127.92678,37.04031],[127.92767,37.04392],[127.93,37.05112],[127.93134,37.0545],[127.93146,37.0549],[127.93141,37.05512],[127.93132,37.05557],[127.93046,37.05882],[127.93003,37.06009],[127.93183,37.0605],[127.93697,37.06031],[127.93707,37.0603],[127.9389,37.05992],[127.93901,37.05988],[127.93908,37.05985],[127.9392,37.05978],[127.94152,37.05837],[127.94316,37.05738],[127.9432,37.05737],[127.94476,37.05752],[127.94532,37.05772],[127.95108,37.05996],[127.95291,37.06172],[127.95331,37.0626],[127.95361,37.06358],[127.95361,37.06365],[127.95362,37.06368],[127.95363,37.0637],[127.95369,37.06374],[127.95412,37.06392],[127.95443,37.06403],[127.95469,37.0641],[127.95486,37.06414],[127.95494,37.06414],[127.95662,37.06337],[127.95672,37.06332],[127.95683,37.06324],[127.95906,37.06156],[127.95914,37.06149],[127.95922,37.06142],[127.95926,37.06137],[127.95929,37.06126],[127.95941,37.06061],[127.95956,37.05966],[127.95972,37.05881],[127.95992,37.05814],[127.95998,37.05796],[127.96005,37.05782],[127.9601,37.05775],[127.9602,37.05766],[127.96024,37.05764],[127.96033,37.05761],[127.96094,37.05753],[127.96117,37.05752],[127.96143,37.05753],[127.96162,37.05754],[127.96183,37.05759],[127.96206,37.05763],[127.96226,37.05764],[127.96243,37.05763],[127.96271,37.0576],[127.9629,37.05756],[127.9631,37.0575],[127.96324,37.05745],[127.96331,37.05741],[127.96592,37.05599],[127.96694,37.05441],[127.97001,37.05303],[127.97638,37.05316],[127.97863,37.05347],[127.97873,37.0535],[127.97887,37.05355],[127.97893,37.05359],[127.97983,37.05443],[127.9861,37.05489],[127.98615,37.05491],[127.98792,37.05553],[127.98805,37.05559],[127.98878,37.05602],[127.98997,37.05695],[127.99006,37.05703],[127.99014,37.05712],[127.9902,37.0572],[127.99022,37.05726],[127.99238,37.05873],[127.99363,37.05951],[127.99498,37.05955],[127.99596,37.05957],[127.99609,37.05956],[127.99621,37.05953],[127.99739,37.05924],[127.99748,37.05921],[127.99779,37.05908],[127.99786,37.05896],[127.99795,37.05883],[127.99799,37.0588],[127.99809,37.0587],[127.99822,37.05862],[127.99826,37.05861],[127.99969,37.05812],[127.99974,37.05811],[128.0078,37.05741],[128.00814,37.05746],[128.00831,37.05749],[128.00853,37.05757],[128.00865,37.05764],[128.00876,37.05773],[128.00943,37.05814],[128.01032,37.05866],[128.01043,37.05871],[128.01052,37.05871],[128.01061,37.05871],[128.01315,37.05828],[128.01429,37.05798],[128.01443,37.05793],[128.01465,37.05787],[128.0149,37.05788],[128.01504,37.0579],[128.01541,37.05799],[128.01699,37.05854],[128.01719,37.05862],[128.02042,37.05997],[128.02329,37.06123],[128.02349,37.06135],[128.02383,37.06152],[128.02417,37.06166],[128.02457,37.06177],[128.02588,37.06181],[128.02829,37.06184],[128.03043,37.06149],[128.03061,37.06145],[128.03193,37.06118],[128.03255,37.06117],[128.03293,37.06118],[128.03331,37.06125],[128.03523,37.06185],[128.03551,37.06199],[128.03574,37.06218],[128.03598,37.06234],[128.03636,37.06248],[128.03863,37.06292],[128.03888,37.06296],[128.03898,37.06296],[128.04509,37.0621],[128.04515,37.06208],[128.04618,37.06116],[128.04641,37.06091],[128.04647,37.06072],[128.04651,37.06043],[128.04659,37.05959],[128.04665,37.05899],[128.04663,37.05881],[128.04639,37.05774],[128.04623,37.0573],[128.04608,37.05703],[128.0449,37.05515],[128.04466,37.05496],[128.04457,37.05492],[128.04444,37.0549],[128.04425,37.05484],[128.04416,37.05479],[128.04406,37.05471],[128.04256,37.0533],[128.04239,37.05311],[128.04238,37.05305],[128.04239,37.05298],[128.04242,37.05292],[128.04378,37.05084],[128.04394,37.05063],[128.04478,37.04981],[128.04487,37.04977],[128.04511,37.04974],[128.0454,37.04971],[128.04563,37.04966],[128.0478,37.04912],[128.04789,37.04909],[128.04795,37.04904],[128.04953,37.04754],[128.05237,37.04526],[128.05604,37.04351],[128.05622,37.04345],[128.05639,37.04344],[128.05651,37.04346],[128.0582,37.04379],[128.05826,37.0438],[128.05837,37.04384],[128.05852,37.0439],[128.05888,37.04406],[128.0594,37.04431],[128.0597,37.04447],[128.05982,37.04451],[128.06002,37.04454],[128.06145,37.04463],[128.06174,37.04462],[128.06233,37.04453],[128.06258,37.04447],[128.06358,37.04424],[128.06385,37.04418],[128.0641,37.04408],[128.06448,37.04393],[128.06492,37.04375],[128.06515,37.04369],[128.06533,37.04367],[128.06546,37.04368],[128.0656,37.04371],[128.06583,37.04378],[128.06977,37.04594],[128.06982,37.04597],[128.07,37.04613],[128.07045,37.04662],[128.07067,37.04696],[128.071,37.04753],[128.07128,37.048],[128.07141,37.0482],[128.07153,37.04828],[128.07245,37.04869],[128.07279,37.04879],[128.07555,37.04937],[128.07583,37.0494],[128.07602,37.04939],[128.07809,37.04916],[128.08078,37.04872]]]]}},{"type":"Feature","properties":{"code":"43130410","name":"산척면","parent":"43130"},"geometry":{"type":"MultiPolygon","coordinates":[[[[128.07602,37.08377],[128.07677,37.08307],[128.07739,37.08248],[128.07744,37.08244],[128.07778,37.08222],[128.07791,37.08215],[128.07809,37.08209],[128.07816,37.08208],[128.07821,37.08208],[128.07836,37.08209],[128.07853,37.08209],[128.07874,37.08209],[128.07885,37.08208],[128.0789,37.08207],[128.07902,37.08203],[128.07905,37.08201],[128.07922,37.08189],[128.0821,37.07916],[128.08219,37.07907],[128.08232,37.0789],[128.08235,37.07883],[128.08237,37.07879],[128.0824,37.07864],[128.08243,37.07839],[128.08243,37.07828],[128.08241,37.07815],[128.08242,37.07804],[128.08244,37.07796],[128.08259,37.07779],[128.08383,37.0766],[128.08513,37.07562],[128.08486,37.0753],[128.08418,37.07459],[128.08404,37.07447],[128.0838,37.07433],[128.08336,37.0742],[128.08308,37.07413],[128.08209,37.07145],[128.08206,37.07133],[128.08202,37.07113],[128.08201,37.07102],[128.08202,37.07096],[128.08207,37.07089],[128.08457,37.06683],[128.08467,37.06667],[128.08474,37.06657],[128.08495,37.06641],[128.08507,37.06634],[128.08515,37.0663],[128.0854,37.06618],[128.08549,37.06611],[128.08561,37.066],[128.08568,37.06591],[128.08569,37.06587],[128.08569,37.06578],[128.0856,37.06438],[128.08559,37.06433],[128.08553,37.06399],[128.0855,37.06388],[128.08413,37.06123],[128.08408,37.06115],[128.08399,37.06103],[128.08389,37.06093],[128.08377,37.06082],[128.0831,37.05762],[128.08263,37.05363],[128.08118,37.05043],[128.08068,37.04923],[128.08066,37.04917],[128.08065,37.04911],[128.08066,37.04905],[128.08078,37.04872],[128.07809,37.04916],[128.07602,37.04939],[128.07583,37.0494],[128.07555,37.04937],[128.07279,37.04879],[128.07245,37.04869],[128.07153,37.04828],[128.07141,37.0482],[128.07128,37.048],[128.071,37.04753],[128.07067,37.04696],[128.07045,37.04662],[128.07,37.04613],[128.06982,37.04597],[128.06977,37.04594],[128.06583,37.04378],[128.0656,37.04371],[128.06546,37.04368],[128.06533,37.04367],[128.06515,37.04369],[128.06492,37.04375],[128.06448,37.04393],[128.0641,37.04408],[128.06385,37.04418],[128.06358,37.04424],[128.06258,37.04447],[128.06233,37.04453],[128.06174,37.04462],[128.06145,37.04463],[128.06002,37.04454],[128.05982,37.04451],[128.0597,37.04447],[128.0594,37.04431],[128.05888,37.04406],[128.05852,37.0439],[128.05837,37.04384],[128.05826,37.0438],[128.0582,37.04379],[128.05651,37.04346],[128.05639,37.04344],[128.05622,37.04345],[128.05604,37.04351],[128.05237,37.04526],[128.04953,37.04754],[128.04795,37.04904],[128.04789,37.04909],[128.0478,37.04912],[128.04563,37.04966],[128.0454,37.04971],[128.04511,37.04974],[128.04487,37.04977],[128.04478,37.04981],[128.04394,37.05063],[128.04378,37.05084],[128.04242,37.05292],[128.04239,37.05298],[128.04238,37.05305],[128.04239,37.05311],[128.04256,37.0533],[128.04406,37.05471],[128.04416,37.05479],[128.04425,37.05484],[128.04444,37.0549],[128.04457,37.05492],[128.04466,37.05496],[128.0449,37.05515],[128.04608,37.05703],[128.04623,37.0573],[128.04639,37.05774],[128.04663,37.05881],[128.04665,37.05899],[128.04659,37.05959],[128.04651,37.06043],[128.04647,37.06072],[128.04641,37.06091],[128.04618,37.06116],[128.04515,37.06208],[128.04509,37.0621],[128.03898,37.06296],[128.03888,37.06296],[128.03863,37.06292],[128.03636,37.06248],[128.03598,37.06234],[128.03574,37.06218],[128.03551,37.06199],[128.03523,37.06185],[128.03331,37.06125],[128.03293,37.06118],[128.03255,37.06117],[128.03193,37.06118],[128.03061,37.06145],[128.03043,37.06149],[128.02829,37.06184],[128.02588,37.06181],[128.02457,37.06177],[128.02417,37.06166],[128.02383,37.06152],[128.02349,37.06135],[128.02329,37.06123],[128.02042,37.05997],[128.01719,37.05862],[128.01699,37.05854],[128.01541,37.05799],[128.01504,37.0579],[128.0149,37.05788],[128.01465,37.05787],[128.01443,37.05793],[128.01429,37.05798],[128.01315,37.05828],[128.01061,37.05871],[128.01052,37.05871],[128.01043,37.05871],[128.01032,37.05866],[128.00943,37.05814],[128.00876,37.05773],[128.00865,37.05764],[128.00853,37.05757],[128.00831,37.05749],[128.00814,37.05746],[128.0078,37.05741],[127.99974,37.05811],[127.99969,37.05812],[127.99826,37.05861],[127.99822,37.05862],[127.99809,37.0587],[127.99799,37.0588],[127.99795,37.05883],[127.99786,37.05896],[127.99779,37.05908],[127.99748,37.05921],[127.99739,37.05924],[127.99621,37.05953],[127.99609,37.05956],[127.99596,37.05957],[127.99498,37.05955],[127.99363,37.05951],[127.99238,37.05873],[127.99022,37.05726],[127.9902,37.0572],[127.99014,37.05712],[127.99006,37.05703],[127.98997,37.05695],[127.98878,37.05602],[127.98805,37.05559],[127.98792,37.05553],[127.98615,37.05491],[127.9861,37.05489],[127.97983,37.05443],[127.97893,37.05359],[127.97887,37.05355],[127.97873,37.0535],[127.97863,37.05347],[127.97638,37.05316],[127.97001,37.05303],[127.96694,37.05441],[127.96592,37.05599],[127.96331,37.05741],[127.96324,37.05745],[127.9631,37.0575],[127.9629,37.05756],[127.96271,37.0576],[127.96243,37.05763],[127.96226,37.05764],[127.96206,37.05763],[127.96183,37.05759],[127.96162,37.05754],[127.96143,37.05753],[127.96117,37.05752],[127.96094,37.05753],[127.96033,37.05761],[127.96024,37.05764],[127.9602,37.05766],[127.9601,37.05775],[127.96005,37.05782],[127.95998,37.05796],[127.95992,37.05814],[127.95972,37.05881],[127.95956,37.05966],[127.95941,37.06061],[127.95929,37.06126],[127.95926,37.06137],[127.95922,37.06142],[127.95914,37.06149],[127.95906,37.06156],[127.95683,37.06324],[127.95672,37.06332],[127.95662,37.06337],[127.95494,37.06414],[127.95486,37.06414],[127.95469,37.0641],[127.95443,37.06403],[127.95412,37.06392],[127.95369,37.06374],[127.95363,37.0637],[127.95362,37.06368],[127.95361,37.06365],[127.95361,37.06358],[127.95331,37.0626],[127.95291,37.06172],[127.95108,37.05996],[127.94532,37.05772],[127.94476,37.05752],[127.9432,37.05737],[127.94316,37.05738],[127.94152,37.05837],[127.9392,37.05978],[127.93908,37.05985],[127.93901,37.05988],[127.9389,37.05992],[127.93707,37.0603],[127.93697,37.06031],[127.93183,37.0605],[127.93003,37.06009],[127.92649,37.05895],[127.92681,37.06165],[127.92759,37.067],[127.92761,37.06705],[127.92766,37.06717],[127.92766,37.06726],[127.92765,37.06737],[127.92727,37.07034],[127.92694,37.07203],[127.9269,37.07212],[127.92261,37.07666],[127.92312,37.08086],[127.92315,37.08091],[127.92322,37.08098],[127.92333,37.08105],[127.92351,37.08112],[127.92365,37.08116],[127.92506,37.08145],[127.92593,37.08161],[127.9277,37.08191],[127.93032,37.08192],[127.93039,37.08192],[127.93054,37.08193],[127.93071,37.08196],[127.93249,37.08245],[127.93543,37.0834],[127.93563,37.08347],[127.93581,37.08354],[127.93595,37.08361],[127.93617,37.08375],[127.9377,37.08483],[127.93891,37.08575],[127.93911,37.08594],[127.93931,37.08613],[127.93948,37.08629],[127.93962,37.08645],[127.9397,37.08656],[127.93976,37.08668],[127.93986,37.08698],[127.93994,37.08728],[127.94006,37.08751],[127.94016,37.08763],[127.94024,37.0877],[127.94035,37.08779],[127.9405,37.08789],[127.94183,37.08853],[127.94349,37.08928],[127.9442,37.08896],[127.94437,37.08883],[127.94553,37.08794],[127.94561,37.08789],[127.94567,37.08787],[127.94571,37.08786],[127.94578,37.08787],[127.94589,37.0879],[127.94872,37.08958],[127.94878,37.08965],[127.94881,37.08973],[127.94881,37.08989],[127.94907,37.09084],[127.95129,37.09147],[127.95142,37.09149],[127.95156,37.09149],[127.9518,37.09149],[127.95199,37.09144],[127.95225,37.09133],[127.95243,37.09123],[127.95294,37.0909],[127.95376,37.09039],[127.95385,37.09036],[127.95391,37.09035],[127.95398,37.09035],[127.95414,37.09035],[127.95434,37.09038],[127.95448,37.0904],[127.9546,37.09045],[127.95534,37.09149],[127.95539,37.09157],[127.95679,37.09428],[127.95784,37.09691],[127.95813,37.09773],[127.95816,37.09787],[127.95816,37.09792],[127.95754,37.09932],[127.95748,37.09944],[127.95742,37.09953],[127.95737,37.09956],[127.95468,37.10006],[127.95506,37.10242],[127.95525,37.10399],[127.95577,37.11026],[127.95577,37.1104],[127.95577,37.11047],[127.95571,37.11056],[127.95432,37.11213],[127.95423,37.11221],[127.95282,37.11314],[127.95171,37.11396],[127.95169,37.11399],[127.95169,37.11404],[127.9518,37.11423],[127.95201,37.11448],[127.95227,37.11469],[127.95265,37.11495],[127.95321,37.11531],[127.95341,37.11548],[127.95388,37.11596],[127.9544,37.11691],[127.95474,37.11765],[127.95479,37.11781],[127.95483,37.11809],[127.95484,37.11845],[127.95464,37.11998],[127.95441,37.12086],[127.9535,37.12288],[127.95339,37.12302],[127.95322,37.12315],[127.95297,37.1233],[127.95248,37.12365],[127.95244,37.12368],[127.95243,37.12371],[127.95291,37.12489],[127.95302,37.12507],[127.95478,37.12732],[127.95502,37.12758],[127.95536,37.1279],[127.9554,37.12793],[127.95545,37.12798],[127.95554,37.12802],[127.95561,37.12804],[127.95568,37.12806],[127.95573,37.12807],[127.95584,37.12807],[127.95598,37.12806],[127.95617,37.12802],[127.95632,37.12797],[127.9578,37.12767],[127.95928,37.12737],[127.95951,37.12735],[127.95971,37.12736],[127.95998,37.1274],[127.96025,37.12746],[127.96056,37.12757],[127.96092,37.12774],[127.9611,37.12785],[127.96126,37.12797],[127.96142,37.12812],[127.96229,37.1289],[127.96235,37.12898],[127.96242,37.12908],[127.9625,37.12927],[127.96257,37.12951],[127.96283,37.13055],[127.96328,37.13143],[127.96333,37.13151],[127.96342,37.13161],[127.96392,37.13223],[127.96437,37.13265],[127.96449,37.13277],[127.9682,37.13609],[127.96976,37.13721],[127.96979,37.13726],[127.97005,37.13769],[127.97008,37.13775],[127.9701,37.13781],[127.97009,37.13786],[127.97009,37.13789],[127.97006,37.13791],[127.97002,37.13793],[127.96996,37.13797],[127.96992,37.13801],[127.96988,37.13807],[127.96956,37.13877],[127.96956,37.13882],[127.96984,37.14012],[127.97048,37.14191],[127.97063,37.14226],[127.97273,37.1415],[127.97423,37.14192],[127.97434,37.14194],[127.97445,37.14194],[127.97459,37.14193],[127.97693,37.1417],[127.97697,37.14169],[127.97709,37.14162],[127.97728,37.14146],[127.97739,37.14137],[127.97748,37.14127],[127.97827,37.14006],[127.98035,37.13669],[127.98156,37.13303],[127.98191,37.13212],[127.98198,37.13202],[127.98265,37.13137],[127.98268,37.13135],[127.98275,37.13132],[127.98291,37.13131],[127.98323,37.1313],[127.98335,37.1313],[127.98342,37.13132],[127.98435,37.13158],[127.98535,37.13176],[127.9855,37.13177],[127.98559,37.13176],[127.98567,37.13174],[127.98601,37.13163],[127.98613,37.13158],[127.98624,37.1315],[127.98633,37.13142],[127.98641,37.13134],[127.98645,37.13125],[127.98692,37.12998],[127.98707,37.12909],[127.98706,37.12901],[127.98703,37.12894],[127.98665,37.12854],[127.98645,37.12833],[127.98634,37.12823],[127.98626,37.12819],[127.98612,37.12816],[127.9859,37.12811],[127.98581,37.12807],[127.98575,37.12803],[127.98564,37.12788],[127.98556,37.12779],[127.98537,37.12741],[127.98534,37.12734],[127.98506,37.12577],[127.98505,37.12567],[127.98506,37.1254],[127.98516,37.12469],[127.98533,37.12434],[127.98595,37.12299],[127.98582,37.1205],[127.9858,37.12041],[127.98569,37.12019],[127.98544,37.11987],[127.98535,37.11975],[127.98462,37.11845],[127.9846,37.11828],[127.98457,37.1179],[127.98484,37.11446],[127.98501,37.11229],[127.98505,37.11225],[127.98589,37.11154],[127.98599,37.11148],[127.98621,37.11139],[127.98671,37.11126],[127.98711,37.11117],[127.99328,37.10997],[127.99551,37.11004],[127.99555,37.11005],[127.99567,37.11005],[127.99586,37.11],[127.99794,37.10917],[127.99821,37.10892],[127.99842,37.10869],[127.9985,37.10854],[127.99915,37.10663],[127.99958,37.10533],[127.99969,37.10499],[127.99977,37.10472],[127.99977,37.10464],[127.99972,37.10441],[127.99971,37.10428],[127.99971,37.10419],[127.99971,37.10412],[127.99996,37.10307],[128.00059,37.10144],[128.00064,37.10137],[128.00092,37.10106],[128.00324,37.09867],[128.00458,37.09849],[128.00464,37.09853],[128.00475,37.09858],[128.00641,37.09922],[128.00663,37.09928],[128.0068,37.09931],[128.00695,37.09933],[128.00968,37.09941],[128.00974,37.0994],[128.0099,37.09933],[128.01002,37.09928],[128.01021,37.09917],[128.01034,37.09909],[128.01052,37.09897],[128.01069,37.09884],[128.01095,37.09865],[128.01106,37.09858],[128.01129,37.09847],[128.0114,37.09844],[128.01171,37.09838],[128.01179,37.09838],[128.01186,37.0984],[128.01191,37.09843],[128.01196,37.09848],[128.01198,37.09855],[128.01202,37.09868],[128.01202,37.09874],[128.01201,37.09881],[128.0113,37.10156],[128.01125,37.10171],[128.01115,37.10194],[128.011,37.10227],[128.01073,37.10279],[128.0107,37.10283],[128.01043,37.10443],[128.01127,37.10681],[128.01177,37.10807],[128.01285,37.1104],[128.01291,37.11052],[128.01296,37.11059],[128.01301,37.11066],[128.01316,37.11082],[128.01682,37.11431],[128.01696,37.11443],[128.01713,37.11457],[128.0173,37.11468],[128.01746,37.11477],[128.02065,37.11629],[128.02164,37.11645],[128.02182,37.11636],[128.02214,37.11622],[128.02225,37.11617],[128.02252,37.11608],[128.02373,37.11565],[128.02413,37.11554],[128.02458,37.11542],[128.02678,37.115],[128.02787,37.11483],[128.02859,37.11473],[128.0293,37.11462],[128.03001,37.11452],[128.03068,37.11445],[128.03103,37.1144],[128.032,37.11419],[128.03217,37.11415],[128.03389,37.11373],[128.03428,37.11358],[128.03466,37.11339],[128.03492,37.11319],[128.03517,37.11295],[128.0354,37.1127],[128.03564,37.11248],[128.0358,37.11241],[128.03624,37.11229],[128.03671,37.11218],[128.03747,37.11207],[128.03816,37.11207],[128.03871,37.11213],[128.03902,37.1122],[128.0401,37.11262],[128.04056,37.11282],[128.04104,37.11313],[128.04156,37.11349],[128.04184,37.1137],[128.04211,37.11399],[128.04271,37.11478],[128.04286,37.11501],[128.04299,37.11513],[128.0432,37.11525],[128.04345,37.11534],[128.04376,37.11541],[128.0447,37.11555],[128.04512,37.1156],[128.0455,37.11563],[128.0458,37.11563],[128.04596,37.11562],[128.04603,37.11559],[128.04609,37.11551],[128.0465,37.11461],[128.04659,37.11438],[128.04665,37.11416],[128.04666,37.11394],[128.04664,37.11355],[128.04662,37.11319],[128.04659,37.11251],[128.04661,37.11219],[128.04669,37.11186],[128.04693,37.11139],[128.04718,37.11093],[128.04772,37.11017],[128.04828,37.10952],[128.04848,37.1093],[128.04867,37.109],[128.04874,37.10874],[128.04877,37.10852],[128.04873,37.10801],[128.04864,37.1076],[128.04856,37.10737],[128.04843,37.10711],[128.04828,37.1069],[128.0481,37.10674],[128.04801,37.10665],[128.04797,37.10663],[128.04766,37.10652],[128.04753,37.10651],[128.04724,37.10652],[128.04681,37.10651],[128.04659,37.10649],[128.04622,37.10646],[128.04611,37.10645],[128.04596,37.10641],[128.04581,37.10636],[128.04568,37.10628],[128.04555,37.10613],[128.04552,37.10593],[128.04549,37.10574],[128.04549,37.10546],[128.04551,37.1053],[128.0456,37.10501],[128.04567,37.10486],[128.04577,37.10471],[128.04593,37.10451],[128.04615,37.10427],[128.04872,37.10166],[128.04905,37.10134],[128.04952,37.10089],[128.05293,37.09772],[128.05311,37.09756],[128.05329,37.09748],[128.05352,37.0974],[128.05399,37.09737],[128.05447,37.09736],[128.05501,37.09736],[128.05567,37.09739],[128.05656,37.09744],[128.05706,37.09749],[128.0583,37.09759],[128.05989,37.09771],[128.06021,37.09766],[128.06282,37.09714],[128.06309,37.09708],[128.06318,37.09703],[128.06334,37.0969],[128.06343,37.0968],[128.06348,37.09674],[128.06356,37.09656],[128.06359,37.09645],[128.06359,37.09634],[128.06358,37.09618],[128.06353,37.09608],[128.06333,37.09578],[128.06215,37.09439],[128.0616,37.09377],[128.06139,37.09352],[128.06079,37.09277],[128.06048,37.09238],[128.0602,37.09198],[128.06011,37.09183],[128.05998,37.09156],[128.05921,37.08986],[128.05918,37.08978],[128.0592,37.08965],[128.05926,37.08953],[128.05943,37.08932],[128.05976,37.08903],[128.05996,37.08889],[128.06272,37.08706],[128.06663,37.08569],[128.06669,37.08568],[128.06694,37.08579],[128.06737,37.08596],[128.0677,37.08607],[128.06803,37.08616],[128.06815,37.08617],[128.06834,37.08615],[128.06857,37.08612],[128.0719,37.08544],[128.07225,37.08536],[128.0725,37.08528],[128.07296,37.08509],[128.07602,37.08377]]]]}},{"type":"Feature","properties":{"code":"43130420","name":"엄정면","parent":"43130"},"geometry":{"type":"MultiPolygon","coordinates":[[[[127.92622,37.16518],[127.92668,37.165],[127.9283,37.1646],[127.93333,37.16364],[127.93575,37.16319],[127.9358,37.16319],[127.93654,37.16323],[127.93707,37.16344],[127.93776,37.1637],[127.93849,37.16393],[127.93871,37.16398],[127.9388,37.16398],[127.93883,37.16398],[127.9399,37.16385],[127.94063,37.16353],[127.94209,37.16275],[127.94351,37.16184],[127.94357,37.1618],[127.94361,37.16179],[127.94365,37.16178],[127.94381,37.16178],[127.94396,37.16179],[127.94406,37.1618],[127.94474,37.16195],[127.94482,37.16197],[127.94496,37.16202],[127.94557,37.16232],[127.94628,37.16256],[127.94633,37.16257],[127.94807,37.16259],[127.95477,37.16222],[127.95482,37.16221],[127.95486,37.16219],[127.95983,37.15969],[127.96699,37.15687],[127.96783,37.15652],[127.96789,37.15647],[127.96823,37.15615],[127.97103,37.151],[127.97104,37.15094],[127.97133,37.15011],[127.97172,37.14846],[127.97201,37.14631],[127.97201,37.14625],[127.97201,37.14622],[127.97147,37.14505],[127.97131,37.14478],[127.97111,37.14452],[127.97092,37.14427],[127.97089,37.14422],[127.97047,37.14344],[127.97046,37.1434],[127.97046,37.14335],[127.97054,37.14268],[127.97058,37.14247],[127.97062,37.14229],[127.97063,37.14226],[127.97048,37.14191],[127.96984,37.14012],[127.96956,37.13882],[127.96956,37.13877],[127.96988,37.13807],[127.96992,37.13801],[127.96996,37.13797],[127.97002,37.13793],[127.97006,37.13791],[127.97009,37.13789],[127.97009,37.13786],[127.9701,37.13781],[127.97008,37.13775],[127.97005,37.13769],[127.96979,37.13726],[127.96976,37.13721],[127.9682,37.13609],[127.96449,37.13277],[127.96437,37.13265],[127.96392,37.13223],[127.96342,37.13161],[127.96333,37.13151],[127.96328,37.13143],[127.96283,37.13055],[127.96257,37.12951],[127.9625,37.12927],[127.96242,37.12908],[127.96235,37.12898],[127.96229,37.1289],[127.96142,37.12812],[127.96126,37.12797],[127.9611,37.12785],[127.96092,37.12774],[127.96056,37.12757],[127.96025,37.12746],[127.95998,37.1274],[127.95971,37.12736],[127.95951,37.12735],[127.95928,37.12737],[127.9578,37.12767],[127.95632,37.12797],[127.95617,37.12802],[127.95598,37.12806],[127.95584,37.12807],[127.95573,37.12807],[127.95568,37.12806],[127.95561,37.12804],[127.95554,37.12802],[127.95545,37.12798],[127.9554,37.12793],[127.95536,37.1279],[127.95502,37.12758],[127.95478,37.12732],[127.95302,37.12507],[127.95291,37.12489],[127.95243,37.12371],[127.95244,37.12368],[127.95248,37.12365],[127.95297,37.1233],[127.95322,37.12315],[127.95339,37.12302],[127.9535,37.12288],[127.95441,37.12086],[127.95464,37.11998],[127.95484,37.11845],[127.95483,37.11809],[127.95479,37.11781],[127.95474,37.11765],[127.9544,37.11691],[127.95388,37.11596],[127.95341,37.11548],[127.95321,37.11531],[127.95265,37.11495],[127.95227,37.11469],[127.95201,37.11448],[127.9518,37.11423],[127.95169,37.11404],[127.95169,37.11399],[127.95171,37.11396],[127.95282,37.11314],[127.95423,37.11221],[127.95432,37.11213],[127.95571,37.11056],[127.95577,37.11047],[127.95577,37.1104],[127.95577,37.11026],[127.95525,37.10399],[127.95506,37.10242],[127.95468,37.10006],[127.95737,37.09956],[127.95742,37.09953],[127.95748,37.09944],[127.95754,37.09932],[127.95816,37.09792],[127.95816,37.09787],[127.95813,37.09773],[127.95784,37.09691],[127.95679,37.09428],[127.95539,37.09157],[127.95534,37.09149],[127.9546,37.09045],[127.95448,37.0904],[127.95434,37.09038],[127.95414,37.09035],[127.95398,37.09035],[127.95391,37.09035],[127.95385,37.09036],[127.95376,37.09039],[127.95294,37.0909],[127.95243,37.09123],[127.95225,37.09133],[127.95199,37.09144],[127.9518,37.09149],[127.95156,37.09149],[127.95142,37.09149],[127.95129,37.09147],[127.94907,37.09084],[127.94881,37.08989],[127.94881,37.08973],[127.94878,37.08965],[127.94872,37.08958],[127.94589,37.0879],[127.94578,37.08787],[127.94571,37.08786],[127.94567,37.08787],[127.94561,37.08789],[127.94553,37.08794],[127.94437,37.08883],[127.9442,37.08896],[127.94349,37.08928],[127.94183,37.08853],[127.9405,37.08789],[127.94035,37.08779],[127.94024,37.0877],[127.94016,37.08763],[127.94006,37.08751],[127.93994,37.08728],[127.93986,37.08698],[127.93976,37.08668],[127.9397,37.08656],[127.93962,37.08645],[127.93948,37.08629],[127.93931,37.08613],[127.93911,37.08594],[127.93891,37.08575],[127.9377,37.08483],[127.93617,37.08375],[127.93595,37.08361],[127.93581,37.08354],[127.93563,37.08347],[127.93543,37.0834],[127.93249,37.08245],[127.93071,37.08196],[127.93054,37.08193],[127.93039,37.08192],[127.93032,37.08192],[127.9277,37.08191],[127.92593,37.08161],[127.92506,37.08145],[127.92365,37.08116],[127.92351,37.08112],[127.92333,37.08105],[127.92322,37.08098],[127.92315,37.08091],[127.92312,37.08086],[127.92261,37.07666],[127.9269,37.07212],[127.92694,37.07203],[127.92727,37.07034],[127.92765,37.06737],[127.92766,37.06726],[127.92766,37.06717],[127.92761,37.06705],[127.92759,37.067],[127.92681,37.06165],[127.92649,37.05895],[127.92572,37.05659],[127.92551,37.05608],[127.92545,37.05594],[127.92518,37.0554],[127.92511,37.05532],[127.92506,37.05526],[127.92501,37.05523],[127.92496,37.05521],[127.9249,37.05521],[127.92475,37.05523],[127.92396,37.05534],[127.92382,37.05538],[127.9237,37.05544],[127.92355,37.05553],[127.92252,37.05629],[127.92242,37.05639],[127.92236,37.0565],[127.92235,37.05655],[127.92236,37.05659],[127.92239,37.05662],[127.92249,37.05673],[127.92254,37.0568],[127.92258,37.0569],[127.92259,37.057],[127.92259,37.05709],[127.92248,37.05761],[127.92242,37.05778],[127.92164,37.05893],[127.92041,37.06066],[127.91779,37.06393],[127.91172,37.06843],[127.91162,37.0685],[127.91152,37.06855],[127.91142,37.06859],[127.91135,37.0686],[127.91125,37.06861],[127.91114,37.06861],[127.90471,37.06931],[127.90319,37.06955],[127.90248,37.0697],[127.90229,37.06974],[127.90215,37.06975],[127.90206,37.06976],[127.90197,37.06975],[127.90098,37.06957],[127.90086,37.06953],[127.90078,37.06951],[127.90073,37.06948],[127.90061,37.06939],[127.89986,37.06883],[127.89914,37.06832],[127.89898,37.06824],[127.89883,37.06819],[127.89868,37.06815],[127.89707,37.06788],[127.89554,37.06764],[127.89533,37.06762],[127.8951,37.0676],[127.89496,37.06757],[127.89478,37.06751],[127.89458,37.06743],[127.89442,37.06735],[127.89309,37.06645],[127.89303,37.0664],[127.89294,37.06633],[127.89151,37.06519],[127.89139,37.06506],[127.89128,37.06492],[127.89098,37.06455],[127.89084,37.06435],[127.89059,37.06402],[127.89046,37.06387],[127.89035,37.06377],[127.89021,37.06369],[127.89008,37.06364],[127.88902,37.06341],[127.88817,37.06538],[127.88706,37.06843],[127.8868,37.06944],[127.88656,37.0703],[127.88648,37.07056],[127.88641,37.07079],[127.88627,37.07114],[127.88615,37.07144],[127.88584,37.07212],[127.88572,37.07235],[127.8854,37.07291],[127.8853,37.07309],[127.8851,37.07339],[127.88477,37.07377],[127.88423,37.07428],[127.88401,37.07444],[127.88381,37.07457],[127.88365,37.07466],[127.8832,37.07489],[127.88265,37.07512],[127.88225,37.07528],[127.88189,37.07543],[127.88118,37.07579],[127.87977,37.07665],[127.87865,37.07733],[127.87826,37.07758],[127.87921,37.07929],[127.87928,37.07938],[127.8799,37.08023],[127.88028,37.08056],[127.88174,37.08174],[127.88388,37.08468],[127.88398,37.08594],[127.88399,37.08603],[127.88402,37.0861],[127.88409,37.08618],[127.88417,37.08624],[127.88774,37.08888],[127.88609,37.09289],[127.88606,37.093],[127.88609,37.09412],[127.88611,37.09447],[127.88612,37.09456],[127.88617,37.09478],[127.88633,37.09521],[127.88641,37.09539],[127.88651,37.09554],[127.88665,37.09571],[127.8868,37.09585],[127.88695,37.09596],[127.88715,37.09605],[127.88869,37.09667],[127.88962,37.09674],[127.88976,37.09667],[127.89002,37.09659],[127.89035,37.09655],[127.89157,37.09667],[127.89177,37.09671],[127.89189,37.09674],[127.89313,37.09717],[127.89637,37.09887],[127.89786,37.09968],[127.89799,37.09976],[127.89806,37.09982],[127.89814,37.09991],[127.89824,37.10012],[127.8983,37.10024],[127.89874,37.10178],[127.9004,37.10366],[127.90142,37.10413],[127.90151,37.10417],[127.90278,37.10551],[127.90281,37.10559],[127.90314,37.10645],[127.90346,37.10907],[127.90346,37.10911],[127.903,37.11215],[127.90126,37.11807],[127.90117,37.11939],[127.90114,37.11956],[127.90108,37.11965],[127.90092,37.11982],[127.90041,37.12025],[127.89945,37.12136],[127.89714,37.12489],[127.89592,37.12707],[127.89589,37.1272],[127.89589,37.12732],[127.89594,37.12842],[127.89598,37.12856],[127.89641,37.12958],[127.89647,37.12969],[127.89649,37.12973],[127.89653,37.12977],[127.89656,37.1298],[127.89662,37.12982],[127.89685,37.12984],[127.89691,37.12987],[127.89694,37.12989],[127.89703,37.12997],[127.89707,37.13002],[127.89712,37.13008],[127.89802,37.13139],[127.89804,37.13144],[127.89804,37.13148],[127.89777,37.1341],[127.89763,37.13465],[127.89734,37.13567],[127.89668,37.13701],[127.89619,37.13783],[127.89596,37.13824],[127.89548,37.13952],[127.89544,37.13964],[127.89544,37.13971],[127.89545,37.13979],[127.89547,37.13989],[127.89577,37.14066],[127.8958,37.14074],[127.89591,37.14087],[127.89599,37.14093],[127.89605,37.14098],[127.89619,37.14107],[127.89625,37.1411],[127.89647,37.14124],[127.8967,37.14144],[127.89685,37.14159],[127.89687,37.14162],[127.89709,37.14238],[127.89715,37.14375],[127.897,37.14458],[127.89657,37.14595],[127.8984,37.14918],[127.89938,37.15005],[127.89956,37.15015],[127.89966,37.1502],[127.89992,37.15039],[127.90188,37.15192],[127.90195,37.15201],[127.90197,37.15205],[127.9032,37.15541],[127.90421,37.15873],[127.90505,37.16098],[127.90703,37.16534],[127.90711,37.16548],[127.90727,37.16576],[127.90733,37.16585],[127.90842,37.16718],[127.90845,37.16721],[127.90855,37.16726],[127.91521,37.16918],[127.91525,37.16918],[127.9153,37.16917],[127.91536,37.16914],[127.91577,37.16888],[127.91587,37.1688],[127.91595,37.16873],[127.91602,37.16862],[127.91773,37.16759],[127.92278,37.16445],[127.92296,37.16434],[127.92312,37.16426],[127.92316,37.16424],[127.92323,37.16423],[127.92331,37.16422],[127.92373,37.16425],[127.92412,37.16429],[127.9243,37.16431],[127.92436,37.16433],[127.92622,37.16518]]]]}},{"type":"Feature","properties":{"code":"43130430","name":"소태면","parent":"43130"},"geometry":{"type":"MultiPolygon","coordinates":[[[[127.89938,37.15005],[127.8984,37.14918],[127.89657,37.14595],[127.897,37.14458],[127.89715,37.14375],[127.89709,37.14238],[127.89687,37.14162],[127.89685,37.14159],[127.8967,37.14144],[127.89647,37.14124],[127.89625,37.1411],[127.89619,37.14107],[127.89605,37.14098],[127.89599,37.14093],[127.89591,37.14087],[127.8958,37.14074],[127.89577,37.14066],[127.89547,37.13989],[127.89545,37.13979],[127.89544,37.13971],[127.89544,37.13964],[127.89548,37.13952],[127.89596,37.13824],[127.89619,37.13783],[127.89668,37.13701],[127.89734,37.13567],[127.89763,37.13465],[127.89777,37.1341],[127.89804,37.13148],[127.89804,37.13144],[127.89802,37.13139],[127.89712,37.13008],[127.89707,37.13002],[127.89703,37.12997],[127.89694,37.12989],[127.89691,37.12987],[127.89685,37.12984],[127.89662,37.12982],[127.89656,37.1298],[127.89653,37.12977],[127.89649,37.12973],[127.89647,37.12969],[127.89641,37.12958],[127.89598,37.12856],[127.89594,37.12842],[127.89589,37.12732],[127.89589,37.1272],[127.89592,37.12707],[127.89714,37.12489],[127.89945,37.12136],[127.90041,37.12025],[127.90092,37.11982],[127.90108,37.11965],[127.90114,37.11956],[127.90117,37.11939],[127.90126,37.11807],[127.903,37.11215],[127.90346,37.10911],[127.90346,37.10907],[127.90314,37.10645],[127.90281,37.10559],[127.90278,37.10551],[127.90151,37.10417],[127.90142,37.10413],[127.9004,37.10366],[127.89874,37.10178],[127.8983,37.10024],[127.89824,37.10012],[127.89814,37.09991],[127.89806,37.09982],[127.89799,37.09976],[127.89786,37.09968],[127.89637,37.09887],[127.89313,37.09717],[127.89189,37.09674],[127.89177,37.09671],[127.89157,37.09667],[127.89035,37.09655],[127.89002,37.09659],[127.88976,37.09667],[127.88962,37.09674],[127.88869,37.09667],[127.88715,37.09605],[127.88695,37.09596],[127.8868,37.09585],[127.88665,37.09571],[127.88651,37.09554],[127.88641,37.09539],[127.88633,37.09521],[127.88617,37.09478],[127.88612,37.09456],[127.88611,37.09447],[127.88609,37.09412],[127.88606,37.093],[127.88609,37.09289],[127.88774,37.08888],[127.88417,37.08624],[127.88409,37.08618],[127.88402,37.0861],[127.88399,37.08603],[127.88398,37.08594],[127.88388,37.08468],[127.88174,37.08174],[127.88028,37.08056],[127.8799,37.08023],[127.87928,37.07938],[127.87921,37.07929],[127.87826,37.07758],[127.87775,37.07788],[127.87748,37.07811],[127.87718,37.07839],[127.8769,37.07871],[127.87669,37.07902],[127.87656,37.07925],[127.87639,37.07962],[127.87631,37.07982],[127.87624,37.08008],[127.8762,37.0804],[127.87616,37.08068],[127.87609,37.08097],[127.87601,37.08118],[127.87586,37.08148],[127.8755,37.08195],[127.87518,37.0823],[127.87435,37.0832],[127.87405,37.08348],[127.87383,37.08366],[127.87358,37.08384],[127.87336,37.08399],[127.87311,37.08411],[127.87282,37.08418],[127.87272,37.08418],[127.87239,37.08418],[127.87196,37.08419],[127.87119,37.08417],[127.8707,37.08415],[127.86851,37.08408],[127.86836,37.08405],[127.86804,37.08395],[127.86788,37.0839],[127.86763,37.08378],[127.86633,37.08313],[127.86565,37.08278],[127.86372,37.08175],[127.86271,37.08119],[127.8624,37.08105],[127.86216,37.08095],[127.86191,37.08087],[127.86147,37.08076],[127.86079,37.08062],[127.8577,37.08011],[127.85694,37.08001],[127.85652,37.07997],[127.85615,37.07996],[127.85579,37.07997],[127.85548,37.07998],[127.8553,37.08],[127.85521,37.08001],[127.85474,37.08007],[127.85428,37.08017],[127.85393,37.08026],[127.85348,37.0804],[127.85271,37.08065],[127.8514,37.08112],[127.84768,37.08246],[127.84594,37.08315],[127.84487,37.08358],[127.84382,37.084],[127.84326,37.08422],[127.84299,37.08432],[127.84261,37.08443],[127.84206,37.08459],[127.84133,37.08478],[127.84107,37.08483],[127.84082,37.08488],[127.84044,37.08495],[127.83966,37.08508],[127.83947,37.0851],[127.83909,37.08513],[127.83877,37.08515],[127.83737,37.08524],[127.8371,37.08526],[127.83665,37.08527],[127.83601,37.08529],[127.83545,37.08533],[127.83524,37.08537],[127.83512,37.0854],[127.83475,37.08551],[127.83383,37.08585],[127.83325,37.08607],[127.83303,37.08616],[127.8329,37.08621],[127.83234,37.08645],[127.83204,37.08657],[127.83174,37.0867],[127.83087,37.08711],[127.83058,37.08726],[127.83031,37.08744],[127.83001,37.08769],[127.82967,37.08798],[127.82921,37.08841],[127.82896,37.08869],[127.82863,37.08911],[127.82752,37.09057],[127.82713,37.09112],[127.82679,37.09169],[127.82638,37.09244],[127.82602,37.09313],[127.823,37.09894],[127.82283,37.09933],[127.82265,37.09975],[127.82256,37.10006],[127.82251,37.1003],[127.82247,37.10084],[127.82247,37.10119],[127.82253,37.10191],[127.82283,37.10431],[127.823,37.10525],[127.82307,37.10555],[127.82319,37.10585],[127.8234,37.10625],[127.82352,37.10652],[127.82366,37.10692],[127.82376,37.10725],[127.82384,37.10758],[127.82389,37.10786],[127.82389,37.10829],[127.82387,37.10864],[127.82381,37.10899],[127.82372,37.10928],[127.82362,37.10951],[127.82347,37.10981],[127.82337,37.10998],[127.82334,37.11003],[127.82315,37.1103],[127.82297,37.11052],[127.82251,37.111],[127.82184,37.11166],[127.82155,37.1119],[127.82124,37.11209],[127.82094,37.11224],[127.82061,37.11236],[127.81999,37.11255],[127.81966,37.11261],[127.81931,37.11263],[127.81905,37.11262],[127.81819,37.11263],[127.81774,37.11267],[127.81697,37.11279],[127.81628,37.11295],[127.81589,37.11306],[127.81293,37.11405],[127.81194,37.11441],[127.81093,37.11485],[127.80948,37.1155],[127.807,37.1168],[127.8063,37.11721],[127.80553,37.11767],[127.80538,37.11776],[127.80391,37.11879],[127.80381,37.11888],[127.8033,37.1193],[127.80212,37.12042],[127.8013,37.12123],[127.80039,37.12218],[127.7997,37.12298],[127.79932,37.12343],[127.79783,37.12527],[127.79761,37.12554],[127.79747,37.12581],[127.79496,37.132],[127.79376,37.13522],[127.79303,37.13747],[127.7928,37.13811],[127.79235,37.1393],[127.79224,37.13959],[127.79213,37.13985],[127.79153,37.14106],[127.79113,37.14179],[127.7907,37.14252],[127.78951,37.1444],[127.79215,37.14513],[127.79357,37.14574],[127.7938,37.14583],[127.79437,37.14602],[127.79468,37.1461],[127.79493,37.14615],[127.79514,37.14618],[127.79519,37.14618],[127.79528,37.14618],[127.79722,37.14595],[127.79798,37.14577],[127.79829,37.14566],[127.79832,37.14565],[127.79858,37.14554],[127.79895,37.14534],[127.79943,37.14509],[127.80008,37.1448],[127.80042,37.14466],[127.80065,37.14459],[127.80082,37.14455],[127.80099,37.14452],[127.80115,37.1445],[127.8013,37.1445],[127.80137,37.1445],[127.80171,37.14453],[127.80189,37.14457],[127.80212,37.14462],[127.80247,37.14476],[127.80259,37.14481],[127.80298,37.14501],[127.80352,37.14534],[127.80419,37.1458],[127.80508,37.14639],[127.80536,37.14657],[127.80619,37.14703],[127.80628,37.14707],[127.80642,37.14713],[127.80671,37.14722],[127.80677,37.14724],[127.80705,37.14729],[127.8073,37.14732],[127.80776,37.14736],[127.80795,37.14736],[127.80813,37.14735],[127.80835,37.14734],[127.80875,37.14731],[127.80921,37.14727],[127.80953,37.14721],[127.81001,37.14709],[127.81067,37.14685],[127.81145,37.14664],[127.81153,37.14663],[127.81166,37.1466],[127.81201,37.14658],[127.81475,37.14655],[127.81546,37.1466],[127.81575,37.14665],[127.81621,37.14679],[127.8166,37.14694],[127.81687,37.14705],[127.81759,37.14734],[127.81818,37.14761],[127.81837,37.14772],[127.82347,37.15105],[127.8243,37.15164],[127.82507,37.15221],[127.82726,37.15285],[127.83072,37.15294],[127.83285,37.15208],[127.83312,37.15202],[127.83356,37.15195],[127.83375,37.15193],[127.83615,37.15172],[127.8365,37.15171],[127.83665,37.15172],[127.83686,37.15174],[127.83706,37.15176],[127.84626,37.15285],[127.84873,37.15317],[127.84887,37.15319],[127.84943,37.15333],[127.8495,37.15335],[127.8496,37.15338],[127.84972,37.15343],[127.85015,37.15365],[127.85021,37.1537],[127.85031,37.15386],[127.85035,37.15397],[127.85041,37.15417],[127.85043,37.15426],[127.85055,37.15554],[127.85059,37.1561],[127.85062,37.15627],[127.85063,37.15631],[127.85072,37.15675],[127.85076,37.15693],[127.85083,37.15728],[127.85141,37.15915],[127.85145,37.15924],[127.85156,37.15944],[127.85162,37.1595],[127.85266,37.16048],[127.85295,37.16071],[127.85323,37.16089],[127.85338,37.16097],[127.85355,37.16101],[127.85368,37.16103],[127.85381,37.16104],[127.85387,37.16103],[127.85397,37.16101],[127.85428,37.16091],[127.85517,37.16062],[127.85526,37.16057],[127.85537,37.1605],[127.85543,37.16045],[127.85548,37.16037],[127.85553,37.16028],[127.85562,37.1599],[127.85563,37.1596],[127.85563,37.15939],[127.85561,37.15916],[127.85554,37.15889],[127.85549,37.15877],[127.85535,37.15851],[127.85528,37.15842],[127.85527,37.15829],[127.85528,37.15799],[127.85529,37.15793],[127.85537,37.15761],[127.8555,37.15724],[127.85577,37.15659],[127.85584,37.15651],[127.85588,37.15648],[127.8607,37.15539],[127.8608,37.15537],[127.86092,37.15537],[127.86109,37.15542],[127.86119,37.15546],[127.86136,37.15556],[127.86144,37.1556],[127.8616,37.15572],[127.8617,37.15582],[127.86175,37.1559],[127.86177,37.15596],[127.8618,37.15618],[127.8618,37.15631],[127.86179,37.15643],[127.86176,37.15665],[127.86171,37.15693],[127.86163,37.15734],[127.8615,37.15789],[127.86139,37.15851],[127.86116,37.15987],[127.86115,37.15998],[127.86116,37.16017],[127.86122,37.16037],[127.86132,37.16059],[127.8615,37.16091],[127.86162,37.16108],[127.86169,37.16118],[127.86192,37.16151],[127.86205,37.16165],[127.86218,37.16174],[127.8624,37.16186],[127.86959,37.16421],[127.86982,37.16428],[127.87013,37.16434],[127.87074,37.16439],[127.87164,37.16434],[127.87232,37.16435],[127.87249,37.16434],[127.87253,37.16434],[127.87263,37.16431],[127.87574,37.16338],[127.88158,37.16202],[127.88348,37.16179],[127.88357,37.16178],[127.88405,37.16166],[127.88661,37.16096],[127.88668,37.16092],[127.89398,37.15702],[127.89407,37.15696],[127.89484,37.15632],[127.89496,37.15621],[127.89504,37.15614],[127.8969,37.15396],[127.89703,37.15379],[127.89707,37.15374],[127.89726,37.1535],[127.89738,37.15334],[127.89743,37.15326],[127.89752,37.15313],[127.89766,37.15287],[127.89768,37.15276],[127.89778,37.15242],[127.898,37.15178],[127.89816,37.15151],[127.8988,37.15053],[127.89884,37.15047],[127.89887,37.15043],[127.89932,37.15005],[127.89938,37.15005]]]]}},{"type":"Feature","properties":{"code":"43130335","name":"대소원면","parent":"43130"},"geometry":{"type":"MultiPolygon","coordinates":[[[[127.88552,36.97444],[127.88333,36.97439],[127.88104,36.97448],[127.88087,36.97453],[127.88081,36.97453],[127.88039,36.9745],[127.88018,36.97447],[127.8799,36.97443],[127.87967,36.97437],[127.87957,36.97433],[127.87951,36.9743],[127.87941,36.97422],[127.87936,36.97417],[127.8793,36.9741],[127.87919,36.97388],[127.87814,36.97167],[127.87808,36.97153],[127.87806,36.97145],[127.87806,36.97137],[127.87806,36.97134],[127.87807,36.97131],[127.87813,36.97119],[127.87836,36.97085],[127.87838,36.9708],[127.87843,36.97071],[127.87845,36.97065],[127.87851,36.9705],[127.87902,36.96908],[127.8791,36.96882],[127.87913,36.96872],[127.87914,36.96866],[127.87917,36.96848],[127.87917,36.96842],[127.87918,36.96815],[127.87918,36.96808],[127.87917,36.96799],[127.87915,36.96781],[127.87912,36.96771],[127.87908,36.96757],[127.87903,36.96747],[127.87886,36.96718],[127.87884,36.96715],[127.87879,36.96708],[127.8786,36.96682],[127.87855,36.96677],[127.87825,36.96644],[127.87797,36.96616],[127.87792,36.96612],[127.87747,36.96569],[127.87741,36.96565],[127.87517,36.96314],[127.87611,36.96285],[127.87766,36.96224],[127.87942,36.96152],[127.87954,36.96144],[127.88052,36.96078],[127.88081,36.96046],[127.88085,36.96035],[127.88082,36.9603],[127.88074,36.96025],[127.88041,36.96017],[127.88015,36.96017],[127.87987,36.96022],[127.87954,36.96023],[127.87927,36.96019],[127.8792,36.96014],[127.87524,36.95561],[127.87516,36.95551],[127.87509,36.95537],[127.87494,36.95501],[127.87494,36.95498],[127.87495,36.95495],[127.87497,36.95492],[127.87632,36.95393],[127.87663,36.95372],[127.87705,36.95344],[127.87755,36.95315],[127.87584,36.94892],[127.87567,36.94868],[127.87533,36.94814],[127.8752,36.94789],[127.87501,36.94748],[127.87494,36.94714],[127.87515,36.9444],[127.87515,36.94435],[127.87523,36.94432],[127.87596,36.94421],[127.87667,36.94409],[127.87695,36.94402],[127.87739,36.9439],[127.87766,36.94381],[127.87797,36.94372],[127.87827,36.9436],[127.87836,36.94357],[127.87849,36.94348],[127.87863,36.94335],[127.87926,36.94241],[127.87932,36.94228],[127.87938,36.94214],[127.8794,36.9421],[127.87941,36.94202],[127.87942,36.94194],[127.87939,36.94185],[127.8793,36.94169],[127.87914,36.94154],[127.87891,36.94137],[127.87866,36.94124],[127.87815,36.94099],[127.87809,36.94096],[127.87795,36.94095],[127.87774,36.94091],[127.87752,36.94087],[127.87737,36.94084],[127.87727,36.9408],[127.87665,36.94034],[127.87655,36.94026],[127.87461,36.93836],[127.87389,36.93749],[127.87245,36.93525],[127.87202,36.93395],[127.87237,36.93187],[127.8727,36.93095],[127.87271,36.93091],[127.87277,36.93079],[127.87531,36.92767],[127.87714,36.92615],[127.87721,36.92609],[127.87731,36.92602],[127.87744,36.92592],[127.8775,36.92588],[127.87755,36.92587],[127.87763,36.92587],[127.87766,36.92587],[127.87772,36.92588],[127.87787,36.92592],[127.878,36.92596],[127.8784,36.92608],[127.87848,36.9261],[127.87859,36.92612],[127.87865,36.92612],[127.8799,36.92619],[127.88,36.92619],[127.88006,36.92618],[127.88012,36.92617],[127.88362,36.92522],[127.88371,36.92519],[127.88391,36.92513],[127.88459,36.92492],[127.8847,36.92488],[127.8869,36.92363],[127.89342,36.92217],[127.89586,36.92046],[127.89588,36.92035],[127.8959,36.92023],[127.89593,36.92018],[127.89627,36.91964],[127.89634,36.91956],[127.89648,36.91943],[127.89665,36.91928],[127.89674,36.91922],[127.89828,36.91809],[127.89952,36.91781],[127.90099,36.91751],[127.90116,36.91749],[127.90133,36.91749],[127.90153,36.9175],[127.90185,36.91755],[127.90214,36.9176],[127.90225,36.91763],[127.9024,36.91763],[127.90259,36.91764],[127.90286,36.91763],[127.90424,36.91755],[127.90438,36.91753],[127.9045,36.9175],[127.90459,36.91746],[127.90471,36.91738],[127.90483,36.91729],[127.90495,36.91719],[127.9072,36.91519],[127.90905,36.91347],[127.90948,36.91233],[127.90952,36.91225],[127.90958,36.91216],[127.90964,36.91208],[127.91053,36.91124],[127.91059,36.91119],[127.91078,36.91112],[127.91078,36.91096],[127.91079,36.91075],[127.91081,36.91065],[127.91083,36.91055],[127.91087,36.91045],[127.91094,36.91034],[127.91101,36.91024],[127.91111,36.91014],[127.91118,36.91008],[127.91124,36.91005],[127.91257,36.90944],[127.9148,36.9085],[127.91828,36.90735],[127.92114,36.90642],[127.92239,36.90603],[127.92336,36.90583],[127.92423,36.90564],[127.92448,36.90536],[127.92554,36.90331],[127.92579,36.90201],[127.92595,36.90078],[127.92586,36.90043],[127.92578,36.90009],[127.92559,36.89957],[127.92502,36.89916],[127.9241,36.89881],[127.92364,36.89865],[127.92304,36.89887],[127.92207,36.89925],[127.91777,36.9024],[127.91348,36.90493],[127.9132,36.90505],[127.91296,36.90513],[127.91269,36.90521],[127.91243,36.90526],[127.91226,36.90529],[127.90976,36.90573],[127.90962,36.90574],[127.90934,36.90577],[127.90853,36.90583],[127.90832,36.90584],[127.90812,36.90585],[127.9079,36.90583],[127.90757,36.90579],[127.907,36.90571],[127.90688,36.90569],[127.90675,36.90566],[127.90661,36.9056],[127.9065,36.90554],[127.90639,36.90546],[127.9063,36.90537],[127.90617,36.90526],[127.90603,36.90511],[127.90596,36.90504],[127.90593,36.905],[127.90584,36.90489],[127.90453,36.9032],[127.90431,36.90288],[127.90421,36.90261],[127.90417,36.90245],[127.90417,36.90237],[127.90419,36.90229],[127.90385,36.90131],[127.89951,36.89566],[127.89946,36.89559],[127.89932,36.89543],[127.89907,36.89518],[127.89892,36.89503],[127.8983,36.89443],[127.89692,36.89317],[127.89671,36.893],[127.89651,36.89283],[127.89581,36.89236],[127.89561,36.89222],[127.8955,36.89216],[127.89538,36.8921],[127.89518,36.892],[127.89505,36.89195],[127.8949,36.8919],[127.89473,36.89186],[127.8922,36.89131],[127.89205,36.89128],[127.88504,36.89067],[127.8827,36.89068],[127.88095,36.89011],[127.88035,36.89553],[127.88034,36.89556],[127.87854,36.89551],[127.87264,36.89566],[127.8707,36.89668],[127.86921,36.89705],[127.86806,36.89703],[127.86676,36.89675],[127.86581,36.89653],[127.8644,36.89637],[127.86391,36.89639],[127.86015,36.89921],[127.85943,36.902],[127.8594,36.90234],[127.85872,36.90467],[127.85769,36.90562],[127.85551,36.90687],[127.85455,36.90739],[127.85128,36.90898],[127.85003,36.90891],[127.84671,36.90895],[127.84635,36.90904],[127.84123,36.91117],[127.83928,36.9124],[127.83809,36.91331],[127.83834,36.91694],[127.8394,36.91948],[127.84006,36.92004],[127.84023,36.92022],[127.84045,36.92043],[127.84113,36.92121],[127.84209,36.92235],[127.84304,36.92643],[127.84312,36.9276],[127.84134,36.92904],[127.84028,36.92973],[127.83985,36.92985],[127.83705,36.9303],[127.83644,36.93027],[127.83373,36.93304],[127.8332,36.93311],[127.83266,36.93318],[127.83175,36.93316],[127.83097,36.93313],[127.83095,36.93316],[127.83093,36.93318],[127.83022,36.93423],[127.83047,36.93468],[127.83067,36.93504],[127.83084,36.93527],[127.83104,36.93554],[127.83115,36.93565],[127.83123,36.93573],[127.83231,36.93679],[127.83242,36.93684],[127.83252,36.9369],[127.8329,36.937],[127.83326,36.9371],[127.83355,36.93737],[127.83305,36.93974],[127.83295,36.93978],[127.83279,36.93983],[127.83266,36.93987],[127.83216,36.93992],[127.83161,36.93992],[127.83135,36.93987],[127.83109,36.93982],[127.83057,36.93976],[127.82642,36.94036],[127.82622,36.94076],[127.82599,36.94143],[127.82355,36.94287],[127.82299,36.94314],[127.8227,36.94327],[127.82241,36.94339],[127.82168,36.94336],[127.82149,36.94329],[127.8212,36.94318],[127.82098,36.9431],[127.82058,36.94262],[127.82067,36.94195],[127.82069,36.94155],[127.82047,36.94131],[127.8203,36.94126],[127.8177,36.9405],[127.81715,36.94063],[127.81662,36.94076],[127.81567,36.9408],[127.81169,36.94049],[127.81025,36.9401],[127.80969,36.94038],[127.8082,36.94123],[127.80753,36.94192],[127.80685,36.9434],[127.8068,36.94495],[127.80641,36.94593],[127.80144,36.94735],[127.80045,36.94751],[127.8003,36.9478],[127.80016,36.94809],[127.80008,36.94828],[127.80005,36.94843],[127.79979,36.95008],[127.79979,36.9502],[127.79983,36.95031],[127.79986,36.95037],[127.80176,36.95287],[127.80277,36.95746],[127.80398,36.95993],[127.80664,36.96302],[127.81042,36.96257],[127.81076,36.9625],[127.81108,36.96251],[127.8123,36.96264],[127.81271,36.96297],[127.81324,36.96381],[127.81442,36.96953],[127.81472,36.97228],[127.81461,36.9726],[127.81284,36.97406],[127.81133,36.9742],[127.80983,36.97434],[127.80973,36.97435],[127.80652,36.97469],[127.80629,36.97472],[127.80497,36.97828],[127.80489,36.97848],[127.80475,36.9789],[127.80418,36.98089],[127.80415,36.98101],[127.80411,36.98115],[127.80408,36.98132],[127.80405,36.9815],[127.80402,36.98168],[127.80401,36.98187],[127.804,36.98198],[127.80401,36.98214],[127.80402,36.98225],[127.80404,36.98233],[127.80456,36.98483],[127.80458,36.9849],[127.8046,36.98495],[127.80462,36.98498],[127.8083,36.98854],[127.81069,36.99033],[127.81079,36.99039],[127.81088,36.99044],[127.81096,36.99046],[127.81102,36.99048],[127.81112,36.9905],[127.8112,36.99051],[127.81139,36.99054],[127.81159,36.99057],[127.8117,36.99061],[127.81186,36.99066],[127.81194,36.9907],[127.8121,36.99078],[127.81226,36.99089],[127.81241,36.991],[127.81255,36.9911],[127.81264,36.99118],[127.81278,36.99133],[127.81427,36.99299],[127.81435,36.99309],[127.81446,36.99326],[127.81456,36.99346],[127.81471,36.99376],[127.81478,36.9939],[127.8148,36.99397],[127.81482,36.99408],[127.81483,36.99414],[127.81482,36.9942],[127.81481,36.99425],[127.8148,36.9943],[127.81489,36.99611],[127.81507,36.99756],[127.81875,37.00262],[127.82327,37.00606],[127.82334,37.00613],[127.82369,37.00655],[127.82378,37.00667],[127.82474,37.0081],[127.82475,37.00924],[127.82664,37.0103],[127.82713,37.00928],[127.82717,37.00923],[127.82729,37.00915],[127.82781,37.00884],[127.82812,37.0087],[127.82826,37.00865],[127.82832,37.00862],[127.82837,37.00857],[127.82888,37.00765],[127.82894,37.0075],[127.82896,37.00741],[127.82896,37.00735],[127.82893,37.00721],[127.82859,37.0063],[127.82821,37.0055],[127.82883,37.00373],[127.82899,37.00343],[127.82925,37.00314],[127.82957,37.00294],[127.83007,37.00276],[127.83377,37.00232],[127.83392,37.00232],[127.83884,37.00238],[127.8402,37.00176],[127.8434,37.00191],[127.84371,37.00195],[127.84398,37.00201],[127.84695,37.00257],[127.85131,37.00215],[127.85151,37.00211],[127.85169,37.002],[127.85187,37.00181],[127.852,37.0016],[127.85203,37.00152],[127.85204,37.00134],[127.85201,37.0009],[127.85197,37.00033],[127.85191,37.00018],[127.85382,36.99327],[127.85389,36.99306],[127.85399,36.99288],[127.85803,36.99047],[127.85805,36.99024],[127.85818,36.98904],[127.85836,36.98833],[127.85858,36.98773],[127.85916,36.98665],[127.85925,36.98655],[127.85934,36.98648],[127.85949,36.9864],[127.8673,36.98401],[127.87178,36.98288],[127.87507,36.9805],[127.87543,36.98033],[127.87556,36.9803],[127.87561,36.98029],[127.87619,36.98018],[127.87639,36.98017],[127.8765,36.98024],[127.877,36.98059],[127.87717,36.98068],[127.87729,36.98071],[127.87742,36.9807],[127.87763,36.98067],[127.87777,36.98065],[127.88042,36.97978],[127.88053,36.97968],[127.88061,36.9795],[127.88063,36.9792],[127.8806,36.97867],[127.88061,36.97809],[127.8807,36.97787],[127.8813,36.97682],[127.88181,36.97604],[127.88188,36.97594],[127.88191,36.97591],[127.88195,36.9759],[127.88204,36.97589],[127.88216,36.9759],[127.88228,36.97591],[127.88276,36.97594],[127.88371,36.97585],[127.88379,36.97583],[127.88388,36.9758],[127.88397,36.97576],[127.88416,36.97561],[127.88504,36.97496],[127.88519,36.97483],[127.88526,36.97476],[127.88535,36.97467],[127.88539,36.97462],[127.88552,36.97444]]]]}},{"type":"Feature","properties":{"code":"43130385","name":"중앙탑면","parent":"43130"},"geometry":{"type":"MultiPolygon","coordinates":[[[[127.87826,37.07758],[127.87865,37.07733],[127.87977,37.07665],[127.88118,37.07579],[127.88189,37.07543],[127.88225,37.07528],[127.88265,37.07512],[127.8832,37.07489],[127.88365,37.07466],[127.88381,37.07457],[127.88401,37.07444],[127.88423,37.07428],[127.88477,37.07377],[127.8851,37.07339],[127.8853,37.07309],[127.8854,37.07291],[127.88572,37.07235],[127.88584,37.07212],[127.88615,37.07144],[127.88627,37.07114],[127.88641,37.07079],[127.88648,37.07056],[127.88656,37.0703],[127.8868,37.06944],[127.88706,37.06843],[127.88817,37.06538],[127.88902,37.06341],[127.88908,37.06321],[127.88916,37.06285],[127.88919,37.0626],[127.8892,37.06238],[127.88918,37.06223],[127.88912,37.06198],[127.88902,37.0617],[127.88893,37.06145],[127.88859,37.06072],[127.88806,37.05966],[127.8877,37.05897],[127.88742,37.05847],[127.88702,37.05781],[127.88688,37.05757],[127.88642,37.05687],[127.88608,37.05641],[127.8857,37.05591],[127.88536,37.05548],[127.88495,37.05499],[127.88478,37.05481],[127.88465,37.05466],[127.8844,37.05439],[127.88371,37.05371],[127.88342,37.05343],[127.88275,37.05286],[127.88229,37.05248],[127.88209,37.05234],[127.881,37.05166],[127.88066,37.05146],[127.88023,37.05121],[127.87987,37.05102],[127.87902,37.0506],[127.87676,37.04949],[127.87639,37.04932],[127.87561,37.04896],[127.87472,37.04862],[127.8737,37.04822],[127.87219,37.04767],[127.87111,37.04732],[127.87088,37.04724],[127.86992,37.04694],[127.86873,37.04653],[127.86847,37.04643],[127.86811,37.04628],[127.86792,37.0462],[127.86761,37.04603],[127.86724,37.04581],[127.867,37.04565],[127.86674,37.04548],[127.86575,37.04468],[127.86529,37.04429],[127.86031,37.04001],[127.85914,37.03892],[127.85881,37.0386],[127.85858,37.03833],[127.85832,37.03799],[127.85822,37.03783],[127.85813,37.03761],[127.85807,37.03739],[127.85804,37.03719],[127.85803,37.0368],[127.85805,37.03648],[127.85846,37.03485],[127.85867,37.03419],[127.8589,37.03368],[127.85892,37.03364],[127.85916,37.03315],[127.85933,37.03288],[127.85952,37.03261],[127.85984,37.03221],[127.86094,37.03097],[127.86167,37.03017],[127.86282,37.02896],[127.86363,37.02818],[127.86396,37.02786],[127.8641,37.02772],[127.86422,37.02758],[127.86449,37.02723],[127.86485,37.02676],[127.86531,37.02614],[127.86568,37.0256],[127.8663,37.02465],[127.86654,37.02424],[127.86681,37.02368],[127.86698,37.02329],[127.86724,37.02266],[127.86773,37.02144],[127.86823,37.02007],[127.86882,37.01827],[127.86912,37.01733],[127.86933,37.01665],[127.8696,37.01586],[127.87057,37.0133],[127.8709,37.01249],[127.87138,37.01149],[127.87179,37.01067],[127.8726,37.00915],[127.87313,37.0082],[127.87341,37.00773],[127.87617,37.0032],[127.87634,37.00295],[127.8764,37.00287],[127.87765,37.00147],[127.88472,36.99425],[127.88814,36.99089],[127.88843,36.99062],[127.88864,36.99047],[127.88897,36.99033],[127.88943,36.98905],[127.88962,36.98846],[127.89052,36.98569],[127.89073,36.98481],[127.89314,36.98284],[127.89242,36.98186],[127.89152,36.9803],[127.89129,36.9797],[127.89105,36.97899],[127.89082,36.97816],[127.89071,36.97742],[127.8907,36.97699],[127.89082,36.9762],[127.89093,36.97555],[127.89121,36.97463],[127.89046,36.97372],[127.89016,36.97355],[127.88997,36.97344],[127.88899,36.97336],[127.88761,36.97379],[127.88689,36.97451],[127.88618,36.97457],[127.88552,36.97444],[127.88539,36.97462],[127.88535,36.97467],[127.88526,36.97476],[127.88519,36.97483],[127.88504,36.97496],[127.88416,36.97561],[127.88397,36.97576],[127.88388,36.9758],[127.88379,36.97583],[127.88371,36.97585],[127.88276,36.97594],[127.88228,36.97591],[127.88216,36.9759],[127.88204,36.97589],[127.88195,36.9759],[127.88191,36.97591],[127.88188,36.97594],[127.88181,36.97604],[127.8813,36.97682],[127.8807,36.97787],[127.88061,36.97809],[127.8806,36.97867],[127.88063,36.9792],[127.88061,36.9795],[127.88053,36.97968],[127.88042,36.97978],[127.87777,36.98065],[127.87763,36.98067],[127.87742,36.9807],[127.87729,36.98071],[127.87717,36.98068],[127.877,36.98059],[127.8765,36.98024],[127.87639,36.98017],[127.87619,36.98018],[127.87561,36.98029],[127.87556,36.9803],[127.87543,36.98033],[127.87507,36.9805],[127.87178,36.98288],[127.8673,36.98401],[127.85949,36.9864],[127.85934,36.98648],[127.85925,36.98655],[127.85916,36.98665],[127.85858,36.98773],[127.85836,36.98833],[127.85818,36.98904],[127.85805,36.99024],[127.85803,36.99047],[127.85399,36.99288],[127.85389,36.99306],[127.85382,36.99327],[127.85191,37.00018],[127.85197,37.00033],[127.85201,37.0009],[127.85204,37.00134],[127.85203,37.00152],[127.852,37.0016],[127.85187,37.00181],[127.85169,37.002],[127.85151,37.00211],[127.85131,37.00215],[127.84695,37.00257],[127.84398,37.00201],[127.84371,37.00195],[127.8434,37.00191],[127.8402,37.00176],[127.83884,37.00238],[127.83392,37.00232],[127.83377,37.00232],[127.83007,37.00276],[127.82957,37.00294],[127.82925,37.00314],[127.82899,37.00343],[127.82883,37.00373],[127.82821,37.0055],[127.82859,37.0063],[127.82893,37.00721],[127.82896,37.00735],[127.82896,37.00741],[127.82894,37.0075],[127.82888,37.00765],[127.82837,37.00857],[127.82832,37.00862],[127.82826,37.00865],[127.82812,37.0087],[127.82781,37.00884],[127.82729,37.00915],[127.82717,37.00923],[127.82713,37.00928],[127.82664,37.0103],[127.82498,37.01084],[127.82491,37.01086],[127.82486,37.0109],[127.82305,37.01285],[127.82295,37.01301],[127.82245,37.01455],[127.82244,37.01466],[127.82246,37.0148],[127.82236,37.01669],[127.82096,37.02222],[127.82093,37.02228],[127.82083,37.02236],[127.82064,37.0225],[127.81911,37.02365],[127.81799,37.02493],[127.81804,37.02631],[127.81805,37.02661],[127.81783,37.02771],[127.8177,37.0281],[127.81762,37.02828],[127.81748,37.02852],[127.81734,37.0287],[127.81726,37.02878],[127.81718,37.02883],[127.81567,37.02956],[127.81554,37.02961],[127.8153,37.02966],[127.81389,37.02986],[127.81353,37.0299],[127.81318,37.02991],[127.81288,37.0299],[127.81265,37.02988],[127.81234,37.02981],[127.81203,37.02973],[127.81174,37.02966],[127.8115,37.02958],[127.81129,37.02949],[127.81112,37.0294],[127.81106,37.02936],[127.8101,37.02987],[127.80993,37.02998],[127.80973,37.03013],[127.8095,37.03036],[127.8093,37.03066],[127.80916,37.03091],[127.80877,37.03191],[127.80872,37.03203],[127.80869,37.03214],[127.80869,37.03227],[127.80869,37.03244],[127.80875,37.03261],[127.80884,37.03279],[127.80896,37.03296],[127.81027,37.035],[127.8112,37.03708],[127.81116,37.03867],[127.81115,37.03895],[127.81112,37.03918],[127.81109,37.0393],[127.81106,37.03939],[127.81098,37.03949],[127.81093,37.03953],[127.81087,37.03957],[127.81073,37.03963],[127.81069,37.03967],[127.81023,37.04039],[127.81017,37.04053],[127.81014,37.0407],[127.8101,37.04087],[127.81008,37.04105],[127.81009,37.04118],[127.81012,37.04132],[127.81016,37.04139],[127.81387,37.04689],[127.81419,37.0472],[127.81785,37.04803],[127.81993,37.0484],[127.82024,37.04842],[127.82047,37.04846],[127.82061,37.0485],[127.82075,37.04858],[127.82081,37.04863],[127.82084,37.04868],[127.82085,37.04873],[127.81999,37.05332],[127.81995,37.05337],[127.81986,37.05339],[127.81942,37.05343],[127.81895,37.05353],[127.81865,37.05363],[127.81835,37.05379],[127.81512,37.05564],[127.815,37.05573],[127.81496,37.05577],[127.81487,37.0559],[127.81479,37.0561],[127.8143,37.05736],[127.8143,37.05745],[127.81431,37.05756],[127.81474,37.06042],[127.81496,37.06126],[127.81524,37.06209],[127.81552,37.06206],[127.81567,37.06186],[127.81576,37.06146],[127.81591,37.06097],[127.81605,37.06056],[127.817,37.05951],[127.81774,37.05889],[127.81818,37.05858],[127.81841,37.05852],[127.81873,37.05848],[127.81946,37.05849],[127.81995,37.05856],[127.82037,37.05866],[127.82076,37.05884],[127.82126,37.05924],[127.82384,37.06251],[127.82391,37.06302],[127.82392,37.06393],[127.82383,37.06517],[127.82334,37.06645],[127.82292,37.06726],[127.82259,37.06774],[127.82225,37.0682],[127.82275,37.06872],[127.82283,37.06878],[127.82425,37.0699],[127.82435,37.06998],[127.82454,37.07009],[127.82523,37.07044],[127.82581,37.07072],[127.82656,37.07105],[127.82688,37.07115],[127.82734,37.07124],[127.82757,37.07131],[127.82778,37.07141],[127.82792,37.07152],[127.83139,37.07553],[127.83387,37.07934],[127.8339,37.07944],[127.83396,37.07961],[127.83397,37.07969],[127.83396,37.07986],[127.83354,37.08135],[127.8329,37.0822],[127.83284,37.08267],[127.83286,37.08307],[127.83289,37.08378],[127.83303,37.08616],[127.83325,37.08607],[127.83383,37.08585],[127.83475,37.08551],[127.83512,37.0854],[127.83524,37.08537],[127.83545,37.08533],[127.83601,37.08529],[127.83665,37.08527],[127.8371,37.08526],[127.83737,37.08524],[127.83877,37.08515],[127.83909,37.08513],[127.83947,37.0851],[127.83966,37.08508],[127.84044,37.08495],[127.84082,37.08488],[127.84107,37.08483],[127.84133,37.08478],[127.84206,37.08459],[127.84261,37.08443],[127.84299,37.08432],[127.84326,37.08422],[127.84382,37.084],[127.84487,37.08358],[127.84594,37.08315],[127.84768,37.08246],[127.8514,37.08112],[127.85271,37.08065],[127.85348,37.0804],[127.85393,37.08026],[127.85428,37.08017],[127.85474,37.08007],[127.85521,37.08001],[127.8553,37.08],[127.85548,37.07998],[127.85579,37.07997],[127.85615,37.07996],[127.85652,37.07997],[127.85694,37.08001],[127.8577,37.08011],[127.86079,37.08062],[127.86147,37.08076],[127.86191,37.08087],[127.86216,37.08095],[127.8624,37.08105],[127.86271,37.08119],[127.86372,37.08175],[127.86565,37.08278],[127.86633,37.08313],[127.86763,37.08378],[127.86788,37.0839],[127.86804,37.08395],[127.86836,37.08405],[127.86851,37.08408],[127.8707,37.08415],[127.87119,37.08417],[127.87196,37.08419],[127.87239,37.08418],[127.87272,37.08418],[127.87282,37.08418],[127.87311,37.08411],[127.87336,37.08399],[127.87358,37.08384],[127.87383,37.08366],[127.87405,37.08348],[127.87435,37.0832],[127.87518,37.0823],[127.8755,37.08195],[127.87586,37.08148],[127.87601,37.08118],[127.87609,37.08097],[127.87616,37.08068],[127.8762,37.0804],[127.87624,37.08008],[127.87631,37.07982],[127.87639,37.07962],[127.87656,37.07925],[127.87669,37.07902],[127.8769,37.07871],[127.87718,37.07839],[127.87748,37.07811],[127.87775,37.07788],[127.87826,37.07758]]]]}},{"type":"Feature","properties":{"code":"43130515","name":"성내·충인동","parent":"43130"},"geometry":{"type":"MultiPolygon","coordinates":[[[[127.93479,36.97336],[127.93513,36.97321],[127.9385,36.97108],[127.93844,36.97084],[127.93829,36.97021],[127.93812,36.96947],[127.93814,36.96919],[127.93832,36.96832],[127.93841,36.96787],[127.93856,36.9671],[127.93794,36.96707],[127.93747,36.96711],[127.93418,36.96741],[127.93368,36.9676],[127.93309,36.96871],[127.93258,36.96868],[127.93016,36.97059],[127.92992,36.97112],[127.92915,36.97312],[127.92738,36.97576],[127.92768,36.97593],[127.92798,36.97593],[127.92934,36.97589],[127.92966,36.97585],[127.93074,36.97571],[127.93082,36.9757],[127.93195,36.97522],[127.93274,36.97468],[127.9334,36.97424],[127.93345,36.97421],[127.93479,36.97336]]]]}},{"type":"Feature","properties":{"code":"43130535","name":"교현·안림동","parent":"43130"},"geometry":{"type":"MultiPolygon","coordinates":[[[[128.02817,36.96529],[128.02715,36.96503],[128.02386,36.96385],[128.01972,36.9619],[128.01436,36.95894],[128.01252,36.95788],[128.01213,36.95759],[128.01185,36.95714],[128.00987,36.9548],[128.00539,36.9507],[128.00527,36.95063],[128.00517,36.95056],[128.00501,36.95048],[128.00453,36.95031],[128.00409,36.9502],[128.00388,36.95016],[128.00351,36.9502],[128.00302,36.95037],[128.0028,36.95052],[128.00226,36.95094],[128.00165,36.95146],[128.00119,36.95187],[128.0006,36.95246],[128.00011,36.95285],[127.99954,36.95331],[127.99905,36.95366],[127.99644,36.9554],[127.9949,36.95548],[127.99466,36.95548],[127.99452,36.95547],[127.9944,36.95547],[127.99428,36.95545],[127.9941,36.95543],[127.99385,36.95538],[127.99376,36.95535],[127.99351,36.95525],[127.99218,36.95463],[127.99165,36.95431],[127.99155,36.95425],[127.99133,36.95408],[127.99126,36.95402],[127.99074,36.95358],[127.98813,36.95218],[127.98797,36.9521],[127.98788,36.95209],[127.98774,36.9521],[127.98759,36.95212],[127.98745,36.9522],[127.98725,36.95235],[127.98635,36.95273],[127.98166,36.95368],[127.98123,36.95376],[127.98115,36.95377],[127.98109,36.95378],[127.98104,36.95378],[127.98097,36.95378],[127.98061,36.95377],[127.9778,36.95347],[127.97755,36.95416],[127.97701,36.95508],[127.97472,36.95655],[127.97454,36.95661],[127.97392,36.95668],[127.96107,36.95692],[127.96083,36.95691],[127.96053,36.95683],[127.9596,36.95636],[127.95925,36.95609],[127.95911,36.95553],[127.95913,36.95524],[127.95807,36.95553],[127.95796,36.95557],[127.95758,36.95574],[127.95748,36.95579],[127.95718,36.95602],[127.95691,36.95622],[127.95663,36.95648],[127.95648,36.95661],[127.95505,36.95822],[127.95477,36.95855],[127.9547,36.95864],[127.95416,36.95932],[127.9541,36.95941],[127.95405,36.95952],[127.95401,36.95968],[127.95402,36.9598],[127.95399,36.95994],[127.9538,36.96021],[127.95351,36.96055],[127.9534,36.96065],[127.95272,36.96116],[127.95141,36.96212],[127.95131,36.96218],[127.94781,36.96412],[127.94693,36.96433],[127.94695,36.96371],[127.94331,36.96359],[127.94318,36.96358],[127.94309,36.96398],[127.94292,36.96476],[127.93976,36.96717],[127.93832,36.96832],[127.93814,36.96919],[127.93812,36.96947],[127.93829,36.97021],[127.93844,36.97084],[127.9385,36.97108],[127.93513,36.97321],[127.93479,36.97336],[127.93541,36.97756],[127.93541,36.97759],[127.93542,36.97776],[127.93539,36.97817],[127.93537,36.97846],[127.93472,36.9808],[127.93751,36.9812],[127.93867,36.9812],[127.93887,36.98099],[127.94183,36.98055],[127.94592,36.98051],[127.94979,36.98309],[127.95131,36.98472],[127.95201,36.98547],[127.95516,36.98672],[127.96043,36.98819],[127.96541,36.98853],[127.96548,36.98856],[127.96571,36.98873],[127.96788,36.99053],[127.9694,36.99165],[127.97068,36.99087],[127.97205,36.99031],[127.97223,36.99027],[127.97345,36.9901],[127.97431,36.99],[127.97516,36.99012],[127.97556,36.99022],[127.97601,36.99052],[127.97627,36.99068],[127.97663,36.99096],[127.97708,36.99145],[127.97736,36.99185],[127.97757,36.99216],[127.97774,36.99246],[127.97792,36.99293],[127.97794,36.99317],[127.97784,36.9935],[127.97775,36.9938],[127.97715,36.99463],[127.97686,36.99494],[127.97648,36.99531],[127.97596,36.99556],[127.97411,36.99765],[127.97101,37.00189],[127.97113,37.00308],[127.97223,37.00718],[127.97241,37.00744],[127.97272,37.00777],[127.97298,37.00792],[127.97326,37.00805],[127.97384,37.00813],[127.97407,37.00833],[127.97421,37.00845],[127.97435,37.00863],[127.97435,37.00879],[127.97404,37.0091],[127.97382,37.00925],[127.97193,37.01027],[127.97088,37.01078],[127.97058,37.01112],[127.96824,37.01464],[127.96821,37.01485],[127.96839,37.01511],[127.97049,37.01729],[127.97242,37.016],[127.9733,37.01548],[127.97629,37.0137],[127.97688,37.01334],[127.9775,37.01302],[127.97777,37.01289],[127.97815,37.01273],[127.97865,37.01255],[127.979,37.01244],[127.97955,37.01233],[127.97992,37.01228],[127.98063,37.0122],[127.98177,37.01208],[127.9821,37.01204],[127.9824,37.01199],[127.98259,37.01195],[127.98276,37.0119],[127.98425,37.01146],[127.98467,37.01133],[127.98602,37.01085],[127.98699,37.0105],[127.98715,37.01042],[127.9877,37.01004],[127.98949,37.00865],[127.99007,37.00819],[127.99198,37.00643],[127.99736,37.00102],[127.99858,36.99898],[127.99905,36.99817],[127.99938,36.99759],[127.99943,36.99748],[128.00002,36.9962],[128.00038,36.99436],[128.00067,36.99219],[128.00104,36.99061],[128.00251,36.9877],[128.00317,36.9858],[128.00328,36.98461],[128.00345,36.98343],[128.00376,36.98257],[128.00382,36.98241],[128.00473,36.98134],[128.00652,36.97965],[128.00773,36.97827],[128.00819,36.97732],[128.00851,36.97577],[128.00895,36.97488],[128.00989,36.97403],[128.01097,36.97326],[128.01307,36.97212],[128.01477,36.97143],[128.01717,36.97078],[128.02097,36.96992],[128.02394,36.96887],[128.02632,36.96758],[128.02675,36.96721],[128.02817,36.96529]]]]}},{"type":"Feature","properties":{"code":"43130540","name":"교현2동","parent":"43130"},"geometry":{"type":"MultiPolygon","coordinates":[[[[127.93472,36.9808],[127.93537,36.97846],[127.93539,36.97817],[127.93542,36.97776],[127.93541,36.97759],[127.93541,36.97756],[127.93479,36.97336],[127.93345,36.97421],[127.9334,36.97424],[127.93274,36.97468],[127.93195,36.97522],[127.93082,36.9757],[127.93074,36.97571],[127.92966,36.97585],[127.92934,36.97589],[127.92798,36.97593],[127.92768,36.97593],[127.92738,36.97576],[127.92646,36.9768],[127.925,36.97751],[127.92441,36.97774],[127.92423,36.97781],[127.92367,36.97795],[127.92326,36.97802],[127.92285,36.97808],[127.92244,36.97809],[127.92188,36.97807],[127.9218,36.97876],[127.92217,36.97932],[127.92256,36.9798],[127.92301,36.97957],[127.92305,36.97959],[127.92387,36.98304],[127.92399,36.98353],[127.92403,36.98371],[127.92407,36.98409],[127.92411,36.98459],[127.92411,36.98467],[127.92659,36.98463],[127.92709,36.98462],[127.92776,36.98445],[127.9283,36.98432],[127.9283,36.98373],[127.92829,36.98243],[127.93443,36.98231],[127.93465,36.98117],[127.93467,36.98107],[127.93472,36.9808]]]]}},{"type":"Feature","properties":{"code":"43130550","name":"용산동","parent":"43130"},"geometry":{"type":"MultiPolygon","coordinates":[[[[127.93832,36.96832],[127.93976,36.96717],[127.94292,36.96476],[127.94309,36.96398],[127.94318,36.96358],[127.94331,36.96359],[127.94695,36.96371],[127.94693,36.96433],[127.94781,36.96412],[127.95131,36.96218],[127.95141,36.96212],[127.95272,36.96116],[127.9534,36.96065],[127.95351,36.96055],[127.9538,36.96021],[127.95399,36.95994],[127.95402,36.9598],[127.95401,36.95968],[127.95405,36.95952],[127.9541,36.95941],[127.95416,36.95932],[127.9547,36.95864],[127.95477,36.95855],[127.95505,36.95822],[127.95648,36.95661],[127.95663,36.95648],[127.95691,36.95622],[127.95718,36.95602],[127.95748,36.95579],[127.95758,36.95574],[127.95796,36.95557],[127.95807,36.95553],[127.95913,36.95524],[127.95873,36.95475],[127.95862,36.95472],[127.95564,36.95438],[127.95435,36.9544],[127.95263,36.9546],[127.95229,36.95471],[127.95053,36.95533],[127.95022,36.95544],[127.94838,36.95658],[127.94776,36.95705],[127.94756,36.9574],[127.94736,36.9576],[127.94707,36.95773],[127.94701,36.95776],[127.94244,36.9587],[127.94038,36.95873],[127.93833,36.95866],[127.93842,36.95832],[127.93848,36.95806],[127.93814,36.958],[127.9364,36.95774],[127.93627,36.95786],[127.9355,36.95958],[127.9346,36.96381],[127.93304,36.9682],[127.93258,36.96868],[127.93309,36.96871],[127.93368,36.9676],[127.93418,36.96741],[127.93747,36.96711],[127.93794,36.96707],[127.93856,36.9671],[127.93841,36.96787],[127.93832,36.96832]]]]}},{"type":"Feature","properties":{"code":"43130560","name":"지현동","parent":"43130"},"geometry":{"type":"MultiPolygon","coordinates":[[[[127.92992,36.97112],[127.93016,36.97059],[127.93258,36.96868],[127.93304,36.9682],[127.9346,36.96381],[127.9355,36.95958],[127.93549,36.95941],[127.93545,36.95915],[127.93521,36.95859],[127.93414,36.95665],[127.93352,36.95581],[127.9328,36.95513],[127.93231,36.95476],[127.93222,36.95482],[127.93214,36.9549],[127.93206,36.95497],[127.93185,36.95537],[127.93097,36.95722],[127.93085,36.95767],[127.93082,36.95815],[127.93081,36.9582],[127.9307,36.96056],[127.93085,36.96121],[127.92989,36.96243],[127.92878,36.96351],[127.92855,36.96381],[127.92873,36.96425],[127.92882,36.96445],[127.92953,36.96564],[127.93057,36.9662],[127.93065,36.9662],[127.93076,36.96623],[127.93072,36.96674],[127.93065,36.96716],[127.93063,36.96727],[127.93058,36.9674],[127.92981,36.96832],[127.92862,36.96948],[127.92748,36.96949],[127.92747,36.96967],[127.92745,36.96994],[127.92742,36.97052],[127.92743,36.97056],[127.92854,36.97102],[127.92926,36.97124],[127.92931,36.97125],[127.92937,36.97125],[127.92973,36.97122],[127.92992,36.97112]]]]}},{"type":"Feature","properties":{"code":"43130571","name":"문화동","parent":"43130"},"geometry":{"type":"MultiPolygon","coordinates":[[[[127.92915,36.97312],[127.92992,36.97112],[127.92973,36.97122],[127.92937,36.97125],[127.92931,36.97125],[127.92926,36.97124],[127.92854,36.97102],[127.92743,36.97056],[127.92742,36.97052],[127.92745,36.96994],[127.92747,36.96967],[127.92748,36.96949],[127.92862,36.96948],[127.92981,36.96832],[127.93058,36.9674],[127.93063,36.96727],[127.93065,36.96716],[127.93072,36.96674],[127.93076,36.96623],[127.93065,36.9662],[127.93057,36.9662],[127.92953,36.96564],[127.92882,36.96445],[127.92407,36.96643],[127.92391,36.96649],[127.92385,36.96651],[127.92352,36.96663],[127.92291,36.96656],[127.92171,36.96555],[127.92137,36.96519],[127.92106,36.96486],[127.92061,36.96445],[127.92047,36.96438],[127.92008,36.9642],[127.91897,36.9641],[127.91806,36.96462],[127.91492,36.96741],[127.91472,36.96764],[127.91383,36.96905],[127.91379,36.96917],[127.91608,36.97016],[127.91987,36.97252],[127.92337,36.97449],[127.92485,36.97511],[127.925,36.97503],[127.92516,36.97482],[127.92516,36.97479],[127.92915,36.97312]]]]}},{"type":"Feature","properties":{"code":"43130580","name":"호암·직동","parent":"43130"},"geometry":{"type":"MultiPolygon","coordinates":[[[[127.92882,36.96445],[127.92873,36.96425],[127.92855,36.96381],[127.92878,36.96351],[127.92989,36.96243],[127.93085,36.96121],[127.9307,36.96056],[127.93081,36.9582],[127.93082,36.95815],[127.93085,36.95767],[127.93097,36.95722],[127.93185,36.95537],[127.93206,36.95497],[127.93214,36.9549],[127.93222,36.95482],[127.93231,36.95476],[127.9328,36.95513],[127.93352,36.95581],[127.93414,36.95665],[127.93521,36.95859],[127.93545,36.95915],[127.93549,36.95941],[127.9355,36.95958],[127.93627,36.95786],[127.9364,36.95774],[127.93814,36.958],[127.93848,36.95806],[127.93842,36.95832],[127.93833,36.95866],[127.94038,36.95873],[127.94244,36.9587],[127.94701,36.95776],[127.94707,36.95773],[127.94736,36.9576],[127.94756,36.9574],[127.94776,36.95705],[127.94838,36.95658],[127.95022,36.95544],[127.95053,36.95533],[127.95229,36.95471],[127.95263,36.9546],[127.95435,36.9544],[127.95564,36.95438],[127.95862,36.95472],[127.95873,36.95475],[127.95913,36.95524],[127.95911,36.95553],[127.95925,36.95609],[127.9596,36.95636],[127.96053,36.95683],[127.96083,36.95691],[127.96107,36.95692],[127.97392,36.95668],[127.97454,36.95661],[127.97472,36.95655],[127.97701,36.95508],[127.97755,36.95416],[127.9778,36.95347],[127.97749,36.95268],[127.97748,36.95262],[127.97777,36.9504],[127.97781,36.95027],[127.97837,36.94869],[127.97872,36.94802],[127.97875,36.94797],[127.98013,36.94687],[127.98173,36.94608],[127.98183,36.94604],[127.98197,36.94596],[127.9821,36.94587],[127.98308,36.94519],[127.98369,36.9445],[127.9859,36.94197],[127.98574,36.94148],[127.98463,36.9407],[127.98453,36.94065],[127.98444,36.9406],[127.98435,36.94057],[127.98426,36.94055],[127.98418,36.94054],[127.98408,36.94054],[127.984,36.94054],[127.98395,36.94053],[127.98388,36.9405],[127.98379,36.94045],[127.98368,36.94039],[127.98304,36.94],[127.98297,36.93995],[127.98292,36.9399],[127.9822,36.93922],[127.98071,36.93754],[127.98069,36.93748],[127.98068,36.93738],[127.98065,36.93656],[127.98063,36.93597],[127.98063,36.93574],[127.98064,36.93568],[127.98075,36.93509],[127.98079,36.935],[127.98086,36.93491],[127.98121,36.93454],[127.98131,36.93444],[127.98146,36.93434],[127.98155,36.93428],[127.9816,36.93421],[127.98196,36.93376],[127.98237,36.93313],[127.9824,36.93307],[127.98243,36.933],[127.98261,36.93249],[127.98298,36.93123],[127.98302,36.93109],[127.98305,36.93079],[127.98303,36.93065],[127.98302,36.93055],[127.98299,36.93047],[127.98296,36.93042],[127.9829,36.93037],[127.98281,36.93034],[127.98254,36.93024],[127.98248,36.93022],[127.97986,36.92943],[127.9782,36.92895],[127.97576,36.92849],[127.97385,36.9282],[127.96906,36.93077],[127.969,36.93082],[127.9678,36.93315],[127.96734,36.93437],[127.96727,36.93457],[127.96724,36.93465],[127.96716,36.93471],[127.96598,36.93541],[127.96591,36.93544],[127.96582,36.93545],[127.96496,36.93546],[127.96476,36.93546],[127.96466,36.93544],[127.9645,36.93539],[127.96434,36.93534],[127.96419,36.93528],[127.9639,36.93522],[127.96355,36.93516],[127.96216,36.93491],[127.96203,36.93489],[127.96179,36.93488],[127.95758,36.93486],[127.9558,36.93493],[127.95245,36.9339],[127.95233,36.93376],[127.95219,36.93366],[127.95208,36.9336],[127.9519,36.93353],[127.95163,36.93343],[127.9514,36.93337],[127.95127,36.93336],[127.94858,36.93333],[127.9484,36.93335],[127.94825,36.93338],[127.94704,36.93367],[127.94596,36.93409],[127.94588,36.93413],[127.94585,36.93418],[127.94579,36.93439],[127.94566,36.93536],[127.94546,36.93634],[127.94538,36.93665],[127.94532,36.9368],[127.94518,36.93701],[127.94505,36.93716],[127.945,36.93719],[127.94495,36.93721],[127.94252,36.93791],[127.94237,36.93795],[127.94203,36.93798],[127.94189,36.93799],[127.94168,36.93797],[127.93729,36.93764],[127.93715,36.93762],[127.93706,36.93759],[127.93616,36.93716],[127.93402,36.93917],[127.93337,36.93957],[127.93286,36.93982],[127.9324,36.9399],[127.93201,36.93989],[127.9314,36.93973],[127.9301,36.93951],[127.92796,36.93982],[127.92773,36.93991],[127.92371,36.94255],[127.92305,36.94307],[127.92189,36.94402],[127.92149,36.94435],[127.92101,36.94491],[127.91616,36.95088],[127.91422,36.95364],[127.91209,36.95669],[127.91314,36.95808],[127.91381,36.95894],[127.91468,36.96005],[127.91547,36.96096],[127.91732,36.96292],[127.91897,36.9641],[127.92008,36.9642],[127.92047,36.96438],[127.92061,36.96445],[127.92106,36.96486],[127.92137,36.96519],[127.92171,36.96555],[127.92291,36.96656],[127.92352,36.96663],[127.92385,36.96651],[127.92391,36.96649],[127.92407,36.96643],[127.92882,36.96445]]]]}},{"type":"Feature","properties":{"code":"43130605","name":"달천동","parent":"43130"},"geometry":{"type":"MultiPolygon","coordinates":[[[[127.91379,36.96917],[127.91383,36.96905],[127.91472,36.96764],[127.91492,36.96741],[127.91806,36.96462],[127.91897,36.9641],[127.91732,36.96292],[127.91547,36.96096],[127.91468,36.96005],[127.91381,36.95894],[127.91314,36.95808],[127.91209,36.95669],[127.91422,36.95364],[127.91616,36.95088],[127.92101,36.94491],[127.92149,36.94435],[127.92189,36.94402],[127.92305,36.94307],[127.92371,36.94255],[127.92773,36.93991],[127.92796,36.93982],[127.9301,36.93951],[127.9314,36.93973],[127.93201,36.93989],[127.9324,36.9399],[127.93286,36.93982],[127.93337,36.93957],[127.93402,36.93917],[127.93616,36.93716],[127.93493,36.93628],[127.93135,36.93396],[127.93097,36.93374],[127.93074,36.93359],[127.93035,36.93335],[127.93033,36.93333],[127.93031,36.93329],[127.9304,36.93306],[127.93049,36.93284],[127.93066,36.93241],[127.93081,36.932],[127.93089,36.93156],[127.93091,36.93133],[127.93091,36.9312],[127.93087,36.93092],[127.93083,36.93076],[127.93074,36.93049],[127.93065,36.93031],[127.93047,36.93005],[127.93029,36.92983],[127.93007,36.92958],[127.9299,36.92941],[127.92954,36.92907],[127.92928,36.92883],[127.9292,36.92876],[127.92881,36.92843],[127.92838,36.9281],[127.92803,36.92788],[127.92739,36.92747],[127.92654,36.92693],[127.92328,36.92481],[127.92282,36.92451],[127.92265,36.92439],[127.9223,36.92414],[127.92206,36.92395],[127.92163,36.92362],[127.92096,36.92307],[127.92066,36.92281],[127.92031,36.92251],[127.92018,36.9224],[127.92006,36.92228],[127.91995,36.92217],[127.91987,36.92206],[127.91952,36.92162],[127.91934,36.92138],[127.91918,36.92115],[127.91884,36.92063],[127.91877,36.92051],[127.91862,36.92024],[127.91841,36.91986],[127.91835,36.91973],[127.91827,36.91953],[127.91811,36.91912],[127.91806,36.91895],[127.918,36.91874],[127.91786,36.91822],[127.91782,36.918],[127.91776,36.91765],[127.91772,36.91749],[127.91768,36.91735],[127.91762,36.91721],[127.91756,36.91711],[127.91747,36.917],[127.91734,36.91685],[127.91711,36.91658],[127.91699,36.91646],[127.91688,36.91635],[127.91654,36.91603],[127.9164,36.91591],[127.91622,36.91576],[127.91605,36.91563],[127.91589,36.91551],[127.91581,36.91545],[127.91573,36.91539],[127.91554,36.91529],[127.9154,36.91521],[127.9153,36.91516],[127.91509,36.91509],[127.91487,36.91503],[127.9145,36.91491],[127.91426,36.9148],[127.91413,36.91473],[127.91396,36.91463],[127.91348,36.91434],[127.91329,36.91422],[127.91309,36.91409],[127.91277,36.91388],[127.91172,36.91316],[127.91159,36.91307],[127.91149,36.91298],[127.91137,36.91286],[127.91129,36.91277],[127.91122,36.91268],[127.91112,36.91252],[127.91102,36.91232],[127.91098,36.91221],[127.91093,36.91207],[127.91084,36.91177],[127.91081,36.91162],[127.91079,36.91149],[127.91078,36.91136],[127.91078,36.91112],[127.91059,36.91119],[127.91053,36.91124],[127.90964,36.91208],[127.90958,36.91216],[127.90952,36.91225],[127.90948,36.91233],[127.90905,36.91347],[127.9072,36.91519],[127.90495,36.91719],[127.90483,36.91729],[127.90471,36.91738],[127.90459,36.91746],[127.9045,36.9175],[127.90438,36.91753],[127.90424,36.91755],[127.90286,36.91763],[127.90259,36.91764],[127.9024,36.91763],[127.90225,36.91763],[127.90214,36.9176],[127.90185,36.91755],[127.90153,36.9175],[127.90133,36.91749],[127.90116,36.91749],[127.90099,36.91751],[127.89952,36.91781],[127.89828,36.91809],[127.89674,36.91922],[127.89665,36.91928],[127.89648,36.91943],[127.89634,36.91956],[127.89627,36.91964],[127.89593,36.92018],[127.8959,36.92023],[127.89588,36.92035],[127.89586,36.92046],[127.89342,36.92217],[127.8869,36.92363],[127.8847,36.92488],[127.88459,36.92492],[127.88391,36.92513],[127.88371,36.92519],[127.88362,36.92522],[127.88012,36.92617],[127.88006,36.92618],[127.88,36.92619],[127.8799,36.92619],[127.87865,36.92612],[127.87859,36.92612],[127.87848,36.9261],[127.8784,36.92608],[127.878,36.92596],[127.87787,36.92592],[127.87772,36.92588],[127.87766,36.92587],[127.87763,36.92587],[127.87755,36.92587],[127.8775,36.92588],[127.87744,36.92592],[127.87731,36.92602],[127.87721,36.92609],[127.87714,36.92615],[127.87531,36.92767],[127.87277,36.93079],[127.87271,36.93091],[127.8727,36.93095],[127.87237,36.93187],[127.87202,36.93395],[127.87245,36.93525],[127.87389,36.93749],[127.87461,36.93836],[127.87655,36.94026],[127.87665,36.94034],[127.87727,36.9408],[127.87737,36.94084],[127.87752,36.94087],[127.87774,36.94091],[127.87795,36.94095],[127.87809,36.94096],[127.87815,36.94099],[127.87866,36.94124],[127.87891,36.94137],[127.87914,36.94154],[127.8793,36.94169],[127.87939,36.94185],[127.87942,36.94194],[127.87941,36.94202],[127.8794,36.9421],[127.87938,36.94214],[127.87932,36.94228],[127.87926,36.94241],[127.87863,36.94335],[127.87849,36.94348],[127.87836,36.94357],[127.87827,36.9436],[127.87797,36.94372],[127.87766,36.94381],[127.87739,36.9439],[127.87695,36.94402],[127.87667,36.94409],[127.87596,36.94421],[127.87523,36.94432],[127.87515,36.94435],[127.87515,36.9444],[127.87494,36.94714],[127.87501,36.94748],[127.8752,36.94789],[127.87533,36.94814],[127.87567,36.94868],[127.87584,36.94892],[127.87755,36.95315],[127.87705,36.95344],[127.87663,36.95372],[127.87632,36.95393],[127.87497,36.95492],[127.87495,36.95495],[127.87494,36.95498],[127.87494,36.95501],[127.87509,36.95537],[127.87516,36.95551],[127.87524,36.95561],[127.8792,36.96014],[127.87927,36.96019],[127.87954,36.96023],[127.87987,36.96022],[127.88015,36.96017],[127.88041,36.96017],[127.88074,36.96025],[127.88082,36.9603],[127.88085,36.96035],[127.88081,36.96046],[127.88052,36.96078],[127.87954,36.96144],[127.87942,36.96152],[127.87766,36.96224],[127.87611,36.96285],[127.87517,36.96314],[127.87741,36.96565],[127.87747,36.96569],[127.87792,36.96612],[127.87797,36.96616],[127.87825,36.96644],[127.87855,36.96677],[127.8786,36.96682],[127.87879,36.96708],[127.87884,36.96715],[127.87886,36.96718],[127.87903,36.96747],[127.87908,36.96757],[127.87912,36.96771],[127.87915,36.96781],[127.87917,36.96799],[127.87918,36.96808],[127.87918,36.96815],[127.87917,36.96842],[127.87917,36.96848],[127.87914,36.96866],[127.87913,36.96872],[127.8791,36.96882],[127.87902,36.96908],[127.87851,36.9705],[127.87845,36.97065],[127.87843,36.97071],[127.87838,36.9708],[127.87836,36.97085],[127.87813,36.97119],[127.87807,36.97131],[127.87806,36.97134],[127.87806,36.97137],[127.87806,36.97145],[127.87808,36.97153],[127.87814,36.97167],[127.87919,36.97388],[127.8793,36.9741],[127.87936,36.97417],[127.87941,36.97422],[127.87951,36.9743],[127.87957,36.97433],[127.87967,36.97437],[127.8799,36.97443],[127.88018,36.97447],[127.88039,36.9745],[127.88081,36.97453],[127.88087,36.97453],[127.88104,36.97448],[127.88333,36.97439],[127.88552,36.97444],[127.88618,36.97457],[127.88689,36.97451],[127.88761,36.97379],[127.88899,36.97336],[127.88997,36.97344],[127.89016,36.97355],[127.89046,36.97372],[127.89121,36.97463],[127.89144,36.97349],[127.89211,36.97234],[127.8928,36.96946],[127.89274,36.96846],[127.89285,36.9673],[127.89376,36.96743],[127.89471,36.96757],[127.89528,36.96766],[127.8967,36.96788],[127.89947,36.97036],[127.8995,36.97049],[127.89957,36.97092],[127.8996,36.97122],[127.8996,36.97124],[127.89975,36.9716],[127.8998,36.97165],[127.90072,36.97212],[127.91276,36.97092],[127.91379,36.96917]]]]}},{"type":"Feature","properties":{"code":"43130610","name":"봉방동","parent":"43130"},"geometry":{"type":"MultiPolygon","coordinates":[[[[127.92256,36.9798],[127.92217,36.97932],[127.9218,36.97876],[127.92188,36.97807],[127.92244,36.97809],[127.92285,36.97808],[127.92326,36.97802],[127.92367,36.97795],[127.92423,36.97781],[127.92441,36.97774],[127.925,36.97751],[127.92646,36.9768],[127.92738,36.97576],[127.92915,36.97312],[127.92516,36.97479],[127.92516,36.97482],[127.925,36.97503],[127.92485,36.97511],[127.92337,36.97449],[127.91987,36.97252],[127.91608,36.97016],[127.91379,36.96917],[127.91276,36.97092],[127.90072,36.97212],[127.8998,36.97165],[127.89975,36.9716],[127.8996,36.97124],[127.8996,36.97122],[127.89957,36.97092],[127.8995,36.97049],[127.89947,36.97036],[127.8967,36.96788],[127.89528,36.96766],[127.89471,36.96757],[127.89376,36.96743],[127.89285,36.9673],[127.89274,36.96846],[127.8928,36.96946],[127.89211,36.97234],[127.89144,36.97349],[127.89121,36.97463],[127.89093,36.97555],[127.89082,36.9762],[127.8907,36.97699],[127.89071,36.97742],[127.89082,36.97816],[127.89105,36.97899],[127.89129,36.9797],[127.89152,36.9803],[127.89242,36.98186],[127.89314,36.98284],[127.89819,36.98193],[127.90131,36.98103],[127.90577,36.97985],[127.91089,36.97859],[127.91292,36.98109],[127.91518,36.98088],[127.91992,36.97962],[127.92256,36.9798]]]]}},{"type":"Feature","properties":{"code":"43130625","name":"칠금·금릉동","parent":"43130"},"geometry":{"type":"MultiPolygon","coordinates":[[[[127.93673,36.99922],[127.93609,36.99881],[127.93454,36.99709],[127.9339,36.99637],[127.93137,36.99411],[127.93008,36.993],[127.92847,36.99247],[127.92857,36.99148],[127.92827,36.98724],[127.92712,36.98726],[127.9263,36.98727],[127.92595,36.98727],[127.9252,36.98728],[127.92417,36.98675],[127.92411,36.98467],[127.92411,36.98459],[127.92407,36.98409],[127.92403,36.98371],[127.92399,36.98353],[127.92387,36.98304],[127.92305,36.97959],[127.92301,36.97957],[127.92256,36.9798],[127.91992,36.97962],[127.91518,36.98088],[127.91292,36.98109],[127.91089,36.97859],[127.90577,36.97985],[127.90131,36.98103],[127.89819,36.98193],[127.89314,36.98284],[127.89073,36.98481],[127.89052,36.98569],[127.88962,36.98846],[127.88943,36.98905],[127.88897,36.99033],[127.88926,36.99027],[127.88968,36.99021],[127.89029,36.99013],[127.89307,36.98983],[127.89538,36.98958],[127.8961,36.98952],[127.89635,36.98951],[127.89782,36.98959],[127.90112,36.99062],[127.90119,36.99064],[127.90133,36.99074],[127.90157,36.9909],[127.90193,36.99121],[127.90484,36.99378],[127.90577,36.99473],[127.90846,36.9975],[127.90851,36.99756],[127.90899,36.99808],[127.91043,36.99978],[127.91072,37.00012],[127.91092,37.0004],[127.91115,37.00075],[127.9113,37.00099],[127.91149,37.00137],[127.91161,37.00164],[127.91171,37.00193],[127.91187,37.00246],[127.91364,37.00172],[127.91429,37.00216],[127.91531,37.00284],[127.91619,37.00281],[127.91628,37.00195],[127.92261,36.99955],[127.92477,36.99942],[127.92555,36.99938],[127.92694,36.99932],[127.92821,36.99978],[127.92836,36.99983],[127.92892,37.00095],[127.93013,37.00046],[127.93288,36.99935],[127.93596,36.99902],[127.93673,36.99922]]]]}},{"type":"Feature","properties":{"code":"43130630","name":"연수동","parent":"43130"},"geometry":{"type":"MultiPolygon","coordinates":[[[[127.9694,36.99165],[127.96788,36.99053],[127.96571,36.98873],[127.96548,36.98856],[127.96541,36.98853],[127.96043,36.98819],[127.95516,36.98672],[127.95201,36.98547],[127.95131,36.98472],[127.94979,36.98309],[127.94592,36.98051],[127.94183,36.98055],[127.93887,36.98099],[127.93867,36.9812],[127.93751,36.9812],[127.93472,36.9808],[127.93467,36.98107],[127.93465,36.98117],[127.93443,36.98231],[127.92829,36.98243],[127.9283,36.98373],[127.9283,36.98432],[127.92776,36.98445],[127.92709,36.98462],[127.92659,36.98463],[127.92411,36.98467],[127.92417,36.98675],[127.9252,36.98728],[127.92595,36.98727],[127.9263,36.98727],[127.92712,36.98726],[127.92827,36.98724],[127.92857,36.99148],[127.92847,36.99247],[127.93008,36.993],[127.93137,36.99411],[127.9339,36.99637],[127.93454,36.99709],[127.93609,36.99881],[127.93673,36.99922],[127.93732,37.00016],[127.93925,36.9994],[127.93957,36.99927],[127.94371,36.99951],[127.94383,36.99955],[127.94619,37.00032],[127.95057,37.0],[127.95333,36.99915],[127.95417,36.99849],[127.95514,36.9974],[127.95613,36.99708],[127.95923,36.99714],[127.95955,36.99715],[127.96368,36.99506],[127.96742,36.9922],[127.9694,36.99165]]]]}},{"type":"Feature","properties":{"code":"43130640","name":"목행·용탄동","parent":"43130"},"geometry":{"type":"MultiPolygon","coordinates":[[[[127.97049,37.01729],[127.96839,37.01511],[127.96821,37.01485],[127.96824,37.01464],[127.97058,37.01112],[127.97088,37.01078],[127.97193,37.01027],[127.97382,37.00925],[127.97404,37.0091],[127.97435,37.00879],[127.97435,37.00863],[127.97421,37.00845],[127.97407,37.00833],[127.97384,37.00813],[127.97326,37.00805],[127.97298,37.00792],[127.97272,37.00777],[127.97241,37.00744],[127.97223,37.00718],[127.97113,37.00308],[127.97101,37.00189],[127.97411,36.99765],[127.97596,36.99556],[127.97648,36.99531],[127.97686,36.99494],[127.97715,36.99463],[127.97775,36.9938],[127.97784,36.9935],[127.97794,36.99317],[127.97792,36.99293],[127.97774,36.99246],[127.97757,36.99216],[127.97736,36.99185],[127.97708,36.99145],[127.97663,36.99096],[127.97627,36.99068],[127.97601,36.99052],[127.97556,36.99022],[127.97516,36.99012],[127.97431,36.99],[127.97345,36.9901],[127.97223,36.99027],[127.97205,36.99031],[127.97068,36.99087],[127.9694,36.99165],[127.96742,36.9922],[127.96368,36.99506],[127.95955,36.99715],[127.95923,36.99714],[127.95613,36.99708],[127.95514,36.9974],[127.95417,36.99849],[127.95333,36.99915],[127.95057,37.0],[127.94619,37.00032],[127.94383,36.99955],[127.94371,36.99951],[127.93957,36.99927],[127.93925,36.9994],[127.93732,37.00016],[127.93673,36.99922],[127.93596,36.99902],[127.93288,36.99935],[127.93013,37.00046],[127.92892,37.00095],[127.92836,36.99983],[127.92821,36.99978],[127.92694,36.99932],[127.92555,36.99938],[127.92477,36.99942],[127.92261,36.99955],[127.91628,37.00195],[127.91619,37.00281],[127.91531,37.00284],[127.91429,37.00216],[127.91364,37.00172],[127.91187,37.00246],[127.91209,37.00377],[127.91217,37.00425],[127.91226,37.00531],[127.91228,37.00595],[127.91227,37.00638],[127.91196,37.00997],[127.91192,37.01022],[127.91185,37.01063],[127.9118,37.01086],[127.91172,37.01118],[127.91156,37.0116],[127.9112,37.01251],[127.911,37.01307],[127.91089,37.01346],[127.91085,37.01374],[127.91084,37.01402],[127.91088,37.01417],[127.91094,37.01428],[127.91125,37.01476],[127.91157,37.01518],[127.91204,37.01575],[127.91237,37.01611],[127.9128,37.01652],[127.91301,37.0167],[127.91343,37.017],[127.91374,37.0172],[127.91507,37.01798],[127.91606,37.01854],[127.91716,37.01915],[127.9177,37.01942],[127.91838,37.01975],[127.91888,37.01994],[127.91929,37.02009],[127.91958,37.0202],[127.92001,37.02033],[127.92076,37.02052],[127.92167,37.02073],[127.92178,37.02075],[127.92224,37.02084],[127.92257,37.02089],[127.92354,37.02096],[127.92423,37.02097],[127.92465,37.02097],[127.9247,37.02097],[127.92536,37.02093],[127.9273,37.02076],[127.92835,37.02067],[127.92959,37.02056],[127.93156,37.02046],[127.93231,37.02042],[127.93465,37.02032],[127.93608,37.02026],[127.937,37.02022],[127.93816,37.02018],[127.93899,37.02018],[127.9396,37.02019],[127.94091,37.02025],[127.94169,37.02029],[127.94249,37.02039],[127.94346,37.02054],[127.9438,37.02059],[127.94638,37.02099],[127.94701,37.02112],[127.94729,37.02119],[127.94823,37.02146],[127.95237,37.02282],[127.95285,37.02298],[127.95331,37.02317],[127.95379,37.02336],[127.95455,37.02367],[127.95519,37.02396],[127.95603,37.02435],[127.95629,37.02446],[127.95681,37.0246],[127.95726,37.02472],[127.9575,37.02476],[127.95761,37.02477],[127.95819,37.0248],[127.95861,37.02479],[127.95901,37.02475],[127.95916,37.02472],[127.95931,37.02467],[127.96118,37.02401],[127.96144,37.02391],[127.96386,37.02231],[127.96398,37.02222],[127.96404,37.02216],[127.97049,37.01729]]]]}}]}