{"type":"FeatureCollection","features":[{"type":"Feature","properties":{"code":"12130250","name":"돌산읍","parent":"12130"},"geometry":{"type":"MultiPolygon","coordinates":[[[[127.79791,34.60779],[127.79787,34.60778],[127.7978,34.6078],[127.79777,34.60782],[127.79775,34.60785],[127.79772,34.60789],[127.79747,34.60826],[127.79689,34.60914],[127.79683,34.60924],[127.79681,34.60929],[127.79678,34.60934],[127.79676,34.6094],[127.79674,34.60945],[127.79673,34.60949],[127.79673,34.60956],[127.79673,34.60962],[127.79674,34.60967],[127.79675,34.6097],[127.79676,34.60974],[127.7969,34.60998],[127.79693,34.61002],[127.79697,34.61006],[127.797,34.61008],[127.79704,34.6101],[127.79708,34.61012],[127.79713,34.61012],[127.79719,34.61012],[127.79724,34.61011],[127.79729,34.6101],[127.79747,34.61002],[127.79925,34.60925],[127.7995,34.6091],[127.79955,34.60907],[127.79968,34.60896],[127.79972,34.60891],[127.79984,34.60856],[127.79983,34.60848],[127.79796,34.6078],[127.79791,34.60779]]],[[[127.71455,34.61142],[127.71614,34.61105],[127.71796,34.61112],[127.72031,34.61103],[127.72238,34.61032],[127.72443,34.60951],[127.72452,34.60947],[127.72458,34.60944],[127.72561,34.60872],[127.72572,34.60861],[127.72576,34.60853],[127.72579,34.60846],[127.7258,34.60839],[127.7258,34.6083],[127.72577,34.60822],[127.72574,34.60815],[127.72569,34.60809],[127.72509,34.60731],[127.72504,34.60725],[127.72499,34.6072],[127.72489,34.60711],[127.72483,34.60706],[127.72472,34.60698],[127.72456,34.60688],[127.72354,34.6064],[127.7225,34.60607],[127.72055,34.60617],[127.72041,34.60618],[127.72032,34.60619],[127.72025,34.60622],[127.71966,34.60667],[127.71955,34.6068],[127.71949,34.60689],[127.71948,34.60697],[127.71951,34.60703],[127.71867,34.60718],[127.71701,34.60726],[127.71694,34.60726],[127.71329,34.6073],[127.71323,34.6073],[127.7132,34.60729],[127.71286,34.60724],[127.7128,34.60723],[127.70957,34.60641],[127.70954,34.60638],[127.70951,34.60633],[127.70944,34.60611],[127.70945,34.60607],[127.70946,34.60604],[127.70948,34.60601],[127.70968,34.6058],[127.70974,34.60574],[127.70978,34.60571],[127.71031,34.60534],[127.71055,34.60556],[127.71073,34.60543],[127.71045,34.6048],[127.71041,34.60471],[127.71038,34.60466],[127.71034,34.60463],[127.70953,34.60392],[127.70947,34.60388],[127.70922,34.60374],[127.70865,34.60348],[127.70859,34.60346],[127.70796,34.60323],[127.70788,34.60322],[127.70621,34.6032],[127.70577,34.60326],[127.70569,34.60327],[127.70555,34.6033],[127.70542,34.60334],[127.70484,34.60352],[127.70466,34.60364],[127.70456,34.60375],[127.70443,34.60392],[127.70434,34.60403],[127.70429,34.6041],[127.70422,34.60421],[127.70419,34.60428],[127.704,34.60477],[127.70397,34.60487],[127.70386,34.60558],[127.70385,34.60565],[127.70385,34.60571],[127.70387,34.6059],[127.70416,34.60731],[127.70418,34.60739],[127.70419,34.60743],[127.70421,34.60748],[127.70422,34.60752],[127.70489,34.60873],[127.70542,34.60951],[127.70545,34.60955],[127.70594,34.61006],[127.70597,34.6101],[127.70602,34.61013],[127.70606,34.61015],[127.7061,34.61017],[127.70613,34.61019],[127.70619,34.61021],[127.70624,34.61022],[127.709,34.61094],[127.70907,34.61096],[127.70954,34.61105],[127.71054,34.61123],[127.71149,34.61139],[127.71154,34.6114],[127.71158,34.61141],[127.71296,34.61157],[127.71308,34.61158],[127.71317,34.61158],[127.71336,34.6116],[127.71351,34.61161],[127.71364,34.6116],[127.71379,34.6116],[127.71389,34.61159],[127.71399,34.61157],[127.71432,34.61151],[127.71439,34.61149],[127.71447,34.61146],[127.71451,34.61144],[127.71455,34.61142]]],[[[127.71392,34.63626],[127.71223,34.63575],[127.71159,34.63579],[127.71094,34.63589],[127.71018,34.63601],[127.7101,34.63602],[127.71006,34.63604],[127.71001,34.63607],[127.70998,34.6361],[127.70996,34.63614],[127.70993,34.63619],[127.70992,34.63622],[127.70992,34.63625],[127.70992,34.63629],[127.70993,34.63633],[127.70994,34.63636],[127.70996,34.63642],[127.70999,34.63647],[127.71001,34.63651],[127.71005,34.63655],[127.71009,34.6366],[127.71032,34.63681],[127.71038,34.63685],[127.71084,34.63716],[127.71088,34.63718],[127.71091,34.6372],[127.71096,34.63722],[127.71101,34.63723],[127.71194,34.63745],[127.712,34.63746],[127.71204,34.63746],[127.7121,34.63746],[127.71214,34.63745],[127.7122,34.63744],[127.71293,34.63717],[127.71403,34.63697],[127.71409,34.63696],[127.71416,34.63694],[127.71423,34.63692],[127.71428,34.63688],[127.71432,34.63685],[127.71435,34.63679],[127.71436,34.63675],[127.71437,34.63671],[127.71436,34.63668],[127.71435,34.63664],[127.71433,34.63661],[127.7143,34.63657],[127.71424,34.6365],[127.71414,34.63641],[127.71406,34.63633],[127.71399,34.63629],[127.71392,34.63626]]],[[[127.71306,34.64369],[127.71311,34.64367],[127.71333,34.64369],[127.7134,34.6437],[127.71345,34.6437],[127.71512,34.64357],[127.71517,34.64356],[127.71522,34.64355],[127.71526,34.64354],[127.71531,34.64351],[127.71534,34.64348],[127.71538,34.64345],[127.7154,34.6434],[127.71551,34.64309],[127.71552,34.64305],[127.71552,34.64302],[127.71551,34.64298],[127.7155,34.64293],[127.71539,34.64267],[127.7152,34.64231],[127.71517,34.64226],[127.71513,34.64222],[127.7135,34.64135],[127.71253,34.64174],[127.71245,34.64178],[127.7124,34.64181],[127.71235,34.64186],[127.71201,34.64219],[127.71196,34.64224],[127.7119,34.64232],[127.71184,34.6424],[127.7118,34.64248],[127.71179,34.64254],[127.71178,34.64259],[127.71178,34.64263],[127.71179,34.64269],[127.71204,34.64326],[127.71206,34.64331],[127.71211,34.64335],[127.71221,34.64344],[127.71233,34.64352],[127.71238,34.64355],[127.71248,34.6436],[127.71261,34.64364],[127.71268,34.64367],[127.71277,34.64369],[127.71284,34.6437],[127.71292,34.6437],[127.71297,34.6437],[127.71302,34.6437],[127.71306,34.64369]]],[[[127.80065,34.64618],[127.80056,34.64618],[127.80048,34.64619],[127.79946,34.64652],[127.79937,34.64657],[127.79925,34.64668],[127.79922,34.64673],[127.79919,34.64678],[127.79915,34.6469],[127.79911,34.6472],[127.7991,34.64728],[127.79911,34.64736],[127.79913,34.64748],[127.79916,34.64757],[127.7995,34.64843],[127.79956,34.64852],[127.79962,34.6486],[127.79973,34.64871],[127.79982,34.64877],[127.79989,34.6488],[127.79996,34.6488],[127.80011,34.64879],[127.80021,34.64877],[127.80037,34.64871],[127.80061,34.64859],[127.80066,34.64855],[127.80074,34.64848],[127.80084,34.64837],[127.80098,34.64817],[127.80103,34.64806],[127.80106,34.6479],[127.80107,34.64779],[127.80106,34.64762],[127.80097,34.64667],[127.80096,34.64659],[127.80089,34.64637],[127.80085,34.6463],[127.80081,34.64625],[127.80077,34.64621],[127.80071,34.64619],[127.80065,34.64618]]],[[[127.73386,34.66126],[127.73382,34.66125],[127.73377,34.66126],[127.73373,34.66128],[127.7326,34.66183],[127.73194,34.66221],[127.73188,34.66224],[127.73179,34.6623],[127.7317,34.66236],[127.73167,34.66239],[127.73161,34.66243],[127.73156,34.66248],[127.73152,34.66253],[127.73117,34.66301],[127.73115,34.66305],[127.73114,34.66308],[127.73112,34.66318],[127.73111,34.66323],[127.7311,34.66328],[127.7311,34.66335],[127.7311,34.66346],[127.73111,34.66354],[127.73111,34.6636],[127.73116,34.66387],[127.73119,34.66394],[127.73121,34.66398],[127.73123,34.66402],[127.73126,34.66405],[127.7313,34.6641],[127.73135,34.66415],[127.73138,34.66418],[127.73141,34.6642],[127.73194,34.66453],[127.73228,34.66467],[127.73232,34.66469],[127.73304,34.66493],[127.73309,34.66494],[127.73315,34.66492],[127.73318,34.66489],[127.73321,34.66486],[127.73367,34.66433],[127.73371,34.66428],[127.734,34.66388],[127.734,34.66383],[127.73399,34.6638],[127.73395,34.66371],[127.73393,34.66368],[127.7338,34.66347],[127.73376,34.66342],[127.73373,34.66338],[127.73369,34.66336],[127.73365,34.66334],[127.73361,34.66333],[127.73414,34.66156],[127.73414,34.6615],[127.7341,34.66143],[127.73406,34.66139],[127.73401,34.66135],[127.73397,34.66131],[127.73391,34.66127],[127.73386,34.66126]]],[[[127.71063,34.67069],[127.71069,34.67069],[127.7118,34.67079],[127.7122,34.6709],[127.71236,34.67098],[127.71249,34.67102],[127.71253,34.67103],[127.71259,34.67103],[127.71264,34.67103],[127.71267,34.67103],[127.71271,34.67102],[127.71277,34.67099],[127.71312,34.6708],[127.71316,34.67077],[127.71318,34.67074],[127.71331,34.67038],[127.71331,34.67036],[127.71331,34.67033],[127.71329,34.67029],[127.71326,34.67026],[127.71323,34.67024],[127.713,34.67011],[127.71298,34.67009],[127.71072,34.66928],[127.71067,34.66926],[127.71064,34.66926],[127.71059,34.66926],[127.7105,34.66926],[127.71044,34.66927],[127.71041,34.66927],[127.71037,34.66929],[127.70939,34.66978],[127.70935,34.6698],[127.70929,34.66983],[127.70919,34.6699],[127.70907,34.67001],[127.70898,34.67009],[127.70851,34.67054],[127.70832,34.67073],[127.70829,34.67076],[127.70821,34.67086],[127.70819,34.67089],[127.70818,34.67093],[127.70813,34.6711],[127.70811,34.67115],[127.70814,34.6712],[127.70818,34.67123],[127.70822,34.67124],[127.70826,34.67125],[127.70901,34.67126],[127.70905,34.67126],[127.70912,34.67125],[127.70936,34.67124],[127.70939,34.67124],[127.70996,34.67093],[127.71006,34.67088],[127.71024,34.67079],[127.71037,34.67075],[127.71041,34.67073],[127.71047,34.67072],[127.71053,34.67071],[127.7106,34.6707],[127.71063,34.67069]]],[[[127.68157,34.67662],[127.68169,34.6766],[127.68196,34.6766],[127.68324,34.67659],[127.6833,34.67658],[127.68333,34.67656],[127.68337,34.67652],[127.68436,34.67566],[127.68441,34.67562],[127.68443,34.67558],[127.68444,34.67555],[127.68445,34.67552],[127.68445,34.67547],[127.68443,34.67541],[127.68441,34.67538],[127.68437,34.67535],[127.68433,34.67534],[127.6843,34.67533],[127.68183,34.67513],[127.68177,34.67514],[127.6813,34.67523],[127.6812,34.67526],[127.68113,34.67529],[127.68061,34.67557],[127.68056,34.6756],[127.68054,34.67564],[127.68053,34.67568],[127.68081,34.67616],[127.68085,34.67623],[127.68091,34.67628],[127.68119,34.67652],[127.68124,34.67655],[127.6813,34.67658],[127.68137,34.67661],[127.68144,34.67662],[127.68149,34.67663],[127.68152,34.67662],[127.68157,34.67662]]],[[[127.70442,34.67634],[127.7011,34.67612],[127.70081,34.67617],[127.70075,34.67619],[127.70056,34.67629],[127.70052,34.67632],[127.70049,34.67634],[127.70004,34.67679],[127.70002,34.67681],[127.69999,34.67685],[127.69996,34.6769],[127.69994,34.67695],[127.69923,34.67871],[127.69922,34.67891],[127.69926,34.67908],[127.69939,34.67922],[127.69989,34.67944],[127.70006,34.67948],[127.70101,34.67968],[127.70127,34.67972],[127.70151,34.67971],[127.70184,34.67963],[127.70263,34.67935],[127.7028,34.67927],[127.70298,34.6791],[127.70397,34.67791],[127.7051,34.67684],[127.70511,34.67682],[127.70512,34.67678],[127.70512,34.67675],[127.7051,34.67671],[127.70506,34.67662],[127.70497,34.67653],[127.70494,34.6765],[127.70489,34.67647],[127.70486,34.67645],[127.70481,34.67642],[127.70472,34.67639],[127.70468,34.67638],[127.70462,34.67637],[127.70446,34.67634],[127.70442,34.67634]]],[[[127.70395,34.68771],[127.70473,34.68741],[127.70518,34.68748],[127.70526,34.68748],[127.7053,34.68748],[127.70534,34.68748],[127.70544,34.68746],[127.70646,34.68709],[127.70653,34.68705],[127.7066,34.687],[127.70669,34.68692],[127.70675,34.68683],[127.70677,34.68675],[127.70676,34.68663],[127.70675,34.68654],[127.7067,34.68641],[127.70663,34.68624],[127.7065,34.68602],[127.70633,34.6858],[127.70625,34.68574],[127.70609,34.68565],[127.70581,34.68551],[127.70548,34.68542],[127.70541,34.68541],[127.70533,34.68542],[127.70526,34.68545],[127.70367,34.68723],[127.70362,34.6873],[127.70358,34.68742],[127.70358,34.68749],[127.7036,34.68758],[127.70365,34.68763],[127.7037,34.68767],[127.70376,34.6877],[127.70381,34.68771],[127.70388,34.68772],[127.70395,34.68771]]],[[[127.79561,34.69143],[127.79553,34.69142],[127.79311,34.69166],[127.79307,34.69167],[127.79302,34.69169],[127.79224,34.69255],[127.79222,34.69259],[127.79219,34.69264],[127.79219,34.69268],[127.79224,34.69342],[127.79227,34.69347],[127.7923,34.69353],[127.79286,34.69418],[127.79291,34.69421],[127.79297,34.69424],[127.79305,34.69424],[127.7931,34.69423],[127.79357,34.69405],[127.79361,34.69403],[127.79367,34.69399],[127.79371,34.69394],[127.79372,34.69389],[127.79372,34.69384],[127.79369,34.69379],[127.79366,34.69376],[127.79362,34.69373],[127.79356,34.69371],[127.79351,34.6937],[127.79344,34.6937],[127.79441,34.69325],[127.79485,34.69292],[127.79555,34.69197],[127.7956,34.69188],[127.79569,34.69161],[127.79571,34.69156],[127.79568,34.69148],[127.79561,34.69143]]],[[[127.74863,34.73379],[127.75071,34.73224],[127.7537,34.73155],[127.75377,34.73153],[127.75419,34.73174],[127.75435,34.73215],[127.75618,34.73153],[127.76038,34.72934],[127.76276,34.72765],[127.76364,34.72678],[127.7641,34.72622],[127.76421,34.72611],[127.76424,34.72608],[127.76426,34.72606],[127.7643,34.72603],[127.76459,34.72591],[127.76469,34.72587],[127.76475,34.72584],[127.76535,34.72567],[127.76541,34.72566],[127.76684,34.72589],[127.76702,34.72593],[127.76747,34.72605],[127.76787,34.72617],[127.77131,34.72533],[127.77159,34.72524],[127.77166,34.72522],[127.77777,34.72193],[127.77952,34.7214],[127.77971,34.7213],[127.78622,34.71696],[127.7871,34.71623],[127.78722,34.71613],[127.78733,34.71601],[127.78736,34.71594],[127.78738,34.71584],[127.78731,34.71569],[127.78696,34.7143],[127.78651,34.71249],[127.78648,34.71226],[127.78706,34.70963],[127.78713,34.70949],[127.78733,34.70915],[127.78843,34.70795],[127.78894,34.70741],[127.78901,34.70734],[127.78927,34.70712],[127.78932,34.7071],[127.78949,34.70705],[127.79045,34.70533],[127.79116,34.70312],[127.79118,34.70306],[127.79128,34.70195],[127.79127,34.70188],[127.79123,34.70174],[127.7912,34.70167],[127.79114,34.70161],[127.78912,34.69942],[127.78902,34.69935],[127.78892,34.69931],[127.78673,34.69897],[127.78665,34.69897],[127.78615,34.69902],[127.78603,34.69904],[127.78593,34.69908],[127.78585,34.69915],[127.78579,34.69924],[127.7839,34.69841],[127.77978,34.69659],[127.77928,34.69504],[127.77928,34.69474],[127.77936,34.69335],[127.78026,34.69252],[127.78164,34.69084],[127.78243,34.68961],[127.78248,34.68951],[127.78249,34.68941],[127.78245,34.68931],[127.78118,34.68756],[127.78112,34.6875],[127.78062,34.68712],[127.78053,34.68708],[127.78044,34.68707],[127.78035,34.68707],[127.78026,34.68709],[127.77976,34.68708],[127.7792,34.68704],[127.77857,34.68699],[127.77849,34.68694],[127.77765,34.68628],[127.77756,34.68619],[127.77755,34.68617],[127.77747,34.68605],[127.77738,34.68585],[127.77686,34.68436],[127.77648,34.68269],[127.77644,34.68245],[127.77641,34.68228],[127.77639,34.68196],[127.77638,34.6818],[127.7764,34.68157],[127.77641,34.68136],[127.77644,34.68124],[127.77647,34.68111],[127.77651,34.681],[127.77654,34.68094],[127.77676,34.68043],[127.77693,34.68013],[127.77709,34.67987],[127.77716,34.67978],[127.77721,34.67971],[127.77829,34.67852],[127.77912,34.67794],[127.7794,34.67778],[127.77992,34.67745],[127.78033,34.67713],[127.78231,34.67544],[127.78247,34.67528],[127.78337,34.67433],[127.78345,34.67422],[127.78347,34.67414],[127.78349,34.67404],[127.78337,34.67348],[127.78333,34.67335],[127.78328,34.67326],[127.78312,34.67307],[127.78306,34.673],[127.78305,34.67297],[127.78302,34.67287],[127.78295,34.67253],[127.78297,34.67196],[127.78301,34.67187],[127.78307,34.67179],[127.78319,34.67163],[127.78354,34.67124],[127.78361,34.67118],[127.78407,34.67075],[127.78415,34.67069],[127.78458,34.67036],[127.78474,34.67026],[127.78502,34.67009],[127.78508,34.67006],[127.78529,34.67006],[127.78556,34.67008],[127.78591,34.67012],[127.78856,34.67063],[127.78939,34.67087],[127.79112,34.67196],[127.79158,34.67238],[127.79169,34.67244],[127.79188,34.67251],[127.79208,34.67254],[127.7922,34.67255],[127.79248,34.67253],[127.79264,34.6725],[127.79289,34.67246],[127.79302,34.67242],[127.79313,34.67238],[127.79359,34.67214],[127.79482,34.67147],[127.79489,34.67142],[127.795,34.67133],[127.79504,34.67123],[127.79508,34.67114],[127.79508,34.67103],[127.79507,34.67095],[127.79473,34.66998],[127.79463,34.66986],[127.79455,34.66978],[127.79439,34.66968],[127.7943,34.66963],[127.79419,34.66958],[127.79425,34.66912],[127.79427,34.66904],[127.79429,34.66901],[127.79441,34.66873],[127.79469,34.66814],[127.79474,34.66808],[127.79521,34.66764],[127.79526,34.6676],[127.79532,34.66757],[127.7965,34.66713],[127.79657,34.66711],[127.79667,34.6671],[127.79799,34.66733],[127.79873,34.66761],[127.79934,34.66791],[127.79965,34.66798],[127.79975,34.66799],[127.79987,34.66799],[127.8,34.66798],[127.80015,34.66794],[127.8003,34.66787],[127.8005,34.66777],[127.80061,34.6677],[127.80079,34.66755],[127.80087,34.66742],[127.80127,34.66659],[127.8013,34.66647],[127.80124,34.66636],[127.80114,34.66626],[127.80105,34.6662],[127.80096,34.66616],[127.79988,34.66591],[127.79978,34.66589],[127.79691,34.66545],[127.79558,34.66547],[127.79554,34.66547],[127.79547,34.66545],[127.79475,34.66526],[127.79385,34.66479],[127.79383,34.66476],[127.79381,34.66468],[127.7938,34.66461],[127.79379,34.66454],[127.79376,34.66403],[127.79376,34.66388],[127.79378,34.66371],[127.79382,34.66339],[127.79386,34.66325],[127.79388,34.66315],[127.79393,34.66293],[127.79398,34.66276],[127.79402,34.66265],[127.79418,34.6622],[127.79428,34.66196],[127.79437,34.66177],[127.79439,34.66173],[127.79449,34.66153],[127.79453,34.66146],[127.79481,34.66104],[127.795,34.66078],[127.79503,34.66074],[127.79596,34.66041],[127.79615,34.66036],[127.79634,34.66031],[127.79671,34.66025],[127.79756,34.66013],[127.79767,34.66013],[127.79783,34.66014],[127.79788,34.66015],[127.79792,34.66016],[127.79798,34.66018],[127.79805,34.66023],[127.79815,34.6603],[127.79825,34.66038],[127.79832,34.66044],[127.79838,34.66049],[127.79844,34.66054],[127.79855,34.6606],[127.79874,34.66068],[127.79962,34.66105],[127.79974,34.6611],[127.80112,34.66146],[127.80121,34.66147],[127.80186,34.66144],[127.80577,34.66131],[127.80588,34.66129],[127.80619,34.6612],[127.80629,34.66117],[127.8064,34.66112],[127.80648,34.66106],[127.80652,34.66099],[127.80656,34.66089],[127.8066,34.66063],[127.80653,34.65803],[127.80647,34.65792],[127.80638,34.65786],[127.80627,34.65781],[127.80493,34.65724],[127.80484,34.6572],[127.80474,34.65719],[127.80462,34.65719],[127.80451,34.65724],[127.80442,34.65728],[127.80434,34.65732],[127.80337,34.65717],[127.80187,34.65685],[127.79809,34.65499],[127.79798,34.65487],[127.79803,34.6545],[127.79804,34.65447],[127.79825,34.65387],[127.79837,34.65367],[127.79771,34.64988],[127.79737,34.64965],[127.79648,34.64878],[127.79645,34.64874],[127.79641,34.64855],[127.79715,34.64232],[127.79758,34.6415],[127.79786,34.64073],[127.79804,34.64013],[127.79845,34.63727],[127.79844,34.63719],[127.79844,34.63708],[127.79836,34.63602],[127.79833,34.63595],[127.79831,34.63426],[127.7985,34.63284],[127.79851,34.6328],[127.79853,34.63276],[127.79857,34.63271],[127.79936,34.63158],[127.79975,34.63114],[127.80007,34.63076],[127.80036,34.63038],[127.80039,34.63028],[127.80036,34.63019],[127.80031,34.63013],[127.80025,34.63009],[127.79735,34.62817],[127.79725,34.62812],[127.79713,34.62807],[127.79698,34.62804],[127.79685,34.62802],[127.79671,34.628],[127.79646,34.62799],[127.79614,34.62799],[127.79599,34.628],[127.79589,34.62801],[127.79566,34.62804],[127.79556,34.62806],[127.79538,34.62812],[127.79508,34.62825],[127.795,34.62829],[127.79476,34.62849],[127.79449,34.62891],[127.79415,34.62966],[127.79414,34.63013],[127.79372,34.6303],[127.79353,34.63036],[127.79344,34.63038],[127.79333,34.6304],[127.79322,34.63042],[127.79314,34.63042],[127.79305,34.63043],[127.79291,34.63042],[127.79277,34.63041],[127.79269,34.6304],[127.79264,34.63039],[127.79261,34.63037],[127.7924,34.63023],[127.79169,34.6288],[127.79178,34.62819],[127.79215,34.62603],[127.79217,34.62598],[127.79217,34.62595],[127.79221,34.62588],[127.79225,34.62579],[127.7923,34.62571],[127.79233,34.62566],[127.79238,34.62559],[127.79295,34.62489],[127.79315,34.62479],[127.79342,34.62466],[127.79371,34.6245],[127.79385,34.6244],[127.79393,34.62434],[127.79398,34.62427],[127.79404,34.62419],[127.79406,34.62408],[127.79408,34.62374],[127.79407,34.62361],[127.79404,34.6235],[127.79389,34.62305],[127.79384,34.62292],[127.79381,34.62286],[127.79379,34.6228],[127.79375,34.62275],[127.7937,34.62268],[127.79363,34.62261],[127.79356,34.62255],[127.79346,34.62249],[127.79334,34.62245],[127.7931,34.62237],[127.79299,34.62236],[127.7926,34.62234],[127.7925,34.62233],[127.79195,34.62233],[127.79188,34.62233],[127.79149,34.61938],[127.79195,34.61384],[127.79221,34.61307],[127.79222,34.613],[127.79222,34.61294],[127.79222,34.61088],[127.79207,34.61035],[127.79105,34.60818],[127.79064,34.60848],[127.79026,34.60844],[127.78849,34.60815],[127.78838,34.60812],[127.78833,34.60803],[127.78814,34.60748],[127.78812,34.6074],[127.78811,34.60731],[127.7881,34.60718],[127.7881,34.60703],[127.78813,34.60682],[127.78818,34.60656],[127.78824,34.60633],[127.78832,34.60612],[127.78838,34.606],[127.78855,34.60575],[127.78862,34.60569],[127.7887,34.60563],[127.79371,34.60356],[127.79484,34.60408],[127.79562,34.60508],[127.79573,34.60512],[127.79586,34.60513],[127.80235,34.60177],[127.80258,34.60161],[127.80268,34.60153],[127.80393,34.60025],[127.80414,34.59989],[127.80418,34.59981],[127.8042,34.59975],[127.80418,34.59967],[127.80413,34.59956],[127.80404,34.59942],[127.80399,34.59934],[127.80394,34.59928],[127.80388,34.59922],[127.8038,34.59916],[127.80302,34.59883],[127.80292,34.59879],[127.80282,34.59877],[127.80265,34.59874],[127.80254,34.59872],[127.80194,34.59872],[127.80128,34.59872],[127.80121,34.59864],[127.80116,34.59858],[127.80114,34.59856],[127.80111,34.59852],[127.80109,34.59848],[127.80108,34.59845],[127.80095,34.59761],[127.80189,34.59631],[127.8023,34.596],[127.80234,34.59599],[127.80272,34.59591],[127.80277,34.59589],[127.80282,34.59588],[127.80391,34.5957],[127.80403,34.59568],[127.8041,34.59567],[127.80415,34.59567],[127.80433,34.59566],[127.80475,34.5961],[127.80511,34.59651],[127.80525,34.59663],[127.80566,34.59673],[127.80596,34.59677],[127.80608,34.59679],[127.80755,34.5968],[127.80769,34.59679],[127.80778,34.59676],[127.80788,34.5967],[127.80794,34.5966],[127.80796,34.5965],[127.80597,34.59028],[127.80594,34.5902],[127.80591,34.59017],[127.80576,34.58997],[127.80566,34.58984],[127.8055,34.58963],[127.80406,34.58812],[127.80401,34.58806],[127.80388,34.58795],[127.8028,34.58721],[127.80271,34.58715],[127.80096,34.58651],[127.80084,34.58646],[127.80058,34.58637],[127.8005,34.58634],[127.80033,34.58631],[127.80018,34.5863],[127.80004,34.58633],[127.79968,34.58645],[127.79955,34.58654],[127.79743,34.58664],[127.79335,34.58578],[127.79293,34.58512],[127.79284,34.58503],[127.79273,34.58495],[127.79264,34.58489],[127.79251,34.58482],[127.79233,34.58478],[127.7919,34.58476],[127.78965,34.58471],[127.78956,34.58471],[127.78564,34.58528],[127.78552,34.58532],[127.78482,34.58559],[127.78469,34.58565],[127.78231,34.58675],[127.78224,34.58679],[127.78089,34.58775],[127.78077,34.58784],[127.78029,34.58833],[127.777,34.58833],[127.77645,34.58751],[127.77598,34.58718],[127.77589,34.58713],[127.77578,34.58708],[127.77567,34.58705],[127.77553,34.58706],[127.77256,34.58728],[127.77245,34.58729],[127.77237,34.58731],[127.7708,34.58781],[127.77067,34.58785],[127.77057,34.58791],[127.77036,34.58807],[127.7703,34.58813],[127.77025,34.5882],[127.76901,34.58982],[127.76549,34.59287],[127.7651,34.59305],[127.7648,34.59317],[127.76462,34.59321],[127.76409,34.59335],[127.76391,34.59338],[127.76374,34.59339],[127.75643,34.59396],[127.75638,34.59395],[127.75634,34.59395],[127.7562,34.59392],[127.75616,34.59391],[127.75612,34.5939],[127.75597,34.59382],[127.75592,34.59379],[127.7557,34.59364],[127.75566,34.59359],[127.75561,34.59356],[127.75555,34.59353],[127.75376,34.59319],[127.75151,34.59283],[127.75015,34.59263],[127.75006,34.59262],[127.75,34.59262],[127.74985,34.59262],[127.74979,34.59263],[127.74954,34.59269],[127.74944,34.59271],[127.74926,34.5928],[127.74834,34.59329],[127.74828,34.59333],[127.74505,34.59614],[127.74496,34.59624],[127.74464,34.59686],[127.74458,34.59699],[127.74432,34.59803],[127.74431,34.59826],[127.74454,34.59866],[127.7448,34.59908],[127.7447,34.59923],[127.74455,34.59939],[127.74115,34.60215],[127.74076,34.60242],[127.7406,34.60253],[127.74032,34.6026],[127.74022,34.60263],[127.7402,34.6026],[127.74005,34.6023],[127.73948,34.60229],[127.73916,34.60237],[127.73842,34.60315],[127.73746,34.60498],[127.73738,34.60627],[127.73757,34.60649],[127.73813,34.60785],[127.73814,34.60791],[127.73811,34.60806],[127.73761,34.6103],[127.73759,34.61038],[127.73757,34.61042],[127.73755,34.61045],[127.73752,34.61049],[127.73657,34.61115],[127.7361,34.61134],[127.73473,34.6115],[127.73449,34.61145],[127.73437,34.61143],[127.73426,34.6114],[127.73422,34.61139],[127.73366,34.61113],[127.73306,34.61091],[127.73298,34.61089],[127.73261,34.61088],[127.7325,34.61088],[127.73233,34.61089],[127.73224,34.61091],[127.73156,34.61113],[127.73148,34.61115],[127.73081,34.61143],[127.72789,34.61282],[127.72763,34.61296],[127.72122,34.61297],[127.71906,34.61347],[127.71702,34.61728],[127.71621,34.61826],[127.71402,34.62077],[127.71398,34.62081],[127.71395,34.62085],[127.71382,34.62097],[127.71377,34.62102],[127.71372,34.62105],[127.7137,34.62107],[127.71361,34.62113],[127.71357,34.62115],[127.71353,34.62118],[127.71344,34.62122],[127.71336,34.62125],[127.71327,34.62128],[127.71323,34.6213],[127.71307,34.62136],[127.713,34.62138],[127.71296,34.62139],[127.71266,34.62145],[127.7126,34.62146],[127.7125,34.62147],[127.71239,34.62148],[127.71235,34.62148],[127.71228,34.62148],[127.71222,34.62148],[127.71216,34.62147],[127.71294,34.62433],[127.71535,34.62791],[127.71694,34.62919],[127.71703,34.62923],[127.71826,34.62952],[127.71836,34.62952],[127.71842,34.6295],[127.71947,34.6292],[127.71955,34.62915],[127.71963,34.6291],[127.71969,34.62903],[127.71972,34.62893],[127.71988,34.62905],[127.71998,34.62915],[127.72031,34.62948],[127.72111,34.6303],[127.7212,34.6304],[127.72384,34.63352],[127.72424,34.63522],[127.72435,34.63576],[127.72455,34.63734],[127.72454,34.63739],[127.72357,34.6383],[127.72351,34.63835],[127.7206,34.64094],[127.72056,34.64097],[127.71802,34.643],[127.71799,34.64302],[127.71808,34.64512],[127.71887,34.64566],[127.71893,34.64571],[127.71901,34.6458],[127.7191,34.64591],[127.7192,34.64604],[127.71928,34.64615],[127.71938,34.64635],[127.71948,34.64658],[127.7202,34.64847],[127.72027,34.64871],[127.72031,34.64891],[127.72054,34.6501],[127.72056,34.65027],[127.72056,34.65033],[127.72055,34.65037],[127.7205,34.65046],[127.72044,34.65058],[127.72042,34.65063],[127.72045,34.65088],[127.72054,34.65134],[127.72062,34.65159],[127.72073,34.65192],[127.72133,34.65304],[127.72207,34.65417],[127.72212,34.65423],[127.72342,34.65571],[127.72347,34.65575],[127.72353,34.65579],[127.72364,34.65585],[127.7237,34.65587],[127.72376,34.65588],[127.7247,34.65606],[127.72476,34.65607],[127.72497,34.65608],[127.72505,34.65608],[127.72619,34.65607],[127.72628,34.65607],[127.72664,34.65602],[127.7267,34.65601],[127.72675,34.656],[127.72707,34.65599],[127.72835,34.65601],[127.7286,34.65602],[127.72865,34.65603],[127.72876,34.65604],[127.72886,34.65606],[127.72907,34.65611],[127.72914,34.65614],[127.72921,34.65617],[127.72964,34.65637],[127.72967,34.65639],[127.72972,34.65642],[127.72984,34.65649],[127.72988,34.65652],[127.73005,34.65665],[127.73014,34.65674],[127.73111,34.65794],[127.73506,34.65944],[127.73511,34.65946],[127.73702,34.66046],[127.73707,34.66049],[127.7372,34.66059],[127.74341,34.66536],[127.74751,34.66899],[127.74754,34.66902],[127.74769,34.66918],[127.74773,34.66922],[127.74786,34.66948],[127.74804,34.66986],[127.74806,34.66991],[127.74808,34.67001],[127.74809,34.67008],[127.74807,34.67012],[127.74804,34.67017],[127.7477,34.67076],[127.74759,34.67089],[127.74755,34.67094],[127.74751,34.67097],[127.74717,34.67137],[127.74685,34.67176],[127.74682,34.6718],[127.74679,34.67187],[127.74675,34.67198],[127.74672,34.67213],[127.74667,34.67244],[127.74667,34.6725],[127.74667,34.67256],[127.74667,34.67259],[127.74699,34.67442],[127.74783,34.67493],[127.74802,34.6749],[127.74857,34.67487],[127.74863,34.67487],[127.7487,34.67488],[127.74874,34.6749],[127.74933,34.6752],[127.74937,34.67522],[127.74939,34.67524],[127.74972,34.67547],[127.74976,34.67551],[127.74998,34.67583],[127.75053,34.67675],[127.75054,34.67681],[127.75057,34.67696],[127.75069,34.67759],[127.7512,34.67858],[127.75211,34.68033],[127.75215,34.68039],[127.75379,34.68192],[127.75387,34.68197],[127.76024,34.68474],[127.76117,34.68464],[127.76122,34.68464],[127.76126,34.68465],[127.76133,34.68468],[127.76137,34.6847],[127.7614,34.68475],[127.76171,34.68534],[127.76282,34.68755],[127.76285,34.6876],[127.76286,34.68765],[127.76124,34.68842],[127.7604,34.68864],[127.75841,34.6893],[127.7583,34.68935],[127.75822,34.6894],[127.75811,34.68948],[127.75654,34.69072],[127.7565,34.69076],[127.7564,34.69086],[127.75616,34.69116],[127.75612,34.69123],[127.7561,34.69131],[127.75609,34.69143],[127.7561,34.69151],[127.75613,34.69158],[127.75625,34.69176],[127.75628,34.69181],[127.75632,34.69186],[127.75643,34.69195],[127.75653,34.692],[127.75704,34.69219],[127.75717,34.69222],[127.75735,34.69224],[127.75741,34.69226],[127.7575,34.69234],[127.75781,34.69264],[127.75783,34.69266],[127.75787,34.69274],[127.75789,34.69278],[127.75789,34.69282],[127.7579,34.69292],[127.75788,34.69303],[127.75781,34.69346],[127.75776,34.69364],[127.75773,34.69373],[127.7577,34.69381],[127.75766,34.69386],[127.75736,34.69432],[127.75576,34.69622],[127.7557,34.69627],[127.75563,34.69633],[127.75554,34.69641],[127.75538,34.69651],[127.75525,34.69658],[127.75461,34.69874],[127.75506,34.70554],[127.75558,34.70692],[127.75441,34.70861],[127.7564,34.71004],[127.75666,34.70999],[127.75725,34.70991],[127.75734,34.71],[127.75736,34.71006],[127.75767,34.71163],[127.75772,34.71189],[127.75782,34.71251],[127.75486,34.71401],[127.75201,34.71466],[127.7507,34.71487],[127.75049,34.71488],[127.7503,34.71488],[127.75004,34.71487],[127.74997,34.71485],[127.74952,34.71474],[127.74945,34.71472],[127.74938,34.7147],[127.74922,34.71462],[127.74917,34.71459],[127.74904,34.7145],[127.74885,34.71434],[127.74876,34.71429],[127.74868,34.71426],[127.74816,34.7141],[127.74798,34.71405],[127.74778,34.71406],[127.74771,34.71407],[127.74764,34.71409],[127.74695,34.71435],[127.74689,34.71439],[127.74684,34.71443],[127.7468,34.71449],[127.7466,34.71486],[127.74655,34.71497],[127.74652,34.71507],[127.7465,34.71514],[127.7445,34.71949],[127.74159,34.72197],[127.74164,34.72512],[127.74168,34.72513],[127.7418,34.72516],[127.74186,34.72518],[127.74188,34.72521],[127.74189,34.7253],[127.7419,34.72541],[127.7419,34.7255],[127.74183,34.72668],[127.74181,34.72677],[127.74164,34.72716],[127.74071,34.72792],[127.74002,34.72808],[127.73954,34.72818],[127.73918,34.72827],[127.73879,34.72838],[127.7387,34.72841],[127.73862,34.72846],[127.73707,34.72934],[127.73694,34.72944],[127.73686,34.72953],[127.73652,34.73019],[127.73648,34.73071],[127.73696,34.7317],[127.737,34.73178],[127.73711,34.73189],[127.73781,34.73264],[127.73791,34.73274],[127.73809,34.7329],[127.73816,34.73296],[127.73836,34.73308],[127.7395,34.73363],[127.73957,34.73366],[127.73987,34.73371],[127.73994,34.73372],[127.74076,34.73378],[127.741,34.73378],[127.74106,34.73378],[127.74165,34.7337],[127.74237,34.7336],[127.74254,34.73357],[127.74698,34.7337],[127.74863,34.73379]]]]}},{"type":"Feature","properties":{"code":"12130310","name":"소라면","parent":"12130"},"geometry":{"type":"MultiPolygon","coordinates":[[[[127.56261,34.73783],[127.56393,34.73694],[127.56413,34.73695],[127.5643,34.73693],[127.56442,34.73692],[127.56454,34.73688],[127.56465,34.73684],[127.56476,34.7368],[127.56488,34.73672],[127.56498,34.73664],[127.56504,34.73658],[127.56514,34.73646],[127.56518,34.7364],[127.56523,34.73633],[127.56528,34.73622],[127.5653,34.73617],[127.56572,34.73505],[127.56574,34.73491],[127.56575,34.73481],[127.56576,34.73467],[127.56575,34.7344],[127.56573,34.7343],[127.5657,34.73419],[127.56567,34.73412],[127.56542,34.73362],[127.56532,34.73345],[127.56503,34.73308],[127.5649,34.73297],[127.56476,34.73289],[127.56467,34.73285],[127.56458,34.73283],[127.56449,34.73284],[127.56438,34.73285],[127.56429,34.73288],[127.56422,34.73293],[127.56231,34.73429],[127.56144,34.73543],[127.5614,34.73555],[127.56139,34.73566],[127.56139,34.73577],[127.56139,34.73587],[127.56143,34.73597],[127.56194,34.73718],[127.56226,34.7378],[127.5623,34.73784],[127.56237,34.73789],[127.56245,34.73789],[127.56253,34.73788],[127.56261,34.73783]]],[[[127.56533,34.73926],[127.56523,34.73924],[127.56506,34.73924],[127.56485,34.73925],[127.56473,34.73926],[127.55805,34.74057],[127.55797,34.74062],[127.5579,34.74069],[127.55784,34.74078],[127.55777,34.7409],[127.55772,34.741],[127.55767,34.74115],[127.55752,34.74184],[127.55732,34.74288],[127.55726,34.74349],[127.55725,34.74357],[127.55726,34.74368],[127.55726,34.74378],[127.55728,34.74405],[127.55729,34.74411],[127.55737,34.74455],[127.55815,34.74782],[127.55845,34.7482],[127.5585,34.74825],[127.5591,34.74862],[127.55915,34.74865],[127.55942,34.74876],[127.55947,34.74878],[127.56171,34.74965],[127.56195,34.74969],[127.56203,34.74969],[127.56213,34.74966],[127.56335,34.74856],[127.56715,34.74379],[127.56719,34.74373],[127.56761,34.74307],[127.5677,34.74282],[127.5677,34.74277],[127.56768,34.74271],[127.56562,34.7394],[127.56555,34.73934],[127.56547,34.73929],[127.56539,34.73927],[127.56533,34.73926]]],[[[127.55944,34.7705],[127.55987,34.76965],[127.56127,34.77048],[127.5614,34.77052],[127.56155,34.77052],[127.5623,34.77028],[127.5624,34.77024],[127.56262,34.77014],[127.56271,34.77009],[127.56283,34.77002],[127.5629,34.76996],[127.56295,34.7699],[127.56298,34.76986],[127.56303,34.76972],[127.56304,34.76968],[127.5631,34.76927],[127.56311,34.76922],[127.56309,34.76918],[127.56291,34.769],[127.56288,34.76897],[127.56283,34.76894],[127.56276,34.76892],[127.56269,34.76891],[127.56264,34.76891],[127.56256,34.76892],[127.5625,34.76893],[127.56246,34.76893],[127.56239,34.76893],[127.56234,34.76892],[127.56229,34.76891],[127.56225,34.76889],[127.56201,34.76879],[127.56196,34.76875],[127.56193,34.76871],[127.56191,34.76844],[127.56191,34.76816],[127.56191,34.76814],[127.56192,34.76811],[127.56194,34.76807],[127.56197,34.76804],[127.56208,34.76793],[127.56214,34.76789],[127.56217,34.76787],[127.56407,34.76675],[127.56434,34.76669],[127.5653,34.7668],[127.56593,34.76729],[127.56608,34.76744],[127.56641,34.76762],[127.56716,34.76758],[127.56771,34.76707],[127.56885,34.7654],[127.56963,34.76405],[127.56995,34.76292],[127.56929,34.76266],[127.56626,34.76148],[127.56384,34.76155],[127.56345,34.76159],[127.56063,34.76267],[127.55969,34.76321],[127.55964,34.76324],[127.55928,34.76364],[127.55918,34.76376],[127.55916,34.76381],[127.55913,34.76385],[127.55912,34.76391],[127.55894,34.76483],[127.55869,34.76994],[127.5587,34.76999],[127.55889,34.77049],[127.55892,34.77053],[127.55897,34.77059],[127.55902,34.77063],[127.55908,34.77066],[127.55916,34.77068],[127.55924,34.77067],[127.5593,34.77065],[127.55934,34.77062],[127.55939,34.77058],[127.55941,34.77054],[127.55944,34.7705]]],[[[127.55745,34.78054],[127.55729,34.7805],[127.55637,34.7814],[127.55588,34.78194],[127.55578,34.7821],[127.55572,34.78223],[127.55572,34.7823],[127.55578,34.78239],[127.55587,34.78247],[127.55598,34.78252],[127.55612,34.78257],[127.55777,34.78284],[127.55784,34.78285],[127.55793,34.78285],[127.558,34.78283],[127.55808,34.7828],[127.55816,34.78277],[127.55825,34.78271],[127.5583,34.78266],[127.55835,34.7826],[127.55839,34.78251],[127.55841,34.78244],[127.55841,34.78236],[127.5584,34.78225],[127.55838,34.78215],[127.55836,34.78209],[127.55834,34.78203],[127.5583,34.78195],[127.55783,34.78104],[127.55764,34.78072],[127.55758,34.78065],[127.5575,34.78058],[127.55745,34.78054]]],[[[127.56058,34.78805],[127.5605,34.78804],[127.56045,34.78805],[127.56038,34.78806],[127.56032,34.78808],[127.56026,34.7881],[127.56018,34.78813],[127.56009,34.78818],[127.56004,34.78822],[127.55963,34.78862],[127.55961,34.78865],[127.55959,34.7887],[127.55909,34.79072],[127.55909,34.79076],[127.55908,34.79081],[127.55909,34.79085],[127.55911,34.79089],[127.55913,34.79093],[127.55916,34.79098],[127.55919,34.79101],[127.55923,34.79106],[127.55986,34.79171],[127.55992,34.79177],[127.55997,34.7918],[127.56003,34.79184],[127.56011,34.79186],[127.56017,34.79188],[127.56021,34.79188],[127.56029,34.79188],[127.56035,34.79187],[127.56041,34.79185],[127.56122,34.79147],[127.56137,34.79141],[127.56142,34.79137],[127.56153,34.79129],[127.56159,34.79124],[127.56166,34.79117],[127.56172,34.79112],[127.56177,34.79106],[127.56209,34.79066],[127.56224,34.79065],[127.56261,34.79062],[127.56384,34.79049],[127.56393,34.79047],[127.56424,34.79041],[127.56428,34.79039],[127.56431,34.79036],[127.56433,34.79032],[127.56433,34.79027],[127.5643,34.79025],[127.56075,34.78811],[127.56065,34.78805],[127.56058,34.78805]]],[[[127.62672,34.8298],[127.62844,34.82955],[127.63187,34.82868],[127.63438,34.82591],[127.63452,34.82574],[127.6362,34.82409],[127.63849,34.82212],[127.63882,34.82128],[127.63899,34.8199],[127.63905,34.81933],[127.63898,34.81874],[127.6387,34.81669],[127.63838,34.81544],[127.63796,34.81449],[127.63768,34.81393],[127.63736,34.8135],[127.63707,34.81327],[127.63561,34.81247],[127.63343,34.81086],[127.63339,34.81084],[127.63294,34.81018],[127.63181,34.80801],[127.6313,34.80666],[127.63055,34.80374],[127.63038,34.80221],[127.63056,34.80182],[127.63331,34.79941],[127.63356,34.79928],[127.63406,34.79904],[127.63541,34.79875],[127.63574,34.7987],[127.63628,34.7987],[127.63673,34.79863],[127.63891,34.79828],[127.63926,34.79805],[127.63896,34.79726],[127.63712,34.79584],[127.63625,34.79477],[127.63613,34.79406],[127.6362,34.7933],[127.63633,34.79288],[127.63669,34.79268],[127.63736,34.79249],[127.63968,34.79183],[127.641,34.79068],[127.64252,34.78883],[127.64271,34.78823],[127.64265,34.78735],[127.64257,34.78667],[127.64018,34.78337],[127.63762,34.77929],[127.63736,34.77872],[127.63749,34.77843],[127.63793,34.77758],[127.63849,34.77683],[127.63865,34.77661],[127.63848,34.77638],[127.63593,34.77543],[127.63534,34.7754],[127.63519,34.7754],[127.63498,34.77541],[127.63473,34.77541],[127.63119,34.77353],[127.63289,34.77185],[127.63318,34.77167],[127.63696,34.77085],[127.63863,34.771],[127.63872,34.77098],[127.6395,34.7702],[127.64319,34.76605],[127.64383,34.76513],[127.6446,34.76387],[127.64473,34.76339],[127.64446,34.76234],[127.64397,34.7612],[127.64379,34.76088],[127.64173,34.75855],[127.64151,34.75818],[127.64147,34.75784],[127.64164,34.75707],[127.64205,34.75547],[127.64289,34.75404],[127.64335,34.75345],[127.64405,34.75331],[127.64438,34.75299],[127.64516,34.75196],[127.64548,34.75129],[127.64549,34.75108],[127.64544,34.75057],[127.64525,34.75004],[127.64406,34.74781],[127.64283,34.74611],[127.64228,34.74544],[127.64208,34.74524],[127.64113,34.74493],[127.64032,34.74476],[127.64028,34.74477],[127.63992,34.74483],[127.63893,34.74484],[127.63398,34.74376],[127.63388,34.74372],[127.63395,34.74337],[127.6352,34.73849],[127.63571,34.73745],[127.63443,34.73725],[127.63152,34.73724],[127.62862,34.73723],[127.62506,34.73682],[127.6239,34.73639],[127.62318,34.73589],[127.62249,34.7358],[127.62179,34.736],[127.62072,34.73648],[127.62007,34.73679],[127.61988,34.73691],[127.61766,34.73966],[127.61748,34.73996],[127.61745,34.74],[127.61771,34.74022],[127.61811,34.74051],[127.6183,34.74061],[127.61939,34.74173],[127.6186,34.74204],[127.61497,34.74229],[127.60436,34.7432],[127.60386,34.74336],[127.6035,34.74456],[127.60299,34.74478],[127.59383,34.74869],[127.59326,34.7494],[127.59221,34.7504],[127.59022,34.75103],[127.58973,34.75108],[127.58964,34.75107],[127.58957,34.75107],[127.58941,34.75103],[127.58933,34.75101],[127.58924,34.75098],[127.58866,34.75074],[127.5886,34.75071],[127.58856,34.75068],[127.58853,34.75065],[127.58798,34.75016],[127.58751,34.74973],[127.58732,34.74953],[127.58727,34.74947],[127.58721,34.74942],[127.58714,34.74938],[127.58706,34.74933],[127.587,34.7493],[127.5869,34.74925],[127.58672,34.74917],[127.58665,34.74915],[127.58657,34.74914],[127.58647,34.74914],[127.58638,34.74915],[127.58616,34.7492],[127.58584,34.7493],[127.58577,34.74933],[127.58571,34.74936],[127.58438,34.75013],[127.5841,34.75031],[127.58405,34.75039],[127.584,34.7505],[127.58399,34.75056],[127.584,34.75064],[127.58416,34.75084],[127.58421,34.75088],[127.5882,34.75365],[127.58828,34.75369],[127.58834,34.75371],[127.58838,34.75372],[127.58893,34.75376],[127.58902,34.75376],[127.58911,34.75374],[127.5895,34.75442],[127.59017,34.7564],[127.59019,34.75652],[127.59018,34.75663],[127.59012,34.75726],[127.59005,34.75767],[127.59004,34.75772],[127.58814,34.76092],[127.58627,34.76497],[127.58511,34.76726],[127.58314,34.76878],[127.58274,34.76887],[127.58241,34.76895],[127.58214,34.76896],[127.58164,34.76898],[127.58114,34.76765],[127.58113,34.76762],[127.58067,34.76474],[127.57918,34.76086],[127.57903,34.7608],[127.57441,34.76004],[127.57267,34.76007],[127.57202,34.76032],[127.57181,34.76101],[127.57181,34.76106],[127.57181,34.76111],[127.57182,34.76164],[127.57184,34.76172],[127.57192,34.76183],[127.57201,34.76186],[127.57208,34.76188],[127.57218,34.7619],[127.57226,34.76191],[127.57232,34.76192],[127.57236,34.76193],[127.57239,34.76194],[127.57242,34.76196],[127.57246,34.76201],[127.57276,34.76243],[127.57303,34.76289],[127.57326,34.7633],[127.57355,34.76387],[127.5737,34.76421],[127.57509,34.76922],[127.57511,34.76933],[127.57514,34.76949],[127.57514,34.76958],[127.57514,34.76963],[127.57513,34.76971],[127.57511,34.76977],[127.57507,34.76986],[127.57166,34.77442],[127.57163,34.77445],[127.5716,34.77449],[127.56966,34.77649],[127.56779,34.77695],[127.56447,34.77712],[127.56442,34.77711],[127.56437,34.77711],[127.56423,34.77709],[127.5641,34.77707],[127.5622,34.77656],[127.55944,34.77733],[127.55925,34.77851],[127.56345,34.78061],[127.56354,34.78061],[127.56365,34.78062],[127.56377,34.7806],[127.56477,34.7805],[127.56483,34.78049],[127.56494,34.78046],[127.565,34.78043],[127.56508,34.78037],[127.56512,34.78032],[127.56997,34.77884],[127.57006,34.77882],[127.57014,34.77881],[127.57048,34.7788],[127.57054,34.77882],[127.5707,34.77894],[127.57081,34.77902],[127.5709,34.77909],[127.57107,34.77924],[127.5712,34.77937],[127.57139,34.77961],[127.57143,34.77966],[127.57151,34.77977],[127.5716,34.77991],[127.57175,34.78014],[127.57183,34.78027],[127.5719,34.78039],[127.57198,34.78054],[127.57276,34.78227],[127.57274,34.7829],[127.57255,34.78387],[127.57225,34.7837],[127.5722,34.78366],[127.57217,34.78364],[127.57216,34.78357],[127.57214,34.78351],[127.5721,34.78346],[127.57203,34.78341],[127.57197,34.78337],[127.57091,34.78292],[127.57041,34.78275],[127.56967,34.78257],[127.56951,34.78258],[127.56787,34.78522],[127.56777,34.78544],[127.56774,34.78551],[127.5675,34.78627],[127.56749,34.78634],[127.56748,34.78643],[127.56752,34.78715],[127.56753,34.78724],[127.56754,34.78731],[127.56757,34.78741],[127.56766,34.78762],[127.56774,34.78769],[127.56779,34.78773],[127.56784,34.78778],[127.56787,34.78782],[127.56789,34.78786],[127.56785,34.78832],[127.56713,34.79009],[127.56656,34.79115],[127.56532,34.79256],[127.56522,34.79262],[127.56511,34.79267],[127.56307,34.79328],[127.56141,34.79322],[127.56133,34.79319],[127.56124,34.79319],[127.56118,34.79322],[127.5611,34.79326],[127.55862,34.7962],[127.55857,34.79626],[127.55855,34.79633],[127.55808,34.79797],[127.5581,34.79807],[127.55813,34.79826],[127.55815,34.79833],[127.55848,34.79932],[127.55866,34.79982],[127.55884,34.79984],[127.55913,34.79998],[127.55919,34.80001],[127.55974,34.80036],[127.56008,34.80074],[127.56048,34.80153],[127.56065,34.80246],[127.56055,34.80275],[127.56031,34.80319],[127.56,34.80373],[127.55762,34.80644],[127.55743,34.80663],[127.5573,34.80675],[127.55723,34.80682],[127.55717,34.80687],[127.55648,34.80735],[127.55599,34.80766],[127.55586,34.80775],[127.55638,34.80835],[127.55726,34.80906],[127.55849,34.80996],[127.55865,34.81005],[127.56033,34.81106],[127.56065,34.81123],[127.56104,34.81122],[127.5614,34.81115],[127.56289,34.81068],[127.56378,34.81036],[127.56426,34.81005],[127.56577,34.80909],[127.5684,34.80757],[127.56938,34.80766],[127.57114,34.81028],[127.57114,34.8106],[127.57061,34.81494],[127.57022,34.8174],[127.57029,34.81923],[127.57047,34.81996],[127.57216,34.82093],[127.5725,34.82104],[127.57273,34.82104],[127.57305,34.82082],[127.5737,34.8206],[127.5764,34.8198],[127.57653,34.82],[127.57545,34.82213],[127.57508,34.82256],[127.57477,34.82287],[127.57455,34.82309],[127.57412,34.82378],[127.57331,34.82576],[127.5709,34.8318],[127.57084,34.8324],[127.57195,34.83662],[127.57204,34.83693],[127.5738,34.83908],[127.58302,34.8396],[127.58345,34.83958],[127.58367,34.83948],[127.58382,34.83918],[127.58327,34.83759],[127.58297,34.8361],[127.58282,34.83452],[127.58303,34.83395],[127.58576,34.83094],[127.58594,34.83087],[127.58811,34.83173],[127.59027,34.83259],[127.59054,34.83258],[127.5907,34.83249],[127.59146,34.83201],[127.59148,34.83148],[127.59134,34.83124],[127.59158,34.83053],[127.59176,34.83032],[127.59339,34.8294],[127.59364,34.82929],[127.59544,34.82893],[127.59618,34.82879],[127.59647,34.82881],[127.59713,34.82899],[127.59738,34.82914],[127.59827,34.82942],[127.60017,34.82972],[127.60159,34.82983],[127.60291,34.8299],[127.60358,34.82991],[127.60463,34.82969],[127.60587,34.83142],[127.60575,34.83301],[127.60784,34.83586],[127.6109,34.8359],[127.61344,34.83552],[127.61445,34.83502],[127.61624,34.82982],[127.61968,34.83082],[127.62672,34.8298]]]]}},{"type":"Feature","properties":{"code":"12130320","name":"율촌면","parent":"12130"},"geometry":{"type":"MultiPolygon","coordinates":[[[[127.61953,34.86573],[127.61937,34.86573],[127.61921,34.86574],[127.61909,34.86578],[127.61894,34.86583],[127.61888,34.86586],[127.61878,34.86593],[127.61873,34.86599],[127.61868,34.86605],[127.61866,34.86611],[127.61865,34.86621],[127.61888,34.86751],[127.61905,34.86793],[127.61908,34.868],[127.61911,34.86804],[127.61916,34.86812],[127.61921,34.86817],[127.62029,34.86933],[127.62032,34.86937],[127.62038,34.86941],[127.62048,34.8695],[127.6206,34.86959],[127.62066,34.86962],[127.62072,34.86965],[127.6213,34.86994],[127.62138,34.86997],[127.62225,34.87029],[127.62244,34.87031],[127.62261,34.87028],[127.6227,34.8702],[127.62273,34.8701],[127.62268,34.87001],[127.62324,34.86884],[127.62326,34.86875],[127.62319,34.86796],[127.62317,34.86776],[127.62313,34.86758],[127.62308,34.86742],[127.62301,34.86729],[127.62296,34.86722],[127.62291,34.86719],[127.62147,34.86644],[127.62138,34.8664],[127.62118,34.86631],[127.61961,34.86575],[127.61953,34.86573]]],[[[127.63351,34.84882],[127.63398,34.84843],[127.63428,34.84807],[127.63395,34.84766],[127.63351,34.84729],[127.63245,34.84721],[127.63156,34.84732],[127.62953,34.84831],[127.62845,34.84864],[127.62763,34.84857],[127.62658,34.84804],[127.6251,34.84744],[127.62398,34.84745],[127.62318,34.84763],[127.62158,34.84846],[127.61532,34.85494],[127.61386,34.85811],[127.63368,34.87093],[127.64704,34.85743],[127.63351,34.84882]]],[[[127.61067,34.86741],[127.61058,34.86741],[127.61053,34.86741],[127.60952,34.86752],[127.60904,34.86761],[127.60898,34.86762],[127.60892,34.86764],[127.60887,34.86767],[127.60883,34.8677],[127.6088,34.86774],[127.60848,34.86868],[127.60843,34.86881],[127.6084,34.86894],[127.60839,34.86907],[127.60841,34.86921],[127.60843,34.86928],[127.60958,34.87127],[127.60965,34.87133],[127.61103,34.87173],[127.61112,34.87174],[127.61128,34.87175],[127.61146,34.87174],[127.61156,34.87173],[127.61166,34.87171],[127.61172,34.87168],[127.61182,34.87162],[127.61188,34.87157],[127.61192,34.87153],[127.61195,34.87148],[127.61197,34.87142],[127.61197,34.87132],[127.61195,34.87124],[127.61193,34.87118],[127.6108,34.86755],[127.61077,34.86749],[127.61073,34.86745],[127.61067,34.86741]]],[[[127.62411,34.88282],[127.62757,34.88195],[127.62761,34.88193],[127.63042,34.88056],[127.63051,34.8805],[127.63059,34.88044],[127.63066,34.88038],[127.63073,34.8803],[127.63077,34.88023],[127.63078,34.88016],[127.63079,34.88001],[127.6308,34.87994],[127.63079,34.87985],[127.63079,34.8798],[127.63076,34.87973],[127.63047,34.87931],[127.63042,34.87925],[127.63033,34.87917],[127.63027,34.87913],[127.6302,34.87911],[127.63013,34.8791],[127.63004,34.8791],[127.62995,34.87912],[127.62987,34.87917],[127.62982,34.87922],[127.62974,34.87929],[127.6297,34.8793],[127.62966,34.87929],[127.62961,34.87927],[127.62958,34.87925],[127.62953,34.8792],[127.62948,34.87913],[127.62941,34.87904],[127.62938,34.879],[127.62935,34.87893],[127.62932,34.87885],[127.62931,34.87875],[127.6293,34.87866],[127.6293,34.87852],[127.62941,34.87699],[127.62942,34.87693],[127.62947,34.87681],[127.62956,34.87667],[127.6297,34.87648],[127.62989,34.87627],[127.63013,34.87607],[127.63026,34.87598],[127.63034,34.87594],[127.63039,34.87592],[127.63042,34.87591],[127.63048,34.87594],[127.63068,34.8761],[127.63082,34.87628],[127.63093,34.87638],[127.63101,34.87645],[127.63109,34.87648],[127.63119,34.87651],[127.6313,34.87651],[127.63141,34.8765],[127.63151,34.87646],[127.63159,34.87639],[127.6317,34.87625],[127.63183,34.87609],[127.63186,34.87604],[127.63207,34.87564],[127.6321,34.87557],[127.6321,34.87548],[127.63206,34.87541],[127.63198,34.87535],[127.62966,34.87393],[127.62957,34.8739],[127.62947,34.87389],[127.62941,34.87391],[127.62914,34.87402],[127.62688,34.87622],[127.62627,34.87703],[127.62617,34.87724],[127.62604,34.87753],[127.626,34.87761],[127.62567,34.87807],[127.62559,34.87818],[127.62555,34.87822],[127.6242,34.87937],[127.62344,34.87961],[127.62242,34.87961],[127.62235,34.87961],[127.62174,34.87948],[127.62169,34.87946],[127.62166,34.87945],[127.62144,34.87932],[127.61997,34.87837],[127.61993,34.87834],[127.61297,34.87866],[127.6129,34.87862],[127.61231,34.8783],[127.61225,34.87827],[127.61219,34.87824],[127.61209,34.87821],[127.61201,34.87818],[127.61195,34.87817],[127.61184,34.87816],[127.61173,34.87815],[127.61167,34.87815],[127.61162,34.87816],[127.61156,34.87818],[127.6115,34.87823],[127.61144,34.87829],[127.61139,34.87834],[127.61134,34.87842],[127.61129,34.8785],[127.61126,34.87858],[127.61117,34.87878],[127.61116,34.87882],[127.61119,34.88195],[127.61121,34.88199],[127.61123,34.88204],[127.61127,34.88208],[127.61131,34.88214],[127.61137,34.88218],[127.61141,34.8822],[127.61151,34.88223],[127.61161,34.88225],[127.61175,34.88226],[127.61185,34.88225],[127.6136,34.88216],[127.6202,34.88302],[127.62393,34.88284],[127.62411,34.88282]]],[[[127.62672,34.8298],[127.61968,34.83082],[127.61624,34.82982],[127.61445,34.83502],[127.61344,34.83552],[127.6109,34.8359],[127.60784,34.83586],[127.60575,34.83301],[127.60587,34.83142],[127.60463,34.82969],[127.60358,34.82991],[127.60291,34.8299],[127.60159,34.82983],[127.60017,34.82972],[127.59827,34.82942],[127.59738,34.82914],[127.59713,34.82899],[127.59647,34.82881],[127.59618,34.82879],[127.59544,34.82893],[127.59364,34.82929],[127.59339,34.8294],[127.59176,34.83032],[127.59158,34.83053],[127.59134,34.83124],[127.59148,34.83148],[127.59146,34.83201],[127.5907,34.83249],[127.59054,34.83258],[127.59027,34.83259],[127.58811,34.83173],[127.58594,34.83087],[127.58576,34.83094],[127.58303,34.83395],[127.58282,34.83452],[127.58297,34.8361],[127.58327,34.83759],[127.58382,34.83918],[127.58367,34.83948],[127.58345,34.83958],[127.58302,34.8396],[127.5738,34.83908],[127.57204,34.83693],[127.57195,34.83662],[127.57084,34.8324],[127.5709,34.8318],[127.57331,34.82576],[127.57412,34.82378],[127.57455,34.82309],[127.57477,34.82287],[127.57508,34.82256],[127.57545,34.82213],[127.57653,34.82],[127.5764,34.8198],[127.5737,34.8206],[127.57305,34.82082],[127.57273,34.82104],[127.5725,34.82104],[127.57216,34.82093],[127.57047,34.81996],[127.57029,34.81923],[127.57022,34.8174],[127.57061,34.81494],[127.57114,34.8106],[127.57114,34.81028],[127.56938,34.80766],[127.5684,34.80757],[127.56577,34.80909],[127.56426,34.81005],[127.56378,34.81036],[127.56289,34.81068],[127.5614,34.81115],[127.56104,34.81122],[127.56065,34.81123],[127.56033,34.81106],[127.55865,34.81005],[127.55849,34.80996],[127.55726,34.80906],[127.55638,34.80835],[127.55586,34.80775],[127.55347,34.80918],[127.54625,34.81019],[127.54542,34.80998],[127.54441,34.80904],[127.54409,34.80782],[127.54402,34.80645],[127.54358,34.80594],[127.54218,34.80552],[127.53824,34.80532],[127.53754,34.8055],[127.53636,34.80626],[127.53575,34.80645],[127.53379,34.80696],[127.53348,34.80678],[127.53177,34.80618],[127.53008,34.80849],[127.52908,34.80979],[127.52698,34.81096],[127.52672,34.8106],[127.52658,34.80963],[127.52614,34.80919],[127.52505,34.80909],[127.52286,34.80982],[127.52336,34.81498],[127.52459,34.81969],[127.52568,34.8225],[127.52737,34.82442],[127.53532,34.83002],[127.53617,34.83016],[127.53694,34.83049],[127.53747,34.83083],[127.53836,34.83179],[127.53917,34.83478],[127.53939,34.83572],[127.5398,34.83614],[127.54093,34.83712],[127.54277,34.83797],[127.54338,34.84184],[127.54338,34.84214],[127.54325,34.84241],[127.54285,34.84287],[127.54232,34.8433],[127.5422,34.84329],[127.54251,34.8455],[127.54352,34.8503],[127.5436,34.85046],[127.54377,34.8507],[127.54411,34.85103],[127.54446,34.85128],[127.54487,34.85146],[127.5452,34.85158],[127.54562,34.85164],[127.54616,34.85167],[127.54699,34.85189],[127.54733,34.85198],[127.54786,34.85223],[127.54863,34.85296],[127.5509,34.85575],[127.551,34.85628],[127.55098,34.8565],[127.55086,34.85671],[127.55037,34.85699],[127.55025,34.85708],[127.55008,34.85733],[127.54997,34.85761],[127.54979,34.85817],[127.54962,34.8591],[127.54986,34.85962],[127.55004,34.85994],[127.5503,34.86075],[127.55046,34.8614],[127.55077,34.86282],[127.55071,34.86296],[127.55054,34.86324],[127.54997,34.86387],[127.54923,34.86468],[127.5485,34.86517],[127.54672,34.86613],[127.54615,34.8664],[127.54542,34.8666],[127.54478,34.86674],[127.54432,34.86676],[127.54384,34.86679],[127.54344,34.86683],[127.54228,34.86724],[127.5421,34.86742],[127.54208,34.86745],[127.54059,34.87107],[127.53888,34.87395],[127.53701,34.87629],[127.53576,34.87815],[127.53596,34.87894],[127.53609,34.87939],[127.53626,34.87981],[127.53682,34.88068],[127.53737,34.88151],[127.53781,34.88199],[127.539,34.8831],[127.541,34.88495],[127.54331,34.88573],[127.54463,34.8859],[127.54645,34.88637],[127.54661,34.88702],[127.54702,34.88772],[127.54778,34.88885],[127.54842,34.88911],[127.54957,34.88946],[127.55025,34.88954],[127.55067,34.88945],[127.55138,34.88917],[127.55207,34.88874],[127.55288,34.88816],[127.55316,34.8879],[127.5534,34.8876],[127.55427,34.88722],[127.55569,34.88684],[127.55615,34.88686],[127.55759,34.88719],[127.55796,34.88728],[127.55823,34.88744],[127.55911,34.88768],[127.56073,34.88797],[127.56084,34.88797],[127.56132,34.88797],[127.56269,34.88775],[127.56306,34.88768],[127.56343,34.88755],[127.56382,34.88705],[127.5644,34.88663],[127.56507,34.88625],[127.56779,34.88502],[127.57255,34.88456],[127.57266,34.88461],[127.57386,34.88513],[127.57455,34.88528],[127.57587,34.88524],[127.57769,34.88507],[127.58155,34.88533],[127.58301,34.88545],[127.58553,34.88651],[127.58971,34.88637],[127.59389,34.88904],[127.58986,34.89334],[127.59015,34.89352],[127.59295,34.89524],[127.59505,34.89653],[127.60539,34.9033],[127.60557,34.90342],[127.61424,34.89235],[127.59459,34.87957],[127.59324,34.88108],[127.59241,34.88094],[127.59222,34.8809],[127.59176,34.88073],[127.59173,34.88071],[127.59171,34.88068],[127.59102,34.87878],[127.59068,34.87781],[127.59042,34.87705],[127.58968,34.87491],[127.58976,34.87479],[127.58986,34.87466],[127.59017,34.8742],[127.59026,34.87407],[127.59029,34.87405],[127.59035,34.87403],[127.5904,34.87402],[127.59046,34.87402],[127.59216,34.87188],[127.5948,34.86772],[127.60016,34.86216],[127.60028,34.86205],[127.60036,34.86198],[127.60041,34.86194],[127.60098,34.86155],[127.60112,34.86146],[127.60125,34.8614],[127.60131,34.86138],[127.60138,34.86135],[127.60149,34.86133],[127.60159,34.86132],[127.6017,34.86131],[127.60209,34.8613],[127.60221,34.86134],[127.60246,34.86148],[127.60261,34.86158],[127.60281,34.86167],[127.60294,34.8617],[127.60306,34.86168],[127.60322,34.86164],[127.60398,34.86123],[127.60411,34.86114],[127.60423,34.86104],[127.60439,34.86082],[127.60448,34.86062],[127.60449,34.86039],[127.6045,34.85984],[127.60445,34.85972],[127.60435,34.85962],[127.6038,34.85932],[127.60368,34.85932],[127.60339,34.85934],[127.60319,34.85939],[127.60296,34.8594],[127.60283,34.85934],[127.60272,34.85928],[127.60265,34.8592],[127.60258,34.8591],[127.60253,34.85897],[127.60251,34.85886],[127.60249,34.85863],[127.60245,34.85785],[127.60307,34.85628],[127.60354,34.85525],[127.60464,34.85349],[127.60498,34.85307],[127.60539,34.85262],[127.60577,34.85222],[127.60632,34.85169],[127.60755,34.85078],[127.60789,34.85058],[127.60946,34.84974],[127.60972,34.84967],[127.60989,34.84963],[127.61053,34.8495],[127.61075,34.84948],[127.61176,34.8512],[127.61181,34.8513],[127.61183,34.85139],[127.61191,34.85179],[127.61194,34.85212],[127.61194,34.85232],[127.61195,34.85247],[127.61201,34.8527],[127.61207,34.85282],[127.61215,34.85289],[127.61228,34.85295],[127.61377,34.85316],[127.61396,34.85314],[127.61416,34.85306],[127.61442,34.85292],[127.61464,34.85277],[127.61477,34.85266],[127.61731,34.85038],[127.61762,34.84994],[127.6178,34.84953],[127.61875,34.84775],[127.61966,34.84676],[127.62039,34.84602],[127.62096,34.84569],[127.62293,34.84465],[127.62355,34.84437],[127.62383,34.84425],[127.63156,34.84516],[127.63424,34.84582],[127.63428,34.84588],[127.63506,34.84668],[127.63513,34.84672],[127.63522,34.84673],[127.63577,34.84678],[127.63586,34.84678],[127.63607,34.84677],[127.63619,34.84675],[127.63626,34.8467],[127.63637,34.84662],[127.63673,34.84592],[127.63675,34.84584],[127.63693,34.84512],[127.63698,34.84479],[127.63701,34.8445],[127.63682,34.84416],[127.63531,34.84235],[127.6356,34.84021],[127.63565,34.84018],[127.63579,34.84009],[127.63587,34.83999],[127.63591,34.83988],[127.63593,34.83977],[127.6359,34.83961],[127.63581,34.83946],[127.63574,34.83937],[127.63512,34.8386],[127.63501,34.83853],[127.63489,34.83848],[127.63474,34.83845],[127.63379,34.83827],[127.62987,34.8387],[127.6297,34.83872],[127.62948,34.83878],[127.62931,34.83885],[127.62881,34.8391],[127.62861,34.83925],[127.62849,34.83935],[127.62839,34.83946],[127.62807,34.83994],[127.62804,34.84002],[127.62802,34.84006],[127.628,34.8401],[127.62797,34.84013],[127.62793,34.84016],[127.62789,34.84018],[127.62687,34.8405],[127.62663,34.83249],[127.62672,34.8298]]]]}},{"type":"Feature","properties":{"code":"12130330","name":"화양면","parent":"12130"},"geometry":{"type":"MultiPolygon","coordinates":[[[[127.64622,34.63209],[127.64615,34.63208],[127.64608,34.63209],[127.64597,34.6321],[127.64584,34.63213],[127.64566,34.63219],[127.64557,34.63223],[127.64551,34.63226],[127.64546,34.63231],[127.64542,34.63236],[127.64539,34.63241],[127.64539,34.63252],[127.64538,34.63257],[127.6454,34.63264],[127.64679,34.63544],[127.64684,34.63551],[127.64688,34.63554],[127.64707,34.63567],[127.64725,34.63578],[127.6477,34.63597],[127.64774,34.63599],[127.64778,34.63599],[127.64782,34.63599],[127.64787,34.63597],[127.6479,34.63593],[127.64792,34.6359],[127.64792,34.63585],[127.64751,34.63381],[127.64749,34.63372],[127.64747,34.63367],[127.64743,34.6336],[127.64645,34.63225],[127.64638,34.63219],[127.64634,34.63215],[127.64627,34.63212],[127.64622,34.63209]]],[[[127.55055,34.65747],[127.54914,34.65731],[127.54903,34.65732],[127.54895,34.65735],[127.54886,34.65742],[127.54881,34.65749],[127.54878,34.65755],[127.54876,34.65762],[127.54876,34.6577],[127.54878,34.65778],[127.54885,34.65788],[127.55025,34.65949],[127.55028,34.65952],[127.5503,34.65954],[127.55033,34.65956],[127.55036,34.65957],[127.55039,34.65959],[127.55043,34.65961],[127.55048,34.65962],[127.55052,34.65963],[127.55055,34.65964],[127.55065,34.65966],[127.5507,34.65966],[127.55076,34.65965],[127.5508,34.65965],[127.55086,34.65964],[127.55093,34.65962],[127.55099,34.65961],[127.55102,34.6596],[127.55106,34.65958],[127.55111,34.65955],[127.55114,34.65953],[127.55121,34.65949],[127.55125,34.65945],[127.55144,34.65928],[127.55148,34.65925],[127.55151,34.6592],[127.55154,34.65915],[127.55156,34.65912],[127.55157,34.65908],[127.55157,34.65903],[127.55151,34.65847],[127.5515,34.65844],[127.55147,34.65831],[127.55145,34.65826],[127.55142,34.65819],[127.5514,34.65815],[127.55137,34.65809],[127.55116,34.65777],[127.55114,34.65773],[127.55111,34.65769],[127.55105,34.65762],[127.55102,34.65759],[127.55097,34.65756],[127.55092,34.65754],[127.55088,34.65753],[127.55084,34.65752],[127.55055,34.65747]]],[[[127.63995,34.65483],[127.63985,34.65481],[127.63978,34.65483],[127.63973,34.65484],[127.63832,34.6552],[127.63822,34.65524],[127.63688,34.65573],[127.63683,34.65577],[127.63504,34.65715],[127.63501,34.65718],[127.63498,34.65721],[127.63492,34.65728],[127.6349,34.65734],[127.63488,34.65739],[127.63488,34.65745],[127.63487,34.6575],[127.63507,34.65922],[127.63508,34.65929],[127.6351,34.65936],[127.63515,34.65942],[127.6352,34.65946],[127.63526,34.6595],[127.63531,34.65953],[127.6358,34.65979],[127.63584,34.65981],[127.63589,34.65982],[127.63646,34.65982],[127.63652,34.65982],[127.63656,34.65981],[127.6366,34.6598],[127.63667,34.65977],[127.63715,34.65931],[127.64004,34.65506],[127.64007,34.65497],[127.64004,34.65488],[127.63995,34.65483]]],[[[127.60386,34.74336],[127.60436,34.7432],[127.61497,34.74229],[127.6186,34.74204],[127.61939,34.74173],[127.6183,34.74061],[127.61811,34.74051],[127.61771,34.74022],[127.61745,34.74],[127.61748,34.73996],[127.61766,34.73966],[127.61988,34.73691],[127.62007,34.73679],[127.62072,34.73648],[127.62179,34.736],[127.62249,34.7358],[127.62318,34.73589],[127.6239,34.73639],[127.62506,34.73682],[127.62862,34.73723],[127.63152,34.73724],[127.63443,34.73725],[127.63571,34.73745],[127.63673,34.73499],[127.63552,34.7335],[127.63412,34.73281],[127.63334,34.73256],[127.63323,34.73206],[127.63317,34.7318],[127.63571,34.726],[127.63686,34.72439],[127.63791,34.72353],[127.64035,34.72184],[127.64035,34.72181],[127.64034,34.72173],[127.64023,34.72089],[127.64015,34.72053],[127.64001,34.72013],[127.63988,34.71987],[127.6392,34.71857],[127.63926,34.71512],[127.63935,34.71503],[127.63939,34.71499],[127.63944,34.71494],[127.63953,34.7148],[127.64014,34.71393],[127.64262,34.71002],[127.64264,34.70996],[127.64267,34.70989],[127.64294,34.70878],[127.64305,34.70698],[127.64304,34.70691],[127.64303,34.7068],[127.64301,34.70674],[127.64297,34.70669],[127.64294,34.70664],[127.6429,34.70659],[127.64284,34.70654],[127.64277,34.70651],[127.64271,34.70648],[127.64263,34.70647],[127.64023,34.70597],[127.64018,34.70596],[127.64003,34.70595],[127.63987,34.70595],[127.63977,34.70595],[127.63966,34.70596],[127.63954,34.70598],[127.63931,34.706],[127.63889,34.70607],[127.63878,34.7061],[127.63866,34.70614],[127.63857,34.70618],[127.63851,34.70621],[127.63758,34.70678],[127.63751,34.70683],[127.63737,34.70695],[127.6373,34.70701],[127.63723,34.70708],[127.63717,34.70714],[127.63712,34.7072],[127.63619,34.70836],[127.63627,34.70874],[127.63634,34.70872],[127.63638,34.70871],[127.63643,34.70871],[127.63642,34.70882],[127.63638,34.70907],[127.63637,34.7091],[127.63617,34.70937],[127.63608,34.70948],[127.63562,34.71],[127.63558,34.71004],[127.6355,34.71012],[127.63547,34.71014],[127.63541,34.71017],[127.63344,34.71072],[127.6334,34.71073],[127.63334,34.71074],[127.6333,34.71074],[127.63306,34.71072],[127.63303,34.71071],[127.63297,34.7107],[127.63238,34.71056],[127.63233,34.71055],[127.63215,34.71049],[127.6317,34.71033],[127.63165,34.71032],[127.6316,34.71029],[127.63152,34.71023],[127.63142,34.71016],[127.63136,34.71012],[127.63129,34.71009],[127.6312,34.71007],[127.63112,34.71007],[127.63076,34.71009],[127.63068,34.71011],[127.62748,34.71122],[127.62739,34.71126],[127.62695,34.71149],[127.62632,34.71182],[127.62625,34.71187],[127.62617,34.71192],[127.62608,34.71201],[127.62605,34.7121],[127.62606,34.71219],[127.62609,34.71226],[127.62615,34.71232],[127.62624,34.71242],[127.62635,34.71251],[127.62647,34.71258],[127.6266,34.71265],[127.62671,34.7127],[127.62691,34.7128],[127.62694,34.71283],[127.62698,34.71286],[127.62843,34.71687],[127.62846,34.71713],[127.62845,34.71715],[127.62779,34.71806],[127.62765,34.71807],[127.62551,34.7182],[127.6252,34.71822],[127.6213,34.71335],[127.62114,34.71312],[127.62107,34.713],[127.62105,34.71293],[127.62102,34.71285],[127.62101,34.71279],[127.62101,34.71275],[127.62101,34.71271],[127.62103,34.71267],[127.62106,34.71264],[127.62122,34.71253],[127.62133,34.71249],[127.62148,34.71244],[127.62161,34.71244],[127.62197,34.71245],[127.62208,34.71245],[127.62242,34.71242],[127.62252,34.71233],[127.62254,34.7122],[127.62255,34.71197],[127.62251,34.70898],[127.6225,34.70889],[127.62248,34.70883],[127.62215,34.70812],[127.62201,34.70803],[127.62194,34.70803],[127.62065,34.70792],[127.61989,34.708],[127.61979,34.70811],[127.61978,34.70819],[127.61976,34.70845],[127.61973,34.70873],[127.61971,34.70896],[127.61732,34.70945],[127.61699,34.7095],[127.61687,34.70952],[127.61675,34.70952],[127.61671,34.7095],[127.61454,34.7077],[127.61434,34.70744],[127.61384,34.70674],[127.61377,34.70663],[127.61375,34.70659],[127.61373,34.70623],[127.61618,34.70357],[127.61759,34.70223],[127.61767,34.70215],[127.61835,34.70158],[127.61847,34.70151],[127.62103,34.7006],[127.62158,34.70045],[127.62182,34.70039],[127.62225,34.70031],[127.62236,34.70029],[127.62242,34.70029],[127.62249,34.70029],[127.62253,34.70029],[127.62258,34.70031],[127.62261,34.70033],[127.62265,34.70037],[127.62268,34.70041],[127.62529,34.70008],[127.62787,34.69639],[127.62807,34.69594],[127.62809,34.69556],[127.62783,34.69508],[127.6239,34.69124],[127.62364,34.69106],[127.62358,34.69103],[127.62352,34.69101],[127.6224,34.69076],[127.62285,34.68864],[127.6232,34.68769],[127.62339,34.68734],[127.62341,34.68731],[127.62344,34.68729],[127.62349,34.68725],[127.62353,34.68723],[127.6241,34.68705],[127.62414,34.68704],[127.62419,34.68703],[127.62423,34.68702],[127.62863,34.68544],[127.6293,34.6847],[127.63016,34.68404],[127.63025,34.68399],[127.63161,34.68329],[127.63164,34.68328],[127.63171,34.68326],[127.63178,34.68324],[127.63184,34.68324],[127.63189,34.68323],[127.63193,34.68324],[127.63202,34.68325],[127.63211,34.68327],[127.63224,34.68332],[127.63226,34.68334],[127.63229,34.68335],[127.63233,34.68339],[127.63239,34.68345],[127.63243,34.68351],[127.63248,34.68359],[127.6325,34.68365],[127.63252,34.68371],[127.63254,34.68377],[127.63258,34.68386],[127.63263,34.68392],[127.63272,34.68405],[127.63291,34.6843],[127.63301,34.68441],[127.6332,34.68466],[127.63418,34.68556],[127.63424,34.68561],[127.63433,34.68564],[127.6344,34.68565],[127.63448,34.68566],[127.63456,34.68565],[127.63479,34.68562],[127.63485,34.68561],[127.63534,34.68553],[127.63544,34.68551],[127.63556,34.68548],[127.63565,34.68544],[127.63921,34.68377],[127.63929,34.68373],[127.63937,34.68365],[127.63941,34.68359],[127.63945,34.68354],[127.63946,34.6835],[127.63949,34.68343],[127.6395,34.68337],[127.6395,34.6833],[127.63946,34.68319],[127.6394,34.68311],[127.63815,34.68207],[127.6381,34.68203],[127.63806,34.68201],[127.63802,34.68199],[127.63797,34.68197],[127.63736,34.68184],[127.63727,34.68184],[127.63721,34.68185],[127.63716,34.68187],[127.6371,34.6819],[127.63685,34.68207],[127.63681,34.68211],[127.63678,34.68217],[127.63672,34.68236],[127.63653,34.68285],[127.63649,34.6829],[127.63601,34.68295],[127.63595,34.68296],[127.63582,34.68296],[127.63573,34.68297],[127.63568,34.68296],[127.6356,34.68294],[127.6355,34.68291],[127.63542,34.68289],[127.63526,34.68283],[127.63507,34.68276],[127.63466,34.68256],[127.63375,34.6821],[127.63368,34.68205],[127.63307,34.68158],[127.63202,34.68072],[127.63147,34.67998],[127.62826,34.67998],[127.62497,34.68048],[127.62291,34.6817],[127.6229,34.68173],[127.62288,34.68176],[127.62278,34.68195],[127.62275,34.682],[127.6227,34.68206],[127.62209,34.68253],[127.62027,34.68392],[127.62017,34.68399],[127.62006,34.68407],[127.61997,34.68413],[127.61992,34.68415],[127.61959,34.68428],[127.61933,34.68437],[127.6189,34.68453],[127.61885,34.68454],[127.6188,34.68454],[127.61877,34.68454],[127.61869,34.68453],[127.61861,34.68451],[127.61858,34.6845],[127.61772,34.68422],[127.61744,34.68299],[127.61751,34.68302],[127.61771,34.68308],[127.61779,34.68308],[127.61785,34.68308],[127.61811,34.68304],[127.61817,34.68302],[127.6185,34.6829],[127.61859,34.68285],[127.61865,34.68278],[127.62028,34.68114],[127.62095,34.68035],[127.62366,34.67816],[127.62412,34.67811],[127.62452,34.67804],[127.62457,34.67803],[127.62477,34.67798],[127.62487,34.67794],[127.62539,34.67772],[127.62544,34.6777],[127.62549,34.67768],[127.62671,34.67707],[127.62681,34.67702],[127.6269,34.67696],[127.62939,34.67501],[127.62945,34.67495],[127.62952,34.67488],[127.62955,34.67479],[127.62956,34.67473],[127.62955,34.67467],[127.62954,34.67462],[127.62934,34.67392],[127.63098,34.67162],[127.63106,34.67158],[127.63247,34.67073],[127.63309,34.67026],[127.63316,34.67019],[127.63319,34.67011],[127.6332,34.67005],[127.63344,34.66804],[127.63343,34.66797],[127.63341,34.66787],[127.63338,34.66777],[127.63322,34.66757],[127.63312,34.66749],[127.63302,34.66741],[127.63297,34.66738],[127.63236,34.66694],[127.63177,34.66636],[127.63174,34.66624],[127.63171,34.66613],[127.63169,34.66606],[127.63169,34.66533],[127.63177,34.6651],[127.63197,34.66483],[127.63495,34.66316],[127.63502,34.66315],[127.63509,34.66313],[127.63517,34.6631],[127.63524,34.66308],[127.63529,34.66304],[127.63534,34.66298],[127.63539,34.66291],[127.63541,34.66285],[127.63541,34.66279],[127.63541,34.66171],[127.6354,34.66145],[127.63283,34.65703],[127.63278,34.65696],[127.63274,34.65691],[127.63268,34.65684],[127.63258,34.65675],[127.63249,34.65668],[127.63236,34.65661],[127.6323,34.65659],[127.63212,34.65652],[127.63199,34.65647],[127.6305,34.65349],[127.62981,34.65052],[127.63243,34.65069],[127.63428,34.65063],[127.63505,34.64935],[127.63509,34.64929],[127.63512,34.64925],[127.6352,34.64918],[127.63526,34.64913],[127.6354,34.64903],[127.63553,34.64896],[127.63571,34.64887],[127.6374,34.64881],[127.63743,34.64882],[127.63749,34.64883],[127.63756,34.64887],[127.63758,34.6489],[127.63765,34.64899],[127.63769,34.64905],[127.63771,34.64909],[127.63774,34.64916],[127.63778,34.64931],[127.63779,34.64933],[127.6378,34.64937],[127.63779,34.64941],[127.63778,34.64944],[127.63772,34.65003],[127.63798,34.65086],[127.63802,34.65096],[127.63807,34.65102],[127.63843,34.65133],[127.6385,34.65137],[127.63939,34.65182],[127.64054,34.65234],[127.64061,34.65235],[127.64068,34.65235],[127.64103,34.65231],[127.64114,34.65227],[127.64121,34.65221],[127.64127,34.65216],[127.64137,34.65205],[127.64158,34.65181],[127.64256,34.65064],[127.64261,34.65055],[127.64264,34.65048],[127.64265,34.65039],[127.64262,34.65029],[127.64231,34.64941],[127.6404,34.6461],[127.64035,34.64603],[127.64026,34.64592],[127.64019,34.64585],[127.64009,34.6458],[127.63998,34.64578],[127.63991,34.64576],[127.63971,34.64574],[127.63936,34.64573],[127.63922,34.64573],[127.63905,34.64574],[127.63891,34.64575],[127.63881,34.64576],[127.63718,34.64609],[127.63707,34.64614],[127.63663,34.64635],[127.63639,34.64647],[127.6344,34.64594],[127.63765,34.64437],[127.63896,34.64449],[127.63962,34.64447],[127.63972,34.64446],[127.6399,34.64443],[127.63998,34.64441],[127.64006,34.64437],[127.64018,34.64428],[127.64027,34.6442],[127.64031,34.64415],[127.64035,34.64407],[127.64038,34.64386],[127.64035,34.64376],[127.64014,34.64334],[127.64009,34.64328],[127.64003,34.64321],[127.63961,34.64297],[127.63945,34.6429],[127.63917,34.64279],[127.63707,34.64208],[127.635,34.64026],[127.63341,34.6372],[127.63331,34.63622],[127.63823,34.63664],[127.64091,34.63545],[127.64319,34.63384],[127.64335,34.63371],[127.64342,34.63364],[127.64612,34.62913],[127.64615,34.62908],[127.64619,34.62895],[127.64619,34.62888],[127.64618,34.6288],[127.64614,34.62875],[127.64609,34.62868],[127.6449,34.62757],[127.64465,34.62741],[127.64439,34.62729],[127.64405,34.62727],[127.64371,34.62731],[127.64308,34.62735],[127.64276,34.62733],[127.64224,34.62725],[127.63981,34.6268],[127.63906,34.62659],[127.6381,34.62623],[127.63801,34.62618],[127.63788,34.62611],[127.63779,34.62606],[127.63768,34.62603],[127.63754,34.626],[127.63742,34.62599],[127.63726,34.62597],[127.63711,34.62597],[127.63677,34.62597],[127.6366,34.62597],[127.63649,34.62598],[127.63618,34.62604],[127.63584,34.62612],[127.63558,34.62634],[127.63429,34.62783],[127.63425,34.62805],[127.63438,34.62824],[127.63447,34.62832],[127.63454,34.62838],[127.63464,34.62844],[127.63518,34.62874],[127.63602,34.6293],[127.63615,34.62942],[127.63629,34.62982],[127.6363,34.62985],[127.63631,34.62995],[127.63631,34.63002],[127.63629,34.63007],[127.63624,34.63016],[127.63599,34.63059],[127.63579,34.63092],[127.63565,34.63112],[127.63539,34.63146],[127.63536,34.6315],[127.63522,34.63166],[127.63514,34.63174],[127.63471,34.63218],[127.63446,34.63243],[127.63442,34.63246],[127.63435,34.63251],[127.63424,34.63256],[127.63406,34.63263],[127.634,34.63264],[127.63397,34.63265],[127.63122,34.63274],[127.63113,34.63272],[127.63106,34.6327],[127.63102,34.63267],[127.62949,34.63177],[127.62799,34.63067],[127.62807,34.63063],[127.62813,34.63058],[127.62842,34.63029],[127.62838,34.62993],[127.6272,34.62954],[127.62708,34.62952],[127.62607,34.62946],[127.62598,34.62947],[127.62579,34.62952],[127.62546,34.62964],[127.62495,34.62984],[127.62484,34.62989],[127.6247,34.62996],[127.62459,34.63003],[127.6244,34.63018],[127.6243,34.63028],[127.62422,34.63038],[127.62415,34.63047],[127.62408,34.63061],[127.62404,34.63077],[127.62406,34.63089],[127.6241,34.63097],[127.62416,34.63105],[127.62429,34.63116],[127.6244,34.63124],[127.6245,34.63131],[127.62461,34.63135],[127.6247,34.63135],[127.62474,34.63136],[127.62481,34.63139],[127.62522,34.63158],[127.62566,34.63179],[127.62575,34.63183],[127.62581,34.63187],[127.62585,34.6319],[127.62589,34.63197],[127.62593,34.63219],[127.62595,34.63233],[127.62595,34.63243],[127.62595,34.63266],[127.62593,34.63274],[127.62589,34.63297],[127.62588,34.633],[127.62519,34.63445],[127.6249,34.63482],[127.62429,34.6352],[127.62421,34.63523],[127.62416,34.63524],[127.62391,34.63526],[127.62366,34.6353],[127.62337,34.6354],[127.62189,34.63625],[127.62178,34.63632],[127.6215,34.63652],[127.62055,34.63759],[127.61555,34.64285],[127.61542,34.64298],[127.61515,34.64317],[127.61503,34.64324],[127.61476,34.64338],[127.61465,34.64343],[127.61453,34.64349],[127.61411,34.64366],[127.6112,34.64456],[127.6111,34.64459],[127.61042,34.64479],[127.60989,34.6449],[127.60972,34.64493],[127.60959,34.64494],[127.60901,34.64496],[127.60895,34.64496],[127.60889,34.64496],[127.60885,34.64496],[127.60879,34.64494],[127.60873,34.64492],[127.60649,34.64478],[127.60437,34.64529],[127.59903,34.64749],[127.59898,34.64757],[127.59891,34.64764],[127.59886,34.64769],[127.59818,34.64823],[127.59799,34.64838],[127.59792,34.64843],[127.59789,34.64846],[127.59781,34.64851],[127.59776,34.64853],[127.59757,34.64861],[127.59728,34.64872],[127.59697,34.64883],[127.59667,34.64892],[127.59498,34.64937],[127.59221,34.65042],[127.59128,34.65085],[127.59046,34.65142],[127.59031,34.65155],[127.59028,34.65157],[127.59016,34.65163],[127.59002,34.65169],[127.58989,34.65173],[127.58974,34.65179],[127.5896,34.65182],[127.58942,34.65184],[127.58925,34.65185],[127.58295,34.65197],[127.58281,34.65196],[127.58251,34.65192],[127.58232,34.65189],[127.58174,34.65175],[127.57984,34.65119],[127.57957,34.65108],[127.57906,34.65088],[127.57899,34.65085],[127.57772,34.6503],[127.5773,34.65006],[127.57712,34.64996],[127.57655,34.64951],[127.57627,34.64928],[127.57608,34.64912],[127.5752,34.64829],[127.57504,34.6481],[127.57494,34.64794],[127.57485,34.64781],[127.57481,34.64771],[127.5748,34.64766],[127.5748,34.64756],[127.57481,34.64714],[127.57485,34.64695],[127.57532,34.64459],[127.57626,34.64041],[127.57862,34.63804],[127.57978,34.63641],[127.58233,34.63226],[127.58242,34.63209],[127.58246,34.63203],[127.58249,34.63195],[127.58254,34.63184],[127.58259,34.63172],[127.58265,34.63153],[127.5827,34.63136],[127.58281,34.63085],[127.5828,34.63073],[127.58276,34.63064],[127.5827,34.63054],[127.58262,34.63046],[127.58252,34.6304],[127.58239,34.63036],[127.58224,34.63035],[127.58213,34.63035],[127.58125,34.63042],[127.58115,34.63043],[127.58098,34.63047],[127.58073,34.63053],[127.58056,34.63058],[127.58017,34.63071],[127.57999,34.6308],[127.5799,34.63084],[127.57974,34.63093],[127.5767,34.63331],[127.57613,34.63391],[127.57476,34.63543],[127.57463,34.63557],[127.57458,34.63566],[127.57453,34.63575],[127.57451,34.63585],[127.57441,34.63671],[127.57425,34.63909],[127.57428,34.63995],[127.5742,34.64006],[127.5741,34.64018],[127.57406,34.64023],[127.57399,34.64028],[127.57285,34.64107],[127.57236,34.64132],[127.57183,34.64175],[127.57013,34.64359],[127.57011,34.64415],[127.57001,34.64469],[127.56994,34.64494],[127.56959,34.64636],[127.56803,34.64956],[127.56776,34.65004],[127.56773,34.65008],[127.56771,34.6501],[127.56749,34.6503],[127.56734,34.65043],[127.56712,34.6506],[127.56707,34.65063],[127.56703,34.65066],[127.56627,34.65104],[127.56623,34.65105],[127.5647,34.65262],[127.563,34.65495],[127.56012,34.65763],[127.55687,34.65778],[127.55651,34.65746],[127.55574,34.65706],[127.55525,34.65705],[127.55359,34.65834],[127.55353,34.65839],[127.55348,34.65846],[127.55343,34.65853],[127.55136,34.66281],[127.55133,34.66287],[127.55126,34.66312],[127.55099,34.6647],[127.55099,34.66477],[127.55104,34.66528],[127.55105,34.66534],[127.55106,34.6654],[127.55227,34.66901],[127.55233,34.66919],[127.55235,34.66923],[127.55238,34.66929],[127.55243,34.66936],[127.55247,34.66941],[127.55255,34.66949],[127.55261,34.66955],[127.55267,34.6696],[127.5527,34.66963],[127.55303,34.66988],[127.55309,34.66992],[127.55317,34.66996],[127.55745,34.6717],[127.55793,34.67178],[127.55852,34.67176],[127.559,34.67168],[127.55889,34.67127],[127.55903,34.67102],[127.5599,34.67088],[127.56034,34.67094],[127.56135,34.6716],[127.56346,34.67517],[127.56295,34.67661],[127.56288,34.67676],[127.56283,34.67681],[127.56279,34.67684],[127.56275,34.67686],[127.5627,34.67689],[127.56257,34.67695],[127.55889,34.67855],[127.55781,34.67887],[127.55763,34.67892],[127.55746,34.67895],[127.55739,34.67896],[127.55732,34.67897],[127.55726,34.67897],[127.55716,34.67897],[127.55703,34.67896],[127.55693,34.67895],[127.55677,34.67892],[127.55666,34.6789],[127.55652,34.67887],[127.55645,34.67885],[127.55639,34.67883],[127.55637,34.67881],[127.55624,34.6787],[127.55614,34.6786],[127.55661,34.67771],[127.55685,34.67762],[127.55689,34.67748],[127.55682,34.67735],[127.55666,34.67728],[127.55609,34.67721],[127.55594,34.6772],[127.55569,34.6772],[127.55562,34.67721],[127.55556,34.67722],[127.55549,34.67725],[127.55546,34.67726],[127.55543,34.67728],[127.55226,34.67984],[127.55043,34.68172],[127.55034,34.68183],[127.55028,34.68194],[127.55024,34.68209],[127.55022,34.68217],[127.55021,34.68226],[127.55024,34.68235],[127.55027,34.68241],[127.55033,34.6825],[127.55056,34.68279],[127.55066,34.6829],[127.55081,34.68299],[127.55095,34.68304],[127.55079,34.68853],[127.55066,34.68907],[127.55066,34.68914],[127.55067,34.68921],[127.55083,34.68995],[127.55085,34.69003],[127.55111,34.69074],[127.55147,34.69172],[127.5515,34.69178],[127.5516,34.69195],[127.55172,34.69214],[127.5519,34.69244],[127.55269,34.69358],[127.55274,34.69365],[127.5528,34.6937],[127.55288,34.69376],[127.55296,34.69379],[127.55305,34.69381],[127.55315,34.69383],[127.55325,34.69384],[127.55335,34.69384],[127.55344,34.69383],[127.5535,34.69382],[127.55358,34.69379],[127.55462,34.69368],[127.55532,34.69362],[127.55799,34.69362],[127.55804,34.69363],[127.55809,34.69365],[127.55821,34.69373],[127.55824,34.69375],[127.55828,34.69378],[127.55831,34.69381],[127.55834,34.69385],[127.55855,34.69507],[127.55855,34.6951],[127.55853,34.69513],[127.55842,34.69533],[127.55838,34.69535],[127.55833,34.69538],[127.55828,34.69539],[127.55813,34.69544],[127.55809,34.69545],[127.55805,34.69546],[127.55798,34.69546],[127.55791,34.69546],[127.55803,34.69533],[127.55768,34.69511],[127.55665,34.69559],[127.55655,34.69563],[127.55648,34.69568],[127.55639,34.69576],[127.55632,34.69583],[127.55626,34.69591],[127.55623,34.69597],[127.55621,34.69603],[127.55622,34.69609],[127.55623,34.69615],[127.5566,34.69703],[127.55809,34.69945],[127.55817,34.69956],[127.55832,34.69969],[127.5584,34.69975],[127.55902,34.70022],[127.55915,34.7003],[127.55925,34.70037],[127.55936,34.70042],[127.55947,34.70043],[127.5595,34.70043],[127.55959,34.70041],[127.55967,34.70039],[127.56065,34.70004],[127.56073,34.70001],[127.56082,34.69997],[127.5609,34.69993],[127.56098,34.69989],[127.56106,34.69983],[127.56123,34.69968],[127.5613,34.69961],[127.56137,34.69954],[127.56201,34.69894],[127.56206,34.69889],[127.5633,34.69866],[127.56525,34.69885],[127.56724,34.69923],[127.56731,34.69928],[127.5676,34.69945],[127.5677,34.6995],[127.56852,34.6998],[127.56863,34.6998],[127.56871,34.69979],[127.57293,34.6992],[127.57298,34.69919],[127.57369,34.699],[127.57377,34.69897],[127.57383,34.69895],[127.57391,34.69891],[127.574,34.69887],[127.57406,34.69884],[127.57413,34.6988],[127.57466,34.69853],[127.57476,34.69847],[127.5748,34.69844],[127.57486,34.69839],[127.57864,34.69558],[127.57909,34.69512],[127.57967,34.69448],[127.57974,34.6944],[127.57978,34.69436],[127.57983,34.69429],[127.57987,34.69423],[127.5799,34.69418],[127.57998,34.69406],[127.58006,34.69394],[127.5804,34.69356],[127.58111,34.69344],[127.58117,34.6935],[127.58119,34.69374],[127.58116,34.69381],[127.58003,34.69633],[127.57705,34.7006],[127.57584,34.70174],[127.57213,34.70372],[127.56963,34.70394],[127.56801,34.70312],[127.56773,34.70259],[127.56776,34.70252],[127.56776,34.70245],[127.56776,34.70239],[127.56775,34.70232],[127.56773,34.70226],[127.56771,34.70222],[127.56767,34.70215],[127.56687,34.70111],[127.56681,34.70104],[127.56675,34.70098],[127.56666,34.70091],[127.56604,34.70055],[127.56596,34.70052],[127.56589,34.7005],[127.5658,34.7005],[127.56573,34.7005],[127.56566,34.70052],[127.56558,34.70055],[127.56498,34.70083],[127.56442,34.70111],[127.5643,34.70117],[127.56411,34.70127],[127.56402,34.70136],[127.56361,34.70189],[127.56357,34.70196],[127.56224,34.70413],[127.56244,34.70692],[127.56172,34.70809],[127.55916,34.70744],[127.55915,34.70497],[127.55921,34.70493],[127.55925,34.70485],[127.5594,34.70437],[127.55942,34.7043],[127.55948,34.704],[127.55949,34.70394],[127.5595,34.70376],[127.55928,34.70316],[127.55925,34.70307],[127.55787,34.70177],[127.5561,34.70048],[127.55554,34.7002],[127.55544,34.70016],[127.55531,34.70013],[127.55513,34.70012],[127.55503,34.70014],[127.55375,34.70038],[127.55366,34.7004],[127.55324,34.70053],[127.55312,34.70058],[127.55303,34.70067],[127.55294,34.70076],[127.55288,34.70088],[127.55286,34.70099],[127.55286,34.70113],[127.55288,34.70125],[127.55289,34.70134],[127.55359,34.70396],[127.55515,34.70554],[127.55596,34.70843],[127.55597,34.70847],[127.55605,34.70933],[127.55568,34.71229],[127.55431,34.71324],[127.5542,34.71305],[127.55416,34.71299],[127.55412,34.71295],[127.55225,34.71161],[127.55219,34.71157],[127.55135,34.71108],[127.55126,34.71106],[127.55118,34.71104],[127.54915,34.71077],[127.54907,34.71077],[127.54897,34.71079],[127.54885,34.71083],[127.54876,34.71087],[127.54871,34.71089],[127.54855,34.71098],[127.54849,34.71102],[127.54838,34.71112],[127.54836,34.71116],[127.54829,34.71128],[127.54826,34.71134],[127.54821,34.71146],[127.54819,34.71161],[127.54811,34.71238],[127.54811,34.71244],[127.54817,34.7127],[127.5482,34.7128],[127.55085,34.71765],[127.5525,34.71964],[127.55279,34.71946],[127.55284,34.71943],[127.55352,34.71915],[127.55468,34.71871],[127.55476,34.71869],[127.55487,34.71868],[127.55491,34.71869],[127.55499,34.71873],[127.5556,34.71905],[127.55565,34.71908],[127.56172,34.72265],[127.56227,34.72301],[127.56355,34.72401],[127.56366,34.7241],[127.56376,34.7242],[127.56381,34.72428],[127.56385,34.72435],[127.56388,34.72443],[127.564,34.72475],[127.56402,34.72492],[127.56409,34.72548],[127.56409,34.72551],[127.5641,34.72564],[127.5641,34.72571],[127.5641,34.72592],[127.56405,34.72642],[127.56402,34.72655],[127.56396,34.72679],[127.56382,34.72719],[127.56363,34.72754],[127.56346,34.72778],[127.56339,34.72784],[127.56323,34.72795],[127.56317,34.72799],[127.563,34.72807],[127.56279,34.72808],[127.56247,34.72798],[127.56227,34.72785],[127.56215,34.72776],[127.56066,34.7271],[127.56055,34.72708],[127.56049,34.72708],[127.56042,34.72707],[127.56033,34.72708],[127.56024,34.72709],[127.56018,34.72711],[127.56011,34.72715],[127.56003,34.72723],[127.55973,34.72756],[127.55947,34.72786],[127.55942,34.72795],[127.5594,34.72802],[127.55941,34.72809],[127.55944,34.72816],[127.56097,34.73174],[127.56101,34.73183],[127.56105,34.73191],[127.56112,34.73199],[127.56125,34.73205],[127.56134,34.73209],[127.56142,34.73211],[127.56149,34.73212],[127.56161,34.73213],[127.56169,34.73213],[127.56189,34.7321],[127.56197,34.73208],[127.56203,34.73206],[127.56407,34.73119],[127.5659,34.73013],[127.56577,34.72954],[127.56572,34.72873],[127.56573,34.72869],[127.56576,34.72866],[127.56641,34.72826],[127.56663,34.72815],[127.56671,34.72813],[127.56688,34.72812],[127.56703,34.72811],[127.56711,34.7281],[127.5672,34.72811],[127.56747,34.72816],[127.56751,34.72817],[127.56829,34.72841],[127.56842,34.72846],[127.57433,34.73085],[127.57603,34.73155],[127.57613,34.73159],[127.57621,34.73163],[127.57747,34.73227],[127.57851,34.73295],[127.57859,34.73301],[127.5787,34.73315],[127.57874,34.73324],[127.5788,34.73337],[127.57883,34.73342],[127.5797,34.73562],[127.57972,34.7357],[127.57971,34.73574],[127.57969,34.73579],[127.57965,34.73584],[127.57959,34.73589],[127.57907,34.73616],[127.57803,34.73658],[127.57784,34.73658],[127.5775,34.73699],[127.57776,34.73889],[127.5778,34.73899],[127.57814,34.73932],[127.57821,34.73936],[127.5785,34.73943],[127.58023,34.73964],[127.58044,34.73966],[127.58109,34.73973],[127.58118,34.73974],[127.58194,34.73978],[127.58199,34.73978],[127.58266,34.7398],[127.58273,34.7398],[127.58277,34.73979],[127.58298,34.74393],[127.58237,34.74527],[127.58236,34.74543],[127.58246,34.74555],[127.58261,34.74563],[127.58437,34.74639],[127.58447,34.74642],[127.58477,34.74642],[127.58488,34.74642],[127.58495,34.74641],[127.58543,34.74628],[127.58685,34.74578],[127.58693,34.74574],[127.58701,34.74568],[127.58718,34.74533],[127.59357,34.7438],[127.59435,34.74378],[127.59976,34.74364],[127.60103,34.74361],[127.60184,34.74399],[127.60386,34.74336]]]]}},{"type":"Feature","properties":{"code":"12130340","name":"남면","parent":"12130"},"geometry":{"type":"MultiPolygon","coordinates":[[[[127.78197,34.45337],[127.78213,34.45335],[127.78383,34.45336],[127.78394,34.45336],[127.78407,34.45335],[127.78455,34.45326],[127.78594,34.45299],[127.78603,34.45297],[127.78631,34.45288],[127.78646,34.45282],[127.78652,34.45278],[127.78656,34.45275],[127.78659,34.4527],[127.78663,34.45262],[127.78665,34.45254],[127.78664,34.45249],[127.78663,34.45244],[127.78659,34.45239],[127.78652,34.45234],[127.78522,34.4516],[127.78516,34.45157],[127.78507,34.45155],[127.78492,34.45154],[127.78478,34.45154],[127.78342,34.4517],[127.7829,34.45194],[127.7824,34.45219],[127.78162,34.45259],[127.78157,34.45263],[127.7815,34.45269],[127.78144,34.45279],[127.78141,34.45287],[127.78139,34.45296],[127.7814,34.45307],[127.78142,34.45317],[127.78151,34.45327],[127.78159,34.45332],[127.78165,34.45335],[127.78173,34.45336],[127.78197,34.45337]]],[[[127.80516,34.46124],[127.80559,34.46068],[127.80584,34.4607],[127.80592,34.46069],[127.80597,34.46067],[127.80726,34.46002],[127.80732,34.45998],[127.80736,34.45993],[127.80738,34.45988],[127.80755,34.45941],[127.80757,34.45936],[127.80757,34.45931],[127.80756,34.45926],[127.80754,34.45921],[127.80598,34.4566],[127.80594,34.45652],[127.80587,34.45645],[127.80578,34.45638],[127.80564,34.4563],[127.80502,34.456],[127.80443,34.45576],[127.80429,34.45572],[127.80421,34.4557],[127.80403,34.4557],[127.80398,34.45569],[127.80392,34.45565],[127.80322,34.4552],[127.80176,34.45408],[127.80174,34.45402],[127.80173,34.45397],[127.80174,34.45372],[127.80229,34.45136],[127.80231,34.45127],[127.80233,34.4512],[127.80243,34.45099],[127.80247,34.45095],[127.80257,34.45091],[127.80273,34.45085],[127.80277,34.45085],[127.8028,34.45085],[127.80366,34.45105],[127.80448,34.45125],[127.80665,34.45073],[127.80936,34.44987],[127.81141,34.45145],[127.81154,34.45154],[127.81374,34.45287],[127.81433,34.45319],[127.81451,34.45326],[127.81466,34.45329],[127.8148,34.45331],[127.81559,34.45322],[127.81576,34.45319],[127.81582,34.45316],[127.81722,34.45182],[127.81725,34.45175],[127.81725,34.45167],[127.81718,34.45124],[127.81717,34.45119],[127.81713,34.45112],[127.81709,34.45107],[127.81705,34.45104],[127.81694,34.45097],[127.8169,34.45095],[127.81684,34.45093],[127.81677,34.45092],[127.81667,34.45092],[127.81646,34.45095],[127.81638,34.45098],[127.8163,34.45102],[127.81593,34.45125],[127.81587,34.45129],[127.81584,34.45133],[127.81515,34.45081],[127.81189,34.44666],[127.81097,34.44548],[127.80992,34.44362],[127.80989,34.44357],[127.80985,34.4434],[127.80983,34.44332],[127.80959,34.44177],[127.8096,34.44173],[127.80961,34.44168],[127.80971,34.44144],[127.80973,34.4414],[127.80975,34.44138],[127.81036,34.44068],[127.81054,34.44053],[127.81004,34.43452],[127.81002,34.43443],[127.80999,34.43436],[127.80831,34.43175],[127.80802,34.43137],[127.80797,34.4313],[127.80598,34.42979],[127.80534,34.42952],[127.80512,34.42946],[127.80629,34.42759],[127.80951,34.42494],[127.80955,34.42489],[127.80957,34.42482],[127.80879,34.4205],[127.80809,34.41699],[127.80807,34.41693],[127.80773,34.41628],[127.80767,34.41621],[127.80761,34.41615],[127.80756,34.41612],[127.8075,34.41609],[127.80744,34.41608],[127.80733,34.41607],[127.80701,34.41609],[127.80685,34.4161],[127.80621,34.41617],[127.80435,34.41636],[127.80352,34.41486],[127.80331,34.41433],[127.8033,34.41429],[127.8033,34.41425],[127.80329,34.41415],[127.80325,34.41348],[127.80372,34.41228],[127.80382,34.41209],[127.8039,34.41197],[127.80393,34.41193],[127.80414,34.41171],[127.80584,34.40862],[127.80587,34.40857],[127.80588,34.40852],[127.80588,34.40847],[127.80586,34.40841],[127.80583,34.40837],[127.80578,34.40832],[127.80571,34.40828],[127.80565,34.40826],[127.80559,34.40825],[127.80553,34.40825],[127.7996,34.40937],[127.79952,34.40939],[127.79899,34.40953],[127.79893,34.40956],[127.79885,34.4096],[127.79878,34.40966],[127.79874,34.4097],[127.79871,34.40974],[127.79869,34.4098],[127.79778,34.41265],[127.79768,34.41443],[127.79609,34.4165],[127.79344,34.41516],[127.78963,34.41308],[127.78958,34.41304],[127.7895,34.41299],[127.78939,34.41293],[127.78883,34.41263],[127.78875,34.4126],[127.78867,34.4126],[127.78862,34.41261],[127.78855,34.41264],[127.7865,34.41437],[127.78634,34.41453],[127.78631,34.41457],[127.78629,34.41462],[127.78585,34.41797],[127.78585,34.41805],[127.78588,34.41828],[127.7859,34.41839],[127.78615,34.41912],[127.7886,34.42555],[127.78864,34.42561],[127.7887,34.42567],[127.78961,34.42638],[127.78966,34.42642],[127.78992,34.42659],[127.78999,34.42662],[127.79007,34.42664],[127.79017,34.42663],[127.79049,34.4266],[127.79057,34.42659],[127.79144,34.42642],[127.79209,34.42624],[127.79266,34.42609],[127.79324,34.42601],[127.7933,34.42603],[127.79333,34.42605],[127.7936,34.42631],[127.7938,34.42652],[127.79382,34.42655],[127.79383,34.42658],[127.79385,34.42681],[127.79389,34.42731],[127.79387,34.42791],[127.79387,34.42799],[127.79388,34.42805],[127.79391,34.42809],[127.79457,34.42876],[127.79496,34.42896],[127.79624,34.42887],[127.79629,34.42886],[127.79903,34.42895],[127.80146,34.4291],[127.80149,34.42911],[127.80152,34.42924],[127.80154,34.42935],[127.80154,34.42943],[127.80154,34.42956],[127.80154,34.42963],[127.8013,34.43173],[127.80129,34.4318],[127.80128,34.43185],[127.80126,34.43189],[127.80124,34.43192],[127.80121,34.43194],[127.80108,34.43198],[127.80061,34.43209],[127.79764,34.43099],[127.79759,34.43097],[127.79252,34.43153],[127.79247,34.43153],[127.79222,34.4315],[127.79206,34.43148],[127.79199,34.43146],[127.79086,34.43111],[127.79074,34.43107],[127.78969,34.43073],[127.78966,34.43071],[127.78931,34.43043],[127.78929,34.43041],[127.78926,34.43033],[127.78923,34.43027],[127.78917,34.4302],[127.7891,34.43013],[127.78903,34.43007],[127.78895,34.43003],[127.78888,34.43001],[127.78877,34.43],[127.78606,34.42992],[127.78576,34.42993],[127.78558,34.42994],[127.78548,34.42995],[127.7853,34.42999],[127.78525,34.43001],[127.78516,34.43007],[127.78513,34.43011],[127.78511,34.43015],[127.78509,34.43019],[127.78509,34.43024],[127.78531,34.4322],[127.78534,34.43234],[127.78595,34.43478],[127.78599,34.43485],[127.78605,34.43493],[127.78618,34.43508],[127.78633,34.43519],[127.78639,34.43522],[127.78643,34.43524],[127.78661,34.43529],[127.7867,34.43531],[127.78681,34.43532],[127.78691,34.43532],[127.78721,34.43527],[127.7882,34.43505],[127.78852,34.43493],[127.78873,34.4349],[127.78975,34.43509],[127.79122,34.43564],[127.7914,34.43578],[127.79159,34.43595],[127.79535,34.43969],[127.79684,34.44233],[127.79726,34.44287],[127.79801,34.44403],[127.79808,34.44416],[127.7981,34.44422],[127.79819,34.44469],[127.7982,34.44473],[127.79768,34.44918],[127.79731,34.45195],[127.79719,34.45231],[127.79539,34.45304],[127.79419,34.45332],[127.79412,34.45334],[127.79407,34.45336],[127.794,34.4534],[127.79394,34.45344],[127.7939,34.45349],[127.79386,34.45354],[127.79384,34.45359],[127.79382,34.45369],[127.7938,34.45408],[127.79381,34.45468],[127.79382,34.45482],[127.79384,34.45492],[127.79447,34.45633],[127.79451,34.45641],[127.79498,34.45726],[127.79504,34.45734],[127.79512,34.45742],[127.79523,34.45751],[127.7954,34.45764],[127.79708,34.45891],[127.79715,34.45896],[127.79723,34.459],[127.80018,34.46045],[127.80024,34.46047],[127.80032,34.46048],[127.80483,34.46131],[127.8049,34.46132],[127.80497,34.46133],[127.80505,34.46131],[127.80511,34.46129],[127.80516,34.46124]]],[[[127.79121,34.475],[127.79109,34.47499],[127.791,34.475],[127.79088,34.47503],[127.79078,34.47508],[127.79047,34.47544],[127.78951,34.47669],[127.78923,34.47718],[127.7892,34.47727],[127.78919,34.47732],[127.789,34.47814],[127.78893,34.47854],[127.78892,34.4786],[127.78893,34.47867],[127.78896,34.47874],[127.78978,34.48065],[127.78982,34.48072],[127.78986,34.48078],[127.78999,34.48092],[127.79007,34.48099],[127.79029,34.48118],[127.79037,34.48124],[127.79047,34.4813],[127.79059,34.48136],[127.79067,34.48139],[127.79075,34.48141],[127.79083,34.48142],[127.79132,34.48147],[127.79142,34.48147],[127.79151,34.48145],[127.79156,34.48143],[127.79201,34.48124],[127.7935,34.48054],[127.79358,34.48021],[127.79359,34.48016],[127.7936,34.48002],[127.79365,34.4794],[127.79352,34.47816],[127.79344,34.47731],[127.79312,34.47686],[127.79212,34.47545],[127.79203,34.47535],[127.79192,34.47528],[127.79172,34.47518],[127.79146,34.47507],[127.7913,34.47502],[127.79121,34.475]]],[[[127.82606,34.49856],[127.82661,34.49722],[127.82663,34.49716],[127.82665,34.49709],[127.82673,34.49662],[127.82675,34.49654],[127.82666,34.49583],[127.82665,34.49579],[127.8266,34.49562],[127.82656,34.49555],[127.82653,34.4955],[127.82638,34.49532],[127.82628,34.49523],[127.82618,34.49517],[127.82609,34.49512],[127.82592,34.49505],[127.82383,34.49433],[127.82376,34.49432],[127.82371,34.49431],[127.81631,34.49376],[127.81624,34.49376],[127.81565,34.49355],[127.81534,34.49342],[127.81504,34.49327],[127.81487,34.49318],[127.81432,34.49288],[127.81337,34.49226],[127.81326,34.49217],[127.81322,34.49213],[127.81319,34.4921],[127.81303,34.49177],[127.81302,34.49173],[127.81303,34.49139],[127.81315,34.49042],[127.81317,34.49028],[127.8132,34.49014],[127.81321,34.4901],[127.81327,34.48997],[127.8133,34.48992],[127.81333,34.48989],[127.81336,34.48986],[127.8146,34.48899],[127.81465,34.48895],[127.81478,34.4889],[127.81487,34.48886],[127.81491,34.48885],[127.81604,34.48866],[127.81608,34.48866],[127.81698,34.48862],[127.81713,34.48863],[127.81866,34.48882],[127.82454,34.48588],[127.8246,34.48584],[127.82469,34.48575],[127.8254,34.48507],[127.82545,34.48499],[127.82548,34.48492],[127.8255,34.48484],[127.82549,34.48473],[127.82546,34.48458],[127.82543,34.4845],[127.82367,34.4814],[127.82283,34.48075],[127.82173,34.47815],[127.82167,34.47633],[127.82165,34.47622],[127.82161,34.47614],[127.82158,34.47609],[127.82154,34.47605],[127.82145,34.47597],[127.82137,34.47591],[127.82,34.47525],[127.81995,34.47524],[127.81989,34.47523],[127.81981,34.47525],[127.81975,34.47528],[127.81946,34.47546],[127.81941,34.4755],[127.81936,34.47555],[127.81903,34.47606],[127.81899,34.47612],[127.81868,34.47714],[127.81859,34.47766],[127.81858,34.47796],[127.81649,34.47914],[127.81475,34.47896],[127.81321,34.47764],[127.81313,34.47737],[127.81306,34.47713],[127.81283,34.47622],[127.81289,34.47601],[127.81291,34.47594],[127.81298,34.47562],[127.81299,34.47553],[127.81298,34.47545],[127.81296,34.47539],[127.81293,34.47535],[127.81287,34.47531],[127.81282,34.47528],[127.81221,34.47502],[127.81215,34.47501],[127.8106,34.47509],[127.81053,34.4751],[127.81043,34.47513],[127.81033,34.47517],[127.81009,34.47527],[127.80995,34.47535],[127.80966,34.47557],[127.80901,34.4763],[127.80895,34.47637],[127.80892,34.47642],[127.8089,34.47648],[127.80888,34.47656],[127.80888,34.47665],[127.80891,34.47682],[127.80895,34.47692],[127.80907,34.47695],[127.80961,34.47722],[127.81019,34.47758],[127.81026,34.47763],[127.81035,34.47771],[127.8104,34.47776],[127.81044,34.47782],[127.81048,34.47787],[127.8105,34.47791],[127.81054,34.47798],[127.81057,34.47807],[127.81062,34.47824],[127.81069,34.48001],[127.81065,34.48018],[127.81063,34.48025],[127.81056,34.48038],[127.81044,34.48057],[127.81041,34.48062],[127.81007,34.48096],[127.80992,34.48109],[127.80975,34.48123],[127.8085,34.48221],[127.80843,34.48226],[127.8083,34.48232],[127.80791,34.48247],[127.80764,34.48256],[127.8074,34.48263],[127.80728,34.48267],[127.80678,34.48278],[127.80664,34.48281],[127.80578,34.48291],[127.80534,34.48294],[127.80513,34.48294],[127.80499,34.48293],[127.80476,34.48289],[127.80464,34.48287],[127.80444,34.48282],[127.80428,34.48274],[127.80416,34.48261],[127.8041,34.48255],[127.80389,34.48229],[127.80192,34.47942],[127.8014,34.47811],[127.80112,34.47722],[127.801,34.4765],[127.801,34.47503],[127.80102,34.47463],[127.80104,34.4746],[127.80106,34.47457],[127.80124,34.47438],[127.80284,34.47289],[127.80368,34.47237],[127.80404,34.47227],[127.80409,34.47225],[127.80415,34.47222],[127.80431,34.47209],[127.80439,34.47202],[127.80443,34.47197],[127.80445,34.47193],[127.80446,34.47187],[127.80444,34.47181],[127.80404,34.47133],[127.80398,34.47127],[127.80391,34.47123],[127.80385,34.47122],[127.80231,34.47099],[127.80204,34.47096],[127.80197,34.47096],[127.80189,34.47096],[127.80175,34.471],[127.80164,34.47105],[127.7964,34.47392],[127.79611,34.47637],[127.79787,34.47768],[127.79805,34.48006],[127.79805,34.48011],[127.79805,34.48017],[127.79804,34.48021],[127.79802,34.48024],[127.79791,34.48045],[127.79743,34.48119],[127.79738,34.48124],[127.79731,34.4813],[127.79728,34.48132],[127.79718,34.48138],[127.79693,34.48155],[127.79662,34.48179],[127.79651,34.48188],[127.79648,34.48192],[127.79632,34.48213],[127.79627,34.48223],[127.79622,34.48233],[127.7962,34.48239],[127.79616,34.48251],[127.79616,34.48263],[127.7962,34.48302],[127.79741,34.48989],[127.79932,34.49077],[127.80011,34.49017],[127.8002,34.4901],[127.80025,34.49008],[127.80028,34.49006],[127.80349,34.48954],[127.80359,34.48953],[127.80369,34.48952],[127.80418,34.48952],[127.80475,34.48957],[127.80481,34.48959],[127.80663,34.49025],[127.80677,34.4903],[127.80698,34.49041],[127.80707,34.49047],[127.80712,34.49052],[127.80716,34.49056],[127.80719,34.4906],[127.80721,34.49065],[127.8074,34.49148],[127.80742,34.4916],[127.80742,34.49172],[127.80737,34.49241],[127.80726,34.49276],[127.80722,34.49286],[127.80722,34.49296],[127.80723,34.49302],[127.80777,34.49433],[127.80779,34.49437],[127.80784,34.49446],[127.80788,34.49451],[127.81133,34.49772],[127.81144,34.49778],[127.81153,34.49782],[127.81167,34.49785],[127.81203,34.49792],[127.81366,34.49819],[127.81374,34.4982],[127.81457,34.49824],[127.81468,34.49825],[127.81485,34.49823],[127.81599,34.49808],[127.81626,34.49803],[127.81687,34.49792],[127.81698,34.49789],[127.81734,34.49777],[127.81825,34.49743],[127.8226,34.49974],[127.82272,34.49985],[127.82286,34.49993],[127.82296,34.49996],[127.82308,34.49998],[127.82315,34.49998],[127.82321,34.49997],[127.82407,34.49978],[127.82416,34.49976],[127.82421,34.49974],[127.82432,34.49969],[127.8245,34.4996],[127.82457,34.49955],[127.82461,34.49951],[127.82467,34.49943],[127.8247,34.49934],[127.82471,34.49928],[127.82471,34.49922],[127.82522,34.49922],[127.8253,34.49921],[127.82537,34.49917],[127.82541,34.49914],[127.82592,34.49872],[127.82599,34.49865],[127.82606,34.49856]]],[[[127.80613,34.50089],[127.80606,34.50088],[127.80598,34.5009],[127.80507,34.5014],[127.80498,34.50145],[127.80492,34.50151],[127.80439,34.50215],[127.80428,34.50231],[127.80425,34.50236],[127.80424,34.50243],[127.80424,34.50246],[127.80425,34.50251],[127.80426,34.50256],[127.80429,34.50261],[127.80434,34.50265],[127.8044,34.50269],[127.80463,34.50286],[127.80641,34.50337],[127.80688,34.50348],[127.80729,34.50339],[127.80731,34.50322],[127.80772,34.50263],[127.80775,34.50257],[127.80776,34.50246],[127.80775,34.50236],[127.80771,34.50221],[127.80769,34.50215],[127.80766,34.50209],[127.8076,34.50204],[127.80644,34.50108],[127.80628,34.50097],[127.8062,34.50092],[127.80613,34.50089]]],[[[127.77429,34.53539],[127.77063,34.5347],[127.77006,34.53495],[127.77158,34.53722],[127.77163,34.53728],[127.77171,34.53736],[127.77233,34.53779],[127.77245,34.53786],[127.77256,34.53787],[127.77264,34.53788],[127.77301,34.53791],[127.77313,34.5379],[127.77326,34.53788],[127.77339,34.53787],[127.77348,34.53785],[127.77356,34.53784],[127.77363,34.53782],[127.77373,34.53778],[127.77382,34.53773],[127.77389,34.5377],[127.77395,34.53765],[127.774,34.53758],[127.77445,34.53645],[127.77446,34.53635],[127.77448,34.53624],[127.77448,34.53615],[127.77447,34.53609],[127.77446,34.53603],[127.77449,34.53585],[127.7745,34.53577],[127.77451,34.53569],[127.7745,34.53562],[127.77447,34.53553],[127.77442,34.53547],[127.77437,34.53542],[127.77429,34.53539]]],[[[127.74112,34.5529],[127.74123,34.55285],[127.74187,34.55294],[127.74765,34.55272],[127.74784,34.55271],[127.74789,34.55271],[127.74799,34.55266],[127.7484,34.55241],[127.74847,34.55236],[127.74898,34.55201],[127.74904,34.55195],[127.74988,34.55135],[127.75113,34.55059],[127.75159,34.55042],[127.7521,34.55025],[127.75215,34.55024],[127.75221,34.55022],[127.75225,34.55022],[127.75229,34.55021],[127.75279,34.55033],[127.754,34.55106],[127.7555,34.5519],[127.75654,34.55248],[127.75661,34.55251],[127.75669,34.55254],[127.75674,34.55254],[127.75683,34.55254],[127.75695,34.55253],[127.75758,34.5524],[127.75768,34.55237],[127.75775,34.55234],[127.75779,34.55227],[127.75781,34.55223],[127.75786,34.5519],[127.75914,34.54808],[127.76172,34.54513],[127.764,34.54013],[127.76402,34.54005],[127.7641,34.53917],[127.76409,34.53909],[127.76404,34.53892],[127.76397,34.53872],[127.76346,34.5374],[127.76338,34.53722],[127.76299,34.53652],[127.76278,34.53617],[127.76252,34.53643],[127.76223,34.53595],[127.76223,34.53579],[127.76225,34.53542],[127.76225,34.53535],[127.76229,34.5352],[127.76232,34.53512],[127.76238,34.53502],[127.76274,34.53443],[127.76287,34.53422],[127.76318,34.53379],[127.76351,34.53338],[127.76374,34.53314],[127.76381,34.53307],[127.76406,34.53286],[127.76624,34.53105],[127.76647,34.53088],[127.76667,34.53074],[127.76678,34.53068],[127.76948,34.52859],[127.76957,34.52837],[127.77074,34.52658],[127.77082,34.52647],[127.77087,34.52641],[127.77096,34.52633],[127.77108,34.52626],[127.7729,34.52525],[127.7739,34.52476],[127.77542,34.52385],[127.77605,34.52336],[127.77964,34.52052],[127.78002,34.52022],[127.78011,34.52013],[127.78016,34.52004],[127.7802,34.51996],[127.78024,34.51988],[127.78243,34.5118],[127.78239,34.51174],[127.78223,34.51154],[127.7814,34.51113],[127.78131,34.51109],[127.78117,34.51104],[127.78109,34.51102],[127.781,34.511],[127.7796,34.51092],[127.77729,34.51103],[127.77465,34.51122],[127.77424,34.51124],[127.77222,34.51122],[127.77206,34.51122],[127.76799,34.51108],[127.76764,34.51107],[127.7675,34.51106],[127.76741,34.51104],[127.76706,34.51097],[127.76699,34.51095],[127.76673,34.51085],[127.76674,34.51077],[127.76685,34.51029],[127.76686,34.51025],[127.76689,34.51016],[127.7669,34.51013],[127.76699,34.50997],[127.76709,34.50981],[127.76727,34.50954],[127.7679,34.50902],[127.77216,34.5069],[127.77231,34.50684],[127.77239,34.50681],[127.77759,34.50543],[127.77766,34.50544],[127.7777,34.50545],[127.77776,34.50547],[127.77813,34.50568],[127.77895,34.50651],[127.779,34.50677],[127.77888,34.50712],[127.78076,34.50764],[127.78085,34.50767],[127.78096,34.50768],[127.78119,34.50767],[127.78131,34.50765],[127.78144,34.50763],[127.78609,34.50664],[127.78778,34.50622],[127.79144,34.50273],[127.7929,34.50062],[127.79161,34.49976],[127.79158,34.49972],[127.79155,34.49968],[127.79115,34.49907],[127.79102,34.49855],[127.79104,34.49828],[127.7915,34.49744],[127.79174,34.49707],[127.7941,34.49514],[127.79474,34.49487],[127.79538,34.49473],[127.79566,34.49475],[127.79589,34.49506],[127.796,34.49539],[127.7975,34.49623],[127.79807,34.49646],[127.79834,34.49658],[127.79854,34.49654],[127.79863,34.49633],[127.79861,34.49603],[127.79845,34.49521],[127.79677,34.49321],[127.79669,34.49313],[127.79636,34.49292],[127.79624,34.49285],[127.79614,34.49282],[127.79532,34.49251],[127.7951,34.49243],[127.79166,34.49027],[127.79066,34.48765],[127.79031,34.48715],[127.79027,34.48709],[127.79021,34.48704],[127.79014,34.48699],[127.79008,34.48696],[127.79001,34.48693],[127.78994,34.48692],[127.78919,34.48681],[127.78913,34.48681],[127.78897,34.48682],[127.78889,34.48683],[127.78882,34.48685],[127.78873,34.4869],[127.78869,34.48694],[127.78647,34.48744],[127.77886,34.48793],[127.77384,34.48807],[127.7738,34.48807],[127.77264,34.48762],[127.77141,34.48737],[127.77132,34.48736],[127.77124,34.48737],[127.77113,34.4874],[127.77103,34.48743],[127.77098,34.48747],[127.77091,34.48753],[127.77086,34.48762],[127.77025,34.48898],[127.77009,34.48981],[127.77023,34.4905],[127.77028,34.49083],[127.77011,34.49104],[127.76987,34.4913],[127.76954,34.49139],[127.76909,34.49134],[127.76856,34.49105],[127.76819,34.4908],[127.7673,34.4901],[127.76721,34.49002],[127.76713,34.48994],[127.76706,34.48987],[127.76705,34.48982],[127.76706,34.48971],[127.76708,34.4895],[127.76708,34.48943],[127.76707,34.48938],[127.76705,34.4893],[127.767,34.48918],[127.76693,34.48909],[127.76689,34.48906],[127.76683,34.48903],[127.76677,34.48901],[127.7667,34.489],[127.7666,34.489],[127.76647,34.48902],[127.76638,34.48903],[127.76622,34.48907],[127.76385,34.48981],[127.76368,34.48989],[127.76361,34.48995],[127.76286,34.49068],[127.76264,34.4909],[127.76258,34.49098],[127.76255,34.49105],[127.76255,34.4911],[127.76257,34.49116],[127.7626,34.49119],[127.76265,34.49123],[127.76271,34.49125],[127.763,34.49135],[127.76307,34.49137],[127.76359,34.49146],[127.76542,34.49175],[127.76635,34.49173],[127.76638,34.49173],[127.76667,34.49174],[127.76721,34.49177],[127.76728,34.49178],[127.76742,34.49181],[127.76747,34.49183],[127.76896,34.49251],[127.76937,34.49274],[127.77265,34.49685],[127.77203,34.49846],[127.76753,34.49667],[127.76572,34.49719],[127.76479,34.49792],[127.76405,34.49833],[127.76388,34.49841],[127.76243,34.49909],[127.76207,34.49914],[127.76151,34.4992],[127.76109,34.49914],[127.76053,34.49885],[127.75986,34.49847],[127.75979,34.49839],[127.75958,34.49821],[127.75953,34.49818],[127.75946,34.49816],[127.75939,34.49815],[127.75934,34.49815],[127.75765,34.49843],[127.75741,34.49847],[127.75389,34.49921],[127.75381,34.49923],[127.75376,34.49925],[127.75372,34.49928],[127.75368,34.49934],[127.75347,34.49965],[127.75344,34.49973],[127.75288,34.50137],[127.75287,34.50144],[127.75287,34.50153],[127.75288,34.50159],[127.75291,34.5017],[127.75293,34.50175],[127.753,34.50184],[127.75305,34.50188],[127.75341,34.50208],[127.75354,34.50214],[127.75365,34.50217],[127.75437,34.5026],[127.75448,34.50267],[127.75453,34.50271],[127.75457,34.50275],[127.7546,34.50281],[127.75467,34.50305],[127.75469,34.50317],[127.75469,34.50414],[127.75467,34.50417],[127.75459,34.50428],[127.75456,34.50433],[127.75451,34.50438],[127.75445,34.50444],[127.75439,34.50449],[127.75432,34.50453],[127.75167,34.50497],[127.75163,34.50497],[127.75122,34.5049],[127.75116,34.50489],[127.75113,34.50487],[127.75094,34.50472],[127.75093,34.50469],[127.75051,34.50402],[127.74832,34.50201],[127.74825,34.50194],[127.74816,34.50188],[127.74807,34.50182],[127.74734,34.50153],[127.74726,34.50152],[127.74718,34.50152],[127.74059,34.50158],[127.73555,34.50271],[127.7355,34.50272],[127.73543,34.50274],[127.73536,34.50276],[127.73485,34.50296],[127.73478,34.503],[127.73417,34.50392],[127.73412,34.504],[127.73386,34.50442],[127.73378,34.50462],[127.7337,34.50502],[127.73369,34.50513],[127.73369,34.50524],[127.7337,34.50535],[127.73373,34.50548],[127.73384,34.50588],[127.73389,34.50598],[127.73666,34.50701],[127.73811,34.50737],[127.74003,34.50772],[127.7401,34.50777],[127.74067,34.50829],[127.74074,34.50836],[127.74078,34.50843],[127.74086,34.50856],[127.74095,34.50874],[127.74096,34.50882],[127.74097,34.50892],[127.74097,34.50914],[127.74095,34.50929],[127.7409,34.50968],[127.74088,34.50979],[127.74084,34.50995],[127.74075,34.51026],[127.74072,34.51032],[127.74063,34.51047],[127.74059,34.51052],[127.74051,34.51059],[127.73976,34.51121],[127.7397,34.51126],[127.73966,34.51128],[127.73904,34.51164],[127.73885,34.51174],[127.73874,34.5118],[127.73767,34.51227],[127.73758,34.51231],[127.7375,34.51235],[127.73742,34.51237],[127.73735,34.5124],[127.73701,34.5125],[127.73678,34.51255],[127.73599,34.51264],[127.7357,34.51266],[127.73551,34.51266],[127.73546,34.51265],[127.73535,34.5126],[127.73532,34.51254],[127.73526,34.51246],[127.73509,34.51238],[127.73497,34.51239],[127.73029,34.51299],[127.72846,34.51327],[127.72682,34.51362],[127.72663,34.51369],[127.72648,34.51377],[127.72633,34.51386],[127.7262,34.51396],[127.7261,34.51409],[127.72588,34.51449],[127.72579,34.51473],[127.72543,34.51595],[127.72543,34.51599],[127.72544,34.51604],[127.72582,34.51703],[127.72585,34.51711],[127.72687,34.51844],[127.73074,34.52327],[127.73322,34.52586],[127.73319,34.52651],[127.73256,34.52728],[127.73248,34.52735],[127.73242,34.52739],[127.73235,34.52742],[127.73231,34.52743],[127.7314,34.52754],[127.73047,34.52765],[127.73042,34.52765],[127.73021,34.52765],[127.73012,34.52764],[127.73009,34.52763],[127.72961,34.52743],[127.7247,34.52482],[127.72375,34.52391],[127.72368,34.52385],[127.72361,34.52379],[127.72348,34.52372],[127.72225,34.52322],[127.72199,34.52313],[127.72178,34.52306],[127.72163,34.52304],[127.7214,34.523],[127.72117,34.52298],[127.72088,34.52296],[127.72078,34.52297],[127.72057,34.52299],[127.72014,34.52305],[127.72003,34.52307],[127.71757,34.52417],[127.71346,34.52691],[127.71339,34.52695],[127.71335,34.527],[127.71329,34.52708],[127.71332,34.52723],[127.71335,34.52733],[127.71343,34.52752],[127.71343,34.52766],[127.7134,34.52783],[127.71307,34.52948],[127.71281,34.52971],[127.71155,34.53032],[127.70912,34.53075],[127.70749,34.53052],[127.70738,34.53048],[127.70723,34.53046],[127.70709,34.53048],[127.70647,34.53058],[127.7035,34.53115],[127.70259,34.53147],[127.70084,34.53232],[127.70071,34.53243],[127.70058,34.53257],[127.70044,34.53276],[127.69671,34.5378],[127.69669,34.53785],[127.69667,34.53789],[127.69642,34.5389],[127.69642,34.53897],[127.69643,34.53901],[127.69647,34.53907],[127.69685,34.53928],[127.69694,34.5393],[127.69727,34.53934],[127.69733,34.53934],[127.70473,34.5396],[127.70488,34.53961],[127.70554,34.53948],[127.70567,34.53943],[127.70598,34.53931],[127.7088,34.53812],[127.70884,34.53807],[127.70967,34.53781],[127.71005,34.53775],[127.71178,34.53794],[127.71188,34.53796],[127.71192,34.53798],[127.71364,34.539],[127.71413,34.53939],[127.72335,34.54586],[127.72505,34.54694],[127.72514,34.547],[127.72541,34.54762],[127.72543,34.54766],[127.72544,34.54771],[127.72555,34.54817],[127.72557,34.54827],[127.73072,34.55],[127.73606,34.55176],[127.73959,34.5529],[127.74019,34.55306],[127.74022,34.55306],[127.74067,34.55305],[127.74112,34.5529]]],[[[127.76552,34.56246],[127.76541,34.56246],[127.76519,34.56247],[127.76508,34.56248],[127.76478,34.56257],[127.76465,34.56261],[127.76457,34.56267],[127.76449,34.56273],[127.76439,34.56284],[127.76435,34.5629],[127.76429,34.56298],[127.76426,34.56306],[127.76426,34.56316],[127.76427,34.56324],[127.76429,34.5633],[127.76431,34.56337],[127.76457,34.56405],[127.76459,34.56411],[127.76465,34.56417],[127.76497,34.56451],[127.76575,34.56521],[127.76841,34.567],[127.7685,34.56705],[127.76956,34.56721],[127.76968,34.5672],[127.7698,34.56719],[127.76989,34.56717],[127.77,34.56714],[127.77004,34.56712],[127.77021,34.56699],[127.77029,34.56692],[127.77033,34.56688],[127.77038,34.56681],[127.77041,34.56676],[127.77043,34.56671],[127.77046,34.56662],[127.77045,34.56654],[127.77042,34.56649],[127.77003,34.56605],[127.76777,34.56378],[127.76648,34.56289],[127.76634,34.56281],[127.76603,34.56264],[127.76552,34.56246]]],[[[127.74715,34.56802],[127.7475,34.56736],[127.75059,34.56782],[127.75066,34.56783],[127.75074,34.56782],[127.75138,34.56768],[127.75215,34.56737],[127.75245,34.56721],[127.7525,34.56718],[127.75254,34.56711],[127.75255,34.56704],[127.75253,34.56698],[127.75222,34.56598],[127.75174,34.5654],[127.75089,34.5647],[127.74903,34.56354],[127.7489,34.56348],[127.74881,34.56345],[127.74873,34.56344],[127.74865,34.56344],[127.74785,34.56352],[127.74746,34.56364],[127.74734,34.56368],[127.74627,34.56408],[127.74605,34.56419],[127.74585,34.56431],[127.74464,34.56521],[127.74451,34.56534],[127.74439,34.5657],[127.74445,34.56582],[127.74456,34.56598],[127.74462,34.56604],[127.7469,34.56794],[127.74715,34.56802]]],[[[127.73682,34.56435],[127.73854,34.56404],[127.73858,34.56405],[127.73861,34.56406],[127.73865,34.56408],[127.73869,34.56408],[127.73924,34.56412],[127.73938,34.56413],[127.73943,34.56413],[127.73973,34.56411],[127.7399,34.56409],[127.73994,34.56409],[127.74124,34.56387],[127.74129,34.56385],[127.74137,34.56378],[127.74142,34.56374],[127.74144,34.56371],[127.74148,34.56367],[127.74149,34.56364],[127.7415,34.5636],[127.7415,34.56357],[127.74146,34.56329],[127.74143,34.5632],[127.7406,34.5622],[127.74035,34.56194],[127.7369,34.55943],[127.73562,34.55923],[127.7354,34.55924],[127.73515,34.55926],[127.73228,34.56034],[127.7322,34.56037],[127.73214,34.56041],[127.7321,34.56045],[127.7316,34.56121],[127.73126,34.56173],[127.72734,34.56146],[127.72599,34.56072],[127.72578,34.56062],[127.7249,34.56053],[127.72466,34.56053],[127.72451,34.56061],[127.72439,34.56071],[127.72438,34.56098],[127.72439,34.56126],[127.72447,34.56255],[127.72448,34.56267],[127.72459,34.56291],[127.72778,34.56899],[127.72791,34.56919],[127.72797,34.56929],[127.72899,34.57057],[127.72927,34.57076],[127.72948,34.57086],[127.73002,34.57106],[127.73206,34.57132],[127.73227,34.57127],[127.73232,34.57121],[127.73225,34.57099],[127.73407,34.57079],[127.73423,34.57069],[127.73474,34.5703],[127.73592,34.56934],[127.73602,34.56919],[127.73604,34.56896],[127.73581,34.56759],[127.73567,34.56691],[127.73557,34.56671],[127.73551,34.56668],[127.73547,34.56665],[127.73545,34.56661],[127.73543,34.56655],[127.73542,34.5665],[127.73542,34.56642],[127.73542,34.56629],[127.73542,34.56619],[127.73543,34.56611],[127.73544,34.56603],[127.73546,34.56595],[127.7355,34.56583],[127.73551,34.56578],[127.7356,34.5656],[127.73563,34.56552],[127.73568,34.56544],[127.73574,34.56535],[127.73585,34.56521],[127.73611,34.56491],[127.7366,34.56442],[127.73672,34.56437],[127.73682,34.56435]]],[[[127.74023,34.56997],[127.74004,34.56997],[127.73987,34.57],[127.73856,34.5708],[127.73827,34.571],[127.73812,34.57112],[127.7378,34.57141],[127.73768,34.57158],[127.73763,34.5717],[127.7376,34.57203],[127.73955,34.57511],[127.74027,34.57549],[127.74116,34.57483],[127.74233,34.57198],[127.74233,34.57194],[127.74233,34.57191],[127.74232,34.57164],[127.74224,34.57149],[127.74157,34.57034],[127.74143,34.57024],[127.74125,34.57013],[127.74108,34.57005],[127.74082,34.57001],[127.74023,34.56997]]],[[[127.76185,34.57426],[127.76178,34.57423],[127.76168,34.57423],[127.76081,34.5744],[127.76061,34.57446],[127.76052,34.57449],[127.75779,34.57557],[127.75757,34.57566],[127.75729,34.57578],[127.75721,34.57582],[127.75712,34.57586],[127.75698,34.57596],[127.7555,34.57699],[127.75539,34.57728],[127.75586,34.57873],[127.75762,34.58025],[127.75996,34.58184],[127.76078,34.58203],[127.76154,34.58217],[127.76254,34.58233],[127.76265,34.58231],[127.76274,34.58226],[127.76277,34.58216],[127.76256,34.58181],[127.76209,34.58008],[127.76209,34.58004],[127.7621,34.57964],[127.76211,34.57959],[127.76213,34.57953],[127.76215,34.57947],[127.76221,34.57937],[127.7627,34.57877],[127.76327,34.57826],[127.76336,34.57821],[127.76343,34.57816],[127.76352,34.57807],[127.76356,34.57802],[127.76361,34.57796],[127.76364,34.57792],[127.76372,34.5778],[127.76447,34.5764],[127.76451,34.57633],[127.76452,34.57627],[127.76448,34.57579],[127.76442,34.57573],[127.76402,34.57538],[127.76185,34.57426]]],[[[127.73263,34.59075],[127.73707,34.58842],[127.73712,34.58841],[127.73733,34.58831],[127.73748,34.58821],[127.73749,34.58807],[127.73747,34.58798],[127.73704,34.58665],[127.73703,34.58662],[127.74052,34.58486],[127.74065,34.58482],[127.74122,34.58454],[127.74214,34.58407],[127.74367,34.58292],[127.74372,34.58288],[127.74399,34.58261],[127.74401,34.58258],[127.74403,34.58255],[127.74404,34.58251],[127.74405,34.58247],[127.74407,34.58243],[127.74375,34.5798],[127.74365,34.57956],[127.74346,34.5794],[127.74326,34.57931],[127.74011,34.57822],[127.7365,34.57737],[127.73612,34.57657],[127.7343,34.57458],[127.73278,34.57498],[127.73018,34.5783],[127.72992,34.57864],[127.72981,34.57897],[127.72971,34.57926],[127.72963,34.57974],[127.72969,34.57992],[127.72983,34.58014],[127.72997,34.58041],[127.73003,34.58059],[127.73008,34.58076],[127.7301,34.58083],[127.73011,34.58094],[127.73011,34.58105],[127.72488,34.58582],[127.72032,34.58778],[127.71686,34.5907],[127.71669,34.59079],[127.71538,34.5912],[127.71483,34.59137],[127.71433,34.59146],[127.71425,34.59146],[127.71421,34.59144],[127.71417,34.59143],[127.71413,34.59141],[127.71406,34.59137],[127.71403,34.59135],[127.71398,34.59131],[127.71394,34.59127],[127.71386,34.59121],[127.71334,34.59114],[127.71311,34.59113],[127.71287,34.59119],[127.71273,34.59128],[127.71267,34.59137],[127.71221,34.59222],[127.71212,34.59239],[127.71208,34.59255],[127.71211,34.59268],[127.71224,34.59282],[127.71245,34.59292],[127.71427,34.59339],[127.71793,34.59372],[127.71832,34.59351],[127.71968,34.5927],[127.71984,34.59243],[127.71972,34.59196],[127.7195,34.59168],[127.7195,34.59125],[127.71954,34.59107],[127.71964,34.59091],[127.7204,34.58983],[127.72051,34.58972],[127.72079,34.58956],[127.72118,34.58938],[127.7216,34.58928],[127.72199,34.58928],[127.72242,34.58933],[127.72651,34.59156],[127.72795,34.5924],[127.72824,34.59271],[127.72914,34.59367],[127.72939,34.59388],[127.73059,34.59468],[127.73139,34.59496],[127.73163,34.59501],[127.73177,34.59501],[127.73198,34.59495],[127.73227,34.59488],[127.73246,34.59483],[127.73264,34.59474],[127.73372,34.59407],[127.73379,34.594],[127.73385,34.59387],[127.73395,34.59353],[127.73396,34.59344],[127.73393,34.5931],[127.73389,34.59288],[127.73374,34.59222],[127.73362,34.59183],[127.7336,34.59178],[127.73359,34.59174],[127.73356,34.59168],[127.73353,34.59163],[127.73344,34.59148],[127.7334,34.59143],[127.73333,34.59135],[127.73327,34.5913],[127.73263,34.59075]]]]}},{"type":"Feature","properties":{"code":"12130350","name":"화정면","parent":"12130"},"geometry":{"type":"MultiPolygon","coordinates":[[[[127.72378,34.57339],[127.7239,34.57292],[127.72392,34.57287],[127.72396,34.5728],[127.72398,34.57275],[127.72401,34.5727],[127.72404,34.57266],[127.72407,34.57265],[127.72411,34.57263],[127.72415,34.57261],[127.72418,34.57259],[127.7242,34.57256],[127.72422,34.57254],[127.72435,34.57219],[127.72431,34.57158],[127.72428,34.57134],[127.72399,34.57033],[127.72387,34.57001],[127.72374,34.5697],[127.72361,34.56943],[127.72347,34.5692],[127.72328,34.56893],[127.72315,34.56879],[127.72142,34.56785],[127.72112,34.56771],[127.72049,34.56763],[127.72016,34.56763],[127.71948,34.56768],[127.71921,34.56776],[127.71901,34.56797],[127.71884,34.56826],[127.71568,34.56728],[127.71477,34.56596],[127.71463,34.56582],[127.7137,34.56523],[127.71342,34.5651],[127.71322,34.56506],[127.71293,34.56508],[127.71272,34.56516],[127.71257,34.56529],[127.71202,34.56577],[127.7117,34.56608],[127.71081,34.56774],[127.71071,34.56798],[127.71045,34.56882],[127.71047,34.56909],[127.71067,34.5694],[127.71087,34.56971],[127.71137,34.5703],[127.71189,34.57092],[127.71234,34.57154],[127.71239,34.57162],[127.71244,34.5718],[127.71244,34.57184],[127.71232,34.57212],[127.71223,34.57224],[127.71148,34.57322],[127.71144,34.57324],[127.71131,34.57331],[127.71127,34.57332],[127.71124,34.57333],[127.71093,34.57339],[127.71079,34.57334],[127.71043,34.57314],[127.71025,34.57306],[127.71003,34.57313],[127.7099,34.57327],[127.70972,34.57381],[127.70966,34.57399],[127.70961,34.57433],[127.70961,34.57507],[127.70963,34.57546],[127.70976,34.57565],[127.71012,34.576],[127.71052,34.57628],[127.71236,34.57732],[127.71658,34.57906],[127.71788,34.57927],[127.72532,34.57992],[127.72538,34.5799],[127.72542,34.57988],[127.72554,34.57977],[127.72559,34.57973],[127.72562,34.57969],[127.72564,34.57966],[127.72566,34.57961],[127.72568,34.57953],[127.72696,34.57863],[127.72717,34.57839],[127.72726,34.57826],[127.72729,34.57819],[127.7276,34.57723],[127.72761,34.5772],[127.72762,34.57716],[127.72761,34.57712],[127.72761,34.57707],[127.7276,34.57702],[127.72758,34.57698],[127.72756,34.57695],[127.72753,34.57691],[127.72606,34.57552],[127.72428,34.57409],[127.72396,34.57381],[127.72389,34.57374],[127.72386,34.5737],[127.72383,34.57362],[127.7238,34.57352],[127.72378,34.57341],[127.72378,34.57339]]],[[[127.68218,34.57741],[127.68209,34.57741],[127.68197,34.57741],[127.68099,34.57747],[127.68088,34.57749],[127.67891,34.5783],[127.6788,34.5784],[127.67876,34.57849],[127.67873,34.57859],[127.67871,34.57883],[127.67872,34.57895],[127.67876,34.57905],[127.67883,34.57914],[127.67895,34.57921],[127.68164,34.58049],[127.68178,34.58054],[127.68188,34.58054],[127.68199,34.58051],[127.68208,34.58042],[127.6821,34.58031],[127.6821,34.58023],[127.68209,34.58015],[127.68208,34.58005],[127.68186,34.57946],[127.68175,34.57925],[127.68244,34.57791],[127.68246,34.57779],[127.68245,34.57769],[127.68241,34.57762],[127.68237,34.57754],[127.6823,34.57747],[127.68218,34.57741]]],[[[127.65792,34.58554],[127.65842,34.58519],[127.65949,34.58551],[127.66011,34.58559],[127.66042,34.5855],[127.66052,34.58544],[127.66239,34.58404],[127.66281,34.58357],[127.66355,34.58306],[127.66459,34.58299],[127.66548,34.5832],[127.66558,34.58324],[127.66567,34.58326],[127.66576,34.58327],[127.66595,34.58326],[127.66635,34.58322],[127.66659,34.58318],[127.66665,34.58317],[127.66675,34.58314],[127.66684,34.5831],[127.66689,34.58307],[127.66695,34.58301],[127.66936,34.58038],[127.67,34.57828],[127.66995,34.57822],[127.66957,34.57749],[127.66954,34.57742],[127.66952,34.57734],[127.66952,34.5773],[127.66942,34.5756],[127.66942,34.57556],[127.66944,34.57495],[127.66949,34.57483],[127.67036,34.57308],[127.67075,34.57235],[127.67088,34.57232],[127.67149,34.57235],[127.67156,34.57238],[127.67166,34.57242],[127.67178,34.57248],[127.67245,34.57283],[127.6727,34.57297],[127.67279,34.57303],[127.67288,34.57309],[127.67292,34.57313],[127.67382,34.57372],[127.67517,34.57454],[127.67528,34.5746],[127.67537,34.5746],[127.67544,34.57455],[127.67822,34.57267],[127.67926,34.57177],[127.6793,34.57155],[127.67935,34.57135],[127.6794,34.57123],[127.67959,34.57084],[127.67996,34.57022],[127.68,34.57017],[127.68005,34.57014],[127.68017,34.57008],[127.68025,34.57005],[127.68037,34.57001],[127.68048,34.57002],[127.68083,34.57006],[127.68223,34.57046],[127.68226,34.57047],[127.68368,34.57102],[127.6844,34.57131],[127.68514,34.57177],[127.68519,34.57181],[127.68528,34.57193],[127.68536,34.57206],[127.68539,34.5721],[127.68539,34.57213],[127.68554,34.57309],[127.68553,34.57313],[127.6855,34.57316],[127.68546,34.57319],[127.68541,34.5732],[127.68526,34.57322],[127.68358,34.5732],[127.68288,34.57423],[127.68282,34.57434],[127.68283,34.57445],[127.6829,34.57464],[127.68296,34.57477],[127.683,34.57484],[127.6831,34.57496],[127.68318,34.57502],[127.68326,34.57506],[127.686,34.57578],[127.68968,34.57673],[127.68983,34.57673],[127.69008,34.57671],[127.6908,34.57662],[127.6909,34.57661],[127.69111,34.57657],[127.69521,34.57553],[127.6953,34.57549],[127.69551,34.57539],[127.69566,34.57531],[127.6959,34.57517],[127.69598,34.57511],[127.69612,34.575],[127.69617,34.57494],[127.69655,34.57449],[127.69662,34.57441],[127.69672,34.57425],[127.69679,34.57412],[127.69717,34.57321],[127.69731,34.57284],[127.69733,34.57271],[127.69769,34.57078],[127.6977,34.5707],[127.69771,34.57041],[127.69769,34.57032],[127.69763,34.57017],[127.69756,34.57003],[127.69752,34.56998],[127.69745,34.56987],[127.69735,34.5697],[127.69733,34.56966],[127.69732,34.56961],[127.69731,34.56957],[127.69737,34.56947],[127.69747,34.56931],[127.69783,34.56913],[127.69867,34.56876],[127.69959,34.56846],[127.70072,34.56831],[127.70152,34.56838],[127.70246,34.56846],[127.70254,34.56846],[127.7031,34.56839],[127.70317,34.56838],[127.70322,34.56837],[127.70331,34.56835],[127.70344,34.56832],[127.70349,34.56831],[127.70353,34.56828],[127.70358,34.56825],[127.70367,34.56816],[127.70371,34.56813],[127.70377,34.56804],[127.70489,34.56524],[127.70493,34.56512],[127.70493,34.56495],[127.70452,34.56426],[127.7044,34.56409],[127.7042,34.56392],[127.70367,34.5636],[127.70345,34.56347],[127.70326,34.5635],[127.70308,34.56359],[127.70273,34.56403],[127.70256,34.56426],[127.70249,34.56444],[127.70237,34.56455],[127.70228,34.56461],[127.70093,34.56503],[127.70062,34.56512],[127.70056,34.5651],[127.69983,34.56467],[127.69964,34.56453],[127.69904,34.56399],[127.69837,34.5633],[127.69821,34.56318],[127.69802,34.56304],[127.6979,34.56298],[127.69778,34.56291],[127.69755,34.56281],[127.69736,34.56276],[127.69717,34.56275],[127.69701,34.56275],[127.69586,34.56286],[127.69533,34.56294],[127.69523,34.56297],[127.69082,34.56424],[127.69065,34.56473],[127.69062,34.56478],[127.69049,34.56484],[127.69045,34.56483],[127.68972,34.56402],[127.68841,34.56167],[127.68833,34.56146],[127.68831,34.56124],[127.68844,34.56096],[127.68885,34.56082],[127.68852,34.55944],[127.68838,34.55916],[127.68821,34.55885],[127.68806,34.55864],[127.68799,34.55858],[127.68788,34.55855],[127.68777,34.55854],[127.68766,34.55855],[127.68745,34.55859],[127.68711,34.55868],[127.68698,34.55871],[127.68691,34.55874],[127.68682,34.55885],[127.68642,34.56317],[127.68645,34.56368],[127.68663,34.56418],[127.68684,34.56477],[127.68836,34.56743],[127.6884,34.5675],[127.68846,34.56757],[127.68859,34.56767],[127.68913,34.56797],[127.68929,34.56805],[127.68938,34.5681],[127.68981,34.56816],[127.69012,34.5682],[127.69023,34.56822],[127.69037,34.56831],[127.69042,34.56835],[127.69049,34.56843],[127.69051,34.56848],[127.69051,34.56856],[127.69051,34.56892],[127.69051,34.56905],[127.69051,34.5691],[127.69048,34.56917],[127.68864,34.57107],[127.6886,34.5711],[127.6884,34.5712],[127.68828,34.57124],[127.68812,34.57125],[127.68798,34.57126],[127.68785,34.57123],[127.6878,34.57121],[127.68772,34.57116],[127.68647,34.57005],[127.68547,34.56864],[127.68538,34.56857],[127.68525,34.56857],[127.68517,34.56859],[127.68486,34.5687],[127.68419,34.56908],[127.68383,34.56935],[127.68268,34.56912],[127.68154,34.56863],[127.67849,34.56693],[127.67762,34.56241],[127.67586,34.56056],[127.6745,34.55887],[127.6743,34.55783],[127.67455,34.55731],[127.67461,34.55719],[127.67461,34.5571],[127.6746,34.55699],[127.6744,34.55611],[127.67431,34.55574],[127.67421,34.55564],[127.67163,34.55494],[127.6712,34.55491],[127.67044,34.5549],[127.67034,34.55497],[127.66997,34.55532],[127.66988,34.55549],[127.67001,34.55717],[127.67028,34.55769],[127.67052,34.55831],[127.67019,34.55974],[127.67011,34.56004],[127.6699,34.56061],[127.66982,34.56073],[127.6697,34.56085],[127.6695,34.56089],[127.66908,34.56089],[127.66412,34.55781],[127.66447,34.55681],[127.66331,34.55473],[127.65965,34.55274],[127.65881,34.55264],[127.65865,34.55262],[127.65854,34.55263],[127.65806,34.55268],[127.65589,34.55318],[127.65577,34.55323],[127.65505,34.55366],[127.65363,34.55487],[127.65156,34.55578],[127.65147,34.55582],[127.65134,34.55586],[127.65066,34.55597],[127.65049,34.55586],[127.65039,34.55576],[127.65024,34.5558],[127.65013,34.55583],[127.65005,34.55589],[127.64956,34.55625],[127.64947,34.55634],[127.64895,34.55689],[127.64765,34.55857],[127.64758,34.55871],[127.64689,34.56293],[127.64707,34.56531],[127.64721,34.56582],[127.6473,34.56612],[127.64771,34.56669],[127.64773,34.56674],[127.64776,34.56684],[127.64776,34.5671],[127.64774,34.56714],[127.64768,34.56727],[127.64762,34.56736],[127.6473,34.5678],[127.64685,34.56817],[127.64682,34.56819],[127.64665,34.5683],[127.64651,34.56837],[127.6462,34.56848],[127.64208,34.5699],[127.64203,34.5699],[127.64198,34.56991],[127.64194,34.56991],[127.64166,34.56988],[127.64162,34.56987],[127.64141,34.56982],[127.64048,34.56958],[127.64041,34.56956],[127.64033,34.56952],[127.64009,34.56937],[127.63995,34.56928],[127.63985,34.5692],[127.63949,34.56893],[127.63845,34.5662],[127.63844,34.56615],[127.63839,34.56599],[127.63837,34.56589],[127.63838,34.56583],[127.63839,34.56578],[127.63842,34.56572],[127.63849,34.56563],[127.6397,34.56379],[127.64078,34.56176],[127.64085,34.56156],[127.64085,34.56142],[127.64086,34.5612],[127.64086,34.56109],[127.64053,34.55643],[127.64044,34.55624],[127.63906,34.55588],[127.6389,34.55592],[127.63809,34.55728],[127.63801,34.55745],[127.63709,34.56015],[127.63692,34.56655],[127.63697,34.56671],[127.63707,34.56685],[127.6372,34.56697],[127.63736,34.56698],[127.63833,34.56753],[127.63835,34.56755],[127.63936,34.57136],[127.63902,34.57202],[127.63828,34.57281],[127.63817,34.57287],[127.63808,34.57293],[127.63803,34.573],[127.63801,34.5731],[127.63808,34.57368],[127.63813,34.57381],[127.63909,34.57488],[127.64376,34.57762],[127.64491,34.57876],[127.64761,34.58126],[127.64771,34.58134],[127.64781,34.58142],[127.64796,34.58148],[127.64803,34.5815],[127.64811,34.58151],[127.6482,34.58152],[127.6483,34.58153],[127.64868,34.58153],[127.64914,34.58152],[127.64925,34.58152],[127.64945,34.58148],[127.64962,34.58143],[127.6501,34.58126],[127.65023,34.58109],[127.65012,34.581],[127.65014,34.58087],[127.65018,34.58079],[127.6502,34.58076],[127.65032,34.58067],[127.65073,34.58042],[127.65092,34.58029],[127.65135,34.58003],[127.65151,34.57995],[127.65156,34.57994],[127.65262,34.5797],[127.65304,34.57971],[127.65314,34.57972],[127.65351,34.57987],[127.65354,34.57989],[127.65377,34.58003],[127.65398,34.58019],[127.65413,34.58033],[127.65419,34.58039],[127.65482,34.58127],[127.65484,34.58131],[127.65487,34.58146],[127.6549,34.58162],[127.65489,34.58167],[127.65485,34.58174],[127.65473,34.58186],[127.65469,34.58192],[127.65467,34.58197],[127.65467,34.58202],[127.65468,34.5821],[127.65469,34.58217],[127.65478,34.58261],[127.65482,34.58267],[127.65685,34.58538],[127.65693,34.58547],[127.65699,34.58552],[127.65705,34.58557],[127.65719,34.58566],[127.65739,34.58572],[127.65749,34.58573],[127.65759,34.58571],[127.65768,34.58568],[127.65783,34.5856],[127.65792,34.58554]]],[[[127.56781,34.58574],[127.5674,34.58565],[127.56727,34.58565],[127.56648,34.5857],[127.56635,34.58571],[127.56619,34.58574],[127.56391,34.58631],[127.56339,34.58648],[127.56329,34.58653],[127.56319,34.5866],[127.56276,34.58704],[127.56266,34.58717],[127.56263,34.58726],[127.56235,34.58849],[127.56243,34.58858],[127.56255,34.58859],[127.56324,34.58839],[127.56378,34.58821],[127.56435,34.5879],[127.56469,34.5879],[127.5648,34.58789],[127.56488,34.58787],[127.56494,34.58785],[127.56693,34.58695],[127.56734,34.58674],[127.568,34.58628],[127.56809,34.58616],[127.56791,34.58587],[127.56781,34.58574]]],[[[127.60154,34.5906],[127.60176,34.59053],[127.60205,34.59054],[127.60214,34.59054],[127.60229,34.59051],[127.60266,34.59043],[127.60361,34.59019],[127.60529,34.58969],[127.60541,34.58963],[127.60545,34.58954],[127.60549,34.58944],[127.60557,34.58899],[127.60558,34.58888],[127.60557,34.58878],[127.60552,34.58871],[127.60543,34.58866],[127.60536,34.58863],[127.60444,34.58843],[127.60434,34.58841],[127.60424,34.5884],[127.60371,34.58836],[127.60312,34.58833],[127.60096,34.58835],[127.60078,34.58836],[127.60063,34.58837],[127.60045,34.58843],[127.59987,34.58875],[127.59977,34.58882],[127.59951,34.58907],[127.5994,34.58919],[127.59935,34.58933],[127.59934,34.58941],[127.59938,34.58953],[127.59944,34.58962],[127.6,34.59009],[127.60011,34.59017],[127.60141,34.59061],[127.60154,34.5906]]],[[[127.5603,34.58534],[127.55969,34.58531],[127.55956,34.58533],[127.55946,34.58537],[127.55937,34.58544],[127.55933,34.58555],[127.55931,34.58567],[127.55936,34.58591],[127.55941,34.58607],[127.55948,34.58624],[127.55957,34.58636],[127.5597,34.5865],[127.55992,34.58667],[127.55944,34.58844],[127.55604,34.58957],[127.55454,34.58963],[127.55362,34.59199],[127.55364,34.59271],[127.55603,34.59391],[127.55754,34.59391],[127.55765,34.59386],[127.55776,34.59378],[127.55768,34.59362],[127.55671,34.59283],[127.55651,34.59264],[127.55646,34.59258],[127.5564,34.5925],[127.55638,34.59247],[127.55634,34.59236],[127.5563,34.5922],[127.55629,34.59182],[127.55629,34.5917],[127.5563,34.59161],[127.55638,34.59122],[127.55638,34.59119],[127.55642,34.59106],[127.55645,34.59097],[127.55652,34.59084],[127.55745,34.59018],[127.55751,34.59014],[127.55774,34.59005],[127.55782,34.59002],[127.55808,34.58996],[127.55942,34.58941],[127.55968,34.58928],[127.56056,34.58869],[127.5608,34.58849],[127.56086,34.58842],[127.56159,34.58686],[127.56133,34.58619],[127.56123,34.58605],[127.56058,34.58543],[127.56045,34.58536],[127.5603,34.58534]]],[[[127.5685,34.59115],[127.5683,34.59115],[127.56809,34.59117],[127.56783,34.59124],[127.56771,34.59128],[127.5657,34.5921],[127.56572,34.59288],[127.56776,34.59414],[127.56794,34.59424],[127.56812,34.59432],[127.56833,34.59438],[127.56856,34.59438],[127.5687,34.59435],[127.56884,34.59427],[127.56892,34.59417],[127.57018,34.5923],[127.57021,34.59218],[127.57021,34.59202],[127.56995,34.59152],[127.5699,34.59146],[127.56981,34.59143],[127.56881,34.59119],[127.56867,34.59117],[127.56856,34.59115],[127.5685,34.59115]]],[[[127.6897,34.59435],[127.69211,34.59143],[127.69316,34.59146],[127.69411,34.59149],[127.69423,34.59148],[127.69472,34.59147],[127.69494,34.59146],[127.6952,34.59142],[127.69526,34.59141],[127.69807,34.59066],[127.69814,34.59055],[127.69814,34.59039],[127.69799,34.5903],[127.69469,34.58951],[127.69434,34.58944],[127.69414,34.5894],[127.69374,34.58933],[127.69362,34.58932],[127.69351,34.58931],[127.69341,34.58931],[127.69332,34.58932],[127.69176,34.58961],[127.69163,34.58967],[127.69155,34.58976],[127.6915,34.58982],[127.68895,34.59028],[127.68502,34.5884],[127.68403,34.5891],[127.6804,34.59403],[127.68036,34.59408],[127.68035,34.59414],[127.68035,34.5942],[127.68038,34.59429],[127.68044,34.59445],[127.68051,34.5946],[127.68083,34.59517],[127.68089,34.59524],[127.68114,34.59552],[127.68123,34.5956],[127.6814,34.5957],[127.68153,34.59577],[127.68168,34.59582],[127.68178,34.59583],[127.68283,34.59592],[127.68312,34.59587],[127.68463,34.59565],[127.68853,34.59486],[127.68874,34.59481],[127.68882,34.59478],[127.6894,34.59456],[127.68953,34.59449],[127.68957,34.59447],[127.68961,34.59444],[127.6897,34.59435]]],[[[127.62639,34.5934],[127.62646,34.5896],[127.62644,34.58938],[127.62635,34.58915],[127.62604,34.58866],[127.6259,34.5886],[127.6258,34.58857],[127.62557,34.58854],[127.62546,34.58854],[127.62534,34.58856],[127.62525,34.58858],[127.62514,34.58863],[127.62504,34.58869],[127.62489,34.58881],[127.62426,34.58933],[127.62321,34.5904],[127.62303,34.59071],[127.61855,34.59021],[127.61754,34.58973],[127.61738,34.58967],[127.61501,34.58925],[127.60833,34.58831],[127.60814,34.58831],[127.60798,34.58833],[127.60731,34.58842],[127.60723,34.58843],[127.6066,34.58873],[127.60652,34.58878],[127.60644,34.58885],[127.60637,34.58893],[127.6061,34.58926],[127.60602,34.58935],[127.60598,34.58944],[127.60595,34.5895],[127.60601,34.5896],[127.60628,34.59009],[127.6064,34.59021],[127.60649,34.59027],[127.60674,34.59041],[127.60707,34.59057],[127.60717,34.5906],[127.60727,34.5906],[127.60823,34.59057],[127.60977,34.59087],[127.61199,34.59135],[127.6121,34.59138],[127.61224,34.59142],[127.61248,34.5915],[127.61271,34.59158],[127.61323,34.59177],[127.61561,34.5927],[127.61657,34.59311],[127.61706,34.59332],[127.61747,34.59352],[127.61772,34.59365],[127.61833,34.59398],[127.61836,34.594],[127.61829,34.59404],[127.6182,34.59408],[127.61813,34.5941],[127.61823,34.59439],[127.61933,34.59558],[127.62006,34.59624],[127.62042,34.59653],[127.62057,34.59665],[127.62075,34.59676],[127.62104,34.59684],[127.62128,34.59687],[127.62154,34.59688],[127.6223,34.59687],[127.62259,34.59686],[127.62328,34.59681],[127.62566,34.59604],[127.6258,34.59595],[127.62585,34.59578],[127.62587,34.59569],[127.62636,34.59356],[127.62639,34.5934]]],[[[127.57845,34.59609],[127.57816,34.59605],[127.57801,34.59607],[127.57792,34.59609],[127.57777,34.59616],[127.57761,34.59631],[127.5775,34.59644],[127.57682,34.59786],[127.57682,34.59799],[127.57707,34.59974],[127.57711,34.59987],[127.5772,34.6],[127.57732,34.60011],[127.5776,34.60018],[127.57774,34.60016],[127.57793,34.60009],[127.57883,34.5996],[127.57918,34.5995],[127.57927,34.59945],[127.57935,34.59939],[127.57952,34.59926],[127.57968,34.59892],[127.58008,34.5979],[127.58017,34.59766],[127.58016,34.5975],[127.57988,34.5969],[127.57983,34.59681],[127.57966,34.59668],[127.57955,34.59662],[127.57884,34.59626],[127.5787,34.59619],[127.57845,34.59609]]],[[[127.65528,34.60391],[127.66007,34.60381],[127.66041,34.60381],[127.66061,34.6038],[127.66074,34.60376],[127.66085,34.60371],[127.66097,34.60364],[127.66103,34.6036],[127.66147,34.6033],[127.6616,34.60319],[127.66185,34.60283],[127.66188,34.60275],[127.6619,34.60268],[127.66191,34.60259],[127.66186,34.60248],[127.66072,34.60074],[127.66064,34.60066],[127.65725,34.59875],[127.65572,34.59813],[127.65569,34.59822],[127.65567,34.59826],[127.65557,34.59831],[127.65478,34.59819],[127.65474,34.59817],[127.65431,34.59774],[127.65423,34.59764],[127.65417,34.59757],[127.65416,34.59753],[127.65414,34.59748],[127.65408,34.59726],[127.65408,34.59722],[127.65404,34.59686],[127.65403,34.59665],[127.65404,34.59662],[127.65411,34.59655],[127.65556,34.59534],[127.65802,34.59343],[127.65724,34.5918],[127.65215,34.5872],[127.65201,34.58711],[127.65188,34.5871],[127.65175,34.58712],[127.64545,34.59087],[127.6454,34.59093],[127.64539,34.591],[127.64539,34.5911],[127.64541,34.59116],[127.64543,34.5912],[127.64549,34.59128],[127.64581,34.59156],[127.64644,34.59208],[127.64653,34.59212],[127.64662,34.59215],[127.64752,34.59239],[127.64759,34.5924],[127.64847,34.59261],[127.64916,34.59278],[127.6492,34.59279],[127.64954,34.5929],[127.64957,34.59292],[127.64978,34.59305],[127.64989,34.59314],[127.65004,34.59326],[127.65009,34.59333],[127.65026,34.59354],[127.65037,34.5937],[127.6505,34.5939],[127.65055,34.594],[127.65068,34.59433],[127.65076,34.59454],[127.65078,34.59461],[127.65083,34.59484],[127.65086,34.59508],[127.651,34.60012],[127.64966,34.60342],[127.64959,34.60349],[127.6495,34.60361],[127.6495,34.60375],[127.64954,34.60388],[127.64967,34.60401],[127.65061,34.60448],[127.65078,34.6045],[127.65094,34.60451],[127.65222,34.60405],[127.65528,34.60391]]],[[[127.60144,34.59484],[127.60119,34.5948],[127.59836,34.59481],[127.59826,34.59483],[127.59818,34.59486],[127.59803,34.59493],[127.59783,34.5951],[127.59464,34.59834],[127.59686,34.60085],[127.59909,34.60238],[127.60265,34.60434],[127.60422,34.60492],[127.60443,34.60499],[127.60453,34.60502],[127.60459,34.60504],[127.60472,34.60505],[127.6048,34.60506],[127.60495,34.60503],[127.60509,34.605],[127.60519,34.60497],[127.6064,34.6045],[127.60654,34.60444],[127.60663,34.6044],[127.60677,34.60433],[127.60691,34.60426],[127.60696,34.60423],[127.60702,34.60418],[127.60707,34.60413],[127.60709,34.60409],[127.6071,34.60405],[127.6071,34.60395],[127.60699,34.60291],[127.60718,34.60234],[127.60725,34.60206],[127.60725,34.60196],[127.60721,34.60187],[127.60715,34.60179],[127.60678,34.60138],[127.60673,34.60132],[127.60666,34.60128],[127.60573,34.60076],[127.60567,34.60073],[127.60385,34.59737],[127.60346,34.59642],[127.60343,34.59635],[127.60336,34.59626],[127.60214,34.59504],[127.60203,34.59498],[127.60192,34.59495],[127.60157,34.59486],[127.60144,34.59484]]],[[[127.58634,34.6128],[127.58298,34.61097],[127.58291,34.61097],[127.58287,34.61099],[127.5828,34.61103],[127.58279,34.61111],[127.58357,34.61349],[127.58358,34.61352],[127.58514,34.61519],[127.58518,34.61523],[127.58527,34.61529],[127.58531,34.61532],[127.58535,34.61534],[127.58542,34.61537],[127.58546,34.61538],[127.5855,34.61539],[127.58554,34.61539],[127.5856,34.6154],[127.58563,34.6154],[127.58567,34.61539],[127.58571,34.61539],[127.58576,34.61538],[127.5858,34.61536],[127.58702,34.61476],[127.58734,34.61459],[127.58736,34.61457],[127.58741,34.61453],[127.5875,34.61436],[127.58751,34.61433],[127.58752,34.61429],[127.58754,34.61419],[127.58754,34.61417],[127.58754,34.61414],[127.58754,34.6141],[127.58753,34.61405],[127.58751,34.61399],[127.58747,34.6139],[127.58744,34.61382],[127.58741,34.61373],[127.58738,34.61368],[127.58737,34.61366],[127.58728,34.61354],[127.58722,34.61346],[127.5872,34.61343],[127.58718,34.61341],[127.58716,34.61339],[127.58711,34.61335],[127.58637,34.61282],[127.58634,34.6128]]],[[[127.54662,34.61771],[127.5467,34.61771],[127.54817,34.61775],[127.54892,34.61795],[127.5513,34.61766],[127.55046,34.61566],[127.55059,34.61547],[127.55075,34.61533],[127.55104,34.61513],[127.55122,34.61505],[127.55163,34.61495],[127.55178,34.61494],[127.55219,34.61497],[127.5526,34.61504],[127.55524,34.61584],[127.55657,34.61625],[127.55689,34.61638],[127.55759,34.61671],[127.55764,34.61673],[127.55864,34.61656],[127.5609,34.61595],[127.56163,34.61571],[127.56177,34.61565],[127.56201,34.61549],[127.56257,34.6151],[127.56456,34.61364],[127.56464,34.61355],[127.56482,34.61329],[127.56485,34.61321],[127.56492,34.61297],[127.56495,34.61279],[127.56496,34.61271],[127.56497,34.61253],[127.56494,34.61244],[127.56467,34.61228],[127.56464,34.61225],[127.56462,34.61221],[127.56459,34.6121],[127.56483,34.60805],[127.56572,34.60642],[127.56642,34.60634],[127.56654,34.60629],[127.56659,34.60625],[127.56665,34.60617],[127.56679,34.60594],[127.5669,34.60572],[127.56692,34.60562],[127.56691,34.60546],[127.56682,34.60528],[127.56674,34.60516],[127.56669,34.60511],[127.56652,34.60495],[127.56638,34.60485],[127.56493,34.60385],[127.56192,34.60287],[127.56169,34.60282],[127.56155,34.6028],[127.56128,34.60279],[127.5594,34.60295],[127.55664,34.60306],[127.55514,34.60311],[127.55374,34.60301],[127.55149,34.6021],[127.55143,34.60207],[127.5514,34.60205],[127.55087,34.60153],[127.55079,34.6014],[127.55077,34.60133],[127.55089,34.60044],[127.55095,34.60026],[127.55108,34.59997],[127.55114,34.59989],[127.5512,34.59984],[127.55163,34.59963],[127.55168,34.59961],[127.55082,34.5974],[127.55002,34.59631],[127.54877,34.59573],[127.54869,34.59582],[127.54864,34.59587],[127.54859,34.59591],[127.54853,34.59595],[127.5485,34.59596],[127.54576,34.59706],[127.54464,34.59738],[127.54438,34.59742],[127.54403,34.59737],[127.54364,34.59718],[127.54209,34.59651],[127.54091,34.59603],[127.54039,34.59599],[127.53978,34.596],[127.53759,34.59626],[127.53444,34.59724],[127.53418,34.59737],[127.534,34.59757],[127.53336,34.59867],[127.53388,34.59897],[127.5343,34.59858],[127.53479,34.59793],[127.5352,34.59789],[127.53658,34.598],[127.53952,34.5987],[127.53977,34.59906],[127.54018,34.59984],[127.54042,34.60061],[127.54057,34.60158],[127.53902,34.60616],[127.54055,34.60754],[127.54048,34.60793],[127.53998,34.60843],[127.53881,34.60939],[127.53707,34.6096],[127.53673,34.60958],[127.53504,34.6075],[127.53499,34.60745],[127.53494,34.60736],[127.5349,34.60728],[127.53486,34.60715],[127.53484,34.60705],[127.53487,34.60701],[127.53498,34.60699],[127.53502,34.60698],[127.53516,34.60693],[127.53532,34.60684],[127.5354,34.6068],[127.53557,34.6067],[127.53571,34.6066],[127.53589,34.60644],[127.53598,34.60631],[127.53602,34.60624],[127.53606,34.60611],[127.53606,34.60605],[127.53604,34.60594],[127.53599,34.60583],[127.53526,34.60491],[127.53522,34.60487],[127.53511,34.60476],[127.53503,34.60471],[127.53493,34.60467],[127.53031,34.60335],[127.53021,34.60334],[127.53007,34.60337],[127.52914,34.60375],[127.52907,34.60383],[127.52904,34.60393],[127.52912,34.6044],[127.52919,34.60452],[127.52923,34.60459],[127.52928,34.60465],[127.52933,34.60473],[127.52937,34.6048],[127.52937,34.60485],[127.52935,34.60491],[127.52933,34.60495],[127.52926,34.60503],[127.52907,34.60522],[127.52896,34.60531],[127.52889,34.60535],[127.52769,34.60574],[127.5276,34.60574],[127.52755,34.60573],[127.5275,34.60571],[127.52739,34.60567],[127.5273,34.60562],[127.52719,34.60556],[127.52714,34.60552],[127.52651,34.60439],[127.52648,34.60433],[127.52646,34.60426],[127.52674,34.60364],[127.5253,34.60396],[127.52447,34.60886],[127.52221,34.61323],[127.52214,34.61339],[127.52211,34.6136],[127.52206,34.61447],[127.52207,34.61461],[127.52211,34.61475],[127.52216,34.61494],[127.52218,34.61502],[127.52223,34.61511],[127.52229,34.61522],[127.52234,34.61529],[127.52251,34.61541],[127.52392,34.6162],[127.52606,34.61731],[127.52625,34.6174],[127.52635,34.61744],[127.52647,34.61747],[127.52661,34.6175],[127.52679,34.61753],[127.52712,34.61757],[127.52875,34.61765],[127.52899,34.61764],[127.53087,34.61726],[127.53111,34.61721],[127.5312,34.61717],[127.53247,34.61649],[127.53255,34.61642],[127.5326,34.61635],[127.53261,34.61627],[127.53261,34.6162],[127.53256,34.61613],[127.53249,34.61603],[127.5323,34.61583],[127.53222,34.61576],[127.53215,34.61571],[127.53366,34.61202],[127.53371,34.61196],[127.53408,34.61165],[127.5341,34.61163],[127.53443,34.61167],[127.53445,34.6117],[127.53447,34.61176],[127.53449,34.61185],[127.5345,34.61202],[127.5345,34.61214],[127.53446,34.61231],[127.53487,34.61319],[127.53787,34.61395],[127.53796,34.61396],[127.53805,34.61396],[127.53817,34.61394],[127.53916,34.61344],[127.53924,34.61339],[127.53931,34.61331],[127.53933,34.61321],[127.53933,34.61312],[127.5393,34.61303],[127.5392,34.61297],[127.53917,34.61292],[127.53917,34.61286],[127.53917,34.61282],[127.53921,34.61275],[127.53925,34.6127],[127.53932,34.61263],[127.53939,34.61257],[127.54039,34.61189],[127.54062,34.61177],[127.5409,34.61177],[127.54382,34.61225],[127.54464,34.61294],[127.54464,34.61311],[127.54454,34.61338],[127.54442,34.61368],[127.54419,34.61379],[127.54412,34.61382],[127.54401,34.6138],[127.54385,34.61378],[127.54375,34.61379],[127.54365,34.61379],[127.54355,34.6138],[127.54343,34.61383],[127.54313,34.61388],[127.54278,34.61397],[127.54261,34.61401],[127.54214,34.61416],[127.54207,34.61419],[127.54201,34.61423],[127.54168,34.61445],[127.54164,34.61449],[127.54108,34.61531],[127.54106,34.61536],[127.54106,34.61544],[127.54107,34.61564],[127.5411,34.61571],[127.54162,34.61682],[127.54167,34.61689],[127.54446,34.61905],[127.54455,34.61908],[127.5448,34.61916],[127.54487,34.61917],[127.54495,34.61918],[127.54503,34.61918],[127.54514,34.61918],[127.54521,34.61916],[127.5455,34.61907],[127.54593,34.61818],[127.54596,34.61814],[127.54603,34.61807],[127.54656,34.61772],[127.54662,34.61771]]],[[[127.63602,34.6245],[127.63649,34.62425],[127.63703,34.62433],[127.63841,34.62391],[127.63853,34.62386],[127.63863,34.62378],[127.63954,34.62293],[127.63962,34.62285],[127.63972,34.62273],[127.63988,34.62251],[127.63997,34.62237],[127.6401,34.62213],[127.64033,34.62174],[127.6404,34.62159],[127.64051,34.62136],[127.64059,34.62117],[127.64069,34.62093],[127.64077,34.62077],[127.64096,34.6204],[127.64152,34.61967],[127.64158,34.6196],[127.64215,34.61903],[127.64285,34.61836],[127.64304,34.61822],[127.64309,34.61821],[127.64327,34.61821],[127.64357,34.61822],[127.64391,34.61823],[127.64406,34.61824],[127.64425,34.61825],[127.64433,34.61826],[127.64438,34.61828],[127.64443,34.61831],[127.64504,34.61916],[127.64693,34.61898],[127.64917,34.61687],[127.65038,34.61565],[127.65519,34.60948],[127.65524,34.60942],[127.65528,34.60935],[127.65531,34.60927],[127.65532,34.60919],[127.65531,34.60903],[127.6553,34.60895],[127.65527,34.60885],[127.65521,34.60878],[127.65515,34.60873],[127.65504,34.60863],[127.65462,34.60828],[127.6545,34.60822],[127.6544,34.6082],[127.65432,34.60818],[127.65422,34.60817],[127.64734,34.60833],[127.64697,34.60835],[127.6467,34.60847],[127.64618,34.60902],[127.64601,34.6093],[127.64591,34.60953],[127.64594,34.60974],[127.6459,34.61027],[127.64584,34.6105],[127.6455,34.61117],[127.64455,34.61189],[127.64418,34.612],[127.64369,34.61203],[127.6436,34.61203],[127.64348,34.61203],[127.64323,34.61201],[127.64313,34.61201],[127.64271,34.61198],[127.64265,34.61197],[127.64245,34.61195],[127.64238,34.61195],[127.64228,34.61194],[127.64213,34.61191],[127.64208,34.6119],[127.64192,34.61187],[127.64187,34.61185],[127.64177,34.61182],[127.64169,34.61179],[127.64161,34.61175],[127.64154,34.61172],[127.64148,34.61168],[127.64144,34.61165],[127.64141,34.61162],[127.64017,34.61035],[127.64013,34.6103],[127.64008,34.61023],[127.64003,34.61016],[127.63997,34.61004],[127.63995,34.60999],[127.63994,34.60995],[127.63977,34.60934],[127.63976,34.60931],[127.63976,34.60928],[127.63976,34.60925],[127.63979,34.60905],[127.64025,34.6088],[127.64049,34.60868],[127.64134,34.60765],[127.64143,34.60741],[127.64134,34.60636],[127.64131,34.60619],[127.64128,34.60604],[127.64117,34.60587],[127.64092,34.60569],[127.64081,34.60565],[127.64054,34.60563],[127.64021,34.6058],[127.63987,34.60639],[127.63982,34.60651],[127.63981,34.60662],[127.63993,34.60708],[127.63997,34.60717],[127.64001,34.60721],[127.64003,34.60723],[127.64002,34.60727],[127.63998,34.60731],[127.63992,34.60734],[127.63975,34.60742],[127.63962,34.60747],[127.63928,34.60756],[127.63916,34.60759],[127.63759,34.60797],[127.63744,34.608],[127.63735,34.60802],[127.63723,34.60803],[127.63711,34.60804],[127.63679,34.60805],[127.63522,34.60807],[127.63501,34.60806],[127.63482,34.60802],[127.6346,34.60793],[127.63444,34.60781],[127.63435,34.60766],[127.63422,34.60751],[127.63376,34.60731],[127.63348,34.60726],[127.63327,34.60729],[127.63115,34.60856],[127.63075,34.60886],[127.62606,34.6136],[127.6252,34.61579],[127.62596,34.61934],[127.62605,34.61962],[127.62614,34.61989],[127.62616,34.61995],[127.62621,34.62005],[127.62625,34.62015],[127.6263,34.62025],[127.62699,34.62145],[127.62707,34.62158],[127.62718,34.62171],[127.62726,34.62181],[127.62734,34.62187],[127.62779,34.62225],[127.62861,34.62286],[127.6292,34.62328],[127.63044,34.62406],[127.63056,34.62413],[127.63075,34.62418],[127.63087,34.62421],[127.63558,34.62465],[127.63565,34.62465],[127.63572,34.62463],[127.63591,34.62455],[127.63602,34.6245]]],[[[127.54651,34.62967],[127.54919,34.62926],[127.54928,34.62929],[127.54979,34.62943],[127.55055,34.62964],[127.55066,34.62966],[127.55078,34.62966],[127.55089,34.62963],[127.551,34.62957],[127.55107,34.62948],[127.55112,34.6294],[127.55206,34.6276],[127.55206,34.6275],[127.55204,34.62741],[127.55199,34.62732],[127.55188,34.62722],[127.55134,34.62677],[127.55116,34.62663],[127.55096,34.62653],[127.55084,34.6265],[127.55069,34.62647],[127.55053,34.62646],[127.55036,34.62646],[127.5502,34.62648],[127.55001,34.62651],[127.54937,34.62661],[127.54853,34.62673],[127.54842,34.62674],[127.54833,34.62673],[127.54802,34.62669],[127.54773,34.62664],[127.54762,34.62662],[127.54654,34.62592],[127.54607,34.62532],[127.54606,34.62523],[127.54601,34.62509],[127.54598,34.62501],[127.54592,34.62489],[127.54586,34.62479],[127.54581,34.62474],[127.54566,34.62458],[127.54547,34.62443],[127.54534,34.62435],[127.5427,34.62308],[127.54255,34.62301],[127.54207,34.62291],[127.54193,34.6229],[127.54171,34.62289],[127.54152,34.62289],[127.54137,34.62289],[127.54125,34.62291],[127.54114,34.62293],[127.54083,34.623],[127.54059,34.62309],[127.54052,34.62314],[127.54049,34.6232],[127.54047,34.62328],[127.54047,34.62337],[127.54047,34.62347],[127.5405,34.62353],[127.54057,34.6236],[127.54067,34.62366],[127.54073,34.6237],[127.54082,34.62373],[127.54091,34.62373],[127.54098,34.62373],[127.54104,34.62375],[127.54109,34.62377],[127.54111,34.6238],[127.54137,34.62445],[127.54138,34.62447],[127.54138,34.6245],[127.54136,34.62456],[127.54129,34.62467],[127.54126,34.6247],[127.54124,34.62473],[127.54023,34.62531],[127.54006,34.6254],[127.53998,34.62545],[127.53955,34.62566],[127.53833,34.62623],[127.53733,34.6266],[127.53726,34.62662],[127.53611,34.62684],[127.53605,34.62685],[127.53597,34.62684],[127.53582,34.62683],[127.53576,34.62682],[127.5356,34.62669],[127.5355,34.62657],[127.53551,34.62653],[127.53597,34.6256],[127.53622,34.6252],[127.53626,34.62519],[127.53637,34.62526],[127.53646,34.6253],[127.53658,34.62531],[127.53668,34.6253],[127.53678,34.62529],[127.53694,34.62524],[127.53711,34.62517],[127.53731,34.62509],[127.5376,34.62492],[127.53773,34.62485],[127.53782,34.62478],[127.53789,34.62472],[127.53795,34.62464],[127.53797,34.62457],[127.53798,34.62451],[127.53797,34.62445],[127.53794,34.62436],[127.5379,34.62425],[127.53782,34.62412],[127.53764,34.62381],[127.53737,34.62377],[127.53656,34.6238],[127.53373,34.62434],[127.53363,34.62442],[127.53259,34.62523],[127.53255,34.62526],[127.53248,34.62535],[127.53246,34.62543],[127.53244,34.62656],[127.53243,34.62695],[127.53245,34.62704],[127.53295,34.62892],[127.53301,34.62901],[127.53487,34.63168],[127.53495,34.63176],[127.53546,34.63221],[127.53559,34.63229],[127.5358,34.63238],[127.53589,34.63241],[127.53598,34.63241],[127.53612,34.63238],[127.53626,34.6323],[127.53639,34.63223],[127.537,34.63172],[127.53713,34.63159],[127.53719,34.6315],[127.53723,34.63143],[127.53726,34.63133],[127.53726,34.63123],[127.53725,34.63115],[127.5372,34.63107],[127.53675,34.63048],[127.53666,34.6304],[127.53655,34.6304],[127.53652,34.63037],[127.5365,34.63034],[127.53649,34.6303],[127.53649,34.63028],[127.53648,34.63014],[127.53651,34.62997],[127.53653,34.62992],[127.53655,34.62988],[127.53659,34.62983],[127.53673,34.62972],[127.53694,34.6296],[127.53708,34.62952],[127.53723,34.62946],[127.53735,34.62943],[127.53747,34.62941],[127.53991,34.62944],[127.54002,34.62944],[127.54025,34.62948],[127.54038,34.62951],[127.54051,34.62956],[127.5406,34.6296],[127.54082,34.62973],[127.54088,34.62979],[127.54091,34.62983],[127.54095,34.63001],[127.54096,34.63014],[127.54096,34.63033],[127.54093,34.63055],[127.5409,34.63061],[127.54084,34.63067],[127.54075,34.63074],[127.54063,34.63084],[127.54057,34.63091],[127.54054,34.631],[127.54052,34.63109],[127.54053,34.63119],[127.54058,34.63131],[127.54121,34.63219],[127.5413,34.63227],[127.54141,34.63234],[127.54158,34.63238],[127.54263,34.63263],[127.5428,34.63267],[127.54294,34.63267],[127.54309,34.63268],[127.54359,34.63263],[127.54372,34.6326],[127.54386,34.63254],[127.54408,34.6324],[127.54543,34.63168],[127.54651,34.62967]]],[[[127.51601,34.63957],[127.51655,34.63946],[127.51692,34.63948],[127.517,34.63946],[127.51706,34.63941],[127.51708,34.63935],[127.5171,34.63929],[127.51736,34.63775],[127.5174,34.63744],[127.5174,34.63739],[127.5173,34.63533],[127.51729,34.63528],[127.51725,34.63493],[127.51611,34.62594],[127.51605,34.62589],[127.516,34.62584],[127.51598,34.6258],[127.51596,34.62574],[127.51595,34.62571],[127.51595,34.62559],[127.51595,34.62554],[127.51601,34.6254],[127.51625,34.625],[127.51642,34.6248],[127.5165,34.62475],[127.5166,34.6247],[127.52445,34.62131],[127.52454,34.62128],[127.52463,34.62121],[127.52463,34.6211],[127.52457,34.62099],[127.52443,34.62082],[127.52428,34.62067],[127.52415,34.62054],[127.52366,34.62009],[127.52353,34.62003],[127.52336,34.61994],[127.52295,34.61976],[127.5218,34.61939],[127.5214,34.61931],[127.52121,34.61928],[127.52113,34.61927],[127.52071,34.61922],[127.52058,34.61922],[127.52046,34.61927],[127.52038,34.61935],[127.52034,34.61943],[127.52031,34.61951],[127.52031,34.61958],[127.51798,34.62193],[127.51712,34.62211],[127.51489,34.62266],[127.51477,34.62271],[127.51212,34.62696],[127.51106,34.62931],[127.50937,34.63317],[127.50999,34.63429],[127.51314,34.63856],[127.51321,34.63862],[127.5133,34.63869],[127.51431,34.6392],[127.51445,34.63927],[127.51462,34.63933],[127.51549,34.63957],[127.5156,34.63959],[127.51575,34.63959],[127.51586,34.63959],[127.51601,34.63957]]],[[[127.55481,34.63912],[127.55819,34.63801],[127.55866,34.63824],[127.55873,34.63826],[127.5588,34.63826],[127.55885,34.63825],[127.55892,34.63824],[127.55903,34.63821],[127.5636,34.63647],[127.56793,34.63518],[127.56806,34.63509],[127.56812,34.63499],[127.56896,34.63275],[127.569,34.63265],[127.56913,34.63187],[127.56956,34.62769],[127.56955,34.62722],[127.56951,34.62703],[127.56947,34.62694],[127.56941,34.62688],[127.56932,34.62681],[127.56924,34.62678],[127.56914,34.62675],[127.56792,34.62673],[127.56774,34.62676],[127.56747,34.62684],[127.56733,34.6269],[127.56523,34.6279],[127.56517,34.62794],[127.5647,34.62825],[127.56387,34.62886],[127.5638,34.62892],[127.56374,34.62899],[127.56369,34.62907],[127.56362,34.6292],[127.56255,34.63014],[127.55866,34.63289],[127.55695,34.63402],[127.55595,34.63462],[127.55283,34.63634],[127.55149,34.63696],[127.54978,34.63749],[127.5479,34.6373],[127.54785,34.63729],[127.54749,34.63731],[127.54727,34.63736],[127.54713,34.63746],[127.54708,34.63755],[127.54708,34.63764],[127.54746,34.64074],[127.5475,34.641],[127.54754,34.64111],[127.54763,34.64127],[127.5478,34.64154],[127.54792,34.64172],[127.54808,34.64186],[127.54859,34.64218],[127.54882,34.6423],[127.54972,34.6426],[127.54981,34.64263],[127.55014,34.64263],[127.55142,34.64215],[127.55384,34.64015],[127.55481,34.63912]]],[[[127.51156,34.76079],[127.51164,34.76064],[127.5119,34.76079],[127.51195,34.76081],[127.51203,34.76079],[127.51209,34.76077],[127.51249,34.76058],[127.51262,34.76051],[127.51268,34.76046],[127.51392,34.75933],[127.51456,34.75855],[127.51464,34.75845],[127.51482,34.75821],[127.51542,34.75738],[127.51591,34.75654],[127.51597,34.75643],[127.51609,34.75616],[127.51628,34.75573],[127.51631,34.75563],[127.51633,34.75558],[127.51633,34.75554],[127.51636,34.75501],[127.51635,34.7549],[127.51634,34.75479],[127.51632,34.75471],[127.5163,34.75465],[127.51626,34.7546],[127.51621,34.75457],[127.51614,34.75453],[127.51607,34.75452],[127.51599,34.75451],[127.5159,34.75453],[127.51582,34.75457],[127.51065,34.75741],[127.51056,34.75746],[127.50884,34.75855],[127.50878,34.7586],[127.50877,34.75866],[127.5094,34.76056],[127.50945,34.76065],[127.5095,34.76071],[127.51043,34.76147],[127.51046,34.7615],[127.51053,34.76152],[127.51061,34.76153],[127.51066,34.76152],[127.51079,34.76149],[127.51093,34.76144],[127.51098,34.76141],[127.51112,34.76133],[127.51122,34.76122],[127.51132,34.76112],[127.5115,34.76091],[127.51156,34.76079]]],[[[127.49233,34.76683],[127.49265,34.76637],[127.49291,34.76646],[127.49294,34.76646],[127.49305,34.76645],[127.49426,34.76613],[127.49432,34.76611],[127.49451,34.76606],[127.49457,34.76603],[127.49472,34.76597],[127.49477,34.76594],[127.49535,34.7656],[127.49538,34.76559],[127.49548,34.76551],[127.49553,34.76546],[127.49558,34.7654],[127.49559,34.76537],[127.49605,34.76417],[127.49606,34.76414],[127.49608,34.76402],[127.49611,34.76378],[127.49611,34.76372],[127.4961,34.7636],[127.49609,34.76354],[127.49594,34.76297],[127.49586,34.7627],[127.49582,34.76261],[127.49579,34.76255],[127.49575,34.7625],[127.49568,34.76242],[127.49561,34.76235],[127.49557,34.76231],[127.49554,34.76228],[127.49551,34.76223],[127.49551,34.76221],[127.49548,34.76193],[127.49548,34.7619],[127.49549,34.76185],[127.49565,34.76124],[127.49572,34.76114],[127.49575,34.7611],[127.49584,34.76103],[127.49903,34.7589],[127.4992,34.75879],[127.50054,34.75797],[127.50064,34.75791],[127.50075,34.75787],[127.50086,34.75784],[127.50098,34.75781],[127.50112,34.75779],[127.50126,34.75778],[127.50144,34.75777],[127.5017,34.75777],[127.50187,34.75777],[127.50208,34.75779],[127.50258,34.75781],[127.50298,34.75783],[127.50304,34.75782],[127.5031,34.7578],[127.50316,34.75776],[127.50338,34.75753],[127.50339,34.75749],[127.50346,34.75731],[127.50363,34.75506],[127.50031,34.75281],[127.49858,34.75388],[127.49729,34.75794],[127.49731,34.75796],[127.49736,34.7582],[127.49736,34.75827],[127.49737,34.75836],[127.49736,34.75854],[127.49735,34.75866],[127.49732,34.75875],[127.49727,34.75884],[127.49719,34.759],[127.49712,34.75908],[127.49704,34.75919],[127.4942,34.76141],[127.49233,34.76283],[127.49095,34.76384],[127.4901,34.76551],[127.48988,34.766],[127.48986,34.76604],[127.48985,34.76612],[127.48984,34.76617],[127.48985,34.76624],[127.48985,34.76629],[127.48987,34.76633],[127.48989,34.76637],[127.48992,34.7664],[127.49118,34.76731],[127.49122,34.76733],[127.4913,34.76736],[127.49135,34.76737],[127.49147,34.76736],[127.49151,34.76735],[127.49157,34.76733],[127.49169,34.76727],[127.49176,34.76723],[127.49198,34.76708],[127.49229,34.76686],[127.49233,34.76683]]]]}},{"type":"Feature","properties":{"code":"12130360","name":"삼산면","parent":"12130"},"geometry":{"type":"MultiPolygon","coordinates":[[[[127.37471,34.00675],[127.37439,34.00616],[127.37394,34.00616],[127.37301,34.0063],[127.37257,34.00776],[127.37257,34.00819],[127.37277,34.00886],[127.37312,34.00954],[127.37358,34.00983],[127.37458,34.00872],[127.37485,34.00798],[127.37485,34.00731],[127.37471,34.00675]]],[[[127.37402,34.01164],[127.37374,34.01141],[127.37287,34.01141],[127.37132,34.01301],[127.37101,34.01521],[127.37238,34.01558],[127.37336,34.01558],[127.37367,34.01493],[127.37417,34.01363],[127.37417,34.0124],[127.3741,34.01185],[127.37402,34.01164]]],[[[127.32488,34.02287],[127.32497,34.02277],[127.32573,34.02287],[127.32587,34.02285],[127.32595,34.02283],[127.32605,34.0228],[127.32618,34.02271],[127.32623,34.02254],[127.32618,34.02241],[127.32584,34.02189],[127.32465,34.02104],[127.32282,34.0204],[127.32262,34.0205],[127.32255,34.02072],[127.32309,34.02202],[127.32318,34.02218],[127.32326,34.02227],[127.3234,34.02239],[127.32443,34.02278],[127.32467,34.02285],[127.32488,34.02287]]],[[[127.37427,34.02062],[127.37121,34.02009],[127.3707,34.02009],[127.37039,34.02035],[127.37047,34.02123],[127.3708,34.0219],[127.37122,34.02252],[127.37268,34.02362],[127.37346,34.0231],[127.37423,34.02234],[127.37472,34.02182],[127.37472,34.0213],[127.37427,34.02062]]],[[[127.31115,34.02975],[127.31279,34.02952],[127.31403,34.02972],[127.31417,34.02972],[127.3153,34.02954],[127.31567,34.02947],[127.31625,34.02934],[127.31638,34.02931],[127.32186,34.02795],[127.32408,34.02624],[127.32482,34.02503],[127.32486,34.02494],[127.32481,34.02484],[127.32332,34.02416],[127.32309,34.02413],[127.32297,34.02413],[127.32163,34.0242],[127.32158,34.02421],[127.32111,34.02429],[127.32105,34.0243],[127.321,34.02432],[127.3209,34.02438],[127.3208,34.02444],[127.32068,34.02451],[127.32057,34.02462],[127.32045,34.02469],[127.32033,34.02475],[127.31942,34.02498],[127.31894,34.0251],[127.31773,34.02528],[127.31764,34.02529],[127.31735,34.02532],[127.31716,34.02532],[127.31303,34.02528],[127.31294,34.02527],[127.31288,34.02526],[127.31204,34.025],[127.31112,34.02466],[127.31104,34.02462],[127.3104,34.02433],[127.30932,34.02384],[127.30907,34.02421],[127.30731,34.02842],[127.30736,34.02885],[127.30809,34.02877],[127.30932,34.02867],[127.31064,34.02909],[127.31115,34.02975]]],[[[127.30797,34.06078],[127.30775,34.06076],[127.30764,34.06077],[127.30756,34.06078],[127.30747,34.06069],[127.30736,34.06056],[127.3073,34.06048],[127.30729,34.06045],[127.30729,34.06039],[127.30732,34.06024],[127.30743,34.05988],[127.30745,34.05982],[127.30758,34.05956],[127.30765,34.05943],[127.30774,34.05929],[127.30777,34.05924],[127.30783,34.05918],[127.30803,34.05897],[127.30815,34.05886],[127.30829,34.05875],[127.30836,34.0587],[127.30883,34.05844],[127.30895,34.0584],[127.3092,34.05829],[127.30928,34.05827],[127.30933,34.05826],[127.30938,34.05826],[127.31395,34.0589],[127.31665,34.05739],[127.31666,34.05722],[127.31678,34.05675],[127.31694,34.05667],[127.31736,34.05646],[127.31758,34.05636],[127.31765,34.05634],[127.31776,34.05631],[127.31821,34.05649],[127.31884,34.05678],[127.31953,34.05709],[127.32101,34.05866],[127.32096,34.0588],[127.32096,34.05897],[127.32104,34.0591],[127.32118,34.0592],[127.32142,34.05937],[127.32193,34.05962],[127.3221,34.05966],[127.32244,34.05967],[127.32263,34.05962],[127.3231,34.05933],[127.32352,34.05902],[127.32367,34.05887],[127.32477,34.05562],[127.32634,34.05314],[127.32686,34.05185],[127.3259,34.04833],[127.32581,34.04835],[127.32566,34.04837],[127.32468,34.04822],[127.32461,34.04816],[127.32448,34.04804],[127.3243,34.04786],[127.32403,34.04753],[127.32401,34.04742],[127.32472,34.04549],[127.32479,34.04544],[127.32487,34.0454],[127.32584,34.04509],[127.3271,34.04481],[127.3272,34.0448],[127.32729,34.04479],[127.32745,34.04476],[127.32826,34.04453],[127.32833,34.04451],[127.32844,34.04446],[127.33208,34.04204],[127.33272,34.04154],[127.33285,34.04139],[127.33493,34.03786],[127.33488,34.03555],[127.33476,34.0341],[127.33149,34.0331],[127.33135,34.03308],[127.3312,34.03311],[127.33109,34.03317],[127.33086,34.03334],[127.33055,34.03369],[127.33038,34.03393],[127.33035,34.03401],[127.33032,34.03409],[127.33031,34.03417],[127.33029,34.03483],[127.33016,34.03526],[127.3301,34.03531],[127.33007,34.03533],[127.32972,34.03555],[127.3283,34.03642],[127.32805,34.03653],[127.32755,34.03673],[127.32606,34.03724],[127.32552,34.03741],[127.32548,34.03742],[127.32536,34.03743],[127.32523,34.03744],[127.32517,34.03743],[127.32498,34.03741],[127.32486,34.03736],[127.32476,34.0373],[127.32457,34.03731],[127.32324,34.03749],[127.31985,34.0383],[127.31922,34.03847],[127.31913,34.03851],[127.31901,34.03855],[127.31866,34.03872],[127.31837,34.03888],[127.3177,34.03926],[127.31758,34.03935],[127.31738,34.0395],[127.31728,34.03962],[127.31716,34.03975],[127.3164,34.04003],[127.31633,34.04005],[127.31609,34.04009],[127.31573,34.04015],[127.31561,34.04017],[127.31543,34.04019],[127.31531,34.04021],[127.31525,34.04021],[127.31484,34.04022],[127.31447,34.04022],[127.31338,34.04016],[127.31237,34.03792],[127.31134,34.03562],[127.31094,34.03474],[127.30976,34.03212],[127.30923,34.03228],[127.31115,34.03656],[127.31189,34.03821],[127.31283,34.04028],[127.31368,34.04197],[127.31372,34.04204],[127.31375,34.04212],[127.31378,34.04218],[127.31389,34.04259],[127.31399,34.04305],[127.314,34.04311],[127.31378,34.04515],[127.31365,34.04552],[127.31343,34.04603],[127.30942,34.05293],[127.30937,34.05298],[127.30918,34.05315],[127.30902,34.05329],[127.30894,34.05335],[127.30884,34.05342],[127.30863,34.05355],[127.30855,34.05359],[127.30842,34.05366],[127.30824,34.05376],[127.30786,34.05393],[127.30732,34.05415],[127.30719,34.05421],[127.30703,34.05426],[127.3066,34.05441],[127.30633,34.05449],[127.30624,34.0545],[127.30613,34.0545],[127.30605,34.05452],[127.30594,34.05455],[127.30584,34.05459],[127.30572,34.05464],[127.3056,34.0547],[127.30524,34.05496],[127.30495,34.05518],[127.30489,34.05525],[127.3039,34.05649],[127.30335,34.05759],[127.30305,34.05833],[127.3042,34.06109],[127.30504,34.06256],[127.30512,34.06269],[127.30527,34.06279],[127.30534,34.06282],[127.30547,34.06288],[127.30562,34.06294],[127.30578,34.06299],[127.30593,34.06302],[127.30602,34.06303],[127.30611,34.06304],[127.30629,34.06304],[127.30677,34.06294],[127.30686,34.06293],[127.30696,34.06289],[127.30705,34.06284],[127.30736,34.06279],[127.30754,34.0627],[127.30777,34.06249],[127.30833,34.06123],[127.3083,34.06107],[127.30825,34.06096],[127.3081,34.06085],[127.30797,34.06078]]],[[[127.29319,34.06352],[127.29335,34.06343],[127.29393,34.0635],[127.29411,34.06351],[127.29425,34.06345],[127.2959,34.06244],[127.29606,34.06234],[127.29615,34.06225],[127.29621,34.06212],[127.2977,34.05827],[127.29733,34.055],[127.29707,34.05485],[127.29609,34.05411],[127.29596,34.05399],[127.29519,34.05325],[127.29497,34.05302],[127.29399,34.05197],[127.29386,34.05181],[127.2938,34.05173],[127.29369,34.05158],[127.29364,34.05151],[127.29359,34.05143],[127.29344,34.0512],[127.29277,34.05003],[127.29275,34.04999],[127.29272,34.04992],[127.2927,34.04983],[127.29263,34.04958],[127.29251,34.04917],[127.29248,34.049],[127.29245,34.04884],[127.29243,34.04875],[127.29242,34.04867],[127.29241,34.04859],[127.2924,34.04851],[127.29239,34.04843],[127.29238,34.04835],[127.29238,34.04827],[127.29238,34.04819],[127.29238,34.04804],[127.29239,34.04796],[127.29241,34.04779],[127.29244,34.0476],[127.29246,34.04753],[127.29248,34.0474],[127.29253,34.04724],[127.29256,34.04717],[127.29261,34.04712],[127.29264,34.04709],[127.29503,34.04474],[127.29502,34.04472],[127.29403,34.04212],[127.29402,34.04205],[127.29399,34.04187],[127.29398,34.04177],[127.29399,34.04083],[127.29399,34.04072],[127.29401,34.04063],[127.29415,34.04007],[127.29417,34.04002],[127.29419,34.03999],[127.29427,34.03985],[127.29432,34.03978],[127.29452,34.03968],[127.29465,34.03963],[127.2949,34.03956],[127.29494,34.03957],[127.29503,34.0396],[127.29514,34.03962],[127.29529,34.03963],[127.29544,34.0396],[127.29551,34.03958],[127.29608,34.03939],[127.29623,34.03932],[127.29662,34.03912],[127.29742,34.03853],[127.29744,34.03838],[127.29745,34.03813],[127.29744,34.03804],[127.29713,34.03651],[127.2971,34.03641],[127.29673,34.03586],[127.2966,34.03581],[127.29654,34.03577],[127.2965,34.03529],[127.29646,34.03462],[127.29645,34.0344],[127.29652,34.03369],[127.29658,34.03306],[127.29659,34.03298],[127.29662,34.03281],[127.29664,34.03277],[127.29669,34.03264],[127.29687,34.03223],[127.29754,34.03147],[127.30031,34.03079],[127.30244,34.03027],[127.30405,34.02928],[127.30497,34.02834],[127.30557,34.02508],[127.30684,34.02579],[127.30729,34.02606],[127.30752,34.026],[127.30866,34.02353],[127.30784,34.02198],[127.3078,34.02191],[127.30774,34.02185],[127.30765,34.02177],[127.30691,34.02121],[127.30683,34.02115],[127.30677,34.02112],[127.30672,34.0211],[127.30664,34.02108],[127.30605,34.02093],[127.30595,34.02092],[127.30587,34.02091],[127.30566,34.02089],[127.30552,34.02088],[127.30548,34.02088],[127.30537,34.02085],[127.30495,34.02071],[127.30472,34.02063],[127.30454,34.02057],[127.3045,34.02055],[127.30446,34.02052],[127.30444,34.0205],[127.30442,34.02047],[127.30433,34.02027],[127.3043,34.0202],[127.30428,34.02013],[127.30429,34.02006],[127.30431,34.02],[127.30486,34.01907],[127.30496,34.01899],[127.30507,34.01894],[127.30552,34.01872],[127.30559,34.01869],[127.30563,34.01868],[127.30589,34.01865],[127.30663,34.01859],[127.30671,34.01859],[127.30746,34.0186],[127.30753,34.01861],[127.30825,34.01872],[127.30834,34.01874],[127.30839,34.01877],[127.30849,34.01881],[127.30863,34.01883],[127.30876,34.01884],[127.31075,34.01854],[127.31093,34.01848],[127.3125,34.01752],[127.31364,34.01599],[127.3137,34.01589],[127.31376,34.01577],[127.31372,34.01567],[127.3137,34.01564],[127.31381,34.01535],[127.31446,34.01495],[127.31475,34.01479],[127.31478,34.01477],[127.31584,34.01435],[127.31643,34.01448],[127.31801,34.01497],[127.31819,34.01506],[127.31885,34.01544],[127.31894,34.01554],[127.31881,34.01574],[127.31881,34.01586],[127.31937,34.01619],[127.32032,34.01633],[127.32077,34.01638],[127.3209,34.01637],[127.32312,34.01625],[127.32327,34.01622],[127.32451,34.0154],[127.32465,34.01531],[127.32471,34.01514],[127.32521,34.01364],[127.32523,34.01356],[127.32546,34.01267],[127.32549,34.0125],[127.32541,34.01231],[127.32532,34.0121],[127.32447,34.01045],[127.32439,34.01031],[127.32431,34.01022],[127.32421,34.01017],[127.32396,34.01012],[127.32389,34.01012],[127.32371,34.00983],[127.32365,34.0097],[127.32336,34.0073],[127.32338,34.00708],[127.32346,34.00696],[127.3238,34.00644],[127.32448,34.00628],[127.32505,34.00565],[127.32515,34.00544],[127.32512,34.00525],[127.32491,34.00504],[127.32457,34.00485],[127.32431,34.00483],[127.3232,34.00487],[127.32296,34.00488],[127.32076,34.00667],[127.3207,34.00678],[127.32068,34.00686],[127.32065,34.00697],[127.3206,34.00774],[127.32066,34.00797],[127.31644,34.01289],[127.31532,34.01306],[127.31526,34.01293],[127.31497,34.01244],[127.31483,34.0123],[127.31466,34.01217],[127.31388,34.0116],[127.3134,34.01131],[127.31272,34.01123],[127.31172,34.01125],[127.31161,34.01126],[127.30408,34.01175],[127.2946,34.01409],[127.29446,34.01418],[127.29393,34.01468],[127.29386,34.01483],[127.29389,34.01499],[127.29396,34.01529],[127.29401,34.01544],[127.29419,34.016],[127.29426,34.01614],[127.29521,34.01776],[127.29463,34.01932],[127.29266,34.02157],[127.29187,34.02236],[127.29121,34.02267],[127.29105,34.02266],[127.28863,34.02936],[127.28853,34.02974],[127.28828,34.03156],[127.28839,34.03206],[127.28849,34.0322],[127.28857,34.03231],[127.28868,34.03243],[127.28872,34.03248],[127.28853,34.03296],[127.28839,34.03318],[127.2877,34.03408],[127.28748,34.03437],[127.28739,34.03445],[127.28598,34.03562],[127.28529,34.03581],[127.2845,34.03579],[127.28428,34.03572],[127.28402,34.03562],[127.28339,34.03482],[127.28336,34.0347],[127.28331,34.03459],[127.28317,34.0344],[127.28306,34.03427],[127.28295,34.03415],[127.28284,34.03408],[127.28269,34.03404],[127.28251,34.03406],[127.28132,34.03429],[127.28121,34.03446],[127.28079,34.03546],[127.28028,34.03749],[127.28003,34.03871],[127.2792,34.04323],[127.28004,34.0446],[127.28112,34.04951],[127.28196,34.05067],[127.28177,34.05125],[127.28162,34.0514],[127.28015,34.05285],[127.27975,34.05295],[127.27901,34.05295],[127.27764,34.0529],[127.27757,34.05289],[127.27748,34.05286],[127.27712,34.05273],[127.27701,34.05265],[127.27696,34.05235],[127.2768,34.05219],[127.27566,34.05205],[127.27452,34.0519],[127.27432,34.05193],[127.2742,34.05203],[127.27411,34.05218],[127.27419,34.05238],[127.27618,34.05399],[127.27724,34.05462],[127.27742,34.05463],[127.27747,34.05463],[127.27751,34.05464],[127.27763,34.05467],[127.2782,34.05485],[127.27823,34.05486],[127.27864,34.05544],[127.27891,34.05675],[127.27803,34.05824],[127.27877,34.05947],[127.279,34.05971],[127.27911,34.05982],[127.27923,34.05993],[127.27935,34.06003],[127.27952,34.06016],[127.27972,34.06026],[127.27988,34.06032],[127.28017,34.06043],[127.28111,34.0601],[127.28147,34.05996],[127.28164,34.05989],[127.28195,34.05975],[127.28211,34.05937],[127.28208,34.05911],[127.28199,34.05877],[127.28142,34.05735],[127.28165,34.05637],[127.28177,34.05614],[127.28283,34.0548],[127.28303,34.0547],[127.28309,34.05468],[127.28314,34.05466],[127.28327,34.05463],[127.2833,34.05463],[127.28337,34.05464],[127.28348,34.05465],[127.28359,34.05467],[127.28365,34.05468],[127.28553,34.05537],[127.2856,34.0554],[127.28579,34.05548],[127.28586,34.05552],[127.28591,34.05556],[127.28604,34.0557],[127.28611,34.05579],[127.28615,34.05585],[127.28617,34.05588],[127.28619,34.05595],[127.28621,34.056],[127.28622,34.05609],[127.28623,34.05615],[127.28622,34.0562],[127.28619,34.05629],[127.28615,34.05639],[127.28612,34.05645],[127.28607,34.05653],[127.28599,34.05665],[127.28577,34.05676],[127.28556,34.05687],[127.28545,34.05694],[127.28504,34.05721],[127.28483,34.05739],[127.28472,34.05753],[127.28479,34.05769],[127.28537,34.05862],[127.2855,34.0587],[127.28563,34.05874],[127.28602,34.05885],[127.28617,34.05888],[127.28632,34.05886],[127.28645,34.0588],[127.28809,34.05791],[127.28858,34.0576],[127.29036,34.05644],[127.29043,34.05639],[127.29056,34.0563],[127.29068,34.05621],[127.29084,34.05608],[127.29091,34.05602],[127.29098,34.05595],[127.29104,34.05587],[127.29108,34.05577],[127.29109,34.05567],[127.29108,34.05555],[127.29104,34.05546],[127.29097,34.05535],[127.2909,34.05523],[127.29086,34.05517],[127.29093,34.05512],[127.29101,34.05507],[127.29117,34.05499],[127.29123,34.05497],[127.29131,34.05494],[127.29145,34.0549],[127.29152,34.05488],[127.29155,34.05487],[127.29162,34.05487],[127.29184,34.05486],[127.2921,34.05485],[127.29221,34.05486],[127.29236,34.05487],[127.29257,34.05491],[127.29271,34.05494],[127.29276,34.05496],[127.29442,34.05561],[127.29505,34.05644],[127.29401,34.05992],[127.29263,34.06159],[127.29208,34.06171],[127.29191,34.06178],[127.29148,34.06209],[127.2914,34.06216],[127.29134,34.06223],[127.29126,34.06237],[127.29109,34.06277],[127.29114,34.06294],[127.29119,34.06303],[127.29129,34.06312],[127.29137,34.06317],[127.29144,34.0632],[127.29153,34.06324],[127.2918,34.06334],[127.29228,34.06353],[127.29242,34.06357],[127.29255,34.0636],[127.29266,34.06362],[127.29286,34.06362],[127.29298,34.0636],[127.29308,34.06357],[127.29319,34.06352]]],[[[127.26289,34.2114],[127.26279,34.2114],[127.26267,34.21141],[127.26222,34.21146],[127.26205,34.21149],[127.26199,34.21151],[127.26186,34.21157],[127.26151,34.21177],[127.26143,34.21182],[127.26131,34.2119],[127.2607,34.2123],[127.26056,34.21244],[127.26051,34.21256],[127.26052,34.21269],[127.26055,34.21284],[127.26056,34.21289],[127.2606,34.213],[127.26074,34.2131],[127.26086,34.21312],[127.26112,34.21311],[127.26256,34.21304],[127.2627,34.21301],[127.26285,34.21295],[127.26345,34.21235],[127.26348,34.21231],[127.26366,34.21209],[127.26368,34.21198],[127.26369,34.21188],[127.26362,34.21172],[127.26351,34.21162],[127.26341,34.21155],[127.2633,34.2115],[127.26321,34.21147],[127.26313,34.21144],[127.26301,34.21142],[127.26289,34.2114]]],[[[127.20073,34.21885],[127.19713,34.21547],[127.19361,34.21643],[127.19328,34.21678],[127.19321,34.21689],[127.19245,34.21881],[127.19243,34.21895],[127.19245,34.21907],[127.19324,34.22088],[127.19388,34.22154],[127.19402,34.22164],[127.19774,34.22433],[127.19795,34.2244],[127.19871,34.22403],[127.19995,34.22289],[127.20022,34.22258],[127.20031,34.22244],[127.20036,34.22236],[127.20046,34.22206],[127.20117,34.22061],[127.20118,34.22004],[127.20118,34.21994],[127.20078,34.21892],[127.20073,34.21885]]],[[[127.22053,34.22467],[127.22057,34.22458],[127.22149,34.22461],[127.2228,34.22454],[127.22292,34.22453],[127.22334,34.22449],[127.22361,34.22444],[127.22386,34.2244],[127.22402,34.22433],[127.22452,34.22408],[127.22465,34.224],[127.22499,34.22378],[127.22518,34.22365],[127.22524,34.22355],[127.22528,34.2233],[127.22525,34.22314],[127.22516,34.22293],[127.22462,34.2222],[127.22454,34.22213],[127.22424,34.2219],[127.22365,34.22157],[127.22254,34.22099],[127.22243,34.22096],[127.22229,34.22094],[127.22129,34.22093],[127.22061,34.22093],[127.21927,34.2212],[127.21911,34.22125],[127.219,34.22131],[127.2189,34.22138],[127.21754,34.22297],[127.21751,34.22312],[127.2175,34.22322],[127.2176,34.22333],[127.2191,34.22453],[127.21939,34.22475],[127.21953,34.22479],[127.2197,34.22482],[127.21987,34.22483],[127.21998,34.22483],[127.22015,34.22481],[127.22034,34.22476],[127.22043,34.22473],[127.22053,34.22467]]],[[[127.46436,34.22884],[127.46593,34.22758],[127.46482,34.22716],[127.46151,34.22677],[127.4611,34.22774],[127.46098,34.22814],[127.45834,34.22852],[127.45768,34.22798],[127.45734,34.22855],[127.45724,34.22882],[127.45695,34.23192],[127.45725,34.23302],[127.45874,34.2332],[127.45927,34.23301],[127.46324,34.22962],[127.46436,34.22884]]],[[[127.2674,34.23079],[127.26726,34.23071],[127.26713,34.23074],[127.26431,34.23169],[127.26419,34.23175],[127.26411,34.23182],[127.26393,34.23207],[127.26387,34.23221],[127.26355,34.23316],[127.26351,34.23328],[127.26351,34.23338],[127.26354,34.2335],[127.26358,34.23362],[127.26367,34.23373],[127.26375,34.23379],[127.26389,34.23388],[127.26409,34.2339],[127.2646,34.23392],[127.26476,34.23391],[127.26493,34.23388],[127.26511,34.23378],[127.26558,34.23349],[127.26635,34.23276],[127.26643,34.23266],[127.26735,34.23118],[127.26744,34.23102],[127.26745,34.23088],[127.2674,34.23079]]],[[[127.46243,34.23424],[127.4617,34.23388],[127.46102,34.23388],[127.46038,34.23453],[127.46059,34.23505],[127.46129,34.23528],[127.46226,34.23498],[127.46243,34.23424]]],[[[127.27005,34.23662],[127.26974,34.23659],[127.2696,34.23661],[127.26946,34.23668],[127.26794,34.23775],[127.26615,34.23973],[127.26333,34.24104],[127.26317,34.24107],[127.2629,34.24117],[127.26267,34.24132],[127.26255,34.24148],[127.26248,34.24162],[127.26253,34.24189],[127.26263,34.24215],[127.26279,34.24233],[127.26287,34.24241],[127.26299,34.24251],[127.26316,34.24258],[127.26335,34.24265],[127.2637,34.24264],[127.26397,34.24258],[127.26464,34.24226],[127.26496,34.24223],[127.26603,34.24206],[127.26734,34.24148],[127.26742,34.24144],[127.2715,34.23817],[127.27158,34.23805],[127.27158,34.23794],[127.27153,34.23784],[127.27108,34.23716],[127.27043,34.23675],[127.27005,34.23662]]],[[[127.44807,34.24121],[127.4476,34.24117],[127.44722,34.24117],[127.44692,34.24126],[127.44515,34.24184],[127.44442,34.24242],[127.44426,34.24333],[127.44436,34.24407],[127.44449,34.24466],[127.44674,34.24902],[127.44703,34.24931],[127.44735,34.24948],[127.44892,34.25031],[127.44929,34.25046],[127.44961,34.25046],[127.44977,34.25039],[127.45343,34.2487],[127.45384,34.24844],[127.45475,34.24772],[127.45537,34.24703],[127.4555,34.24681],[127.45563,34.24639],[127.45615,34.24412],[127.45639,34.24305],[127.45639,34.24288],[127.45631,34.24258],[127.45602,34.2425],[127.4511,34.24164],[127.44807,34.24121]]],[[[127.26044,34.24717],[127.26177,34.24615],[127.26283,34.24572],[127.26293,34.24564],[127.26301,34.24558],[127.26307,34.24545],[127.26311,34.24533],[127.26308,34.24514],[127.26305,34.24502],[127.26273,34.24464],[127.26262,34.24455],[127.26255,34.24451],[127.26233,34.2444],[127.25934,34.2435],[127.26111,34.24049],[127.26205,34.23833],[127.26131,34.23841],[127.26118,34.23842],[127.2609,34.23843],[127.26075,34.2384],[127.26044,34.23835],[127.26034,34.23833],[127.25875,34.23781],[127.25806,34.23724],[127.25802,34.23721],[127.25797,34.23711],[127.25798,34.23705],[127.25928,34.23317],[127.26024,34.23041],[127.25878,34.23038],[127.25871,34.23036],[127.25827,34.23016],[127.25823,34.2301],[127.25804,34.22971],[127.25803,34.22969],[127.25802,34.22961],[127.25802,34.22952],[127.25803,34.22948],[127.25824,34.22929],[127.25827,34.22927],[127.25962,34.2288],[127.26074,34.22863],[127.2609,34.22863],[127.26098,34.22865],[127.26106,34.22869],[127.26132,34.22871],[127.26138,34.22871],[127.26162,34.22869],[127.26178,34.22866],[127.26215,34.22853],[127.26231,34.2284],[127.26244,34.22817],[127.26269,34.22731],[127.26273,34.22717],[127.26275,34.22699],[127.26275,34.22688],[127.26272,34.22678],[127.262,34.2251],[127.26168,34.22446],[127.26155,34.22439],[127.25704,34.22259],[127.25671,34.22252],[127.25645,34.22255],[127.25611,34.22265],[127.25506,34.22304],[127.25325,34.22379],[127.25313,34.22387],[127.25275,34.22396],[127.2519,34.22409],[127.25177,34.224],[127.25169,34.22394],[127.25164,34.22389],[127.25007,34.22241],[127.25004,34.22234],[127.25001,34.22226],[127.24998,34.22215],[127.24992,34.22187],[127.24991,34.22181],[127.2499,34.22167],[127.24989,34.22122],[127.24994,34.22118],[127.25121,34.22065],[127.25453,34.21986],[127.25788,34.21943],[127.25804,34.21939],[127.25816,34.21933],[127.25828,34.21924],[127.25835,34.21915],[127.25842,34.21902],[127.25846,34.21892],[127.25986,34.21326],[127.25987,34.21314],[127.25987,34.21307],[127.25984,34.21297],[127.25897,34.21149],[127.2583,34.21104],[127.25681,34.21085],[127.25668,34.21086],[127.25658,34.21088],[127.25358,34.21203],[127.25205,34.21276],[127.25151,34.21321],[127.24814,34.21486],[127.24813,34.21432],[127.24811,34.21416],[127.24807,34.2141],[127.24802,34.21403],[127.24784,34.21394],[127.2474,34.21383],[127.24598,34.21384],[127.24484,34.21402],[127.24477,34.21404],[127.24467,34.21407],[127.24462,34.21417],[127.2446,34.21423],[127.24459,34.21434],[127.24455,34.21466],[127.24459,34.2148],[127.24471,34.21506],[127.24462,34.2154],[127.24333,34.21776],[127.24289,34.21818],[127.24195,34.21879],[127.24121,34.21901],[127.23797,34.21837],[127.23757,34.21816],[127.23864,34.21622],[127.2362,34.21503],[127.23262,34.21538],[127.22931,34.21571],[127.22921,34.21572],[127.22904,34.21572],[127.2289,34.21568],[127.22882,34.21563],[127.22874,34.21553],[127.22827,34.21433],[127.22764,34.2129],[127.22529,34.21031],[127.22468,34.20999],[127.22361,34.20948],[127.22345,34.20945],[127.22318,34.20948],[127.22164,34.20999],[127.22153,34.21008],[127.22142,34.21018],[127.22133,34.21031],[127.22131,34.21042],[127.22134,34.21055],[127.22148,34.21081],[127.22222,34.2115],[127.22274,34.21187],[127.22286,34.21193],[127.22295,34.21195],[127.22325,34.21196],[127.22339,34.21194],[127.22357,34.21196],[127.22443,34.21212],[127.22482,34.2124],[127.22509,34.21273],[127.22526,34.21294],[127.22569,34.21374],[127.22556,34.21468],[127.22524,34.21523],[127.22506,34.21556],[127.22484,34.21598],[127.22482,34.21608],[127.22481,34.21616],[127.22485,34.21626],[127.22494,34.21641],[127.22505,34.21655],[127.22524,34.21669],[127.22558,34.21689],[127.22709,34.2182],[127.22812,34.22123],[127.22816,34.22161],[127.23041,34.22528],[127.23075,34.22564],[127.23115,34.22613],[127.23121,34.22621],[127.23124,34.22626],[127.23127,34.22638],[127.23129,34.22648],[127.2313,34.2266],[127.23126,34.22751],[127.23056,34.22785],[127.23039,34.22799],[127.23162,34.23282],[127.23307,34.23662],[127.23311,34.2367],[127.23321,34.23679],[127.23481,34.23796],[127.23497,34.238],[127.23545,34.23799],[127.23558,34.23796],[127.23571,34.2379],[127.23579,34.23783],[127.23581,34.23779],[127.2359,34.23768],[127.23594,34.23752],[127.23594,34.2374],[127.2359,34.23725],[127.23585,34.23712],[127.23579,34.23703],[127.23566,34.23689],[127.23556,34.23682],[127.2354,34.23668],[127.23536,34.23662],[127.23533,34.23652],[127.23537,34.23646],[127.23563,34.23617],[127.23574,34.23607],[127.23581,34.23603],[127.23591,34.23597],[127.23672,34.23554],[127.23705,34.23539],[127.23757,34.23521],[127.23788,34.23524],[127.23847,34.23532],[127.23874,34.23536],[127.23883,34.23538],[127.23912,34.23544],[127.23921,34.23546],[127.2393,34.23549],[127.2396,34.23559],[127.24066,34.23604],[127.24095,34.23619],[127.241,34.23621],[127.24162,34.23657],[127.2419,34.23675],[127.242,34.23682],[127.24213,34.2369],[127.24258,34.23722],[127.24266,34.2373],[127.24274,34.23738],[127.24304,34.23775],[127.2432,34.23799],[127.24311,34.24317],[127.24252,34.2472],[127.24252,34.2473],[127.24254,34.24737],[127.24256,34.24745],[127.24261,34.24753],[127.24266,34.2476],[127.24274,34.24771],[127.24279,34.24777],[127.24305,34.248],[127.24325,34.24816],[127.24332,34.24821],[127.24341,34.24826],[127.24351,34.24829],[127.24358,34.24828],[127.24366,34.24827],[127.24373,34.24824],[127.2464,34.24706],[127.24656,34.24698],[127.24721,34.24664],[127.25283,34.25081],[127.25315,34.25105],[127.2533,34.25114],[127.2534,34.25117],[127.2536,34.25121],[127.25373,34.25122],[127.25399,34.25125],[127.25573,34.2513],[127.25597,34.2513],[127.25618,34.25128],[127.25636,34.25126],[127.25657,34.25117],[127.25669,34.2511],[127.25812,34.25083],[127.25874,34.25014],[127.25943,34.24864],[127.25954,34.24844],[127.26044,34.24717]]],[[[127.53536,34.25321],[127.53483,34.25313],[127.53414,34.25344],[127.53392,34.2537],[127.53365,34.25407],[127.53362,34.25497],[127.53362,34.25529],[127.53376,34.2556],[127.53398,34.25587],[127.53455,34.25594],[127.53488,34.25594],[127.53555,34.25568],[127.53597,34.25521],[127.53601,34.2547],[127.536,34.2539],[127.53577,34.25359],[127.53536,34.25321]]],[[[127.45032,34.25288],[127.45014,34.2526],[127.44986,34.25268],[127.4496,34.25276],[127.4494,34.25286],[127.44919,34.25299],[127.44763,34.25469],[127.44727,34.25511],[127.44675,34.25577],[127.4467,34.25602],[127.44691,34.25618],[127.44808,34.25648],[127.45095,34.25701],[127.45125,34.25701],[127.45151,34.2569],[127.45151,34.25662],[127.45118,34.25631],[127.45104,34.25616],[127.45088,34.25597],[127.44997,34.25413],[127.4501,34.25374],[127.45032,34.2532],[127.45032,34.25288]]],[[[127.54236,34.25795],[127.54184,34.25784],[127.54143,34.25784],[127.541,34.25795],[127.54057,34.25811],[127.54037,34.25853],[127.54037,34.25896],[127.54047,34.25948],[127.5409,34.25986],[127.54131,34.26],[127.54213,34.25977],[127.54254,34.25939],[127.54276,34.25894],[127.54276,34.25856],[127.54266,34.25824],[127.54236,34.25795]]],[[[127.53346,34.26783],[127.53567,34.2677],[127.53665,34.26802],[127.53801,34.26836],[127.5394,34.26844],[127.5407,34.26798],[127.54106,34.26759],[127.5413,34.26687],[127.54071,34.26648],[127.54023,34.26601],[127.53984,34.26505],[127.53962,34.26312],[127.53962,34.26238],[127.53971,34.26145],[127.53971,34.2604],[127.53936,34.25956],[127.53835,34.2591],[127.53757,34.25901],[127.53655,34.2592],[127.53618,34.25962],[127.53608,34.26015],[127.53589,34.26061],[127.53563,34.26083],[127.53526,34.26107],[127.53403,34.26165],[127.53386,34.26165],[127.53133,34.26129],[127.53098,34.26107],[127.53079,34.26099],[127.53053,34.26092],[127.53023,34.26088],[127.52994,34.26096],[127.52882,34.26243],[127.52704,34.26555],[127.527,34.26607],[127.52697,34.26669],[127.52697,34.26738],[127.52724,34.26826],[127.52767,34.26878],[127.52788,34.26895],[127.52869,34.26929],[127.52904,34.26937],[127.52983,34.26947],[127.53111,34.26864],[127.53168,34.26836],[127.53245,34.2681],[127.53346,34.26783]]],[[[127.37425,34.29504],[127.37613,34.29489],[127.37871,34.29555],[127.37961,34.29541],[127.38048,34.29462],[127.38052,34.29418],[127.38035,34.2938],[127.37975,34.29334],[127.37892,34.29292],[127.37853,34.29282],[127.37805,34.29279],[127.37773,34.2928],[127.37617,34.29283],[127.37444,34.29292],[127.373,34.29313],[127.37178,34.29367],[127.37125,34.29453],[127.37101,34.29534],[127.37115,34.29577],[127.37161,34.29591],[127.37281,34.29535],[127.37425,34.29504]]],[[[127.35906,34.28825],[127.35998,34.28795],[127.36118,34.28869],[127.36155,34.28906],[127.36162,34.28932],[127.36136,34.2895],[127.36104,34.29034],[127.3613,34.29268],[127.36184,34.29339],[127.36304,34.2945],[127.36426,34.29505],[127.3654,34.29525],[127.36631,34.29525],[127.36781,34.29479],[127.36805,34.29458],[127.36894,34.29357],[127.36955,34.29276],[127.37003,34.29072],[127.37019,34.28913],[127.36993,34.28773],[127.36957,34.28713],[127.36874,34.28661],[127.36701,34.28661],[127.36625,34.28501],[127.36539,34.283],[127.36361,34.28131],[127.36081,34.27898],[127.36041,34.27864],[127.35926,34.27782],[127.35886,34.27774],[127.35416,34.27623],[127.35408,34.27553],[127.35216,34.27382],[127.35184,34.27355],[127.35092,34.27355],[127.34827,34.27444],[127.34765,34.27471],[127.34765,34.27519],[127.34806,34.27715],[127.34864,34.27784],[127.34897,34.27877],[127.34891,34.28198],[127.34875,34.28268],[127.34859,34.28286],[127.34765,34.28468],[127.35,34.29428],[127.35056,34.29511],[127.35165,34.29618],[127.3523,34.29635],[127.35286,34.29635],[127.35336,34.2961],[127.35357,34.29534],[127.35356,34.29326],[127.35346,34.29246],[127.35297,34.29173],[127.35251,34.29016],[127.35274,34.29001],[127.35326,34.2898],[127.35705,34.28852],[127.35906,34.28825]]],[[[127.39849,34.28336],[127.39848,34.28299],[127.39888,34.28097],[127.39887,34.27994],[127.39878,34.27959],[127.39822,34.27932],[127.39655,34.27896],[127.39577,34.27889],[127.39543,34.27939],[127.39543,34.27997],[127.39556,34.28062],[127.39569,34.28135],[127.3957,34.28214],[127.39527,34.28285],[127.3949,34.28315],[127.39421,34.28325],[127.39363,34.28325],[127.39337,34.28317],[127.39205,34.28262],[127.39192,34.28255],[127.39157,34.28226],[127.39134,34.28188],[127.39122,34.28139],[127.39122,34.28101],[127.39095,34.28024],[127.39071,34.2798],[127.38988,34.27935],[127.38927,34.27935],[127.38818,34.28025],[127.38803,34.2807],[127.38791,34.28345],[127.38791,34.28373],[127.38811,34.28467],[127.38741,34.28595],[127.38594,34.2881],[127.38571,34.28835],[127.38564,34.28865],[127.38551,34.28925],[127.38552,34.29019],[127.38605,34.29133],[127.38683,34.29278],[127.38769,34.29376],[127.38943,34.29503],[127.39076,34.29595],[127.393,34.29639],[127.39374,34.29651],[127.39455,34.29638],[127.39813,34.29509],[127.40055,34.29419],[127.4013,34.29222],[127.40174,34.2885],[127.40167,34.28679],[127.40135,34.28606],[127.40103,34.28544],[127.40087,34.28518],[127.40055,34.28487],[127.40021,34.28475],[127.39922,34.28461],[127.39889,34.28437],[127.3986,34.28401],[127.39853,34.28368],[127.39849,34.28336]]]]}},{"type":"Feature","properties":{"code":"12130515","name":"동문동","parent":"12130"},"geometry":{"type":"MultiPolygon","coordinates":[[[[127.75405,34.73805],[127.75384,34.73774],[127.75373,34.73766],[127.75215,34.7368],[127.75156,34.73651],[127.75099,34.73626],[127.75005,34.73594],[127.74991,34.73593],[127.7485,34.73624],[127.74855,34.7365],[127.74849,34.73672],[127.74795,34.73704],[127.74761,34.73724],[127.74565,34.73824],[127.74438,34.73819],[127.74412,34.73789],[127.74382,34.73756],[127.74368,34.73746],[127.74351,34.73733],[127.74234,34.737],[127.74396,34.73911],[127.74448,34.74023],[127.74431,34.74029],[127.74404,34.74037],[127.74178,34.74102],[127.74103,34.74115],[127.73772,34.74142],[127.73761,34.74143],[127.73753,34.74143],[127.73734,34.7414],[127.73675,34.74124],[127.73704,34.7415],[127.73776,34.74215],[127.73775,34.74237],[127.73771,34.74355],[127.7372,34.74346],[127.73649,34.74336],[127.73565,34.74475],[127.73499,34.74586],[127.735,34.74618],[127.73501,34.7465],[127.73502,34.74657],[127.73506,34.74739],[127.73507,34.74752],[127.73509,34.7476],[127.73512,34.74772],[127.73513,34.74776],[127.73566,34.74905],[127.73959,34.74911],[127.73964,34.74867],[127.7399,34.74627],[127.73988,34.74559],[127.74014,34.74534],[127.74151,34.74454],[127.74166,34.74446],[127.74175,34.74442],[127.74291,34.74431],[127.74553,34.74398],[127.7458,34.74393],[127.746,34.74354],[127.7461,34.74323],[127.74628,34.74272],[127.75272,34.73857],[127.75288,34.73849],[127.75405,34.73805]]]]}},{"type":"Feature","properties":{"code":"12130535","name":"한려동","parent":"12130"},"geometry":{"type":"MultiPolygon","coordinates":[[[[127.74821,34.74718],[127.74918,34.74649],[127.75099,34.74487],[127.75518,34.74168],[127.7559,34.7414],[127.75921,34.74294],[127.76272,34.74457],[127.76294,34.74468],[127.76303,34.7447],[127.76312,34.74472],[127.76323,34.74474],[127.76331,34.74474],[127.76344,34.74475],[127.76358,34.74475],[127.76366,34.74475],[127.76375,34.74474],[127.76386,34.74471],[127.76591,34.74588],[127.76658,34.74666],[127.76663,34.74667],[127.76674,34.74667],[127.7669,34.74666],[127.76698,34.74665],[127.76714,34.74661],[127.7672,34.74659],[127.76888,34.7458],[127.7689,34.74578],[127.76916,34.74525],[127.76917,34.74521],[127.76921,34.74511],[127.76925,34.74498],[127.76925,34.74494],[127.76924,34.7449],[127.76871,34.74404],[127.76867,34.744],[127.76859,34.74393],[127.76784,34.74343],[127.76781,34.74341],[127.76777,34.7434],[127.76572,34.74294],[127.76565,34.74293],[127.76556,34.74292],[127.76549,34.74292],[127.7654,34.74293],[127.76531,34.74294],[127.76488,34.74306],[127.76368,34.74342],[127.76364,34.74345],[127.76311,34.74391],[127.76307,34.74395],[127.76303,34.744],[127.76296,34.74409],[127.76293,34.74416],[127.76293,34.74419],[127.76264,34.74423],[127.7619,34.7439],[127.7597,34.74286],[127.7579,34.74199],[127.75617,34.74114],[127.75608,34.74109],[127.75605,34.74108],[127.75555,34.7402],[127.75546,34.73991],[127.75549,34.73986],[127.75551,34.73983],[127.75483,34.73851],[127.75405,34.73805],[127.75288,34.73849],[127.75272,34.73857],[127.74628,34.74272],[127.7461,34.74323],[127.746,34.74354],[127.7458,34.74393],[127.74553,34.74398],[127.74291,34.74431],[127.74175,34.74442],[127.74166,34.74446],[127.74151,34.74454],[127.74014,34.74534],[127.73988,34.74559],[127.7399,34.74627],[127.73964,34.74867],[127.73959,34.74911],[127.74009,34.7506],[127.74708,34.74774],[127.74821,34.74718]]]]}},{"type":"Feature","properties":{"code":"12130570","name":"중앙동","parent":"12130"},"geometry":{"type":"MultiPolygon","coordinates":[[[[127.73675,34.74124],[127.73734,34.7414],[127.73753,34.74143],[127.73761,34.74143],[127.73772,34.74142],[127.74103,34.74115],[127.74178,34.74102],[127.74404,34.74037],[127.74431,34.74029],[127.74448,34.74023],[127.74396,34.73911],[127.74234,34.737],[127.74309,34.7353],[127.73868,34.73402],[127.73804,34.73383],[127.73678,34.73227],[127.73407,34.73229],[127.73433,34.73767],[127.73396,34.73769],[127.73228,34.73775],[127.73131,34.73779],[127.73077,34.73781],[127.73006,34.7386],[127.72948,34.73925],[127.72941,34.73948],[127.72928,34.7399],[127.72913,34.74043],[127.73228,34.74025],[127.73294,34.74235],[127.73675,34.74124]]]]}},{"type":"Feature","properties":{"code":"12130600","name":"충무동","parent":"12130"},"geometry":{"type":"MultiPolygon","coordinates":[[[[127.73003,34.75797],[127.73031,34.75782],[127.73122,34.757],[127.73145,34.75679],[127.73152,34.75668],[127.73143,34.75634],[127.73126,34.75597],[127.73116,34.75587],[127.73488,34.74885],[127.73566,34.74905],[127.73513,34.74776],[127.73512,34.74772],[127.73509,34.7476],[127.73507,34.74752],[127.73506,34.74739],[127.73502,34.74657],[127.73501,34.7465],[127.735,34.74618],[127.73499,34.74586],[127.73565,34.74475],[127.73649,34.74336],[127.7372,34.74346],[127.73771,34.74355],[127.73775,34.74237],[127.73776,34.74215],[127.73704,34.7415],[127.73675,34.74124],[127.73294,34.74235],[127.73228,34.74025],[127.72913,34.74043],[127.72951,34.74292],[127.7287,34.74675],[127.72841,34.74708],[127.72812,34.74742],[127.72752,34.74816],[127.72718,34.7486],[127.72682,34.74908],[127.72674,34.74922],[127.72663,34.74961],[127.72659,34.74994],[127.72659,34.75012],[127.72664,34.7503],[127.72671,34.75049],[127.7268,34.75065],[127.72688,34.75078],[127.72704,34.75102],[127.72707,34.75105],[127.7272,34.75119],[127.7273,34.75128],[127.72767,34.75157],[127.72762,34.75244],[127.72761,34.75255],[127.72758,34.75284],[127.72756,34.75294],[127.72744,34.75334],[127.72742,34.7534],[127.72733,34.7536],[127.72714,34.75385],[127.7269,34.75413],[127.72656,34.75443],[127.72619,34.75469],[127.72614,34.75473],[127.72554,34.75502],[127.72508,34.75518],[127.72485,34.75523],[127.72475,34.75525],[127.72398,34.75541],[127.72344,34.75552],[127.72278,34.75556],[127.72253,34.75557],[127.72197,34.75691],[127.72327,34.76016],[127.72745,34.7597],[127.72814,34.75937],[127.73003,34.75797]]]]}},{"type":"Feature","properties":{"code":"12130625","name":"광림동","parent":"12130"},"geometry":{"type":"MultiPolygon","coordinates":[[[[127.73003,34.75797],[127.72814,34.75937],[127.72745,34.7597],[127.72327,34.76016],[127.72197,34.75691],[127.72253,34.75557],[127.72278,34.75556],[127.72344,34.75552],[127.72398,34.75541],[127.72475,34.75525],[127.72485,34.75523],[127.72508,34.75518],[127.72554,34.75502],[127.72614,34.75473],[127.72619,34.75469],[127.72656,34.75443],[127.7269,34.75413],[127.72714,34.75385],[127.72733,34.7536],[127.72742,34.7534],[127.72744,34.75334],[127.72756,34.75294],[127.72758,34.75284],[127.72761,34.75255],[127.72762,34.75244],[127.72767,34.75157],[127.7273,34.75128],[127.7272,34.75119],[127.72707,34.75105],[127.72704,34.75102],[127.72688,34.75078],[127.7268,34.75065],[127.72671,34.75049],[127.72664,34.7503],[127.72659,34.75012],[127.72659,34.74994],[127.72663,34.74961],[127.72674,34.74922],[127.72682,34.74908],[127.72718,34.7486],[127.72752,34.74816],[127.72812,34.74742],[127.72841,34.74708],[127.7287,34.74675],[127.72861,34.74603],[127.72853,34.7455],[127.7284,34.7446],[127.72829,34.74389],[127.72803,34.7423],[127.72335,34.74228],[127.72237,34.74256],[127.71811,34.74449],[127.71462,34.74529],[127.71443,34.74567],[127.71448,34.74586],[127.71464,34.746],[127.71502,34.7463],[127.71785,34.74853],[127.71818,34.74879],[127.71632,34.75452],[127.71402,34.75605],[127.71381,34.75601],[127.71292,34.75583],[127.71298,34.75636],[127.71266,34.75736],[127.71097,34.75879],[127.70829,34.76134],[127.70775,34.7619],[127.70848,34.76281],[127.7105,34.76414],[127.71156,34.76447],[127.71289,34.76487],[127.71376,34.76562],[127.71566,34.76864],[127.72093,34.76655],[127.7225,34.76615],[127.72363,34.76558],[127.72411,34.76528],[127.72453,34.76515],[127.72791,34.76492],[127.72948,34.76499],[127.73118,34.76485],[127.73122,34.76482],[127.73224,34.76423],[127.73285,34.76327],[127.73291,34.76314],[127.73221,34.76095],[127.73156,34.75926],[127.73003,34.75797]]]]}},{"type":"Feature","properties":{"code":"12130635","name":"서강동","parent":"12130"},"geometry":{"type":"MultiPolygon","coordinates":[[[[127.72913,34.74043],[127.72928,34.7399],[127.72795,34.73974],[127.72637,34.73891],[127.72607,34.7387],[127.72466,34.73799],[127.72432,34.73782],[127.72401,34.73768],[127.72096,34.73855],[127.72049,34.73871],[127.72003,34.73887],[127.71971,34.73905],[127.71862,34.73983],[127.71811,34.74028],[127.71704,34.74081],[127.7163,34.74117],[127.71502,34.74176],[127.71478,34.74186],[127.71426,34.74206],[127.71252,34.74241],[127.71443,34.74567],[127.71462,34.74529],[127.71811,34.74449],[127.72237,34.74256],[127.72335,34.74228],[127.72803,34.7423],[127.72829,34.74389],[127.7284,34.7446],[127.72853,34.7455],[127.72861,34.74603],[127.7287,34.74675],[127.72951,34.74292],[127.72913,34.74043]]]]}},{"type":"Feature","properties":{"code":"12130655","name":"대교동","parent":"12130"},"geometry":{"type":"MultiPolygon","coordinates":[[[[127.72928,34.7399],[127.72941,34.73948],[127.72948,34.73925],[127.73006,34.7386],[127.73077,34.73781],[127.73131,34.73779],[127.73228,34.73775],[127.73396,34.73769],[127.73433,34.73767],[127.73407,34.73229],[127.73308,34.72913],[127.73106,34.72846],[127.72385,34.72774],[127.72334,34.72816],[127.72288,34.72859],[127.72302,34.73079],[127.72,34.73225],[127.71988,34.73231],[127.71927,34.73262],[127.71876,34.73288],[127.71895,34.73564],[127.71511,34.73789],[127.71412,34.73784],[127.71367,34.73789],[127.71089,34.73821],[127.71035,34.73836],[127.71008,34.73848],[127.7099,34.73865],[127.70982,34.73932],[127.70985,34.73991],[127.71252,34.74241],[127.71426,34.74206],[127.71478,34.74186],[127.71502,34.74176],[127.7163,34.74117],[127.71704,34.74081],[127.71811,34.74028],[127.71862,34.73983],[127.71971,34.73905],[127.72003,34.73887],[127.72049,34.73871],[127.72096,34.73855],[127.72401,34.73768],[127.72432,34.73782],[127.72466,34.73799],[127.72607,34.7387],[127.72637,34.73891],[127.72795,34.73974],[127.72928,34.7399]]]]}},{"type":"Feature","properties":{"code":"12130670","name":"국동","parent":"12130"},"geometry":{"type":"MultiPolygon","coordinates":[[[[127.73407,34.73229],[127.73678,34.73227],[127.7357,34.72988],[127.73438,34.72433],[127.73558,34.72245],[127.72584,34.72608],[127.72475,34.72633],[127.72342,34.72604],[127.72149,34.72562],[127.7213,34.72558],[127.71968,34.72514],[127.71848,34.72481],[127.71781,34.72462],[127.71339,34.72337],[127.71257,34.72397],[127.71239,34.72461],[127.71229,34.72472],[127.71193,34.72562],[127.71216,34.72577],[127.71231,34.72585],[127.71288,34.72612],[127.71343,34.72631],[127.71455,34.72677],[127.7146,34.72686],[127.71471,34.72709],[127.71441,34.72774],[127.71398,34.72808],[127.71302,34.72868],[127.71232,34.72877],[127.71204,34.72874],[127.70973,34.72906],[127.70633,34.73156],[127.70682,34.73513],[127.70773,34.73744],[127.70829,34.73869],[127.70843,34.7388],[127.70985,34.73991],[127.70982,34.73932],[127.7099,34.73865],[127.71008,34.73848],[127.71035,34.73836],[127.71089,34.73821],[127.71367,34.73789],[127.71412,34.73784],[127.71511,34.73789],[127.71895,34.73564],[127.71876,34.73288],[127.71927,34.73262],[127.71988,34.73231],[127.72,34.73225],[127.72302,34.73079],[127.72288,34.72859],[127.72334,34.72816],[127.72385,34.72774],[127.73106,34.72846],[127.73308,34.72913],[127.73407,34.73229]]]]}},{"type":"Feature","properties":{"code":"12130685","name":"월호동","parent":"12130"},"geometry":{"type":"MultiPolygon","coordinates":[[[[127.74364,34.67663],[127.74301,34.67642],[127.74297,34.67643],[127.74293,34.67646],[127.74289,34.67648],[127.74272,34.67661],[127.74266,34.67667],[127.74263,34.6767],[127.74038,34.67942],[127.73993,34.68067],[127.73993,34.68077],[127.73996,34.68114],[127.74,34.68129],[127.74006,34.68143],[127.74062,34.68213],[127.74072,34.68219],[127.74138,34.68249],[127.74144,34.68251],[127.74161,34.68251],[127.74181,34.68245],[127.74203,34.68239],[127.74215,34.68228],[127.74226,34.68213],[127.74396,34.67846],[127.74414,34.67784],[127.74425,34.67748],[127.74425,34.6774],[127.74421,34.67707],[127.7442,34.67703],[127.74419,34.67699],[127.74417,34.67697],[127.74416,34.67694],[127.74413,34.67692],[127.74371,34.67666],[127.74368,34.67665],[127.74364,34.67663]]],[[[127.70364,34.71003],[127.70592,34.70953],[127.70696,34.7099],[127.70711,34.70994],[127.70928,34.70909],[127.70931,34.70904],[127.71,34.70789],[127.71017,34.70755],[127.71167,34.70403],[127.71217,34.70246],[127.71217,34.70239],[127.71213,34.70231],[127.71203,34.70213],[127.71191,34.70207],[127.71176,34.70205],[127.71149,34.70207],[127.7111,34.70215],[127.71071,34.70228],[127.70711,34.70442],[127.70098,34.70845],[127.70091,34.7085],[127.70081,34.70865],[127.7007,34.70881],[127.70065,34.70891],[127.70006,34.71029],[127.70004,34.71036],[127.70003,34.71042],[127.70003,34.71072],[127.70004,34.71075],[127.70041,34.71122],[127.70044,34.71125],[127.70049,34.71127],[127.70085,34.71143],[127.70091,34.71146],[127.70099,34.71147],[127.70105,34.71147],[127.70111,34.71146],[127.7017,34.71135],[127.70178,34.71133],[127.70185,34.71131],[127.7019,34.71128],[127.70261,34.71087],[127.70364,34.71003]]],[[[127.71177,34.71198],[127.71156,34.71198],[127.71145,34.71199],[127.71138,34.71202],[127.71132,34.71207],[127.70953,34.71436],[127.70949,34.71441],[127.70948,34.71445],[127.70924,34.71521],[127.70923,34.71527],[127.70923,34.71533],[127.70923,34.71538],[127.7093,34.71609],[127.70931,34.71615],[127.70941,34.71651],[127.70943,34.71657],[127.70947,34.71663],[127.70952,34.71667],[127.70957,34.71671],[127.7099,34.71694],[127.70995,34.71697],[127.71,34.71698],[127.71005,34.71698],[127.7101,34.71697],[127.71014,34.71694],[127.71057,34.71645],[127.71181,34.71564],[127.71244,34.71245],[127.71245,34.71238],[127.71244,34.71233],[127.71242,34.71227],[127.71238,34.7122],[127.71234,34.71215],[127.71231,34.71212],[127.71222,34.71208],[127.71211,34.71204],[127.71199,34.712],[127.71188,34.71198],[127.71177,34.71198]]],[[[127.712,34.72132],[127.71235,34.72096],[127.71257,34.72107],[127.71265,34.7211],[127.71271,34.72112],[127.71279,34.72112],[127.71319,34.72106],[127.71339,34.72099],[127.71417,34.72043],[127.71436,34.72028],[127.71453,34.72012],[127.71464,34.72001],[127.71468,34.71995],[127.7147,34.71991],[127.7147,34.71988],[127.71469,34.71985],[127.71465,34.71982],[127.71461,34.7198],[127.71445,34.71976],[127.71437,34.71974],[127.70965,34.71927],[127.70958,34.71927],[127.70918,34.71935],[127.70912,34.71937],[127.70909,34.71941],[127.70883,34.71977],[127.70875,34.7199],[127.70872,34.71999],[127.70871,34.72008],[127.70875,34.72017],[127.70883,34.72028],[127.70899,34.7204],[127.70911,34.72047],[127.71006,34.72097],[127.71018,34.72102],[127.71032,34.72107],[127.71161,34.72146],[127.7117,34.72147],[127.71178,34.72145],[127.71189,34.7214],[127.71194,34.72137],[127.712,34.72132]]],[[[127.72353,34.71813],[127.72375,34.71801],[127.72382,34.71799],[127.72388,34.71798],[127.72736,34.71772],[127.72794,34.71802],[127.72798,34.71804],[127.72801,34.71806],[127.7286,34.71847],[127.73009,34.71908],[127.73019,34.71912],[127.73027,34.71914],[127.73035,34.71916],[127.73044,34.71917],[127.73055,34.71917],[127.73066,34.71916],[127.73075,34.71915],[127.73081,34.71914],[127.73089,34.71911],[127.73098,34.71908],[127.73106,34.71904],[127.73154,34.71871],[127.73159,34.71868],[127.73163,34.71864],[127.73166,34.71858],[127.73185,34.71759],[127.73226,34.7153],[127.73227,34.71525],[127.73226,34.7152],[127.73225,34.71515],[127.7322,34.7151],[127.73214,34.71506],[127.73203,34.71501],[127.73199,34.71499],[127.73047,34.7145],[127.7304,34.71449],[127.73035,34.71448],[127.73027,34.71449],[127.73019,34.71451],[127.73013,34.71455],[127.73007,34.71459],[127.73003,34.71462],[127.73,34.71467],[127.72998,34.71474],[127.72987,34.71508],[127.72915,34.71589],[127.7291,34.71591],[127.72906,34.71591],[127.7289,34.71592],[127.72872,34.71592],[127.72863,34.71592],[127.72858,34.71591],[127.72851,34.7159],[127.72837,34.71586],[127.72829,34.71583],[127.72822,34.7158],[127.72815,34.71576],[127.72809,34.71573],[127.72804,34.71569],[127.72799,34.71563],[127.72796,34.7156],[127.72578,34.71254],[127.72556,34.71211],[127.72555,34.71208],[127.72555,34.71205],[127.72556,34.712],[127.72557,34.71192],[127.72558,34.71184],[127.72559,34.71181],[127.72572,34.71142],[127.72575,34.71134],[127.72578,34.71129],[127.72852,34.70984],[127.72961,34.70995],[127.73355,34.70865],[127.7335,34.70862],[127.73301,34.70822],[127.73299,34.7082],[127.73296,34.70817],[127.73294,34.7081],[127.73293,34.70807],[127.73294,34.70799],[127.73295,34.70786],[127.73296,34.70783],[127.733,34.70776],[127.73306,34.70768],[127.73309,34.70765],[127.73384,34.70719],[127.73394,34.70715],[127.73461,34.70706],[127.73933,34.70721],[127.73949,34.70734],[127.7398,34.7073],[127.73987,34.70728],[127.74159,34.70609],[127.74164,34.70605],[127.74251,34.70505],[127.74258,34.70497],[127.74263,34.70488],[127.74265,34.7048],[127.74267,34.70472],[127.74267,34.70462],[127.74266,34.70457],[127.74263,34.70451],[127.74192,34.70265],[127.74147,34.70249],[127.74146,34.70253],[127.74144,34.70256],[127.74141,34.70259],[127.73982,34.70295],[127.73977,34.70296],[127.73973,34.70297],[127.73945,34.70299],[127.7394,34.703],[127.73934,34.703],[127.73928,34.70301],[127.7387,34.703],[127.73796,34.703],[127.73743,34.70267],[127.73726,34.70256],[127.73722,34.70253],[127.73711,34.70244],[127.73704,34.70237],[127.73702,34.70233],[127.73668,34.70119],[127.73663,34.70089],[127.73661,34.7006],[127.73661,34.70056],[127.73661,34.70052],[127.73662,34.69997],[127.73669,34.69945],[127.73671,34.69924],[127.73488,34.69899],[127.73483,34.69899],[127.73479,34.69899],[127.73474,34.69899],[127.73451,34.69903],[127.73434,34.69907],[127.7337,34.69924],[127.73305,34.69942],[127.73197,34.69973],[127.73189,34.69975],[127.73181,34.69979],[127.72884,34.70109],[127.72878,34.70112],[127.72875,34.70114],[127.72872,34.70117],[127.72869,34.7012],[127.72867,34.70125],[127.72865,34.70131],[127.72863,34.70136],[127.72862,34.70141],[127.7286,34.70144],[127.72857,34.70148],[127.7285,34.70156],[127.72845,34.7016],[127.72782,34.70215],[127.7278,34.70217],[127.72776,34.70219],[127.72768,34.70222],[127.72566,34.70311],[127.72529,34.70327],[127.72439,34.70347],[127.72427,34.70349],[127.72416,34.70351],[127.72408,34.70353],[127.72362,34.70357],[127.72341,34.70359],[127.72325,34.7036],[127.72311,34.70362],[127.72302,34.70364],[127.72226,34.70383],[127.72218,34.70386],[127.72124,34.70429],[127.72088,34.70447],[127.72071,34.70457],[127.72051,34.70471],[127.7204,34.7048],[127.72022,34.70498],[127.71994,34.7053],[127.71987,34.70539],[127.71983,34.70548],[127.71981,34.70556],[127.71971,34.7062],[127.71976,34.7067],[127.71978,34.70678],[127.71982,34.70685],[127.72062,34.7079],[127.72067,34.70795],[127.71682,34.71304],[127.7168,34.7131],[127.7168,34.71316],[127.71681,34.7132],[127.71685,34.71327],[127.71692,34.71332],[127.71701,34.71334],[127.71788,34.71348],[127.71837,34.71353],[127.71912,34.71376],[127.71923,34.71381],[127.71935,34.71387],[127.72132,34.71504],[127.72146,34.71595],[127.72079,34.71758],[127.72064,34.71781],[127.72056,34.71789],[127.72048,34.71796],[127.72038,34.718],[127.72028,34.71803],[127.72024,34.71804],[127.7202,34.71804],[127.72011,34.71802],[127.72,34.718],[127.71988,34.71798],[127.71977,34.71798],[127.71964,34.718],[127.71952,34.71803],[127.719,34.71818],[127.71894,34.71821],[127.71856,34.71846],[127.71849,34.71852],[127.71845,34.71858],[127.71844,34.71866],[127.71844,34.7187],[127.71859,34.7192],[127.71863,34.71929],[127.71867,34.71934],[127.72058,34.72127],[127.72139,34.72187],[127.72171,34.72197],[127.72211,34.72206],[127.72225,34.72208],[127.72462,34.7224],[127.72471,34.72242],[127.72481,34.72239],[127.7249,34.72236],[127.72497,34.72233],[127.72503,34.7223],[127.7251,34.72226],[127.72546,34.72199],[127.72549,34.72193],[127.72546,34.72187],[127.72588,34.72174],[127.72602,34.72166],[127.72612,34.72159],[127.72618,34.72154],[127.72623,34.72149],[127.72625,34.72144],[127.72626,34.72139],[127.72639,34.71993],[127.72616,34.71977],[127.72506,34.71958],[127.72394,34.71927],[127.72331,34.71907],[127.72325,34.71903],[127.72324,34.71898],[127.72324,34.71893],[127.72353,34.71813]]],[[[127.71239,34.72461],[127.71199,34.72439],[127.71043,34.72386],[127.70946,34.72388],[127.70547,34.72177],[127.70496,34.72149],[127.70467,34.72108],[127.70462,34.72098],[127.70449,34.72057],[127.70406,34.72035],[127.70291,34.72039],[127.69827,34.721],[127.6982,34.7212],[127.69825,34.72139],[127.69879,34.72192],[127.69908,34.72214],[127.69928,34.72225],[127.6994,34.72233],[127.69981,34.72243],[127.70008,34.72272],[127.7001,34.72339],[127.70007,34.72373],[127.69971,34.72409],[127.69939,34.7244],[127.69581,34.72741],[127.69292,34.7287],[127.69074,34.72988],[127.68855,34.73138],[127.68751,34.73202],[127.68438,34.73397],[127.68347,34.73319],[127.68257,34.7324],[127.68245,34.73239],[127.68225,34.73249],[127.68062,34.73377],[127.68302,34.73656],[127.69013,34.74163],[127.69037,34.74176],[127.69053,34.74184],[127.6909,34.74197],[127.69123,34.74209],[127.69141,34.74214],[127.69147,34.74216],[127.69153,34.74218],[127.69201,34.74227],[127.69225,34.7423],[127.69263,34.74233],[127.69294,34.74236],[127.694,34.74243],[127.69417,34.74237],[127.69767,34.74104],[127.69838,34.74044],[127.69884,34.73999],[127.69925,34.73959],[127.70173,34.7392],[127.70386,34.73917],[127.70482,34.73902],[127.70843,34.7388],[127.70829,34.73869],[127.70773,34.73744],[127.70682,34.73513],[127.70633,34.73156],[127.70973,34.72906],[127.71204,34.72874],[127.71232,34.72877],[127.71302,34.72868],[127.71398,34.72808],[127.71441,34.72774],[127.71471,34.72709],[127.7146,34.72686],[127.71455,34.72677],[127.71343,34.72631],[127.71288,34.72612],[127.71231,34.72585],[127.71216,34.72577],[127.71193,34.72562],[127.71229,34.72472],[127.71239,34.72461]]]]}},{"type":"Feature","properties":{"code":"12130700","name":"여서동","parent":"12130"},"geometry":{"type":"MultiPolygon","coordinates":[[[[127.71292,34.75583],[127.71381,34.75601],[127.71402,34.75605],[127.71632,34.75452],[127.71818,34.74879],[127.71785,34.74853],[127.71502,34.7463],[127.71464,34.746],[127.71448,34.74586],[127.71443,34.74567],[127.71252,34.74241],[127.70985,34.73991],[127.70843,34.7388],[127.70482,34.73902],[127.70386,34.73917],[127.70173,34.7392],[127.69925,34.73959],[127.69884,34.73999],[127.69838,34.74044],[127.69767,34.74104],[127.69417,34.74237],[127.694,34.74243],[127.69522,34.74486],[127.69573,34.74649],[127.69886,34.74874],[127.69985,34.74928],[127.70024,34.75008],[127.70027,34.75015],[127.70082,34.75104],[127.7009,34.75117],[127.70134,34.75168],[127.70146,34.75178],[127.70185,34.75211],[127.70229,34.7524],[127.70238,34.75246],[127.70302,34.75283],[127.70416,34.75345],[127.70477,34.75377],[127.70518,34.75398],[127.70645,34.75469],[127.70791,34.75568],[127.70812,34.75591],[127.70853,34.75681],[127.7087,34.75695],[127.70879,34.75702],[127.71022,34.75588],[127.71059,34.75542],[127.71292,34.75583]]]]}},{"type":"Feature","properties":{"code":"12130710","name":"문수동","parent":"12130"},"geometry":{"type":"MultiPolygon","coordinates":[[[[127.70056,34.76233],[127.70183,34.76211],[127.70315,34.76164],[127.70447,34.76118],[127.70537,34.76086],[127.70576,34.76072],[127.70775,34.7619],[127.70829,34.76134],[127.71097,34.75879],[127.71266,34.75736],[127.71298,34.75636],[127.71292,34.75583],[127.71059,34.75542],[127.71022,34.75588],[127.70879,34.75702],[127.7087,34.75695],[127.70853,34.75681],[127.70812,34.75591],[127.70791,34.75568],[127.70645,34.75469],[127.70518,34.75398],[127.70477,34.75377],[127.70416,34.75345],[127.70302,34.75283],[127.70238,34.75246],[127.70229,34.7524],[127.70185,34.75211],[127.70146,34.75178],[127.70134,34.75168],[127.7009,34.75117],[127.70082,34.75104],[127.70027,34.75015],[127.70024,34.75008],[127.69985,34.74928],[127.69886,34.74874],[127.69573,34.74649],[127.69522,34.74486],[127.694,34.74243],[127.69346,34.74373],[127.69301,34.74501],[127.69286,34.74574],[127.69257,34.74812],[127.69261,34.75085],[127.69189,34.75249],[127.69182,34.75254],[127.69121,34.75252],[127.69034,34.75288],[127.69015,34.75297],[127.68871,34.75526],[127.69205,34.76067],[127.6939,34.76148],[127.69424,34.76138],[127.69471,34.76124],[127.6952,34.7611],[127.69742,34.76184],[127.69907,34.7624],[127.70005,34.76242],[127.70028,34.76238],[127.70056,34.76233]]]]}},{"type":"Feature","properties":{"code":"12130730","name":"미평동","parent":"12130"},"geometry":{"type":"MultiPolygon","coordinates":[[[[127.72146,34.78659],[127.71859,34.78449],[127.71846,34.78436],[127.72026,34.78314],[127.7207,34.7829],[127.72058,34.78204],[127.72031,34.78155],[127.71939,34.78072],[127.71748,34.77936],[127.71691,34.77903],[127.71686,34.77814],[127.71652,34.7761],[127.71623,34.77514],[127.71542,34.77351],[127.71484,34.7725],[127.71566,34.76864],[127.71376,34.76562],[127.71289,34.76487],[127.71156,34.76447],[127.7105,34.76414],[127.70848,34.76281],[127.70775,34.7619],[127.70576,34.76072],[127.70537,34.76086],[127.70447,34.76118],[127.70315,34.76164],[127.70183,34.76211],[127.70056,34.76233],[127.70232,34.76391],[127.70297,34.76478],[127.70214,34.76886],[127.70203,34.76904],[127.70011,34.77026],[127.69987,34.77032],[127.69965,34.77037],[127.69956,34.77039],[127.69896,34.77046],[127.69888,34.77051],[127.69883,34.77055],[127.69881,34.7706],[127.69875,34.77138],[127.69876,34.77147],[127.69881,34.77157],[127.70182,34.77582],[127.70333,34.77768],[127.70388,34.77803],[127.71081,34.78242],[127.71167,34.78324],[127.71278,34.78437],[127.71433,34.78624],[127.71581,34.78715],[127.71724,34.7871],[127.71852,34.78705],[127.72146,34.78659]]]]}},{"type":"Feature","properties":{"code":"12130740","name":"둔덕동","parent":"12130"},"geometry":{"type":"MultiPolygon","coordinates":[[[[127.71433,34.78624],[127.71278,34.78437],[127.71167,34.78324],[127.71081,34.78242],[127.70388,34.77803],[127.70333,34.77768],[127.70182,34.77582],[127.69881,34.77157],[127.69876,34.77147],[127.69875,34.77138],[127.69881,34.7706],[127.69883,34.77055],[127.69888,34.77051],[127.69896,34.77046],[127.69956,34.77039],[127.69965,34.77037],[127.69987,34.77032],[127.70011,34.77026],[127.70203,34.76904],[127.70214,34.76886],[127.70297,34.76478],[127.70232,34.76391],[127.70056,34.76233],[127.70028,34.76238],[127.70005,34.76242],[127.69907,34.7624],[127.69742,34.76184],[127.6952,34.7611],[127.69471,34.76124],[127.69424,34.76138],[127.6939,34.76148],[127.69361,34.76155],[127.69167,34.76257],[127.69143,34.76282],[127.69118,34.76318],[127.69086,34.76366],[127.69027,34.76436],[127.68892,34.76554],[127.68835,34.76644],[127.68833,34.76843],[127.68573,34.77186],[127.68778,34.77368],[127.69059,34.77505],[127.69136,34.77598],[127.69087,34.77685],[127.69072,34.77765],[127.69175,34.77919],[127.69375,34.78148],[127.69604,34.78431],[127.69626,34.78478],[127.69687,34.78614],[127.69662,34.78819],[127.69689,34.79163],[127.69878,34.79294],[127.70085,34.79377],[127.7009,34.79378],[127.70099,34.79378],[127.70105,34.79377],[127.70117,34.79375],[127.70374,34.79303],[127.70408,34.79292],[127.70468,34.79266],[127.70529,34.79221],[127.70612,34.791],[127.70623,34.79005],[127.70641,34.78959],[127.70696,34.78896],[127.70728,34.78863],[127.70794,34.78815],[127.70815,34.788],[127.70897,34.7873],[127.71345,34.7864],[127.71433,34.78624]]]]}},{"type":"Feature","properties":{"code":"12130765","name":"만덕동","parent":"12130"},"geometry":{"type":"MultiPolygon","coordinates":[[[[127.76931,34.80496],[127.76943,34.80477],[127.76964,34.80447],[127.76978,34.80386],[127.76835,34.80025],[127.76676,34.79963],[127.76574,34.79964],[127.76565,34.79964],[127.76515,34.80089],[127.76512,34.80097],[127.76341,34.80132],[127.75928,34.80022],[127.75699,34.79766],[127.75692,34.79746],[127.75675,34.79696],[127.75679,34.79644],[127.75703,34.79622],[127.75828,34.79547],[127.75696,34.79369],[127.75619,34.79185],[127.75642,34.78943],[127.7569,34.78691],[127.75479,34.78482],[127.75136,34.78189],[127.74913,34.78059],[127.74811,34.78077],[127.74739,34.78066],[127.74674,34.78003],[127.74536,34.77809],[127.74519,34.77719],[127.7452,34.77645],[127.74524,34.77616],[127.74547,34.7753],[127.74708,34.77307],[127.74837,34.77194],[127.7487,34.77167],[127.7496,34.77092],[127.74986,34.77069],[127.75014,34.77035],[127.75017,34.7703],[127.7506,34.76975],[127.75067,34.76964],[127.75436,34.76358],[127.75434,34.76312],[127.75411,34.7624],[127.75394,34.76208],[127.75366,34.76185],[127.75247,34.75746],[127.75178,34.75466],[127.75312,34.75461],[127.75696,34.75224],[127.75621,34.75153],[127.75276,34.75358],[127.75059,34.75177],[127.74949,34.75061],[127.75084,34.74993],[127.75189,34.74662],[127.74917,34.74682],[127.74821,34.74718],[127.74708,34.74774],[127.74009,34.7506],[127.73959,34.74911],[127.73566,34.74905],[127.73488,34.74885],[127.73116,34.75587],[127.73126,34.75597],[127.73143,34.75634],[127.73152,34.75668],[127.73145,34.75679],[127.73122,34.757],[127.73031,34.75782],[127.73003,34.75797],[127.73156,34.75926],[127.73221,34.76095],[127.73291,34.76314],[127.73285,34.76327],[127.73224,34.76423],[127.73122,34.76482],[127.73118,34.76485],[127.72948,34.76499],[127.72791,34.76492],[127.72453,34.76515],[127.72411,34.76528],[127.72363,34.76558],[127.7225,34.76615],[127.72093,34.76655],[127.71566,34.76864],[127.71484,34.7725],[127.71542,34.77351],[127.71623,34.77514],[127.71652,34.7761],[127.71686,34.77814],[127.71691,34.77903],[127.71748,34.77936],[127.71939,34.78072],[127.72031,34.78155],[127.72058,34.78204],[127.7207,34.7829],[127.72026,34.78314],[127.71846,34.78436],[127.71859,34.78449],[127.72146,34.78659],[127.72181,34.78676],[127.72201,34.78705],[127.72198,34.78737],[127.72134,34.78961],[127.72128,34.7905],[127.72215,34.79378],[127.72522,34.79908],[127.72616,34.80051],[127.72878,34.80191],[127.73103,34.80253],[127.73228,34.80269],[127.73315,34.80268],[127.7342,34.80268],[127.7347,34.80259],[127.73518,34.80228],[127.73562,34.8021],[127.73727,34.80219],[127.7398,34.80248],[127.74414,34.80349],[127.74468,34.8044],[127.74576,34.80564],[127.74675,34.8064],[127.75136,34.80464],[127.75283,34.80433],[127.7557,34.80449],[127.75615,34.80474],[127.75665,34.80496],[127.75709,34.80505],[127.75725,34.80508],[127.75941,34.80525],[127.75986,34.80489],[127.76031,34.80452],[127.76127,34.80398],[127.76293,34.80366],[127.76635,34.80356],[127.76785,34.80446],[127.76871,34.80485],[127.76931,34.80496]]]]}},{"type":"Feature","properties":{"code":"12130780","name":"쌍봉동","parent":"12130"},"geometry":{"type":"MultiPolygon","coordinates":[[[[127.68835,34.76644],[127.68513,34.765],[127.6827,34.76519],[127.68099,34.76552],[127.6798,34.76577],[127.6788,34.76583],[127.67725,34.76583],[127.67028,34.76539],[127.67027,34.76536],[127.67006,34.7649],[127.66988,34.7645],[127.6697,34.76409],[127.66925,34.76309],[127.66762,34.75929],[127.66761,34.75926],[127.66742,34.75879],[127.66723,34.75833],[127.66704,34.75786],[127.66697,34.75769],[127.66665,34.75701],[127.66657,34.75685],[127.66589,34.75653],[127.66432,34.75599],[127.66302,34.75666],[127.66294,34.75672],[127.6629,34.75672],[127.66287,34.75672],[127.66283,34.75672],[127.66274,34.75671],[127.66269,34.7567],[127.66265,34.7567],[127.66261,34.75669],[127.66257,34.75668],[127.65765,34.75545],[127.65732,34.75499],[127.65623,34.75102],[127.65747,34.74918],[127.65847,34.7472],[127.65859,34.74672],[127.65857,34.74631],[127.65851,34.74615],[127.65745,34.74535],[127.65708,34.7454],[127.6573,34.74605],[127.65711,34.74613],[127.65693,34.74616],[127.65623,34.74611],[127.65532,34.74593],[127.65301,34.74462],[127.65281,34.74449],[127.6524,34.74398],[127.65168,34.743],[127.65055,34.74036],[127.6504,34.73994],[127.6504,34.73964],[127.6504,34.73961],[127.65074,34.73916],[127.651,34.73906],[127.65136,34.73899],[127.65119,34.73756],[127.65111,34.73721],[127.64838,34.73392],[127.64817,34.73369],[127.64792,34.73346],[127.64611,34.73187],[127.64139,34.72707],[127.64126,34.72682],[127.64044,34.72378],[127.64038,34.72274],[127.64035,34.72184],[127.63791,34.72353],[127.63686,34.72439],[127.63571,34.726],[127.63317,34.7318],[127.63323,34.73206],[127.63334,34.73256],[127.63412,34.73281],[127.63552,34.7335],[127.63673,34.73499],[127.63571,34.73745],[127.6352,34.73849],[127.63395,34.74337],[127.63388,34.74372],[127.63398,34.74376],[127.63893,34.74484],[127.63992,34.74483],[127.64028,34.74477],[127.64032,34.74476],[127.64113,34.74493],[127.64208,34.74524],[127.64228,34.74544],[127.64283,34.74611],[127.64406,34.74781],[127.64525,34.75004],[127.64544,34.75057],[127.64549,34.75108],[127.64548,34.75129],[127.64516,34.75196],[127.64438,34.75299],[127.64405,34.75331],[127.64335,34.75345],[127.64289,34.75404],[127.64205,34.75547],[127.64164,34.75707],[127.64147,34.75784],[127.64151,34.75818],[127.64173,34.75855],[127.64379,34.76088],[127.64819,34.76093],[127.65255,34.76095],[127.65274,34.76096],[127.65321,34.76096],[127.65472,34.76097],[127.65595,34.76098],[127.65608,34.76511],[127.65608,34.76666],[127.6571,34.7682],[127.66072,34.76818],[127.66106,34.76816],[127.66279,34.76804],[127.6634,34.76758],[127.66422,34.76695],[127.66506,34.76658],[127.66619,34.76647],[127.66739,34.7666],[127.66837,34.76678],[127.66916,34.76679],[127.67089,34.7662],[127.67117,34.76607],[127.67211,34.76577],[127.67302,34.76558],[127.67452,34.76583],[127.67946,34.76826],[127.68269,34.76917],[127.68266,34.76971],[127.6825,34.77049],[127.68214,34.77137],[127.68573,34.77186],[127.68833,34.76843],[127.68835,34.76644]]]]}},{"type":"Feature","properties":{"code":"12130790","name":"시전동","parent":"12130"},"geometry":{"type":"MultiPolygon","coordinates":[[[[127.6939,34.76148],[127.69205,34.76067],[127.68871,34.75526],[127.69015,34.75297],[127.69034,34.75288],[127.69121,34.75252],[127.69182,34.75254],[127.69189,34.75249],[127.69261,34.75085],[127.69257,34.74812],[127.69286,34.74574],[127.69301,34.74501],[127.69346,34.74373],[127.694,34.74243],[127.69294,34.74236],[127.69263,34.74233],[127.69225,34.7423],[127.69201,34.74227],[127.69153,34.74218],[127.69147,34.74216],[127.69141,34.74214],[127.69123,34.74209],[127.6909,34.74197],[127.69053,34.74184],[127.69037,34.74176],[127.69013,34.74163],[127.68302,34.73656],[127.68062,34.73377],[127.67979,34.73441],[127.67813,34.73569],[127.67814,34.73585],[127.67923,34.73741],[127.68048,34.73755],[127.68166,34.73861],[127.68176,34.73878],[127.68199,34.7398],[127.68194,34.7402],[127.68181,34.74064],[127.68139,34.74105],[127.68047,34.7416],[127.67997,34.74152],[127.67967,34.7413],[127.67938,34.74112],[127.67884,34.74122],[127.67782,34.74147],[127.6773,34.74177],[127.67677,34.7421],[127.6765,34.74226],[127.67576,34.74315],[127.67572,34.74357],[127.67548,34.74382],[127.67521,34.74394],[127.67397,34.74438],[127.66875,34.74663],[127.66801,34.74724],[127.66643,34.74846],[127.66611,34.74837],[127.66539,34.74702],[127.66536,34.74692],[127.66498,34.74572],[127.66506,34.74566],[127.66512,34.74568],[127.66524,34.74572],[127.66532,34.74574],[127.66538,34.74576],[127.66544,34.74577],[127.66548,34.74577],[127.66553,34.74576],[127.6656,34.74574],[127.66564,34.74571],[127.66568,34.74568],[127.66571,34.74564],[127.66573,34.74561],[127.66578,34.74549],[127.66596,34.74503],[127.66597,34.745],[127.66601,34.74492],[127.66602,34.74488],[127.66604,34.74471],[127.66604,34.74464],[127.6658,34.74258],[127.66579,34.74247],[127.66575,34.74233],[127.66574,34.7423],[127.6657,34.74225],[127.66567,34.74221],[127.66543,34.742],[127.6635,34.74054],[127.66344,34.74051],[127.66338,34.7405],[127.66332,34.74051],[127.66325,34.74052],[127.66314,34.74057],[127.66308,34.74061],[127.66302,34.74068],[127.66292,34.74082],[127.66286,34.74093],[127.66273,34.74125],[127.66271,34.74132],[127.66265,34.7415],[127.66262,34.74169],[127.66264,34.74287],[127.66265,34.74295],[127.66266,34.74299],[127.66292,34.74385],[127.66293,34.74389],[127.66297,34.74397],[127.663,34.74402],[127.66304,34.74407],[127.66311,34.74415],[127.66315,34.74421],[127.66326,34.74434],[127.66365,34.74469],[127.66386,34.74485],[127.66411,34.74508],[127.66427,34.74524],[127.66474,34.74578],[127.66588,34.74809],[127.66589,34.74812],[127.66589,34.74818],[127.66587,34.74835],[127.66573,34.74871],[127.66549,34.74893],[127.66497,34.74915],[127.66449,34.74928],[127.66391,34.74937],[127.66363,34.74965],[127.66242,34.75115],[127.66198,34.75173],[127.6613,34.75405],[127.66131,34.75445],[127.66173,34.75537],[127.66192,34.7554],[127.66214,34.75532],[127.66235,34.75525],[127.66254,34.75528],[127.66285,34.75538],[127.66356,34.75582],[127.66359,34.75589],[127.66369,34.75629],[127.66302,34.75666],[127.66432,34.75599],[127.66589,34.75653],[127.66657,34.75685],[127.66665,34.75701],[127.66697,34.75769],[127.66704,34.75786],[127.66723,34.75833],[127.66742,34.75879],[127.66761,34.75926],[127.66762,34.75929],[127.66925,34.76309],[127.6697,34.76409],[127.66988,34.7645],[127.67006,34.7649],[127.67027,34.76536],[127.67028,34.76539],[127.67725,34.76583],[127.6788,34.76583],[127.6798,34.76577],[127.68099,34.76552],[127.6827,34.76519],[127.68513,34.765],[127.68835,34.76644],[127.68892,34.76554],[127.69027,34.76436],[127.69086,34.76366],[127.69118,34.76318],[127.69143,34.76282],[127.69167,34.76257],[127.69361,34.76155],[127.6939,34.76148]]]]}},{"type":"Feature","properties":{"code":"12130800","name":"여천동","parent":"12130"},"geometry":{"type":"MultiPolygon","coordinates":[[[[127.68214,34.77137],[127.6825,34.77049],[127.68266,34.76971],[127.68269,34.76917],[127.67946,34.76826],[127.67452,34.76583],[127.67302,34.76558],[127.67211,34.76577],[127.67117,34.76607],[127.67089,34.7662],[127.66916,34.76679],[127.66837,34.76678],[127.66739,34.7666],[127.66619,34.76647],[127.66506,34.76658],[127.66422,34.76695],[127.6634,34.76758],[127.66279,34.76804],[127.66106,34.76816],[127.66072,34.76818],[127.6571,34.7682],[127.65608,34.76666],[127.65608,34.76511],[127.65595,34.76098],[127.65472,34.76097],[127.65321,34.76096],[127.65274,34.76096],[127.65255,34.76095],[127.64819,34.76093],[127.64379,34.76088],[127.64397,34.7612],[127.64446,34.76234],[127.64473,34.76339],[127.6446,34.76387],[127.64383,34.76513],[127.64319,34.76605],[127.6395,34.7702],[127.63872,34.77098],[127.63863,34.771],[127.63696,34.77085],[127.63318,34.77167],[127.63289,34.77185],[127.63119,34.77353],[127.63473,34.77541],[127.63498,34.77541],[127.63519,34.7754],[127.63534,34.7754],[127.63593,34.77543],[127.63848,34.77638],[127.63865,34.77661],[127.63849,34.77683],[127.63793,34.77758],[127.63749,34.77843],[127.63736,34.77872],[127.63762,34.77929],[127.64018,34.78337],[127.64257,34.78667],[127.64265,34.78735],[127.64271,34.78823],[127.64252,34.78883],[127.641,34.79068],[127.63968,34.79183],[127.64451,34.79136],[127.64664,34.7903],[127.64663,34.7899],[127.64662,34.78949],[127.64661,34.78897],[127.646,34.78733],[127.64765,34.78471],[127.64772,34.78461],[127.65139,34.78307],[127.65255,34.78281],[127.65266,34.78299],[127.65332,34.78407],[127.65372,34.78426],[127.65977,34.78635],[127.66187,34.78487],[127.66271,34.78431],[127.6645,34.78312],[127.6647,34.78298],[127.66492,34.78291],[127.66583,34.78264],[127.66786,34.78232],[127.67384,34.78139],[127.67424,34.78133],[127.67472,34.78127],[127.67516,34.7812],[127.67631,34.78019],[127.67656,34.77989],[127.67748,34.77846],[127.67755,34.77829],[127.67758,34.77794],[127.67749,34.7778],[127.67728,34.77767],[127.67723,34.77747],[127.67721,34.77677],[127.67742,34.77496],[127.67746,34.77481],[127.67957,34.77236],[127.68214,34.77137]]]]}},{"type":"Feature","properties":{"code":"12130810","name":"주삼동","parent":"12130"},"geometry":{"type":"MultiPolygon","coordinates":[[[[127.69689,34.79163],[127.69662,34.78819],[127.69687,34.78614],[127.69626,34.78478],[127.69604,34.78431],[127.69375,34.78148],[127.69175,34.77919],[127.69072,34.77765],[127.69087,34.77685],[127.69136,34.77598],[127.69059,34.77505],[127.68778,34.77368],[127.68573,34.77186],[127.68214,34.77137],[127.67957,34.77236],[127.67746,34.77481],[127.67742,34.77496],[127.67721,34.77677],[127.67723,34.77747],[127.67728,34.77767],[127.67749,34.7778],[127.67758,34.77794],[127.67755,34.77829],[127.67748,34.77846],[127.67656,34.77989],[127.67631,34.78019],[127.67516,34.7812],[127.67472,34.78127],[127.67424,34.78133],[127.67384,34.78139],[127.66786,34.78232],[127.66583,34.78264],[127.66492,34.78291],[127.6647,34.78298],[127.6645,34.78312],[127.66271,34.78431],[127.66187,34.78487],[127.65977,34.78635],[127.65372,34.78426],[127.65332,34.78407],[127.65266,34.78299],[127.65255,34.78281],[127.65139,34.78307],[127.64772,34.78461],[127.64765,34.78471],[127.646,34.78733],[127.64661,34.78897],[127.64662,34.78949],[127.64663,34.7899],[127.64664,34.7903],[127.64451,34.79136],[127.63968,34.79183],[127.63736,34.79249],[127.63669,34.79268],[127.63633,34.79288],[127.6362,34.7933],[127.63613,34.79406],[127.63625,34.79477],[127.63712,34.79584],[127.63896,34.79726],[127.63926,34.79805],[127.63891,34.79828],[127.63673,34.79863],[127.63628,34.7987],[127.63574,34.7987],[127.63541,34.79875],[127.63406,34.79904],[127.63356,34.79928],[127.63331,34.79941],[127.63056,34.80182],[127.63038,34.80221],[127.63055,34.80374],[127.6313,34.80666],[127.63181,34.80801],[127.63294,34.81018],[127.63339,34.81084],[127.63343,34.81086],[127.63406,34.81112],[127.63516,34.8111],[127.63894,34.81021],[127.64018,34.80842],[127.64094,34.80695],[127.64151,34.80695],[127.64493,34.80671],[127.6475,34.80545],[127.64758,34.80419],[127.64765,34.80294],[127.6476,34.80238],[127.64912,34.80014],[127.64936,34.8002],[127.65407,34.80133],[127.65671,34.80179],[127.6584,34.802],[127.6586,34.80078],[127.65865,34.80046],[127.66581,34.79807],[127.66759,34.79809],[127.67237,34.79976],[127.67712,34.79835],[127.67864,34.79696],[127.68128,34.79529],[127.68403,34.79469],[127.68641,34.7947],[127.6871,34.7949],[127.6884,34.79527],[127.68921,34.79488],[127.68945,34.79476],[127.69002,34.79449],[127.69363,34.79241],[127.69689,34.79163]]]]}},{"type":"Feature","properties":{"code":"12130820","name":"삼일동","parent":"12130"},"geometry":{"type":"MultiPolygon","coordinates":[[[[127.64764,34.84122],[127.6475,34.84115],[127.64496,34.84115],[127.64474,34.84117],[127.64453,34.84149],[127.64444,34.84166],[127.64365,34.84324],[127.6436,34.84335],[127.64359,34.84348],[127.64388,34.84456],[127.64407,34.84465],[127.64424,34.84483],[127.64444,34.84489],[127.6445,34.84489],[127.64456,34.84488],[127.64567,34.84442],[127.64573,34.84439],[127.64587,34.84428],[127.6475,34.84296],[127.64757,34.84289],[127.6476,34.84283],[127.64761,34.84271],[127.64764,34.84122]]],[[[127.64634,34.84756],[127.64568,34.84755],[127.6456,34.84755],[127.64553,34.84756],[127.64516,34.84769],[127.64495,34.84778],[127.64478,34.84785],[127.64473,34.84788],[127.64468,34.84792],[127.64462,34.84798],[127.64457,34.84806],[127.64425,34.84868],[127.64421,34.84879],[127.64419,34.84887],[127.64414,34.84927],[127.64414,34.84932],[127.64418,34.84937],[127.64469,34.84997],[127.64474,34.84999],[127.6448,34.84996],[127.64506,34.84935],[127.64648,34.84832],[127.64655,34.84827],[127.64688,34.84797],[127.64691,34.84792],[127.64691,34.84785],[127.64686,34.8478],[127.64653,34.84761],[127.64647,34.84757],[127.64642,34.84756],[127.64634,34.84756]]],[[[127.76931,34.80496],[127.76871,34.80485],[127.76785,34.80446],[127.76635,34.80356],[127.76293,34.80366],[127.76127,34.80398],[127.76031,34.80452],[127.75986,34.80489],[127.75941,34.80525],[127.75725,34.80508],[127.75709,34.80505],[127.75665,34.80496],[127.75615,34.80474],[127.7557,34.80449],[127.75283,34.80433],[127.75136,34.80464],[127.74675,34.8064],[127.74576,34.80564],[127.74468,34.8044],[127.74414,34.80349],[127.7398,34.80248],[127.73727,34.80219],[127.73562,34.8021],[127.73518,34.80228],[127.7347,34.80259],[127.7342,34.80268],[127.73315,34.80268],[127.73228,34.80269],[127.73103,34.80253],[127.72878,34.80191],[127.72616,34.80051],[127.72522,34.79908],[127.72215,34.79378],[127.72128,34.7905],[127.72134,34.78961],[127.72198,34.78737],[127.72201,34.78705],[127.72181,34.78676],[127.72146,34.78659],[127.71852,34.78705],[127.71724,34.7871],[127.71581,34.78715],[127.71433,34.78624],[127.71345,34.7864],[127.70897,34.7873],[127.70815,34.788],[127.70794,34.78815],[127.70728,34.78863],[127.70696,34.78896],[127.70641,34.78959],[127.70623,34.79005],[127.70612,34.791],[127.70529,34.79221],[127.70468,34.79266],[127.70408,34.79292],[127.70374,34.79303],[127.70117,34.79375],[127.70105,34.79377],[127.70099,34.79378],[127.7009,34.79378],[127.70085,34.79377],[127.69878,34.79294],[127.69689,34.79163],[127.69363,34.79241],[127.69002,34.79449],[127.68945,34.79476],[127.68921,34.79488],[127.6884,34.79527],[127.6871,34.7949],[127.68641,34.7947],[127.68403,34.79469],[127.68128,34.79529],[127.67864,34.79696],[127.67712,34.79835],[127.67237,34.79976],[127.66759,34.79809],[127.66581,34.79807],[127.65865,34.80046],[127.6586,34.80078],[127.6584,34.802],[127.65671,34.80179],[127.65407,34.80133],[127.64936,34.8002],[127.64912,34.80014],[127.6476,34.80238],[127.64765,34.80294],[127.64758,34.80419],[127.6475,34.80545],[127.64493,34.80671],[127.64151,34.80695],[127.64094,34.80695],[127.64018,34.80842],[127.63894,34.81021],[127.63516,34.8111],[127.63406,34.81112],[127.63343,34.81086],[127.63561,34.81247],[127.63707,34.81327],[127.63736,34.8135],[127.63768,34.81393],[127.63796,34.81449],[127.63838,34.81544],[127.6387,34.81669],[127.63898,34.81874],[127.63905,34.81933],[127.63899,34.8199],[127.63953,34.81983],[127.63999,34.82199],[127.63999,34.82232],[127.63984,34.82291],[127.63906,34.82634],[127.63861,34.8305],[127.63861,34.83069],[127.63875,34.83112],[127.63927,34.8312],[127.64098,34.83138],[127.64142,34.83141],[127.64188,34.83137],[127.64239,34.83124],[127.64265,34.83091],[127.64294,34.83046],[127.64786,34.8342],[127.6616,34.8445],[127.66442,34.84313],[127.6672,34.84078],[127.6664,34.84023],[127.67011,34.83703],[127.67375,34.83976],[127.67358,34.84033],[127.67335,34.84043],[127.67546,34.84451],[127.67597,34.84431],[127.67393,34.8404],[127.67403,34.83995],[127.67469,34.8405],[127.67518,34.84141],[127.67969,34.84462],[127.69104,34.8596],[127.69505,34.86489],[127.69657,34.86393],[127.69668,34.86374],[127.69666,34.86344],[127.6966,34.86318],[127.69629,34.8628],[127.69623,34.86232],[127.69678,34.86138],[127.69865,34.85938],[127.70205,34.85931],[127.7026,34.8593],[127.70859,34.85925],[127.71578,34.85902],[127.71843,34.85894],[127.7204,34.85888],[127.72363,34.8603],[127.72416,34.86074],[127.72565,34.86188],[127.72869,34.86339],[127.73169,34.86377],[127.73591,34.86405],[127.73604,34.86381],[127.729,34.86309],[127.72835,34.86213],[127.72874,34.85977],[127.73007,34.85927],[127.73317,34.858],[127.73352,34.85771],[127.73367,34.85718],[127.73391,34.85476],[127.73646,34.85481],[127.73758,34.85385],[127.73874,34.8529],[127.74278,34.85106],[127.74325,34.85093],[127.74385,34.85122],[127.74405,34.8516],[127.74251,34.8573],[127.73938,34.86049],[127.73938,34.86212],[127.74858,34.86212],[127.74864,34.86058],[127.75277,34.86105],[127.75366,34.86136],[127.75447,34.8618],[127.75482,34.86199],[127.75471,34.8622],[127.75407,34.86206],[127.75394,34.86238],[127.7548,34.86264],[127.76197,34.86483],[127.7651,34.86441],[127.76496,34.86397],[127.7624,34.86435],[127.76228,34.86427],[127.76232,34.86373],[127.76851,34.86161],[127.76866,34.8616],[127.76892,34.86178],[127.76913,34.86186],[127.77053,34.86191],[127.77241,34.86137],[127.77415,34.8608],[127.77501,34.85981],[127.77502,34.85957],[127.7746,34.85932],[127.77454,34.859],[127.77451,34.85858],[127.7748,34.85785],[127.77517,34.85689],[127.77534,34.85668],[127.77611,34.85625],[127.77788,34.85684],[127.77843,34.85581],[127.77985,34.85308],[127.77989,34.8523],[127.77903,34.85393],[127.77627,34.85469],[127.77319,34.85328],[127.7728,34.85309],[127.7721,34.85257],[127.77178,34.85206],[127.7717,34.85152],[127.7717,34.85131],[127.77212,34.85105],[127.77239,34.85094],[127.77266,34.85095],[127.77293,34.8509],[127.77339,34.85071],[127.77412,34.85002],[127.77469,34.84892],[127.77535,34.84743],[127.77563,34.8459],[127.77489,34.83747],[127.77457,34.83692],[127.77395,34.8363],[127.77319,34.83565],[127.77288,34.83559],[127.77263,34.83564],[127.7693,34.83289],[127.7687,34.83236],[127.76778,34.83133],[127.76808,34.83014],[127.76841,34.82885],[127.76875,34.82757],[127.76773,34.82589],[127.76755,34.82579],[127.76745,34.82562],[127.76739,34.82546],[127.76735,34.82525],[127.76735,34.82496],[127.76747,34.82441],[127.76762,34.82393],[127.76785,34.82347],[127.76825,34.82276],[127.76928,34.8219],[127.76948,34.82181],[127.76997,34.82208],[127.77243,34.82272],[127.77293,34.82275],[127.77366,34.82269],[127.77391,34.82258],[127.77417,34.82245],[127.77448,34.82215],[127.77453,34.82165],[127.77452,34.82133],[127.77439,34.82087],[127.77422,34.82066],[127.77392,34.82037],[127.77332,34.82],[127.77229,34.81978],[127.77103,34.81993],[127.77009,34.82025],[127.76985,34.82035],[127.76959,34.82052],[127.76936,34.82059],[127.76907,34.82049],[127.76764,34.81903],[127.76739,34.81859],[127.76725,34.81823],[127.76743,34.81753],[127.76856,34.81494],[127.7684,34.81215],[127.76817,34.81203],[127.76726,34.81145],[127.76696,34.81088],[127.76619,34.80937],[127.76609,34.80903],[127.76608,34.80872],[127.76623,34.80837],[127.76638,34.8081],[127.76659,34.80793],[127.76733,34.80749],[127.76762,34.80734],[127.7679,34.80726],[127.76893,34.80562],[127.76931,34.80496]]]]}},{"type":"Feature","properties":{"code":"12130830","name":"묘도동","parent":"12130"},"geometry":{"type":"MultiPolygon","coordinates":[[[[127.7195,34.86345],[127.71937,34.86345],[127.71924,34.86345],[127.71896,34.86349],[127.7179,34.86368],[127.71783,34.8637],[127.71759,34.86376],[127.71678,34.86399],[127.71665,34.86406],[127.71661,34.86417],[127.71664,34.86426],[127.71681,34.86442],[127.71725,34.86472],[127.71737,34.86479],[127.71741,34.86481],[127.71749,34.86486],[127.71767,34.86493],[127.71778,34.86497],[127.71794,34.86503],[127.71807,34.86507],[127.71812,34.86508],[127.71819,34.86509],[127.7183,34.8651],[127.71865,34.86515],[127.71875,34.86516],[127.71885,34.86516],[127.71892,34.86515],[127.71901,34.86513],[127.71906,34.86511],[127.71925,34.86504],[127.71931,34.86501],[127.71964,34.86487],[127.71973,34.86483],[127.7198,34.86478],[127.71985,34.86474],[127.7199,34.86469],[127.72,34.86454],[127.72005,34.86447],[127.72013,34.86429],[127.7203,34.86388],[127.7203,34.8638],[127.72027,34.86371],[127.72024,34.8636],[127.72011,34.86358],[127.7197,34.86349],[127.7195,34.86345]]],[[[127.72708,34.86703],[127.727,34.86702],[127.72694,34.86703],[127.72687,34.86704],[127.72681,34.86706],[127.72674,34.8671],[127.72668,34.86715],[127.72665,34.86719],[127.72663,34.86724],[127.72663,34.86728],[127.72664,34.86733],[127.72665,34.86736],[127.72671,34.86743],[127.72736,34.8682],[127.72742,34.86827],[127.72745,34.8683],[127.72755,34.86839],[127.72759,34.86841],[127.72764,34.86844],[127.72773,34.86847],[127.72788,34.86852],[127.728,34.86855],[127.72924,34.86889],[127.7293,34.8689],[127.72941,34.86891],[127.7304,34.86893],[127.73046,34.86893],[127.73056,34.86891],[127.73071,34.86887],[127.73093,34.86878],[127.73106,34.86871],[127.73126,34.86858],[127.73132,34.86855],[127.73136,34.86851],[127.73139,34.86847],[127.7314,34.86844],[127.7314,34.86839],[127.73138,34.86836],[127.73136,34.86833],[127.73108,34.8679],[127.73101,34.86781],[127.73095,34.86773],[127.73089,34.86768],[127.73078,34.86763],[127.73065,34.86758],[127.7305,34.86754],[127.73041,34.86752],[127.7303,34.8675],[127.73021,34.86748],[127.72717,34.86703],[127.72708,34.86703]]],[[[127.72503,34.89523],[127.72791,34.89312],[127.72966,34.89252],[127.73136,34.89253],[127.73208,34.89272],[127.73218,34.89288],[127.73219,34.89374],[127.73331,34.89521],[127.73394,34.89501],[127.73438,34.89482],[127.73597,34.89355],[127.73724,34.89352],[127.74295,34.89243],[127.74394,34.892],[127.74522,34.89136],[127.74563,34.89097],[127.74579,34.89043],[127.74556,34.89024],[127.74549,34.88971],[127.74559,34.88921],[127.74633,34.88784],[127.7467,34.88736],[127.75123,34.87775],[127.7464,34.8727],[127.72795,34.87377],[127.72678,34.87352],[127.72325,34.87099],[127.72398,34.86856],[127.72385,34.86812],[127.7227,34.86769],[127.72,34.86756],[127.71788,34.86763],[127.71739,34.86791],[127.7165,34.86902],[127.716,34.86983],[127.7153,34.87051],[127.71428,34.87087],[127.71017,34.87175],[127.70929,34.8719],[127.70837,34.87186],[127.70774,34.87165],[127.70715,34.8713],[127.70669,34.87078],[127.70641,34.87058],[127.70445,34.87002],[127.7039,34.87003],[127.70338,34.8704],[127.70298,34.871],[127.70275,34.87153],[127.70266,34.87189],[127.70245,34.87202],[127.70184,34.87228],[127.70026,34.87253],[127.69908,34.8727],[127.69788,34.87259],[127.69752,34.87272],[127.69736,34.87318],[127.69744,34.87343],[127.69769,34.87365],[127.69926,34.87462],[127.70108,34.87514],[127.7004,34.87665],[127.69783,34.87813],[127.69399,34.8802],[127.69313,34.88066],[127.69281,34.88084],[127.69176,34.88303],[127.69153,34.88375],[127.69165,34.88493],[127.69238,34.88558],[127.69341,34.88626],[127.69437,34.88681],[127.69483,34.88704],[127.69722,34.88935],[127.69778,34.89118],[127.69819,34.89205],[127.69936,34.89296],[127.69984,34.8933],[127.70069,34.89347],[127.70117,34.89345],[127.70167,34.89325],[127.7022,34.89325],[127.70339,34.89365],[127.70492,34.89468],[127.70693,34.89654],[127.70731,34.89685],[127.70964,34.89768],[127.71137,34.89819],[127.71562,34.89942],[127.71696,34.89927],[127.71741,34.89911],[127.71912,34.89885],[127.72071,34.89837],[127.72323,34.89696],[127.72503,34.89523]]]]}}]}