{"type":"FeatureCollection","features":[{"type":"Feature","properties":{"code":"43800250","name":"단양읍","parent":"43800"},"geometry":{"type":"MultiPolygon","coordinates":[[[[128.47713,36.95754],[128.47665,36.95744],[128.47656,36.95741],[128.47645,36.95737],[128.47633,36.9573],[128.47617,36.9572],[128.46779,36.95181],[128.46371,36.94792],[128.46333,36.94755],[128.46324,36.94745],[128.46323,36.94734],[128.46322,36.94722],[128.46322,36.94719],[128.46326,36.94685],[128.46336,36.94648],[128.4634,36.94636],[128.46281,36.94209],[128.4602,36.93401],[128.4574,36.9338],[128.45704,36.93385],[128.45072,36.93105],[128.44606,36.92855],[128.44599,36.9285],[128.44587,36.92841],[128.44578,36.92835],[128.4457,36.92832],[128.44544,36.92825],[128.44536,36.92823],[128.44519,36.92821],[128.4428,36.92797],[128.44273,36.92796],[128.44187,36.9279],[128.44093,36.9288],[128.44071,36.92901],[128.44067,36.92904],[128.44062,36.92907],[128.44036,36.92916],[128.44031,36.92917],[128.43365,36.92983],[128.4296,36.93013],[128.42954,36.93013],[128.42947,36.9301],[128.42921,36.93],[128.42877,36.92978],[128.42643,36.92846],[128.42627,36.92835],[128.42606,36.9282],[128.42594,36.92809],[128.42587,36.928],[128.42583,36.92792],[128.42582,36.92787],[128.42575,36.92756],[128.42518,36.92687],[128.42451,36.92612],[128.42302,36.92504],[128.4226,36.92481],[128.42254,36.92478],[128.42148,36.92462],[128.41808,36.92414],[128.41795,36.92413],[128.41782,36.92413],[128.41712,36.92415],[128.41468,36.92433],[128.41463,36.92434],[128.41457,36.92435],[128.40515,36.92645],[128.39854,36.92848],[128.3963,36.92815],[128.39605,36.92798],[128.396,36.92795],[128.39594,36.92792],[128.39588,36.9279],[128.39583,36.92789],[128.39572,36.92787],[128.39323,36.92774],[128.39291,36.92775],[128.39157,36.92781],[128.39067,36.92786],[128.3886,36.92801],[128.38854,36.92801],[128.38847,36.92802],[128.38841,36.92803],[128.38836,36.92804],[128.38833,36.92805],[128.38829,36.92806],[128.38268,36.93005],[128.38094,36.93017],[128.38077,36.93018],[128.38054,36.93021],[128.3801,36.93026],[128.37696,36.93113],[128.3745,36.93196],[128.37438,36.93199],[128.37429,36.932],[128.37414,36.93201],[128.36947,36.93216],[128.36277,36.93097],[128.36143,36.9307],[128.36025,36.9304],[128.35932,36.93011],[128.35929,36.9301],[128.35889,36.93001],[128.35884,36.93],[128.35865,36.92998],[128.35587,36.92977],[128.35582,36.92977],[128.35575,36.92977],[128.35571,36.92977],[128.35567,36.92977],[128.35474,36.92986],[128.35281,36.93007],[128.35222,36.93014],[128.35214,36.93015],[128.35161,36.93026],[128.35151,36.93028],[128.34944,36.93123],[128.3481,36.93338],[128.348,36.93354],[128.34746,36.93399],[128.34733,36.93409],[128.34723,36.93416],[128.3471,36.9342],[128.347,36.93423],[128.34669,36.93427],[128.34645,36.93428],[128.3462,36.93429],[128.34592,36.93434],[128.34562,36.9344],[128.34538,36.93452],[128.34517,36.93464],[128.34482,36.9349],[128.34455,36.93519],[128.34445,36.93535],[128.34435,36.9355],[128.34426,36.93588],[128.34424,36.93614],[128.34439,36.93758],[128.34433,36.93783],[128.34426,36.93793],[128.34396,36.93802],[128.34353,36.93804],[128.34327,36.93804],[128.34302,36.93804],[128.34159,36.93783],[128.34092,36.93773],[128.34005,36.93758],[128.33852,36.93721],[128.33809,36.93716],[128.33781,36.93715],[128.33758,36.93719],[128.3375,36.93722],[128.33734,36.93728],[128.33725,36.93735],[128.33709,36.93751],[128.33694,36.93777],[128.33655,36.93885],[128.33644,36.93916],[128.33636,36.93928],[128.33616,36.93939],[128.33607,36.93939],[128.33589,36.93939],[128.33039,36.93838],[128.32815,36.93732],[128.32759,36.93986],[128.32729,36.94209],[128.32712,36.94252],[128.32695,36.94261],[128.32678,36.9427],[128.3259,36.94279],[128.32554,36.9429],[128.32531,36.94296],[128.32504,36.94318],[128.32481,36.94336],[128.32442,36.94399],[128.3241,36.94477],[128.3241,36.94524],[128.32434,36.94566],[128.32477,36.94591],[128.32493,36.94603],[128.32505,36.94612],[128.32517,36.94631],[128.32581,36.94813],[128.32584,36.94854],[128.32567,36.94897],[128.32516,36.9497],[128.32465,36.95021],[128.32451,36.95035],[128.32438,36.95048],[128.3243,36.95084],[128.32426,36.95164],[128.32534,36.95198],[128.32613,36.9523],[128.33092,36.9553],[128.33215,36.9561],[128.33324,36.9568],[128.33419,36.95755],[128.33423,36.95758],[128.33559,36.95878],[128.33563,36.95881],[128.3357,36.95888],[128.33572,36.9589],[128.33576,36.95895],[128.33579,36.95897],[128.3358,36.959],[128.33587,36.95909],[128.33741,36.96148],[128.33755,36.9619],[128.33775,36.96417],[128.33787,36.96882],[128.33794,36.96939],[128.33815,36.9706],[128.33851,36.97172],[128.33931,36.97399],[128.34024,36.97646],[128.34159,36.97941],[128.34161,36.97946],[128.34161,36.97949],[128.34158,36.97953],[128.34145,36.97962],[128.3406,36.98018],[128.34035,36.98032],[128.34031,36.98034],[128.34023,36.98037],[128.34013,36.9804],[128.34007,36.98042],[128.33999,36.98043],[128.33906,36.98062],[128.33789,36.98087],[128.33748,36.98103],[128.33593,36.98165],[128.33543,36.98187],[128.33538,36.98189],[128.3351,36.98202],[128.33493,36.98209],[128.33485,36.98213],[128.33474,36.9822],[128.33458,36.98229],[128.33392,36.98272],[128.33374,36.98284],[128.33366,36.98289],[128.33357,36.98296],[128.33342,36.98307],[128.33324,36.98322],[128.33309,36.98332],[128.33293,36.98342],[128.33278,36.98351],[128.33269,36.98355],[128.33262,36.98359],[128.33236,36.9837],[128.33159,36.98402],[128.33142,36.98409],[128.33089,36.98428],[128.33052,36.98441],[128.33043,36.98444],[128.33034,36.98447],[128.33025,36.98449],[128.33016,36.98451],[128.32855,36.98489],[128.32847,36.9849],[128.32838,36.98492],[128.32823,36.98496],[128.32815,36.98497],[128.3281,36.98497],[128.32773,36.98614],[128.32769,36.9863],[128.32767,36.98643],[128.32768,36.98654],[128.32782,36.9869],[128.32828,36.98762],[128.32971,36.98963],[128.32985,36.98978],[128.33,36.98993],[128.33013,36.99004],[128.33025,36.99014],[128.33093,36.99046],[128.33162,36.99099],[128.33194,36.99156],[128.3328,36.9933],[128.33388,36.99508],[128.33395,36.99513],[128.33409,36.99521],[128.33459,36.99544],[128.3351,36.99568],[128.33795,36.99699],[128.33912,36.99738],[128.34007,36.99769],[128.34201,36.99812],[128.34266,36.99832],[128.34276,36.99838],[128.34302,36.99853],[128.34309,36.99859],[128.34312,36.99862],[128.34334,36.99881],[128.34367,36.99926],[128.34422,37.00045],[128.34461,37.0013],[128.34481,37.00171],[128.34535,37.00283],[128.34632,37.00461],[128.34732,37.00577],[128.348,37.00635],[128.3505,37.00688],[128.35156,37.00713],[128.35211,37.00726],[128.35264,37.00739],[128.35376,37.00768],[128.35512,37.00768],[128.35664,37.00761],[128.35796,37.00742],[128.35804,37.00741],[128.35813,37.0074],[128.3583,37.00737],[128.35848,37.00734],[128.35883,37.00726],[128.35991,37.00702],[128.36008,37.00698],[128.36025,37.00693],[128.36042,37.00687],[128.36057,37.00681],[128.3609,37.00667],[128.36203,37.00616],[128.36292,37.00571],[128.37491,36.99851],[128.37499,36.99846],[128.37506,36.99841],[128.37516,36.99835],[128.37521,36.9983],[128.37527,36.99824],[128.37534,36.99816],[128.37542,36.99804],[128.37554,36.99783],[128.37558,36.99776],[128.37562,36.99765],[128.37563,36.99761],[128.3759,36.99564],[128.37679,36.99571],[128.3825,36.99494],[128.38255,36.99498],[128.38475,36.99617],[128.38483,36.99619],[128.38488,36.9962],[128.38493,36.99619],[128.38859,36.99526],[128.38939,36.99449],[128.38948,36.99426],[128.38955,36.99408],[128.38958,36.99397],[128.39026,36.99282],[128.39279,36.99225],[128.39758,36.99215],[128.39763,36.99215],[128.39956,36.9922],[128.40007,36.99223],[128.40023,36.99224],[128.4003,36.99225],[128.40038,36.99226],[128.40054,36.99231],[128.40244,36.99308],[128.4026,36.99315],[128.40275,36.99325],[128.40288,36.99338],[128.40297,36.99346],[128.40304,36.99353],[128.40312,36.99355],[128.40349,36.99362],[128.40355,36.99363],[128.40375,36.99365],[128.40381,36.99365],[128.40423,36.99364],[128.40587,36.9933],[128.40633,36.99316],[128.41148,36.99123],[128.41332,36.99038],[128.41892,36.98688],[128.42036,36.98343],[128.42038,36.98328],[128.42043,36.98316],[128.42183,36.98116],[128.42187,36.98113],[128.42191,36.98112],[128.4234,36.98097],[128.42414,36.98095],[128.42428,36.98096],[128.42439,36.98097],[128.42446,36.98098],[128.42508,36.98098],[128.42526,36.98099],[128.42542,36.98097],[128.42609,36.98077],[128.42614,36.98073],[128.42667,36.98012],[128.42819,36.97705],[128.4301,36.97424],[128.43085,36.97364],[128.43098,36.97355],[128.43111,36.97348],[128.43467,36.97184],[128.43485,36.97178],[128.43502,36.97174],[128.43523,36.97172],[128.43574,36.9717],[128.4359,36.97171],[128.43599,36.97173],[128.43605,36.97174],[128.43613,36.97177],[128.43621,36.97179],[128.43628,36.97181],[128.43636,36.97184],[128.43706,36.97163],[128.43824,36.97098],[128.4383,36.97095],[128.43877,36.9706],[128.43887,36.97053],[128.44008,36.96956],[128.4409,36.96873],[128.4416,36.96755],[128.44165,36.96746],[128.44173,36.96737],[128.4418,36.96731],[128.44393,36.96569],[128.44419,36.96552],[128.44434,36.96543],[128.44492,36.9651],[128.44497,36.96509],[128.44503,36.96508],[128.44806,36.96501],[128.45512,36.9634],[128.45626,36.96302],[128.45741,36.96261],[128.45748,36.96258],[128.45845,36.96208],[128.46813,36.9616],[128.47438,36.96058],[128.47467,36.96052],[128.47576,36.95996],[128.47584,36.95991],[128.47598,36.95982],[128.47603,36.95977],[128.47608,36.95972],[128.47627,36.95946],[128.47632,36.95936],[128.47713,36.95754]]]]}},{"type":"Feature","properties":{"code":"43800253","name":"매포읍","parent":"43800"},"geometry":{"type":"MultiPolygon","coordinates":[[[[128.29431,37.09789],[128.29486,37.09688],[128.29633,37.09493],[128.29872,37.09185],[128.3004,37.09011],[128.30056,37.09012],[128.30084,37.09012],[128.30134,37.09011],[128.30143,37.09009],[128.30148,37.09006],[128.308,37.08472],[128.30821,37.08452],[128.30838,37.08434],[128.30844,37.08427],[128.30848,37.08422],[128.31094,37.08103],[128.31099,37.08095],[128.31316,37.07819],[128.31559,37.07616],[128.31853,37.0734],[128.32088,37.06982],[128.3226,37.06719],[128.32316,37.06613],[128.32343,37.06514],[128.32346,37.06499],[128.32381,37.06186],[128.32382,37.06174],[128.32381,37.06164],[128.32378,37.06155],[128.32374,37.06148],[128.32368,37.0614],[128.32363,37.06133],[128.32358,37.06127],[128.32353,37.06122],[128.32346,37.06118],[128.32332,37.0611],[128.32327,37.06108],[128.32324,37.06107],[128.3232,37.06107],[128.32314,37.06107],[128.32309,37.06106],[128.32306,37.06106],[128.323,37.06103],[128.32226,37.06045],[128.32224,37.06043],[128.32222,37.06039],[128.32224,37.06035],[128.32235,37.06026],[128.32443,37.05879],[128.32448,37.05876],[128.32453,37.05875],[128.32509,37.05864],[128.3258,37.05853],[128.32638,37.05849],[128.33103,37.05684],[128.33106,37.05672],[128.33132,37.05599],[128.3314,37.05582],[128.33254,37.05379],[128.33261,37.0537],[128.3327,37.05358],[128.33786,37.04675],[128.33802,37.04659],[128.33867,37.04599],[128.33878,37.04592],[128.33887,37.04588],[128.33897,37.04584],[128.34084,37.04501],[128.34091,37.04499],[128.34113,37.04495],[128.34634,37.04196],[128.34629,37.04165],[128.34555,37.03984],[128.34451,37.03801],[128.34326,37.03686],[128.34325,37.0359],[128.34389,37.03222],[128.34402,37.03169],[128.34439,37.03046],[128.34442,37.03041],[128.34631,37.02783],[128.34748,37.02654],[128.34877,37.02509],[128.34891,37.02491],[128.34914,37.02461],[128.34923,37.02444],[128.34964,37.02287],[128.34966,37.02275],[128.34964,37.02269],[128.34961,37.02263],[128.3492,37.0219],[128.34913,37.02181],[128.34907,37.02175],[128.34888,37.02159],[128.34862,37.02136],[128.34848,37.02131],[128.34829,37.02125],[128.34625,37.01793],[128.34611,37.01766],[128.34602,37.01744],[128.34569,37.01621],[128.34566,37.01596],[128.34623,37.0155],[128.34778,37.01527],[128.34817,37.01533],[128.34906,37.01545],[128.34936,37.01541],[128.35036,37.01514],[128.35112,37.01464],[128.35182,37.01413],[128.35262,37.01332],[128.35278,37.01263],[128.35255,37.00946],[128.35137,37.00816],[128.35183,37.00797],[128.35218,37.00784],[128.35229,37.00781],[128.35237,37.0078],[128.35254,37.00777],[128.35376,37.00768],[128.35264,37.00739],[128.35211,37.00726],[128.35156,37.00713],[128.3505,37.00688],[128.348,37.00635],[128.34732,37.00577],[128.34632,37.00461],[128.34535,37.00283],[128.34481,37.00171],[128.34461,37.0013],[128.34422,37.00045],[128.34367,36.99926],[128.34334,36.99881],[128.34312,36.99862],[128.34309,36.99859],[128.34302,36.99853],[128.34276,36.99838],[128.34266,36.99832],[128.34201,36.99812],[128.34007,36.99769],[128.33912,36.99738],[128.33795,36.99699],[128.3351,36.99568],[128.33459,36.99544],[128.33409,36.99521],[128.33395,36.99513],[128.33388,36.99508],[128.3328,36.9933],[128.33194,36.99156],[128.33162,36.99099],[128.33093,36.99046],[128.33025,36.99014],[128.33013,36.99004],[128.33,36.98993],[128.32985,36.98978],[128.32971,36.98963],[128.32828,36.98762],[128.32782,36.9869],[128.32768,36.98654],[128.32767,36.98643],[128.32769,36.9863],[128.32773,36.98614],[128.3281,36.98497],[128.32645,36.98459],[128.32628,36.98455],[128.31899,36.98175],[128.31561,36.97967],[128.31544,36.97954],[128.31508,36.9793],[128.31504,36.97928],[128.31494,36.97923],[128.31488,36.97921],[128.31478,36.9792],[128.31225,36.97895],[128.3122,36.97895],[128.31212,36.97896],[128.31183,36.97901],[128.31167,36.97905],[128.311,36.97919],[128.31053,36.97929],[128.31021,36.97937],[128.30955,36.97953],[128.30889,36.9797],[128.30839,36.97985],[128.30835,36.97987],[128.30277,36.98323],[128.30263,36.98333],[128.30248,36.98345],[128.30245,36.9835],[128.30114,36.98572],[128.29978,36.98811],[128.29974,36.98819],[128.29929,36.98924],[128.29927,36.98928],[128.29911,36.99069],[128.29912,36.99073],[128.29916,36.99078],[128.2992,36.99082],[128.29925,36.99084],[128.29979,36.99095],[128.29997,36.99098],[128.30016,36.99102],[128.30027,36.99106],[128.30117,36.99238],[128.30172,36.99334],[128.30374,36.99779],[128.30375,36.99786],[128.30413,37.001],[128.30412,37.00116],[128.30394,37.00328],[128.30394,37.00331],[128.3036,37.00371],[128.3035,37.00383],[128.30166,37.00583],[128.29921,37.00936],[128.29841,37.0109],[128.29838,37.01102],[128.29838,37.01109],[128.29839,37.01115],[128.29843,37.01133],[128.29847,37.01144],[128.29862,37.01164],[128.29884,37.01187],[128.29895,37.01203],[128.299,37.01221],[128.29922,37.01356],[128.29921,37.01362],[128.29847,37.01488],[128.298,37.01557],[128.29769,37.01588],[128.29648,37.01718],[128.29449,37.01941],[128.29409,37.01987],[128.29378,37.02023],[128.29343,37.0207],[128.29329,37.0209],[128.29264,37.02198],[128.29273,37.02199],[128.2928,37.02199],[128.29306,37.02197],[128.29328,37.02197],[128.29338,37.02198],[128.29364,37.02206],[128.29379,37.02223],[128.29367,37.02349],[128.29139,37.02718],[128.29135,37.02721],[128.29129,37.02722],[128.29006,37.02736],[128.288,37.02737],[128.28745,37.02721],[128.28719,37.02713],[128.28693,37.02699],[128.28678,37.02687],[128.28636,37.02661],[128.28627,37.0266],[128.28589,37.02658],[128.28569,37.0266],[128.28529,37.02664],[128.2851,37.02666],[128.28475,37.02671],[128.28461,37.02674],[128.28189,37.02741],[128.28174,37.02746],[128.2817,37.02751],[128.28117,37.02812],[128.28105,37.0283],[128.28069,37.02883],[128.28065,37.02891],[128.28062,37.02897],[128.2806,37.02911],[128.28057,37.02927],[128.28056,37.02943],[128.28056,37.02961],[128.28057,37.02968],[128.28062,37.02978],[128.28066,37.02988],[128.2796,37.032],[128.27954,37.03212],[128.27949,37.03219],[128.27942,37.03228],[128.27934,37.03236],[128.27926,37.03243],[128.2785,37.03303],[128.27335,37.03639],[128.27158,37.03731],[128.27153,37.03733],[128.27146,37.03734],[128.27142,37.03734],[128.27134,37.03732],[128.27045,37.03693],[128.26996,37.03669],[128.26971,37.03652],[128.26956,37.03645],[128.26948,37.03642],[128.26941,37.03641],[128.26925,37.03641],[128.26625,37.0367],[128.26617,37.03672],[128.2661,37.03675],[128.26545,37.03714],[128.26066,37.04026],[128.26045,37.04044],[128.26023,37.04067],[128.26014,37.0408],[128.26011,37.04094],[128.25992,37.04198],[128.2598,37.04402],[128.25981,37.04412],[128.25983,37.04417],[128.25987,37.04422],[128.25993,37.04426],[128.25999,37.0443],[128.26171,37.04519],[128.26196,37.0452],[128.26211,37.04522],[128.26232,37.04526],[128.26246,37.0453],[128.26275,37.04541],[128.26288,37.04547],[128.26306,37.04557],[128.26323,37.04569],[128.26469,37.04699],[128.26473,37.04704],[128.26474,37.04709],[128.26472,37.04714],[128.26468,37.04717],[128.26464,37.04721],[128.26414,37.04756],[128.26328,37.04827],[128.26311,37.04845],[128.26306,37.04851],[128.26301,37.04869],[128.2629,37.04906],[128.26284,37.04934],[128.26279,37.04962],[128.26278,37.0499],[128.26278,37.05008],[128.26281,37.0502],[128.26287,37.0503],[128.26482,37.05188],[128.2649,37.05191],[128.26516,37.05196],[128.26646,37.05199],[128.26792,37.05189],[128.26799,37.05188],[128.26815,37.05192],[128.26825,37.05195],[128.26834,37.052],[128.27084,37.05345],[128.27091,37.0535],[128.27096,37.05355],[128.271,37.05363],[128.27103,37.05368],[128.27105,37.05375],[128.27105,37.05382],[128.27093,37.05721],[128.27092,37.05725],[128.27091,37.0573],[128.27078,37.05753],[128.27074,37.05759],[128.27057,37.05779],[128.27052,37.05785],[128.26839,37.06016],[128.26826,37.06027],[128.26759,37.06074],[128.26741,37.06083],[128.26732,37.06085],[128.26717,37.06087],[128.2668,37.0609],[128.26294,37.06232],[128.25863,37.065],[128.25851,37.065],[128.25834,37.065],[128.25757,37.06508],[128.25751,37.0651],[128.25513,37.06595],[128.25504,37.06599],[128.24999,37.06986],[128.24989,37.06994],[128.24977,37.07005],[128.24959,37.07022],[128.2491,37.07073],[128.24904,37.0708],[128.24896,37.07091],[128.24891,37.07101],[128.2489,37.07106],[128.24889,37.07114],[128.24889,37.07124],[128.24889,37.07127],[128.24901,37.07144],[128.24909,37.07153],[128.24926,37.07169],[128.24935,37.0718],[128.2494,37.07191],[128.24943,37.07198],[128.24956,37.07299],[128.24957,37.07315],[128.24962,37.07368],[128.24961,37.07378],[128.24945,37.07506],[128.25144,37.07813],[128.25235,37.07922],[128.25577,37.08238],[128.25588,37.08245],[128.2587,37.08398],[128.2588,37.08403],[128.25884,37.08404],[128.26021,37.08369],[128.26206,37.08338],[128.26217,37.08337],[128.26234,37.08337],[128.26242,37.08337],[128.26252,37.08339],[128.26262,37.08342],[128.26272,37.08347],[128.26756,37.08631],[128.26974,37.08802],[128.26945,37.0883],[128.2691,37.0885],[128.26897,37.0885],[128.26874,37.08849],[128.26833,37.08838],[128.26789,37.08814],[128.26676,37.0879],[128.2654,37.08786],[128.26506,37.08787],[128.26462,37.08793],[128.26447,37.08797],[128.26142,37.09221],[128.26141,37.09229],[128.26141,37.09237],[128.26142,37.09243],[128.26146,37.09253],[128.26155,37.09275],[128.26165,37.09301],[128.2617,37.09316],[128.26176,37.09337],[128.26176,37.09349],[128.26176,37.09363],[128.26174,37.09381],[128.26158,37.09455],[128.26153,37.09473],[128.26131,37.09563],[128.26106,37.09629],[128.26096,37.09655],[128.26083,37.09685],[128.26076,37.09702],[128.26068,37.09712],[128.2606,37.09719],[128.26048,37.09727],[128.26034,37.09734],[128.26011,37.09742],[128.25998,37.09748],[128.25982,37.09756],[128.25964,37.09768],[128.25952,37.09777],[128.2594,37.09788],[128.25933,37.09795],[128.25925,37.09805],[128.25914,37.09823],[128.2587,37.09955],[128.2586,37.0999],[128.25818,37.10154],[128.25814,37.1017],[128.25811,37.10189],[128.25811,37.10209],[128.25811,37.1022],[128.25814,37.1023],[128.25816,37.10233],[128.2582,37.1024],[128.25851,37.1027],[128.25944,37.10356],[128.2596,37.10368],[128.25971,37.10375],[128.26447,37.10937],[128.26716,37.11281],[128.26727,37.11309],[128.26736,37.11329],[128.26745,37.11343],[128.26755,37.11358],[128.26772,37.11375],[128.26787,37.11388],[128.26806,37.11402],[128.27335,37.1173],[128.27342,37.11732],[128.27348,37.11734],[128.27365,37.11734],[128.27378,37.11731],[128.27388,37.11728],[128.27723,37.11567],[128.27758,37.11566],[128.27764,37.11564],[128.27791,37.11546],[128.27801,37.11539],[128.27805,37.11534],[128.27814,37.11523],[128.27855,37.11468],[128.27878,37.11429],[128.27889,37.1141],[128.27893,37.11399],[128.27894,37.11395],[128.27891,37.11379],[128.27889,37.11367],[128.27886,37.11359],[128.27842,37.11267],[128.2782,37.11227],[128.2781,37.11201],[128.27808,37.11196],[128.27784,37.11086],[128.27784,37.11079],[128.27789,37.11073],[128.2782,37.11035],[128.27848,37.11011],[128.27862,37.11002],[128.27879,37.10996],[128.27906,37.10989],[128.27935,37.10982],[128.27945,37.10978],[128.2796,37.10971],[128.27972,37.10964],[128.27985,37.10955],[128.28231,37.10744],[128.28357,37.10633],[128.28551,37.10457],[128.28603,37.10399],[128.28992,37.10105],[128.29014,37.10099],[128.29055,37.10088],[128.29081,37.10081],[128.29097,37.10074],[128.29137,37.10051],[128.29189,37.10019],[128.29209,37.10006],[128.29222,37.09996],[128.29431,37.09789]]]]}},{"type":"Feature","properties":{"code":"43800360","name":"단성면","parent":"43800"},"geometry":{"type":"MultiPolygon","coordinates":[[[[128.34944,36.93123],[128.34836,36.93077],[128.34821,36.9307],[128.34811,36.93065],[128.348,36.93059],[128.34761,36.93038],[128.34754,36.93033],[128.34746,36.93026],[128.34725,36.93004],[128.34589,36.92858],[128.34499,36.92748],[128.34329,36.92538],[128.34286,36.92471],[128.3429,36.92461],[128.34396,36.92415],[128.34644,36.92291],[128.34659,36.92282],[128.34684,36.92266],[128.34688,36.9226],[128.34707,36.92225],[128.34712,36.92215],[128.34716,36.92206],[128.34719,36.92194],[128.3472,36.92181],[128.3472,36.92168],[128.34718,36.92152],[128.34706,36.92121],[128.34689,36.92094],[128.34679,36.9208],[128.34465,36.91794],[128.34457,36.91784],[128.34451,36.91779],[128.34441,36.91771],[128.34408,36.91747],[128.34399,36.91743],[128.34391,36.91738],[128.34381,36.91734],[128.34356,36.91726],[128.34302,36.9171],[128.3429,36.91708],[128.34279,36.91707],[128.34265,36.91706],[128.3425,36.91704],[128.34236,36.91703],[128.34232,36.91701],[128.33825,36.91474],[128.33759,36.91391],[128.33474,36.9101],[128.33463,36.90994],[128.33456,36.90978],[128.33451,36.90962],[128.3345,36.90947],[128.3345,36.90912],[128.3345,36.90895],[128.33452,36.90877],[128.33455,36.9086],[128.33362,36.90544],[128.33171,36.90339],[128.32708,36.89903],[128.32363,36.8966],[128.32227,36.89526],[128.32201,36.895],[128.32194,36.89487],[128.32193,36.89483],[128.32191,36.89478],[128.32192,36.89468],[128.32193,36.89463],[128.32362,36.89067],[128.32475,36.88816],[128.32691,36.88353],[128.32703,36.8834],[128.32711,36.8833],[128.32724,36.88306],[128.32728,36.88295],[128.32731,36.88282],[128.32736,36.88226],[128.32736,36.88185],[128.32735,36.88163],[128.32732,36.88141],[128.3273,36.88119],[128.32728,36.88104],[128.32724,36.88095],[128.32721,36.88089],[128.32663,36.88003],[128.32614,36.87944],[128.3258,36.87905],[128.32574,36.87897],[128.3257,36.8789],[128.32568,36.87885],[128.32567,36.8788],[128.32567,36.87873],[128.32603,36.87662],[128.3261,36.87632],[128.32611,36.87627],[128.32681,36.87469],[128.32689,36.87454],[128.32693,36.87447],[128.327,36.87438],[128.32715,36.87422],[128.32732,36.87405],[128.32742,36.87393],[128.32747,36.87386],[128.32778,36.87343],[128.32782,36.87337],[128.32789,36.87326],[128.32796,36.87313],[128.32798,36.87309],[128.32796,36.87251],[128.32796,36.87245],[128.32794,36.87235],[128.3275,36.87019],[128.32748,36.87014],[128.32716,36.8695],[128.32713,36.86944],[128.32705,36.86933],[128.327,36.86928],[128.32697,36.86926],[128.32689,36.8692],[128.3268,36.86915],[128.32647,36.86899],[128.32642,36.86897],[128.32636,36.86895],[128.323,36.86805],[128.32264,36.86802],[128.32257,36.86802],[128.32029,36.86809],[128.31885,36.86828],[128.3187,36.8683],[128.31866,36.86831],[128.31859,36.8683],[128.31851,36.86828],[128.31847,36.86827],[128.31835,36.86822],[128.3183,36.8682],[128.31821,36.86815],[128.3158,36.86648],[128.30907,36.86171],[128.30893,36.86159],[128.30849,36.86119],[128.30839,36.86109],[128.3083,36.86099],[128.30826,36.86095],[128.30824,36.8609],[128.3082,36.86083],[128.30818,36.86073],[128.30816,36.86067],[128.30793,36.85925],[128.30792,36.85914],[128.30792,36.85908],[128.30793,36.85904],[128.30863,36.85813],[128.30881,36.85791],[128.30883,36.85788],[128.30891,36.85782],[128.30901,36.85774],[128.30918,36.85763],[128.30923,36.85759],[128.30937,36.85752],[128.30975,36.85735],[128.31014,36.85717],[128.31035,36.85709],[128.31041,36.85706],[128.31054,36.85699],[128.31066,36.85692],[128.3111,36.85663],[128.31245,36.85573],[128.31278,36.85549],[128.31299,36.85531],[128.31321,36.85511],[128.31337,36.85494],[128.31612,36.85182],[128.31615,36.85179],[128.31801,36.84847],[128.31805,36.84836],[128.31821,36.8479],[128.3182,36.84784],[128.31818,36.84775],[128.31634,36.84238],[128.31625,36.8422],[128.31618,36.84213],[128.31616,36.84211],[128.30992,36.83921],[128.30887,36.83903],[128.30869,36.83899],[128.30832,36.83889],[128.30825,36.83886],[128.30819,36.83881],[128.30811,36.83873],[128.30748,36.83814],[128.30743,36.83808],[128.30736,36.83794],[128.30731,36.8378],[128.30728,36.83768],[128.30727,36.83763],[128.30728,36.83753],[128.30728,36.83746],[128.3077,36.8349],[128.30772,36.8348],[128.30775,36.83472],[128.30857,36.82874],[128.30827,36.82862],[128.30813,36.82858],[128.30804,36.82857],[128.30796,36.82856],[128.30556,36.82848],[128.3055,36.82849],[128.30545,36.8285],[128.30539,36.82853],[128.30531,36.82859],[128.30523,36.82864],[128.30517,36.8287],[128.30512,36.82876],[128.30508,36.82881],[128.30449,36.82986],[128.30447,36.82992],[128.30445,36.83004],[128.30441,36.83026],[128.3044,36.83036],[128.30436,36.8305],[128.30426,36.83079],[128.30423,36.83088],[128.30417,36.83096],[128.304,36.83119],[128.30388,36.83134],[128.30378,36.83144],[128.3037,36.8315],[128.30159,36.83265],[128.30152,36.83269],[128.30143,36.83273],[128.30136,36.83276],[128.30131,36.83278],[128.30067,36.83298],[128.30057,36.83301],[128.30043,36.83304],[128.30038,36.83305],[128.3003,36.83304],[128.30023,36.83304],[128.29874,36.83348],[128.29663,36.83444],[128.29653,36.8345],[128.29635,36.83465],[128.29546,36.8354],[128.2954,36.83546],[128.29497,36.83595],[128.29472,36.83624],[128.29462,36.83638],[128.29455,36.83651],[128.29446,36.8367],[128.29425,36.83718],[128.29412,36.83758],[128.29308,36.83925],[128.29001,36.84303],[128.28987,36.8432],[128.28976,36.84332],[128.28959,36.84347],[128.28944,36.8436],[128.28928,36.84371],[128.28909,36.84383],[128.28874,36.84404],[128.28852,36.84416],[128.28842,36.84419],[128.28829,36.84423],[128.28799,36.8443],[128.2878,36.84434],[128.28749,36.84441],[128.28732,36.84446],[128.28714,36.84454],[128.28705,36.84458],[128.28694,36.84463],[128.28686,36.84469],[128.28678,36.84476],[128.28671,36.84485],[128.28659,36.84507],[128.28649,36.84526],[128.28645,36.84533],[128.28601,36.84665],[128.28596,36.84692],[128.28594,36.84705],[128.28593,36.84731],[128.28591,36.84796],[128.28595,36.84887],[128.28554,36.85035],[128.28461,36.85295],[128.28456,36.85309],[128.28453,36.85315],[128.28293,36.85591],[128.28201,36.85663],[128.28186,36.85661],[128.2817,36.8566],[128.28151,36.8566],[128.28133,36.8566],[128.27899,36.85669],[128.27892,36.8567],[128.27878,36.85672],[128.27863,36.85674],[128.27747,36.85697],[128.2771,36.85705],[128.27692,36.85709],[128.27679,36.85713],[128.27645,36.85725],[128.27614,36.85736],[128.26898,36.86013],[128.26889,36.86017],[128.26876,36.86024],[128.26864,36.86031],[128.26858,36.86037],[128.26849,36.86045],[128.26844,36.86051],[128.26833,36.86068],[128.26828,36.86078],[128.2681,36.8612],[128.26806,36.8613],[128.26805,36.86137],[128.26803,36.86149],[128.26405,36.86423],[128.26193,36.86459],[128.25996,36.86497],[128.25992,36.86499],[128.25543,36.8662],[128.25195,36.86727],[128.24939,36.86873],[128.2493,36.86877],[128.24926,36.86879],[128.2492,36.8688],[128.24898,36.86885],[128.24823,36.86898],[128.24729,36.86887],[128.24634,36.86958],[128.24458,36.87033],[128.24276,36.87173],[128.24192,36.87279],[128.24174,36.87449],[128.2419,36.87679],[128.24248,36.87847],[128.24327,36.87937],[128.24442,36.88047],[128.24795,36.88312],[128.2497,36.88396],[128.25071,36.88437],[128.25088,36.8844],[128.25093,36.88442],[128.251,36.88444],[128.25139,36.88454],[128.25147,36.88458],[128.25151,36.88461],[128.25154,36.88466],[128.2515,36.88471],[128.24942,36.88687],[128.24907,36.88719],[128.24847,36.88772],[128.24826,36.88789],[128.24821,36.88792],[128.24815,36.88796],[128.24795,36.88807],[128.24754,36.88812],[128.24738,36.88805],[128.24727,36.888],[128.24694,36.88793],[128.24597,36.88809],[128.24577,36.88815],[128.24544,36.88843],[128.24507,36.88896],[128.24384,36.89105],[128.24355,36.89206],[128.24395,36.89489],[128.24468,36.89803],[128.24556,36.90135],[128.24626,36.90462],[128.24618,36.90506],[128.24617,36.9051],[128.24558,36.90614],[128.24196,36.91193],[128.24112,36.91256],[128.24017,36.91324],[128.24013,36.91327],[128.23959,36.9134],[128.23908,36.91352],[128.23794,36.9138],[128.23733,36.91403],[128.237,36.91437],[128.2368,36.91511],[128.23703,36.91907],[128.23695,36.92276],[128.23636,36.92652],[128.23587,36.93046],[128.23621,36.93192],[128.2368,36.93277],[128.23739,36.93353],[128.23919,36.93521],[128.24155,36.93706],[128.24168,36.9371],[128.24192,36.93717],[128.24232,36.93713],[128.24401,36.93664],[128.24444,36.93661],[128.24492,36.93671],[128.2453,36.93679],[128.24635,36.93721],[128.24684,36.9376],[128.24696,36.93782],[128.24705,36.93798],[128.24687,36.93862],[128.24628,36.93961],[128.24585,36.94022],[128.24552,36.94068],[128.24491,36.94149],[128.24478,36.94203],[128.24472,36.94231],[128.24481,36.94287],[128.24501,36.94336],[128.24537,36.94379],[128.24563,36.94405],[128.24593,36.9442],[128.24635,36.94425],[128.24725,36.94435],[128.24795,36.94424],[128.25107,36.94241],[128.25117,36.94228],[128.25126,36.94211],[128.25143,36.94177],[128.25156,36.94143],[128.25161,36.94122],[128.25163,36.94109],[128.25175,36.94005],[128.2517,36.93982],[128.25157,36.9395],[128.25129,36.93908],[128.25081,36.93843],[128.25049,36.93806],[128.25036,36.93774],[128.25032,36.93748],[128.25033,36.93734],[128.25045,36.9364],[128.25049,36.93626],[128.25057,36.93604],[128.25064,36.93589],[128.25073,36.93577],[128.25084,36.93563],[128.25148,36.93523],[128.25192,36.93502],[128.25229,36.9349],[128.25409,36.93447],[128.25581,36.93408],[128.25814,36.9337],[128.25988,36.93351],[128.26619,36.93292],[128.26701,36.93286],[128.26805,36.93289],[128.27007,36.93298],[128.27047,36.933],[128.27156,36.93305],[128.27723,36.93324],[128.27753,36.93322],[128.27816,36.93315],[128.27934,36.93298],[128.28043,36.93274],[128.2825,36.93214],[128.28351,36.93181],[128.28405,36.93149],[128.28471,36.9311],[128.28519,36.93072],[128.2854,36.93054],[128.28565,36.92999],[128.28572,36.92931],[128.28583,36.92784],[128.28553,36.92707],[128.28551,36.92698],[128.28549,36.92683],[128.28548,36.92669],[128.28548,36.92656],[128.28548,36.92646],[128.28552,36.92635],[128.28583,36.92594],[128.28602,36.92582],[128.28663,36.92561],[128.28908,36.92485],[128.2892,36.92483],[128.28948,36.92479],[128.28974,36.92479],[128.28996,36.92481],[128.29021,36.92487],[128.29036,36.92494],[128.29079,36.92518],[128.29143,36.92562],[128.2917,36.92584],[128.29315,36.92705],[128.29405,36.92784],[128.3001,36.93436],[128.30171,36.93706],[128.30197,36.93755],[128.30217,36.93788],[128.30313,36.9393],[128.30328,36.93951],[128.30347,36.93974],[128.30364,36.93992],[128.3039,36.94013],[128.30414,36.94032],[128.30527,36.94112],[128.30548,36.94125],[128.30565,36.94136],[128.30591,36.94149],[128.30628,36.94163],[128.30662,36.94175],[128.30684,36.94182],[128.30869,36.94234],[128.31005,36.94272],[128.31174,36.94318],[128.312,36.94329],[128.31233,36.94343],[128.31267,36.9436],[128.31302,36.94379],[128.31312,36.94384],[128.31416,36.94454],[128.31554,36.94573],[128.31779,36.94781],[128.31916,36.94892],[128.31975,36.94936],[128.32022,36.94969],[128.32108,36.95021],[128.32185,36.95062],[128.32282,36.95112],[128.32339,36.95135],[128.32426,36.95164],[128.3243,36.95084],[128.32438,36.95048],[128.32451,36.95035],[128.32465,36.95021],[128.32516,36.9497],[128.32567,36.94897],[128.32584,36.94854],[128.32581,36.94813],[128.32517,36.94631],[128.32505,36.94612],[128.32493,36.94603],[128.32477,36.94591],[128.32434,36.94566],[128.3241,36.94524],[128.3241,36.94477],[128.32442,36.94399],[128.32481,36.94336],[128.32504,36.94318],[128.32531,36.94296],[128.32554,36.9429],[128.3259,36.94279],[128.32678,36.9427],[128.32695,36.94261],[128.32712,36.94252],[128.32729,36.94209],[128.32759,36.93986],[128.32815,36.93732],[128.33039,36.93838],[128.33589,36.93939],[128.33607,36.93939],[128.33616,36.93939],[128.33636,36.93928],[128.33644,36.93916],[128.33655,36.93885],[128.33694,36.93777],[128.33709,36.93751],[128.33725,36.93735],[128.33734,36.93728],[128.3375,36.93722],[128.33758,36.93719],[128.33781,36.93715],[128.33809,36.93716],[128.33852,36.93721],[128.34005,36.93758],[128.34092,36.93773],[128.34159,36.93783],[128.34302,36.93804],[128.34327,36.93804],[128.34353,36.93804],[128.34396,36.93802],[128.34426,36.93793],[128.34433,36.93783],[128.34439,36.93758],[128.34424,36.93614],[128.34426,36.93588],[128.34435,36.9355],[128.34445,36.93535],[128.34455,36.93519],[128.34482,36.9349],[128.34517,36.93464],[128.34538,36.93452],[128.34562,36.9344],[128.34592,36.93434],[128.3462,36.93429],[128.34645,36.93428],[128.34669,36.93427],[128.347,36.93423],[128.3471,36.9342],[128.34723,36.93416],[128.34733,36.93409],[128.34746,36.93399],[128.348,36.93354],[128.3481,36.93338],[128.34944,36.93123]]]]}},{"type":"Feature","properties":{"code":"43800310","name":"대강면","parent":"43800"},"geometry":{"type":"MultiPolygon","coordinates":[[[[128.44187,36.9279],[128.44315,36.92425],[128.4435,36.92307],[128.44352,36.92298],[128.44356,36.92277],[128.44357,36.9227],[128.44357,36.92266],[128.44357,36.92261],[128.44338,36.92184],[128.44334,36.92176],[128.44323,36.9215],[128.44313,36.92125],[128.4431,36.9211],[128.44308,36.92102],[128.44307,36.9206],[128.44307,36.92053],[128.4431,36.92025],[128.44312,36.92015],[128.44315,36.9201],[128.44347,36.91963],[128.44417,36.91883],[128.44433,36.91866],[128.44444,36.91854],[128.44492,36.91809],[128.44506,36.918],[128.44522,36.91793],[128.44538,36.91784],[128.4454,36.91782],[128.4454,36.91775],[128.44486,36.91381],[128.44306,36.90953],[128.44175,36.90632],[128.44038,36.90202],[128.44038,36.90188],[128.44036,36.90179],[128.4403,36.90163],[128.44023,36.90152],[128.44011,36.90137],[128.43606,36.89699],[128.43086,36.89265],[128.42966,36.89222],[128.42937,36.89211],[128.42922,36.89203],[128.42795,36.8907],[128.42695,36.88931],[128.42692,36.88923],[128.42689,36.88912],[128.4269,36.8889],[128.42694,36.88878],[128.427,36.88864],[128.42721,36.88828],[128.42785,36.8865],[128.42805,36.88584],[128.428,36.88497],[128.42758,36.88252],[128.42747,36.88202],[128.42729,36.88145],[128.42726,36.88138],[128.42717,36.88116],[128.42712,36.88105],[128.42681,36.88088],[128.42663,36.88078],[128.42643,36.88068],[128.42618,36.88052],[128.42606,36.88041],[128.42595,36.8803],[128.42508,36.87939],[128.42501,36.87927],[128.42495,36.87916],[128.42491,36.879],[128.42468,36.87811],[128.42445,36.8771],[128.42441,36.87647],[128.4269,36.87556],[128.42727,36.87543],[128.42745,36.87536],[128.42823,36.8751],[128.42844,36.87503],[128.42854,36.87501],[128.4286,36.875],[128.42866,36.87502],[128.42878,36.87508],[128.42889,36.87517],[128.42898,36.87523],[128.42904,36.87526],[128.42909,36.87528],[128.42919,36.87531],[128.42944,36.87538],[128.42949,36.87539],[128.42954,36.8754],[128.43018,36.87549],[128.43024,36.8755],[128.43031,36.87551],[128.43041,36.87551],[128.4324,36.87537],[128.43248,36.87536],[128.43858,36.87331],[128.43864,36.87329],[128.43874,36.87324],[128.43885,36.87318],[128.4389,36.87314],[128.43893,36.87311],[128.43896,36.87307],[128.43902,36.87297],[128.43908,36.87285],[128.44293,36.8683],[128.44508,36.8669],[128.44798,36.86458],[128.44892,36.86339],[128.44851,36.86283],[128.44843,36.86271],[128.4483,36.86252],[128.44798,36.86198],[128.44793,36.86189],[128.44788,36.8618],[128.44785,36.86172],[128.44779,36.86156],[128.44776,36.86143],[128.44773,36.8613],[128.44714,36.85458],[128.44774,36.8524],[128.44792,36.8522],[128.44802,36.85207],[128.44833,36.85167],[128.44889,36.84971],[128.44911,36.84891],[128.44897,36.84807],[128.44896,36.84799],[128.44892,36.8479],[128.4489,36.84786],[128.44691,36.84375],[128.44684,36.84364],[128.44681,36.8436],[128.44677,36.84357],[128.44259,36.83941],[128.44167,36.83803],[128.44146,36.83773],[128.4414,36.83766],[128.44128,36.83755],[128.44116,36.83746],[128.44047,36.83701],[128.44033,36.83692],[128.44025,36.83688],[128.44005,36.83677],[128.43987,36.8367],[128.43869,36.83623],[128.43792,36.83597],[128.43786,36.83596],[128.43782,36.83595],[128.43775,36.83593],[128.43766,36.83589],[128.43664,36.83544],[128.43608,36.83515],[128.43501,36.8346],[128.43481,36.83448],[128.43472,36.83443],[128.43465,36.83438],[128.43459,36.83433],[128.43447,36.83421],[128.43437,36.83411],[128.43434,36.83408],[128.43432,36.83402],[128.43308,36.82912],[128.43307,36.82907],[128.43306,36.82896],[128.43307,36.82882],[128.43308,36.82877],[128.43311,36.82867],[128.43319,36.82851],[128.43328,36.82833],[128.43333,36.8282],[128.43337,36.82804],[128.43338,36.82796],[128.43338,36.82787],[128.43337,36.82763],[128.43334,36.82751],[128.43228,36.8252],[128.43219,36.82502],[128.43209,36.82485],[128.43175,36.82426],[128.43167,36.82413],[128.4305,36.82304],[128.42962,36.82244],[128.42858,36.82156],[128.42571,36.81896],[128.42569,36.81892],[128.42566,36.81886],[128.4255,36.81669],[128.42555,36.8162],[128.42554,36.81613],[128.42524,36.81528],[128.4252,36.81518],[128.42516,36.81512],[128.42065,36.81142],[128.41792,36.81176],[128.41307,36.81114],[128.41174,36.8112],[128.41163,36.81121],[128.40671,36.81176],[128.40633,36.8118],[128.40614,36.81182],[128.40538,36.81192],[128.40028,36.81272],[128.40019,36.81274],[128.40001,36.8128],[128.39982,36.81287],[128.39865,36.81341],[128.39824,36.81361],[128.39802,36.81372],[128.3973,36.81411],[128.39596,36.81468],[128.3958,36.81474],[128.39411,36.81538],[128.39406,36.81539],[128.39396,36.8154],[128.39388,36.81538],[128.39172,36.81481],[128.38517,36.81408],[128.38511,36.81408],[128.38505,36.81409],[128.38486,36.81417],[128.38466,36.81427],[128.38398,36.81447],[128.38209,36.81405],[128.3819,36.81401],[128.38182,36.81398],[128.38174,36.81388],[128.38121,36.81316],[128.37931,36.81114],[128.37913,36.81101],[128.37724,36.80991],[128.37611,36.80959],[128.37353,36.80759],[128.3735,36.80756],[128.37336,36.8072],[128.37331,36.80703],[128.37326,36.80686],[128.37322,36.80669],[128.37321,36.80657],[128.37164,36.80471],[128.36699,36.80051],[128.36694,36.80047],[128.36691,36.80046],[128.36687,36.80046],[128.36679,36.80049],[128.36659,36.80064],[128.36643,36.80075],[128.36634,36.80081],[128.36623,36.80088],[128.36617,36.8009],[128.36612,36.80092],[128.3649,36.80136],[128.36483,36.80137],[128.3647,36.80137],[128.36453,36.80137],[128.36447,36.80137],[128.36441,36.80137],[128.36434,36.80136],[128.3642,36.80132],[128.36404,36.80128],[128.36357,36.80113],[128.36351,36.80111],[128.36346,36.80108],[128.36333,36.80101],[128.36326,36.80096],[128.36319,36.80092],[128.36311,36.80086],[128.36295,36.8007],[128.36281,36.80057],[128.36278,36.80055],[128.36271,36.80051],[128.36264,36.80051],[128.36103,36.80137],[128.36042,36.8017],[128.35901,36.80249],[128.35639,36.8041],[128.35598,36.80581],[128.35598,36.80652],[128.35597,36.8067],[128.35595,36.80678],[128.35591,36.80689],[128.35472,36.80884],[128.35459,36.80901],[128.35442,36.80917],[128.35218,36.81054],[128.35164,36.81082],[128.35145,36.81088],[128.35128,36.81093],[128.35111,36.81095],[128.35076,36.811],[128.35059,36.81101],[128.34744,36.8117],[128.3444,36.81255],[128.33844,36.81484],[128.33662,36.81555],[128.33625,36.81573],[128.33607,36.81583],[128.33591,36.81596],[128.33566,36.81628],[128.33548,36.81653],[128.33538,36.81662],[128.33489,36.8168],[128.33472,36.81685],[128.33455,36.81691],[128.33435,36.81696],[128.33428,36.81698],[128.33423,36.81697],[128.32964,36.81623],[128.32348,36.81541],[128.32166,36.8154],[128.31663,36.81661],[128.31657,36.81664],[128.31645,36.81674],[128.31626,36.81698],[128.31601,36.81739],[128.31598,36.81755],[128.31562,36.81977],[128.31564,36.81987],[128.31566,36.81997],[128.31574,36.82008],[128.31586,36.82018],[128.31608,36.82038],[128.3162,36.82049],[128.31633,36.82072],[128.3164,36.82098],[128.31644,36.8211],[128.31643,36.82122],[128.31612,36.82255],[128.31608,36.82267],[128.31597,36.82283],[128.31579,36.82302],[128.31568,36.82311],[128.31327,36.82467],[128.31305,36.82477],[128.31099,36.82822],[128.31099,36.82828],[128.31097,36.82833],[128.31094,36.82838],[128.31084,36.82851],[128.31079,36.82854],[128.31074,36.82855],[128.30921,36.82892],[128.30912,36.82893],[128.30908,36.82893],[128.30898,36.82891],[128.30884,36.82887],[128.30878,36.82884],[128.30857,36.82874],[128.30775,36.83472],[128.30772,36.8348],[128.3077,36.8349],[128.30728,36.83746],[128.30728,36.83753],[128.30727,36.83763],[128.30728,36.83768],[128.30731,36.8378],[128.30736,36.83794],[128.30743,36.83808],[128.30748,36.83814],[128.30811,36.83873],[128.30819,36.83881],[128.30825,36.83886],[128.30832,36.83889],[128.30869,36.83899],[128.30887,36.83903],[128.30992,36.83921],[128.31616,36.84211],[128.31618,36.84213],[128.31625,36.8422],[128.31634,36.84238],[128.31818,36.84775],[128.3182,36.84784],[128.31821,36.8479],[128.31805,36.84836],[128.31801,36.84847],[128.31615,36.85179],[128.31612,36.85182],[128.31337,36.85494],[128.31321,36.85511],[128.31299,36.85531],[128.31278,36.85549],[128.31245,36.85573],[128.3111,36.85663],[128.31066,36.85692],[128.31054,36.85699],[128.31041,36.85706],[128.31035,36.85709],[128.31014,36.85717],[128.30975,36.85735],[128.30937,36.85752],[128.30923,36.85759],[128.30918,36.85763],[128.30901,36.85774],[128.30891,36.85782],[128.30883,36.85788],[128.30881,36.85791],[128.30863,36.85813],[128.30793,36.85904],[128.30792,36.85908],[128.30792,36.85914],[128.30793,36.85925],[128.30816,36.86067],[128.30818,36.86073],[128.3082,36.86083],[128.30824,36.8609],[128.30826,36.86095],[128.3083,36.86099],[128.30839,36.86109],[128.30849,36.86119],[128.30893,36.86159],[128.30907,36.86171],[128.3158,36.86648],[128.31821,36.86815],[128.3183,36.8682],[128.31835,36.86822],[128.31847,36.86827],[128.31851,36.86828],[128.31859,36.8683],[128.31866,36.86831],[128.3187,36.8683],[128.31885,36.86828],[128.32029,36.86809],[128.32257,36.86802],[128.32264,36.86802],[128.323,36.86805],[128.32636,36.86895],[128.32642,36.86897],[128.32647,36.86899],[128.3268,36.86915],[128.32689,36.8692],[128.32697,36.86926],[128.327,36.86928],[128.32705,36.86933],[128.32713,36.86944],[128.32716,36.8695],[128.32748,36.87014],[128.3275,36.87019],[128.32794,36.87235],[128.32796,36.87245],[128.32796,36.87251],[128.32798,36.87309],[128.32796,36.87313],[128.32789,36.87326],[128.32782,36.87337],[128.32778,36.87343],[128.32747,36.87386],[128.32742,36.87393],[128.32732,36.87405],[128.32715,36.87422],[128.327,36.87438],[128.32693,36.87447],[128.32689,36.87454],[128.32681,36.87469],[128.32611,36.87627],[128.3261,36.87632],[128.32603,36.87662],[128.32567,36.87873],[128.32567,36.8788],[128.32568,36.87885],[128.3257,36.8789],[128.32574,36.87897],[128.3258,36.87905],[128.32614,36.87944],[128.32663,36.88003],[128.32721,36.88089],[128.32724,36.88095],[128.32728,36.88104],[128.3273,36.88119],[128.32732,36.88141],[128.32735,36.88163],[128.32736,36.88185],[128.32736,36.88226],[128.32731,36.88282],[128.32728,36.88295],[128.32724,36.88306],[128.32711,36.8833],[128.32703,36.8834],[128.32691,36.88353],[128.32475,36.88816],[128.32362,36.89067],[128.32193,36.89463],[128.32192,36.89468],[128.32191,36.89478],[128.32193,36.89483],[128.32194,36.89487],[128.32201,36.895],[128.32227,36.89526],[128.32363,36.8966],[128.32708,36.89903],[128.33171,36.90339],[128.33362,36.90544],[128.33455,36.9086],[128.33452,36.90877],[128.3345,36.90895],[128.3345,36.90912],[128.3345,36.90947],[128.33451,36.90962],[128.33456,36.90978],[128.33463,36.90994],[128.33474,36.9101],[128.33759,36.91391],[128.33825,36.91474],[128.34232,36.91701],[128.34236,36.91703],[128.3425,36.91704],[128.34265,36.91706],[128.34279,36.91707],[128.3429,36.91708],[128.34302,36.9171],[128.34356,36.91726],[128.34381,36.91734],[128.34391,36.91738],[128.34399,36.91743],[128.34408,36.91747],[128.34441,36.91771],[128.34451,36.91779],[128.34457,36.91784],[128.34465,36.91794],[128.34679,36.9208],[128.34689,36.92094],[128.34706,36.92121],[128.34718,36.92152],[128.3472,36.92168],[128.3472,36.92181],[128.34719,36.92194],[128.34716,36.92206],[128.34712,36.92215],[128.34707,36.92225],[128.34688,36.9226],[128.34684,36.92266],[128.34659,36.92282],[128.34644,36.92291],[128.34396,36.92415],[128.3429,36.92461],[128.34286,36.92471],[128.34329,36.92538],[128.34499,36.92748],[128.34589,36.92858],[128.34725,36.93004],[128.34746,36.93026],[128.34754,36.93033],[128.34761,36.93038],[128.348,36.93059],[128.34811,36.93065],[128.34821,36.9307],[128.34836,36.93077],[128.34944,36.93123],[128.35151,36.93028],[128.35161,36.93026],[128.35214,36.93015],[128.35222,36.93014],[128.35281,36.93007],[128.35474,36.92986],[128.35567,36.92977],[128.35571,36.92977],[128.35575,36.92977],[128.35582,36.92977],[128.35587,36.92977],[128.35865,36.92998],[128.35884,36.93],[128.35889,36.93001],[128.35929,36.9301],[128.35932,36.93011],[128.36025,36.9304],[128.36143,36.9307],[128.36277,36.93097],[128.36947,36.93216],[128.37414,36.93201],[128.37429,36.932],[128.37438,36.93199],[128.3745,36.93196],[128.37696,36.93113],[128.3801,36.93026],[128.38054,36.93021],[128.38077,36.93018],[128.38094,36.93017],[128.38268,36.93005],[128.38829,36.92806],[128.38833,36.92805],[128.38836,36.92804],[128.38841,36.92803],[128.38847,36.92802],[128.38854,36.92801],[128.3886,36.92801],[128.39067,36.92786],[128.39157,36.92781],[128.39291,36.92775],[128.39323,36.92774],[128.39572,36.92787],[128.39583,36.92789],[128.39588,36.9279],[128.39594,36.92792],[128.396,36.92795],[128.39605,36.92798],[128.3963,36.92815],[128.39854,36.92848],[128.40515,36.92645],[128.41457,36.92435],[128.41463,36.92434],[128.41468,36.92433],[128.41712,36.92415],[128.41782,36.92413],[128.41795,36.92413],[128.41808,36.92414],[128.42148,36.92462],[128.42254,36.92478],[128.4226,36.92481],[128.42302,36.92504],[128.42451,36.92612],[128.42518,36.92687],[128.42575,36.92756],[128.42582,36.92787],[128.42583,36.92792],[128.42587,36.928],[128.42594,36.92809],[128.42606,36.9282],[128.42627,36.92835],[128.42643,36.92846],[128.42877,36.92978],[128.42921,36.93],[128.42947,36.9301],[128.42954,36.93013],[128.4296,36.93013],[128.43365,36.92983],[128.44031,36.92917],[128.44036,36.92916],[128.44062,36.92907],[128.44067,36.92904],[128.44071,36.92901],[128.44093,36.9288],[128.44187,36.9279]]]]}},{"type":"Feature","properties":{"code":"43800320","name":"가곡면","parent":"43800"},"geometry":{"type":"MultiPolygon","coordinates":[[[[128.51449,36.98681],[128.51462,36.98627],[128.51459,36.9849],[128.51439,36.98344],[128.51435,36.98339],[128.51406,36.98311],[128.51374,36.9827],[128.51367,36.98256],[128.51285,36.98077],[128.51279,36.98047],[128.51277,36.98031],[128.51275,36.97984],[128.51278,36.97963],[128.51346,36.97729],[128.51363,36.97681],[128.51355,36.97669],[128.51287,36.97609],[128.51276,36.97602],[128.51262,36.97594],[128.5124,36.97583],[128.50985,36.97453],[128.50685,36.972],[128.50685,36.97192],[128.50684,36.9717],[128.50674,36.97027],[128.5067,36.97019],[128.50655,36.97009],[128.50486,36.96914],[128.50377,36.96867],[128.49511,36.96499],[128.49344,36.96437],[128.49148,36.96375],[128.49049,36.96361],[128.48976,36.96352],[128.48911,36.96348],[128.48897,36.96345],[128.48843,36.96326],[128.48831,36.96322],[128.48817,36.96315],[128.4861,36.96209],[128.48594,36.96201],[128.48566,36.96181],[128.48552,36.96171],[128.48551,36.96167],[128.48547,36.96153],[128.4852,36.96022],[128.48519,36.96013],[128.48496,36.95746],[128.48392,36.95786],[128.48375,36.9579],[128.48355,36.95795],[128.48289,36.95806],[128.48237,36.95811],[128.48185,36.95813],[128.48168,36.95813],[128.48131,36.95811],[128.47853,36.95786],[128.47776,36.95776],[128.4776,36.95772],[128.47745,36.95768],[128.47713,36.95754],[128.47632,36.95936],[128.47627,36.95946],[128.47608,36.95972],[128.47603,36.95977],[128.47598,36.95982],[128.47584,36.95991],[128.47576,36.95996],[128.47467,36.96052],[128.47438,36.96058],[128.46813,36.9616],[128.45845,36.96208],[128.45748,36.96258],[128.45741,36.96261],[128.45626,36.96302],[128.45512,36.9634],[128.44806,36.96501],[128.44503,36.96508],[128.44497,36.96509],[128.44492,36.9651],[128.44434,36.96543],[128.44419,36.96552],[128.44393,36.96569],[128.4418,36.96731],[128.44173,36.96737],[128.44165,36.96746],[128.4416,36.96755],[128.4409,36.96873],[128.44008,36.96956],[128.43887,36.97053],[128.43877,36.9706],[128.4383,36.97095],[128.43824,36.97098],[128.43706,36.97163],[128.43636,36.97184],[128.43628,36.97181],[128.43621,36.97179],[128.43613,36.97177],[128.43605,36.97174],[128.43599,36.97173],[128.4359,36.97171],[128.43574,36.9717],[128.43523,36.97172],[128.43502,36.97174],[128.43485,36.97178],[128.43467,36.97184],[128.43111,36.97348],[128.43098,36.97355],[128.43085,36.97364],[128.4301,36.97424],[128.42819,36.97705],[128.42667,36.98012],[128.42614,36.98073],[128.42609,36.98077],[128.42542,36.98097],[128.42526,36.98099],[128.42508,36.98098],[128.42446,36.98098],[128.42439,36.98097],[128.42428,36.98096],[128.42414,36.98095],[128.4234,36.98097],[128.42191,36.98112],[128.42187,36.98113],[128.42183,36.98116],[128.42043,36.98316],[128.42038,36.98328],[128.42036,36.98343],[128.41892,36.98688],[128.41332,36.99038],[128.41148,36.99123],[128.40633,36.99316],[128.40587,36.9933],[128.40423,36.99364],[128.40381,36.99365],[128.40375,36.99365],[128.40355,36.99363],[128.40349,36.99362],[128.40312,36.99355],[128.40304,36.99353],[128.40297,36.99346],[128.40288,36.99338],[128.40275,36.99325],[128.4026,36.99315],[128.40244,36.99308],[128.40054,36.99231],[128.40038,36.99226],[128.4003,36.99225],[128.40023,36.99224],[128.40007,36.99223],[128.39956,36.9922],[128.39763,36.99215],[128.39758,36.99215],[128.39279,36.99225],[128.39026,36.99282],[128.38958,36.99397],[128.38955,36.99408],[128.38948,36.99426],[128.38939,36.99449],[128.38859,36.99526],[128.38493,36.99619],[128.38488,36.9962],[128.38483,36.99619],[128.38475,36.99617],[128.38255,36.99498],[128.3825,36.99494],[128.37679,36.99571],[128.3759,36.99564],[128.37563,36.99761],[128.37562,36.99765],[128.37558,36.99776],[128.37554,36.99783],[128.37542,36.99804],[128.37534,36.99816],[128.37527,36.99824],[128.37521,36.9983],[128.37516,36.99835],[128.37506,36.99841],[128.37499,36.99846],[128.37491,36.99851],[128.36292,37.00571],[128.36203,37.00616],[128.3609,37.00667],[128.36057,37.00681],[128.36042,37.00687],[128.36025,37.00693],[128.36008,37.00698],[128.35991,37.00702],[128.35883,37.00726],[128.35848,37.00734],[128.3583,37.00737],[128.35813,37.0074],[128.35804,37.00741],[128.35796,37.00742],[128.35664,37.00761],[128.35512,37.00768],[128.35376,37.00768],[128.35254,37.00777],[128.35237,37.0078],[128.35229,37.00781],[128.35218,37.00784],[128.35183,37.00797],[128.35137,37.00816],[128.35255,37.00946],[128.35278,37.01263],[128.35262,37.01332],[128.35182,37.01413],[128.35112,37.01464],[128.35036,37.01514],[128.34936,37.01541],[128.34906,37.01545],[128.34817,37.01533],[128.34778,37.01527],[128.34623,37.0155],[128.34566,37.01596],[128.34569,37.01621],[128.34602,37.01744],[128.34611,37.01766],[128.34625,37.01793],[128.34829,37.02125],[128.34848,37.02131],[128.34862,37.02136],[128.34888,37.02159],[128.34907,37.02175],[128.34913,37.02181],[128.3492,37.0219],[128.34961,37.02263],[128.34964,37.02269],[128.34966,37.02275],[128.34964,37.02287],[128.34923,37.02444],[128.34914,37.02461],[128.34891,37.02491],[128.34877,37.02509],[128.34748,37.02654],[128.34631,37.02783],[128.34442,37.03041],[128.34439,37.03046],[128.34402,37.03169],[128.34389,37.03222],[128.34325,37.0359],[128.34326,37.03686],[128.34451,37.03801],[128.34555,37.03984],[128.34629,37.04165],[128.34634,37.04196],[128.34811,37.04105],[128.34816,37.04104],[128.34821,37.04101],[128.3483,37.04098],[128.34837,37.04097],[128.34851,37.04094],[128.34857,37.04093],[128.34865,37.04092],[128.35021,37.04079],[128.3504,37.04077],[128.3506,37.0408],[128.35066,37.04081],[128.35075,37.04086],[128.35082,37.04089],[128.35088,37.04094],[128.35092,37.041],[128.35097,37.04106],[128.35099,37.04109],[128.35106,37.04119],[128.35114,37.04131],[128.35122,37.04144],[128.35193,37.04205],[128.3533,37.04296],[128.35341,37.04301],[128.35351,37.04303],[128.35355,37.04303],[128.35359,37.04304],[128.35459,37.04307],[128.35474,37.04307],[128.35487,37.04305],[128.35542,37.04296],[128.35847,37.043],[128.36377,37.04373],[128.36564,37.04434],[128.36813,37.04512],[128.37083,37.04559],[128.37087,37.04559],[128.37093,37.04558],[128.37097,37.04557],[128.37102,37.04555],[128.37112,37.04551],[128.37116,37.04549],[128.37124,37.04543],[128.37193,37.04493],[128.37266,37.04437],[128.37272,37.04432],[128.37897,37.04742],[128.3811,37.04861],[128.38556,37.05178],[128.38665,37.05292],[128.38653,37.0532],[128.38645,37.05342],[128.38642,37.05357],[128.38643,37.05369],[128.38646,37.05379],[128.38651,37.05389],[128.38657,37.05397],[128.3881,37.05562],[128.38816,37.05568],[128.38968,37.05686],[128.38975,37.05689],[128.38979,37.0569],[128.38984,37.05689],[128.38989,37.05687],[128.38994,37.05686],[128.39014,37.0568],[128.39042,37.0567],[128.39055,37.05664],[128.39069,37.05657],[128.39094,37.05645],[128.39113,37.05631],[128.39132,37.05617],[128.39138,37.05615],[128.39143,37.05612],[128.39169,37.05608],[128.39181,37.05606],[128.39201,37.05606],[128.39223,37.05607],[128.39242,37.05611],[128.39252,37.05615],[128.39261,37.05618],[128.39425,37.05689],[128.39447,37.05703],[128.39471,37.05718],[128.3948,37.05724],[128.39488,37.0573],[128.39713,37.05881],[128.40019,37.06078],[128.40028,37.06079],[128.40054,37.06078],[128.40089,37.0607],[128.40101,37.06066],[128.40171,37.0604],[128.40186,37.06033],[128.40195,37.06027],[128.40204,37.06021],[128.40219,37.06009],[128.40242,37.05986],[128.40256,37.0597],[128.4026,37.05964],[128.40264,37.05953],[128.40268,37.05942],[128.4027,37.0594],[128.40273,37.05937],[128.40276,37.05935],[128.40293,37.05929],[128.40315,37.05923],[128.40338,37.05919],[128.40361,37.05914],[128.40372,37.05913],[128.40383,37.05911],[128.40396,37.05911],[128.40409,37.05911],[128.40419,37.05912],[128.40432,37.05914],[128.40437,37.05915],[128.4044,37.05916],[128.40457,37.05921],[128.40531,37.05948],[128.40563,37.0596],[128.4058,37.05967],[128.40596,37.05978],[128.40604,37.05986],[128.40627,37.05968],[128.40646,37.05955],[128.40661,37.0594],[128.40693,37.05905],[128.40712,37.05883],[128.4072,37.05873],[128.40731,37.05861],[128.40802,37.05751],[128.40806,37.05744],[128.4081,37.05738],[128.40838,37.05686],[128.40839,37.05681],[128.40839,37.05674],[128.40836,37.05664],[128.40831,37.05659],[128.40826,37.05654],[128.40821,37.05649],[128.40819,37.05646],[128.40815,37.05643],[128.40807,37.0563],[128.40762,37.05553],[128.40734,37.05488],[128.40733,37.05482],[128.40733,37.05476],[128.40735,37.05468],[128.40747,37.05447],[128.40753,37.05439],[128.40765,37.05427],[128.40776,37.05419],[128.41111,37.05228],[128.41121,37.05224],[128.41131,37.05221],[128.41137,37.05219],[128.41154,37.05216],[128.4118,37.05216],[128.41193,37.05217],[128.41206,37.05218],[128.41231,37.05223],[128.41379,37.05255],[128.41404,37.05261],[128.41424,37.05267],[128.41428,37.05268],[128.41438,37.05273],[128.41446,37.05277],[128.4145,37.05283],[128.41449,37.05293],[128.41444,37.05307],[128.41432,37.05336],[128.41407,37.05382],[128.41391,37.05405],[128.41374,37.05428],[128.4136,37.05451],[128.41348,37.05474],[128.41336,37.05497],[128.41322,37.0555],[128.41319,37.05565],[128.41316,37.05591],[128.41316,37.05606],[128.4132,37.05657],[128.41324,37.0568],[128.41328,37.05696],[128.41335,37.05716],[128.41343,37.05737],[128.41352,37.05757],[128.41444,37.05931],[128.41462,37.0596],[128.41472,37.05973],[128.41481,37.05987],[128.41501,37.06011],[128.41524,37.06032],[128.41546,37.06052],[128.41619,37.06106],[128.41643,37.06123],[128.41683,37.06145],[128.42549,37.06481],[128.42697,37.06514],[128.42738,37.06521],[128.42814,37.06532],[128.42894,37.06544],[128.43023,37.0656],[128.43678,37.0674],[128.43819,37.06783],[128.43828,37.06785],[128.43891,37.06799],[128.43987,37.06807],[128.44309,37.06827],[128.4447,37.06837],[128.44552,37.06839],[128.44634,37.06841],[128.44669,37.06841],[128.44776,37.06837],[128.44893,37.06833],[128.44952,37.06832],[128.44976,37.06833],[128.45002,37.06834],[128.45028,37.06836],[128.45115,37.06843],[128.45273,37.0687],[128.45319,37.0688],[128.45365,37.06891],[128.45421,37.06909],[128.45495,37.06937],[128.45556,37.06976],[128.45566,37.06984],[128.45576,37.06993],[128.45585,37.07002],[128.45638,37.07053],[128.45655,37.07063],[128.45666,37.07066],[128.45674,37.07066],[128.45687,37.07063],[128.45707,37.07056],[128.45728,37.07046],[128.4575,37.07034],[128.45776,37.0702],[128.45809,37.07],[128.46049,37.06847],[128.46516,37.06401],[128.46647,37.06287],[128.46677,37.06261],[128.46701,37.06239],[128.46723,37.06218],[128.4673,37.0621],[128.46735,37.06202],[128.46736,37.06193],[128.46737,37.0617],[128.46738,37.06133],[128.46728,37.06107],[128.4671,37.06083],[128.46586,37.05905],[128.46449,37.05705],[128.46358,37.05568],[128.4626,37.05403],[128.46208,37.05302],[128.46165,37.05211],[128.46138,37.05107],[128.46152,37.0508],[128.46164,37.05053],[128.46201,37.04949],[128.46229,37.04849],[128.46234,37.04824],[128.46236,37.04799],[128.46236,37.04775],[128.46232,37.0475],[128.46224,37.04727],[128.46211,37.04703],[128.46196,37.04682],[128.46176,37.04662],[128.46164,37.04653],[128.46155,37.04646],[128.46146,37.04639],[128.46134,37.04631],[128.46112,37.04618],[128.4609,37.04605],[128.45999,37.04528],[128.46001,37.04312],[128.46016,37.04262],[128.4602,37.04256],[128.46023,37.0425],[128.46026,37.04246],[128.46112,37.04109],[128.46157,37.04047],[128.46208,37.03978],[128.46222,37.03959],[128.46243,37.03941],[128.46345,37.03862],[128.46365,37.03847],[128.46387,37.03834],[128.47057,37.03507],[128.47064,37.03507],[128.47067,37.03507],[128.47375,37.03385],[128.4741,37.0337],[128.47419,37.03365],[128.47428,37.03361],[128.47446,37.03352],[128.47475,37.03336],[128.4748,37.03331],[128.47486,37.03324],[128.47658,37.02978],[128.47674,37.02872],[128.47677,37.02721],[128.47778,37.02484],[128.48018,37.01963],[128.48108,37.01882],[128.48181,37.01813],[128.48382,37.016],[128.48448,37.01531],[128.48462,37.01514],[128.48474,37.01499],[128.48486,37.01484],[128.4849,37.01473],[128.48493,37.01456],[128.48493,37.0144],[128.48493,37.01425],[128.48496,37.0141],[128.48501,37.01398],[128.48507,37.01393],[128.48511,37.01388],[128.4852,37.0138],[128.48584,37.01323],[128.48772,37.01175],[128.48852,37.01137],[128.48962,37.0107],[128.49373,37.00803],[128.49376,37.008],[128.49378,37.00798],[128.4938,37.0077],[128.49382,37.00747],[128.49381,37.00737],[128.49377,37.00728],[128.49371,37.00717],[128.493,37.00597],[128.49369,37.00284],[128.49704,36.99993],[128.50103,36.99665],[128.51003,36.99],[128.51299,36.98837],[128.51449,36.98681]]]]}},{"type":"Feature","properties":{"code":"43800330","name":"영춘면","parent":"43800"},"geometry":{"type":"MultiPolygon","coordinates":[[[[128.45084,37.11242],[128.45269,37.11175],[128.45719,37.11117],[128.46131,37.11061],[128.46512,37.10988],[128.46581,37.10986],[128.46993,37.11023],[128.47388,37.11063],[128.4792,37.11134],[128.47947,37.11138],[128.48008,37.1115],[128.48033,37.11155],[128.48055,37.11163],[128.48067,37.11171],[128.48168,37.11257],[128.48178,37.11266],[128.48179,37.1127],[128.4818,37.11277],[128.48411,37.1167],[128.48672,37.12016],[128.48674,37.12019],[128.48681,37.12022],[128.48696,37.12027],[128.48753,37.12039],[128.48803,37.12047],[128.4883,37.12054],[128.4884,37.12058],[128.48859,37.12066],[128.48877,37.12075],[128.48903,37.12087],[128.48914,37.12094],[128.48934,37.12106],[128.48941,37.12114],[128.49015,37.12285],[128.4908,37.12236],[128.49096,37.12224],[128.49179,37.12173],[128.49215,37.12151],[128.49221,37.12147],[128.49256,37.12128],[128.49289,37.12113],[128.49322,37.121],[128.49353,37.1209],[128.49356,37.12089],[128.49377,37.12084],[128.49419,37.12075],[128.49777,37.12007],[128.50082,37.12009],[128.50442,37.11782],[128.50448,37.11778],[128.50462,37.11769],[128.50482,37.11755],[128.50496,37.11745],[128.50587,37.11665],[128.5067,37.11592],[128.50726,37.11533],[128.50824,37.11495],[128.50943,37.11463],[128.51004,37.11448],[128.51084,37.11436],[128.51114,37.11431],[128.51139,37.11427],[128.51144,37.11425],[128.51197,37.11397],[128.51239,37.1137],[128.51248,37.11357],[128.51264,37.11332],[128.51438,37.1095],[128.51446,37.10924],[128.51453,37.10886],[128.5148,37.10629],[128.51482,37.10578],[128.51483,37.10506],[128.51483,37.10428],[128.51477,37.10333],[128.51474,37.10309],[128.51469,37.10287],[128.51462,37.10258],[128.51439,37.10193],[128.51399,37.10112],[128.51387,37.10095],[128.51375,37.10078],[128.51284,37.09974],[128.51255,37.09942],[128.51183,37.09873],[128.51122,37.09806],[128.51111,37.09773],[128.51106,37.09758],[128.51103,37.09721],[128.5111,37.09695],[128.51111,37.09691],[128.51136,37.09658],[128.51176,37.09621],[128.51201,37.09612],[128.51227,37.09613],[128.51237,37.09625],[128.51243,37.09634],[128.51256,37.09664],[128.51376,37.0981],[128.51473,37.09907],[128.51532,37.09956],[128.51561,37.0998],[128.51882,37.10227],[128.51897,37.10233],[128.51929,37.10246],[128.52225,37.10337],[128.52921,37.10135],[128.52945,37.10124],[128.52962,37.10116],[128.53217,37.0999],[128.53413,37.09885],[128.53426,37.09876],[128.53467,37.09845],[128.53474,37.0984],[128.53487,37.09822],[128.53494,37.09813],[128.53498,37.09794],[128.535,37.09785],[128.53499,37.09749],[128.53496,37.09675],[128.53516,37.09577],[128.53522,37.09554],[128.5353,37.09516],[128.5359,37.09248],[128.5361,37.09192],[128.53636,37.09155],[128.53715,37.09066],[128.53797,37.09004],[128.53874,37.08969],[128.53944,37.08952],[128.54184,37.08917],[128.54238,37.08905],[128.54249,37.08902],[128.54708,37.08777],[128.54751,37.08764],[128.54788,37.08753],[128.54839,37.08733],[128.54899,37.08699],[128.5494,37.08671],[128.55059,37.0859],[128.55073,37.08585],[128.55082,37.08582],[128.55091,37.08582],[128.55107,37.08582],[128.55328,37.08625],[128.55518,37.08683],[128.55975,37.08901],[128.56016,37.08932],[128.56137,37.09028],[128.56161,37.09036],[128.56193,37.09037],[128.56204,37.09037],[128.56213,37.09036],[128.56235,37.09027],[128.5627,37.09012],[128.56587,37.08847],[128.56899,37.08673],[128.56932,37.08656],[128.57404,37.08466],[128.5745,37.08452],[128.57512,37.08433],[128.57967,37.08302],[128.58309,37.08213],[128.58398,37.08213],[128.58442,37.08211],[128.58555,37.08174],[128.58636,37.0814],[128.58648,37.08136],[128.58785,37.08059],[128.59035,37.07888],[128.59109,37.07847],[128.59166,37.07821],[128.59223,37.07815],[128.59259,37.07821],[128.59308,37.07846],[128.59316,37.07853],[128.59345,37.07878],[128.59371,37.07913],[128.59408,37.08013],[128.59453,37.08127],[128.59474,37.08146],[128.59486,37.08155],[128.59503,37.08167],[128.59528,37.0818],[128.59539,37.08186],[128.5959,37.08204],[128.59959,37.08296],[128.59974,37.08296],[128.60102,37.08288],[128.60126,37.08287],[128.60155,37.08285],[128.6018,37.08278],[128.60189,37.08271],[128.60196,37.08266],[128.60212,37.08247],[128.6022,37.0823],[128.60222,37.08226],[128.60222,37.08208],[128.60218,37.08196],[128.60176,37.08123],[128.60128,37.08007],[128.60122,37.07962],[128.60128,37.07927],[128.60145,37.07897],[128.60182,37.07872],[128.60594,37.07662],[128.60632,37.07658],[128.60668,37.07659],[128.60721,37.07671],[128.60801,37.07715],[128.60843,37.07762],[128.60863,37.07808],[128.60877,37.07882],[128.60895,37.0791],[128.60942,37.07942],[128.6099,37.07966],[128.61202,37.08035],[128.61438,37.08144],[128.61501,37.08178],[128.61527,37.08201],[128.61613,37.08285],[128.61657,37.08328],[128.61662,37.08332],[128.61701,37.08366],[128.62276,37.08713],[128.62301,37.08715],[128.62323,37.08715],[128.62343,37.08689],[128.62431,37.08488],[128.62478,37.08413],[128.62517,37.0837],[128.62536,37.08349],[128.62581,37.08313],[128.62634,37.08276],[128.62736,37.08207],[128.62786,37.08173],[128.62805,37.08158],[128.62806,37.08154],[128.62808,37.08138],[128.62783,37.08015],[128.62755,37.07917],[128.62724,37.07754],[128.62727,37.07736],[128.62813,37.07514],[128.6283,37.07498],[128.63368,37.07183],[128.63608,37.07171],[128.63802,37.07149],[128.64114,37.07092],[128.64178,37.07077],[128.64276,37.07054],[128.64295,37.07044],[128.64816,37.06765],[128.65014,37.06625],[128.65035,37.06614],[128.65062,37.06599],[128.65128,37.06573],[128.6514,37.06569],[128.65198,37.06549],[128.65223,37.06546],[128.649,37.06393],[128.64524,37.06237],[128.64489,37.0622],[128.64462,37.06193],[128.64431,37.06141],[128.64363,37.06004],[128.64344,37.05934],[128.64335,37.05855],[128.64237,37.05581],[128.64181,37.0549],[128.6414,37.05447],[128.64115,37.05433],[128.63945,37.05368],[128.63758,37.05142],[128.63768,37.05115],[128.63765,37.05099],[128.63641,37.04855],[128.63625,37.04834],[128.63486,37.047],[128.63453,37.04655],[128.6329,37.04264],[128.63067,37.03917],[128.63051,37.03896],[128.63029,37.039],[128.63,37.03905],[128.62971,37.03925],[128.6273,37.04106],[128.62602,37.04282],[128.62555,37.04354],[128.62531,37.04439],[128.62494,37.0449],[128.62455,37.04512],[128.62415,37.04521],[128.62356,37.04523],[128.62297,37.04535],[128.62273,37.04549],[128.62256,37.04564],[128.62228,37.046],[128.62118,37.04788],[128.62064,37.04853],[128.62,37.04902],[128.61927,37.04955],[128.61824,37.05],[128.61465,37.05126],[128.60882,37.05263],[128.60863,37.05259],[128.60826,37.05217],[128.60729,37.0505],[128.60717,37.05019],[128.60655,37.04548],[128.6066,37.04508],[128.60668,37.0447],[128.60674,37.04456],[128.60704,37.04413],[128.6071,37.04385],[128.60707,37.04372],[128.60679,37.0434],[128.60516,37.04333],[128.60206,37.04316],[128.60008,37.04303],[128.59658,37.04276],[128.59515,37.0425],[128.5941,37.04229],[128.59321,37.04222],[128.59221,37.04225],[128.59189,37.04231],[128.59154,37.04247],[128.5903,37.04306],[128.58386,37.04389],[128.58364,37.04389],[128.58339,37.04381],[128.58309,37.04367],[128.58279,37.04347],[128.58215,37.04297],[128.58188,37.04263],[128.58154,37.04195],[128.58102,37.04073],[128.58028,37.03933],[128.57734,37.03584],[128.57711,37.03564],[128.57679,37.03551],[128.57656,37.03547],[128.57605,37.03554],[128.57556,37.03566],[128.57504,37.03576],[128.57214,37.0361],[128.57183,37.03608],[128.57149,37.036],[128.56886,37.03493],[128.56853,37.03476],[128.56811,37.0345],[128.56767,37.03414],[128.5662,37.03262],[128.56526,37.03149],[128.56516,37.03122],[128.56516,37.03087],[128.56693,37.02651],[128.56718,37.02618],[128.56934,37.02405],[128.56963,37.02378],[128.57063,37.02318],[128.57282,37.02188],[128.57292,37.02167],[128.57292,37.0214],[128.57291,37.02112],[128.57286,37.0208],[128.57147,37.01643],[128.57131,37.01598],[128.57082,37.01513],[128.56992,37.01373],[128.56945,37.01329],[128.56866,37.01257],[128.56752,37.01172],[128.56684,37.01133],[128.56334,37.0087],[128.56305,37.00815],[128.5629,37.00796],[128.55861,37.00629],[128.55635,37.00567],[128.55604,37.0055],[128.55587,37.00529],[128.55558,37.00469],[128.55545,37.0041],[128.55549,37.00366],[128.55557,37.00325],[128.55591,37.0024],[128.55618,37.00179],[128.55617,37.00174],[128.55564,36.99991],[128.55471,36.99823],[128.5539,36.99772],[128.54805,36.99447],[128.54514,36.99314],[128.54261,36.99226],[128.5398,36.99133],[128.53809,36.99076],[128.53493,36.99014],[128.53438,36.99014],[128.53326,36.99013],[128.53318,36.99013],[128.53308,36.99013],[128.533,36.99016],[128.53248,36.9903],[128.5315,36.99052],[128.5313,36.99055],[128.52915,36.99073],[128.52621,36.99023],[128.52458,36.9897],[128.52416,36.98948],[128.52359,36.98924],[128.52143,36.98855],[128.51602,36.98689],[128.51589,36.98686],[128.51582,36.98685],[128.51449,36.98681],[128.51299,36.98837],[128.51003,36.99],[128.50103,36.99665],[128.49704,36.99993],[128.49369,37.00284],[128.493,37.00597],[128.49371,37.00717],[128.49377,37.00728],[128.49381,37.00737],[128.49382,37.00747],[128.4938,37.0077],[128.49378,37.00798],[128.49376,37.008],[128.49373,37.00803],[128.48962,37.0107],[128.48852,37.01137],[128.48772,37.01175],[128.48584,37.01323],[128.4852,37.0138],[128.48511,37.01388],[128.48507,37.01393],[128.48501,37.01398],[128.48496,37.0141],[128.48493,37.01425],[128.48493,37.0144],[128.48493,37.01456],[128.4849,37.01473],[128.48486,37.01484],[128.48474,37.01499],[128.48462,37.01514],[128.48448,37.01531],[128.48382,37.016],[128.48181,37.01813],[128.48108,37.01882],[128.48018,37.01963],[128.47778,37.02484],[128.47677,37.02721],[128.47674,37.02872],[128.47658,37.02978],[128.47486,37.03324],[128.4748,37.03331],[128.47475,37.03336],[128.47446,37.03352],[128.47428,37.03361],[128.47419,37.03365],[128.4741,37.0337],[128.47375,37.03385],[128.47067,37.03507],[128.47064,37.03507],[128.47057,37.03507],[128.46387,37.03834],[128.46365,37.03847],[128.46345,37.03862],[128.46243,37.03941],[128.46222,37.03959],[128.46208,37.03978],[128.46157,37.04047],[128.46112,37.04109],[128.46026,37.04246],[128.46023,37.0425],[128.4602,37.04256],[128.46016,37.04262],[128.46001,37.04312],[128.45999,37.04528],[128.4609,37.04605],[128.46112,37.04618],[128.46134,37.04631],[128.46146,37.04639],[128.46155,37.04646],[128.46164,37.04653],[128.46176,37.04662],[128.46196,37.04682],[128.46211,37.04703],[128.46224,37.04727],[128.46232,37.0475],[128.46236,37.04775],[128.46236,37.04799],[128.46234,37.04824],[128.46229,37.04849],[128.46201,37.04949],[128.46164,37.05053],[128.46152,37.0508],[128.46138,37.05107],[128.46165,37.05211],[128.46208,37.05302],[128.4626,37.05403],[128.46358,37.05568],[128.46449,37.05705],[128.46586,37.05905],[128.4671,37.06083],[128.46728,37.06107],[128.46738,37.06133],[128.46737,37.0617],[128.46736,37.06193],[128.46735,37.06202],[128.4673,37.0621],[128.46723,37.06218],[128.46701,37.06239],[128.46677,37.06261],[128.46647,37.06287],[128.46516,37.06401],[128.46049,37.06847],[128.45809,37.07],[128.45776,37.0702],[128.4575,37.07034],[128.45728,37.07046],[128.45707,37.07056],[128.45687,37.07063],[128.45674,37.07066],[128.45666,37.07066],[128.45655,37.07063],[128.45638,37.07053],[128.45585,37.07002],[128.45576,37.06993],[128.45566,37.06984],[128.45556,37.06976],[128.45495,37.06937],[128.45421,37.06909],[128.45365,37.06891],[128.45319,37.0688],[128.45273,37.0687],[128.45115,37.06843],[128.45028,37.06836],[128.45002,37.06834],[128.44976,37.06833],[128.44952,37.06832],[128.44893,37.06833],[128.44776,37.06837],[128.44669,37.06841],[128.44634,37.06841],[128.44552,37.06839],[128.4447,37.06837],[128.44309,37.06827],[128.43987,37.06807],[128.43891,37.06799],[128.43828,37.06785],[128.43819,37.06783],[128.43678,37.0674],[128.43023,37.0656],[128.42894,37.06544],[128.42814,37.06532],[128.42738,37.06521],[128.42697,37.06514],[128.42549,37.06481],[128.41683,37.06145],[128.41643,37.06123],[128.41619,37.06106],[128.41546,37.06052],[128.41524,37.06032],[128.41501,37.06011],[128.41481,37.05987],[128.41472,37.05973],[128.41462,37.0596],[128.41444,37.05931],[128.41352,37.05757],[128.41343,37.05737],[128.41335,37.05716],[128.41328,37.05696],[128.41324,37.0568],[128.4132,37.05657],[128.41316,37.05606],[128.41316,37.05591],[128.41319,37.05565],[128.41322,37.0555],[128.41336,37.05497],[128.41348,37.05474],[128.4136,37.05451],[128.41374,37.05428],[128.41391,37.05405],[128.41407,37.05382],[128.41432,37.05336],[128.41444,37.05307],[128.41449,37.05293],[128.4145,37.05283],[128.41446,37.05277],[128.41438,37.05273],[128.41428,37.05268],[128.41424,37.05267],[128.41404,37.05261],[128.41379,37.05255],[128.41231,37.05223],[128.41206,37.05218],[128.41193,37.05217],[128.4118,37.05216],[128.41154,37.05216],[128.41137,37.05219],[128.41131,37.05221],[128.41121,37.05224],[128.41111,37.05228],[128.40776,37.05419],[128.40765,37.05427],[128.40753,37.05439],[128.40747,37.05447],[128.40735,37.05468],[128.40733,37.05476],[128.40733,37.05482],[128.40734,37.05488],[128.40762,37.05553],[128.40807,37.0563],[128.40815,37.05643],[128.40819,37.05646],[128.40821,37.05649],[128.40826,37.05654],[128.40831,37.05659],[128.40836,37.05664],[128.40839,37.05674],[128.40839,37.05681],[128.40838,37.05686],[128.4081,37.05738],[128.40806,37.05744],[128.40802,37.05751],[128.40731,37.05861],[128.4072,37.05873],[128.40712,37.05883],[128.40693,37.05905],[128.40661,37.0594],[128.40646,37.05955],[128.40627,37.05968],[128.40604,37.05986],[128.4061,37.05993],[128.40617,37.06007],[128.40623,37.06023],[128.40625,37.06031],[128.40623,37.06042],[128.40578,37.06131],[128.40552,37.06163],[128.40536,37.06184],[128.4052,37.06204],[128.40504,37.06232],[128.405,37.0624],[128.40484,37.06269],[128.40445,37.06347],[128.40399,37.06461],[128.40396,37.0647],[128.40395,37.06479],[128.4037,37.06803],[128.40365,37.07042],[128.40368,37.07067],[128.40367,37.07091],[128.40366,37.07102],[128.40365,37.0712],[128.40364,37.07133],[128.4036,37.07144],[128.40356,37.07153],[128.40135,37.07441],[128.40062,37.07529],[128.3999,37.07582],[128.39961,37.07594],[128.39951,37.076],[128.39945,37.07606],[128.39726,37.07857],[128.39634,37.08003],[128.39601,37.08038],[128.39576,37.08059],[128.39545,37.08084],[128.3951,37.08108],[128.39476,37.08131],[128.39466,37.08134],[128.39461,37.08134],[128.39457,37.08132],[128.39446,37.08123],[128.39417,37.08105],[128.39405,37.08097],[128.39394,37.08092],[128.39383,37.08088],[128.39372,37.08085],[128.39339,37.08082],[128.39309,37.08081],[128.39272,37.08084],[128.39251,37.08086],[128.39241,37.08088],[128.38882,37.0826],[128.38858,37.08275],[128.3882,37.08299],[128.38806,37.08311],[128.38494,37.08722],[128.38363,37.08904],[128.38048,37.09589],[128.37903,37.10079],[128.37902,37.10083],[128.37867,37.10388],[128.37843,37.10703],[128.37846,37.10721],[128.37847,37.10731],[128.37847,37.10748],[128.37847,37.10757],[128.37847,37.1076],[128.37843,37.10773],[128.37832,37.10798],[128.37775,37.10912],[128.37773,37.10916],[128.3777,37.10919],[128.37767,37.10921],[128.37762,37.10923],[128.37558,37.10985],[128.37507,37.10998],[128.37492,37.11],[128.37486,37.11001],[128.37474,37.11001],[128.37467,37.11001],[128.37459,37.11001],[128.37434,37.11],[128.37427,37.10999],[128.3742,37.11],[128.3741,37.11002],[128.37406,37.11002],[128.37396,37.11005],[128.3738,37.11008],[128.37239,37.11052],[128.37222,37.11057],[128.37214,37.11062],[128.37211,37.11066],[128.37023,37.11423],[128.37041,37.11617],[128.37083,37.1188],[128.37117,37.1202],[128.37063,37.1213],[128.37004,37.12196],[128.3692,37.12323],[128.36918,37.12327],[128.36917,37.12333],[128.36914,37.12411],[128.3691,37.12547],[128.36911,37.12571],[128.36913,37.12587],[128.36915,37.12597],[128.36923,37.1262],[128.36936,37.12651],[128.36943,37.12663],[128.36953,37.1268],[128.36966,37.12697],[128.36986,37.12719],[128.36997,37.12732],[128.37002,37.12737],[128.37018,37.12746],[128.3703,37.12752],[128.37047,37.12757],[128.3706,37.12761],[128.3707,37.12763],[128.37088,37.12764],[128.37105,37.12765],[128.37147,37.12764],[128.37194,37.12764],[128.37208,37.12767],[128.37229,37.12771],[128.37239,37.12776],[128.37247,37.12782],[128.37253,37.12788],[128.37258,37.12796],[128.3726,37.12807],[128.3726,37.12817],[128.3726,37.12827],[128.37215,37.12999],[128.37163,37.13089],[128.37141,37.13118],[128.37123,37.1315],[128.37115,37.13167],[128.37113,37.13175],[128.37113,37.13183],[128.37115,37.13194],[128.37119,37.13204],[128.373,37.13455],[128.3697,37.13787],[128.36568,37.13992],[128.36402,37.14078],[128.36245,37.14393],[128.36031,37.14672],[128.3601,37.14679],[128.35995,37.14688],[128.35982,37.14698],[128.35977,37.14704],[128.35975,37.14711],[128.35975,37.14719],[128.35975,37.14965],[128.3598,37.15004],[128.36063,37.15049],[128.36067,37.15052],[128.36073,37.15056],[128.36075,37.1506],[128.36079,37.15066],[128.36135,37.15154],[128.36163,37.15199],[128.36166,37.15215],[128.36173,37.15249],[128.36178,37.15275],[128.36181,37.15285],[128.36183,37.1529],[128.36268,37.15403],[128.36283,37.15418],[128.36384,37.15519],[128.36399,37.15529],[128.3642,37.15539],[128.3645,37.15543],[128.36467,37.15544],[128.3653,37.15539],[128.36533,37.15539],[128.36554,37.15537],[128.36596,37.15531],[128.36619,37.15526],[128.36644,37.1552],[128.36656,37.15515],[128.36681,37.155],[128.36691,37.15491],[128.36848,37.15414],[128.3767,37.15171],[128.37701,37.15165],[128.37707,37.15164],[128.3771,37.15164],[128.37718,37.1517],[128.37821,37.15272],[128.3784,37.15368],[128.37843,37.15403],[128.37845,37.15427],[128.3787,37.15479],[128.37884,37.15495],[128.37907,37.15521],[128.37937,37.15538],[128.38437,37.15818],[128.38593,37.15705],[128.38769,37.15552],[128.38825,37.15538],[128.3884,37.15532],[128.39125,37.15416],[128.39133,37.15413],[128.39162,37.154],[128.39221,37.1537],[128.39255,37.15346],[128.39507,37.15112],[128.39532,37.15089],[128.39538,37.15078],[128.39543,37.15066],[128.39545,37.15049],[128.39546,37.15018],[128.39546,37.15007],[128.39547,37.15004],[128.39547,37.15001],[128.39549,37.14994],[128.39577,37.14943],[128.39667,37.14858],[128.39672,37.14853],[128.397,37.1484],[128.39808,37.14795],[128.39833,37.14785],[128.39853,37.1478],[128.39862,37.14779],[128.3989,37.14778],[128.40101,37.14638],[128.40263,37.14243],[128.40359,37.13962],[128.40361,37.13953],[128.40358,37.13947],[128.40349,37.13933],[128.40331,37.13917],[128.40324,37.13911],[128.40312,37.13908],[128.4029,37.13904],[128.40271,37.13902],[128.40267,37.13901],[128.40258,37.13899],[128.40232,37.13892],[128.40228,37.1389],[128.40219,37.13886],[128.40214,37.13883],[128.40211,37.13881],[128.40187,37.13864],[128.40174,37.13853],[128.40172,37.13849],[128.40169,37.13842],[128.40151,37.13771],[128.40148,37.13759],[128.4015,37.13737],[128.40161,37.13646],[128.40163,37.13483],[128.40162,37.13479],[128.40047,37.13324],[128.40029,37.13299],[128.40013,37.13284],[128.39994,37.13269],[128.39957,37.13248],[128.39886,37.1321],[128.39841,37.13186],[128.3982,37.13174],[128.39813,37.13167],[128.396,37.12892],[128.39591,37.12877],[128.39592,37.12869],[128.39596,37.12866],[128.396,37.12862],[128.39623,37.12852],[128.39642,37.12846],[128.39664,37.12843],[128.39691,37.12843],[128.39778,37.12841],[128.39819,37.12836],[128.4007,37.12791],[128.40643,37.12683],[128.40654,37.12681],[128.4066,37.1268],[128.40665,37.12678],[128.40671,37.12676],[128.40676,37.12673],[128.40685,37.12667],[128.40693,37.1266],[128.40803,37.12548],[128.40842,37.12508],[128.40853,37.12495],[128.40856,37.1249],[128.40866,37.12471],[128.40897,37.12426],[128.40939,37.12381],[128.41056,37.12258],[128.41071,37.12244],[128.41094,37.12228],[128.41111,37.12217],[128.41344,37.12098],[128.41352,37.12095],[128.4136,37.12091],[128.41367,37.12089],[128.41383,37.12084],[128.41506,37.12051],[128.41511,37.12051],[128.41515,37.12051],[128.41518,37.12053],[128.41524,37.12057],[128.41541,37.12069],[128.41582,37.12095],[128.41587,37.12097],[128.41592,37.12097],[128.41597,37.12096],[128.41605,37.12095],[128.41641,37.12082],[128.41716,37.12053],[128.41798,37.12021],[128.41807,37.12017],[128.41814,37.12014],[128.41823,37.12009],[128.41832,37.12002],[128.41844,37.11992],[128.41858,37.1198],[128.41866,37.11971],[128.41971,37.11841],[128.41994,37.11739],[128.41992,37.11732],[128.41991,37.11727],[128.41991,37.11718],[128.4199,37.11712],[128.41991,37.11695],[128.41993,37.11684],[128.41996,37.11665],[128.42001,37.11643],[128.42121,37.1141],[128.42128,37.11401],[128.42144,37.11383],[128.42219,37.11323],[128.42235,37.11313],[128.42252,37.11304],[128.42256,37.10881],[128.42251,37.10753],[128.4226,37.10605],[128.42272,37.10521],[128.42288,37.10444],[128.42313,37.10336],[128.42318,37.10327],[128.42321,37.10323],[128.42328,37.10318],[128.42331,37.10316],[128.42469,37.10244],[128.42482,37.10239],[128.42495,37.10237],[128.42509,37.10237],[128.42525,37.10239],[128.42926,37.10345],[128.42966,37.10359],[128.42991,37.10372],[128.4301,37.10383],[128.43026,37.10397],[128.43031,37.10402],[128.43034,37.1041],[128.43033,37.10414],[128.43025,37.10502],[128.43014,37.10619],[128.43014,37.1063],[128.43015,37.10644],[128.43026,37.10695],[128.43031,37.1071],[128.4304,37.10725],[128.43051,37.10734],[128.43187,37.10801],[128.43304,37.1084],[128.43369,37.1086],[128.43393,37.10869],[128.43403,37.10875],[128.43551,37.10975],[128.4353,37.1111],[128.43524,37.11127],[128.43794,37.11112],[128.44252,37.10931],[128.4427,37.10923],[128.44285,37.10912],[128.44294,37.10903],[128.44313,37.10861],[128.4433,37.10824],[128.44338,37.10809],[128.44348,37.10799],[128.44369,37.10782],[128.444,37.10759],[128.44423,37.10746],[128.44432,37.10743],[128.44471,37.10738],[128.44488,37.10737],[128.44502,37.10736],[128.44516,37.10739],[128.44528,37.10743],[128.44533,37.10745],[128.44629,37.10823],[128.44777,37.10964],[128.4479,37.10979],[128.44847,37.11044],[128.44892,37.11096],[128.44958,37.11166],[128.44968,37.11175],[128.45032,37.11226],[128.45035,37.11229],[128.45037,37.11231],[128.45047,37.11234],[128.45075,37.11241],[128.45084,37.11242]]]]}},{"type":"Feature","properties":{"code":"43800340","name":"어상천면","parent":"43800"},"geometry":{"type":"MultiPolygon","coordinates":[[[[128.3598,37.15004],[128.35975,37.14965],[128.35975,37.14719],[128.35975,37.14711],[128.35977,37.14704],[128.35982,37.14698],[128.35995,37.14688],[128.3601,37.14679],[128.36031,37.14672],[128.36245,37.14393],[128.36402,37.14078],[128.36568,37.13992],[128.3697,37.13787],[128.373,37.13455],[128.37119,37.13204],[128.37115,37.13194],[128.37113,37.13183],[128.37113,37.13175],[128.37115,37.13167],[128.37123,37.1315],[128.37141,37.13118],[128.37163,37.13089],[128.37215,37.12999],[128.3726,37.12827],[128.3726,37.12817],[128.3726,37.12807],[128.37258,37.12796],[128.37253,37.12788],[128.37247,37.12782],[128.37239,37.12776],[128.37229,37.12771],[128.37208,37.12767],[128.37194,37.12764],[128.37147,37.12764],[128.37105,37.12765],[128.37088,37.12764],[128.3707,37.12763],[128.3706,37.12761],[128.37047,37.12757],[128.3703,37.12752],[128.37018,37.12746],[128.37002,37.12737],[128.36997,37.12732],[128.36986,37.12719],[128.36966,37.12697],[128.36953,37.1268],[128.36943,37.12663],[128.36936,37.12651],[128.36923,37.1262],[128.36915,37.12597],[128.36913,37.12587],[128.36911,37.12571],[128.3691,37.12547],[128.36914,37.12411],[128.36917,37.12333],[128.36918,37.12327],[128.3692,37.12323],[128.37004,37.12196],[128.37063,37.1213],[128.37117,37.1202],[128.37083,37.1188],[128.37041,37.11617],[128.37023,37.11423],[128.37211,37.11066],[128.37214,37.11062],[128.37222,37.11057],[128.37239,37.11052],[128.3738,37.11008],[128.37396,37.11005],[128.37406,37.11002],[128.3741,37.11002],[128.3742,37.11],[128.37427,37.10999],[128.37434,37.11],[128.37459,37.11001],[128.37467,37.11001],[128.37474,37.11001],[128.37486,37.11001],[128.37492,37.11],[128.37507,37.10998],[128.37558,37.10985],[128.37762,37.10923],[128.37767,37.10921],[128.3777,37.10919],[128.37773,37.10916],[128.37775,37.10912],[128.37832,37.10798],[128.37843,37.10773],[128.37847,37.1076],[128.37847,37.10757],[128.37847,37.10748],[128.37847,37.10731],[128.37846,37.10721],[128.37843,37.10703],[128.37867,37.10388],[128.37902,37.10083],[128.37903,37.10079],[128.38048,37.09589],[128.38363,37.08904],[128.38494,37.08722],[128.38806,37.08311],[128.3882,37.08299],[128.38858,37.08275],[128.38882,37.0826],[128.39241,37.08088],[128.39251,37.08086],[128.39272,37.08084],[128.39309,37.08081],[128.39339,37.08082],[128.39372,37.08085],[128.39383,37.08088],[128.39394,37.08092],[128.39405,37.08097],[128.39417,37.08105],[128.39446,37.08123],[128.39457,37.08132],[128.39461,37.08134],[128.39466,37.08134],[128.39476,37.08131],[128.3951,37.08108],[128.39545,37.08084],[128.39576,37.08059],[128.39601,37.08038],[128.39634,37.08003],[128.39726,37.07857],[128.39945,37.07606],[128.39951,37.076],[128.39961,37.07594],[128.3999,37.07582],[128.40062,37.07529],[128.40135,37.07441],[128.40356,37.07153],[128.4036,37.07144],[128.40364,37.07133],[128.40365,37.0712],[128.40366,37.07102],[128.40367,37.07091],[128.40368,37.07067],[128.40365,37.07042],[128.4037,37.06803],[128.40395,37.06479],[128.40396,37.0647],[128.40399,37.06461],[128.40445,37.06347],[128.40484,37.06269],[128.405,37.0624],[128.40504,37.06232],[128.4052,37.06204],[128.40536,37.06184],[128.40552,37.06163],[128.40578,37.06131],[128.40623,37.06042],[128.40625,37.06031],[128.40623,37.06023],[128.40617,37.06007],[128.4061,37.05993],[128.40604,37.05986],[128.40596,37.05978],[128.4058,37.05967],[128.40563,37.0596],[128.40531,37.05948],[128.40457,37.05921],[128.4044,37.05916],[128.40437,37.05915],[128.40432,37.05914],[128.40419,37.05912],[128.40409,37.05911],[128.40396,37.05911],[128.40383,37.05911],[128.40372,37.05913],[128.40361,37.05914],[128.40338,37.05919],[128.40315,37.05923],[128.40293,37.05929],[128.40276,37.05935],[128.40273,37.05937],[128.4027,37.0594],[128.40268,37.05942],[128.40264,37.05953],[128.4026,37.05964],[128.40256,37.0597],[128.40242,37.05986],[128.40219,37.06009],[128.40204,37.06021],[128.40195,37.06027],[128.40186,37.06033],[128.40171,37.0604],[128.40101,37.06066],[128.40089,37.0607],[128.40054,37.06078],[128.40028,37.06079],[128.40019,37.06078],[128.39713,37.05881],[128.39488,37.0573],[128.3948,37.05724],[128.39471,37.05718],[128.39447,37.05703],[128.39425,37.05689],[128.39261,37.05618],[128.39252,37.05615],[128.39242,37.05611],[128.39223,37.05607],[128.39201,37.05606],[128.39181,37.05606],[128.39169,37.05608],[128.39143,37.05612],[128.39138,37.05615],[128.39132,37.05617],[128.39113,37.05631],[128.39094,37.05645],[128.39069,37.05657],[128.39055,37.05664],[128.39042,37.0567],[128.39014,37.0568],[128.38994,37.05686],[128.38989,37.05687],[128.38984,37.05689],[128.38979,37.0569],[128.38975,37.05689],[128.38968,37.05686],[128.38816,37.05568],[128.3881,37.05562],[128.38657,37.05397],[128.38651,37.05389],[128.38646,37.05379],[128.38643,37.05369],[128.38642,37.05357],[128.38645,37.05342],[128.38653,37.0532],[128.38665,37.05292],[128.38556,37.05178],[128.3811,37.04861],[128.37897,37.04742],[128.37272,37.04432],[128.37266,37.04437],[128.37193,37.04493],[128.37124,37.04543],[128.37116,37.04549],[128.37112,37.04551],[128.37102,37.04555],[128.37097,37.04557],[128.37093,37.04558],[128.37087,37.04559],[128.37083,37.04559],[128.36813,37.04512],[128.36564,37.04434],[128.36377,37.04373],[128.35847,37.043],[128.35542,37.04296],[128.35487,37.04305],[128.35474,37.04307],[128.35459,37.04307],[128.35359,37.04304],[128.35355,37.04303],[128.35351,37.04303],[128.35341,37.04301],[128.3533,37.04296],[128.35193,37.04205],[128.35122,37.04144],[128.35114,37.04131],[128.35106,37.04119],[128.35099,37.04109],[128.35097,37.04106],[128.35092,37.041],[128.35088,37.04094],[128.35082,37.04089],[128.35075,37.04086],[128.35066,37.04081],[128.3506,37.0408],[128.3504,37.04077],[128.35021,37.04079],[128.34865,37.04092],[128.34857,37.04093],[128.34851,37.04094],[128.34837,37.04097],[128.3483,37.04098],[128.34821,37.04101],[128.34816,37.04104],[128.34811,37.04105],[128.34634,37.04196],[128.34113,37.04495],[128.34091,37.04499],[128.34084,37.04501],[128.33897,37.04584],[128.33887,37.04588],[128.33878,37.04592],[128.33867,37.04599],[128.33802,37.04659],[128.33786,37.04675],[128.3327,37.05358],[128.33261,37.0537],[128.33254,37.05379],[128.3314,37.05582],[128.33132,37.05599],[128.33106,37.05672],[128.33103,37.05684],[128.32638,37.05849],[128.3258,37.05853],[128.32509,37.05864],[128.32453,37.05875],[128.32448,37.05876],[128.32443,37.05879],[128.32235,37.06026],[128.32224,37.06035],[128.32222,37.06039],[128.32224,37.06043],[128.32226,37.06045],[128.323,37.06103],[128.32306,37.06106],[128.32309,37.06106],[128.32314,37.06107],[128.3232,37.06107],[128.32324,37.06107],[128.32327,37.06108],[128.32332,37.0611],[128.32346,37.06118],[128.32353,37.06122],[128.32358,37.06127],[128.32363,37.06133],[128.32368,37.0614],[128.32374,37.06148],[128.32378,37.06155],[128.32381,37.06164],[128.32382,37.06174],[128.32381,37.06186],[128.32346,37.06499],[128.32343,37.06514],[128.32316,37.06613],[128.3226,37.06719],[128.32088,37.06982],[128.31853,37.0734],[128.31559,37.07616],[128.31316,37.07819],[128.31099,37.08095],[128.31094,37.08103],[128.30848,37.08422],[128.30844,37.08427],[128.30838,37.08434],[128.30821,37.08452],[128.308,37.08472],[128.30148,37.09006],[128.30143,37.09009],[128.30134,37.09011],[128.30084,37.09012],[128.30056,37.09012],[128.3004,37.09011],[128.29872,37.09185],[128.29633,37.09493],[128.29486,37.09688],[128.29431,37.09789],[128.29471,37.09816],[128.29499,37.09832],[128.29548,37.09857],[128.2956,37.09861],[128.29577,37.09867],[128.29584,37.09868],[128.29588,37.09869],[128.29794,37.09904],[128.29992,37.09866],[128.30007,37.09859],[128.30019,37.09855],[128.30029,37.09851],[128.30041,37.09849],[128.30049,37.09848],[128.30058,37.09847],[128.30064,37.09846],[128.30068,37.09846],[128.30081,37.09848],[128.30105,37.09857],[128.30129,37.09866],[128.30148,37.09877],[128.30271,37.09947],[128.30401,37.10025],[128.30423,37.1004],[128.30435,37.1005],[128.30443,37.10058],[128.30453,37.10067],[128.30461,37.10074],[128.30464,37.1008],[128.30888,37.10968],[128.30965,37.11149],[128.30968,37.11159],[128.30968,37.11168],[128.30962,37.11249],[128.30894,37.11434],[128.30889,37.11444],[128.30875,37.11459],[128.30867,37.11466],[128.30835,37.11482],[128.30798,37.11499],[128.30766,37.11517],[128.30756,37.11524],[128.30748,37.1153],[128.30743,37.11533],[128.30737,37.11538],[128.30612,37.11641],[128.30556,37.11695],[128.30454,37.11818],[128.30449,37.11827],[128.30441,37.11842],[128.30374,37.12122],[128.30376,37.12203],[128.30393,37.12276],[128.30381,37.12417],[128.30378,37.12444],[128.30376,37.12453],[128.30258,37.12756],[128.29962,37.1323],[128.2994,37.13264],[128.29901,37.13324],[128.29827,37.13418],[128.29935,37.13489],[128.30295,37.13652],[128.30321,37.1366],[128.3037,37.13679],[128.30401,37.13695],[128.30416,37.13705],[128.30427,37.13716],[128.30431,37.1372],[128.30434,37.13723],[128.30979,37.14357],[128.31005,37.14417],[128.31014,37.14432],[128.31024,37.14443],[128.3105,37.14468],[128.3109,37.14503],[128.31109,37.14518],[128.31128,37.14529],[128.31148,37.14538],[128.31605,37.1471],[128.31624,37.14716],[128.31692,37.14738],[128.31715,37.14745],[128.31735,37.14751],[128.3177,37.14761],[128.3179,37.14764],[128.31815,37.14767],[128.31821,37.14768],[128.32069,37.14797],[128.32316,37.14808],[128.32354,37.14788],[128.3238,37.14776],[128.32409,37.14763],[128.32421,37.14758],[128.32426,37.14757],[128.3243,37.14756],[128.32436,37.14758],[128.32563,37.14826],[128.32572,37.14833],[128.32577,37.14839],[128.32583,37.1485],[128.32717,37.1514],[128.32721,37.15151],[128.32721,37.15157],[128.32718,37.15208],[128.32714,37.15251],[128.32714,37.15258],[128.32721,37.1528],[128.32723,37.15285],[128.32738,37.15297],[128.32776,37.15301],[128.32792,37.153],[128.32807,37.15291],[128.32816,37.15285],[128.3283,37.15276],[128.32857,37.15257],[128.32941,37.15186],[128.32963,37.15167],[128.32975,37.15153],[128.33002,37.15118],[128.33025,37.15084],[128.33037,37.15067],[128.33049,37.1505],[128.33061,37.15034],[128.33065,37.1503],[128.3307,37.1503],[128.33078,37.15035],[128.33109,37.15056],[128.33129,37.15069],[128.33148,37.15087],[128.33168,37.15107],[128.33197,37.15135],[128.33239,37.1518],[128.33262,37.15206],[128.33432,37.15416],[128.33453,37.15444],[128.33472,37.15472],[128.3348,37.15493],[128.33482,37.15507],[128.33481,37.15517],[128.33478,37.15525],[128.33467,37.1555],[128.33453,37.15577],[128.33449,37.15586],[128.33448,37.15596],[128.3345,37.15608],[128.3345,37.15611],[128.33459,37.15631],[128.33462,37.15637],[128.33464,37.15639],[128.3347,37.15648],[128.33477,37.15658],[128.33505,37.15685],[128.33527,37.15702],[128.33602,37.15743],[128.33621,37.15753],[128.33662,37.15774],[128.33678,37.15781],[128.33698,37.15787],[128.33706,37.15787],[128.33719,37.15787],[128.33751,37.15784],[128.33772,37.15782],[128.3379,37.15777],[128.33825,37.15765],[128.33864,37.15749],[128.33891,37.15737],[128.339,37.15733],[128.33904,37.1573],[128.33914,37.15724],[128.33922,37.15718],[128.33931,37.1571],[128.33959,37.15684],[128.33976,37.15667],[128.33978,37.15664],[128.3398,37.15661],[128.33992,37.15633],[128.34,37.15598],[128.34003,37.15584],[128.34005,37.15582],[128.34007,37.15577],[128.34015,37.15566],[128.34025,37.15557],[128.34043,37.15542],[128.34053,37.15536],[128.34175,37.15467],[128.34194,37.15457],[128.34203,37.15453],[128.34213,37.15448],[128.34236,37.15437],[128.34246,37.15434],[128.34269,37.15429],[128.34277,37.15426],[128.34287,37.15425],[128.34309,37.15425],[128.34321,37.15428],[128.34331,37.15431],[128.34361,37.15449],[128.34377,37.15462],[128.34384,37.1547],[128.34396,37.1549],[128.34408,37.15515],[128.34412,37.15525],[128.34419,37.15534],[128.34436,37.15548],[128.34511,37.15607],[128.34657,37.15702],[128.34673,37.1571],[128.34838,37.15779],[128.34868,37.15791],[128.34882,37.15796],[128.34925,37.15808],[128.34929,37.15809],[128.34938,37.15809],[128.34953,37.1581],[128.34968,37.15809],[128.35001,37.15804],[128.35013,37.15801],[128.35023,37.15797],[128.35033,37.15793],[128.35379,37.15581],[128.35391,37.15574],[128.35407,37.15561],[128.3541,37.15557],[128.35413,37.15554],[128.35418,37.15546],[128.35497,37.15424],[128.35594,37.15336],[128.35766,37.15134],[128.35766,37.15127],[128.35768,37.15118],[128.35775,37.15104],[128.35783,37.15093],[128.35796,37.15076],[128.35814,37.15056],[128.35829,37.15042],[128.35836,37.15037],[128.35851,37.15029],[128.35896,37.15009],[128.35931,37.14997],[128.35946,37.14996],[128.35952,37.14996],[128.35964,37.14999],[128.3598,37.15004]]]]}},{"type":"Feature","properties":{"code":"43800350","name":"적성면","parent":"43800"},"geometry":{"type":"MultiPolygon","coordinates":[[[[128.24945,37.07506],[128.24961,37.07378],[128.24962,37.07368],[128.24957,37.07315],[128.24956,37.07299],[128.24943,37.07198],[128.2494,37.07191],[128.24935,37.0718],[128.24926,37.07169],[128.24909,37.07153],[128.24901,37.07144],[128.24889,37.07127],[128.24889,37.07124],[128.24889,37.07114],[128.2489,37.07106],[128.24891,37.07101],[128.24896,37.07091],[128.24904,37.0708],[128.2491,37.07073],[128.24959,37.07022],[128.24977,37.07005],[128.24989,37.06994],[128.24999,37.06986],[128.25504,37.06599],[128.25513,37.06595],[128.25751,37.0651],[128.25757,37.06508],[128.25834,37.065],[128.25851,37.065],[128.25863,37.065],[128.26294,37.06232],[128.2668,37.0609],[128.26717,37.06087],[128.26732,37.06085],[128.26741,37.06083],[128.26759,37.06074],[128.26826,37.06027],[128.26839,37.06016],[128.27052,37.05785],[128.27057,37.05779],[128.27074,37.05759],[128.27078,37.05753],[128.27091,37.0573],[128.27092,37.05725],[128.27093,37.05721],[128.27105,37.05382],[128.27105,37.05375],[128.27103,37.05368],[128.271,37.05363],[128.27096,37.05355],[128.27091,37.0535],[128.27084,37.05345],[128.26834,37.052],[128.26825,37.05195],[128.26815,37.05192],[128.26799,37.05188],[128.26792,37.05189],[128.26646,37.05199],[128.26516,37.05196],[128.2649,37.05191],[128.26482,37.05188],[128.26287,37.0503],[128.26281,37.0502],[128.26278,37.05008],[128.26278,37.0499],[128.26279,37.04962],[128.26284,37.04934],[128.2629,37.04906],[128.26301,37.04869],[128.26306,37.04851],[128.26311,37.04845],[128.26328,37.04827],[128.26414,37.04756],[128.26464,37.04721],[128.26468,37.04717],[128.26472,37.04714],[128.26474,37.04709],[128.26473,37.04704],[128.26469,37.04699],[128.26323,37.04569],[128.26306,37.04557],[128.26288,37.04547],[128.26275,37.04541],[128.26246,37.0453],[128.26232,37.04526],[128.26211,37.04522],[128.26196,37.0452],[128.26171,37.04519],[128.25999,37.0443],[128.25993,37.04426],[128.25987,37.04422],[128.25983,37.04417],[128.25981,37.04412],[128.2598,37.04402],[128.25992,37.04198],[128.26011,37.04094],[128.26014,37.0408],[128.26023,37.04067],[128.26045,37.04044],[128.26066,37.04026],[128.26545,37.03714],[128.2661,37.03675],[128.26617,37.03672],[128.26625,37.0367],[128.26925,37.03641],[128.26941,37.03641],[128.26948,37.03642],[128.26956,37.03645],[128.26971,37.03652],[128.26996,37.03669],[128.27045,37.03693],[128.27134,37.03732],[128.27142,37.03734],[128.27146,37.03734],[128.27153,37.03733],[128.27158,37.03731],[128.27335,37.03639],[128.2785,37.03303],[128.27926,37.03243],[128.27934,37.03236],[128.27942,37.03228],[128.27949,37.03219],[128.27954,37.03212],[128.2796,37.032],[128.28066,37.02988],[128.28062,37.02978],[128.28057,37.02968],[128.28056,37.02961],[128.28056,37.02943],[128.28057,37.02927],[128.2806,37.02911],[128.28062,37.02897],[128.28065,37.02891],[128.28069,37.02883],[128.28105,37.0283],[128.28117,37.02812],[128.2817,37.02751],[128.28174,37.02746],[128.28189,37.02741],[128.28461,37.02674],[128.28475,37.02671],[128.2851,37.02666],[128.28529,37.02664],[128.28569,37.0266],[128.28589,37.02658],[128.28627,37.0266],[128.28636,37.02661],[128.28678,37.02687],[128.28693,37.02699],[128.28719,37.02713],[128.28745,37.02721],[128.288,37.02737],[128.29006,37.02736],[128.29129,37.02722],[128.29135,37.02721],[128.29139,37.02718],[128.29367,37.02349],[128.29379,37.02223],[128.29364,37.02206],[128.29338,37.02198],[128.29328,37.02197],[128.29306,37.02197],[128.2928,37.02199],[128.29273,37.02199],[128.29264,37.02198],[128.29329,37.0209],[128.29343,37.0207],[128.29378,37.02023],[128.29409,37.01987],[128.29449,37.01941],[128.29648,37.01718],[128.29769,37.01588],[128.298,37.01557],[128.29847,37.01488],[128.29921,37.01362],[128.29922,37.01356],[128.299,37.01221],[128.29895,37.01203],[128.29884,37.01187],[128.29862,37.01164],[128.29847,37.01144],[128.29843,37.01133],[128.29839,37.01115],[128.29838,37.01109],[128.29838,37.01102],[128.29841,37.0109],[128.29921,37.00936],[128.30166,37.00583],[128.3035,37.00383],[128.3036,37.00371],[128.30394,37.00331],[128.30394,37.00328],[128.30412,37.00116],[128.30413,37.001],[128.30375,36.99786],[128.30374,36.99779],[128.30172,36.99334],[128.30117,36.99238],[128.30027,36.99106],[128.30016,36.99102],[128.29997,36.99098],[128.29979,36.99095],[128.29925,36.99084],[128.2992,36.99082],[128.29916,36.99078],[128.29912,36.99073],[128.29911,36.99069],[128.29927,36.98928],[128.29929,36.98924],[128.29974,36.98819],[128.29978,36.98811],[128.30114,36.98572],[128.30245,36.9835],[128.30248,36.98345],[128.30263,36.98333],[128.30277,36.98323],[128.30835,36.97987],[128.30839,36.97985],[128.30889,36.9797],[128.30955,36.97953],[128.31021,36.97937],[128.31053,36.97929],[128.311,36.97919],[128.31167,36.97905],[128.31183,36.97901],[128.31212,36.97896],[128.3122,36.97895],[128.31225,36.97895],[128.31478,36.9792],[128.31488,36.97921],[128.31494,36.97923],[128.31504,36.97928],[128.31508,36.9793],[128.31544,36.97954],[128.31561,36.97967],[128.31899,36.98175],[128.32628,36.98455],[128.32645,36.98459],[128.3281,36.98497],[128.32815,36.98497],[128.32823,36.98496],[128.32838,36.98492],[128.32847,36.9849],[128.32855,36.98489],[128.33016,36.98451],[128.33025,36.98449],[128.33034,36.98447],[128.33043,36.98444],[128.33052,36.98441],[128.33089,36.98428],[128.33142,36.98409],[128.33159,36.98402],[128.33236,36.9837],[128.33262,36.98359],[128.33269,36.98355],[128.33278,36.98351],[128.33293,36.98342],[128.33309,36.98332],[128.33324,36.98322],[128.33342,36.98307],[128.33357,36.98296],[128.33366,36.98289],[128.33374,36.98284],[128.33392,36.98272],[128.33458,36.98229],[128.33474,36.9822],[128.33485,36.98213],[128.33493,36.98209],[128.3351,36.98202],[128.33538,36.98189],[128.33543,36.98187],[128.33593,36.98165],[128.33748,36.98103],[128.33789,36.98087],[128.33906,36.98062],[128.33999,36.98043],[128.34007,36.98042],[128.34013,36.9804],[128.34023,36.98037],[128.34031,36.98034],[128.34035,36.98032],[128.3406,36.98018],[128.34145,36.97962],[128.34158,36.97953],[128.34161,36.97949],[128.34161,36.97946],[128.34159,36.97941],[128.34024,36.97646],[128.33931,36.97399],[128.33851,36.97172],[128.33815,36.9706],[128.33794,36.96939],[128.33787,36.96882],[128.33775,36.96417],[128.33755,36.9619],[128.33741,36.96148],[128.33587,36.95909],[128.3358,36.959],[128.33579,36.95897],[128.33576,36.95895],[128.33572,36.9589],[128.3357,36.95888],[128.33563,36.95881],[128.33559,36.95878],[128.33423,36.95758],[128.33419,36.95755],[128.33324,36.9568],[128.33215,36.9561],[128.33092,36.9553],[128.32613,36.9523],[128.32534,36.95198],[128.32426,36.95164],[128.32339,36.95135],[128.32282,36.95112],[128.32185,36.95062],[128.32108,36.95021],[128.32022,36.94969],[128.31975,36.94936],[128.31916,36.94892],[128.31779,36.94781],[128.31554,36.94573],[128.31416,36.94454],[128.31312,36.94384],[128.31302,36.94379],[128.31267,36.9436],[128.31233,36.94343],[128.312,36.94329],[128.31174,36.94318],[128.31005,36.94272],[128.30869,36.94234],[128.30684,36.94182],[128.30662,36.94175],[128.30628,36.94163],[128.30591,36.94149],[128.30565,36.94136],[128.30548,36.94125],[128.30527,36.94112],[128.30414,36.94032],[128.3039,36.94013],[128.30364,36.93992],[128.30347,36.93974],[128.30328,36.93951],[128.30313,36.9393],[128.30217,36.93788],[128.30197,36.93755],[128.30171,36.93706],[128.3001,36.93436],[128.29405,36.92784],[128.29315,36.92705],[128.2917,36.92584],[128.29143,36.92562],[128.29079,36.92518],[128.29036,36.92494],[128.29021,36.92487],[128.28996,36.92481],[128.28974,36.92479],[128.28948,36.92479],[128.2892,36.92483],[128.28908,36.92485],[128.28663,36.92561],[128.28602,36.92582],[128.28583,36.92594],[128.28552,36.92635],[128.28548,36.92646],[128.28548,36.92656],[128.28548,36.92669],[128.28549,36.92683],[128.28551,36.92698],[128.28553,36.92707],[128.28583,36.92784],[128.28572,36.92931],[128.28565,36.92999],[128.2854,36.93054],[128.28519,36.93072],[128.28471,36.9311],[128.28405,36.93149],[128.28351,36.93181],[128.2825,36.93214],[128.28043,36.93274],[128.27934,36.93298],[128.27816,36.93315],[128.27753,36.93322],[128.27723,36.93324],[128.27156,36.93305],[128.27047,36.933],[128.27007,36.93298],[128.26805,36.93289],[128.26701,36.93286],[128.26619,36.93292],[128.25988,36.93351],[128.25814,36.9337],[128.25581,36.93408],[128.25409,36.93447],[128.25229,36.9349],[128.25192,36.93502],[128.25148,36.93523],[128.25084,36.93563],[128.25073,36.93577],[128.25064,36.93589],[128.25057,36.93604],[128.25049,36.93626],[128.25045,36.9364],[128.25033,36.93734],[128.25032,36.93748],[128.25036,36.93774],[128.25049,36.93806],[128.25081,36.93843],[128.25129,36.93908],[128.25157,36.9395],[128.2517,36.93982],[128.25175,36.94005],[128.25163,36.94109],[128.25161,36.94122],[128.25156,36.94143],[128.25143,36.94177],[128.25126,36.94211],[128.25117,36.94228],[128.25107,36.94241],[128.25121,36.94241],[128.25146,36.94241],[128.25162,36.94243],[128.25174,36.94245],[128.2531,36.94278],[128.25342,36.94289],[128.25375,36.94301],[128.25425,36.94322],[128.25436,36.94327],[128.25445,36.94332],[128.25598,36.9442],[128.25789,36.94543],[128.25798,36.94554],[128.25824,36.94603],[128.25836,36.9463],[128.25857,36.94675],[128.25984,36.94838],[128.25988,36.94843],[128.25992,36.94848],[128.25999,36.94854],[128.26004,36.94858],[128.26008,36.94861],[128.26013,36.94863],[128.26019,36.94865],[128.26032,36.94869],[128.26207,36.94922],[128.26217,36.94924],[128.2623,36.94925],[128.26235,36.94925],[128.26241,36.94924],[128.26244,36.94923],[128.26252,36.94921],[128.26257,36.9492],[128.26284,36.94915],[128.26292,36.94914],[128.26296,36.94914],[128.26299,36.94914],[128.26303,36.94915],[128.26313,36.94918],[128.26318,36.9492],[128.26322,36.94922],[128.26329,36.94926],[128.26337,36.94929],[128.26359,36.94944],[128.26381,36.9496],[128.26385,36.94963],[128.26391,36.94968],[128.26396,36.94973],[128.26402,36.9498],[128.26412,36.94992],[128.26426,36.95013],[128.26438,36.95036],[128.26442,36.95045],[128.26447,36.95063],[128.26448,36.95072],[128.2645,36.95157],[128.2645,36.9517],[128.26448,36.95182],[128.26433,36.95281],[128.26432,36.95285],[128.26429,36.95294],[128.26426,36.95299],[128.26424,36.95303],[128.26417,36.95307],[128.26324,36.9539],[128.26248,36.95471],[128.26243,36.95478],[128.26127,36.95648],[128.26125,36.95651],[128.26126,36.95654],[128.26135,36.95669],[128.26175,36.95733],[128.26188,36.95751],[128.26193,36.95757],[128.262,36.95765],[128.26209,36.95773],[128.26217,36.95779],[128.26242,36.95793],[128.26278,36.9581],[128.26295,36.95819],[128.26314,36.95828],[128.26363,36.95852],[128.26367,36.95854],[128.26372,36.95857],[128.2639,36.95868],[128.2642,36.9589],[128.26433,36.959],[128.2645,36.95914],[128.2655,36.96006],[128.26625,36.96092],[128.26436,36.96292],[128.26322,36.96408],[128.263,36.9658],[128.26301,36.966],[128.26301,36.96606],[128.26297,36.96622],[128.26292,36.96635],[128.2629,36.96639],[128.26288,36.96642],[128.2628,36.96651],[128.26273,36.9666],[128.26239,36.96697],[128.26229,36.96707],[128.26101,36.9693],[128.26071,36.97218],[128.26045,36.97533],[128.26045,36.97548],[128.26045,36.97553],[128.26043,36.97572],[128.26014,36.9772],[128.25996,36.97811],[128.25962,36.97975],[128.25961,36.97981],[128.25954,36.98003],[128.25947,36.98023],[128.25938,36.98046],[128.2593,36.98063],[128.25928,36.98068],[128.25925,36.98072],[128.25908,36.98098],[128.25901,36.98105],[128.25894,36.98112],[128.25891,36.98115],[128.2588,36.98126],[128.25871,36.98134],[128.2577,36.98333],[128.25641,36.98596],[128.2564,36.98598],[128.25617,36.9866],[128.25615,36.98668],[128.25616,36.98671],[128.25673,36.98708],[128.25679,36.98712],[128.25686,36.98715],[128.2569,36.98716],[128.25693,36.98717],[128.25697,36.98718],[128.257,36.98717],[128.25707,36.98716],[128.25711,36.98715],[128.25716,36.98715],[128.25722,36.98716],[128.25726,36.98717],[128.2573,36.9872],[128.25734,36.98724],[128.25765,36.98829],[128.25766,36.98833],[128.25769,36.98846],[128.25873,36.99307],[128.25874,36.99313],[128.25873,36.99316],[128.25871,36.9932],[128.25824,36.994],[128.25821,36.99404],[128.25818,36.99408],[128.25755,36.99496],[128.2575,36.99502],[128.25735,36.9952],[128.25729,36.99528],[128.25713,36.99545],[128.25706,36.99551],[128.257,36.99556],[128.25685,36.99567],[128.25677,36.99572],[128.25412,36.99741],[128.25386,36.99753],[128.25576,36.99796],[128.25599,36.99803],[128.25617,36.9981],[128.25631,36.99818],[128.2564,36.99824],[128.25654,36.99833],[128.25665,36.99841],[128.25671,36.99847],[128.25676,36.99852],[128.25698,36.99876],[128.25714,36.99895],[128.25727,36.99922],[128.25736,36.99945],[128.25744,36.99976],[128.25752,37.00008],[128.25753,37.00012],[128.25753,37.00019],[128.25752,37.00027],[128.2575,37.00035],[128.25682,37.0028],[128.25634,37.00427],[128.25522,37.0071],[128.25515,37.00721],[128.25383,37.00928],[128.25379,37.00934],[128.25375,37.00936],[128.2535,37.0094],[128.25319,37.00945],[128.25303,37.00948],[128.25286,37.00952],[128.25258,37.00963],[128.2509,37.01052],[128.25078,37.01059],[128.25071,37.01064],[128.24879,37.01254],[128.24795,37.01347],[128.24773,37.01374],[128.24766,37.01385],[128.24627,37.01643],[128.24583,37.01774],[128.24459,37.02041],[128.24457,37.02045],[128.24405,37.0209],[128.24397,37.02098],[128.24392,37.02102],[128.24057,37.02374],[128.24044,37.02384],[128.24041,37.02385],[128.24038,37.02387],[128.24025,37.02393],[128.2402,37.02395],[128.23836,37.0248],[128.23829,37.02482],[128.23762,37.02498],[128.23749,37.02501],[128.23741,37.02502],[128.2338,37.02491],[128.23069,37.02455],[128.23054,37.02452],[128.23041,37.02449],[128.23028,37.02448],[128.23012,37.02446],[128.22997,37.02444],[128.22984,37.02443],[128.22973,37.02443],[128.22964,37.02443],[128.22829,37.02441],[128.22825,37.02441],[128.22821,37.02441],[128.22813,37.02445],[128.22669,37.02524],[128.22656,37.02531],[128.22652,37.02534],[128.22648,37.02537],[128.22645,37.02542],[128.22644,37.02546],[128.22645,37.02549],[128.22653,37.0257],[128.22656,37.02575],[128.22664,37.02585],[128.22674,37.02601],[128.22678,37.02608],[128.22679,37.02614],[128.22679,37.02623],[128.22676,37.02631],[128.22671,37.02636],[128.22665,37.0264],[128.22565,37.02685],[128.22555,37.02689],[128.22524,37.027],[128.2252,37.0278],[128.22451,37.02963],[128.22418,37.03131],[128.22417,37.03141],[128.22417,37.03148],[128.2242,37.0316],[128.22425,37.03181],[128.22431,37.03199],[128.22438,37.03218],[128.22449,37.03239],[128.22461,37.03264],[128.22472,37.03279],[128.2248,37.03291],[128.22486,37.033],[128.22489,37.03306],[128.2249,37.03313],[128.2249,37.03318],[128.22486,37.0333],[128.2248,37.03348],[128.22475,37.03358],[128.22473,37.03363],[128.2244,37.03421],[128.22435,37.0343],[128.22432,37.03434],[128.22428,37.03438],[128.22415,37.03448],[128.22401,37.03459],[128.22388,37.03468],[128.22352,37.03489],[128.2217,37.03593],[128.22153,37.03599],[128.22063,37.03631],[128.21862,37.03697],[128.21735,37.03723],[128.21731,37.03725],[128.21729,37.03728],[128.21727,37.03733],[128.21728,37.03739],[128.2173,37.03749],[128.21734,37.03755],[128.21837,37.03911],[128.21894,37.03986],[128.2195,37.04047],[128.2196,37.04059],[128.22054,37.04168],[128.22057,37.04172],[128.22063,37.04182],[128.22066,37.04186],[128.22067,37.04192],[128.22067,37.04196],[128.22061,37.0423],[128.2206,37.04234],[128.22056,37.04244],[128.22029,37.04296],[128.22026,37.043],[128.22019,37.04304],[128.2201,37.04312],[128.21999,37.04332],[128.21984,37.04369],[128.2196,37.04429],[128.21944,37.04475],[128.21926,37.04571],[128.21925,37.0458],[128.21926,37.04585],[128.22046,37.04867],[128.22088,37.04921],[128.21969,37.05117],[128.21929,37.05176],[128.21801,37.05418],[128.21798,37.05424],[128.21798,37.05429],[128.218,37.05437],[128.21806,37.05443],[128.2185,37.05483],[128.21863,37.05491],[128.21876,37.05497],[128.21883,37.055],[128.21888,37.05501],[128.21893,37.055],[128.21901,37.05499],[128.2191,37.05499],[128.21922,37.05498],[128.21937,37.055],[128.21968,37.05505],[128.21998,37.05511],[128.22037,37.05522],[128.22071,37.05533],[128.22098,37.05542],[128.22121,37.05551],[128.22133,37.05558],[128.22145,37.05564],[128.22151,37.05568],[128.22159,37.05575],[128.22171,37.05587],[128.22183,37.05599],[128.22189,37.05607],[128.22502,37.06056],[128.22559,37.0623],[128.22564,37.06237],[128.22584,37.06254],[128.2259,37.06258],[128.22596,37.06261],[128.22642,37.06274],[128.22668,37.0628],[128.22693,37.06286],[128.22728,37.0629],[128.22784,37.06293],[128.22802,37.06294],[128.23156,37.06383],[128.23602,37.06504],[128.23643,37.06518],[128.23667,37.06527],[128.2368,37.06532],[128.23686,37.06536],[128.2369,37.06539],[128.23851,37.06734],[128.23856,37.06741],[128.2387,37.06773],[128.23873,37.06783],[128.23875,37.0679],[128.23879,37.06959],[128.23878,37.0698],[128.23875,37.06995],[128.23869,37.07005],[128.2386,37.07017],[128.23853,37.07027],[128.2385,37.07033],[128.23844,37.0705],[128.23843,37.07058],[128.23846,37.07111],[128.23848,37.07123],[128.23852,37.07135],[128.23952,37.07342],[128.23975,37.07378],[128.23978,37.07382],[128.23984,37.07387],[128.23995,37.07393],[128.24326,37.07533],[128.24399,37.07563],[128.24792,37.07613],[128.24945,37.07506]]]]}}]}