{"type":"FeatureCollection","features":[{"type":"Feature","properties":{"code":"48890250","name":"합천읍","parent":"48890"},"geometry":{"type":"MultiPolygon","coordinates":[[[[128.16373,35.65349],[128.16379,35.65277],[128.16517,35.64901],[128.16557,35.64811],[128.16563,35.648],[128.16566,35.64796],[128.16571,35.64789],[128.16961,35.64332],[128.1724,35.63886],[128.17247,35.63881],[128.17256,35.63878],[128.17339,35.63844],[128.17468,35.63793],[128.17622,35.63714],[128.17632,35.63708],[128.17636,35.63703],[128.17643,35.63688],[128.17648,35.63671],[128.17651,35.63656],[128.17693,35.63387],[128.17695,35.63367],[128.17699,35.63168],[128.17843,35.62668],[128.17869,35.6226],[128.17869,35.62253],[128.17864,35.62236],[128.1784,35.62161],[128.17833,35.62145],[128.17825,35.62135],[128.17815,35.62128],[128.17809,35.62124],[128.17804,35.62122],[128.17797,35.62119],[128.17788,35.62117],[128.17776,35.62118],[128.17761,35.6212],[128.17744,35.62128],[128.17699,35.62149],[128.17644,35.62174],[128.17629,35.62178],[128.17552,35.62194],[128.17536,35.62196],[128.17217,35.62195],[128.17211,35.62195],[128.17205,35.62195],[128.1717,35.62189],[128.17161,35.62186],[128.17155,35.62184],[128.17149,35.6218],[128.17141,35.62174],[128.17136,35.62169],[128.17133,35.62165],[128.17126,35.62151],[128.17085,35.62051],[128.17053,35.61956],[128.17031,35.61892],[128.16953,35.61639],[128.1695,35.61622],[128.1695,35.6161],[128.16952,35.61597],[128.16959,35.61558],[128.16962,35.61545],[128.16967,35.61536],[128.1698,35.61523],[128.1699,35.61514],[128.17002,35.61504],[128.17019,35.61487],[128.17023,35.61483],[128.17027,35.61477],[128.17033,35.61469],[128.17036,35.61463],[128.17038,35.61456],[128.17037,35.61451],[128.1703,35.61286],[128.17126,35.60593],[128.17128,35.60586],[128.17151,35.60574],[128.17173,35.60563],[128.17268,35.60503],[128.17359,35.60384],[128.17367,35.60374],[128.17368,35.60369],[128.17377,35.60317],[128.17385,35.60237],[128.17386,35.60226],[128.17383,35.60213],[128.17378,35.60192],[128.17365,35.60167],[128.17385,35.59954],[128.17447,35.59724],[128.17565,35.59531],[128.1775,35.5944],[128.17816,35.59404],[128.17989,35.59307],[128.18081,35.59146],[128.1817,35.58983],[128.18178,35.5895],[128.18176,35.58946],[128.18167,35.58931],[128.17942,35.58824],[128.17769,35.58718],[128.1747,35.58446],[128.17236,35.58207],[128.17216,35.58098],[128.17209,35.58028],[128.17197,35.57904],[128.17207,35.57568],[128.17231,35.57311],[128.17238,35.57237],[128.17259,35.57167],[128.17281,35.57117],[128.17371,35.56858],[128.17387,35.56734],[128.17394,35.56678],[128.17408,35.56567],[128.17413,35.56356],[128.17408,35.56303],[128.17392,35.56138],[128.17289,35.56042],[128.16828,35.55902],[128.16718,35.55869],[128.16235,35.5578],[128.1615,35.5577],[128.16022,35.55754],[128.15981,35.55602],[128.15968,35.5559],[128.15915,35.5554],[128.15913,35.55545],[128.15785,35.55769],[128.15717,35.55764],[128.15633,35.55758],[128.15611,35.55759],[128.15592,35.5576],[128.15452,35.55768],[128.15401,35.55771],[128.15328,35.55786],[128.15057,35.55859],[128.14912,35.55899],[128.14781,35.55934],[128.14765,35.55939],[128.14746,35.55946],[128.14714,35.5596],[128.14646,35.55991],[128.14631,35.56],[128.14499,35.56084],[128.1449,35.56091],[128.14466,35.5611],[128.14455,35.56119],[128.14417,35.56152],[128.13642,35.56858],[128.13629,35.56872],[128.13615,35.56889],[128.13584,35.56955],[128.1358,35.57],[128.13606,35.57064],[128.13621,35.57086],[128.13639,35.57112],[128.13646,35.57131],[128.13641,35.5721],[128.13636,35.57227],[128.13587,35.57346],[128.13503,35.57518],[128.13475,35.5757],[128.13465,35.57581],[128.13122,35.57917],[128.13053,35.57963],[128.12927,35.58071],[128.13061,35.58458],[128.13087,35.58516],[128.13083,35.58519],[128.13,35.58574],[128.12979,35.58577],[128.12965,35.58574],[128.12951,35.58573],[128.12934,35.58571],[128.129,35.5857],[128.12879,35.58576],[128.12776,35.58608],[128.1275,35.58616],[128.12739,35.58624],[128.12361,35.58881],[128.11788,35.59239],[128.11746,35.5927],[128.11694,35.59325],[128.11651,35.59377],[128.11629,35.59425],[128.11619,35.59486],[128.11601,35.59512],[128.11548,35.59552],[128.11313,35.59698],[128.11282,35.59706],[128.11125,35.59701],[128.10945,35.59663],[128.10851,35.59609],[128.10426,35.59462],[128.10381,35.59454],[128.09987,35.59414],[128.097,35.59373],[128.09325,35.59293],[128.09253,35.5928],[128.0921,35.59277],[128.08601,35.59287],[128.08523,35.59299],[128.08469,35.59334],[128.08467,35.59416],[128.08477,35.59449],[128.08557,35.59685],[128.08584,35.59741],[128.08651,35.5986],[128.08735,35.60033],[128.08745,35.60057],[128.08742,35.60071],[128.08735,35.6008],[128.08729,35.60089],[128.08526,35.60216],[128.08448,35.60248],[128.08435,35.60251],[128.08422,35.60255],[128.08413,35.60263],[128.08405,35.60272],[128.08272,35.60504],[128.08243,35.60578],[128.08018,35.60879],[128.07747,35.61151],[128.07676,35.61274],[128.07672,35.61301],[128.07669,35.61716],[128.07684,35.61784],[128.07695,35.61815],[128.07712,35.61817],[128.07795,35.61797],[128.07813,35.6179],[128.07828,35.61785],[128.07843,35.61789],[128.08004,35.61941],[128.08602,35.62366],[128.0867,35.62402],[128.08707,35.62409],[128.08718,35.62411],[128.08936,35.62423],[128.08945,35.62427],[128.08971,35.62436],[128.08991,35.62433],[128.09021,35.62427],[128.09061,35.62409],[128.09179,35.62288],[128.09401,35.6209],[128.0968,35.61972],[128.09752,35.61946],[128.09782,35.6194],[128.09806,35.61939],[128.09849,35.6194],[128.09881,35.61943],[128.09887,35.61944],[128.09894,35.61946],[128.10117,35.62072],[128.10141,35.62086],[128.10435,35.62209],[128.10517,35.62189],[128.10541,35.62186],[128.10557,35.62185],[128.10563,35.62186],[128.10571,35.62187],[128.10577,35.6219],[128.10596,35.62199],[128.10842,35.62395],[128.10922,35.62468],[128.1095,35.62496],[128.10979,35.62523],[128.1102,35.62575],[128.11066,35.62641],[128.1108,35.62752],[128.11074,35.62778],[128.11055,35.62803],[128.11132,35.62889],[128.11172,35.62928],[128.11547,35.63119],[128.11583,35.63136],[128.11788,35.63143],[128.11817,35.63139],[128.11852,35.63134],[128.1191,35.63094],[128.12072,35.63086],[128.123,35.63086],[128.12371,35.63113],[128.12377,35.63117],[128.12381,35.63122],[128.12384,35.63129],[128.12389,35.63147],[128.12391,35.63169],[128.12398,35.63197],[128.12408,35.63228],[128.12422,35.63255],[128.12433,35.6327],[128.1244,35.63278],[128.12458,35.63294],[128.1289,35.63641],[128.13304,35.64044],[128.13314,35.64053],[128.13456,35.6413],[128.13476,35.64139],[128.13498,35.64143],[128.13543,35.6415],[128.13561,35.64152],[128.13634,35.6415],[128.13652,35.64149],[128.13668,35.64148],[128.13678,35.64149],[128.1369,35.64149],[128.137,35.6415],[128.13708,35.64154],[128.13808,35.64199],[128.13813,35.64201],[128.13818,35.64204],[128.14047,35.64317],[128.14064,35.64326],[128.14156,35.64397],[128.14327,35.64657],[128.14507,35.6491],[128.14863,35.65254],[128.15143,35.65463],[128.15634,35.65735],[128.15777,35.65795],[128.15773,35.6579],[128.15772,35.65781],[128.15773,35.65775],[128.15781,35.65756],[128.15784,35.65749],[128.15796,35.65727],[128.15893,35.65563],[128.15921,35.65524],[128.15942,35.65501],[128.15955,35.65491],[128.15976,35.65476],[128.16022,35.65444],[128.16059,35.65421],[128.16085,35.65404],[128.16098,35.65396],[128.16119,35.65384],[128.16127,35.6538],[128.16138,35.65374],[128.16373,35.65349]]]]}},{"type":"Feature","properties":{"code":"48890310","name":"봉산면","parent":"48890"},"geometry":{"type":"MultiPolygon","coordinates":[[[[128.07285,35.67303],[128.07159,35.67234],[128.07111,35.67216],[128.06834,35.67161],[128.06754,35.67153],[128.06712,35.67154],[128.06661,35.67148],[128.06618,35.67135],[128.06564,35.67072],[128.06496,35.6695],[128.06422,35.66851],[128.06377,35.66791],[128.06355,35.66777],[128.06312,35.66768],[128.0615,35.66743],[128.06078,35.6671],[128.06047,35.66675],[128.06024,35.66642],[128.06007,35.66614],[128.05987,35.66576],[128.05976,35.6654],[128.0597,35.66473],[128.05971,35.66372],[128.05976,35.66172],[128.05986,35.6611],[128.06014,35.66045],[128.06037,35.65993],[128.06262,35.65614],[128.06263,35.65448],[128.06298,35.65277],[128.06414,35.65066],[128.06476,35.64999],[128.06556,35.64931],[128.06559,35.6491],[128.06563,35.6486],[128.06556,35.64827],[128.06565,35.64561],[128.06568,35.64517],[128.06598,35.64489],[128.06687,35.64426],[128.06747,35.64398],[128.06937,35.64356],[128.07053,35.64361],[128.07088,35.64371],[128.07129,35.64378],[128.07179,35.64372],[128.07221,35.6436],[128.07404,35.64253],[128.07514,35.6418],[128.07537,35.64162],[128.07552,35.64125],[128.0759,35.64057],[128.07632,35.64001],[128.07917,35.63831],[128.08595,35.63297],[128.08628,35.63127],[128.08744,35.62853],[128.08914,35.62541],[128.08954,35.62459],[128.08936,35.62423],[128.08718,35.62411],[128.08707,35.62409],[128.0867,35.62402],[128.08602,35.62366],[128.08004,35.61941],[128.07843,35.61789],[128.07828,35.61785],[128.07813,35.6179],[128.07795,35.61797],[128.07712,35.61817],[128.07695,35.61815],[128.07684,35.61784],[128.07669,35.61716],[128.07672,35.61301],[128.07676,35.61274],[128.07747,35.61151],[128.08018,35.60879],[128.08243,35.60578],[128.08272,35.60504],[128.08405,35.60272],[128.08413,35.60263],[128.08422,35.60255],[128.08435,35.60251],[128.08448,35.60248],[128.08526,35.60216],[128.08729,35.60089],[128.08735,35.6008],[128.08742,35.60071],[128.08745,35.60057],[128.08735,35.60033],[128.08651,35.5986],[128.08584,35.59741],[128.08557,35.59685],[128.08477,35.59449],[128.08467,35.59416],[128.08469,35.59334],[128.08211,35.59254],[128.08067,35.59192],[128.08025,35.59168],[128.07667,35.58787],[128.07257,35.58338],[128.07269,35.58293],[128.07263,35.58264],[128.07191,35.58158],[128.06982,35.57869],[128.06908,35.57856],[128.06809,35.57682],[128.06712,35.57496],[128.06586,35.57234],[128.06573,35.57134],[128.06557,35.5709],[128.06377,35.56818],[128.06324,35.56758],[128.0626,35.56692],[128.06001,35.56423],[128.05992,35.56415],[128.05953,35.56418],[128.05344,35.56521],[128.05294,35.56548],[128.05246,35.56606],[128.05199,35.56652],[128.05088,35.56703],[128.04732,35.56842],[128.04508,35.5691],[128.04339,35.56953],[128.04078,35.57008],[128.0405,35.56997],[128.04037,35.56977],[128.04049,35.56882],[128.04042,35.5682],[128.04018,35.56721],[128.04002,35.56671],[128.03926,35.56561],[128.03769,35.56341],[128.03762,35.56311],[128.03763,35.56272],[128.03943,35.56086],[128.04027,35.55976],[128.04049,35.55915],[128.04037,35.55893],[128.04022,35.5588],[128.04002,35.55871],[128.03952,35.5587],[128.03889,35.55887],[128.03336,35.56062],[128.033,35.56074],[128.0319,35.5612],[128.02998,35.56215],[128.02965,35.56255],[128.02768,35.56587],[128.02672,35.56702],[128.02585,35.56768],[128.02481,35.56799],[128.0241,35.56802],[128.02365,35.56793],[128.02308,35.56765],[128.02222,35.56708],[128.02146,35.56589],[128.02042,35.56288],[128.02036,35.56249],[128.02064,35.5618],[128.02088,35.56052],[128.02058,35.55892],[128.02014,35.55877],[128.01894,35.55851],[128.01855,35.55852],[128.01819,35.55859],[128.01795,35.55875],[128.01674,35.56112],[128.01661,35.56144],[128.01563,35.56527],[128.01564,35.56573],[128.01566,35.56581],[128.01574,35.56615],[128.01583,35.56667],[128.01583,35.56835],[128.01565,35.56843],[128.01526,35.56846],[128.01495,35.56838],[128.0132,35.56763],[128.01214,35.56704],[128.01187,35.56673],[128.01111,35.56624],[128.01087,35.56616],[128.01047,35.56611],[128.01002,35.56606],[128.00853,35.56593],[128.00839,35.56593],[128.00594,35.56588],[128.00361,35.56578],[128.00196,35.56558],[128.00009,35.56506],[127.9996,35.56497],[127.99893,35.56493],[127.99862,35.56492],[127.99849,35.56497],[127.99833,35.56513],[127.99803,35.56565],[127.99783,35.56585],[127.99662,35.56537],[127.99398,35.56382],[127.99158,35.5623],[127.99141,35.56218],[127.98631,35.55926],[127.98604,35.55918],[127.98582,35.55915],[127.98522,35.55913],[127.98512,35.55914],[127.98507,35.55916],[127.98487,35.55931],[127.98401,35.56002],[127.98305,35.56085],[127.98299,35.5609],[127.98287,35.56092],[127.98278,35.5609],[127.98097,35.5605],[127.98082,35.56044],[127.97975,35.55994],[127.97911,35.5596],[127.97791,35.55878],[127.97767,35.5586],[127.97741,35.55833],[127.97718,35.55818],[127.97547,35.55784],[127.97531,35.55782],[127.9751,35.55784],[127.97477,35.55787],[127.97453,35.55792],[127.97458,35.55797],[127.97469,35.55833],[127.97478,35.55878],[127.97526,35.56146],[127.97525,35.56164],[127.97641,35.56319],[127.97699,35.56307],[127.9774,35.56305],[127.97861,35.56313],[127.97877,35.56316],[127.97889,35.56319],[127.97901,35.56323],[127.97915,35.56327],[127.97933,35.56336],[127.97942,35.56342],[127.97951,35.56352],[127.98089,35.56609],[127.98094,35.56629],[127.98095,35.56642],[127.98105,35.56815],[127.98104,35.56894],[127.98018,35.57152],[127.98008,35.57173],[127.97974,35.57245],[127.97926,35.57341],[127.97919,35.57357],[127.97916,35.5738],[127.97919,35.57396],[127.9801,35.57803],[127.98016,35.5783],[127.98073,35.58011],[127.98094,35.58058],[127.98306,35.58436],[127.98314,35.5845],[127.98324,35.58464],[127.98327,35.58466],[127.9833,35.58469],[127.98399,35.58494],[127.98423,35.58501],[127.98447,35.58508],[127.98483,35.58513],[127.98572,35.58524],[127.98619,35.5853],[127.98649,35.58538],[127.98713,35.58565],[127.98737,35.58576],[127.98749,35.58586],[127.9876,35.58594],[127.98774,35.58619],[127.98782,35.5865],[127.98834,35.58951],[127.98866,35.59422],[127.98866,35.59445],[127.98861,35.59464],[127.98822,35.59543],[127.98806,35.59559],[127.98794,35.59562],[127.9877,35.59564],[127.9869,35.59571],[127.98674,35.59572],[127.98551,35.59609],[127.98527,35.59623],[127.98521,35.59629],[127.98514,35.59635],[127.9836,35.59889],[127.98357,35.59894],[127.98281,35.60065],[127.98277,35.60082],[127.98269,35.60206],[127.9827,35.60221],[127.98354,35.60482],[127.98432,35.60702],[127.98471,35.60866],[127.9848,35.60873],[127.9873,35.60963],[127.99132,35.61057],[127.99142,35.61058],[127.9915,35.61058],[127.99159,35.61058],[127.99384,35.61046],[127.99535,35.61037],[127.99546,35.61036],[127.99553,35.61036],[127.99562,35.61036],[127.99568,35.61038],[127.99575,35.61039],[127.99783,35.61127],[127.99783,35.61209],[127.99788,35.62083],[127.99783,35.62815],[128.00033,35.62947],[128.00025,35.63019],[128.0,35.63058],[127.99993,35.63144],[128.00034,35.63257],[128.00104,35.63327],[128.00526,35.6373],[128.01017,35.63972],[128.01063,35.63989],[128.01681,35.64275],[128.01793,35.64333],[128.01793,35.64352],[128.01881,35.647],[128.02032,35.65094],[128.02095,35.65215],[128.02294,35.6526],[128.02517,35.6529],[128.02978,35.65455],[128.03596,35.65691],[128.03643,35.65721],[128.03809,35.6585],[128.04018,35.65994],[128.04075,35.66018],[128.04191,35.66038],[128.04361,35.66033],[128.04423,35.66095],[128.04452,35.66148],[128.04504,35.66336],[128.04564,35.66697],[128.04589,35.6716],[128.04515,35.67273],[128.04447,35.67386],[128.04445,35.67426],[128.04475,35.67472],[128.0451,35.67482],[128.04599,35.67486],[128.04787,35.67545],[128.04853,35.67588],[128.04903,35.67625],[128.04944,35.67655],[128.04979,35.67682],[128.0499,35.67712],[128.05014,35.67785],[128.05035,35.67815],[128.0533,35.67943],[128.05392,35.67963],[128.05513,35.67999],[128.05565,35.68014],[128.05774,35.68054],[128.05845,35.68066],[128.06123,35.68096],[128.06172,35.68092],[128.06285,35.68076],[128.06324,35.68084],[128.06466,35.68162],[128.06552,35.68213],[128.06632,35.6827],[128.06637,35.68274],[128.06668,35.68276],[128.06701,35.68268],[128.06759,35.68227],[128.06782,35.68181],[128.06792,35.68143],[128.06789,35.6803],[128.06913,35.67886],[128.07285,35.67303]]]]}},{"type":"Feature","properties":{"code":"48890320","name":"묘산면","parent":"48890"},"geometry":{"type":"MultiPolygon","coordinates":[[[[128.16002,35.66713],[128.15999,35.66691],[128.15985,35.66584],[128.15985,35.66577],[128.15987,35.66567],[128.15999,35.66546],[128.16004,35.66536],[128.16017,35.66513],[128.16024,35.66501],[128.16035,35.66482],[128.16056,35.66449],[128.16069,35.6642],[128.16088,35.66376],[128.16097,35.66345],[128.16101,35.66331],[128.16105,35.66305],[128.16137,35.66102],[128.16137,35.66094],[128.16132,35.66085],[128.16117,35.66066],[128.15933,35.65897],[128.15913,35.65879],[128.15824,35.65814],[128.1581,35.65804],[128.15806,35.65802],[128.15777,35.65795],[128.15634,35.65735],[128.15143,35.65463],[128.14863,35.65254],[128.14507,35.6491],[128.14327,35.64657],[128.14156,35.64397],[128.14064,35.64326],[128.14047,35.64317],[128.13818,35.64204],[128.13813,35.64201],[128.13808,35.64199],[128.13708,35.64154],[128.137,35.6415],[128.1369,35.64149],[128.13678,35.64149],[128.13668,35.64148],[128.13652,35.64149],[128.13634,35.6415],[128.13561,35.64152],[128.13543,35.6415],[128.13498,35.64143],[128.13476,35.64139],[128.13456,35.6413],[128.13314,35.64053],[128.13304,35.64044],[128.1289,35.63641],[128.12458,35.63294],[128.1244,35.63278],[128.12433,35.6327],[128.12422,35.63255],[128.12408,35.63228],[128.12398,35.63197],[128.12391,35.63169],[128.12389,35.63147],[128.12384,35.63129],[128.12381,35.63122],[128.12377,35.63117],[128.12371,35.63113],[128.123,35.63086],[128.12072,35.63086],[128.1191,35.63094],[128.11852,35.63134],[128.11817,35.63139],[128.11788,35.63143],[128.11583,35.63136],[128.11547,35.63119],[128.11172,35.62928],[128.11132,35.62889],[128.11055,35.62803],[128.11074,35.62778],[128.1108,35.62752],[128.11066,35.62641],[128.1102,35.62575],[128.10979,35.62523],[128.1095,35.62496],[128.10922,35.62468],[128.10842,35.62395],[128.10596,35.62199],[128.10577,35.6219],[128.10571,35.62187],[128.10563,35.62186],[128.10557,35.62185],[128.10541,35.62186],[128.10517,35.62189],[128.10435,35.62209],[128.10141,35.62086],[128.10117,35.62072],[128.09894,35.61946],[128.09887,35.61944],[128.09881,35.61943],[128.09849,35.6194],[128.09806,35.61939],[128.09782,35.6194],[128.09752,35.61946],[128.0968,35.61972],[128.09401,35.6209],[128.09179,35.62288],[128.09061,35.62409],[128.09021,35.62427],[128.08991,35.62433],[128.08971,35.62436],[128.08945,35.62427],[128.08936,35.62423],[128.08954,35.62459],[128.08914,35.62541],[128.08744,35.62853],[128.08628,35.63127],[128.08595,35.63297],[128.07917,35.63831],[128.07632,35.64001],[128.0759,35.64057],[128.07552,35.64125],[128.07537,35.64162],[128.07514,35.6418],[128.07404,35.64253],[128.07221,35.6436],[128.07179,35.64372],[128.07129,35.64378],[128.07088,35.64371],[128.07053,35.64361],[128.06937,35.64356],[128.06747,35.64398],[128.06687,35.64426],[128.06598,35.64489],[128.06568,35.64517],[128.06565,35.64561],[128.06556,35.64827],[128.06563,35.6486],[128.06559,35.6491],[128.06556,35.64931],[128.06476,35.64999],[128.06414,35.65066],[128.06298,35.65277],[128.06263,35.65448],[128.06262,35.65614],[128.06037,35.65993],[128.06014,35.66045],[128.05986,35.6611],[128.05976,35.66172],[128.05971,35.66372],[128.0597,35.66473],[128.05976,35.6654],[128.05987,35.66576],[128.06007,35.66614],[128.06024,35.66642],[128.06047,35.66675],[128.06078,35.6671],[128.0615,35.66743],[128.06312,35.66768],[128.06355,35.66777],[128.06377,35.66791],[128.06422,35.66851],[128.06496,35.6695],[128.06564,35.67072],[128.06618,35.67135],[128.06661,35.67148],[128.06712,35.67154],[128.06754,35.67153],[128.06834,35.67161],[128.07111,35.67216],[128.07159,35.67234],[128.07285,35.67303],[128.07305,35.6731],[128.07476,35.67379],[128.07499,35.67444],[128.07501,35.67452],[128.07535,35.67601],[128.07572,35.67692],[128.0768,35.67856],[128.07782,35.67967],[128.07881,35.68013],[128.08078,35.68066],[128.0851,35.68119],[128.08779,35.68124],[128.0891,35.68126],[128.08991,35.68142],[128.09071,35.68179],[128.09123,35.68202],[128.09288,35.68456],[128.09329,35.68545],[128.09333,35.68642],[128.09336,35.68695],[128.09381,35.68824],[128.0946,35.68993],[128.09507,35.69046],[128.0952,35.69052],[128.09711,35.69138],[128.09995,35.69359],[128.10101,35.69467],[128.10162,35.6952],[128.10258,35.69558],[128.11041,35.69623],[128.11474,35.69609],[128.11864,35.69583],[128.11894,35.69576],[128.11953,35.69551],[128.12015,35.69509],[128.12086,35.69505],[128.12144,35.6953],[128.12288,35.69633],[128.12294,35.69638],[128.12302,35.6965],[128.12309,35.69665],[128.12362,35.69754],[128.12401,35.6981],[128.12492,35.69938],[128.125,35.69949],[128.12515,35.69959],[128.12524,35.69963],[128.12534,35.69966],[128.12549,35.69968],[128.12558,35.69969],[128.1258,35.69969],[128.12709,35.69969],[128.12741,35.69951],[128.12977,35.69873],[128.13451,35.69672],[128.13711,35.6962],[128.13725,35.69616],[128.13747,35.69608],[128.13877,35.69557],[128.13887,35.69551],[128.1389,35.69548],[128.13906,35.69534],[128.13914,35.69525],[128.13924,35.69513],[128.13985,35.69416],[128.13989,35.69409],[128.1399,35.69403],[128.13987,35.69351],[128.13983,35.69316],[128.14232,35.69169],[128.14316,35.69209],[128.1443,35.69245],[128.14449,35.6925],[128.14462,35.69252],[128.14483,35.69254],[128.14522,35.69254],[128.14542,35.69252],[128.14562,35.69249],[128.14581,35.69244],[128.14592,35.69236],[128.14906,35.68927],[128.14908,35.68923],[128.14907,35.68917],[128.14901,35.68906],[128.14895,35.689],[128.14883,35.68888],[128.14867,35.6887],[128.14865,35.68864],[128.14867,35.68856],[128.14887,35.68808],[128.14894,35.68792],[128.14902,35.6878],[128.14907,35.68775],[128.14995,35.68699],[128.15001,35.68694],[128.1501,35.68688],[128.15019,35.68683],[128.15091,35.68643],[128.15099,35.68639],[128.15112,35.68634],[128.15122,35.68632],[128.15266,35.68611],[128.15376,35.68601],[128.15566,35.68389],[128.15469,35.68332],[128.15459,35.68326],[128.15449,35.68316],[128.15261,35.67936],[128.15088,35.67703],[128.15086,35.67698],[128.15085,35.67685],[128.15092,35.67437],[128.15095,35.67422],[128.15127,35.67405],[128.15149,35.67399],[128.15322,35.67354],[128.15334,35.67351],[128.15363,35.67348],[128.15503,35.67346],[128.1551,35.67346],[128.15521,35.6735],[128.15533,35.67354],[128.15541,35.67355],[128.1555,35.67356],[128.15558,35.67355],[128.15567,35.67354],[128.15575,35.67352],[128.1568,35.67316],[128.15696,35.67309],[128.15707,35.67301],[128.15791,35.67234],[128.15799,35.67227],[128.15803,35.67222],[128.15805,35.67216],[128.15809,35.67202],[128.15819,35.67168],[128.15823,35.67154],[128.1585,35.67045],[128.15904,35.66834],[128.15924,35.66787],[128.15928,35.6678],[128.15936,35.66769],[128.15943,35.66763],[128.16002,35.66713]]]]}},{"type":"Feature","properties":{"code":"48890330","name":"가야면","parent":"48890"},"geometry":{"type":"MultiPolygon","coordinates":[[[[128.12527,35.82276],[128.12413,35.82235],[128.12403,35.8215],[128.12423,35.82049],[128.12455,35.81938],[128.12452,35.81889],[128.12311,35.81476],[128.12187,35.81103],[128.12159,35.8093],[128.12168,35.80391],[128.12169,35.80357],[128.12202,35.803],[128.1227,35.80218],[128.12299,35.802],[128.12304,35.80199],[128.12333,35.80191],[128.12356,35.8018],[128.12396,35.80147],[128.1248,35.79962],[128.12529,35.79846],[128.12623,35.79693],[128.12717,35.79558],[128.12839,35.79446],[128.1285,35.79431],[128.12851,35.79413],[128.12864,35.79175],[128.12881,35.78937],[128.12891,35.78926],[128.12978,35.78924],[128.13052,35.78909],[128.13136,35.78875],[128.1337,35.78713],[128.1353,35.78563],[128.1354,35.78512],[128.13548,35.78482],[128.13552,35.78465],[128.13835,35.78422],[128.13949,35.78406],[128.13975,35.78405],[128.14578,35.78491],[128.15234,35.78611],[128.15477,35.78649],[128.15784,35.78377],[128.1588,35.78283],[128.15886,35.78232],[128.1586,35.78166],[128.15895,35.781],[128.15983,35.77957],[128.16121,35.77831],[128.16174,35.77795],[128.16382,35.77743],[128.16397,35.77729],[128.16406,35.77703],[128.1639,35.77628],[128.16279,35.77318],[128.16209,35.7716],[128.16142,35.76974],[128.15948,35.76858],[128.15783,35.76824],[128.1532,35.76624],[128.15176,35.76536],[128.1513,35.76503],[128.15078,35.76466],[128.14845,35.76199],[128.14766,35.76108],[128.14728,35.76064],[128.14661,35.75975],[128.14576,35.75714],[128.14579,35.75672],[128.14599,35.75624],[128.14622,35.75564],[128.14617,35.75535],[128.14546,35.75399],[128.14521,35.75372],[128.14481,35.75339],[128.13832,35.75198],[128.13816,35.75196],[128.13799,35.75193],[128.13621,35.75149],[128.13613,35.75145],[128.13604,35.75139],[128.13575,35.75111],[128.13563,35.75099],[128.13561,35.75094],[128.13476,35.74791],[128.13475,35.74785],[128.13462,35.74363],[128.13463,35.74357],[128.13509,35.74211],[128.13735,35.74039],[128.13746,35.74033],[128.13763,35.74026],[128.13798,35.74017],[128.13815,35.74013],[128.1385,35.74006],[128.13877,35.74006],[128.1392,35.74008],[128.1395,35.74006],[128.13973,35.73999],[128.14026,35.73973],[128.14374,35.73771],[128.14387,35.73757],[128.14495,35.73632],[128.14508,35.73616],[128.14515,35.73604],[128.14519,35.73595],[128.14525,35.73579],[128.14527,35.73564],[128.14526,35.7355],[128.14525,35.73531],[128.14519,35.73525],[128.14511,35.73519],[128.14492,35.73505],[128.14469,35.73486],[128.14462,35.73478],[128.1446,35.73467],[128.14459,35.7343],[128.14459,35.73423],[128.14459,35.73402],[128.14465,35.73345],[128.14466,35.73341],[128.1447,35.73332],[128.14473,35.73328],[128.14632,35.73214],[128.14733,35.73151],[128.14744,35.73144],[128.14756,35.73118],[128.14781,35.73056],[128.14828,35.72916],[128.14835,35.72892],[128.14837,35.72884],[128.14838,35.72857],[128.14838,35.72837],[128.14835,35.72817],[128.14833,35.72801],[128.14831,35.72791],[128.14827,35.72777],[128.14823,35.72759],[128.14818,35.72752],[128.14798,35.72744],[128.14781,35.72737],[128.14778,35.72735],[128.14754,35.72721],[128.14734,35.72705],[128.14717,35.72688],[128.14704,35.72671],[128.1469,35.72651],[128.1446,35.723],[128.14439,35.72266],[128.1444,35.7226],[128.14456,35.7222],[128.14469,35.72194],[128.14486,35.72175],[128.1452,35.72149],[128.14538,35.72137],[128.14558,35.72122],[128.14576,35.721],[128.1458,35.72094],[128.14585,35.72077],[128.14629,35.71943],[128.14631,35.71929],[128.14521,35.71565],[128.14517,35.7156],[128.14514,35.71557],[128.14496,35.71553],[128.14447,35.71542],[128.14375,35.71528],[128.14298,35.71514],[128.14281,35.71517],[128.14211,35.71534],[128.14064,35.71505],[128.14056,35.71499],[128.13831,35.71039],[128.13641,35.70826],[128.13626,35.70809],[128.13612,35.70789],[128.13606,35.70777],[128.13543,35.7063],[128.13548,35.70559],[128.13554,35.70549],[128.1356,35.7053],[128.13558,35.70495],[128.13552,35.70477],[128.13532,35.70426],[128.13521,35.70399],[128.13516,35.70387],[128.135,35.70383],[128.13496,35.70382],[128.1295,35.70348],[128.12838,35.70358],[128.12825,35.70356],[128.12815,35.70352],[128.12791,35.7034],[128.12761,35.70323],[128.12724,35.70302],[128.1272,35.70297],[128.12719,35.70293],[128.12718,35.7029],[128.1272,35.70287],[128.12731,35.70268],[128.12739,35.70256],[128.12744,35.70237],[128.12745,35.7023],[128.12745,35.70083],[128.12745,35.70077],[128.12743,35.70066],[128.12715,35.69981],[128.12709,35.69969],[128.1258,35.69969],[128.12558,35.69969],[128.12549,35.69968],[128.12534,35.69966],[128.12524,35.69963],[128.12515,35.69959],[128.125,35.69949],[128.12492,35.69938],[128.12401,35.6981],[128.12362,35.69754],[128.12309,35.69665],[128.12302,35.6965],[128.12294,35.69638],[128.12288,35.69633],[128.12144,35.6953],[128.12086,35.69505],[128.12015,35.69509],[128.11953,35.69551],[128.11894,35.69576],[128.11864,35.69583],[128.11474,35.69609],[128.11041,35.69623],[128.10258,35.69558],[128.10162,35.6952],[128.10101,35.69467],[128.09995,35.69359],[128.09711,35.69138],[128.0952,35.69052],[128.09507,35.69046],[128.09282,35.69133],[128.08967,35.69263],[128.08929,35.69299],[128.08811,35.69364],[128.08674,35.69429],[128.08591,35.69456],[128.0847,35.69451],[128.08398,35.69442],[128.08084,35.69566],[128.08019,35.69604],[128.07622,35.6988],[128.07546,35.6998],[128.07442,35.70139],[128.07428,35.70185],[128.07446,35.70227],[128.07535,35.70404],[128.07566,35.70512],[128.07483,35.70752],[128.07413,35.70898],[128.07403,35.70956],[128.07419,35.71011],[128.07415,35.71192],[128.07388,35.71365],[128.07343,35.7165],[128.073,35.71867],[128.07116,35.72083],[128.07029,35.72146],[128.06786,35.72285],[128.06738,35.72303],[128.06656,35.72326],[128.06229,35.72385],[128.06119,35.72393],[128.06122,35.72408],[128.06137,35.72455],[128.06137,35.72493],[128.06101,35.72609],[128.05981,35.72868],[128.05862,35.73029],[128.05864,35.73054],[128.05903,35.73148],[128.05902,35.73226],[128.05779,35.73558],[128.0572,35.73601],[128.05675,35.73655],[128.0557,35.73852],[128.0555,35.7389],[128.05483,35.74021],[128.05451,35.74106],[128.05407,35.74165],[128.05181,35.74299],[128.05091,35.74342],[128.0505,35.74365],[128.0487,35.74538],[128.04852,35.74586],[128.04575,35.7499],[128.04418,35.75217],[128.04451,35.75238],[128.04588,35.75325],[128.04818,35.75571],[128.04899,35.75669],[128.04945,35.75752],[128.05125,35.76114],[128.05133,35.76156],[128.05121,35.76218],[128.05059,35.76429],[128.04952,35.7671],[128.04944,35.76753],[128.04946,35.76926],[128.04956,35.76951],[128.05088,35.77132],[128.05271,35.77389],[128.0527,35.77467],[128.05093,35.77783],[128.04876,35.77859],[128.04515,35.77904],[128.04102,35.77986],[128.04063,35.77999],[128.04024,35.78012],[128.03782,35.78279],[128.03564,35.78614],[128.03568,35.78636],[128.03613,35.78805],[128.03657,35.78879],[128.03807,35.79108],[128.03832,35.79118],[128.03893,35.79128],[128.04056,35.79166],[128.04704,35.79544],[128.04762,35.7961],[128.04811,35.79699],[128.04954,35.79958],[128.0497,35.8001],[128.04942,35.80054],[128.04918,35.80125],[128.04978,35.80244],[128.05373,35.8056],[128.05402,35.80567],[128.05457,35.80579],[128.05757,35.80557],[128.05799,35.8054],[128.05872,35.80511],[128.05939,35.80487],[128.06027,35.80486],[128.06188,35.80556],[128.06267,35.80606],[128.06618,35.80626],[128.06855,35.80642],[128.07012,35.80729],[128.07284,35.80918],[128.07359,35.81041],[128.07392,35.81126],[128.0748,35.81275],[128.07502,35.81298],[128.07523,35.81321],[128.0766,35.81387],[128.07691,35.81388],[128.07718,35.81389],[128.0786,35.814],[128.07909,35.81418],[128.07957,35.81436],[128.08495,35.81696],[128.08511,35.81743],[128.08477,35.81775],[128.08444,35.81807],[128.08441,35.81824],[128.08455,35.82252],[128.08482,35.82296],[128.08701,35.82561],[128.08957,35.82972],[128.09068,35.83081],[128.09284,35.83183],[128.09431,35.83236],[128.09502,35.83258],[128.09574,35.83257],[128.0962,35.83226],[128.09816,35.83058],[128.10015,35.82963],[128.10151,35.82907],[128.10345,35.82895],[128.10536,35.8274],[128.10608,35.82677],[128.10614,35.82669],[128.10664,35.826],[128.10803,35.82443],[128.10871,35.8239],[128.11193,35.82349],[128.11211,35.82353],[128.11395,35.82437],[128.11718,35.82582],[128.11786,35.82579],[128.11887,35.8254],[128.11982,35.82472],[128.12016,35.82417],[128.12078,35.82352],[128.12137,35.82289],[128.12227,35.82245],[128.12397,35.82242],[128.12527,35.82276]]]]}},{"type":"Feature","properties":{"code":"48890340","name":"야로면","parent":"48890"},"geometry":{"type":"MultiPolygon","coordinates":[[[[128.18926,35.75234],[128.18914,35.75131],[128.18947,35.7495],[128.18963,35.7494],[128.18977,35.74931],[128.18994,35.74917],[128.19029,35.74881],[128.19061,35.74847],[128.1908,35.74822],[128.19088,35.7481],[128.19094,35.74798],[128.19098,35.74785],[128.191,35.74779],[128.19157,35.74557],[128.19158,35.74545],[128.19155,35.74528],[128.19152,35.74511],[128.19147,35.74485],[128.19142,35.74465],[128.19433,35.73821],[128.19789,35.73667],[128.19802,35.73661],[128.19804,35.73659],[128.19814,35.73644],[128.19818,35.73635],[128.1982,35.73628],[128.19822,35.73608],[128.19821,35.73605],[128.19794,35.7343],[128.19791,35.73414],[128.19785,35.73389],[128.19783,35.73381],[128.19781,35.73377],[128.19767,35.73367],[128.19756,35.73359],[128.19737,35.73337],[128.19662,35.73236],[128.19654,35.73224],[128.19648,35.73211],[128.19646,35.73204],[128.19643,35.73193],[128.19644,35.73179],[128.19646,35.73151],[128.1965,35.73114],[128.19651,35.73105],[128.19654,35.73089],[128.19657,35.73071],[128.19665,35.73046],[128.1986,35.72655],[128.19884,35.7261],[128.19895,35.72592],[128.20026,35.72484],[128.20111,35.72385],[128.20157,35.72281],[128.20129,35.72246],[128.20061,35.72157],[128.20054,35.72144],[128.20053,35.72141],[128.20068,35.71904],[128.20082,35.71782],[128.20146,35.71671],[128.20301,35.71206],[128.20301,35.71184],[128.20292,35.71161],[128.20274,35.71133],[128.20245,35.71108],[128.20194,35.71081],[128.20153,35.71052],[128.20148,35.71048],[128.2014,35.71039],[128.20118,35.71015],[128.20105,35.70981],[128.20103,35.70975],[128.20094,35.70938],[128.20089,35.70914],[128.20088,35.70912],[128.20078,35.70817],[128.20105,35.70615],[128.20107,35.70606],[128.20122,35.70583],[128.20142,35.70553],[128.20173,35.70517],[128.20195,35.70493],[128.20202,35.70486],[128.20233,35.70461],[128.2025,35.70442],[128.20297,35.70388],[128.20301,35.70383],[128.20304,35.70377],[128.20321,35.70336],[128.20329,35.70315],[128.20331,35.7031],[128.20446,35.69736],[128.20444,35.69697],[128.20441,35.69672],[128.20432,35.69637],[128.20408,35.69573],[128.20397,35.69558],[128.20329,35.69467],[128.20272,35.69384],[128.20204,35.69135],[128.20205,35.69118],[128.20209,35.69109],[128.20228,35.69081],[128.20236,35.69075],[128.2026,35.69059],[128.20265,35.69055],[128.20269,35.69052],[128.20336,35.68994],[128.2035,35.68979],[128.20404,35.68902],[128.20411,35.68886],[128.20415,35.68865],[128.20371,35.68664],[128.20329,35.68571],[128.2021,35.68438],[128.20182,35.68418],[128.20157,35.68411],[128.19844,35.68429],[128.19815,35.68432],[128.19743,35.68441],[128.19727,35.68446],[128.19696,35.68454],[128.19595,35.68469],[128.1944,35.68436],[128.1936,35.68359],[128.19135,35.68188],[128.18955,35.6807],[128.18723,35.67966],[128.18714,35.67963],[128.18659,35.67959],[128.18651,35.67961],[128.1842,35.6783],[128.18224,35.67585],[128.1793,35.67302],[128.17916,35.67295],[128.17888,35.67293],[128.17804,35.67323],[128.17459,35.6736],[128.16677,35.67391],[128.16666,35.67389],[128.16477,35.67331],[128.16398,35.67289],[128.16262,35.67182],[128.1626,35.67172],[128.16124,35.66832],[128.16002,35.66713],[128.15943,35.66763],[128.15936,35.66769],[128.15928,35.6678],[128.15924,35.66787],[128.15904,35.66834],[128.1585,35.67045],[128.15823,35.67154],[128.15819,35.67168],[128.15809,35.67202],[128.15805,35.67216],[128.15803,35.67222],[128.15799,35.67227],[128.15791,35.67234],[128.15707,35.67301],[128.15696,35.67309],[128.1568,35.67316],[128.15575,35.67352],[128.15567,35.67354],[128.15558,35.67355],[128.1555,35.67356],[128.15541,35.67355],[128.15533,35.67354],[128.15521,35.6735],[128.1551,35.67346],[128.15503,35.67346],[128.15363,35.67348],[128.15334,35.67351],[128.15322,35.67354],[128.15149,35.67399],[128.15127,35.67405],[128.15095,35.67422],[128.15092,35.67437],[128.15085,35.67685],[128.15086,35.67698],[128.15088,35.67703],[128.15261,35.67936],[128.15449,35.68316],[128.15459,35.68326],[128.15469,35.68332],[128.15566,35.68389],[128.15376,35.68601],[128.15266,35.68611],[128.15122,35.68632],[128.15112,35.68634],[128.15099,35.68639],[128.15091,35.68643],[128.15019,35.68683],[128.1501,35.68688],[128.15001,35.68694],[128.14995,35.68699],[128.14907,35.68775],[128.14902,35.6878],[128.14894,35.68792],[128.14887,35.68808],[128.14867,35.68856],[128.14865,35.68864],[128.14867,35.6887],[128.14883,35.68888],[128.14895,35.689],[128.14901,35.68906],[128.14907,35.68917],[128.14908,35.68923],[128.14906,35.68927],[128.14592,35.69236],[128.14581,35.69244],[128.14562,35.69249],[128.14542,35.69252],[128.14522,35.69254],[128.14483,35.69254],[128.14462,35.69252],[128.14449,35.6925],[128.1443,35.69245],[128.14316,35.69209],[128.14232,35.69169],[128.13983,35.69316],[128.13987,35.69351],[128.1399,35.69403],[128.13989,35.69409],[128.13985,35.69416],[128.13924,35.69513],[128.13914,35.69525],[128.13906,35.69534],[128.1389,35.69548],[128.13887,35.69551],[128.13877,35.69557],[128.13747,35.69608],[128.13725,35.69616],[128.13711,35.6962],[128.13451,35.69672],[128.12977,35.69873],[128.12741,35.69951],[128.12709,35.69969],[128.12715,35.69981],[128.12743,35.70066],[128.12745,35.70077],[128.12745,35.70083],[128.12745,35.7023],[128.12744,35.70237],[128.12739,35.70256],[128.12731,35.70268],[128.1272,35.70287],[128.12718,35.7029],[128.12719,35.70293],[128.1272,35.70297],[128.12724,35.70302],[128.12761,35.70323],[128.12791,35.7034],[128.12815,35.70352],[128.12825,35.70356],[128.12838,35.70358],[128.1295,35.70348],[128.13496,35.70382],[128.135,35.70383],[128.13516,35.70387],[128.13521,35.70399],[128.13532,35.70426],[128.13552,35.70477],[128.13558,35.70495],[128.1356,35.7053],[128.13554,35.70549],[128.13548,35.70559],[128.13543,35.7063],[128.13606,35.70777],[128.13612,35.70789],[128.13626,35.70809],[128.13641,35.70826],[128.13831,35.71039],[128.14056,35.71499],[128.14064,35.71505],[128.14211,35.71534],[128.14281,35.71517],[128.14298,35.71514],[128.14375,35.71528],[128.14447,35.71542],[128.14496,35.71553],[128.14514,35.71557],[128.14517,35.7156],[128.14521,35.71565],[128.14631,35.71929],[128.14629,35.71943],[128.14585,35.72077],[128.1458,35.72094],[128.14576,35.721],[128.14558,35.72122],[128.14538,35.72137],[128.1452,35.72149],[128.14486,35.72175],[128.14469,35.72194],[128.14456,35.7222],[128.1444,35.7226],[128.14439,35.72266],[128.1446,35.723],[128.1469,35.72651],[128.14704,35.72671],[128.14717,35.72688],[128.14734,35.72705],[128.14754,35.72721],[128.14778,35.72735],[128.14781,35.72737],[128.14798,35.72744],[128.14818,35.72752],[128.14823,35.72759],[128.14827,35.72777],[128.14831,35.72791],[128.14833,35.72801],[128.14835,35.72817],[128.14838,35.72837],[128.14838,35.72857],[128.14837,35.72884],[128.14835,35.72892],[128.14828,35.72916],[128.14781,35.73056],[128.14756,35.73118],[128.14744,35.73144],[128.14733,35.73151],[128.14632,35.73214],[128.14473,35.73328],[128.1447,35.73332],[128.14466,35.73341],[128.14465,35.73345],[128.14459,35.73402],[128.14459,35.73423],[128.14459,35.7343],[128.1446,35.73467],[128.14462,35.73478],[128.14469,35.73486],[128.14492,35.73505],[128.14511,35.73519],[128.14519,35.73525],[128.14525,35.73531],[128.14526,35.7355],[128.14527,35.73564],[128.14525,35.73579],[128.14519,35.73595],[128.14515,35.73604],[128.14508,35.73616],[128.14495,35.73632],[128.14387,35.73757],[128.14374,35.73771],[128.14026,35.73973],[128.13973,35.73999],[128.1395,35.74006],[128.1392,35.74008],[128.13877,35.74006],[128.1385,35.74006],[128.13815,35.74013],[128.13798,35.74017],[128.13763,35.74026],[128.13746,35.74033],[128.13735,35.74039],[128.13509,35.74211],[128.13463,35.74357],[128.13462,35.74363],[128.13475,35.74785],[128.13476,35.74791],[128.13561,35.75094],[128.13563,35.75099],[128.13575,35.75111],[128.13604,35.75139],[128.13613,35.75145],[128.13621,35.75149],[128.13799,35.75193],[128.13816,35.75196],[128.13832,35.75198],[128.14481,35.75339],[128.14521,35.75372],[128.14546,35.75399],[128.14617,35.75535],[128.14622,35.75564],[128.14599,35.75624],[128.14579,35.75672],[128.14576,35.75714],[128.14661,35.75975],[128.14728,35.76064],[128.14766,35.76108],[128.14845,35.76199],[128.15078,35.76466],[128.1513,35.76503],[128.15176,35.76536],[128.1532,35.76624],[128.15783,35.76824],[128.15948,35.76858],[128.16142,35.76974],[128.16214,35.76953],[128.1625,35.76937],[128.16267,35.76918],[128.16282,35.76883],[128.16381,35.76659],[128.16399,35.7659],[128.16402,35.76541],[128.16385,35.76331],[128.16431,35.76344],[128.165,35.76349],[128.16781,35.76223],[128.16823,35.76203],[128.16837,35.76187],[128.16881,35.76133],[128.16936,35.76067],[128.16954,35.76053],[128.17211,35.75925],[128.17257,35.75909],[128.17347,35.75886],[128.17471,35.75892],[128.17654,35.75862],[128.17949,35.7576],[128.18124,35.75692],[128.18131,35.75685],[128.1822,35.75605],[128.18361,35.75517],[128.18415,35.7551],[128.18727,35.75416],[128.18861,35.75303],[128.18926,35.75234]]]]}},{"type":"Feature","properties":{"code":"48890350","name":"율곡면","parent":"48890"},"geometry":{"type":"MultiPolygon","coordinates":[[[[128.22967,35.63945],[128.22997,35.63908],[128.23009,35.63893],[128.23024,35.63872],[128.23029,35.63863],[128.23114,35.63707],[128.23119,35.63694],[128.23124,35.63671],[128.23125,35.63623],[128.23123,35.63595],[128.23119,35.63587],[128.23111,35.63573],[128.23107,35.63562],[128.23107,35.63552],[128.2319,35.63169],[128.23525,35.62844],[128.23697,35.62488],[128.23845,35.62052],[128.23956,35.61949],[128.23978,35.61919],[128.23999,35.61888],[128.24042,35.61818],[128.24095,35.61687],[128.24249,35.61181],[128.24255,35.61156],[128.24261,35.61131],[128.24267,35.61101],[128.24272,35.61072],[128.24326,35.60747],[128.24445,35.60243],[128.24464,35.60176],[128.24575,35.60052],[128.24639,35.59991],[128.24685,35.59956],[128.24733,35.59919],[128.24801,35.59884],[128.2485,35.59867],[128.25194,35.59893],[128.25209,35.59897],[128.25215,35.599],[128.25286,35.59946],[128.25353,35.5999],[128.25382,35.60007],[128.25396,35.60013],[128.25425,35.60019],[128.25465,35.60024],[128.25515,35.6003],[128.25567,35.60033],[128.25604,35.60033],[128.25637,35.6003],[128.25685,35.60022],[128.25721,35.60011],[128.25924,35.5994],[128.26058,35.59891],[128.26337,35.59778],[128.26606,35.59667],[128.26671,35.59639],[128.26703,35.59622],[128.26747,35.59594],[128.26794,35.59561],[128.26825,35.59535],[128.26848,35.59512],[128.26867,35.59491],[128.26895,35.59453],[128.2691,35.59429],[128.2692,35.59404],[128.26941,35.5931],[128.26945,35.59286],[128.26947,35.59262],[128.26945,35.59229],[128.26944,35.59211],[128.26941,35.59179],[128.26933,35.59145],[128.26922,35.59119],[128.26911,35.59096],[128.26892,35.59069],[128.26873,35.59046],[128.2679,35.58975],[128.26764,35.58954],[128.26704,35.58913],[128.26505,35.58781],[128.26394,35.58709],[128.26369,35.58697],[128.2633,35.58679],[128.26293,35.58663],[128.26257,35.58654],[128.26193,35.58643],[128.261,35.58625],[128.26022,35.58608],[128.25858,35.58558],[128.25812,35.58541],[128.25759,35.58516],[128.25718,35.58496],[128.25697,35.58482],[128.25688,35.5847],[128.25673,35.58448],[128.2565,35.58406],[128.2564,35.58382],[128.25637,35.58362],[128.25636,35.58347],[128.25642,35.58318],[128.25668,35.58257],[128.25701,35.58193],[128.25704,35.58189],[128.25712,35.58173],[128.25714,35.58166],[128.25713,35.58145],[128.25707,35.58106],[128.25702,35.58096],[128.25629,35.5801],[128.25623,35.58004],[128.25569,35.57958],[128.25554,35.57947],[128.25544,35.57944],[128.25528,35.57945],[128.2551,35.57947],[128.25493,35.5795],[128.25281,35.57799],[128.25275,35.57794],[128.25272,35.57788],[128.25262,35.57763],[128.25258,35.5773],[128.2526,35.577],[128.2527,35.57673],[128.2553,35.57406],[128.25666,35.57293],[128.26062,35.5689],[128.26142,35.56794],[128.26156,35.56783],[128.26182,35.5677],[128.26263,35.56738],[128.26244,35.56717],[128.2623,35.56708],[128.2612,35.56663],[128.26093,35.56652],[128.26075,35.56647],[128.26058,35.56647],[128.25953,35.56653],[128.25921,35.56659],[128.25758,35.56711],[128.2546,35.56863],[128.25222,35.57027],[128.25211,35.57036],[128.25201,35.57049],[128.25181,35.57094],[128.25173,35.57107],[128.25165,35.57113],[128.25156,35.57117],[128.25104,35.57127],[128.25091,35.57128],[128.25077,35.57124],[128.24957,35.57079],[128.24581,35.56996],[128.24552,35.5699],[128.24375,35.56958],[128.24349,35.56955],[128.24333,35.56955],[128.2429,35.56957],[128.24155,35.56965],[128.24128,35.5697],[128.24034,35.56786],[128.24019,35.56718],[128.23953,35.56597],[128.23943,35.56589],[128.23409,35.56161],[128.2309,35.55927],[128.2293,35.55813],[128.22916,35.55805],[128.22886,35.55797],[128.22794,35.55772],[128.22482,35.55669],[128.22466,35.55662],[128.22453,35.55651],[128.22428,35.55625],[128.22381,35.55571],[128.2238,35.55567],[128.22386,35.55298],[128.22404,35.55108],[128.22431,35.54997],[128.22447,35.54963],[128.22451,35.54954],[128.22453,35.54946],[128.22454,35.54938],[128.22454,35.54934],[128.22413,35.54718],[128.22408,35.54693],[128.22401,35.54663],[128.22398,35.54654],[128.2239,35.54633],[128.22379,35.54621],[128.22372,35.54615],[128.22349,35.546],[128.22323,35.54585],[128.22304,35.54575],[128.22295,35.54571],[128.2227,35.54563],[128.22247,35.54558],[128.22216,35.54545],[128.22158,35.54518],[128.22137,35.54507],[128.22123,35.54495],[128.22101,35.54467],[128.21952,35.54217],[128.21894,35.54071],[128.21734,35.53426],[128.21734,35.53405],[128.21735,35.53391],[128.21751,35.5334],[128.21674,35.53348],[128.21581,35.53358],[128.21436,35.53386],[128.21391,35.53414],[128.21269,35.5344],[128.21143,35.53454],[128.20635,35.53459],[128.20516,35.53413],[128.20253,35.53332],[128.20063,35.53366],[128.19823,35.53467],[128.19743,35.53519],[128.19244,35.53927],[128.19151,35.54087],[128.19098,35.54153],[128.18882,35.54355],[128.18628,35.54573],[128.18598,35.54591],[128.18426,35.54635],[128.1828,35.54707],[128.18207,35.54722],[128.18143,35.54822],[128.18089,35.54976],[128.17797,35.55422],[128.1769,35.55778],[128.17677,35.55899],[128.17717,35.56006],[128.17713,35.56045],[128.17526,35.5628],[128.17413,35.56356],[128.17408,35.56567],[128.17394,35.56678],[128.17387,35.56734],[128.17371,35.56858],[128.17281,35.57117],[128.17259,35.57167],[128.17238,35.57237],[128.17231,35.57311],[128.17207,35.57568],[128.17197,35.57904],[128.17209,35.58028],[128.17216,35.58098],[128.17236,35.58207],[128.1747,35.58446],[128.17769,35.58718],[128.17942,35.58824],[128.18167,35.58931],[128.18176,35.58946],[128.18178,35.5895],[128.1817,35.58983],[128.18081,35.59146],[128.17989,35.59307],[128.17816,35.59404],[128.1775,35.5944],[128.17565,35.59531],[128.17447,35.59724],[128.17385,35.59954],[128.17365,35.60167],[128.17378,35.60192],[128.17383,35.60213],[128.17386,35.60226],[128.17385,35.60237],[128.17377,35.60317],[128.17368,35.60369],[128.17367,35.60374],[128.17359,35.60384],[128.17268,35.60503],[128.17173,35.60563],[128.17151,35.60574],[128.17128,35.60586],[128.17126,35.60593],[128.1703,35.61286],[128.17037,35.61451],[128.17038,35.61456],[128.17036,35.61463],[128.17033,35.61469],[128.17027,35.61477],[128.17023,35.61483],[128.17019,35.61487],[128.17002,35.61504],[128.1699,35.61514],[128.1698,35.61523],[128.16967,35.61536],[128.16962,35.61545],[128.16959,35.61558],[128.16952,35.61597],[128.1695,35.6161],[128.1695,35.61622],[128.16953,35.61639],[128.17031,35.61892],[128.17053,35.61956],[128.17085,35.62051],[128.17126,35.62151],[128.17133,35.62165],[128.17136,35.62169],[128.17141,35.62174],[128.17149,35.6218],[128.17155,35.62184],[128.17161,35.62186],[128.1717,35.62189],[128.17205,35.62195],[128.17211,35.62195],[128.17217,35.62195],[128.17536,35.62196],[128.17552,35.62194],[128.17629,35.62178],[128.17644,35.62174],[128.17699,35.62149],[128.17744,35.62128],[128.17761,35.6212],[128.17776,35.62118],[128.17788,35.62117],[128.17797,35.62119],[128.17804,35.62122],[128.17809,35.62124],[128.17815,35.62128],[128.17825,35.62135],[128.17833,35.62145],[128.1784,35.62161],[128.17864,35.62236],[128.17869,35.62253],[128.17869,35.6226],[128.17843,35.62668],[128.17699,35.63168],[128.17695,35.63367],[128.17693,35.63387],[128.17651,35.63656],[128.17648,35.63671],[128.17643,35.63688],[128.17636,35.63703],[128.17632,35.63708],[128.17622,35.63714],[128.17468,35.63793],[128.17339,35.63844],[128.17256,35.63878],[128.17247,35.63881],[128.1724,35.63886],[128.16961,35.64332],[128.16571,35.64789],[128.16566,35.64796],[128.16563,35.648],[128.16557,35.64811],[128.16517,35.64901],[128.16379,35.65277],[128.16373,35.65349],[128.1668,35.65416],[128.17102,35.65485],[128.17517,35.65689],[128.17897,35.65714],[128.18021,35.65718],[128.18103,35.65726],[128.18261,35.65742],[128.18349,35.65803],[128.18356,35.6581],[128.18379,35.65829],[128.18388,35.65836],[128.18399,35.65844],[128.18402,35.65845],[128.18406,35.65847],[128.18409,35.65847],[128.18413,35.65847],[128.1843,35.65845],[128.18438,35.65842],[128.18448,35.65836],[128.18557,35.65753],[128.18624,35.65747],[128.18634,35.65744],[128.18835,35.65677],[128.18854,35.65667],[128.19112,35.65532],[128.19126,35.65524],[128.19136,35.65517],[128.19261,35.65383],[128.19551,35.65121],[128.19726,35.65029],[128.19886,35.64916],[128.19893,35.64907],[128.19898,35.64889],[128.19931,35.64745],[128.19945,35.64656],[128.19948,35.64634],[128.19947,35.64624],[128.19943,35.64616],[128.19991,35.64526],[128.20045,35.64441],[128.20102,35.6438],[128.2011,35.64376],[128.20315,35.6438],[128.20555,35.64414],[128.21027,35.64438],[128.21032,35.64435],[128.21036,35.64428],[128.21148,35.64172],[128.2115,35.64154],[128.21636,35.64143],[128.22153,35.64106],[128.22196,35.64122],[128.2222,35.64129],[128.22506,35.64208],[128.22523,35.64207],[128.22532,35.64205],[128.22618,35.64181],[128.22627,35.64176],[128.22636,35.64168],[128.22713,35.64097],[128.22732,35.64079],[128.22741,35.64069],[128.22747,35.64061],[128.22753,35.64049],[128.22758,35.64032],[128.22764,35.64013],[128.2277,35.63997],[128.22777,35.63985],[128.22782,35.6398],[128.22789,35.63976],[128.22799,35.63972],[128.22858,35.63959],[128.22967,35.63945]]]]}},{"type":"Feature","properties":{"code":"48890360","name":"초계면","parent":"48890"},"geometry":{"type":"MultiPolygon","coordinates":[[[[128.26263,35.56738],[128.26339,35.56753],[128.26487,35.56799],[128.26503,35.5681],[128.26536,35.56837],[128.26577,35.56871],[128.26586,35.56873],[128.26619,35.56874],[128.26686,35.56875],[128.26737,35.56873],[128.26762,35.56869],[128.26819,35.56854],[128.27062,35.56746],[128.27221,35.56655],[128.27795,35.56314],[128.27976,35.56151],[128.27999,35.56124],[128.28005,35.56107],[128.28007,35.56096],[128.28005,35.56075],[128.27999,35.56075],[128.27973,35.56061],[128.2796,35.5605],[128.2795,35.56037],[128.27912,35.55985],[128.27905,35.55971],[128.27902,35.55955],[128.27903,35.55892],[128.2789,35.55823],[128.27875,35.55792],[128.27858,35.55775],[128.27687,35.55688],[128.27462,35.55522],[128.27076,35.55189],[128.26722,35.54924],[128.26568,35.54778],[128.26533,35.5473],[128.26524,35.54713],[128.26293,35.54428],[128.25983,35.54321],[128.25944,35.54306],[128.25929,35.54294],[128.25827,35.54192],[128.25793,35.54128],[128.25591,35.53368],[128.25593,35.53161],[128.25471,35.5257],[128.25451,35.52512],[128.25434,35.52481],[128.25417,35.52455],[128.25442,35.52151],[128.25866,35.51648],[128.25894,35.51618],[128.25993,35.51529],[128.26002,35.51521],[128.26102,35.51442],[128.26116,35.51432],[128.26137,35.51424],[128.2616,35.5142],[128.26198,35.51413],[128.2621,35.51408],[128.26222,35.514],[128.26563,35.51145],[128.26571,35.51133],[128.26633,35.51001],[128.26637,35.50983],[128.26636,35.50969],[128.26632,35.50955],[128.26626,35.50944],[128.26539,35.50761],[128.26524,35.50739],[128.2651,35.50724],[128.26487,35.50702],[128.26395,35.50617],[128.26231,35.50431],[128.26131,35.50425],[128.25815,35.50351],[128.25723,35.50316],[128.25302,35.50337],[128.2436,35.50723],[128.23904,35.50929],[128.23888,35.51233],[128.23807,35.51319],[128.23766,35.51362],[128.23391,35.5168],[128.22866,35.52122],[128.22532,35.52374],[128.2253,35.52384],[128.22493,35.5253],[128.22492,35.52536],[128.22466,35.5269],[128.22286,35.52932],[128.22218,35.52998],[128.21985,35.53214],[128.21751,35.5334],[128.21735,35.53391],[128.21734,35.53405],[128.21734,35.53426],[128.21894,35.54071],[128.21952,35.54217],[128.22101,35.54467],[128.22123,35.54495],[128.22137,35.54507],[128.22158,35.54518],[128.22216,35.54545],[128.22247,35.54558],[128.2227,35.54563],[128.22295,35.54571],[128.22304,35.54575],[128.22323,35.54585],[128.22349,35.546],[128.22372,35.54615],[128.22379,35.54621],[128.2239,35.54633],[128.22398,35.54654],[128.22401,35.54663],[128.22408,35.54693],[128.22413,35.54718],[128.22454,35.54934],[128.22454,35.54938],[128.22453,35.54946],[128.22451,35.54954],[128.22447,35.54963],[128.22431,35.54997],[128.22404,35.55108],[128.22386,35.55298],[128.2238,35.55567],[128.22381,35.55571],[128.22428,35.55625],[128.22453,35.55651],[128.22466,35.55662],[128.22482,35.55669],[128.22794,35.55772],[128.22886,35.55797],[128.22916,35.55805],[128.2293,35.55813],[128.2309,35.55927],[128.23409,35.56161],[128.23943,35.56589],[128.23953,35.56597],[128.24019,35.56718],[128.24034,35.56786],[128.24128,35.5697],[128.24155,35.56965],[128.2429,35.56957],[128.24333,35.56955],[128.24349,35.56955],[128.24375,35.56958],[128.24552,35.5699],[128.24581,35.56996],[128.24957,35.57079],[128.25077,35.57124],[128.25091,35.57128],[128.25104,35.57127],[128.25156,35.57117],[128.25165,35.57113],[128.25173,35.57107],[128.25181,35.57094],[128.25201,35.57049],[128.25211,35.57036],[128.25222,35.57027],[128.2546,35.56863],[128.25758,35.56711],[128.25921,35.56659],[128.25953,35.56653],[128.26058,35.56647],[128.26075,35.56647],[128.26093,35.56652],[128.2612,35.56663],[128.2623,35.56708],[128.26244,35.56717],[128.26263,35.56738]]]]}},{"type":"Feature","properties":{"code":"48890370","name":"쌍책면","parent":"48890"},"geometry":{"type":"MultiPolygon","coordinates":[[[[128.27669,35.64673],[128.27703,35.64648],[128.27725,35.6463],[128.27745,35.6461],[128.27757,35.64595],[128.27809,35.64492],[128.27812,35.64483],[128.27814,35.64396],[128.27813,35.64389],[128.27933,35.6421],[128.28244,35.63761],[128.28435,35.63538],[128.28729,35.63236],[128.28737,35.63171],[128.28759,35.63057],[128.28762,35.6305],[128.2884,35.62991],[128.28888,35.62958],[128.28917,35.62945],[128.28989,35.62915],[128.29091,35.6288],[128.2911,35.62874],[128.29132,35.62864],[128.29153,35.62855],[128.29461,35.62551],[128.29533,35.6248],[128.29543,35.62462],[128.29605,35.62276],[128.29577,35.62264],[128.29535,35.6225],[128.29239,35.62209],[128.29205,35.62211],[128.29181,35.62218],[128.29165,35.62218],[128.28833,35.6217],[128.28827,35.62168],[128.28824,35.62164],[128.28776,35.62096],[128.28741,35.62016],[128.2878,35.61957],[128.288,35.61934],[128.28825,35.61895],[128.28836,35.61866],[128.28849,35.61812],[128.28854,35.61786],[128.28883,35.61556],[128.28883,35.61543],[128.2885,35.6142],[128.28843,35.61398],[128.28835,35.61375],[128.28815,35.6133],[128.28801,35.61301],[128.28794,35.61291],[128.28778,35.61273],[128.28757,35.61248],[128.28752,35.61237],[128.28753,35.61227],[128.28757,35.61214],[128.28975,35.60854],[128.2901,35.60809],[128.29016,35.60804],[128.29019,35.60802],[128.29028,35.608],[128.29059,35.608],[128.29207,35.60811],[128.2945,35.60832],[128.29561,35.60859],[128.29575,35.60862],[128.29588,35.60862],[128.29658,35.60848],[128.29756,35.60822],[128.29768,35.60819],[128.2979,35.60811],[128.29802,35.60806],[128.29809,35.60804],[128.29824,35.60794],[128.29947,35.60705],[128.29952,35.60699],[128.30013,35.60555],[128.30015,35.60541],[128.30005,35.60391],[128.29999,35.60374],[128.29992,35.60361],[128.30179,35.59908],[128.30228,35.59796],[128.30239,35.59785],[128.30302,35.59733],[128.30338,35.59712],[128.30387,35.59695],[128.30421,35.59675],[128.305,35.59611],[128.3051,35.596],[128.30519,35.5948],[128.30519,35.59457],[128.3048,35.59258],[128.30474,35.59234],[128.30449,35.59179],[128.30428,35.5915],[128.30424,35.59141],[128.30429,35.59116],[128.30438,35.59102],[128.30565,35.58984],[128.30795,35.58753],[128.30827,35.5871],[128.30854,35.58658],[128.30873,35.58618],[128.30876,35.58576],[128.30875,35.58514],[128.30837,35.58208],[128.3075,35.58146],[128.30632,35.58076],[128.30052,35.57756],[128.30058,35.57749],[128.3008,35.57706],[128.30085,35.57691],[128.30085,35.57682],[128.30072,35.57658],[128.30063,35.57645],[128.29997,35.57581],[128.29985,35.57584],[128.29864,35.57609],[128.29811,35.57618],[128.2978,35.57621],[128.29716,35.57624],[128.2967,35.57621],[128.29665,35.5762],[128.29608,35.57608],[128.29546,35.57579],[128.2949,35.57529],[128.29452,35.57491],[128.29402,35.57428],[128.29151,35.57068],[128.28708,35.56543],[128.28639,35.56413],[128.2863,35.56402],[128.28558,35.56327],[128.28476,35.56253],[128.28458,35.56236],[128.28228,35.56086],[128.28164,35.56047],[128.28136,35.56037],[128.28129,35.56034],[128.28109,35.5603],[128.28093,35.56032],[128.28074,35.56036],[128.28051,35.56046],[128.28005,35.56075],[128.28007,35.56096],[128.28005,35.56107],[128.27999,35.56124],[128.27976,35.56151],[128.27795,35.56314],[128.27221,35.56655],[128.27062,35.56746],[128.26819,35.56854],[128.26762,35.56869],[128.26737,35.56873],[128.26686,35.56875],[128.26619,35.56874],[128.26586,35.56873],[128.26577,35.56871],[128.26536,35.56837],[128.26503,35.5681],[128.26487,35.56799],[128.26339,35.56753],[128.26263,35.56738],[128.26182,35.5677],[128.26156,35.56783],[128.26142,35.56794],[128.26062,35.5689],[128.25666,35.57293],[128.2553,35.57406],[128.2527,35.57673],[128.2526,35.577],[128.25258,35.5773],[128.25262,35.57763],[128.25272,35.57788],[128.25275,35.57794],[128.25281,35.57799],[128.25493,35.5795],[128.2551,35.57947],[128.25528,35.57945],[128.25544,35.57944],[128.25554,35.57947],[128.25569,35.57958],[128.25623,35.58004],[128.25629,35.5801],[128.25702,35.58096],[128.25707,35.58106],[128.25713,35.58145],[128.25714,35.58166],[128.25712,35.58173],[128.25704,35.58189],[128.25701,35.58193],[128.25668,35.58257],[128.25642,35.58318],[128.25636,35.58347],[128.25637,35.58362],[128.2564,35.58382],[128.2565,35.58406],[128.25673,35.58448],[128.25688,35.5847],[128.25697,35.58482],[128.25718,35.58496],[128.25759,35.58516],[128.25812,35.58541],[128.25858,35.58558],[128.26022,35.58608],[128.261,35.58625],[128.26193,35.58643],[128.26257,35.58654],[128.26293,35.58663],[128.2633,35.58679],[128.26369,35.58697],[128.26394,35.58709],[128.26505,35.58781],[128.26704,35.58913],[128.26764,35.58954],[128.2679,35.58975],[128.26873,35.59046],[128.26892,35.59069],[128.26911,35.59096],[128.26922,35.59119],[128.26933,35.59145],[128.26941,35.59179],[128.26944,35.59211],[128.26945,35.59229],[128.26947,35.59262],[128.26945,35.59286],[128.26941,35.5931],[128.2692,35.59404],[128.2691,35.59429],[128.26895,35.59453],[128.26867,35.59491],[128.26848,35.59512],[128.26825,35.59535],[128.26794,35.59561],[128.26747,35.59594],[128.26703,35.59622],[128.26671,35.59639],[128.26606,35.59667],[128.26337,35.59778],[128.26058,35.59891],[128.25924,35.5994],[128.25721,35.60011],[128.25685,35.60022],[128.25637,35.6003],[128.25604,35.60033],[128.25567,35.60033],[128.25515,35.6003],[128.25465,35.60024],[128.25425,35.60019],[128.25396,35.60013],[128.25382,35.60007],[128.25353,35.5999],[128.25286,35.59946],[128.25215,35.599],[128.25209,35.59897],[128.25194,35.59893],[128.2485,35.59867],[128.24801,35.59884],[128.24733,35.59919],[128.24685,35.59956],[128.24639,35.59991],[128.24575,35.60052],[128.24464,35.60176],[128.24445,35.60243],[128.24326,35.60747],[128.24272,35.61072],[128.24267,35.61101],[128.24261,35.61131],[128.24255,35.61156],[128.24249,35.61181],[128.24095,35.61687],[128.24042,35.61818],[128.23999,35.61888],[128.23978,35.61919],[128.23956,35.61949],[128.23845,35.62052],[128.23697,35.62488],[128.23525,35.62844],[128.2319,35.63169],[128.23107,35.63552],[128.23107,35.63562],[128.23111,35.63573],[128.23119,35.63587],[128.23123,35.63595],[128.23125,35.63623],[128.23124,35.63671],[128.23119,35.63694],[128.23114,35.63707],[128.23029,35.63863],[128.23024,35.63872],[128.23009,35.63893],[128.22997,35.63908],[128.22967,35.63945],[128.23137,35.64019],[128.23164,35.64028],[128.23179,35.6403],[128.23192,35.6403],[128.23202,35.64027],[128.23213,35.64023],[128.23227,35.64017],[128.23238,35.64008],[128.23248,35.63998],[128.23271,35.63978],[128.23279,35.63973],[128.23287,35.6397],[128.23292,35.6397],[128.23305,35.63973],[128.23555,35.64063],[128.23564,35.64067],[128.23572,35.64073],[128.23711,35.64316],[128.23716,35.64323],[128.23724,35.64348],[128.23749,35.64425],[128.23685,35.64618],[128.23672,35.64649],[128.23661,35.64668],[128.23632,35.64709],[128.2361,35.64731],[128.23595,35.64751],[128.23594,35.64756],[128.23579,35.65003],[128.23578,35.65123],[128.2359,35.65136],[128.24131,35.65511],[128.24194,35.65544],[128.24362,35.65566],[128.24392,35.65552],[128.24479,35.65425],[128.24503,35.65399],[128.24534,35.65367],[128.24835,35.65145],[128.24893,35.6511],[128.25575,35.64841],[128.25672,35.64821],[128.25733,35.64798],[128.25825,35.64759],[128.25947,35.64596],[128.25966,35.64498],[128.26023,35.64405],[128.2611,35.64269],[128.2617,35.6428],[128.26267,35.64307],[128.26314,35.64342],[128.26371,35.64422],[128.26624,35.6451],[128.26713,35.64531],[128.27407,35.64643],[128.27669,35.64673]]]]}},{"type":"Feature","properties":{"code":"48890380","name":"덕곡면","parent":"48890"},"geometry":{"type":"MultiPolygon","coordinates":[[[[128.36235,35.61189],[128.3612,35.61193],[128.35913,35.61177],[128.35781,35.61153],[128.35704,35.61135],[128.35582,35.61095],[128.35519,35.61067],[128.35442,35.61032],[128.35383,35.61002],[128.35331,35.60969],[128.35291,35.60929],[128.35231,35.60834],[128.35221,35.60813],[128.35202,35.60754],[128.35189,35.60675],[128.3519,35.60551],[128.3523,35.60303],[128.35239,35.60266],[128.35308,35.6],[128.35341,35.59875],[128.35473,35.59302],[128.3552,35.59092],[128.35413,35.5916],[128.35393,35.59179],[128.35343,35.59225],[128.34907,35.59633],[128.3455,35.60119],[128.34548,35.60124],[128.34545,35.60129],[128.34546,35.60132],[128.34564,35.60174],[128.34588,35.60223],[128.34597,35.60241],[128.34603,35.60263],[128.34611,35.60297],[128.34625,35.60411],[128.34625,35.6042],[128.34523,35.60802],[128.34515,35.60819],[128.34506,35.60833],[128.34497,35.60843],[128.34486,35.60853],[128.3409,35.61163],[128.33959,35.61223],[128.33879,35.61255],[128.33724,35.61285],[128.33712,35.61287],[128.33699,35.61285],[128.33689,35.61282],[128.33676,35.61275],[128.33667,35.61267],[128.33645,35.6125],[128.33623,35.6124],[128.33607,35.61232],[128.33585,35.61223],[128.33566,35.61216],[128.33468,35.61189],[128.33429,35.61178],[128.33398,35.61172],[128.33381,35.61169],[128.33058,35.6112],[128.33039,35.61121],[128.33025,35.61125],[128.32995,35.61136],[128.32975,35.61144],[128.32905,35.61175],[128.32875,35.61192],[128.3266,35.61346],[128.32633,35.61366],[128.32616,35.61379],[128.32604,35.61391],[128.32593,35.61405],[128.32584,35.61419],[128.32577,35.61444],[128.32571,35.61468],[128.32569,35.61482],[128.32567,35.61503],[128.32568,35.61515],[128.32567,35.61535],[128.32566,35.61539],[128.32561,35.61544],[128.32555,35.61548],[128.32532,35.61562],[128.32466,35.61595],[128.32448,35.61603],[128.32439,35.61607],[128.32423,35.61612],[128.3219,35.61685],[128.32145,35.61698],[128.31878,35.61765],[128.31763,35.61785],[128.31444,35.61802],[128.31283,35.61807],[128.31259,35.61801],[128.31236,35.61797],[128.3121,35.61795],[128.31147,35.61792],[128.30995,35.61785],[128.30984,35.61787],[128.30723,35.61889],[128.30716,35.61894],[128.30702,35.61903],[128.30695,35.61909],[128.30687,35.61918],[128.30683,35.61924],[128.30681,35.61932],[128.30679,35.61943],[128.30678,35.61952],[128.30676,35.61959],[128.30667,35.61969],[128.30662,35.61973],[128.30659,35.61975],[128.30312,35.62144],[128.30301,35.62148],[128.30217,35.62173],[128.30003,35.62182],[128.29994,35.62182],[128.29986,35.6218],[128.29978,35.62177],[128.29968,35.6217],[128.2996,35.62161],[128.2995,35.62146],[128.2994,35.62135],[128.29929,35.62126],[128.29919,35.6212],[128.29902,35.62113],[128.29888,35.6211],[128.29873,35.6211],[128.29859,35.62114],[128.29834,35.62122],[128.29817,35.62131],[128.29798,35.62143],[128.2978,35.62158],[128.29713,35.62238],[128.29605,35.62276],[128.29543,35.62462],[128.29533,35.6248],[128.29461,35.62551],[128.29153,35.62855],[128.29132,35.62864],[128.2911,35.62874],[128.29091,35.6288],[128.28989,35.62915],[128.28917,35.62945],[128.28888,35.62958],[128.2884,35.62991],[128.28762,35.6305],[128.28759,35.63057],[128.28737,35.63171],[128.28729,35.63236],[128.28435,35.63538],[128.28244,35.63761],[128.27933,35.6421],[128.27813,35.64389],[128.27814,35.64396],[128.27812,35.64483],[128.27809,35.64492],[128.27757,35.64595],[128.27745,35.6461],[128.27725,35.6463],[128.27703,35.64648],[128.27669,35.64673],[128.27735,35.64726],[128.2778,35.64836],[128.27777,35.64925],[128.27794,35.65039],[128.2784,35.65175],[128.27971,35.65229],[128.28057,35.65229],[128.2859,35.65199],[128.28859,35.65239],[128.28997,35.65196],[128.2916,35.65144],[128.29182,35.65131],[128.29212,35.6511],[128.29228,35.65098],[128.2962,35.65053],[128.29626,35.65063],[128.2964,35.65091],[128.2966,35.65155],[128.29682,35.65336],[128.29708,35.65527],[128.29726,35.65619],[128.30246,35.65444],[128.30479,35.65502],[128.30501,35.65506],[128.30595,35.65514],[128.30605,35.65514],[128.31197,35.65266],[128.3151,35.65107],[128.31572,35.65095],[128.31663,35.65107],[128.31822,35.65092],[128.31922,35.65012],[128.32014,35.64939],[128.32093,35.64784],[128.32371,35.64602],[128.32553,35.64594],[128.32725,35.64644],[128.32815,35.64747],[128.32926,35.64816],[128.33461,35.64636],[128.33641,35.64558],[128.3365,35.64514],[128.33633,35.64472],[128.33845,35.64415],[128.34095,35.64415],[128.34212,35.64445],[128.34233,35.64478],[128.34228,35.6452],[128.34418,35.64609],[128.34875,35.64647],[128.34917,35.64645],[128.34999,35.64598],[128.35214,35.64458],[128.35492,35.64247],[128.3551,35.64206],[128.35516,35.64191],[128.35595,35.6401],[128.3561,35.63975],[128.35722,35.63827],[128.35862,35.63702],[128.35953,35.63559],[128.36171,35.63179],[128.36305,35.62858],[128.3629,35.62725],[128.36284,35.62679],[128.36269,35.62613],[128.36247,35.62532],[128.36238,35.62493],[128.36235,35.62471],[128.36232,35.62451],[128.36233,35.62414],[128.36236,35.62379],[128.36251,35.62317],[128.36264,35.62287],[128.3629,35.62252],[128.3633,35.62202],[128.36362,35.62173],[128.36374,35.62157],[128.36382,35.62139],[128.36386,35.62118],[128.36387,35.62084],[128.36378,35.62007],[128.36351,35.61885],[128.36303,35.61756],[128.36296,35.6172],[128.36294,35.61686],[128.363,35.61652],[128.36306,35.61624],[128.36317,35.61597],[128.36351,35.61485],[128.36364,35.61439],[128.36364,35.61407],[128.36355,35.61371],[128.36345,35.61351],[128.36266,35.61226],[128.36235,35.61189]]]]}},{"type":"Feature","properties":{"code":"48890390","name":"청덕면","parent":"48890"},"geometry":{"type":"MultiPolygon","coordinates":[[[[128.3552,35.59092],[128.35535,35.59038],[128.35545,35.59007],[128.35556,35.58987],[128.35557,35.58984],[128.35585,35.58938],[128.35627,35.58882],[128.35738,35.5878],[128.35814,35.58721],[128.35842,35.5869],[128.35876,35.58627],[128.3592,35.58533],[128.35978,35.58391],[128.36019,35.5827],[128.36144,35.57893],[128.36173,35.57801],[128.36174,35.57792],[128.36175,35.57733],[128.3617,35.57668],[128.36042,35.56935],[128.35999,35.56764],[128.35977,35.56719],[128.35901,35.56606],[128.35759,35.5641],[128.35624,35.56235],[128.35608,35.56211],[128.35539,35.5611],[128.3534,35.558],[128.35029,35.55303],[128.34979,35.55216],[128.34962,35.55178],[128.34915,35.5502],[128.34893,35.54901],[128.34875,35.54729],[128.34878,35.5465],[128.34882,35.54597],[128.3491,35.54433],[128.34982,35.54023],[128.3502,35.53863],[128.35045,35.53817],[128.35087,35.53745],[128.35189,35.536],[128.35276,35.53493],[128.35738,35.53039],[128.36004,35.52804],[128.36304,35.52543],[128.3646,35.52425],[128.36629,35.52305],[128.36935,35.52088],[128.37224,35.51896],[128.37122,35.5172],[128.3696,35.51499],[128.36948,35.51477],[128.36946,35.51473],[128.36937,35.51448],[128.36932,35.51405],[128.36934,35.51371],[128.36938,35.51322],[128.36958,35.51167],[128.36964,35.51125],[128.36988,35.51061],[128.37002,35.51026],[128.37033,35.5098],[128.37079,35.50942],[128.37121,35.509],[128.37183,35.50838],[128.3723,35.50775],[128.37262,35.50723],[128.3728,35.50692],[128.37293,35.5067],[128.37302,35.50647],[128.37313,35.50619],[128.37319,35.50592],[128.37322,35.50577],[128.37335,35.50459],[128.37334,35.50415],[128.37332,35.50386],[128.37328,35.50369],[128.37322,35.50351],[128.3728,35.50276],[128.37254,35.50244],[128.37231,35.50222],[128.37209,35.50207],[128.37187,35.50195],[128.37169,35.50186],[128.37151,35.50179],[128.36715,35.50032],[128.36685,35.50025],[128.36668,35.5002],[128.36639,35.50016],[128.36605,35.50014],[128.36567,35.50014],[128.36536,35.50018],[128.36511,35.50023],[128.36502,35.50025],[128.36495,35.50027],[128.36488,35.50029],[128.36452,35.50045],[128.36394,35.50079],[128.36278,35.50152],[128.36225,35.50186],[128.36123,35.50254],[128.36103,35.50266],[128.36039,35.50296],[128.36022,35.50304],[128.36012,35.50306],[128.35987,35.50309],[128.35954,35.50312],[128.35922,35.50313],[128.35892,35.50309],[128.35658,35.50269],[128.35643,35.50267],[128.35603,35.50257],[128.35552,35.5024],[128.35428,35.50194],[128.35377,35.50168],[128.3535,35.5015],[128.35336,35.50135],[128.35325,35.5011],[128.35297,35.50037],[128.35293,35.5002],[128.35293,35.50006],[128.35296,35.49976],[128.35295,35.49948],[128.35264,35.49834],[128.35063,35.49878],[128.3498,35.49896],[128.34878,35.49919],[128.34836,35.49929],[128.34713,35.49985],[128.34703,35.49991],[128.34691,35.49999],[128.34657,35.50031],[128.34652,35.50036],[128.34633,35.50078],[128.34618,35.50121],[128.34593,35.50219],[128.34316,35.50508],[128.34153,35.5057],[128.3413,35.5058],[128.34123,35.50583],[128.34104,35.50592],[128.34079,35.50605],[128.34064,35.50617],[128.33979,35.50681],[128.33973,35.50687],[128.3397,35.50717],[128.33967,35.50747],[128.33966,35.5078],[128.33958,35.50816],[128.33949,35.5085],[128.33945,35.50866],[128.33936,35.50893],[128.33929,35.50915],[128.3392,35.50935],[128.33912,35.50944],[128.33899,35.50952],[128.33863,35.50961],[128.33847,35.50964],[128.33821,35.50966],[128.33797,35.50965],[128.33426,35.50877],[128.33075,35.50762],[128.3304,35.50754],[128.33015,35.50752],[128.32994,35.50752],[128.32597,35.50784],[128.3228,35.50811],[128.32267,35.50814],[128.3225,35.50818],[128.32209,35.50831],[128.32188,35.5084],[128.32159,35.50854],[128.32137,35.50866],[128.32111,35.50883],[128.31813,35.51107],[128.3178,35.51133],[128.31766,35.51146],[128.31752,35.51158],[128.31739,35.51171],[128.31732,35.51187],[128.31728,35.51206],[128.31729,35.51222],[128.31732,35.5124],[128.31733,35.51255],[128.31731,35.51292],[128.31725,35.51308],[128.31716,35.51327],[128.31595,35.51513],[128.31585,35.51527],[128.31563,35.51547],[128.31546,35.51558],[128.31337,35.51637],[128.31221,35.51672],[128.30801,35.51701],[128.30786,35.51698],[128.30774,35.5169],[128.3056,35.51513],[128.30414,35.51349],[128.30122,35.51373],[128.29904,35.51587],[128.29709,35.51653],[128.29583,35.51695],[128.29551,35.51703],[128.29467,35.51725],[128.2945,35.51726],[128.29356,35.51727],[128.29286,35.5173],[128.29309,35.51869],[128.29316,35.51888],[128.29323,35.51898],[128.294,35.51999],[128.29409,35.52009],[128.29422,35.52019],[128.29435,35.52027],[128.29455,35.52037],[128.29488,35.52055],[128.295,35.52062],[128.29517,35.52078],[128.29531,35.52092],[128.2954,35.52105],[128.2967,35.52367],[128.29741,35.52594],[128.29742,35.52604],[128.29746,35.52611],[128.2978,35.52643],[128.29793,35.52651],[128.29813,35.52659],[128.29962,35.52713],[128.29975,35.52716],[128.29988,35.52715],[128.30096,35.52671],[128.30224,35.52631],[128.3023,35.5263],[128.30238,35.52634],[128.30455,35.52788],[128.30867,35.52891],[128.3087,35.52895],[128.30903,35.52974],[128.3092,35.53095],[128.30939,35.53133],[128.31,35.5325],[128.31014,35.53267],[128.31177,35.53384],[128.31189,35.53388],[128.31204,35.53389],[128.31217,35.53391],[128.31266,35.53408],[128.31311,35.53427],[128.31326,35.53439],[128.31363,35.53484],[128.31469,35.53656],[128.31507,35.53735],[128.31508,35.53751],[128.31506,35.53761],[128.3143,35.53882],[128.31421,35.53891],[128.31304,35.53994],[128.31214,35.54068],[128.31104,35.54156],[128.31068,35.5418],[128.30949,35.54283],[128.30938,35.54293],[128.30928,35.54306],[128.30894,35.54412],[128.30824,35.54678],[128.30684,35.54896],[128.30566,35.55077],[128.30555,35.55091],[128.30343,35.55358],[128.30322,35.55379],[128.30307,35.55392],[128.30139,35.55506],[128.30058,35.55555],[128.30002,35.55581],[128.29951,35.55604],[128.29924,35.5562],[128.29766,35.5573],[128.29756,35.55739],[128.29752,35.55747],[128.29745,35.55841],[128.29747,35.5585],[128.29756,35.55854],[128.29851,35.55889],[128.29864,35.55893],[128.2988,35.55895],[128.30094,35.55915],[128.30285,35.55911],[128.30312,35.55906],[128.30325,35.55902],[128.30331,35.55897],[128.30352,35.5588],[128.30375,35.55852],[128.30399,35.55819],[128.30418,35.55799],[128.30432,35.55786],[128.30493,35.55753],[128.30517,35.55745],[128.30536,35.55742],[128.30597,35.55743],[128.30618,35.55748],[128.30648,35.55757],[128.30672,35.55769],[128.30687,35.55777],[128.31206,35.56107],[128.31211,35.56112],[128.31218,35.56123],[128.31254,35.56185],[128.31258,35.56195],[128.3126,35.56203],[128.31258,35.56215],[128.31244,35.56261],[128.31228,35.56289],[128.31227,35.56294],[128.31226,35.56296],[128.31227,35.563],[128.31231,35.56307],[128.31316,35.56416],[128.31329,35.56429],[128.31453,35.56523],[128.31472,35.56533],[128.31495,35.56543],[128.31511,35.56548],[128.31538,35.5655],[128.31558,35.56553],[128.31569,35.56558],[128.31793,35.56673],[128.31824,35.5669],[128.31842,35.56705],[128.31857,35.56723],[128.31933,35.56814],[128.31936,35.56821],[128.31941,35.56835],[128.31943,35.5685],[128.3194,35.56859],[128.31937,35.56866],[128.31927,35.56878],[128.31917,35.56885],[128.31899,35.56893],[128.31874,35.56903],[128.31849,35.56908],[128.31591,35.56957],[128.31458,35.5698],[128.31387,35.56996],[128.31322,35.57015],[128.31245,35.57045],[128.3112,35.571],[128.31063,35.57127],[128.30815,35.57251],[128.30628,35.57353],[128.30567,35.57389],[128.30542,35.57399],[128.30259,35.57508],[128.30205,35.57528],[128.30122,35.57551],[128.30019,35.57578],[128.29997,35.57581],[128.30063,35.57645],[128.30072,35.57658],[128.30085,35.57682],[128.30085,35.57691],[128.3008,35.57706],[128.30058,35.57749],[128.30052,35.57756],[128.30632,35.58076],[128.3075,35.58146],[128.30837,35.58208],[128.30875,35.58514],[128.30876,35.58576],[128.30873,35.58618],[128.30854,35.58658],[128.30827,35.5871],[128.30795,35.58753],[128.30565,35.58984],[128.30438,35.59102],[128.30429,35.59116],[128.30424,35.59141],[128.30428,35.5915],[128.30449,35.59179],[128.30474,35.59234],[128.3048,35.59258],[128.30519,35.59457],[128.30519,35.5948],[128.3051,35.596],[128.305,35.59611],[128.30421,35.59675],[128.30387,35.59695],[128.30338,35.59712],[128.30302,35.59733],[128.30239,35.59785],[128.30228,35.59796],[128.30179,35.59908],[128.29992,35.60361],[128.29999,35.60374],[128.30005,35.60391],[128.30015,35.60541],[128.30013,35.60555],[128.29952,35.60699],[128.29947,35.60705],[128.29824,35.60794],[128.29809,35.60804],[128.29802,35.60806],[128.2979,35.60811],[128.29768,35.60819],[128.29756,35.60822],[128.29658,35.60848],[128.29588,35.60862],[128.29575,35.60862],[128.29561,35.60859],[128.2945,35.60832],[128.29207,35.60811],[128.29059,35.608],[128.29028,35.608],[128.29019,35.60802],[128.29016,35.60804],[128.2901,35.60809],[128.28975,35.60854],[128.28757,35.61214],[128.28753,35.61227],[128.28752,35.61237],[128.28757,35.61248],[128.28778,35.61273],[128.28794,35.61291],[128.28801,35.61301],[128.28815,35.6133],[128.28835,35.61375],[128.28843,35.61398],[128.2885,35.6142],[128.28883,35.61543],[128.28883,35.61556],[128.28854,35.61786],[128.28849,35.61812],[128.28836,35.61866],[128.28825,35.61895],[128.288,35.61934],[128.2878,35.61957],[128.28741,35.62016],[128.28776,35.62096],[128.28824,35.62164],[128.28827,35.62168],[128.28833,35.6217],[128.29165,35.62218],[128.29181,35.62218],[128.29205,35.62211],[128.29239,35.62209],[128.29535,35.6225],[128.29577,35.62264],[128.29605,35.62276],[128.29713,35.62238],[128.2978,35.62158],[128.29798,35.62143],[128.29817,35.62131],[128.29834,35.62122],[128.29859,35.62114],[128.29873,35.6211],[128.29888,35.6211],[128.29902,35.62113],[128.29919,35.6212],[128.29929,35.62126],[128.2994,35.62135],[128.2995,35.62146],[128.2996,35.62161],[128.29968,35.6217],[128.29978,35.62177],[128.29986,35.6218],[128.29994,35.62182],[128.30003,35.62182],[128.30217,35.62173],[128.30301,35.62148],[128.30312,35.62144],[128.30659,35.61975],[128.30662,35.61973],[128.30667,35.61969],[128.30676,35.61959],[128.30678,35.61952],[128.30679,35.61943],[128.30681,35.61932],[128.30683,35.61924],[128.30687,35.61918],[128.30695,35.61909],[128.30702,35.61903],[128.30716,35.61894],[128.30723,35.61889],[128.30984,35.61787],[128.30995,35.61785],[128.31147,35.61792],[128.3121,35.61795],[128.31236,35.61797],[128.31259,35.61801],[128.31283,35.61807],[128.31444,35.61802],[128.31763,35.61785],[128.31878,35.61765],[128.32145,35.61698],[128.3219,35.61685],[128.32423,35.61612],[128.32439,35.61607],[128.32448,35.61603],[128.32466,35.61595],[128.32532,35.61562],[128.32555,35.61548],[128.32561,35.61544],[128.32566,35.61539],[128.32567,35.61535],[128.32568,35.61515],[128.32567,35.61503],[128.32569,35.61482],[128.32571,35.61468],[128.32577,35.61444],[128.32584,35.61419],[128.32593,35.61405],[128.32604,35.61391],[128.32616,35.61379],[128.32633,35.61366],[128.3266,35.61346],[128.32875,35.61192],[128.32905,35.61175],[128.32975,35.61144],[128.32995,35.61136],[128.33025,35.61125],[128.33039,35.61121],[128.33058,35.6112],[128.33381,35.61169],[128.33398,35.61172],[128.33429,35.61178],[128.33468,35.61189],[128.33566,35.61216],[128.33585,35.61223],[128.33607,35.61232],[128.33623,35.6124],[128.33645,35.6125],[128.33667,35.61267],[128.33676,35.61275],[128.33689,35.61282],[128.33699,35.61285],[128.33712,35.61287],[128.33724,35.61285],[128.33879,35.61255],[128.33959,35.61223],[128.3409,35.61163],[128.34486,35.60853],[128.34497,35.60843],[128.34506,35.60833],[128.34515,35.60819],[128.34523,35.60802],[128.34625,35.6042],[128.34625,35.60411],[128.34611,35.60297],[128.34603,35.60263],[128.34597,35.60241],[128.34588,35.60223],[128.34564,35.60174],[128.34546,35.60132],[128.34545,35.60129],[128.34548,35.60124],[128.3455,35.60119],[128.34907,35.59633],[128.35343,35.59225],[128.35393,35.59179],[128.35413,35.5916],[128.3552,35.59092]]]]}},{"type":"Feature","properties":{"code":"48890400","name":"적중면","parent":"48890"},"geometry":{"type":"MultiPolygon","coordinates":[[[[128.29997,35.57581],[128.30019,35.57578],[128.30122,35.57551],[128.30205,35.57528],[128.30259,35.57508],[128.30542,35.57399],[128.30567,35.57389],[128.30628,35.57353],[128.30815,35.57251],[128.31063,35.57127],[128.3112,35.571],[128.31245,35.57045],[128.31322,35.57015],[128.31387,35.56996],[128.31458,35.5698],[128.31591,35.56957],[128.31849,35.56908],[128.31874,35.56903],[128.31899,35.56893],[128.31917,35.56885],[128.31927,35.56878],[128.31937,35.56866],[128.3194,35.56859],[128.31943,35.5685],[128.31941,35.56835],[128.31936,35.56821],[128.31933,35.56814],[128.31857,35.56723],[128.31842,35.56705],[128.31824,35.5669],[128.31793,35.56673],[128.31569,35.56558],[128.31558,35.56553],[128.31538,35.5655],[128.31511,35.56548],[128.31495,35.56543],[128.31472,35.56533],[128.31453,35.56523],[128.31329,35.56429],[128.31316,35.56416],[128.31231,35.56307],[128.31227,35.563],[128.31226,35.56296],[128.31227,35.56294],[128.31228,35.56289],[128.31244,35.56261],[128.31258,35.56215],[128.3126,35.56203],[128.31258,35.56195],[128.31254,35.56185],[128.31218,35.56123],[128.31211,35.56112],[128.31206,35.56107],[128.30687,35.55777],[128.30672,35.55769],[128.30648,35.55757],[128.30618,35.55748],[128.30597,35.55743],[128.30536,35.55742],[128.30517,35.55745],[128.30493,35.55753],[128.30432,35.55786],[128.30418,35.55799],[128.30399,35.55819],[128.30375,35.55852],[128.30352,35.5588],[128.30331,35.55897],[128.30325,35.55902],[128.30312,35.55906],[128.30285,35.55911],[128.30094,35.55915],[128.2988,35.55895],[128.29864,35.55893],[128.29851,35.55889],[128.29756,35.55854],[128.29747,35.5585],[128.29745,35.55841],[128.29752,35.55747],[128.29756,35.55739],[128.29766,35.5573],[128.29924,35.5562],[128.29951,35.55604],[128.30002,35.55581],[128.30058,35.55555],[128.30139,35.55506],[128.30307,35.55392],[128.30322,35.55379],[128.30343,35.55358],[128.30555,35.55091],[128.30566,35.55077],[128.30684,35.54896],[128.30824,35.54678],[128.30894,35.54412],[128.30928,35.54306],[128.30938,35.54293],[128.30949,35.54283],[128.31068,35.5418],[128.31104,35.54156],[128.31214,35.54068],[128.31304,35.53994],[128.31421,35.53891],[128.3143,35.53882],[128.31506,35.53761],[128.31508,35.53751],[128.31507,35.53735],[128.31469,35.53656],[128.31363,35.53484],[128.31326,35.53439],[128.31311,35.53427],[128.31266,35.53408],[128.31217,35.53391],[128.31204,35.53389],[128.31189,35.53388],[128.31177,35.53384],[128.31014,35.53267],[128.31,35.5325],[128.30939,35.53133],[128.3092,35.53095],[128.30903,35.52974],[128.3087,35.52895],[128.30867,35.52891],[128.30455,35.52788],[128.30238,35.52634],[128.3023,35.5263],[128.30224,35.52631],[128.30096,35.52671],[128.29988,35.52715],[128.29975,35.52716],[128.29962,35.52713],[128.29813,35.52659],[128.29793,35.52651],[128.2978,35.52643],[128.29746,35.52611],[128.29742,35.52604],[128.29741,35.52594],[128.2967,35.52367],[128.2954,35.52105],[128.29531,35.52092],[128.29517,35.52078],[128.295,35.52062],[128.29488,35.52055],[128.29455,35.52037],[128.29435,35.52027],[128.29422,35.52019],[128.29409,35.52009],[128.294,35.51999],[128.29323,35.51898],[128.29316,35.51888],[128.29309,35.51869],[128.29286,35.5173],[128.29162,35.51625],[128.29017,35.51249],[128.29014,35.51243],[128.29002,35.51237],[128.28976,35.51225],[128.28868,35.51189],[128.2858,35.51112],[128.28216,35.51053],[128.27639,35.50979],[128.27632,35.50978],[128.27621,35.50978],[128.27471,35.50978],[128.27453,35.5098],[128.27433,35.50982],[128.27104,35.51024],[128.2708,35.51028],[128.27056,35.51034],[128.27036,35.5104],[128.27014,35.51048],[128.26988,35.51061],[128.26962,35.51075],[128.26938,35.51092],[128.26926,35.511],[128.26918,35.511],[128.269,35.51092],[128.26856,35.51069],[128.26664,35.50968],[128.26636,35.50952],[128.26626,35.50944],[128.26632,35.50955],[128.26636,35.50969],[128.26637,35.50983],[128.26633,35.51001],[128.26571,35.51133],[128.26563,35.51145],[128.26222,35.514],[128.2621,35.51408],[128.26198,35.51413],[128.2616,35.5142],[128.26137,35.51424],[128.26116,35.51432],[128.26102,35.51442],[128.26002,35.51521],[128.25993,35.51529],[128.25894,35.51618],[128.25866,35.51648],[128.25442,35.52151],[128.25417,35.52455],[128.25434,35.52481],[128.25451,35.52512],[128.25471,35.5257],[128.25593,35.53161],[128.25591,35.53368],[128.25793,35.54128],[128.25827,35.54192],[128.25929,35.54294],[128.25944,35.54306],[128.25983,35.54321],[128.26293,35.54428],[128.26524,35.54713],[128.26533,35.5473],[128.26568,35.54778],[128.26722,35.54924],[128.27076,35.55189],[128.27462,35.55522],[128.27687,35.55688],[128.27858,35.55775],[128.27875,35.55792],[128.2789,35.55823],[128.27903,35.55892],[128.27902,35.55955],[128.27905,35.55971],[128.27912,35.55985],[128.2795,35.56037],[128.2796,35.5605],[128.27973,35.56061],[128.27999,35.56075],[128.28005,35.56075],[128.28051,35.56046],[128.28074,35.56036],[128.28093,35.56032],[128.28109,35.5603],[128.28129,35.56034],[128.28136,35.56037],[128.28164,35.56047],[128.28228,35.56086],[128.28458,35.56236],[128.28476,35.56253],[128.28558,35.56327],[128.2863,35.56402],[128.28639,35.56413],[128.28708,35.56543],[128.29151,35.57068],[128.29402,35.57428],[128.29452,35.57491],[128.2949,35.57529],[128.29546,35.57579],[128.29608,35.57608],[128.29665,35.5762],[128.2967,35.57621],[128.29716,35.57624],[128.2978,35.57621],[128.29811,35.57618],[128.29864,35.57609],[128.29985,35.57584],[128.29997,35.57581]]]]}},{"type":"Feature","properties":{"code":"48890410","name":"대양면","parent":"48890"},"geometry":{"type":"MultiPolygon","coordinates":[[[[128.21751,35.5334],[128.21985,35.53214],[128.22218,35.52998],[128.22286,35.52932],[128.22466,35.5269],[128.22492,35.52536],[128.22493,35.5253],[128.2253,35.52384],[128.22532,35.52374],[128.22866,35.52122],[128.23391,35.5168],[128.23766,35.51362],[128.23807,35.51319],[128.23888,35.51233],[128.23904,35.50929],[128.2436,35.50723],[128.25302,35.50337],[128.25723,35.50316],[128.25815,35.50351],[128.26131,35.50425],[128.26231,35.50431],[128.2616,35.50303],[128.26099,35.50176],[128.26173,35.50041],[128.26195,35.49778],[128.26189,35.49718],[128.26078,35.49657],[128.25925,35.4963],[128.25698,35.49537],[128.25499,35.49373],[128.24917,35.49312],[128.24905,35.49316],[128.24792,35.49356],[128.24679,35.49442],[128.2426,35.49425],[128.23987,35.49389],[128.23683,35.49282],[128.23314,35.49055],[128.23048,35.48896],[128.23048,35.4905],[128.22835,35.49105],[128.22711,35.49057],[128.22651,35.48975],[128.22481,35.48851],[128.22071,35.48597],[128.22034,35.4859],[128.21761,35.48533],[128.21436,35.48467],[128.21126,35.48379],[128.20945,35.48292],[128.20846,35.48182],[128.20745,35.47898],[128.2063,35.47762],[128.20132,35.47757],[128.20049,35.47769],[128.20022,35.47775],[128.2001,35.47778],[128.20001,35.47783],[128.19737,35.47949],[128.19734,35.47954],[128.1972,35.47983],[128.19704,35.48003],[128.19698,35.48009],[128.19687,35.48015],[128.19603,35.48047],[128.19465,35.48085],[128.19451,35.48086],[128.19432,35.48084],[128.1931,35.48067],[128.19061,35.48017],[128.18901,35.47984],[128.18689,35.47918],[128.18548,35.47869],[128.17998,35.4774],[128.17969,35.47828],[128.17913,35.47967],[128.17907,35.47974],[128.17897,35.4798],[128.17873,35.47987],[128.17839,35.47993],[128.17485,35.48053],[128.17348,35.47987],[128.17245,35.47933],[128.17237,35.47929],[128.17227,35.47926],[128.17079,35.47897],[128.17071,35.47896],[128.16947,35.47908],[128.16927,35.47912],[128.16916,35.47915],[128.16908,35.47921],[128.16893,35.47947],[128.1688,35.47965],[128.16864,35.4798],[128.16855,35.47986],[128.16846,35.47988],[128.16549,35.48008],[128.16524,35.48008],[128.1636,35.47993],[128.16352,35.47991],[128.16021,35.48043],[128.16012,35.48047],[128.16007,35.48052],[128.15836,35.48322],[128.15828,35.48336],[128.15665,35.4868],[128.15611,35.48842],[128.15601,35.48874],[128.15603,35.48884],[128.15616,35.48904],[128.15622,35.48919],[128.15624,35.4893],[128.15623,35.48945],[128.15602,35.49071],[128.156,35.49075],[128.15598,35.49077],[128.1557,35.49105],[128.15533,35.49137],[128.15482,35.49178],[128.15457,35.49195],[128.15435,35.4921],[128.15427,35.49214],[128.15421,35.49215],[128.15411,35.49214],[128.15397,35.49209],[128.15382,35.492],[128.15369,35.49188],[128.15358,35.49174],[128.15345,35.49149],[128.1533,35.49124],[128.15317,35.49106],[128.15294,35.49081],[128.15245,35.49037],[128.15234,35.4903],[128.15062,35.48928],[128.15045,35.48925],[128.15027,35.48923],[128.14997,35.48927],[128.14978,35.48932],[128.14945,35.4894],[128.14912,35.48944],[128.14628,35.48931],[128.14616,35.48929],[128.14605,35.48925],[128.14588,35.48909],[128.14539,35.48839],[128.14533,35.48829],[128.14532,35.48796],[128.14529,35.48759],[128.1452,35.48744],[128.14507,35.48732],[128.14496,35.48725],[128.14308,35.48653],[128.14276,35.48645],[128.14246,35.48646],[128.14226,35.48648],[128.14218,35.48651],[128.14212,35.48654],[128.14092,35.48754],[128.13977,35.48838],[128.13827,35.48939],[128.1381,35.48949],[128.13738,35.48991],[128.13731,35.48994],[128.13263,35.49167],[128.13082,35.49168],[128.13075,35.49168],[128.12957,35.49206],[128.12941,35.49211],[128.1279,35.4928],[128.12776,35.49288],[128.12723,35.49353],[128.12724,35.49369],[128.12814,35.49574],[128.12859,35.49687],[128.12861,35.49707],[128.12858,35.49731],[128.12847,35.49755],[128.12826,35.49782],[128.1279,35.49811],[128.12775,35.49823],[128.1276,35.49834],[128.12724,35.49858],[128.1271,35.49867],[128.12699,35.49874],[128.12679,35.49891],[128.12657,35.49917],[128.12507,35.50262],[128.12506,35.50268],[128.12481,35.5073],[128.12483,35.50736],[128.12729,35.50838],[128.12743,35.50841],[128.12766,35.50838],[128.13024,35.50802],[128.13353,35.50754],[128.13359,35.50754],[128.13365,35.50754],[128.13381,35.50763],[128.13423,35.5083],[128.13473,35.50955],[128.13476,35.5097],[128.1393,35.51218],[128.13967,35.51231],[128.14005,35.51237],[128.14032,35.51233],[128.14173,35.51233],[128.14345,35.51257],[128.14367,35.51261],[128.14373,35.51265],[128.14383,35.5128],[128.14412,35.51361],[128.14491,35.51472],[128.14506,35.51478],[128.14651,35.51485],[128.14703,35.51484],[128.14781,35.51475],[128.1486,35.5146],[128.14913,35.51457],[128.15046,35.51468],[128.15054,35.5147],[128.15061,35.51471],[128.15072,35.5149],[128.15074,35.51497],[128.15138,35.51766],[128.15164,35.51902],[128.15178,35.52176],[128.15221,35.52465],[128.15224,35.52474],[128.15233,35.52478],[128.1528,35.52506],[128.15307,35.52525],[128.15317,35.52535],[128.15326,35.52543],[128.15447,35.52663],[128.15456,35.52672],[128.15464,35.52681],[128.15468,35.52687],[128.15539,35.52946],[128.1554,35.52964],[128.15537,35.52989],[128.15531,35.53007],[128.15492,35.53067],[128.15468,35.53092],[128.15426,35.5314],[128.15392,35.53205],[128.1538,35.53232],[128.15382,35.53242],[128.15505,35.53529],[128.15786,35.53818],[128.15614,35.54322],[128.1553,35.54515],[128.15522,35.54539],[128.15522,35.54547],[128.15541,35.54576],[128.15569,35.54618],[128.15599,35.54654],[128.15615,35.54663],[128.15636,35.54676],[128.15655,35.54685],[128.15685,35.54695],[128.15704,35.54696],[128.15722,35.54698],[128.15761,35.54708],[128.15894,35.54786],[128.15904,35.54797],[128.1591,35.54811],[128.15911,35.54822],[128.15891,35.54941],[128.15884,35.54977],[128.15859,35.55049],[128.15812,35.55193],[128.15804,35.5523],[128.15807,35.55251],[128.1583,35.55405],[128.15832,35.55418],[128.15915,35.5554],[128.15968,35.5559],[128.15981,35.55602],[128.16022,35.55754],[128.1615,35.5577],[128.16235,35.5578],[128.16718,35.55869],[128.16828,35.55902],[128.17289,35.56042],[128.17392,35.56138],[128.17408,35.56303],[128.17413,35.56356],[128.17526,35.5628],[128.17713,35.56045],[128.17717,35.56006],[128.17677,35.55899],[128.1769,35.55778],[128.17797,35.55422],[128.18089,35.54976],[128.18143,35.54822],[128.18207,35.54722],[128.1828,35.54707],[128.18426,35.54635],[128.18598,35.54591],[128.18628,35.54573],[128.18882,35.54355],[128.19098,35.54153],[128.19151,35.54087],[128.19244,35.53927],[128.19743,35.53519],[128.19823,35.53467],[128.20063,35.53366],[128.20253,35.53332],[128.20516,35.53413],[128.20635,35.53459],[128.21143,35.53454],[128.21269,35.5344],[128.21391,35.53414],[128.21436,35.53386],[128.21581,35.53358],[128.21674,35.53348],[128.21751,35.5334]]]]}},{"type":"Feature","properties":{"code":"48890420","name":"쌍백면","parent":"48890"},"geometry":{"type":"MultiPolygon","coordinates":[[[[128.12724,35.49369],[128.12723,35.49353],[128.12776,35.49288],[128.1279,35.4928],[128.12941,35.49211],[128.12957,35.49206],[128.13075,35.49168],[128.13082,35.49168],[128.13263,35.49167],[128.13731,35.48994],[128.13738,35.48991],[128.1381,35.48949],[128.13827,35.48939],[128.13977,35.48838],[128.14092,35.48754],[128.14212,35.48654],[128.14218,35.48651],[128.14226,35.48648],[128.14246,35.48646],[128.14276,35.48645],[128.14308,35.48653],[128.14496,35.48725],[128.14507,35.48732],[128.1452,35.48744],[128.14529,35.48759],[128.14532,35.48796],[128.14533,35.48829],[128.14539,35.48839],[128.14588,35.48909],[128.14605,35.48925],[128.14616,35.48929],[128.14628,35.48931],[128.14912,35.48944],[128.14945,35.4894],[128.14978,35.48932],[128.14997,35.48927],[128.15027,35.48923],[128.15045,35.48925],[128.15062,35.48928],[128.15234,35.4903],[128.15245,35.49037],[128.15294,35.49081],[128.15317,35.49106],[128.1533,35.49124],[128.15345,35.49149],[128.15358,35.49174],[128.15369,35.49188],[128.15382,35.492],[128.15397,35.49209],[128.15411,35.49214],[128.15421,35.49215],[128.15427,35.49214],[128.15435,35.4921],[128.15457,35.49195],[128.15482,35.49178],[128.15533,35.49137],[128.1557,35.49105],[128.15598,35.49077],[128.156,35.49075],[128.15602,35.49071],[128.15623,35.48945],[128.15624,35.4893],[128.15622,35.48919],[128.15616,35.48904],[128.15603,35.48884],[128.15601,35.48874],[128.15611,35.48842],[128.15665,35.4868],[128.15828,35.48336],[128.15836,35.48322],[128.16007,35.48052],[128.16012,35.48047],[128.16021,35.48043],[128.16352,35.47991],[128.1636,35.47993],[128.16524,35.48008],[128.16549,35.48008],[128.16846,35.47988],[128.16855,35.47986],[128.16864,35.4798],[128.1688,35.47965],[128.16893,35.47947],[128.16908,35.47921],[128.16916,35.47915],[128.16927,35.47912],[128.16947,35.47908],[128.17071,35.47896],[128.17079,35.47897],[128.17227,35.47926],[128.17237,35.47929],[128.17245,35.47933],[128.17348,35.47987],[128.17485,35.48053],[128.17839,35.47993],[128.17873,35.47987],[128.17897,35.4798],[128.17907,35.47974],[128.17913,35.47967],[128.17969,35.47828],[128.17998,35.4774],[128.18548,35.47869],[128.18689,35.47918],[128.18901,35.47984],[128.19061,35.48017],[128.1931,35.48067],[128.19432,35.48084],[128.19451,35.48086],[128.19465,35.48085],[128.19603,35.48047],[128.19687,35.48015],[128.19698,35.48009],[128.19704,35.48003],[128.1972,35.47983],[128.19734,35.47954],[128.19737,35.47949],[128.20001,35.47783],[128.2001,35.47778],[128.20022,35.47775],[128.20049,35.47769],[128.20132,35.47757],[128.20036,35.47606],[128.20044,35.4757],[128.20058,35.47522],[128.2007,35.47505],[128.2009,35.47484],[128.20195,35.47403],[128.20384,35.4724],[128.20571,35.4706],[128.20585,35.47039],[128.20622,35.46975],[128.20631,35.46948],[128.20631,35.46913],[128.21024,35.46737],[128.21049,35.46727],[128.21507,35.46482],[128.21514,35.46477],[128.21611,35.46384],[128.21625,35.46369],[128.21671,35.46285],[128.21677,35.46262],[128.21678,35.46215],[128.21666,35.46148],[128.21659,35.46137],[128.21645,35.46131],[128.21589,35.46115],[128.21508,35.46096],[128.21489,35.46094],[128.21458,35.46099],[128.21421,35.46107],[128.21358,35.46131],[128.21164,35.46183],[128.21131,35.46184],[128.21121,35.4618],[128.20812,35.45987],[128.2077,35.45823],[128.20769,35.45794],[128.20775,35.45775],[128.20797,35.45736],[128.20828,35.45628],[128.20854,35.45344],[128.20855,35.45326],[128.20852,35.45305],[128.20713,35.44819],[128.20703,35.44799],[128.20632,35.44684],[128.20618,35.44664],[128.206,35.44645],[128.2057,35.44625],[128.20532,35.44606],[128.20507,35.44592],[128.20494,35.44581],[128.2043,35.44514],[128.20423,35.44505],[128.20295,35.44248],[128.20289,35.44226],[128.20249,35.44044],[128.20236,35.43834],[128.20237,35.43826],[128.20243,35.43812],[128.20228,35.43595],[128.20018,35.43208],[128.20008,35.43197],[128.19723,35.4295],[128.19703,35.42936],[128.19674,35.42918],[128.19648,35.42906],[128.19598,35.4289],[128.19568,35.42878],[128.19471,35.42819],[128.19462,35.42812],[128.1931,35.42667],[128.19301,35.42658],[128.19278,35.42628],[128.19275,35.42624],[128.19272,35.42616],[128.19271,35.42581],[128.1913,35.42393],[128.19013,35.42337],[128.18738,35.42115],[128.18728,35.42104],[128.18714,35.42088],[128.18572,35.41917],[128.18609,35.41775],[128.18676,35.41604],[128.18684,35.41593],[128.18694,35.41584],[128.18731,35.41561],[128.18746,35.41554],[128.18761,35.41551],[128.18797,35.41545],[128.18814,35.41543],[128.18828,35.41539],[128.18841,35.41531],[128.18848,35.41524],[128.18874,35.41495],[128.18884,35.41483],[128.18894,35.41471],[128.19015,35.41314],[128.19044,35.4127],[128.19052,35.41258],[128.19094,35.41176],[128.19099,35.41163],[128.1916,35.40902],[128.19161,35.40887],[128.19161,35.40871],[128.19118,35.40707],[128.1911,35.40679],[128.19101,35.40665],[128.19023,35.40518],[128.18971,35.40305],[128.18995,35.40159],[128.18996,35.40151],[128.18996,35.40141],[128.18997,35.40042],[128.18996,35.40028],[128.18963,35.39909],[128.18961,35.39901],[128.18957,35.39887],[128.18951,35.39876],[128.18946,35.39867],[128.18807,35.39823],[128.17952,35.39574],[128.17945,35.39572],[128.17936,35.3957],[128.17928,35.39568],[128.17919,35.39568],[128.17657,35.39563],[128.17652,35.39582],[128.17632,35.39648],[128.17617,35.39693],[128.17561,35.39827],[128.1754,35.39867],[128.17527,35.3989],[128.1752,35.39899],[128.1715,35.40349],[128.16842,35.40685],[128.16823,35.40706],[128.16747,35.40772],[128.1674,35.40774],[128.16668,35.40786],[128.16528,35.40805],[128.16466,35.40808],[128.16439,35.40807],[128.16415,35.40802],[128.16402,35.40792],[128.16395,35.40786],[128.16386,35.40779],[128.16372,35.40771],[128.16323,35.40761],[128.16314,35.4076],[128.16307,35.4076],[128.16293,35.40761],[128.16127,35.40838],[128.16111,35.40848],[128.16053,35.40889],[128.16019,35.4093],[128.1571,35.41361],[128.15701,35.41378],[128.15695,35.4141],[128.15707,35.41477],[128.15716,35.41504],[128.15725,35.4152],[128.15733,35.41535],[128.15755,35.41566],[128.15779,35.41597],[128.15928,35.41725],[128.15933,35.41729],[128.15937,35.41732],[128.15949,35.41735],[128.15961,35.41735],[128.16128,35.41716],[128.16148,35.41714],[128.1616,35.4171],[128.16172,35.41704],[128.16182,35.41695],[128.16196,35.41679],[128.1621,35.41662],[128.16215,35.41658],[128.1622,35.41653],[128.16235,35.41645],[128.16248,35.41642],[128.16256,35.41641],[128.16265,35.41641],[128.16485,35.41639],[128.16499,35.41641],[128.16505,35.41643],[128.16509,35.41645],[128.16515,35.41649],[128.16516,35.41655],[128.16516,35.41719],[128.16515,35.41747],[128.16509,35.41787],[128.16504,35.41802],[128.16499,35.41809],[128.16477,35.41823],[128.16465,35.41832],[128.16452,35.41846],[128.16444,35.41856],[128.16437,35.41866],[128.16389,35.41942],[128.1634,35.42026],[128.16339,35.42031],[128.1637,35.42084],[128.16464,35.42141],[128.16531,35.42168],[128.16548,35.42172],[128.1656,35.42172],[128.16575,35.42172],[128.16596,35.42174],[128.16615,35.42175],[128.16631,35.4218],[128.16712,35.42212],[128.16741,35.42226],[128.16752,35.42233],[128.16773,35.4225],[128.17071,35.42555],[128.17087,35.42573],[128.1709,35.42581],[128.17091,35.42587],[128.17091,35.42598],[128.1707,35.42721],[128.17068,35.42726],[128.17028,35.42775],[128.17019,35.42785],[128.1701,35.42789],[128.16545,35.42927],[128.16527,35.42931],[128.16516,35.42933],[128.16313,35.42925],[128.15755,35.43058],[128.15614,35.43204],[128.15596,35.43228],[128.15583,35.43254],[128.15574,35.43279],[128.15571,35.43302],[128.1557,35.43312],[128.15574,35.43324],[128.15573,35.4333],[128.15572,35.43335],[128.15562,35.43345],[128.15548,35.43355],[128.15482,35.43388],[128.15473,35.4339],[128.15111,35.43404],[128.15107,35.43404],[128.14767,35.43329],[128.14764,35.43327],[128.14756,35.43321],[128.14753,35.43317],[128.14745,35.43307],[128.14717,35.43256],[128.147,35.43224],[128.14687,35.4321],[128.14679,35.43204],[128.14666,35.43195],[128.1396,35.42822],[128.13765,35.42749],[128.13741,35.42745],[128.13716,35.42744],[128.13457,35.42801],[128.13442,35.42805],[128.13426,35.42814],[128.13409,35.42823],[128.13384,35.42842],[128.13382,35.42845],[128.1338,35.42852],[128.13382,35.42862],[128.13384,35.42896],[128.13363,35.42999],[128.13349,35.43057],[128.13312,35.43146],[128.13305,35.43156],[128.13061,35.43474],[128.12971,35.43535],[128.12966,35.43537],[128.12962,35.43539],[128.12954,35.43541],[128.12834,35.4354],[128.12674,35.43827],[128.12601,35.43923],[128.12598,35.43925],[128.12493,35.43991],[128.12479,35.43999],[128.12466,35.44004],[128.12206,35.44054],[128.12188,35.44051],[128.12166,35.44043],[128.12154,35.44036],[128.12138,35.44027],[128.12126,35.44022],[128.12109,35.44022],[128.12094,35.44026],[128.12081,35.4403],[128.12061,35.44038],[128.12049,35.44047],[128.11872,35.44245],[128.11775,35.4441],[128.11722,35.44512],[128.11454,35.44733],[128.11358,35.44778],[128.11092,35.45202],[128.11019,35.45332],[128.10982,35.45383],[128.10969,35.45399],[128.10956,35.45409],[128.1095,35.45411],[128.10938,35.45411],[128.10917,35.45406],[128.1091,35.45407],[128.10898,35.45415],[128.10728,35.45546],[128.10605,35.45667],[128.10537,35.45768],[128.10434,35.45945],[128.10427,35.4597],[128.10424,35.46028],[128.10407,35.46124],[128.10397,35.46149],[128.10393,35.46153],[128.10389,35.46158],[128.10372,35.46161],[128.10185,35.46174],[128.10175,35.46175],[128.10165,35.46175],[128.09862,35.46115],[128.09856,35.46113],[128.0985,35.46111],[128.09838,35.46095],[128.09831,35.46088],[128.09825,35.46082],[128.09806,35.46072],[128.09649,35.46013],[128.09627,35.46006],[128.09612,35.46002],[128.09597,35.45999],[128.09587,35.45997],[128.09582,35.45997],[128.09579,35.45998],[128.0957,35.46001],[128.09554,35.4602],[128.09453,35.4617],[128.09365,35.46304],[128.09353,35.46318],[128.0935,35.46322],[128.09228,35.46434],[128.0888,35.46746],[128.08868,35.46753],[128.0875,35.46817],[128.08415,35.46982],[128.08403,35.46986],[128.08387,35.46989],[128.08255,35.47],[128.08037,35.47016],[128.08026,35.47016],[128.08009,35.47016],[128.07998,35.47015],[128.07923,35.46995],[128.0768,35.4696],[128.0766,35.46981],[128.07574,35.47085],[128.07562,35.47101],[128.07558,35.47107],[128.07556,35.47114],[128.07423,35.47508],[128.07438,35.47714],[128.0744,35.47722],[128.07484,35.4782],[128.07489,35.47827],[128.0768,35.48018],[128.07692,35.48028],[128.07921,35.48142],[128.08197,35.48003],[128.08458,35.47849],[128.08465,35.47844],[128.08561,35.4781],[128.08567,35.47809],[128.08884,35.47744],[128.08924,35.47736],[128.08933,35.47735],[128.08939,35.47734],[128.08954,35.47733],[128.0896,35.47734],[128.08967,35.47734],[128.09618,35.47741],[128.10007,35.47636],[128.10042,35.47629],[128.10096,35.47625],[128.10147,35.47623],[128.10168,35.47625],[128.10185,35.47626],[128.1021,35.47633],[128.10237,35.47645],[128.1047,35.47817],[128.10479,35.47823],[128.10527,35.4787],[128.10536,35.47881],[128.10538,35.4789],[128.10538,35.47896],[128.10532,35.48002],[128.1053,35.48014],[128.10523,35.48027],[128.10509,35.48048],[128.10504,35.48059],[128.10503,35.48075],[128.10506,35.481],[128.10626,35.48501],[128.10679,35.48557],[128.10689,35.48554],[128.10699,35.48552],[128.1071,35.4855],[128.10725,35.4855],[128.10737,35.48549],[128.10775,35.48556],[128.10911,35.48595],[128.10984,35.48616],[128.11095,35.4865],[128.11097,35.48651],[128.11098,35.48654],[128.11084,35.4875],[128.1108,35.49058],[128.11084,35.49071],[128.11092,35.49082],[128.11102,35.49093],[128.11128,35.49115],[128.11142,35.49125],[128.11172,35.49137],[128.11771,35.49375],[128.11923,35.49425],[128.11936,35.49427],[128.11991,35.49433],[128.11995,35.49433],[128.11999,35.49433],[128.12009,35.49431],[128.12011,35.4943],[128.12014,35.49428],[128.12087,35.49372],[128.12213,35.49283],[128.12225,35.49275],[128.12239,35.49269],[128.12247,35.49267],[128.12256,35.49265],[128.12452,35.49279],[128.12508,35.49289],[128.12526,35.49293],[128.12538,35.49297],[128.12724,35.49369]]]]}},{"type":"Feature","properties":{"code":"48890430","name":"삼가면","parent":"48890"},"geometry":{"type":"MultiPolygon","coordinates":[[[[128.17657,35.39563],[128.17569,35.39535],[128.17192,35.39426],[128.17124,35.39423],[128.17093,35.39421],[128.16932,35.39414],[128.16809,35.39417],[128.1669,35.39431],[128.16674,35.3943],[128.16662,35.39426],[128.16464,35.39354],[128.16448,35.39347],[128.16399,35.39309],[128.16389,35.39298],[128.16376,35.39275],[128.16356,35.39247],[128.16346,35.39237],[128.16327,35.39223],[128.16308,35.39213],[128.16129,35.39122],[128.1561,35.39009],[128.156,35.38994],[128.15482,35.38891],[128.15453,35.3887],[128.15433,35.38859],[128.15042,35.38693],[128.14782,35.38587],[128.14773,35.38584],[128.14762,35.38583],[128.14307,35.3856],[128.13747,35.38621],[128.13471,35.38659],[128.13171,35.38721],[128.1313,35.38731],[128.12926,35.38773],[128.12904,35.38775],[128.12887,35.38772],[128.12877,35.38767],[128.12725,35.38673],[128.12709,35.38662],[128.12671,35.3863],[128.12635,35.38596],[128.12611,35.38569],[128.12597,35.38548],[128.12587,35.38523],[128.12584,35.38502],[128.12576,35.3837],[128.12581,35.38341],[128.12586,35.38315],[128.12629,35.38205],[128.12791,35.37788],[128.12975,35.3734],[128.12977,35.37332],[128.12977,35.37326],[128.12974,35.37319],[128.12961,35.37312],[128.12943,35.37303],[128.12752,35.37237],[128.12726,35.37236],[128.12702,35.37235],[128.12688,35.3724],[128.12606,35.37281],[128.12583,35.37295],[128.12448,35.37421],[128.12433,35.3744],[128.12421,35.37459],[128.1238,35.37555],[128.12011,35.37755],[128.11991,35.37758],[128.11969,35.37763],[128.11951,35.37768],[128.11937,35.37774],[128.11564,35.37954],[128.1137,35.3806],[128.11223,35.38226],[128.11089,35.38055],[128.10835,35.37817],[128.10641,35.37648],[128.10133,35.37249],[128.1005,35.37186],[128.09874,35.37054],[128.09532,35.36815],[128.09518,35.36811],[128.09497,35.36808],[128.09447,35.36808],[128.0938,35.36812],[128.08819,35.36851],[128.08791,35.36855],[128.08757,35.3686],[128.08705,35.36869],[128.08652,35.36881],[128.08568,35.36904],[128.08479,35.36927],[128.08431,35.36943],[128.0839,35.36958],[128.08366,35.36964],[128.08297,35.36977],[128.08207,35.36989],[128.08034,35.37013],[128.08034,35.37017],[128.08037,35.37025],[128.08049,35.3705],[128.08113,35.37175],[128.08122,35.37184],[128.0841,35.37356],[128.08418,35.37359],[128.08502,35.37367],[128.08513,35.37367],[128.08527,35.37362],[128.08546,35.37363],[128.08579,35.3737],[128.08604,35.37387],[128.08674,35.37465],[128.08683,35.37481],[128.08847,35.37779],[128.08908,35.37916],[128.08908,35.37925],[128.0885,35.38051],[128.08757,35.38146],[128.08623,35.38273],[128.0861,35.38283],[128.0853,35.38319],[128.0851,35.38328],[128.08487,35.38337],[128.0848,35.38342],[128.08473,35.38348],[128.08356,35.38459],[128.08342,35.38474],[128.08286,35.38588],[128.08282,35.38599],[128.08281,35.38612],[128.08284,35.3863],[128.08293,35.38709],[128.08293,35.38722],[128.08288,35.38732],[128.08072,35.38909],[128.08062,35.38913],[128.07964,35.38939],[128.07903,35.3895],[128.0789,35.3895],[128.07808,35.38955],[128.07782,35.38955],[128.07719,35.38948],[128.07703,35.38944],[128.0769,35.38937],[128.07662,35.38921],[128.07613,35.38903],[128.07582,35.38898],[128.07359,35.38892],[128.07328,35.38892],[128.07297,35.38892],[128.07293,35.38892],[128.07203,35.39217],[128.072,35.39224],[128.07197,35.39232],[128.07084,35.3934],[128.07078,35.39345],[128.0707,35.39352],[128.07019,35.39384],[128.06859,35.39479],[128.06732,35.39548],[128.06721,35.39555],[128.06705,35.3957],[128.06659,35.39621],[128.0664,35.39648],[128.06636,35.39658],[128.06636,35.39661],[128.06492,35.3986],[128.0649,35.39869],[128.0651,35.39981],[128.06536,35.40082],[128.06542,35.40089],[128.06552,35.40096],[128.06567,35.40106],[128.06574,35.40113],[128.0658,35.40119],[128.06589,35.40136],[128.06601,35.40181],[128.06603,35.40194],[128.06599,35.40208],[128.0659,35.40224],[128.06426,35.40343],[128.06209,35.40476],[128.062,35.40477],[128.06192,35.40477],[128.06181,35.4048],[128.05949,35.40549],[128.05803,35.40795],[128.05795,35.40818],[128.05723,35.41051],[128.05597,35.41355],[128.05589,35.4137],[128.05445,35.41631],[128.05438,35.41644],[128.05434,35.41648],[128.0543,35.41655],[128.05427,35.41658],[128.05418,35.41668],[128.05341,35.41743],[128.05321,35.41761],[128.05312,35.41769],[128.0529,35.41782],[128.05265,35.41795],[128.05233,35.41809],[128.05304,35.42096],[128.05336,35.42206],[128.05365,35.4228],[128.05368,35.42285],[128.05372,35.4229],[128.0538,35.42293],[128.05593,35.42352],[128.06362,35.42463],[128.06369,35.42463],[128.06372,35.42461],[128.06379,35.42456],[128.06674,35.42173],[128.06691,35.42155],[128.06694,35.4215],[128.06698,35.42145],[128.06699,35.42142],[128.06704,35.42127],[128.06869,35.41824],[128.07067,35.4155],[128.07171,35.41472],[128.07181,35.41468],[128.07192,35.41467],[128.07312,35.41484],[128.07332,35.41491],[128.08045,35.41767],[128.08263,35.41911],[128.0842,35.4203],[128.08528,35.42211],[128.08628,35.42449],[128.08637,35.42473],[128.08637,35.42494],[128.08629,35.42512],[128.08621,35.42525],[128.08614,35.42535],[128.08428,35.42876],[128.08275,35.43308],[128.08323,35.43529],[128.08325,35.43535],[128.08332,35.43544],[128.08364,35.43579],[128.08464,35.4366],[128.08485,35.43674],[128.08493,35.43679],[128.08501,35.43684],[128.08517,35.43689],[128.08704,35.43751],[128.08716,35.43755],[128.08863,35.4391],[128.08932,35.44133],[128.08939,35.4416],[128.0894,35.44192],[128.08934,35.44216],[128.089,35.44319],[128.08874,35.44398],[128.08844,35.44499],[128.08818,35.44592],[128.08819,35.44603],[128.0884,35.44668],[128.08862,35.44711],[128.08864,35.44723],[128.08864,35.44747],[128.08859,35.44761],[128.08856,35.44765],[128.08853,35.44769],[128.08793,35.44821],[128.08781,35.44832],[128.08572,35.44994],[128.08489,35.45058],[128.08071,35.45304],[128.08001,35.45481],[128.07987,35.45503],[128.07984,35.45508],[128.07981,35.45512],[128.07973,35.45519],[128.07806,35.45632],[128.07739,35.4566],[128.07617,35.45663],[128.07604,35.45663],[128.07478,35.45857],[128.07375,35.46028],[128.07374,35.4611],[128.07384,35.46216],[128.07428,35.46679],[128.07444,35.46759],[128.07449,35.46763],[128.0746,35.46768],[128.07496,35.46775],[128.07524,35.46782],[128.07547,35.46788],[128.0758,35.46798],[128.07591,35.46803],[128.07595,35.46807],[128.07599,35.46811],[128.07613,35.4683],[128.07648,35.46874],[128.07667,35.46901],[128.07675,35.46919],[128.07678,35.46932],[128.07681,35.46946],[128.0768,35.4696],[128.07923,35.46995],[128.07998,35.47015],[128.08009,35.47016],[128.08026,35.47016],[128.08037,35.47016],[128.08255,35.47],[128.08387,35.46989],[128.08403,35.46986],[128.08415,35.46982],[128.0875,35.46817],[128.08868,35.46753],[128.0888,35.46746],[128.09228,35.46434],[128.0935,35.46322],[128.09353,35.46318],[128.09365,35.46304],[128.09453,35.4617],[128.09554,35.4602],[128.0957,35.46001],[128.09579,35.45998],[128.09582,35.45997],[128.09587,35.45997],[128.09597,35.45999],[128.09612,35.46002],[128.09627,35.46006],[128.09649,35.46013],[128.09806,35.46072],[128.09825,35.46082],[128.09831,35.46088],[128.09838,35.46095],[128.0985,35.46111],[128.09856,35.46113],[128.09862,35.46115],[128.10165,35.46175],[128.10175,35.46175],[128.10185,35.46174],[128.10372,35.46161],[128.10389,35.46158],[128.10393,35.46153],[128.10397,35.46149],[128.10407,35.46124],[128.10424,35.46028],[128.10427,35.4597],[128.10434,35.45945],[128.10537,35.45768],[128.10605,35.45667],[128.10728,35.45546],[128.10898,35.45415],[128.1091,35.45407],[128.10917,35.45406],[128.10938,35.45411],[128.1095,35.45411],[128.10956,35.45409],[128.10969,35.45399],[128.10982,35.45383],[128.11019,35.45332],[128.11092,35.45202],[128.11358,35.44778],[128.11454,35.44733],[128.11722,35.44512],[128.11775,35.4441],[128.11872,35.44245],[128.12049,35.44047],[128.12061,35.44038],[128.12081,35.4403],[128.12094,35.44026],[128.12109,35.44022],[128.12126,35.44022],[128.12138,35.44027],[128.12154,35.44036],[128.12166,35.44043],[128.12188,35.44051],[128.12206,35.44054],[128.12466,35.44004],[128.12479,35.43999],[128.12493,35.43991],[128.12598,35.43925],[128.12601,35.43923],[128.12674,35.43827],[128.12834,35.4354],[128.12954,35.43541],[128.12962,35.43539],[128.12966,35.43537],[128.12971,35.43535],[128.13061,35.43474],[128.13305,35.43156],[128.13312,35.43146],[128.13349,35.43057],[128.13363,35.42999],[128.13384,35.42896],[128.13382,35.42862],[128.1338,35.42852],[128.13382,35.42845],[128.13384,35.42842],[128.13409,35.42823],[128.13426,35.42814],[128.13442,35.42805],[128.13457,35.42801],[128.13716,35.42744],[128.13741,35.42745],[128.13765,35.42749],[128.1396,35.42822],[128.14666,35.43195],[128.14679,35.43204],[128.14687,35.4321],[128.147,35.43224],[128.14717,35.43256],[128.14745,35.43307],[128.14753,35.43317],[128.14756,35.43321],[128.14764,35.43327],[128.14767,35.43329],[128.15107,35.43404],[128.15111,35.43404],[128.15473,35.4339],[128.15482,35.43388],[128.15548,35.43355],[128.15562,35.43345],[128.15572,35.43335],[128.15573,35.4333],[128.15574,35.43324],[128.1557,35.43312],[128.15571,35.43302],[128.15574,35.43279],[128.15583,35.43254],[128.15596,35.43228],[128.15614,35.43204],[128.15755,35.43058],[128.16313,35.42925],[128.16516,35.42933],[128.16527,35.42931],[128.16545,35.42927],[128.1701,35.42789],[128.17019,35.42785],[128.17028,35.42775],[128.17068,35.42726],[128.1707,35.42721],[128.17091,35.42598],[128.17091,35.42587],[128.1709,35.42581],[128.17087,35.42573],[128.17071,35.42555],[128.16773,35.4225],[128.16752,35.42233],[128.16741,35.42226],[128.16712,35.42212],[128.16631,35.4218],[128.16615,35.42175],[128.16596,35.42174],[128.16575,35.42172],[128.1656,35.42172],[128.16548,35.42172],[128.16531,35.42168],[128.16464,35.42141],[128.1637,35.42084],[128.16339,35.42031],[128.1634,35.42026],[128.16389,35.41942],[128.16437,35.41866],[128.16444,35.41856],[128.16452,35.41846],[128.16465,35.41832],[128.16477,35.41823],[128.16499,35.41809],[128.16504,35.41802],[128.16509,35.41787],[128.16515,35.41747],[128.16516,35.41719],[128.16516,35.41655],[128.16515,35.41649],[128.16509,35.41645],[128.16505,35.41643],[128.16499,35.41641],[128.16485,35.41639],[128.16265,35.41641],[128.16256,35.41641],[128.16248,35.41642],[128.16235,35.41645],[128.1622,35.41653],[128.16215,35.41658],[128.1621,35.41662],[128.16196,35.41679],[128.16182,35.41695],[128.16172,35.41704],[128.1616,35.4171],[128.16148,35.41714],[128.16128,35.41716],[128.15961,35.41735],[128.15949,35.41735],[128.15937,35.41732],[128.15933,35.41729],[128.15928,35.41725],[128.15779,35.41597],[128.15755,35.41566],[128.15733,35.41535],[128.15725,35.4152],[128.15716,35.41504],[128.15707,35.41477],[128.15695,35.4141],[128.15701,35.41378],[128.1571,35.41361],[128.16019,35.4093],[128.16053,35.40889],[128.16111,35.40848],[128.16127,35.40838],[128.16293,35.40761],[128.16307,35.4076],[128.16314,35.4076],[128.16323,35.40761],[128.16372,35.40771],[128.16386,35.40779],[128.16395,35.40786],[128.16402,35.40792],[128.16415,35.40802],[128.16439,35.40807],[128.16466,35.40808],[128.16528,35.40805],[128.16668,35.40786],[128.1674,35.40774],[128.16747,35.40772],[128.16823,35.40706],[128.16842,35.40685],[128.1715,35.40349],[128.1752,35.39899],[128.17527,35.3989],[128.1754,35.39867],[128.17561,35.39827],[128.17617,35.39693],[128.17632,35.39648],[128.17652,35.39582],[128.17657,35.39563]]]]}},{"type":"Feature","properties":{"code":"48890440","name":"가회면","parent":"48890"},"geometry":{"type":"MultiPolygon","coordinates":[[[[128.05764,35.49259],[128.06106,35.49178],[128.06141,35.49173],[128.06155,35.49172],[128.06165,35.49171],[128.06175,35.49172],[128.06188,35.49173],[128.06572,35.49304],[128.07021,35.49445],[128.07331,35.49441],[128.0734,35.4944],[128.0735,35.4944],[128.07365,35.49437],[128.07378,35.49435],[128.07392,35.49428],[128.07402,35.49422],[128.07411,35.49415],[128.0742,35.49408],[128.07428,35.49399],[128.07434,35.49389],[128.07439,35.49374],[128.07535,35.49041],[128.07719,35.48655],[128.07868,35.48336],[128.07917,35.48227],[128.07922,35.48211],[128.07925,35.482],[128.07926,35.48187],[128.07926,35.48176],[128.07921,35.48142],[128.07692,35.48028],[128.0768,35.48018],[128.07489,35.47827],[128.07484,35.4782],[128.0744,35.47722],[128.07438,35.47714],[128.07423,35.47508],[128.07556,35.47114],[128.07558,35.47107],[128.07562,35.47101],[128.07574,35.47085],[128.0766,35.46981],[128.0768,35.4696],[128.07681,35.46946],[128.07678,35.46932],[128.07675,35.46919],[128.07667,35.46901],[128.07648,35.46874],[128.07613,35.4683],[128.07599,35.46811],[128.07595,35.46807],[128.07591,35.46803],[128.0758,35.46798],[128.07547,35.46788],[128.07524,35.46782],[128.07496,35.46775],[128.0746,35.46768],[128.07449,35.46763],[128.07444,35.46759],[128.07428,35.46679],[128.07384,35.46216],[128.07374,35.4611],[128.07375,35.46028],[128.07478,35.45857],[128.07604,35.45663],[128.07617,35.45663],[128.07739,35.4566],[128.07806,35.45632],[128.07973,35.45519],[128.07981,35.45512],[128.07984,35.45508],[128.07987,35.45503],[128.08001,35.45481],[128.08071,35.45304],[128.08489,35.45058],[128.08572,35.44994],[128.08781,35.44832],[128.08793,35.44821],[128.08853,35.44769],[128.08856,35.44765],[128.08859,35.44761],[128.08864,35.44747],[128.08864,35.44723],[128.08862,35.44711],[128.0884,35.44668],[128.08819,35.44603],[128.08818,35.44592],[128.08844,35.44499],[128.08874,35.44398],[128.089,35.44319],[128.08934,35.44216],[128.0894,35.44192],[128.08939,35.4416],[128.08932,35.44133],[128.08863,35.4391],[128.08716,35.43755],[128.08704,35.43751],[128.08517,35.43689],[128.08501,35.43684],[128.08493,35.43679],[128.08485,35.43674],[128.08464,35.4366],[128.08364,35.43579],[128.08332,35.43544],[128.08325,35.43535],[128.08323,35.43529],[128.08275,35.43308],[128.08428,35.42876],[128.08614,35.42535],[128.08621,35.42525],[128.08629,35.42512],[128.08637,35.42494],[128.08637,35.42473],[128.08628,35.42449],[128.08528,35.42211],[128.0842,35.4203],[128.08263,35.41911],[128.08045,35.41767],[128.07332,35.41491],[128.07312,35.41484],[128.07192,35.41467],[128.07181,35.41468],[128.07171,35.41472],[128.07067,35.4155],[128.06869,35.41824],[128.06704,35.42127],[128.06699,35.42142],[128.06698,35.42145],[128.06694,35.4215],[128.06691,35.42155],[128.06674,35.42173],[128.06379,35.42456],[128.06372,35.42461],[128.06369,35.42463],[128.06362,35.42463],[128.05593,35.42352],[128.0538,35.42293],[128.05372,35.4229],[128.05368,35.42285],[128.05365,35.4228],[128.05336,35.42206],[128.05304,35.42096],[128.05233,35.41809],[128.0517,35.41755],[128.05159,35.41747],[128.0515,35.41744],[128.04726,35.41607],[128.04714,35.41604],[128.04533,35.41574],[128.04526,35.41573],[128.04522,35.41575],[128.04515,35.41578],[128.04505,35.4159],[128.04496,35.41603],[128.04487,35.41619],[128.04482,35.41637],[128.04475,35.41667],[128.04471,35.41683],[128.04463,35.41698],[128.04455,35.4171],[128.04444,35.41724],[128.04429,35.41735],[128.04212,35.41887],[128.04205,35.41891],[128.042,35.41891],[128.04194,35.41888],[128.04073,35.41826],[128.04065,35.41821],[128.04052,35.41811],[128.04008,35.41769],[128.03998,35.41756],[128.03985,35.41728],[128.03978,35.41712],[128.0397,35.41703],[128.03959,35.41693],[128.03951,35.41686],[128.03934,35.41676],[128.0371,35.41587],[128.03685,35.41578],[128.03658,35.41571],[128.03496,35.4154],[128.03488,35.4154],[128.03472,35.41543],[128.03078,35.41632],[128.03066,35.41635],[128.0305,35.41648],[128.03038,35.41659],[128.02626,35.42034],[128.02499,35.42235],[128.02404,35.42468],[128.02408,35.42487],[128.02411,35.42511],[128.02408,35.42533],[128.02404,35.42551],[128.024,35.42556],[128.02316,35.42632],[128.02311,35.42636],[128.02305,35.42639],[128.02292,35.42641],[128.02283,35.42641],[128.02102,35.42627],[128.02085,35.42624],[128.01982,35.42598],[128.01971,35.42596],[128.01958,35.42585],[128.01944,35.42567],[128.01928,35.42553],[128.01891,35.42528],[128.01877,35.42521],[128.01868,35.4252],[128.01592,35.42585],[128.01319,35.42648],[128.01274,35.42649],[128.01241,35.42649],[128.01214,35.4264],[128.01182,35.42626],[128.01172,35.42622],[128.01162,35.42623],[128.01154,35.42628],[128.01138,35.42645],[128.00949,35.42867],[128.00813,35.43169],[128.0081,35.43192],[128.00812,35.43224],[128.00817,35.43253],[128.00826,35.43284],[128.00853,35.43339],[128.0086,35.43366],[128.00859,35.43391],[128.0083,35.4352],[128.00822,35.43548],[128.0081,35.43564],[128.00792,35.43577],[128.00689,35.4364],[128.0066,35.43651],[128.00256,35.43781],[128.00239,35.43782],[127.99897,35.43794],[127.99876,35.43792],[127.99858,35.43781],[127.99811,35.43736],[127.99798,35.43724],[127.99588,35.43828],[127.99185,35.44127],[127.9871,35.44527],[127.987,35.44536],[127.98692,35.44544],[127.98689,35.44556],[127.98688,35.4457],[127.98689,35.44584],[127.98694,35.44603],[127.98705,35.44626],[127.98746,35.44792],[127.98646,35.45122],[127.98635,35.45135],[127.98625,35.45139],[127.98612,35.45143],[127.98467,35.45178],[127.98382,35.45313],[127.9841,35.45362],[127.98416,35.45381],[127.98475,35.45588],[127.98479,35.45619],[127.9848,35.45657],[127.98473,35.45675],[127.9846,35.45693],[127.98353,35.45832],[127.98342,35.4584],[127.98189,35.45921],[127.97892,35.46097],[127.97883,35.46104],[127.97853,35.46178],[127.97852,35.46187],[127.97856,35.46196],[127.97866,35.46205],[127.97892,35.46217],[127.97899,35.46223],[127.97904,35.46232],[127.97963,35.46368],[127.97993,35.46452],[127.97993,35.46461],[127.97943,35.4671],[127.97933,35.46755],[127.97924,35.46779],[127.97914,35.46796],[127.97796,35.46957],[127.97761,35.47001],[127.97743,35.47019],[127.97714,35.47046],[127.97678,35.47077],[127.97652,35.47106],[127.97635,35.47134],[127.97621,35.47162],[127.97536,35.47336],[127.97416,35.47665],[127.97413,35.47674],[127.97416,35.47687],[127.9742,35.47699],[127.97478,35.47804],[127.97542,35.47897],[127.97558,35.47919],[127.97603,35.47991],[127.97603,35.47996],[127.97562,35.48389],[127.97584,35.48657],[127.97567,35.48809],[127.97449,35.49443],[127.97434,35.49504],[127.97437,35.49514],[127.9746,35.49572],[127.97465,35.49583],[127.97474,35.49592],[127.9774,35.49774],[127.97784,35.49804],[127.97928,35.49874],[127.98217,35.49979],[127.98396,35.5004],[127.98676,35.50121],[127.98699,35.50126],[127.98761,35.50123],[127.98779,35.50117],[127.98799,35.501],[127.98812,35.50084],[127.98825,35.50066],[127.98875,35.50016],[127.99075,35.49859],[127.99173,35.49796],[127.99426,35.49646],[127.99494,35.49619],[127.99862,35.49489],[127.99884,35.49484],[128.00104,35.49451],[128.00109,35.4945],[128.00126,35.4945],[128.0014,35.49453],[128.00144,35.49456],[128.00151,35.49461],[128.00162,35.49483],[128.0017,35.49503],[128.00181,35.49518],[128.00197,35.49532],[128.00298,35.49604],[128.00815,35.49904],[128.00828,35.49907],[128.00845,35.49906],[128.01071,35.49877],[128.01092,35.49871],[128.01125,35.49856],[128.01373,35.498],[128.01698,35.49811],[128.01887,35.49867],[128.01906,35.499],[128.01917,35.4991],[128.01961,35.49937],[128.01981,35.49947],[128.02173,35.50013],[128.02185,35.50017],[128.02387,35.50027],[128.02425,35.50029],[128.02506,35.50015],[128.02577,35.49992],[128.02598,35.4998],[128.02621,35.49966],[128.0275,35.49854],[128.02814,35.49787],[128.02937,35.49494],[128.03066,35.49077],[128.03072,35.49068],[128.03076,35.49062],[128.03389,35.48907],[128.03473,35.48873],[128.03518,35.48859],[128.03935,35.48756],[128.03954,35.48753],[128.03973,35.4875],[128.03995,35.48749],[128.04017,35.48747],[128.04032,35.48747],[128.04044,35.48747],[128.04067,35.48752],[128.04077,35.48757],[128.04081,35.48759],[128.04087,35.48762],[128.04106,35.48776],[128.04121,35.48796],[128.04167,35.48878],[128.0419,35.48933],[128.04211,35.48962],[128.04239,35.48984],[128.04745,35.49357],[128.04835,35.49416],[128.04845,35.49423],[128.04871,35.49427],[128.04891,35.49427],[128.04896,35.49428],[128.04911,35.49425],[128.04927,35.49418],[128.04983,35.49346],[128.05002,35.49326],[128.05154,35.49222],[128.05165,35.49216],[128.05309,35.49186],[128.05353,35.49179],[128.05364,35.4918],[128.05457,35.49208],[128.05479,35.4922],[128.05495,35.49233],[128.05506,35.49242],[128.05519,35.49248],[128.05533,35.49255],[128.05678,35.49283],[128.05694,35.49281],[128.05764,35.49259]]]]}},{"type":"Feature","properties":{"code":"48890450","name":"대병면","parent":"48890"},"geometry":{"type":"MultiPolygon","coordinates":[[[[128.02058,35.55892],[128.02511,35.56088],[128.02888,35.55687],[128.02919,35.55651],[128.02919,35.55628],[128.029,35.55555],[128.02894,35.55541],[128.02861,35.55496],[128.02797,35.55428],[128.02759,35.55346],[128.02748,35.55316],[128.02746,35.55287],[128.02735,35.55054],[128.02757,35.55006],[128.02772,35.54977],[128.02928,35.54826],[128.02994,35.54774],[128.03052,35.54741],[128.03515,35.5451],[128.03535,35.54502],[128.03565,35.5452],[128.03664,35.54588],[128.0411,35.54832],[128.04573,35.5508],[128.04708,35.55136],[128.04758,35.55145],[128.04786,35.55137],[128.04831,35.55097],[128.04855,35.5507],[128.04858,35.55005],[128.04844,35.54898],[128.04845,35.54807],[128.04864,35.54723],[128.04913,35.5469],[128.04956,35.54684],[128.05056,35.54691],[128.05213,35.54679],[128.05287,35.54659],[128.05398,35.54616],[128.05463,35.5457],[128.05545,35.54496],[128.056,35.54421],[128.05618,35.54386],[128.05648,35.54295],[128.05688,35.54223],[128.05758,35.54117],[128.05896,35.53992],[128.05941,35.53965],[128.0599,35.53955],[128.06064,35.53963],[128.06201,35.53998],[128.06288,35.54015],[128.06394,35.53913],[128.0646,35.53817],[128.06515,35.53727],[128.06556,35.53593],[128.06573,35.53535],[128.06555,35.53455],[128.06569,35.53375],[128.06625,35.53309],[128.06708,35.53271],[128.06864,35.53249],[128.06988,35.53253],[128.07032,35.5327],[128.07074,35.53329],[128.07102,35.53387],[128.07123,35.53429],[128.07533,35.53045],[128.07529,35.53035],[128.07398,35.5298],[128.07315,35.52955],[128.07068,35.52828],[128.07002,35.5278],[128.06857,35.5259],[128.06777,35.52338],[128.06657,35.52222],[128.06518,35.52117],[128.06474,35.5209],[128.06403,35.52012],[128.06313,35.51895],[128.06044,35.51403],[128.06036,35.51374],[128.06067,35.51254],[128.06085,35.51222],[128.06199,35.51048],[128.06127,35.50881],[128.06047,35.50682],[128.06065,35.50633],[128.06093,35.5058],[128.06102,35.5056],[128.06094,35.50522],[128.06082,35.50488],[128.0597,35.50243],[128.05901,35.50115],[128.05841,35.50005],[128.05796,35.49925],[128.05731,35.49862],[128.05717,35.4985],[128.05682,35.49828],[128.05657,35.49798],[128.05638,35.49763],[128.05628,35.49734],[128.05628,35.49709],[128.05654,35.49593],[128.05711,35.49351],[128.05721,35.49313],[128.05733,35.49291],[128.05764,35.49259],[128.05694,35.49281],[128.05678,35.49283],[128.05533,35.49255],[128.05519,35.49248],[128.05506,35.49242],[128.05495,35.49233],[128.05479,35.4922],[128.05457,35.49208],[128.05364,35.4918],[128.05353,35.49179],[128.05309,35.49186],[128.05165,35.49216],[128.05154,35.49222],[128.05002,35.49326],[128.04983,35.49346],[128.04927,35.49418],[128.04911,35.49425],[128.04896,35.49428],[128.04891,35.49427],[128.04871,35.49427],[128.04845,35.49423],[128.04835,35.49416],[128.04745,35.49357],[128.04239,35.48984],[128.04211,35.48962],[128.0419,35.48933],[128.04167,35.48878],[128.04121,35.48796],[128.04106,35.48776],[128.04087,35.48762],[128.04081,35.48759],[128.04077,35.48757],[128.04067,35.48752],[128.04044,35.48747],[128.04032,35.48747],[128.04017,35.48747],[128.03995,35.48749],[128.03973,35.4875],[128.03954,35.48753],[128.03935,35.48756],[128.03518,35.48859],[128.03473,35.48873],[128.03389,35.48907],[128.03076,35.49062],[128.03072,35.49068],[128.03066,35.49077],[128.02937,35.49494],[128.02814,35.49787],[128.0275,35.49854],[128.02621,35.49966],[128.02598,35.4998],[128.02577,35.49992],[128.02506,35.50015],[128.02425,35.50029],[128.02387,35.50027],[128.02185,35.50017],[128.02173,35.50013],[128.01981,35.49947],[128.01961,35.49937],[128.01917,35.4991],[128.01906,35.499],[128.01887,35.49867],[128.01698,35.49811],[128.01373,35.498],[128.01125,35.49856],[128.01092,35.49871],[128.01071,35.49877],[128.00845,35.49906],[128.00828,35.49907],[128.00815,35.49904],[128.00298,35.49604],[128.00197,35.49532],[128.00181,35.49518],[128.0017,35.49503],[128.00162,35.49483],[128.00151,35.49461],[128.00144,35.49456],[128.0014,35.49453],[128.00126,35.4945],[128.00109,35.4945],[128.00104,35.49451],[127.99884,35.49484],[127.99862,35.49489],[127.99494,35.49619],[127.99426,35.49646],[127.99173,35.49796],[127.99075,35.49859],[127.98875,35.50016],[127.98825,35.50066],[127.98812,35.50084],[127.98799,35.501],[127.98779,35.50117],[127.98761,35.50123],[127.98699,35.50126],[127.98676,35.50121],[127.98396,35.5004],[127.98217,35.49979],[127.97928,35.49874],[127.97784,35.49804],[127.9774,35.49774],[127.97474,35.49592],[127.97465,35.49583],[127.9746,35.49572],[127.97437,35.49514],[127.97434,35.49504],[127.97218,35.49602],[127.96557,35.49891],[127.96247,35.50003],[127.96233,35.50008],[127.96228,35.50012],[127.96221,35.50031],[127.96215,35.50052],[127.96213,35.50062],[127.96211,35.50242],[127.96212,35.50256],[127.96222,35.50428],[127.96172,35.50729],[127.96161,35.50772],[127.9612,35.50908],[127.96113,35.50925],[127.9611,35.50931],[127.96096,35.50947],[127.96087,35.50955],[127.96079,35.50965],[127.96071,35.50978],[127.96044,35.51049],[127.96039,35.51067],[127.96036,35.51083],[127.96032,35.51111],[127.96014,35.5124],[127.96014,35.51255],[127.96016,35.51262],[127.96058,35.51415],[127.96115,35.51579],[127.96121,35.51592],[127.96124,35.51603],[127.96125,35.51615],[127.96123,35.51631],[127.96108,35.51721],[127.96106,35.51725],[127.96103,35.51731],[127.96089,35.51746],[127.95982,35.51858],[127.95966,35.5199],[127.95862,35.5238],[127.95845,35.52388],[127.95836,35.52395],[127.95825,35.52403],[127.95799,35.52426],[127.95743,35.52482],[127.95374,35.52906],[127.95371,35.52911],[127.95368,35.52924],[127.95357,35.52977],[127.95356,35.52982],[127.95356,35.52988],[127.95312,35.53429],[127.95312,35.53434],[127.95402,35.54232],[127.95505,35.54992],[127.95507,35.54997],[127.9551,35.55004],[127.95515,35.55009],[127.95518,35.55012],[127.95624,35.55072],[127.9563,35.55075],[127.95638,35.55077],[127.95643,35.55078],[127.95649,35.55078],[127.95653,35.55078],[127.95657,35.55077],[127.95662,35.55076],[127.95697,35.55067],[127.95721,35.5506],[127.95725,35.55058],[127.95763,35.55046],[127.95775,35.55043],[127.95788,35.5504],[127.95795,35.5504],[127.95801,35.55041],[127.95807,35.55042],[127.95812,35.55042],[127.95818,35.55043],[127.96015,35.55096],[127.96367,35.55302],[127.96478,35.55392],[127.96868,35.55505],[127.96897,35.55497],[127.96942,35.55493],[127.96964,35.55494],[127.96971,35.55496],[127.9716,35.55565],[127.97185,35.55575],[127.97211,35.55585],[127.97243,35.55606],[127.9726,35.5562],[127.97453,35.55792],[127.97477,35.55787],[127.9751,35.55784],[127.97531,35.55782],[127.97547,35.55784],[127.97718,35.55818],[127.97741,35.55833],[127.97767,35.5586],[127.97791,35.55878],[127.97911,35.5596],[127.97975,35.55994],[127.98082,35.56044],[127.98097,35.5605],[127.98278,35.5609],[127.98287,35.56092],[127.98299,35.5609],[127.98305,35.56085],[127.98401,35.56002],[127.98487,35.55931],[127.98507,35.55916],[127.98512,35.55914],[127.98522,35.55913],[127.98582,35.55915],[127.98604,35.55918],[127.98631,35.55926],[127.99141,35.56218],[127.99158,35.5623],[127.99398,35.56382],[127.99662,35.56537],[127.99783,35.56585],[127.99803,35.56565],[127.99833,35.56513],[127.99849,35.56497],[127.99862,35.56492],[127.99893,35.56493],[127.9996,35.56497],[128.00009,35.56506],[128.00196,35.56558],[128.00361,35.56578],[128.00594,35.56588],[128.00839,35.56593],[128.00853,35.56593],[128.01002,35.56606],[128.01047,35.56611],[128.01087,35.56616],[128.01111,35.56624],[128.01187,35.56673],[128.01214,35.56704],[128.0132,35.56763],[128.01495,35.56838],[128.01526,35.56846],[128.01565,35.56843],[128.01583,35.56835],[128.01583,35.56667],[128.01574,35.56615],[128.01566,35.56581],[128.01564,35.56573],[128.01563,35.56527],[128.01661,35.56144],[128.01674,35.56112],[128.01795,35.55875],[128.01819,35.55859],[128.01855,35.55852],[128.01894,35.55851],[128.02014,35.55877],[128.02058,35.55892]]]]}},{"type":"Feature","properties":{"code":"48890460","name":"용주면","parent":"48890"},"geometry":{"type":"MultiPolygon","coordinates":[[[[128.15915,35.5554],[128.15832,35.55418],[128.1583,35.55405],[128.15807,35.55251],[128.15804,35.5523],[128.15812,35.55193],[128.15859,35.55049],[128.15884,35.54977],[128.15891,35.54941],[128.15911,35.54822],[128.1591,35.54811],[128.15904,35.54797],[128.15894,35.54786],[128.15761,35.54708],[128.15722,35.54698],[128.15704,35.54696],[128.15685,35.54695],[128.15655,35.54685],[128.15636,35.54676],[128.15615,35.54663],[128.15599,35.54654],[128.15569,35.54618],[128.15541,35.54576],[128.15522,35.54547],[128.15522,35.54539],[128.1553,35.54515],[128.15614,35.54322],[128.15786,35.53818],[128.15505,35.53529],[128.15382,35.53242],[128.1538,35.53232],[128.15392,35.53205],[128.15426,35.5314],[128.15468,35.53092],[128.15492,35.53067],[128.15531,35.53007],[128.15537,35.52989],[128.1554,35.52964],[128.15539,35.52946],[128.15468,35.52687],[128.15464,35.52681],[128.15456,35.52672],[128.15447,35.52663],[128.15326,35.52543],[128.15317,35.52535],[128.15307,35.52525],[128.1528,35.52506],[128.15233,35.52478],[128.15224,35.52474],[128.15221,35.52465],[128.15178,35.52176],[128.15164,35.51902],[128.15138,35.51766],[128.15074,35.51497],[128.15072,35.5149],[128.15061,35.51471],[128.15054,35.5147],[128.15046,35.51468],[128.14913,35.51457],[128.1486,35.5146],[128.14781,35.51475],[128.14703,35.51484],[128.14651,35.51485],[128.14506,35.51478],[128.14491,35.51472],[128.14412,35.51361],[128.14383,35.5128],[128.14373,35.51265],[128.14367,35.51261],[128.14345,35.51257],[128.14173,35.51233],[128.14032,35.51233],[128.14005,35.51237],[128.13967,35.51231],[128.1393,35.51218],[128.13476,35.5097],[128.13473,35.50955],[128.13423,35.5083],[128.13381,35.50763],[128.13365,35.50754],[128.13359,35.50754],[128.13353,35.50754],[128.13024,35.50802],[128.12766,35.50838],[128.12743,35.50841],[128.12729,35.50838],[128.12483,35.50736],[128.12481,35.5073],[128.12506,35.50268],[128.12507,35.50262],[128.12657,35.49917],[128.12679,35.49891],[128.12699,35.49874],[128.1271,35.49867],[128.12724,35.49858],[128.1276,35.49834],[128.12775,35.49823],[128.1279,35.49811],[128.12826,35.49782],[128.12847,35.49755],[128.12858,35.49731],[128.12861,35.49707],[128.12859,35.49687],[128.12814,35.49574],[128.12724,35.49369],[128.12538,35.49297],[128.12526,35.49293],[128.12508,35.49289],[128.12452,35.49279],[128.12256,35.49265],[128.12247,35.49267],[128.12239,35.49269],[128.12225,35.49275],[128.12213,35.49283],[128.12087,35.49372],[128.12014,35.49428],[128.12011,35.4943],[128.12009,35.49431],[128.11999,35.49433],[128.11995,35.49433],[128.11991,35.49433],[128.11936,35.49427],[128.11923,35.49425],[128.11771,35.49375],[128.11172,35.49137],[128.11142,35.49125],[128.11128,35.49115],[128.11102,35.49093],[128.11092,35.49082],[128.11084,35.49071],[128.1108,35.49058],[128.11084,35.4875],[128.11098,35.48654],[128.11097,35.48651],[128.11095,35.4865],[128.10984,35.48616],[128.10911,35.48595],[128.10775,35.48556],[128.10737,35.48549],[128.10725,35.4855],[128.1071,35.4855],[128.10699,35.48552],[128.10689,35.48554],[128.10679,35.48557],[128.10626,35.48501],[128.10506,35.481],[128.10503,35.48075],[128.10504,35.48059],[128.10509,35.48048],[128.10523,35.48027],[128.1053,35.48014],[128.10532,35.48002],[128.10538,35.47896],[128.10538,35.4789],[128.10536,35.47881],[128.10527,35.4787],[128.10479,35.47823],[128.1047,35.47817],[128.10237,35.47645],[128.1021,35.47633],[128.10185,35.47626],[128.10168,35.47625],[128.10147,35.47623],[128.10096,35.47625],[128.10042,35.47629],[128.10007,35.47636],[128.09618,35.47741],[128.08967,35.47734],[128.0896,35.47734],[128.08954,35.47733],[128.08939,35.47734],[128.08933,35.47735],[128.08924,35.47736],[128.08884,35.47744],[128.08567,35.47809],[128.08561,35.4781],[128.08465,35.47844],[128.08458,35.47849],[128.08197,35.48003],[128.07921,35.48142],[128.07926,35.48176],[128.07926,35.48187],[128.07925,35.482],[128.07922,35.48211],[128.07917,35.48227],[128.07868,35.48336],[128.07719,35.48655],[128.07535,35.49041],[128.07439,35.49374],[128.07434,35.49389],[128.07428,35.49399],[128.0742,35.49408],[128.07411,35.49415],[128.07402,35.49422],[128.07392,35.49428],[128.07378,35.49435],[128.07365,35.49437],[128.0735,35.4944],[128.0734,35.4944],[128.07331,35.49441],[128.07021,35.49445],[128.06572,35.49304],[128.06188,35.49173],[128.06175,35.49172],[128.06165,35.49171],[128.06155,35.49172],[128.06141,35.49173],[128.06106,35.49178],[128.05764,35.49259],[128.05733,35.49291],[128.05721,35.49313],[128.05711,35.49351],[128.05654,35.49593],[128.05628,35.49709],[128.05628,35.49734],[128.05638,35.49763],[128.05657,35.49798],[128.05682,35.49828],[128.05717,35.4985],[128.05731,35.49862],[128.05796,35.49925],[128.05841,35.50005],[128.05901,35.50115],[128.0597,35.50243],[128.06082,35.50488],[128.06094,35.50522],[128.06102,35.5056],[128.06093,35.5058],[128.06065,35.50633],[128.06047,35.50682],[128.06127,35.50881],[128.06199,35.51048],[128.06085,35.51222],[128.06067,35.51254],[128.06036,35.51374],[128.06044,35.51403],[128.06313,35.51895],[128.06403,35.52012],[128.06474,35.5209],[128.06518,35.52117],[128.06657,35.52222],[128.06777,35.52338],[128.06857,35.5259],[128.07002,35.5278],[128.07068,35.52828],[128.07315,35.52955],[128.07398,35.5298],[128.07529,35.53035],[128.07533,35.53045],[128.07123,35.53429],[128.07102,35.53387],[128.07074,35.53329],[128.07032,35.5327],[128.06988,35.53253],[128.06864,35.53249],[128.06708,35.53271],[128.06625,35.53309],[128.06569,35.53375],[128.06555,35.53455],[128.06573,35.53535],[128.06556,35.53593],[128.06515,35.53727],[128.0646,35.53817],[128.06394,35.53913],[128.06288,35.54015],[128.06201,35.53998],[128.06064,35.53963],[128.0599,35.53955],[128.05941,35.53965],[128.05896,35.53992],[128.05758,35.54117],[128.05688,35.54223],[128.05648,35.54295],[128.05618,35.54386],[128.056,35.54421],[128.05545,35.54496],[128.05463,35.5457],[128.05398,35.54616],[128.05287,35.54659],[128.05213,35.54679],[128.05056,35.54691],[128.04956,35.54684],[128.04913,35.5469],[128.04864,35.54723],[128.04845,35.54807],[128.04844,35.54898],[128.04858,35.55005],[128.04855,35.5507],[128.04831,35.55097],[128.04786,35.55137],[128.04758,35.55145],[128.04708,35.55136],[128.04573,35.5508],[128.0411,35.54832],[128.03664,35.54588],[128.03565,35.5452],[128.03535,35.54502],[128.03515,35.5451],[128.03052,35.54741],[128.02994,35.54774],[128.02928,35.54826],[128.02772,35.54977],[128.02757,35.55006],[128.02735,35.55054],[128.02746,35.55287],[128.02748,35.55316],[128.02759,35.55346],[128.02797,35.55428],[128.02861,35.55496],[128.02894,35.55541],[128.029,35.55555],[128.02919,35.55628],[128.02919,35.55651],[128.02888,35.55687],[128.02511,35.56088],[128.02058,35.55892],[128.02088,35.56052],[128.02064,35.5618],[128.02036,35.56249],[128.02042,35.56288],[128.02146,35.56589],[128.02222,35.56708],[128.02308,35.56765],[128.02365,35.56793],[128.0241,35.56802],[128.02481,35.56799],[128.02585,35.56768],[128.02672,35.56702],[128.02768,35.56587],[128.02965,35.56255],[128.02998,35.56215],[128.0319,35.5612],[128.033,35.56074],[128.03336,35.56062],[128.03889,35.55887],[128.03952,35.5587],[128.04002,35.55871],[128.04022,35.5588],[128.04037,35.55893],[128.04049,35.55915],[128.04027,35.55976],[128.03943,35.56086],[128.03763,35.56272],[128.03762,35.56311],[128.03769,35.56341],[128.03926,35.56561],[128.04002,35.56671],[128.04018,35.56721],[128.04042,35.5682],[128.04049,35.56882],[128.04037,35.56977],[128.0405,35.56997],[128.04078,35.57008],[128.04339,35.56953],[128.04508,35.5691],[128.04732,35.56842],[128.05088,35.56703],[128.05199,35.56652],[128.05246,35.56606],[128.05294,35.56548],[128.05344,35.56521],[128.05953,35.56418],[128.05992,35.56415],[128.06001,35.56423],[128.0626,35.56692],[128.06324,35.56758],[128.06377,35.56818],[128.06557,35.5709],[128.06573,35.57134],[128.06586,35.57234],[128.06712,35.57496],[128.06809,35.57682],[128.06908,35.57856],[128.06982,35.57869],[128.07191,35.58158],[128.07263,35.58264],[128.07269,35.58293],[128.07257,35.58338],[128.07667,35.58787],[128.08025,35.59168],[128.08067,35.59192],[128.08211,35.59254],[128.08469,35.59334],[128.08523,35.59299],[128.08601,35.59287],[128.0921,35.59277],[128.09253,35.5928],[128.09325,35.59293],[128.097,35.59373],[128.09987,35.59414],[128.10381,35.59454],[128.10426,35.59462],[128.10851,35.59609],[128.10945,35.59663],[128.11125,35.59701],[128.11282,35.59706],[128.11313,35.59698],[128.11548,35.59552],[128.11601,35.59512],[128.11619,35.59486],[128.11629,35.59425],[128.11651,35.59377],[128.11694,35.59325],[128.11746,35.5927],[128.11788,35.59239],[128.12361,35.58881],[128.12739,35.58624],[128.1275,35.58616],[128.12776,35.58608],[128.12879,35.58576],[128.129,35.5857],[128.12934,35.58571],[128.12951,35.58573],[128.12965,35.58574],[128.12979,35.58577],[128.13,35.58574],[128.13083,35.58519],[128.13087,35.58516],[128.13061,35.58458],[128.12927,35.58071],[128.13053,35.57963],[128.13122,35.57917],[128.13465,35.57581],[128.13475,35.5757],[128.13503,35.57518],[128.13587,35.57346],[128.13636,35.57227],[128.13641,35.5721],[128.13646,35.57131],[128.13639,35.57112],[128.13621,35.57086],[128.13606,35.57064],[128.1358,35.57],[128.13584,35.56955],[128.13615,35.56889],[128.13629,35.56872],[128.13642,35.56858],[128.14417,35.56152],[128.14455,35.56119],[128.14466,35.5611],[128.1449,35.56091],[128.14499,35.56084],[128.14631,35.56],[128.14646,35.55991],[128.14714,35.5596],[128.14746,35.55946],[128.14765,35.55939],[128.14781,35.55934],[128.14912,35.55899],[128.15057,35.55859],[128.15328,35.55786],[128.15401,35.55771],[128.15452,35.55768],[128.15592,35.5576],[128.15611,35.55759],[128.15633,35.55758],[128.15717,35.55764],[128.15785,35.55769],[128.15913,35.55545],[128.15915,35.5554]]]]}}]}