{"type":"FeatureCollection","features":[{"type":"Feature","properties":{"code":"48720250","name":"의령읍","parent":"48720"},"geometry":{"type":"MultiPolygon","coordinates":[[[[128.31762,35.32558],[128.31677,35.32294],[128.31646,35.32242],[128.31551,35.32145],[128.31398,35.32016],[128.31307,35.31954],[128.3128,35.31939],[128.31258,35.31928],[128.31232,35.31916],[128.3119,35.319],[128.3071,35.31732],[128.30586,35.31694],[128.30249,35.31606],[128.29836,35.31494],[128.2978,35.31478],[128.29774,35.31477],[128.29749,35.31465],[128.29706,35.31441],[128.29528,35.31332],[128.29505,35.31317],[128.29474,35.31295],[128.2944,35.31267],[128.29416,35.31244],[128.29386,35.31213],[128.29381,35.31208],[128.29374,35.312],[128.29278,35.31096],[128.29209,35.31017],[128.29167,35.3096],[128.2914,35.30916],[128.29072,35.30802],[128.29055,35.30771],[128.29024,35.30703],[128.28983,35.30609],[128.28966,35.30564],[128.28955,35.30531],[128.28907,35.3035],[128.289,35.30306],[128.28899,35.30243],[128.28902,35.30109],[128.2891,35.30068],[128.28919,35.30025],[128.28933,35.29982],[128.28952,35.29939],[128.29071,35.2971],[128.29108,35.2966],[128.29341,35.29378],[128.29371,35.29343],[128.29559,35.29141],[128.3007,35.28543],[128.30195,35.28385],[128.30212,35.28359],[128.30218,35.28344],[128.30225,35.28309],[128.30223,35.28273],[128.30212,35.28235],[128.30154,35.28146],[128.30052,35.28076],[128.30031,35.28061],[128.29896,35.27983],[128.29879,35.27975],[128.29831,35.27954],[128.29745,35.27921],[128.29711,35.27908],[128.29677,35.27896],[128.2966,35.2789],[128.29627,35.2788],[128.29593,35.27871],[128.29489,35.27848],[128.29413,35.27835],[128.29283,35.27826],[128.29095,35.27807],[128.29063,35.27803],[128.28897,35.27784],[128.28867,35.27778],[128.28831,35.27768],[128.28759,35.27747],[128.28615,35.27699],[128.28581,35.27687],[128.28516,35.27786],[128.28511,35.27793],[128.28506,35.278],[128.28491,35.27817],[128.28467,35.27842],[128.28446,35.2786],[128.28437,35.27863],[128.28339,35.27873],[128.28306,35.27874],[128.28281,35.27874],[128.28266,35.27874],[128.28232,35.27869],[128.28089,35.27849],[128.28038,35.27842],[128.28021,35.27837],[128.28004,35.27832],[128.27983,35.27825],[128.27965,35.27816],[128.27943,35.27807],[128.27935,35.27802],[128.27927,35.27799],[128.27915,35.27796],[128.27875,35.27793],[128.2767,35.27791],[128.2714,35.2784],[128.2673,35.27753],[128.26601,35.27648],[128.26255,35.27505],[128.26235,35.27498],[128.26203,35.27493],[128.26184,35.27492],[128.26158,35.27495],[128.25966,35.27527],[128.25951,35.27529],[128.25917,35.27536],[128.25896,35.27541],[128.25729,35.27622],[128.25466,35.27768],[128.25369,35.27857],[128.25362,35.27873],[128.25351,35.27885],[128.25338,35.27897],[128.25313,35.27909],[128.25297,35.27914],[128.25274,35.27919],[128.2505,35.27944],[128.25029,35.27946],[128.25014,35.27944],[128.25005,35.27942],[128.24989,35.27938],[128.24968,35.27927],[128.2495,35.27917],[128.2494,35.2791],[128.24914,35.27889],[128.24897,35.27875],[128.24875,35.27854],[128.24849,35.27832],[128.24794,35.27797],[128.24789,35.27795],[128.24785,35.27794],[128.2465,35.27779],[128.24378,35.27823],[128.24288,35.27848],[128.23944,35.27991],[128.23927,35.27998],[128.2386,35.28042],[128.2385,35.28051],[128.23843,35.28062],[128.23788,35.28132],[128.23709,35.28218],[128.23636,35.28284],[128.23606,35.2831],[128.23569,35.28326],[128.23527,35.28342],[128.23481,35.28358],[128.23454,35.28366],[128.23431,35.28369],[128.23403,35.28367],[128.23373,35.28368],[128.23352,35.28375],[128.23325,35.28388],[128.23196,35.28456],[128.23011,35.28612],[128.22898,35.28717],[128.22897,35.28722],[128.22896,35.2873],[128.229,35.28745],[128.22962,35.28885],[128.23037,35.29089],[128.23037,35.29101],[128.2303,35.2912],[128.23024,35.29132],[128.23011,35.29142],[128.22992,35.29152],[128.22981,35.29156],[128.22933,35.29176],[128.22876,35.29204],[128.22866,35.29214],[128.22852,35.29233],[128.22736,35.29414],[128.22708,35.2946],[128.22702,35.29474],[128.22635,35.29775],[128.22632,35.29789],[128.22639,35.29798],[128.22691,35.29861],[128.22726,35.29888],[128.2277,35.29927],[128.22783,35.29939],[128.22782,35.29946],[128.22754,35.29987],[128.22668,35.3008],[128.22651,35.30096],[128.2259,35.30142],[128.22551,35.30164],[128.22533,35.3017],[128.22492,35.30181],[128.22442,35.30208],[128.22382,35.30248],[128.22246,35.30343],[128.22219,35.30365],[128.22196,35.30385],[128.2206,35.30504],[128.22042,35.30527],[128.21921,35.30699],[128.21911,35.30715],[128.21759,35.30993],[128.21663,35.31169],[128.21645,35.31206],[128.21631,35.31227],[128.2161,35.31251],[128.21502,35.31351],[128.21489,35.31362],[128.21436,35.31394],[128.21385,35.31415],[128.21425,35.31509],[128.21436,35.31532],[128.21447,35.31547],[128.21466,35.3157],[128.21499,35.31607],[128.2172,35.3184],[128.22136,35.31823],[128.22151,35.31822],[128.2216,35.31813],[128.22172,35.31797],[128.22185,35.31779],[128.22218,35.31724],[128.22229,35.317],[128.22232,35.31687],[128.22216,35.31566],[128.22486,35.31453],[128.22569,35.31527],[128.22596,35.31536],[128.22626,35.31539],[128.22817,35.31551],[128.22842,35.31551],[128.23111,35.31516],[128.23125,35.31513],[128.23145,35.31503],[128.23171,35.31487],[128.2319,35.31474],[128.23201,35.31468],[128.23266,35.3144],[128.23337,35.31413],[128.23503,35.31363],[128.23709,35.31316],[128.23718,35.31316],[128.23731,35.31318],[128.23987,35.31378],[128.24056,35.31394],[128.24069,35.31398],[128.24073,35.31402],[128.2408,35.31418],[128.24081,35.31452],[128.2408,35.31632],[128.24077,35.31645],[128.24062,35.31708],[128.24053,35.31732],[128.24038,35.31765],[128.24142,35.31959],[128.24396,35.32253],[128.2441,35.32254],[128.24422,35.32255],[128.24518,35.32247],[128.24538,35.32239],[128.24566,35.32224],[128.24607,35.32197],[128.24623,35.32186],[128.24642,35.32175],[128.2466,35.32165],[128.24682,35.32155],[128.24714,35.32142],[128.24869,35.32101],[128.25135,35.32351],[128.25139,35.32356],[128.2523,35.32523],[128.25233,35.32534],[128.25236,35.32569],[128.25244,35.32824],[128.25235,35.32872],[128.25226,35.32911],[128.25224,35.32932],[128.25218,35.33033],[128.25219,35.33039],[128.25222,35.33046],[128.25309,35.33172],[128.25316,35.33178],[128.2533,35.33186],[128.25362,35.33202],[128.25378,35.33207],[128.25387,35.33207],[128.25549,35.33168],[128.25598,35.33133],[128.25906,35.33033],[128.25922,35.33029],[128.25999,35.33018],[128.26007,35.33017],[128.26016,35.33019],[128.26046,35.33039],[128.26146,35.33106],[128.26154,35.33116],[128.2617,35.33136],[128.26303,35.33432],[128.26307,35.33447],[128.26308,35.33478],[128.26307,35.33509],[128.26308,35.33521],[128.26313,35.3353],[128.26319,35.33534],[128.26414,35.336],[128.26542,35.33677],[128.26588,35.33702],[128.26679,35.33744],[128.2687,35.33798],[128.2688,35.33799],[128.26908,35.33794],[128.26947,35.33781],[128.26966,35.33772],[128.27013,35.33742],[128.27103,35.33742],[128.27114,35.33737],[128.27354,35.33581],[128.27378,35.33565],[128.274,35.3355],[128.27423,35.33528],[128.27448,35.33498],[128.27464,35.33474],[128.27477,35.33439],[128.27488,35.33396],[128.2751,35.33329],[128.27518,35.33315],[128.2754,35.33296],[128.27773,35.33097],[128.27937,35.33001],[128.27942,35.33002],[128.27953,35.33002],[128.27963,35.33],[128.27982,35.32995],[128.28066,35.32947],[128.28091,35.32933],[128.28362,35.32761],[128.28665,35.3257],[128.29111,35.3242],[128.2913,35.32414],[128.29146,35.32411],[128.29306,35.32376],[128.29335,35.32371],[128.29398,35.32364],[128.29444,35.32362],[128.29529,35.32365],[128.30027,35.32352],[128.30328,35.32279],[128.3048,35.32239],[128.30523,35.3223],[128.30583,35.32228],[128.3066,35.32229],[128.31057,35.32254],[128.31076,35.32255],[128.31109,35.32261],[128.31119,35.32265],[128.31132,35.32272],[128.31431,35.32421],[128.31462,35.32436],[128.31535,35.32469],[128.31762,35.32558]]]]}},{"type":"Feature","properties":{"code":"48720310","name":"가례면","parent":"48720"},"geometry":{"type":"MultiPolygon","coordinates":[[[[128.23477,35.40082],[128.235,35.40062],[128.2362,35.39881],[128.24,35.39188],[128.24155,35.38784],[128.24164,35.38773],[128.24185,35.38757],[128.24404,35.38638],[128.2442,35.38633],[128.24536,35.38614],[128.24441,35.38433],[128.24433,35.38418],[128.24427,35.38396],[128.24371,35.38202],[128.24369,35.38185],[128.24367,35.38163],[128.24367,35.38134],[128.24368,35.38116],[128.2437,35.38104],[128.24378,35.38086],[128.24397,35.38055],[128.2441,35.38034],[128.24438,35.37989],[128.24454,35.37968],[128.24464,35.37961],[128.24482,35.37952],[128.24493,35.37947],[128.24521,35.37934],[128.24547,35.37922],[128.24603,35.37902],[128.24619,35.37892],[128.24636,35.37879],[128.24866,35.37653],[128.24872,35.37647],[128.24875,35.37643],[128.24876,35.37637],[128.24877,35.37628],[128.24876,35.3762],[128.24874,35.37613],[128.24871,35.37609],[128.24868,35.37604],[128.24863,35.37598],[128.24854,35.37589],[128.24842,35.37576],[128.24823,35.37549],[128.24815,35.37535],[128.24809,35.37523],[128.24806,35.37515],[128.24761,35.37378],[128.24707,35.37182],[128.24702,35.37161],[128.24636,35.36492],[128.24637,35.36481],[128.2464,35.36469],[128.24739,35.36282],[128.24749,35.36268],[128.24764,35.36251],[128.24781,35.36234],[128.24797,35.36224],[128.24837,35.36195],[128.24852,35.36184],[128.24856,35.36179],[128.25017,35.35884],[128.25021,35.35875],[128.25027,35.35852],[128.25027,35.35846],[128.25028,35.35839],[128.2503,35.35825],[128.2503,35.35817],[128.25028,35.35812],[128.25025,35.35807],[128.25012,35.35789],[128.24998,35.35771],[128.24975,35.35732],[128.2497,35.3572],[128.24966,35.35711],[128.24936,35.35635],[128.24931,35.3562],[128.2493,35.35613],[128.24897,35.35392],[128.24897,35.35386],[128.24984,35.35034],[128.25181,35.34255],[128.25184,35.34251],[128.25357,35.34142],[128.25437,35.341],[128.25464,35.34087],[128.2548,35.34077],[128.2549,35.34065],[128.25501,35.34048],[128.25539,35.33948],[128.25602,35.33717],[128.25602,35.33701],[128.25566,35.33415],[128.25549,35.33168],[128.25387,35.33207],[128.25378,35.33207],[128.25362,35.33202],[128.2533,35.33186],[128.25316,35.33178],[128.25309,35.33172],[128.25222,35.33046],[128.25219,35.33039],[128.25218,35.33033],[128.25224,35.32932],[128.25226,35.32911],[128.25235,35.32872],[128.25244,35.32824],[128.25236,35.32569],[128.25233,35.32534],[128.2523,35.32523],[128.25139,35.32356],[128.25135,35.32351],[128.24869,35.32101],[128.24714,35.32142],[128.24682,35.32155],[128.2466,35.32165],[128.24642,35.32175],[128.24623,35.32186],[128.24607,35.32197],[128.24566,35.32224],[128.24538,35.32239],[128.24518,35.32247],[128.24422,35.32255],[128.2441,35.32254],[128.24396,35.32253],[128.24142,35.31959],[128.24038,35.31765],[128.24053,35.31732],[128.24062,35.31708],[128.24077,35.31645],[128.2408,35.31632],[128.24081,35.31452],[128.2408,35.31418],[128.24073,35.31402],[128.24069,35.31398],[128.24056,35.31394],[128.23987,35.31378],[128.23731,35.31318],[128.23718,35.31316],[128.23709,35.31316],[128.23503,35.31363],[128.23337,35.31413],[128.23266,35.3144],[128.23201,35.31468],[128.2319,35.31474],[128.23171,35.31487],[128.23145,35.31503],[128.23125,35.31513],[128.23111,35.31516],[128.22842,35.31551],[128.22817,35.31551],[128.22626,35.31539],[128.22596,35.31536],[128.22569,35.31527],[128.22486,35.31453],[128.22216,35.31566],[128.22232,35.31687],[128.22229,35.317],[128.22218,35.31724],[128.22185,35.31779],[128.22172,35.31797],[128.2216,35.31813],[128.22151,35.31822],[128.22136,35.31823],[128.2172,35.3184],[128.21499,35.31607],[128.21466,35.3157],[128.21447,35.31547],[128.21436,35.31532],[128.21425,35.31509],[128.21385,35.31415],[128.21369,35.31396],[128.21344,35.31376],[128.21322,35.3136],[128.21292,35.31347],[128.21266,35.31338],[128.21242,35.3133],[128.21219,35.31329],[128.21194,35.31337],[128.21177,35.3135],[128.21157,35.31371],[128.21143,35.3139],[128.21119,35.31412],[128.21085,35.31436],[128.21049,35.31455],[128.20901,35.31531],[128.20793,35.31583],[128.20443,35.31701],[128.20437,35.31708],[128.20415,35.31732],[128.20312,35.3191],[128.20302,35.31948],[128.20264,35.3223],[128.20241,35.32403],[128.20222,35.3251],[128.20206,35.32531],[128.2019,35.32544],[128.20178,35.32555],[128.20178,35.32565],[128.20196,35.32626],[128.20212,35.32659],[128.20248,35.32727],[128.20275,35.32775],[128.20287,35.32791],[128.20301,35.32806],[128.20314,35.32813],[128.20389,35.32847],[128.20489,35.32873],[128.20534,35.3289],[128.2058,35.32909],[128.20619,35.32928],[128.20791,35.33032],[128.20792,35.33039],[128.20786,35.33045],[128.20753,35.33076],[128.20635,35.33193],[128.20583,35.33245],[128.20573,35.33257],[128.20616,35.33535],[128.20624,35.33576],[128.20656,35.33657],[128.20734,35.33794],[128.20742,35.33806],[128.20765,35.33837],[128.20786,35.33872],[128.20809,35.33916],[128.2082,35.33943],[128.20823,35.33951],[128.20811,35.34204],[128.20791,35.34288],[128.20782,35.34322],[128.20773,35.3435],[128.20761,35.3438],[128.20689,35.34526],[128.2067,35.34564],[128.20642,35.34609],[128.20627,35.34623],[128.2062,35.34627],[128.2059,35.34638],[128.20555,35.34649],[128.20511,35.34663],[128.20469,35.34681],[128.20441,35.347],[128.20379,35.34762],[128.20369,35.34783],[128.20371,35.34795],[128.20372,35.34801],[128.20377,35.34818],[128.20388,35.34836],[128.2055,35.35099],[128.20559,35.3511],[128.20583,35.35133],[128.20609,35.35154],[128.20629,35.35167],[128.20729,35.35235],[128.20812,35.35289],[128.20832,35.35303],[128.20834,35.35306],[128.20837,35.35313],[128.20971,35.35909],[128.20973,35.3592],[128.21004,35.36238],[128.21031,35.36764],[128.21031,35.36783],[128.21029,35.36792],[128.20957,35.37107],[128.20895,35.37352],[128.20871,35.3736],[128.20855,35.37369],[128.20748,35.37429],[128.20718,35.37453],[128.20524,35.37637],[128.20344,35.37718],[128.20422,35.38],[128.20433,35.38044],[128.2044,35.38075],[128.20444,35.38092],[128.20447,35.3812],[128.20449,35.3815],[128.2045,35.38168],[128.20451,35.38181],[128.2045,35.38192],[128.20447,35.38202],[128.20371,35.38363],[128.20368,35.38369],[128.20357,35.38379],[128.20346,35.38386],[128.2034,35.38391],[128.20334,35.38396],[128.20323,35.38409],[128.20316,35.38422],[128.20305,35.38448],[128.20294,35.38478],[128.20287,35.38502],[128.20279,35.38532],[128.20277,35.38547],[128.20276,35.38677],[128.20276,35.38691],[128.20277,35.38718],[128.2028,35.38741],[128.20289,35.3877],[128.20297,35.38789],[128.20301,35.38799],[128.20311,35.38829],[128.2032,35.38861],[128.20325,35.38882],[128.20327,35.389],[128.20328,35.38908],[128.20328,35.38926],[128.20284,35.39131],[128.20259,35.39224],[128.20239,35.3928],[128.20226,35.39312],[128.20242,35.39319],[128.20279,35.39338],[128.20381,35.39396],[128.20406,35.39412],[128.20586,35.39533],[128.20598,35.39542],[128.20707,35.39684],[128.20718,35.39699],[128.20763,35.39776],[128.20943,35.39875],[128.21136,35.39888],[128.21214,35.39894],[128.21231,35.39897],[128.21604,35.39943],[128.22306,35.40069],[128.22315,35.4007],[128.22433,35.40143],[128.22444,35.40156],[128.22453,35.40172],[128.22461,35.40191],[128.22462,35.40205],[128.22465,35.40225],[128.22471,35.40236],[128.22479,35.40243],[128.22487,35.40248],[128.22557,35.40277],[128.22599,35.40292],[128.22618,35.40298],[128.22699,35.40318],[128.2277,35.40333],[128.22837,35.40345],[128.22877,35.40349],[128.22905,35.40352],[128.22931,35.4035],[128.22943,35.40348],[128.22979,35.40338],[128.23012,35.40323],[128.23045,35.403],[128.23062,35.40288],[128.23073,35.40277],[128.23089,35.40257],[128.23108,35.40238],[128.23126,35.40226],[128.23146,35.40216],[128.23385,35.40116],[128.23477,35.40082]]]]}},{"type":"Feature","properties":{"code":"48720320","name":"칠곡면","parent":"48720"},"geometry":{"type":"MultiPolygon","coordinates":[[[[128.20443,35.31701],[128.20216,35.31624],[128.20106,35.31547],[128.20084,35.31527],[128.1989,35.31557],[128.19513,35.31681],[128.1949,35.31692],[128.1945,35.31718],[128.1941,35.31746],[128.19202,35.32065],[128.19082,35.32351],[128.19081,35.32369],[128.19045,35.32491],[128.19033,35.32517],[128.19016,35.32539],[128.1899,35.32561],[128.18752,35.32744],[128.18737,35.32752],[128.18362,35.32886],[128.18218,35.32933],[128.18108,35.3296],[128.18063,35.32969],[128.17975,35.32973],[128.17806,35.3297],[128.17295,35.328],[128.17276,35.328],[128.17264,35.328],[128.17231,35.32804],[128.17226,35.32806],[128.17103,35.32935],[128.17095,35.32951],[128.17051,35.33006],[128.16967,35.33101],[128.16952,35.33117],[128.16869,35.33207],[128.1685,35.33227],[128.16599,35.3348],[128.1649,35.33567],[128.16423,35.33614],[128.16394,35.33767],[128.16388,35.34179],[128.16384,35.34195],[128.16376,35.34211],[128.16361,35.34229],[128.16346,35.34244],[128.16343,35.34248],[128.16338,35.34251],[128.16317,35.34269],[128.16216,35.34331],[128.16174,35.34351],[128.16079,35.34389],[128.15974,35.34443],[128.15846,35.34573],[128.15804,35.34648],[128.15706,35.3484],[128.15694,35.34866],[128.15667,35.34976],[128.15448,35.35108],[128.15429,35.35105],[128.15403,35.35101],[128.15393,35.35102],[128.15382,35.35103],[128.15357,35.35118],[128.15311,35.35152],[128.15285,35.35177],[128.15264,35.35196],[128.15044,35.35489],[128.15035,35.35504],[128.15032,35.35516],[128.14994,35.35666],[128.14996,35.3568],[128.15226,35.36486],[128.15264,35.36603],[128.15271,35.36622],[128.15274,35.36628],[128.15278,35.36632],[128.15283,35.36633],[128.15295,35.36632],[128.15322,35.36622],[128.1533,35.3662],[128.15337,35.36619],[128.15345,35.36619],[128.15355,35.36619],[128.15363,35.3662],[128.15372,35.36621],[128.15544,35.36658],[128.15564,35.36665],[128.15689,35.36722],[128.15703,35.36729],[128.15712,35.36734],[128.15728,35.36743],[128.1575,35.36755],[128.15787,35.3678],[128.15802,35.36793],[128.15814,35.36802],[128.15827,35.36808],[128.15841,35.36807],[128.15858,35.36803],[128.15878,35.36798],[128.16283,35.3669],[128.16308,35.36681],[128.16338,35.36665],[128.16355,35.36651],[128.16398,35.36609],[128.16419,35.36594],[128.1644,35.36578],[128.16592,35.36483],[128.1662,35.36468],[128.16627,35.36466],[128.16636,35.36463],[128.1683,35.36418],[128.16839,35.36416],[128.16844,35.36416],[128.17459,35.36491],[128.17465,35.36493],[128.17473,35.36497],[128.17479,35.36501],[128.17487,35.36506],[128.17973,35.36858],[128.18306,35.37104],[128.18315,35.37111],[128.18326,35.37117],[128.18336,35.37121],[128.18365,35.37126],[128.18399,35.37132],[128.18624,35.37153],[128.19392,35.37304],[128.19421,35.3731],[128.19436,35.37316],[128.19449,35.37321],[128.19485,35.37336],[128.19505,35.37346],[128.19521,35.37358],[128.19534,35.3737],[128.19633,35.37474],[128.19649,35.37491],[128.19654,35.37498],[128.19659,35.37508],[128.19664,35.37527],[128.19668,35.37542],[128.19674,35.37552],[128.19683,35.3756],[128.19697,35.37571],[128.19762,35.37616],[128.19781,35.37627],[128.19968,35.37635],[128.19994,35.37635],[128.20019,35.37634],[128.20094,35.3763],[128.20127,35.37628],[128.20174,35.37629],[128.20191,35.37632],[128.20206,35.37635],[128.20224,35.37642],[128.20289,35.37675],[128.20336,35.37708],[128.2034,35.37713],[128.20344,35.37718],[128.20524,35.37637],[128.20718,35.37453],[128.20748,35.37429],[128.20855,35.37369],[128.20871,35.3736],[128.20895,35.37352],[128.20957,35.37107],[128.21029,35.36792],[128.21031,35.36783],[128.21031,35.36764],[128.21004,35.36238],[128.20973,35.3592],[128.20971,35.35909],[128.20837,35.35313],[128.20834,35.35306],[128.20832,35.35303],[128.20812,35.35289],[128.20729,35.35235],[128.20629,35.35167],[128.20609,35.35154],[128.20583,35.35133],[128.20559,35.3511],[128.2055,35.35099],[128.20388,35.34836],[128.20377,35.34818],[128.20372,35.34801],[128.20371,35.34795],[128.20369,35.34783],[128.20379,35.34762],[128.20441,35.347],[128.20469,35.34681],[128.20511,35.34663],[128.20555,35.34649],[128.2059,35.34638],[128.2062,35.34627],[128.20627,35.34623],[128.20642,35.34609],[128.2067,35.34564],[128.20689,35.34526],[128.20761,35.3438],[128.20773,35.3435],[128.20782,35.34322],[128.20791,35.34288],[128.20811,35.34204],[128.20823,35.33951],[128.2082,35.33943],[128.20809,35.33916],[128.20786,35.33872],[128.20765,35.33837],[128.20742,35.33806],[128.20734,35.33794],[128.20656,35.33657],[128.20624,35.33576],[128.20616,35.33535],[128.20573,35.33257],[128.20583,35.33245],[128.20635,35.33193],[128.20753,35.33076],[128.20786,35.33045],[128.20792,35.33039],[128.20791,35.33032],[128.20619,35.32928],[128.2058,35.32909],[128.20534,35.3289],[128.20489,35.32873],[128.20389,35.32847],[128.20314,35.32813],[128.20301,35.32806],[128.20287,35.32791],[128.20275,35.32775],[128.20248,35.32727],[128.20212,35.32659],[128.20196,35.32626],[128.20178,35.32565],[128.20178,35.32555],[128.2019,35.32544],[128.20206,35.32531],[128.20222,35.3251],[128.20241,35.32403],[128.20264,35.3223],[128.20302,35.31948],[128.20312,35.3191],[128.20415,35.31732],[128.20437,35.31708],[128.20443,35.31701]]]]}},{"type":"Feature","properties":{"code":"48720330","name":"대의면","parent":"48720"},"geometry":{"type":"MultiPolygon","coordinates":[[[[128.20226,35.39312],[128.20239,35.3928],[128.20259,35.39224],[128.20284,35.39131],[128.20328,35.38926],[128.20328,35.38908],[128.20327,35.389],[128.20325,35.38882],[128.2032,35.38861],[128.20311,35.38829],[128.20301,35.38799],[128.20297,35.38789],[128.20289,35.3877],[128.2028,35.38741],[128.20277,35.38718],[128.20276,35.38691],[128.20276,35.38677],[128.20277,35.38547],[128.20279,35.38532],[128.20287,35.38502],[128.20294,35.38478],[128.20305,35.38448],[128.20316,35.38422],[128.20323,35.38409],[128.20334,35.38396],[128.2034,35.38391],[128.20346,35.38386],[128.20357,35.38379],[128.20368,35.38369],[128.20371,35.38363],[128.20447,35.38202],[128.2045,35.38192],[128.20451,35.38181],[128.2045,35.38168],[128.20449,35.3815],[128.20447,35.3812],[128.20444,35.38092],[128.2044,35.38075],[128.20433,35.38044],[128.20422,35.38],[128.20344,35.37718],[128.2034,35.37713],[128.20336,35.37708],[128.20289,35.37675],[128.20224,35.37642],[128.20206,35.37635],[128.20191,35.37632],[128.20174,35.37629],[128.20127,35.37628],[128.20094,35.3763],[128.20019,35.37634],[128.19994,35.37635],[128.19968,35.37635],[128.19781,35.37627],[128.19762,35.37616],[128.19697,35.37571],[128.19683,35.3756],[128.19674,35.37552],[128.19668,35.37542],[128.19664,35.37527],[128.19659,35.37508],[128.19654,35.37498],[128.19649,35.37491],[128.19633,35.37474],[128.19534,35.3737],[128.19521,35.37358],[128.19505,35.37346],[128.19485,35.37336],[128.19449,35.37321],[128.19436,35.37316],[128.19421,35.3731],[128.19392,35.37304],[128.18624,35.37153],[128.18399,35.37132],[128.18365,35.37126],[128.18336,35.37121],[128.18326,35.37117],[128.18315,35.37111],[128.18306,35.37104],[128.17973,35.36858],[128.17487,35.36506],[128.17479,35.36501],[128.17473,35.36497],[128.17465,35.36493],[128.17459,35.36491],[128.16844,35.36416],[128.16839,35.36416],[128.1683,35.36418],[128.16636,35.36463],[128.16627,35.36466],[128.1662,35.36468],[128.16592,35.36483],[128.1644,35.36578],[128.16419,35.36594],[128.16398,35.36609],[128.16355,35.36651],[128.16338,35.36665],[128.16308,35.36681],[128.16283,35.3669],[128.15878,35.36798],[128.15858,35.36803],[128.15841,35.36807],[128.15827,35.36808],[128.15814,35.36802],[128.15802,35.36793],[128.15787,35.3678],[128.1575,35.36755],[128.15728,35.36743],[128.15712,35.36734],[128.15703,35.36729],[128.15689,35.36722],[128.15564,35.36665],[128.15544,35.36658],[128.15372,35.36621],[128.15363,35.3662],[128.15355,35.36619],[128.15345,35.36619],[128.15337,35.36619],[128.1533,35.3662],[128.15322,35.36622],[128.15295,35.36632],[128.15283,35.36633],[128.15278,35.36632],[128.15274,35.36628],[128.15271,35.36622],[128.15264,35.36603],[128.15226,35.36486],[128.14996,35.3568],[128.14994,35.35666],[128.15032,35.35516],[128.15035,35.35504],[128.15044,35.35489],[128.15264,35.35196],[128.15285,35.35177],[128.15311,35.35152],[128.15357,35.35118],[128.15382,35.35103],[128.15393,35.35102],[128.15403,35.35101],[128.15429,35.35105],[128.15448,35.35108],[128.15287,35.35],[128.15271,35.34993],[128.15255,35.34985],[128.15206,35.3497],[128.15112,35.34965],[128.15087,35.34969],[128.1466,35.3485],[128.14526,35.34795],[128.14054,35.3453],[128.14047,35.34526],[128.1398,35.34473],[128.13972,35.34465],[128.13964,35.34458],[128.13958,35.34451],[128.13953,35.34445],[128.13945,35.34431],[128.1391,35.34376],[128.13842,35.34273],[128.13835,35.34266],[128.13825,35.34259],[128.13821,35.34257],[128.13584,35.34199],[128.13367,35.34128],[128.13361,35.34122],[128.13354,35.34115],[128.13351,35.34108],[128.13317,35.34005],[128.13316,35.33997],[128.13315,35.33987],[128.13318,35.3397],[128.13321,35.33953],[128.13325,35.33936],[128.13324,35.33925],[128.13321,35.33912],[128.13315,35.33895],[128.13309,35.33883],[128.13255,35.33825],[128.1325,35.3382],[128.13245,35.33815],[128.13236,35.33807],[128.13227,35.33799],[128.1318,35.33762],[128.1301,35.33643],[128.13004,35.33639],[128.13,35.33637],[128.12418,35.33316],[128.12404,35.33308],[128.11594,35.33026],[128.11583,35.33023],[128.11568,35.33021],[128.1156,35.33024],[128.11486,35.33072],[128.11469,35.33086],[128.11521,35.33285],[128.1152,35.33304],[128.11509,35.33334],[128.1143,35.33465],[128.11417,35.33481],[128.11415,35.33483],[128.11385,35.33513],[128.11371,35.33525],[128.11353,35.33538],[128.11037,35.33748],[128.11022,35.33757],[128.11017,35.3376],[128.11012,35.33762],[128.1093,35.33794],[128.1092,35.33796],[128.10911,35.33797],[128.10885,35.33794],[128.1085,35.33787],[128.10836,35.33784],[128.10825,35.33784],[128.10819,35.33784],[128.10814,35.33784],[128.1071,35.33799],[128.10701,35.33801],[128.10418,35.33955],[128.09954,35.34094],[128.09942,35.34096],[128.09936,35.34097],[128.0993,35.34099],[128.09741,35.34171],[128.09477,35.34415],[128.09428,35.34467],[128.09426,35.34473],[128.09384,35.34769],[128.09383,35.34775],[128.09384,35.34881],[128.09385,35.34888],[128.09387,35.34894],[128.09412,35.34928],[128.09463,35.34996],[128.09479,35.35012],[128.095,35.35029],[128.09514,35.35041],[128.09527,35.35052],[128.0959,35.35087],[128.0966,35.35137],[128.09811,35.35251],[128.09835,35.35271],[128.09895,35.3532],[128.09909,35.35332],[128.09925,35.35354],[128.09936,35.35372],[128.09936,35.35393],[128.09916,35.3544],[128.09902,35.35465],[128.0989,35.35476],[128.09782,35.35529],[128.09775,35.35532],[128.09771,35.35534],[128.09745,35.35542],[128.09662,35.35568],[128.09652,35.35571],[128.09637,35.35571],[128.09617,35.35571],[128.09598,35.35571],[128.09586,35.35572],[128.09575,35.35573],[128.09569,35.35574],[128.09561,35.35576],[128.09548,35.35584],[128.09536,35.35591],[128.09491,35.35618],[128.09481,35.35627],[128.09474,35.35645],[128.09463,35.35679],[128.09459,35.357],[128.09461,35.35745],[128.09463,35.35774],[128.09464,35.35779],[128.0956,35.35976],[128.0957,35.35993],[128.09578,35.36001],[128.09624,35.36035],[128.09679,35.36076],[128.09715,35.361],[128.09733,35.36111],[128.09761,35.36125],[128.09782,35.36129],[128.09859,35.36139],[128.09926,35.36146],[128.09949,35.36151],[128.09974,35.36155],[128.09987,35.36162],[128.10002,35.36172],[128.10024,35.36198],[128.10045,35.36225],[128.10067,35.36251],[128.10108,35.36304],[128.10157,35.36387],[128.10161,35.36395],[128.10165,35.36403],[128.10182,35.36436],[128.102,35.36479],[128.10226,35.36556],[128.10241,35.36605],[128.1024,35.36608],[128.09782,35.36712],[128.0976,35.36709],[128.09649,35.36676],[128.09642,35.36673],[128.09223,35.36572],[128.08802,35.36607],[128.08445,35.36846],[128.08273,35.3693],[128.08214,35.36958],[128.08194,35.36966],[128.08034,35.37013],[128.08207,35.36989],[128.08297,35.36977],[128.08366,35.36964],[128.0839,35.36958],[128.08431,35.36943],[128.08479,35.36927],[128.08568,35.36904],[128.08652,35.36881],[128.08705,35.36869],[128.08757,35.3686],[128.08791,35.36855],[128.08819,35.36851],[128.0938,35.36812],[128.09447,35.36808],[128.09497,35.36808],[128.09518,35.36811],[128.09532,35.36815],[128.09874,35.37054],[128.1005,35.37186],[128.10133,35.37249],[128.10641,35.37648],[128.10835,35.37817],[128.11089,35.38055],[128.11223,35.38226],[128.1137,35.3806],[128.11564,35.37954],[128.11937,35.37774],[128.11951,35.37768],[128.11969,35.37763],[128.11991,35.37758],[128.12011,35.37755],[128.1238,35.37555],[128.12421,35.37459],[128.12433,35.3744],[128.12448,35.37421],[128.12583,35.37295],[128.12606,35.37281],[128.12688,35.3724],[128.12702,35.37235],[128.12726,35.37236],[128.12752,35.37237],[128.12943,35.37303],[128.12961,35.37312],[128.12974,35.37319],[128.12977,35.37326],[128.12977,35.37332],[128.12975,35.3734],[128.12791,35.37788],[128.12629,35.38205],[128.12586,35.38315],[128.12581,35.38341],[128.12576,35.3837],[128.12584,35.38502],[128.12587,35.38523],[128.12597,35.38548],[128.12611,35.38569],[128.12635,35.38596],[128.12671,35.3863],[128.12709,35.38662],[128.12725,35.38673],[128.12877,35.38767],[128.12887,35.38772],[128.12904,35.38775],[128.12926,35.38773],[128.1313,35.38731],[128.13171,35.38721],[128.13471,35.38659],[128.13747,35.38621],[128.14307,35.3856],[128.14762,35.38583],[128.14773,35.38584],[128.14782,35.38587],[128.15042,35.38693],[128.15433,35.38859],[128.15453,35.3887],[128.15482,35.38891],[128.156,35.38994],[128.1561,35.39009],[128.16129,35.39122],[128.16308,35.39213],[128.16327,35.39223],[128.16346,35.39237],[128.16356,35.39247],[128.16376,35.39275],[128.16389,35.39298],[128.16399,35.39309],[128.16448,35.39347],[128.16464,35.39354],[128.16662,35.39426],[128.16674,35.3943],[128.1669,35.39431],[128.16809,35.39417],[128.16932,35.39414],[128.17093,35.39421],[128.17124,35.39423],[128.17192,35.39426],[128.17569,35.39535],[128.17657,35.39563],[128.17919,35.39568],[128.17928,35.39568],[128.17936,35.3957],[128.17945,35.39572],[128.17952,35.39574],[128.18807,35.39823],[128.18946,35.39867],[128.19004,35.39814],[128.19052,35.39723],[128.1911,35.39643],[128.1912,35.3963],[128.19135,35.39611],[128.19332,35.39412],[128.19338,35.39407],[128.19344,35.39406],[128.19351,35.39404],[128.19359,35.39402],[128.20058,35.39329],[128.20226,35.39312]]]]}},{"type":"Feature","properties":{"code":"48720340","name":"화정면","parent":"48720"},"geometry":{"type":"MultiPolygon","coordinates":[[[[128.20443,35.31701],[128.20793,35.31583],[128.20901,35.31531],[128.21049,35.31455],[128.21085,35.31436],[128.21119,35.31412],[128.21143,35.3139],[128.21157,35.31371],[128.21177,35.3135],[128.21194,35.31337],[128.21219,35.31329],[128.21242,35.3133],[128.21266,35.31338],[128.21292,35.31347],[128.21322,35.3136],[128.21344,35.31376],[128.21369,35.31396],[128.21385,35.31415],[128.21436,35.31394],[128.21489,35.31362],[128.21502,35.31351],[128.2161,35.31251],[128.21631,35.31227],[128.21645,35.31206],[128.21663,35.31169],[128.21759,35.30993],[128.21911,35.30715],[128.21921,35.30699],[128.22042,35.30527],[128.2206,35.30504],[128.22196,35.30385],[128.22219,35.30365],[128.22246,35.30343],[128.22382,35.30248],[128.22442,35.30208],[128.22492,35.30181],[128.22533,35.3017],[128.22551,35.30164],[128.2259,35.30142],[128.22651,35.30096],[128.22668,35.3008],[128.22754,35.29987],[128.22782,35.29946],[128.22783,35.29939],[128.2277,35.29927],[128.22726,35.29888],[128.22691,35.29861],[128.22639,35.29798],[128.22632,35.29789],[128.22635,35.29775],[128.22702,35.29474],[128.22708,35.2946],[128.22736,35.29414],[128.22852,35.29233],[128.22866,35.29214],[128.22876,35.29204],[128.22933,35.29176],[128.22981,35.29156],[128.22992,35.29152],[128.23011,35.29142],[128.23024,35.29132],[128.2303,35.2912],[128.23037,35.29101],[128.23037,35.29089],[128.22962,35.28885],[128.229,35.28745],[128.22896,35.2873],[128.22897,35.28722],[128.22898,35.28717],[128.23011,35.28612],[128.23196,35.28456],[128.23325,35.28388],[128.23352,35.28375],[128.23373,35.28368],[128.23403,35.28367],[128.23431,35.28369],[128.23454,35.28366],[128.23481,35.28358],[128.23527,35.28342],[128.23569,35.28326],[128.23606,35.2831],[128.23636,35.28284],[128.23709,35.28218],[128.23788,35.28132],[128.23843,35.28062],[128.2385,35.28051],[128.2386,35.28042],[128.23927,35.27998],[128.23944,35.27991],[128.24288,35.27848],[128.24378,35.27823],[128.2465,35.27779],[128.24785,35.27794],[128.24789,35.27795],[128.24794,35.27797],[128.24849,35.27832],[128.24875,35.27854],[128.24897,35.27875],[128.24914,35.27889],[128.2494,35.2791],[128.2495,35.27917],[128.24968,35.27927],[128.24989,35.27938],[128.25005,35.27942],[128.25014,35.27944],[128.25029,35.27946],[128.2505,35.27944],[128.25274,35.27919],[128.25297,35.27914],[128.25313,35.27909],[128.25338,35.27897],[128.25351,35.27885],[128.25362,35.27873],[128.25369,35.27857],[128.25466,35.27768],[128.25729,35.27622],[128.25896,35.27541],[128.25917,35.27536],[128.25951,35.27529],[128.25966,35.27527],[128.26158,35.27495],[128.26184,35.27492],[128.26203,35.27493],[128.26235,35.27498],[128.26255,35.27505],[128.26601,35.27648],[128.2673,35.27753],[128.2714,35.2784],[128.2767,35.27791],[128.27875,35.27793],[128.27915,35.27796],[128.27927,35.27799],[128.27935,35.27802],[128.27943,35.27807],[128.27965,35.27816],[128.27983,35.27825],[128.28004,35.27832],[128.28021,35.27837],[128.28038,35.27842],[128.28089,35.27849],[128.28232,35.27869],[128.28266,35.27874],[128.28281,35.27874],[128.28306,35.27874],[128.28339,35.27873],[128.28437,35.27863],[128.28446,35.2786],[128.28467,35.27842],[128.28491,35.27817],[128.28506,35.278],[128.28511,35.27793],[128.28516,35.27786],[128.28581,35.27687],[128.28281,35.27556],[128.2823,35.2752],[128.28163,35.27468],[128.28119,35.27418],[128.28058,35.27339],[128.28029,35.27299],[128.27967,35.27191],[128.27946,35.27152],[128.27928,35.27108],[128.27912,35.27066],[128.27898,35.27024],[128.27876,35.26947],[128.27847,35.26834],[128.27818,35.2672],[128.27729,35.26456],[128.27528,35.25928],[128.27424,35.25737],[128.27383,35.25694],[128.27296,35.25614],[128.27281,35.25608],[128.27196,35.25607],[128.26985,35.25613],[128.26901,35.25619],[128.26865,35.25621],[128.26828,35.25626],[128.26781,35.25633],[128.26758,35.25638],[128.26675,35.25659],[128.26616,35.25673],[128.26554,35.25686],[128.2649,35.25697],[128.26424,35.25703],[128.26179,35.25722],[128.26112,35.25727],[128.26001,35.25733],[128.25936,35.25725],[128.25923,35.25724],[128.25823,35.25699],[128.25772,35.25682],[128.25717,35.25661],[128.25662,35.25639],[128.25609,35.25615],[128.25549,35.25588],[128.25496,35.25569],[128.25329,35.2551],[128.24811,35.25375],[128.24797,35.25372],[128.24781,35.2537],[128.24753,35.25369],[128.24728,35.25368],[128.24711,35.25367],[128.24644,35.25364],[128.24619,35.25363],[128.24457,35.25358],[128.24315,35.25355],[128.24149,35.25353],[128.24041,35.25353],[128.23994,35.25353],[128.23948,35.25354],[128.23825,35.25359],[128.23726,35.25364],[128.23681,35.25367],[128.23444,35.25401],[128.23351,35.25419],[128.2299,35.25552],[128.2292,35.25593],[128.22877,35.25627],[128.22844,35.25658],[128.22769,35.25756],[128.2274,35.25802],[128.22719,35.25841],[128.22707,35.25869],[128.22684,35.2593],[128.22655,35.25981],[128.2264,35.25999],[128.22629,35.26012],[128.22614,35.26026],[128.22588,35.2605],[128.2255,35.26085],[128.22474,35.26146],[128.22326,35.26263],[128.22281,35.26297],[128.22119,35.26384],[128.21959,35.26456],[128.21919,35.26473],[128.21902,35.26476],[128.21861,35.26479],[128.21813,35.26477],[128.21776,35.26466],[128.21748,35.26452],[128.21639,35.2638],[128.21595,35.26351],[128.21589,35.26346],[128.21529,35.26304],[128.21481,35.26269],[128.21462,35.26297],[128.2135,35.26428],[128.21331,35.26446],[128.21291,35.26469],[128.2127,35.2648],[128.21242,35.26489],[128.21205,35.26494],[128.21155,35.26495],[128.20927,35.26469],[128.20915,35.26466],[128.20865,35.26444],[128.20805,35.26416],[128.20724,35.26377],[128.20561,35.26291],[128.20552,35.26285],[128.20489,35.2618],[128.20306,35.25862],[128.20257,35.25681],[128.20218,35.25532],[128.20209,35.25506],[128.20198,35.25485],[128.20179,35.25456],[128.2011,35.25359],[128.20098,35.2535],[128.20089,35.25347],[128.20078,35.25345],[128.2005,35.25346],[128.19938,35.25354],[128.19927,35.25358],[128.19408,35.25628],[128.19402,35.25633],[128.19396,35.25641],[128.19392,35.25647],[128.1939,35.25656],[128.1937,35.25724],[128.1937,35.25727],[128.19372,35.25735],[128.19379,35.25744],[128.19395,35.2576],[128.19412,35.25774],[128.19439,35.25808],[128.19456,35.25832],[128.19463,35.25846],[128.19522,35.25974],[128.19531,35.25992],[128.19538,35.26016],[128.19541,35.26029],[128.19546,35.26073],[128.19549,35.26097],[128.19567,35.26333],[128.19566,35.26341],[128.19537,35.26518],[128.19507,35.26606],[128.19389,35.26675],[128.19363,35.2669],[128.19347,35.26696],[128.19331,35.267],[128.19319,35.26701],[128.19227,35.26696],[128.19121,35.26723],[128.19113,35.26725],[128.19098,35.26736],[128.19088,35.26743],[128.19079,35.26753],[128.19007,35.27002],[128.18993,35.27132],[128.18986,35.27232],[128.18826,35.27471],[128.18819,35.27481],[128.18813,35.27488],[128.18805,35.27494],[128.18762,35.2752],[128.18734,35.27535],[128.18722,35.27541],[128.18713,35.27543],[128.1861,35.27551],[128.186,35.2755],[128.18591,35.27549],[128.18567,35.27544],[128.18538,35.27537],[128.18521,35.27535],[128.18496,35.27534],[128.18481,35.27535],[128.18476,35.27535],[128.18471,35.27537],[128.18462,35.27545],[128.18385,35.2761],[128.18036,35.27914],[128.18024,35.27924],[128.18011,35.27944],[128.17861,35.28166],[128.17858,35.28174],[128.17858,35.28182],[128.1786,35.28188],[128.17869,35.282],[128.17891,35.28221],[128.17939,35.28279],[128.17949,35.28295],[128.17957,35.28315],[128.17964,35.28335],[128.17971,35.2836],[128.17993,35.28493],[128.17996,35.28513],[128.17995,35.28545],[128.17991,35.28565],[128.17986,35.28577],[128.17981,35.28586],[128.17928,35.28644],[128.17903,35.28669],[128.17879,35.28687],[128.17675,35.28854],[128.17667,35.28863],[128.17453,35.29205],[128.1745,35.29214],[128.17417,35.29432],[128.17417,35.29436],[128.1742,35.29447],[128.17436,35.29472],[128.17453,35.29499],[128.17616,35.29667],[128.17734,35.29775],[128.17737,35.29785],[128.17736,35.2981],[128.17732,35.2987],[128.1773,35.29893],[128.17727,35.29931],[128.17687,35.30007],[128.17601,35.30114],[128.17568,35.30135],[128.17531,35.30152],[128.17519,35.30155],[128.17506,35.3016],[128.17499,35.30165],[128.17493,35.30172],[128.17277,35.30807],[128.17277,35.30811],[128.17419,35.31475],[128.17733,35.31684],[128.17753,35.31699],[128.17763,35.31715],[128.17885,35.31988],[128.17888,35.32014],[128.17889,35.32038],[128.17877,35.32111],[128.17837,35.32247],[128.17825,35.3227],[128.17742,35.32396],[128.17702,35.32442],[128.17427,35.32741],[128.17413,35.32754],[128.17393,35.32767],[128.17295,35.328],[128.17806,35.3297],[128.17975,35.32973],[128.18063,35.32969],[128.18108,35.3296],[128.18218,35.32933],[128.18362,35.32886],[128.18737,35.32752],[128.18752,35.32744],[128.1899,35.32561],[128.19016,35.32539],[128.19033,35.32517],[128.19045,35.32491],[128.19081,35.32369],[128.19082,35.32351],[128.19202,35.32065],[128.1941,35.31746],[128.1945,35.31718],[128.1949,35.31692],[128.19513,35.31681],[128.1989,35.31557],[128.20084,35.31527],[128.20106,35.31547],[128.20216,35.31624],[128.20443,35.31701]]]]}},{"type":"Feature","properties":{"code":"48720350","name":"용덕면","parent":"48720"},"geometry":{"type":"MultiPolygon","coordinates":[[[[128.28477,35.38786],[128.28538,35.38618],[128.28581,35.38352],[128.28699,35.37945],[128.28825,35.37811],[128.28829,35.37805],[128.29004,35.37464],[128.29068,35.37325],[128.29085,35.37282],[128.29087,35.37273],[128.29089,35.37266],[128.29091,35.37261],[128.29095,35.37239],[128.29101,35.37202],[128.29103,35.37179],[128.29102,35.37156],[128.291,35.3714],[128.29075,35.37006],[128.29072,35.36997],[128.29057,35.36975],[128.29043,35.36958],[128.29025,35.36939],[128.29019,35.36931],[128.29017,35.36923],[128.29017,35.36913],[128.29018,35.36903],[128.2902,35.36893],[128.29076,35.36721],[128.29081,35.3671],[128.29098,35.36685],[128.29116,35.36664],[128.29437,35.36335],[128.2972,35.36261],[128.30049,35.36239],[128.30348,35.36123],[128.30352,35.36124],[128.30359,35.36125],[128.30473,35.36159],[128.3048,35.36162],[128.30697,35.36294],[128.3071,35.36304],[128.30723,35.36314],[128.30736,35.36333],[128.30748,35.36354],[128.30769,35.36398],[128.30792,35.36443],[128.30796,35.36447],[128.30805,35.36452],[128.30896,35.36488],[128.30911,35.3649],[128.30928,35.36489],[128.31266,35.36436],[128.31323,35.3642],[128.31337,35.36416],[128.3134,35.36414],[128.31343,35.36408],[128.31345,35.36402],[128.31356,35.36327],[128.31396,35.36198],[128.31403,35.36185],[128.31417,35.36167],[128.31447,35.36137],[128.31478,35.36114],[128.31494,35.36103],[128.31402,35.35854],[128.31381,35.3566],[128.31362,35.35555],[128.31352,35.35519],[128.31337,35.35482],[128.31322,35.35454],[128.31304,35.35426],[128.31285,35.35404],[128.3127,35.3539],[128.31255,35.35378],[128.31235,35.35361],[128.31223,35.35349],[128.31213,35.35334],[128.31205,35.3532],[128.31201,35.35306],[128.31183,35.35232],[128.31175,35.35184],[128.31151,35.35039],[128.31112,35.3479],[128.31109,35.34769],[128.31104,35.34727],[128.31119,35.34506],[128.31168,35.33988],[128.31187,35.33813],[128.31204,35.33736],[128.31205,35.33733],[128.3122,35.337],[128.3135,35.33508],[128.31527,35.33315],[128.31581,35.3325],[128.31597,35.33221],[128.31732,35.32909],[128.31741,35.32874],[128.3175,35.32831],[128.31755,35.32806],[128.3176,35.32763],[128.31765,35.32677],[128.31768,35.32641],[128.31762,35.32558],[128.31535,35.32469],[128.31462,35.32436],[128.31431,35.32421],[128.31132,35.32272],[128.31119,35.32265],[128.31109,35.32261],[128.31076,35.32255],[128.31057,35.32254],[128.3066,35.32229],[128.30583,35.32228],[128.30523,35.3223],[128.3048,35.32239],[128.30328,35.32279],[128.30027,35.32352],[128.29529,35.32365],[128.29444,35.32362],[128.29398,35.32364],[128.29335,35.32371],[128.29306,35.32376],[128.29146,35.32411],[128.2913,35.32414],[128.29111,35.3242],[128.28665,35.3257],[128.28362,35.32761],[128.28091,35.32933],[128.28066,35.32947],[128.27982,35.32995],[128.27963,35.33],[128.27953,35.33002],[128.27942,35.33002],[128.27937,35.33001],[128.27773,35.33097],[128.2754,35.33296],[128.27518,35.33315],[128.2751,35.33329],[128.27488,35.33396],[128.27477,35.33439],[128.27464,35.33474],[128.27448,35.33498],[128.27423,35.33528],[128.274,35.3355],[128.27378,35.33565],[128.27354,35.33581],[128.27114,35.33737],[128.27103,35.33742],[128.27013,35.33742],[128.26966,35.33772],[128.26947,35.33781],[128.26908,35.33794],[128.2688,35.33799],[128.2687,35.33798],[128.26679,35.33744],[128.26588,35.33702],[128.26542,35.33677],[128.26414,35.336],[128.26319,35.33534],[128.26313,35.3353],[128.26308,35.33521],[128.26307,35.33509],[128.26308,35.33478],[128.26307,35.33447],[128.26303,35.33432],[128.2617,35.33136],[128.26154,35.33116],[128.26146,35.33106],[128.26046,35.33039],[128.26016,35.33019],[128.26007,35.33017],[128.25999,35.33018],[128.25922,35.33029],[128.25906,35.33033],[128.25598,35.33133],[128.25549,35.33168],[128.25566,35.33415],[128.25602,35.33701],[128.25602,35.33717],[128.25539,35.33948],[128.25501,35.34048],[128.2549,35.34065],[128.2548,35.34077],[128.25464,35.34087],[128.25437,35.341],[128.25357,35.34142],[128.25184,35.34251],[128.25181,35.34255],[128.24984,35.35034],[128.24897,35.35386],[128.24897,35.35392],[128.2493,35.35613],[128.24931,35.3562],[128.24936,35.35635],[128.24966,35.35711],[128.2497,35.3572],[128.24975,35.35732],[128.24998,35.35771],[128.25012,35.35789],[128.25025,35.35807],[128.25028,35.35812],[128.2503,35.35817],[128.2503,35.35825],[128.25028,35.35839],[128.25027,35.35846],[128.25027,35.35852],[128.25021,35.35875],[128.25017,35.35884],[128.24856,35.36179],[128.24852,35.36184],[128.24837,35.36195],[128.24797,35.36224],[128.24781,35.36234],[128.24764,35.36251],[128.24749,35.36268],[128.24739,35.36282],[128.2464,35.36469],[128.24637,35.36481],[128.24636,35.36492],[128.24702,35.37161],[128.24707,35.37182],[128.24761,35.37378],[128.24806,35.37515],[128.24809,35.37523],[128.24815,35.37535],[128.24823,35.37549],[128.24842,35.37576],[128.24854,35.37589],[128.24863,35.37598],[128.24868,35.37604],[128.24871,35.37609],[128.24874,35.37613],[128.24876,35.3762],[128.24877,35.37628],[128.24876,35.37637],[128.24875,35.37643],[128.24872,35.37647],[128.24866,35.37653],[128.24636,35.37879],[128.24619,35.37892],[128.24603,35.37902],[128.24547,35.37922],[128.24521,35.37934],[128.24493,35.37947],[128.24482,35.37952],[128.24464,35.37961],[128.24454,35.37968],[128.24438,35.37989],[128.2441,35.38034],[128.24397,35.38055],[128.24378,35.38086],[128.2437,35.38104],[128.24368,35.38116],[128.24367,35.38134],[128.24367,35.38163],[128.24369,35.38185],[128.24371,35.38202],[128.24427,35.38396],[128.24433,35.38418],[128.24441,35.38433],[128.24536,35.38614],[128.2454,35.38627],[128.24554,35.38655],[128.24564,35.38674],[128.24572,35.38685],[128.2459,35.38697],[128.24877,35.38831],[128.24884,35.38834],[128.2489,35.38836],[128.24897,35.38837],[128.24905,35.38837],[128.25055,35.38838],[128.25142,35.38829],[128.25149,35.38828],[128.25159,35.38829],[128.25223,35.38839],[128.25231,35.3884],[128.25243,35.38844],[128.25271,35.38855],[128.25293,35.38868],[128.25318,35.38884],[128.25465,35.38989],[128.25474,35.38996],[128.25482,35.39003],[128.25563,35.39097],[128.25572,35.39109],[128.25575,35.39115],[128.25582,35.3913],[128.25589,35.39147],[128.25599,35.39175],[128.25613,35.3921],[128.25617,35.39219],[128.25622,35.39226],[128.25628,35.39233],[128.25636,35.39241],[128.25645,35.39246],[128.25657,35.39254],[128.25668,35.3926],[128.25678,35.39263],[128.25684,35.39264],[128.25693,35.39265],[128.26084,35.39307],[128.26102,35.39308],[128.26113,35.39307],[128.26126,35.39306],[128.26215,35.39294],[128.26371,35.39291],[128.26423,35.39291],[128.26467,35.39291],[128.26475,35.39292],[128.26479,35.39293],[128.26664,35.39439],[128.26674,35.39447],[128.26758,35.39547],[128.26762,35.39554],[128.26771,35.39583],[128.26775,35.39598],[128.26776,35.39605],[128.26775,35.39611],[128.26772,35.39623],[128.26769,35.39635],[128.26768,35.39646],[128.26769,35.39653],[128.26773,35.39665],[128.2678,35.39673],[128.2679,35.39683],[128.268,35.39689],[128.26809,35.39694],[128.26889,35.39725],[128.26894,35.39727],[128.26899,35.39728],[128.26903,35.39727],[128.2708,35.3966],[128.27084,35.39657],[128.27091,35.39649],[128.27107,35.39621],[128.27127,35.39585],[128.27132,35.39574],[128.27352,35.39372],[128.27432,35.39309],[128.27572,35.39162],[128.27581,35.39153],[128.27591,35.39146],[128.27605,35.3914],[128.27626,35.39132],[128.27642,35.39129],[128.27659,35.39128],[128.27677,35.39129],[128.27731,35.39136],[128.27772,35.39144],[128.27813,35.39154],[128.27849,35.39164],[128.27937,35.39194],[128.27974,35.3921],[128.27991,35.39217],[128.27999,35.3922],[128.28009,35.39221],[128.28058,35.39222],[128.28128,35.39221],[128.28143,35.3922],[128.28154,35.39218],[128.28159,35.39216],[128.28164,35.39213],[128.28173,35.39205],[128.28236,35.3913],[128.28241,35.39122],[128.28245,35.3911],[128.28249,35.39093],[128.2825,35.39077],[128.2825,35.39057],[128.28251,35.39049],[128.28255,35.39039],[128.28263,35.39022],[128.28286,35.38991],[128.28301,35.3897],[128.28424,35.38833],[128.28437,35.38818],[128.28451,35.38805],[128.28464,35.38795],[128.28473,35.38789],[128.28477,35.38786]]]]}},{"type":"Feature","properties":{"code":"48720360","name":"정곡면","parent":"48720"},"geometry":{"type":"MultiPolygon","coordinates":[[[[128.34667,35.41264],[128.34659,35.41122],[128.34659,35.41112],[128.34669,35.41005],[128.34672,35.40995],[128.34681,35.40982],[128.34867,35.40784],[128.35028,35.40678],[128.35091,35.4067],[128.3511,35.40666],[128.35136,35.4066],[128.35158,35.40652],[128.35188,35.4064],[128.35203,35.40633],[128.35216,35.40625],[128.35404,35.40479],[128.35413,35.40468],[128.35418,35.40459],[128.35422,35.40449],[128.35466,35.40305],[128.35325,35.39992],[128.35302,35.39745],[128.35301,35.39737],[128.35299,35.3973],[128.35294,35.39722],[128.35286,35.39713],[128.35197,35.39639],[128.35192,35.39636],[128.35177,35.39633],[128.35132,35.39628],[128.35117,35.39626],[128.35103,35.39623],[128.35086,35.39616],[128.35068,35.39605],[128.35057,35.39597],[128.35047,35.39587],[128.35036,35.3957],[128.35018,35.39532],[128.3501,35.39508],[128.35008,35.39499],[128.35008,35.3949],[128.35026,35.39358],[128.3503,35.39334],[128.35175,35.3889],[128.35402,35.38481],[128.35434,35.3811],[128.35424,35.38101],[128.35415,35.38091],[128.35407,35.38079],[128.35361,35.38003],[128.35338,35.37965],[128.35193,35.37576],[128.35153,35.37426],[128.35152,35.37409],[128.35155,35.374],[128.3516,35.37391],[128.35168,35.3738],[128.35417,35.37073],[128.35423,35.37067],[128.35426,35.37066],[128.35433,35.37064],[128.35453,35.37061],[128.35475,35.37059],[128.35702,35.36957],[128.36013,35.36697],[128.36188,35.36364],[128.36187,35.36358],[128.36189,35.3635],[128.36193,35.36337],[128.36215,35.36303],[128.3627,35.36218],[128.36276,35.36211],[128.36292,35.36198],[128.36305,35.36191],[128.36332,35.36178],[128.36348,35.36174],[128.36366,35.3617],[128.36583,35.36136],[128.36596,35.36136],[128.36994,35.35942],[128.36998,35.35929],[128.37003,35.35914],[128.3701,35.35901],[128.37016,35.35892],[128.37034,35.35875],[128.37177,35.35739],[128.37182,35.35735],[128.37635,35.35373],[128.3765,35.35363],[128.37655,35.35361],[128.37676,35.35353],[128.37698,35.3535],[128.37737,35.35348],[128.37786,35.35348],[128.37839,35.35353],[128.37882,35.35358],[128.37938,35.35367],[128.37952,35.35371],[128.37962,35.35377],[128.37969,35.35383],[128.37974,35.3539],[128.37978,35.35405],[128.37981,35.35418],[128.37986,35.35433],[128.37995,35.3545],[128.38002,35.35462],[128.38043,35.35524],[128.38049,35.35529],[128.38188,35.35598],[128.38212,35.35609],[128.38227,35.35614],[128.38249,35.35619],[128.38272,35.35619],[128.38241,35.35555],[128.38217,35.355],[128.38199,35.35446],[128.38177,35.35362],[128.38164,35.35306],[128.38164,35.35282],[128.38169,35.35252],[128.38177,35.35222],[128.38193,35.35161],[128.38202,35.35129],[128.38216,35.35098],[128.38232,35.35066],[128.3825,35.35035],[128.38273,35.35004],[128.38295,35.34974],[128.38322,35.34944],[128.38353,35.34913],[128.38385,35.34884],[128.38423,35.34856],[128.3846,35.34828],[128.38607,35.34716],[128.38753,35.34606],[128.38789,35.34578],[128.38898,35.34493],[128.38934,35.34464],[128.39003,35.3441],[128.39365,35.34112],[128.39397,35.34086],[128.39428,35.34059],[128.39458,35.34028],[128.39483,35.33998],[128.39504,35.33969],[128.39522,35.33938],[128.39535,35.33906],[128.39548,35.33871],[128.39557,35.33838],[128.39586,35.33733],[128.39608,35.33636],[128.39609,35.33611],[128.39605,35.33592],[128.39593,35.3357],[128.39573,35.33547],[128.39554,35.33532],[128.3952,35.33512],[128.39497,35.335],[128.39461,35.33484],[128.39435,35.33474],[128.39402,35.33464],[128.39342,35.33454],[128.39282,35.33447],[128.39222,35.33441],[128.39162,35.33436],[128.39103,35.33433],[128.38865,35.33424],[128.38211,35.33354],[128.38151,35.33345],[128.38092,35.33336],[128.38032,35.33327],[128.37973,35.33321],[128.37912,35.33319],[128.37852,35.3332],[128.37789,35.33323],[128.37726,35.3333],[128.37663,35.33339],[128.376,35.33349],[128.37534,35.33364],[128.37477,35.33381],[128.37474,35.33382],[128.37408,35.3341],[128.37325,35.33452],[128.3728,35.33478],[128.37235,35.33502],[128.37163,35.3353],[128.37088,35.33552],[128.37013,35.3357],[128.36935,35.33587],[128.36857,35.33604],[128.36622,35.33651],[128.36466,35.3368],[128.3631,35.33706],[128.36154,35.33732],[128.36078,35.33746],[128.36004,35.3376],[128.35849,35.3379],[128.35783,35.33804],[128.35716,35.33818],[128.3566,35.33835],[128.3565,35.33838],[128.35583,35.33858],[128.3551,35.33887],[128.35482,35.33899],[128.35433,35.33928],[128.35364,35.33975],[128.35298,35.34023],[128.35231,35.34073],[128.35181,35.34119],[128.35139,35.34157],[128.35133,35.34163],[128.35096,35.34199],[128.35058,35.3424],[128.35025,35.34278],[128.34992,35.34326],[128.3496,35.34376],[128.34931,35.34424],[128.34876,35.34519],[128.3478,35.34717],[128.34712,35.34858],[128.34628,35.3503],[128.34614,35.35058],[128.34586,35.35112],[128.34564,35.35142],[128.34295,35.35509],[128.3424,35.35581],[128.34126,35.35719],[128.34072,35.35782],[128.34041,35.35815],[128.33951,35.359],[128.33927,35.35918],[128.33905,35.35932],[128.33886,35.35941],[128.33863,35.35952],[128.33846,35.35959],[128.33453,35.36098],[128.33409,35.36114],[128.33377,35.36124],[128.33352,35.36132],[128.33321,35.36141],[128.33292,35.36147],[128.32757,35.36254],[128.32729,35.36259],[128.3267,35.36269],[128.32619,35.36275],[128.32579,35.36279],[128.32509,35.36282],[128.32427,35.36284],[128.32285,35.36286],[128.3228,35.36286],[128.31919,35.36265],[128.31814,35.36252],[128.31752,35.36239],[128.31707,35.36226],[128.31662,35.36207],[128.31621,35.36187],[128.31574,35.3616],[128.31531,35.36132],[128.31513,35.3612],[128.31494,35.36103],[128.31478,35.36114],[128.31447,35.36137],[128.31417,35.36167],[128.31403,35.36185],[128.31396,35.36198],[128.31356,35.36327],[128.31345,35.36402],[128.31343,35.36408],[128.3134,35.36414],[128.31337,35.36416],[128.31323,35.3642],[128.31266,35.36436],[128.30928,35.36489],[128.30911,35.3649],[128.30896,35.36488],[128.30805,35.36452],[128.30796,35.36447],[128.30792,35.36443],[128.30769,35.36398],[128.30748,35.36354],[128.30736,35.36333],[128.30723,35.36314],[128.3071,35.36304],[128.30697,35.36294],[128.3048,35.36162],[128.30473,35.36159],[128.30359,35.36125],[128.30352,35.36124],[128.30348,35.36123],[128.30049,35.36239],[128.2972,35.36261],[128.29437,35.36335],[128.29116,35.36664],[128.29098,35.36685],[128.29081,35.3671],[128.29076,35.36721],[128.2902,35.36893],[128.29018,35.36903],[128.29017,35.36913],[128.29017,35.36923],[128.29019,35.36931],[128.29025,35.36939],[128.29043,35.36958],[128.29057,35.36975],[128.29072,35.36997],[128.29075,35.37006],[128.291,35.3714],[128.29102,35.37156],[128.29103,35.37179],[128.29101,35.37202],[128.29095,35.37239],[128.29091,35.37261],[128.29089,35.37266],[128.29087,35.37273],[128.29085,35.37282],[128.29068,35.37325],[128.29004,35.37464],[128.28829,35.37805],[128.28825,35.37811],[128.28699,35.37945],[128.28581,35.38352],[128.28538,35.38618],[128.28477,35.38786],[128.28516,35.38801],[128.28731,35.38885],[128.2875,35.38895],[128.28763,35.38902],[128.28771,35.38909],[128.28867,35.39003],[128.28998,35.39123],[128.29004,35.39128],[128.29015,35.39136],[128.29035,35.39147],[128.29058,35.39159],[128.29078,35.39169],[128.291,35.3918],[128.29115,35.39186],[128.29126,35.39189],[128.29135,35.39191],[128.29143,35.39192],[128.29162,35.39191],[128.29172,35.3919],[128.29183,35.39186],[128.29209,35.39174],[128.29263,35.39144],[128.29302,35.39124],[128.29336,35.39108],[128.29347,35.39103],[128.29357,35.391],[128.29367,35.39099],[128.29394,35.39098],[128.29429,35.39099],[128.29465,35.39102],[128.29489,35.39108],[128.29497,35.39111],[128.29684,35.39204],[128.29689,35.3921],[128.29697,35.39224],[128.29713,35.39257],[128.29729,35.39292],[128.29746,35.3933],[128.29749,35.39353],[128.29747,35.39366],[128.29746,35.3937],[128.29738,35.39391],[128.29722,35.39435],[128.29707,35.39557],[128.29706,35.39575],[128.29708,35.39594],[128.29714,35.39618],[128.29719,35.39632],[128.29728,35.39651],[128.29754,35.39688],[128.29977,35.39981],[128.29988,35.39996],[128.30003,35.4001],[128.30012,35.40017],[128.30037,35.40029],[128.30135,35.40079],[128.30189,35.40107],[128.30211,35.40123],[128.30236,35.40142],[128.30253,35.40159],[128.30263,35.40176],[128.30267,35.40188],[128.30296,35.40276],[128.30338,35.40369],[128.30413,35.40447],[128.30486,35.40513],[128.30504,35.40524],[128.30566,35.40562],[128.30575,35.40564],[128.30582,35.40562],[128.30588,35.40558],[128.30593,35.40551],[128.30607,35.40534],[128.30621,35.40521],[128.30634,35.40511],[128.30699,35.40469],[128.30717,35.40459],[128.30842,35.40404],[128.30868,35.40393],[128.30888,35.40388],[128.30908,35.40386],[128.31029,35.40382],[128.31038,35.40382],[128.31042,35.40384],[128.31314,35.40541],[128.31337,35.40554],[128.31581,35.40719],[128.31709,35.40855],[128.31869,35.41061],[128.31877,35.41071],[128.31886,35.41081],[128.31945,35.41136],[128.3195,35.4114],[128.31956,35.41141],[128.31966,35.41142],[128.31976,35.4114],[128.31991,35.41136],[128.32012,35.41126],[128.32026,35.41117],[128.32048,35.41101],[128.32064,35.4109],[128.32078,35.41083],[128.321,35.41075],[128.32127,35.41067],[128.32159,35.41061],[128.32199,35.41054],[128.32263,35.41045],[128.3228,35.41044],[128.32284,35.41044],[128.32287,35.41045],[128.32291,35.41046],[128.32293,35.41048],[128.32298,35.41051],[128.32303,35.41055],[128.32422,35.41172],[128.32435,35.41188],[128.3244,35.41195],[128.32509,35.41433],[128.32719,35.41777],[128.32681,35.41907],[128.32667,35.41967],[128.32664,35.41985],[128.32666,35.42008],[128.32722,35.42187],[128.32728,35.42191],[128.32962,35.42269],[128.32977,35.42272],[128.3325,35.42305],[128.33265,35.42305],[128.33439,35.42264],[128.33778,35.41966],[128.33835,35.4194],[128.33878,35.4192],[128.34032,35.41837],[128.34076,35.4181],[128.34087,35.41803],[128.34089,35.41797],[128.3409,35.41783],[128.34094,35.41713],[128.34094,35.41663],[128.34094,35.41619],[128.341,35.41581],[128.3414,35.41489],[128.34219,35.41315],[128.3423,35.41293],[128.34244,35.41271],[128.34256,35.41261],[128.34266,35.41255],[128.34279,35.41253],[128.34567,35.41254],[128.34587,35.41256],[128.34667,35.41264]]]]}},{"type":"Feature","properties":{"code":"48720370","name":"지정면","parent":"48720"},"geometry":{"type":"MultiPolygon","coordinates":[[[[128.43652,35.3924],[128.43642,35.39243],[128.43631,35.39245],[128.43605,35.39246],[128.43572,35.39246],[128.43527,35.39243],[128.4348,35.39236],[128.43439,35.39227],[128.43405,35.3922],[128.43351,35.39204],[128.43304,35.39189],[128.43267,35.39175],[128.43204,35.39148],[128.43161,35.39127],[128.43106,35.39096],[128.43075,35.39077],[128.43029,35.39044],[128.42951,35.38982],[128.42912,35.38949],[128.42884,35.38924],[128.42835,35.38877],[128.42799,35.3884],[128.42418,35.38401],[128.42338,35.38301],[128.42279,35.38225],[128.42239,35.38171],[128.42023,35.37874],[128.42015,35.37854],[128.42012,35.37843],[128.4201,35.3782],[128.42012,35.37805],[128.42039,35.37712],[128.42061,35.37647],[128.4209,35.37569],[128.42121,35.37505],[128.42155,35.37445],[128.42192,35.37391],[128.42226,35.37345],[128.42254,35.3731],[128.42279,35.3728],[128.42297,35.37263],[128.42385,35.37174],[128.42408,35.3715],[128.42423,35.37135],[128.42604,35.36944],[128.42631,35.36915],[128.42661,35.36879],[128.42693,35.36842],[128.4277,35.36748],[128.42793,35.36718],[128.42809,35.36695],[128.42823,35.36673],[128.42832,35.36658],[128.42835,35.36644],[128.42839,35.36627],[128.42838,35.36611],[128.42835,35.36598],[128.42829,35.36566],[128.42823,35.36547],[128.42816,35.36526],[128.42804,35.36505],[128.4279,35.36481],[128.42777,35.36467],[128.42761,35.36452],[128.42748,35.36441],[128.42734,35.36431],[128.42713,35.36419],[128.42627,35.36374],[128.42556,35.3634],[128.42338,35.36265],[128.42245,35.36243],[128.42081,35.36237],[128.42042,35.36237],[128.42,35.36243],[128.41935,35.36252],[128.41812,35.36277],[128.4177,35.36284],[128.41746,35.36284],[128.41696,35.36276],[128.41642,35.36267],[128.41616,35.36255],[128.41592,35.36238],[128.41572,35.36219],[128.41554,35.36194],[128.41547,35.36182],[128.41534,35.36158],[128.41496,35.36082],[128.41463,35.36],[128.41442,35.3594],[128.41425,35.35878],[128.41416,35.35859],[128.41401,35.35847],[128.41384,35.35837],[128.41378,35.35837],[128.41365,35.35836],[128.41318,35.35841],[128.4124,35.35859],[128.41134,35.3589],[128.40889,35.3597],[128.40837,35.3599],[128.40764,35.36019],[128.40674,35.36048],[128.40611,35.36061],[128.40529,35.36072],[128.4045,35.36077],[128.40373,35.36081],[128.40284,35.36082],[128.40206,35.36083],[128.39197,35.36029],[128.39124,35.36023],[128.39075,35.36019],[128.38979,35.36006],[128.38725,35.35968],[128.38705,35.35965],[128.3856,35.3592],[128.38537,35.35909],[128.38512,35.35895],[128.38474,35.35866],[128.38425,35.35817],[128.38385,35.35775],[128.38346,35.35725],[128.38272,35.35619],[128.38249,35.35619],[128.38227,35.35614],[128.38212,35.35609],[128.38188,35.35598],[128.38049,35.35529],[128.38043,35.35524],[128.38002,35.35462],[128.37995,35.3545],[128.37986,35.35433],[128.37981,35.35418],[128.37978,35.35405],[128.37974,35.3539],[128.37969,35.35383],[128.37962,35.35377],[128.37952,35.35371],[128.37938,35.35367],[128.37882,35.35358],[128.37839,35.35353],[128.37786,35.35348],[128.37737,35.35348],[128.37698,35.3535],[128.37676,35.35353],[128.37655,35.35361],[128.3765,35.35363],[128.37635,35.35373],[128.37182,35.35735],[128.37177,35.35739],[128.37034,35.35875],[128.37016,35.35892],[128.3701,35.35901],[128.37003,35.35914],[128.36998,35.35929],[128.36994,35.35942],[128.36596,35.36136],[128.36583,35.36136],[128.36366,35.3617],[128.36348,35.36174],[128.36332,35.36178],[128.36305,35.36191],[128.36292,35.36198],[128.36276,35.36211],[128.3627,35.36218],[128.36215,35.36303],[128.36193,35.36337],[128.36189,35.3635],[128.36187,35.36358],[128.36188,35.36364],[128.36013,35.36697],[128.35702,35.36957],[128.35475,35.37059],[128.35453,35.37061],[128.35433,35.37064],[128.35426,35.37066],[128.35423,35.37067],[128.35417,35.37073],[128.35168,35.3738],[128.3516,35.37391],[128.35155,35.374],[128.35152,35.37409],[128.35153,35.37426],[128.35193,35.37576],[128.35338,35.37965],[128.35361,35.38003],[128.35407,35.38079],[128.35415,35.38091],[128.35424,35.38101],[128.35434,35.3811],[128.35402,35.38481],[128.35175,35.3889],[128.3503,35.39334],[128.35026,35.39358],[128.35008,35.3949],[128.35008,35.39499],[128.3501,35.39508],[128.35018,35.39532],[128.35036,35.3957],[128.35047,35.39587],[128.35057,35.39597],[128.35068,35.39605],[128.35086,35.39616],[128.35103,35.39623],[128.35117,35.39626],[128.35132,35.39628],[128.35177,35.39633],[128.35192,35.39636],[128.35197,35.39639],[128.35286,35.39713],[128.35294,35.39722],[128.35299,35.3973],[128.35301,35.39737],[128.35302,35.39745],[128.35325,35.39992],[128.35466,35.40305],[128.35422,35.40449],[128.35418,35.40459],[128.35413,35.40468],[128.35404,35.40479],[128.35216,35.40625],[128.35203,35.40633],[128.35188,35.4064],[128.35158,35.40652],[128.35136,35.4066],[128.3511,35.40666],[128.35091,35.4067],[128.35028,35.40678],[128.34867,35.40784],[128.34681,35.40982],[128.34672,35.40995],[128.34669,35.41005],[128.34659,35.41112],[128.34659,35.41122],[128.34667,35.41264],[128.34735,35.41363],[128.34752,35.41384],[128.3478,35.4141],[128.34903,35.41515],[128.34907,35.41517],[128.34913,35.41518],[128.35097,35.41557],[128.35355,35.41738],[128.35407,35.41781],[128.35501,35.41776],[128.3588,35.41745],[128.359,35.41732],[128.36003,35.41675],[128.36015,35.41669],[128.36028,35.41664],[128.36216,35.41601],[128.36229,35.41598],[128.36255,35.416],[128.36278,35.41605],[128.36494,35.41656],[128.36498,35.41658],[128.365,35.41662],[128.365,35.41671],[128.3661,35.42004],[128.36711,35.42134],[128.36921,35.42424],[128.36927,35.42435],[128.3693,35.42444],[128.36932,35.42456],[128.36934,35.42477],[128.36933,35.42497],[128.36931,35.4252],[128.36934,35.42575],[128.36937,35.42587],[128.36942,35.42597],[128.36947,35.42605],[128.37109,35.42843],[128.37153,35.42897],[128.37171,35.42918],[128.37188,35.42937],[128.37214,35.42966],[128.37226,35.42974],[128.37238,35.42979],[128.37247,35.42982],[128.37266,35.42985],[128.3728,35.42987],[128.37291,35.42991],[128.37302,35.42996],[128.37335,35.43017],[128.37452,35.4311],[128.37469,35.43128],[128.37536,35.43418],[128.37554,35.43719],[128.37551,35.43754],[128.3755,35.43786],[128.37562,35.43919],[128.37566,35.43948],[128.37578,35.43971],[128.37622,35.44038],[128.37643,35.44],[128.37664,35.43963],[128.37705,35.43903],[128.38516,35.42806],[128.3853,35.42788],[128.38571,35.42746],[128.38634,35.42697],[128.38781,35.42598],[128.38835,35.42566],[128.38911,35.42521],[128.39192,35.42361],[128.39271,35.42322],[128.39334,35.42292],[128.39484,35.42227],[128.39618,35.42176],[128.39779,35.42131],[128.40514,35.41951],[128.40642,35.41924],[128.40724,35.41907],[128.40827,35.41888],[128.4115,35.41868],[128.41472,35.41847],[128.41781,35.41823],[128.41945,35.41801],[128.42041,35.41775],[128.42155,35.41732],[128.42279,35.41686],[128.42311,35.41664],[128.42344,35.41641],[128.42374,35.41618],[128.42487,35.41528],[128.42564,35.41442],[128.42593,35.41409],[128.4263,35.41364],[128.4266,35.41321],[128.42676,35.41294],[128.42739,35.41186],[128.42798,35.41082],[128.42933,35.4083],[128.43042,35.40596],[128.43081,35.40507],[128.43094,35.40471],[128.43103,35.4042],[128.43105,35.40395],[128.43108,35.40372],[128.43113,35.40345],[128.43121,35.40325],[128.43201,35.40159],[128.43286,35.39981],[128.43335,35.39881],[128.43626,35.39276],[128.43652,35.3924]]]]}},{"type":"Feature","properties":{"code":"48720380","name":"낙서면","parent":"48720"},"geometry":{"type":"MultiPolygon","coordinates":[[[[128.37392,35.51835],[128.37355,35.51805],[128.37512,35.51699],[128.37788,35.51518],[128.37851,35.51477],[128.3793,35.51429],[128.38004,35.51389],[128.38295,35.51239],[128.38358,35.51209],[128.38362,35.51207],[128.38403,35.51187],[128.38566,35.51113],[128.38571,35.51111],[128.39268,35.50798],[128.39779,35.50569],[128.40227,35.50288],[128.40585,35.50116],[128.40887,35.49986],[128.41043,35.49918],[128.41191,35.49862],[128.41326,35.49815],[128.41342,35.4981],[128.414,35.49794],[128.41459,35.49778],[128.4151,35.49763],[128.41638,35.49709],[128.41652,35.49704],[128.41745,35.49655],[128.41774,35.49639],[128.41798,35.49625],[128.41829,35.49605],[128.41952,35.49519],[128.42119,35.49403],[128.42152,35.49376],[128.4221,35.4933],[128.42382,35.49191],[128.42413,35.4916],[128.42458,35.49084],[128.42494,35.49019],[128.42591,35.48837],[128.42619,35.48742],[128.4263,35.48684],[128.42636,35.4865],[128.42631,35.48578],[128.42626,35.48511],[128.42623,35.48475],[128.42615,35.48413],[128.42595,35.48332],[128.4258,35.48288],[128.42564,35.48247],[128.42502,35.48129],[128.42417,35.48004],[128.42386,35.47959],[128.42374,35.47941],[128.42228,35.47728],[128.42212,35.47706],[128.42131,35.47621],[128.41979,35.47488],[128.41743,35.47294],[128.41624,35.47199],[128.41549,35.4714],[128.41494,35.47099],[128.41384,35.4702],[128.41257,35.46938],[128.41117,35.46859],[128.40969,35.46786],[128.40913,35.46761],[128.40831,35.46725],[128.4038,35.46554],[128.39657,35.46285],[128.3939,35.46186],[128.39163,35.46111],[128.38701,35.46011],[128.38229,35.45913],[128.38102,35.45894],[128.38032,35.45882],[128.37959,35.4586],[128.379,35.45837],[128.37848,35.45811],[128.37756,35.45747],[128.37722,35.45721],[128.37684,35.45678],[128.37666,35.4565],[128.3763,35.45573],[128.37607,35.45518],[128.3757,35.45399],[128.37527,35.45206],[128.37474,35.45211],[128.37418,35.45214],[128.37322,35.45211],[128.37266,35.45207],[128.37202,35.45203],[128.37153,35.45198],[128.36823,35.45345],[128.36823,35.45347],[128.36802,35.45414],[128.36746,35.45542],[128.36743,35.45546],[128.3674,35.45549],[128.36614,35.45643],[128.36465,35.45794],[128.36464,35.45796],[128.36462,35.45801],[128.36357,35.4623],[128.36418,35.46445],[128.36659,35.46821],[128.36634,35.46914],[128.36632,35.46923],[128.36617,35.46995],[128.36617,35.47],[128.36763,35.47241],[128.36984,35.47724],[128.36986,35.47729],[128.36989,35.47733],[128.36993,35.47738],[128.37058,35.47811],[128.37062,35.47815],[128.37068,35.4782],[128.3708,35.47828],[128.37093,35.47835],[128.37103,35.4784],[128.37113,35.47845],[128.37118,35.4785],[128.37121,35.47855],[128.3714,35.47938],[128.37139,35.47944],[128.36965,35.48383],[128.36918,35.4847],[128.36893,35.48511],[128.36843,35.48575],[128.36838,35.48581],[128.36828,35.48585],[128.36808,35.4859],[128.3677,35.48604],[128.36743,35.48616],[128.36686,35.48648],[128.36677,35.48656],[128.36674,35.48664],[128.3674,35.48989],[128.36745,35.48999],[128.36759,35.49009],[128.36816,35.49043],[128.36856,35.49073],[128.36872,35.4909],[128.36878,35.49104],[128.36881,35.49135],[128.36878,35.4917],[128.36865,35.49255],[128.36863,35.49262],[128.36843,35.49281],[128.36792,35.49309],[128.36717,35.49353],[128.36705,35.49361],[128.36703,35.49365],[128.36702,35.49371],[128.36663,35.4965],[128.36495,35.50027],[128.36502,35.50025],[128.36511,35.50023],[128.36536,35.50018],[128.36567,35.50014],[128.36605,35.50014],[128.36639,35.50016],[128.36668,35.5002],[128.36685,35.50025],[128.36715,35.50032],[128.37151,35.50179],[128.37169,35.50186],[128.37187,35.50195],[128.37209,35.50207],[128.37231,35.50222],[128.37254,35.50244],[128.3728,35.50276],[128.37322,35.50351],[128.37328,35.50369],[128.37332,35.50386],[128.37334,35.50415],[128.37335,35.50459],[128.37322,35.50577],[128.37319,35.50592],[128.37313,35.50619],[128.37302,35.50647],[128.37293,35.5067],[128.3728,35.50692],[128.37262,35.50723],[128.3723,35.50775],[128.37183,35.50838],[128.37121,35.509],[128.37079,35.50942],[128.37033,35.5098],[128.37002,35.51026],[128.36988,35.51061],[128.36964,35.51125],[128.36958,35.51167],[128.36938,35.51322],[128.36934,35.51371],[128.36932,35.51405],[128.36937,35.51448],[128.36946,35.51473],[128.36948,35.51477],[128.3696,35.51499],[128.37122,35.5172],[128.37224,35.51896],[128.37392,35.51835]]]]}},{"type":"Feature","properties":{"code":"48720390","name":"부림면","parent":"48720"},"geometry":{"type":"MultiPolygon","coordinates":[[[[128.36495,35.50027],[128.36663,35.4965],[128.36702,35.49371],[128.36703,35.49365],[128.36705,35.49361],[128.36717,35.49353],[128.36792,35.49309],[128.36843,35.49281],[128.36863,35.49262],[128.36865,35.49255],[128.36878,35.4917],[128.36881,35.49135],[128.36878,35.49104],[128.36872,35.4909],[128.36856,35.49073],[128.36816,35.49043],[128.36759,35.49009],[128.36745,35.48999],[128.3674,35.48989],[128.36674,35.48664],[128.36677,35.48656],[128.36686,35.48648],[128.36743,35.48616],[128.3677,35.48604],[128.36808,35.4859],[128.36828,35.48585],[128.36838,35.48581],[128.36843,35.48575],[128.36893,35.48511],[128.36918,35.4847],[128.36965,35.48383],[128.37139,35.47944],[128.3714,35.47938],[128.37121,35.47855],[128.37118,35.4785],[128.37113,35.47845],[128.37103,35.4784],[128.37093,35.47835],[128.3708,35.47828],[128.37068,35.4782],[128.37062,35.47815],[128.37058,35.47811],[128.36993,35.47738],[128.36989,35.47733],[128.36986,35.47729],[128.36984,35.47724],[128.36763,35.47241],[128.36617,35.47],[128.36617,35.46995],[128.36632,35.46923],[128.36634,35.46914],[128.36659,35.46821],[128.36418,35.46445],[128.36357,35.4623],[128.36462,35.45801],[128.36464,35.45796],[128.36465,35.45794],[128.36614,35.45643],[128.3674,35.45549],[128.36743,35.45546],[128.36746,35.45542],[128.36802,35.45414],[128.36823,35.45347],[128.36823,35.45345],[128.37153,35.45198],[128.37202,35.45203],[128.37266,35.45207],[128.37322,35.45211],[128.37418,35.45214],[128.37474,35.45211],[128.37527,35.45206],[128.3752,35.45185],[128.3749,35.45069],[128.3748,35.45015],[128.3746,35.44886],[128.37449,35.44794],[128.37441,35.4473],[128.3744,35.44577],[128.37448,35.44512],[128.37462,35.44464],[128.37475,35.44423],[128.37522,35.44283],[128.3755,35.44203],[128.37565,35.44159],[128.37622,35.44038],[128.37578,35.43971],[128.37566,35.43948],[128.37562,35.43919],[128.3755,35.43786],[128.37551,35.43754],[128.37554,35.43719],[128.37536,35.43418],[128.37469,35.43128],[128.37452,35.4311],[128.37335,35.43017],[128.37302,35.42996],[128.37291,35.42991],[128.3728,35.42987],[128.37266,35.42985],[128.37247,35.42982],[128.37238,35.42979],[128.37226,35.42974],[128.37214,35.42966],[128.37188,35.42937],[128.37171,35.42918],[128.37153,35.42897],[128.37109,35.42843],[128.36947,35.42605],[128.36942,35.42597],[128.36937,35.42587],[128.36934,35.42575],[128.36931,35.4252],[128.36933,35.42497],[128.36934,35.42477],[128.36932,35.42456],[128.3693,35.42444],[128.36927,35.42435],[128.36921,35.42424],[128.36711,35.42134],[128.3661,35.42004],[128.365,35.41671],[128.365,35.41662],[128.36498,35.41658],[128.36494,35.41656],[128.36278,35.41605],[128.36255,35.416],[128.36229,35.41598],[128.36216,35.41601],[128.36028,35.41664],[128.36015,35.41669],[128.36003,35.41675],[128.359,35.41732],[128.3588,35.41745],[128.35501,35.41776],[128.35407,35.41781],[128.35422,35.41844],[128.35383,35.42213],[128.35371,35.42291],[128.35513,35.42524],[128.35607,35.42582],[128.35641,35.42603],[128.35656,35.42615],[128.35728,35.42687],[128.35751,35.4271],[128.35852,35.42906],[128.35864,35.42929],[128.35872,35.42949],[128.35875,35.42965],[128.35876,35.42985],[128.35876,35.4307],[128.35875,35.43073],[128.3587,35.43079],[128.35848,35.43085],[128.35794,35.43099],[128.35717,35.43119],[128.35673,35.43136],[128.35643,35.43153],[128.35623,35.43169],[128.35573,35.43218],[128.35547,35.43251],[128.35526,35.43278],[128.3546,35.43526],[128.35438,35.43693],[128.35363,35.44171],[128.35302,35.44524],[128.35072,35.44494],[128.3505,35.4446],[128.35044,35.44452],[128.3504,35.44448],[128.35028,35.44436],[128.35005,35.44417],[128.34993,35.44409],[128.34978,35.44401],[128.3497,35.44398],[128.34961,35.44396],[128.34956,35.44396],[128.34901,35.44406],[128.34862,35.44424],[128.34789,35.44479],[128.3478,35.44486],[128.34718,35.44538],[128.34697,35.4456],[128.34671,35.44588],[128.34664,35.446],[128.34656,35.44622],[128.3465,35.4465],[128.34646,35.44678],[128.3457,35.44824],[128.34427,35.44981],[128.34242,35.44892],[128.33986,35.44729],[128.33363,35.44471],[128.33105,35.44494],[128.3263,35.44617],[128.32622,35.4462],[128.32611,35.44629],[128.32409,35.4481],[128.32399,35.4482],[128.3239,35.44832],[128.32383,35.44844],[128.32377,35.44864],[128.3237,35.44884],[128.32366,35.4489],[128.32363,35.44894],[128.32359,35.44896],[128.32348,35.44898],[128.31821,35.44906],[128.3181,35.44905],[128.31791,35.44901],[128.31775,35.44891],[128.3177,35.44887],[128.31764,35.44881],[128.31752,35.44875],[128.31745,35.44871],[128.31738,35.44869],[128.31723,35.44866],[128.31691,35.44863],[128.31655,35.44863],[128.31633,35.44864],[128.31626,35.44866],[128.3162,35.44868],[128.31605,35.44876],[128.31602,35.44878],[128.31594,35.44883],[128.31589,35.44888],[128.31582,35.44899],[128.31508,35.45052],[128.31569,35.45305],[128.31441,35.45642],[128.31263,35.45945],[128.31214,35.46523],[128.3133,35.46881],[128.31349,35.46908],[128.31387,35.46963],[128.31391,35.46971],[128.31419,35.47068],[128.3142,35.47072],[128.31421,35.4708],[128.31422,35.47096],[128.31419,35.47105],[128.31175,35.47804],[128.31148,35.47859],[128.31104,35.47938],[128.31101,35.47942],[128.31074,35.47958],[128.3105,35.47973],[128.31045,35.47979],[128.30999,35.48038],[128.30994,35.48045],[128.30991,35.48054],[128.30973,35.48239],[128.30972,35.48255],[128.30973,35.48266],[128.30975,35.48276],[128.31014,35.48324],[128.31022,35.4833],[128.31094,35.48367],[128.31103,35.48371],[128.31118,35.48375],[128.31138,35.48381],[128.31145,35.48385],[128.31153,35.48388],[128.31165,35.48397],[128.31171,35.48406],[128.3118,35.48423],[128.31184,35.48441],[128.31181,35.48458],[128.31161,35.4854],[128.31153,35.48562],[128.31145,35.4858],[128.30973,35.48871],[128.30945,35.48915],[128.30894,35.49036],[128.30891,35.49042],[128.30889,35.49058],[128.30885,35.49184],[128.30899,35.4925],[128.30903,35.49258],[128.30909,35.49269],[128.30913,35.49278],[128.30921,35.49328],[128.30925,35.49359],[128.30929,35.49393],[128.30928,35.49419],[128.30921,35.49462],[128.30918,35.49473],[128.30893,35.49524],[128.30885,35.49534],[128.30867,35.4955],[128.30841,35.49571],[128.30811,35.49592],[128.30789,35.49605],[128.30766,35.49621],[128.30669,35.49708],[128.30664,35.49714],[128.30654,35.49733],[128.30649,35.49743],[128.30648,35.4975],[128.30647,35.49762],[128.30647,35.49772],[128.30654,35.49783],[128.30666,35.49795],[128.30679,35.49808],[128.30694,35.49825],[128.307,35.49837],[128.30701,35.49845],[128.30701,35.49857],[128.30695,35.49873],[128.30658,35.49937],[128.3065,35.4995],[128.30638,35.49965],[128.30622,35.49981],[128.30612,35.49991],[128.30602,35.49996],[128.30331,35.50144],[128.3031,35.50155],[128.30281,35.50169],[128.30267,35.50175],[128.30254,35.5018],[128.30247,35.50182],[128.30235,35.50183],[128.30224,35.50184],[128.30212,35.50183],[128.30204,35.50181],[128.30199,35.50179],[128.30195,35.50177],[128.30191,35.50173],[128.3019,35.50169],[128.30191,35.50162],[128.30201,35.50145],[128.3021,35.50132],[128.30244,35.49968],[128.30247,35.49955],[128.30249,35.49923],[128.30249,35.49911],[128.30233,35.49835],[128.30231,35.49828],[128.30226,35.49818],[128.30224,35.49815],[128.30214,35.49806],[128.30074,35.49698],[128.30049,35.4968],[128.30041,35.49676],[128.29967,35.49631],[128.29948,35.49621],[128.29928,35.49614],[128.29919,35.49611],[128.29799,35.49587],[128.29311,35.49292],[128.29303,35.49287],[128.29295,35.49285],[128.29184,35.49283],[128.29135,35.49283],[128.29099,35.49285],[128.29091,35.49287],[128.2907,35.49291],[128.29024,35.49307],[128.28938,35.49332],[128.28914,35.49338],[128.28896,35.4934],[128.2887,35.49339],[128.28852,35.49338],[128.28839,35.49333],[128.28827,35.49326],[128.28563,35.49144],[128.28244,35.48981],[128.28227,35.48972],[128.28217,35.4897],[128.28198,35.48971],[128.2817,35.48974],[128.28127,35.48979],[128.28102,35.48984],[128.28083,35.4899],[128.28028,35.49022],[128.27764,35.4918],[128.27049,35.49396],[128.2704,35.49407],[128.26974,35.49457],[128.26794,35.49581],[128.2678,35.49584],[128.26564,35.49644],[128.26212,35.49715],[128.26189,35.49718],[128.26195,35.49778],[128.26173,35.50041],[128.26099,35.50176],[128.2616,35.50303],[128.26231,35.50431],[128.26395,35.50617],[128.26487,35.50702],[128.2651,35.50724],[128.26524,35.50739],[128.26539,35.50761],[128.26626,35.50944],[128.26636,35.50952],[128.26664,35.50968],[128.26856,35.51069],[128.269,35.51092],[128.26918,35.511],[128.26926,35.511],[128.26938,35.51092],[128.26962,35.51075],[128.26988,35.51061],[128.27014,35.51048],[128.27036,35.5104],[128.27056,35.51034],[128.2708,35.51028],[128.27104,35.51024],[128.27433,35.50982],[128.27453,35.5098],[128.27471,35.50978],[128.27621,35.50978],[128.27632,35.50978],[128.27639,35.50979],[128.28216,35.51053],[128.2858,35.51112],[128.28868,35.51189],[128.28976,35.51225],[128.29002,35.51237],[128.29014,35.51243],[128.29017,35.51249],[128.29162,35.51625],[128.29286,35.5173],[128.29356,35.51727],[128.2945,35.51726],[128.29467,35.51725],[128.29551,35.51703],[128.29583,35.51695],[128.29709,35.51653],[128.29904,35.51587],[128.30122,35.51373],[128.30414,35.51349],[128.3056,35.51513],[128.30774,35.5169],[128.30786,35.51698],[128.30801,35.51701],[128.31221,35.51672],[128.31337,35.51637],[128.31546,35.51558],[128.31563,35.51547],[128.31585,35.51527],[128.31595,35.51513],[128.31716,35.51327],[128.31725,35.51308],[128.31731,35.51292],[128.31733,35.51255],[128.31732,35.5124],[128.31729,35.51222],[128.31728,35.51206],[128.31732,35.51187],[128.31739,35.51171],[128.31752,35.51158],[128.31766,35.51146],[128.3178,35.51133],[128.31813,35.51107],[128.32111,35.50883],[128.32137,35.50866],[128.32159,35.50854],[128.32188,35.5084],[128.32209,35.50831],[128.3225,35.50818],[128.32267,35.50814],[128.3228,35.50811],[128.32597,35.50784],[128.32994,35.50752],[128.33015,35.50752],[128.3304,35.50754],[128.33075,35.50762],[128.33426,35.50877],[128.33797,35.50965],[128.33821,35.50966],[128.33847,35.50964],[128.33863,35.50961],[128.33899,35.50952],[128.33912,35.50944],[128.3392,35.50935],[128.33929,35.50915],[128.33936,35.50893],[128.33945,35.50866],[128.33949,35.5085],[128.33958,35.50816],[128.33966,35.5078],[128.33967,35.50747],[128.3397,35.50717],[128.33973,35.50687],[128.33979,35.50681],[128.34064,35.50617],[128.34079,35.50605],[128.34104,35.50592],[128.34123,35.50583],[128.3413,35.5058],[128.34153,35.5057],[128.34316,35.50508],[128.34593,35.50219],[128.34618,35.50121],[128.34633,35.50078],[128.34652,35.50036],[128.34657,35.50031],[128.34691,35.49999],[128.34703,35.49991],[128.34713,35.49985],[128.34836,35.49929],[128.34878,35.49919],[128.3498,35.49896],[128.35063,35.49878],[128.35264,35.49834],[128.35295,35.49948],[128.35296,35.49976],[128.35293,35.50006],[128.35293,35.5002],[128.35297,35.50037],[128.35325,35.5011],[128.35336,35.50135],[128.3535,35.5015],[128.35377,35.50168],[128.35428,35.50194],[128.35552,35.5024],[128.35603,35.50257],[128.35643,35.50267],[128.35658,35.50269],[128.35892,35.50309],[128.35922,35.50313],[128.35954,35.50312],[128.35987,35.50309],[128.36012,35.50306],[128.36022,35.50304],[128.36039,35.50296],[128.36103,35.50266],[128.36123,35.50254],[128.36225,35.50186],[128.36278,35.50152],[128.36394,35.50079],[128.36452,35.50045],[128.36488,35.50029],[128.36495,35.50027]]]]}},{"type":"Feature","properties":{"code":"48720400","name":"봉수면","parent":"48720"},"geometry":{"type":"MultiPolygon","coordinates":[[[[128.31508,35.45052],[128.31502,35.45056],[128.3149,35.45059],[128.31352,35.45088],[128.31345,35.45089],[128.31336,35.45088],[128.31322,35.45087],[128.31316,35.45086],[128.31186,35.45062],[128.31141,35.45053],[128.31103,35.45044],[128.31094,35.4504],[128.3109,35.45038],[128.31083,35.45034],[128.31079,35.4503],[128.31075,35.45023],[128.31071,35.45015],[128.31063,35.45],[128.31059,35.44995],[128.31051,35.44988],[128.31047,35.44985],[128.31033,35.44977],[128.3103,35.44976],[128.31016,35.44972],[128.31008,35.4497],[128.31001,35.44969],[128.30979,35.44969],[128.30949,35.4497],[128.30943,35.44971],[128.30858,35.44979],[128.30847,35.4498],[128.30832,35.44983],[128.30803,35.44989],[128.30267,35.4511],[128.29494,35.45371],[128.2943,35.45401],[128.29419,35.4541],[128.29413,35.45417],[128.29408,35.45427],[128.29405,35.45436],[128.29403,35.45504],[128.29403,35.45533],[128.29406,35.45551],[128.2941,35.45566],[128.29428,35.45604],[128.29429,35.45609],[128.29428,35.45615],[128.29395,35.45686],[128.29386,35.45696],[128.29383,35.45698],[128.2937,35.45707],[128.29277,35.45762],[128.2927,35.45764],[128.28577,35.46003],[128.28563,35.46008],[128.28552,35.46009],[128.28485,35.46007],[128.28459,35.46018],[128.28442,35.46024],[128.28422,35.46027],[128.28409,35.46028],[128.28384,35.46027],[128.28228,35.46008],[128.28108,35.4596],[128.27876,35.45863],[128.27842,35.4584],[128.27805,35.4582],[128.278,35.45818],[128.27792,35.45819],[128.27777,35.45821],[128.27713,35.45832],[128.27411,35.45839],[128.27251,35.45835],[128.27264,35.45972],[128.27263,35.45981],[128.27261,35.45987],[128.27256,35.45996],[128.27099,35.4617],[128.27097,35.46173],[128.2709,35.46177],[128.27075,35.46181],[128.27041,35.46189],[128.26821,35.46228],[128.26772,35.46229],[128.2638,35.46416],[128.26301,35.46475],[128.26276,35.46496],[128.26251,35.46525],[128.26233,35.46546],[128.26183,35.46611],[128.26179,35.46615],[128.26173,35.46618],[128.25844,35.46739],[128.2583,35.4674],[128.25784,35.4674],[128.25712,35.46733],[128.257,35.46731],[128.25681,35.46721],[128.25357,35.46729],[128.25129,35.46928],[128.24939,35.47012],[128.24899,35.47034],[128.2489,35.47038],[128.24883,35.47038],[128.24628,35.47016],[128.24608,35.47014],[128.2459,35.47009],[128.2457,35.46998],[128.24355,35.46861],[128.24117,35.46696],[128.24093,35.46678],[128.23897,35.46539],[128.23894,35.46537],[128.23881,35.46535],[128.2373,35.46523],[128.23721,35.46526],[128.2359,35.46573],[128.23354,35.46643],[128.23343,35.46645],[128.23336,35.46642],[128.23256,35.46597],[128.22864,35.46454],[128.22735,35.4642],[128.226,35.46388],[128.2243,35.46334],[128.22391,35.46312],[128.22281,35.46232],[128.22169,35.46139],[128.2216,35.46131],[128.22102,35.46098],[128.22089,35.46097],[128.21727,35.46117],[128.21709,35.46119],[128.21694,35.46123],[128.21659,35.46137],[128.21666,35.46148],[128.21678,35.46215],[128.21677,35.46262],[128.21671,35.46285],[128.21625,35.46369],[128.21611,35.46384],[128.21514,35.46477],[128.21507,35.46482],[128.21049,35.46727],[128.21024,35.46737],[128.20631,35.46913],[128.20631,35.46948],[128.20622,35.46975],[128.20585,35.47039],[128.20571,35.4706],[128.20384,35.4724],[128.20195,35.47403],[128.2009,35.47484],[128.2007,35.47505],[128.20058,35.47522],[128.20044,35.4757],[128.20036,35.47606],[128.20132,35.47757],[128.2063,35.47762],[128.20745,35.47898],[128.20846,35.48182],[128.20945,35.48292],[128.21126,35.48379],[128.21436,35.48467],[128.21761,35.48533],[128.22034,35.4859],[128.22071,35.48597],[128.22481,35.48851],[128.22651,35.48975],[128.22711,35.49057],[128.22835,35.49105],[128.23048,35.4905],[128.23048,35.48896],[128.23314,35.49055],[128.23683,35.49282],[128.23987,35.49389],[128.2426,35.49425],[128.24679,35.49442],[128.24792,35.49356],[128.24905,35.49316],[128.24917,35.49312],[128.25499,35.49373],[128.25698,35.49537],[128.25925,35.4963],[128.26078,35.49657],[128.26189,35.49718],[128.26212,35.49715],[128.26564,35.49644],[128.2678,35.49584],[128.26794,35.49581],[128.26974,35.49457],[128.2704,35.49407],[128.27049,35.49396],[128.27764,35.4918],[128.28028,35.49022],[128.28083,35.4899],[128.28102,35.48984],[128.28127,35.48979],[128.2817,35.48974],[128.28198,35.48971],[128.28217,35.4897],[128.28227,35.48972],[128.28244,35.48981],[128.28563,35.49144],[128.28827,35.49326],[128.28839,35.49333],[128.28852,35.49338],[128.2887,35.49339],[128.28896,35.4934],[128.28914,35.49338],[128.28938,35.49332],[128.29024,35.49307],[128.2907,35.49291],[128.29091,35.49287],[128.29099,35.49285],[128.29135,35.49283],[128.29184,35.49283],[128.29295,35.49285],[128.29303,35.49287],[128.29311,35.49292],[128.29799,35.49587],[128.29919,35.49611],[128.29928,35.49614],[128.29948,35.49621],[128.29967,35.49631],[128.30041,35.49676],[128.30049,35.4968],[128.30074,35.49698],[128.30214,35.49806],[128.30224,35.49815],[128.30226,35.49818],[128.30231,35.49828],[128.30233,35.49835],[128.30249,35.49911],[128.30249,35.49923],[128.30247,35.49955],[128.30244,35.49968],[128.3021,35.50132],[128.30201,35.50145],[128.30191,35.50162],[128.3019,35.50169],[128.30191,35.50173],[128.30195,35.50177],[128.30199,35.50179],[128.30204,35.50181],[128.30212,35.50183],[128.30224,35.50184],[128.30235,35.50183],[128.30247,35.50182],[128.30254,35.5018],[128.30267,35.50175],[128.30281,35.50169],[128.3031,35.50155],[128.30331,35.50144],[128.30602,35.49996],[128.30612,35.49991],[128.30622,35.49981],[128.30638,35.49965],[128.3065,35.4995],[128.30658,35.49937],[128.30695,35.49873],[128.30701,35.49857],[128.30701,35.49845],[128.307,35.49837],[128.30694,35.49825],[128.30679,35.49808],[128.30666,35.49795],[128.30654,35.49783],[128.30647,35.49772],[128.30647,35.49762],[128.30648,35.4975],[128.30649,35.49743],[128.30654,35.49733],[128.30664,35.49714],[128.30669,35.49708],[128.30766,35.49621],[128.30789,35.49605],[128.30811,35.49592],[128.30841,35.49571],[128.30867,35.4955],[128.30885,35.49534],[128.30893,35.49524],[128.30918,35.49473],[128.30921,35.49462],[128.30928,35.49419],[128.30929,35.49393],[128.30925,35.49359],[128.30921,35.49328],[128.30913,35.49278],[128.30909,35.49269],[128.30903,35.49258],[128.30899,35.4925],[128.30885,35.49184],[128.30889,35.49058],[128.30891,35.49042],[128.30894,35.49036],[128.30945,35.48915],[128.30973,35.48871],[128.31145,35.4858],[128.31153,35.48562],[128.31161,35.4854],[128.31181,35.48458],[128.31184,35.48441],[128.3118,35.48423],[128.31171,35.48406],[128.31165,35.48397],[128.31153,35.48388],[128.31145,35.48385],[128.31138,35.48381],[128.31118,35.48375],[128.31103,35.48371],[128.31094,35.48367],[128.31022,35.4833],[128.31014,35.48324],[128.30975,35.48276],[128.30973,35.48266],[128.30972,35.48255],[128.30973,35.48239],[128.30991,35.48054],[128.30994,35.48045],[128.30999,35.48038],[128.31045,35.47979],[128.3105,35.47973],[128.31074,35.47958],[128.31101,35.47942],[128.31104,35.47938],[128.31148,35.47859],[128.31175,35.47804],[128.31419,35.47105],[128.31422,35.47096],[128.31421,35.4708],[128.3142,35.47072],[128.31419,35.47068],[128.31391,35.46971],[128.31387,35.46963],[128.31349,35.46908],[128.3133,35.46881],[128.31214,35.46523],[128.31263,35.45945],[128.31441,35.45642],[128.31569,35.45305],[128.31508,35.45052]]]]}},{"type":"Feature","properties":{"code":"48720415","name":"궁류면","parent":"48720"},"geometry":{"type":"MultiPolygon","coordinates":[[[[128.27251,35.45835],[128.27202,35.45692],[128.27122,35.45375],[128.27138,35.45365],[128.27153,35.45351],[128.27158,35.45346],[128.27246,35.45224],[128.27248,35.45221],[128.27295,35.45151],[128.27301,35.4514],[128.27302,35.45135],[128.27369,35.44796],[128.27388,35.44642],[128.27388,35.44637],[128.27386,35.4463],[128.27377,35.4462],[128.27351,35.44597],[128.27337,35.44587],[128.27327,35.44578],[128.27315,35.44564],[128.27311,35.44556],[128.2731,35.44549],[128.27308,35.4454],[128.27307,35.44533],[128.27309,35.4452],[128.27316,35.44497],[128.27324,35.44473],[128.27328,35.44464],[128.27462,35.44274],[128.27469,35.44265],[128.27618,35.4412],[128.27762,35.43999],[128.27853,35.43934],[128.27989,35.43773],[128.27997,35.43762],[128.28009,35.43739],[128.28017,35.43723],[128.28018,35.43715],[128.28017,35.43712],[128.28011,35.43683],[128.2797,35.43547],[128.27969,35.43542],[128.27964,35.43535],[128.27914,35.43479],[128.2788,35.43441],[128.27847,35.43407],[128.27827,35.43392],[128.27725,35.4333],[128.2771,35.43321],[128.277,35.43319],[128.27691,35.4332],[128.27675,35.43322],[128.27662,35.43326],[128.27654,35.43328],[128.27637,35.43332],[128.27604,35.43343],[128.27554,35.43356],[128.27515,35.43361],[128.27469,35.43362],[128.27439,35.43361],[128.27407,35.43359],[128.2738,35.43356],[128.27329,35.43346],[128.27302,35.43341],[128.27294,35.43338],[128.2728,35.43331],[128.27266,35.43317],[128.27264,35.43313],[128.27264,35.433],[128.27265,35.43292],[128.27269,35.43275],[128.27307,35.43196],[128.27369,35.43119],[128.27372,35.43113],[128.27418,35.42954],[128.2743,35.42897],[128.27433,35.42871],[128.27435,35.42841],[128.27444,35.42682],[128.2741,35.42462],[128.27407,35.42449],[128.27404,35.42441],[128.2735,35.42344],[128.27341,35.42328],[128.27327,35.42311],[128.27319,35.42304],[128.27312,35.42302],[128.27296,35.42298],[128.2729,35.42297],[128.26734,35.42251],[128.2624,35.42298],[128.26152,35.42332],[128.26064,35.42363],[128.26057,35.42365],[128.26052,35.42365],[128.26045,35.42365],[128.25613,35.42265],[128.25408,35.42216],[128.25253,35.41868],[128.25251,35.41862],[128.25247,35.41853],[128.25243,35.41847],[128.25237,35.41843],[128.25229,35.41837],[128.25048,35.41781],[128.24849,35.41717],[128.24482,35.41578],[128.24477,35.41555],[128.24441,35.41437],[128.24369,35.41218],[128.24231,35.40911],[128.24178,35.40794],[128.23775,35.40277],[128.23756,35.40259],[128.23731,35.40242],[128.23704,35.40225],[128.23477,35.40082],[128.23385,35.40116],[128.23146,35.40216],[128.23126,35.40226],[128.23108,35.40238],[128.23089,35.40257],[128.23073,35.40277],[128.23062,35.40288],[128.23045,35.403],[128.23012,35.40323],[128.22979,35.40338],[128.22943,35.40348],[128.22931,35.4035],[128.22905,35.40352],[128.22877,35.40349],[128.22837,35.40345],[128.2277,35.40333],[128.22699,35.40318],[128.22618,35.40298],[128.22599,35.40292],[128.22557,35.40277],[128.22487,35.40248],[128.22479,35.40243],[128.22471,35.40236],[128.22465,35.40225],[128.22462,35.40205],[128.22461,35.40191],[128.22453,35.40172],[128.22444,35.40156],[128.22433,35.40143],[128.22315,35.4007],[128.22306,35.40069],[128.21604,35.39943],[128.21231,35.39897],[128.21214,35.39894],[128.21136,35.39888],[128.20943,35.39875],[128.20763,35.39776],[128.20718,35.39699],[128.20707,35.39684],[128.20598,35.39542],[128.20586,35.39533],[128.20406,35.39412],[128.20381,35.39396],[128.20279,35.39338],[128.20242,35.39319],[128.20226,35.39312],[128.20058,35.39329],[128.19359,35.39402],[128.19351,35.39404],[128.19344,35.39406],[128.19338,35.39407],[128.19332,35.39412],[128.19135,35.39611],[128.1912,35.3963],[128.1911,35.39643],[128.19052,35.39723],[128.19004,35.39814],[128.18946,35.39867],[128.18951,35.39876],[128.18957,35.39887],[128.18961,35.39901],[128.18963,35.39909],[128.18996,35.40028],[128.18997,35.40042],[128.18996,35.40141],[128.18996,35.40151],[128.18995,35.40159],[128.18971,35.40305],[128.19023,35.40518],[128.19101,35.40665],[128.1911,35.40679],[128.19118,35.40707],[128.19161,35.40871],[128.19161,35.40887],[128.1916,35.40902],[128.19099,35.41163],[128.19094,35.41176],[128.19052,35.41258],[128.19044,35.4127],[128.19015,35.41314],[128.18894,35.41471],[128.18884,35.41483],[128.18874,35.41495],[128.18848,35.41524],[128.18841,35.41531],[128.18828,35.41539],[128.18814,35.41543],[128.18797,35.41545],[128.18761,35.41551],[128.18746,35.41554],[128.18731,35.41561],[128.18694,35.41584],[128.18684,35.41593],[128.18676,35.41604],[128.18609,35.41775],[128.18572,35.41917],[128.18714,35.42088],[128.18728,35.42104],[128.18738,35.42115],[128.19013,35.42337],[128.1913,35.42393],[128.19271,35.42581],[128.19272,35.42616],[128.19275,35.42624],[128.19278,35.42628],[128.19301,35.42658],[128.1931,35.42667],[128.19462,35.42812],[128.19471,35.42819],[128.19568,35.42878],[128.19598,35.4289],[128.19648,35.42906],[128.19674,35.42918],[128.19703,35.42936],[128.19723,35.4295],[128.20008,35.43197],[128.20018,35.43208],[128.20228,35.43595],[128.20243,35.43812],[128.20237,35.43826],[128.20236,35.43834],[128.20249,35.44044],[128.20289,35.44226],[128.20295,35.44248],[128.20423,35.44505],[128.2043,35.44514],[128.20494,35.44581],[128.20507,35.44592],[128.20532,35.44606],[128.2057,35.44625],[128.206,35.44645],[128.20618,35.44664],[128.20632,35.44684],[128.20703,35.44799],[128.20713,35.44819],[128.20852,35.45305],[128.20855,35.45326],[128.20854,35.45344],[128.20828,35.45628],[128.20797,35.45736],[128.20775,35.45775],[128.20769,35.45794],[128.2077,35.45823],[128.20812,35.45987],[128.21121,35.4618],[128.21131,35.46184],[128.21164,35.46183],[128.21358,35.46131],[128.21421,35.46107],[128.21458,35.46099],[128.21489,35.46094],[128.21508,35.46096],[128.21589,35.46115],[128.21645,35.46131],[128.21659,35.46137],[128.21694,35.46123],[128.21709,35.46119],[128.21727,35.46117],[128.22089,35.46097],[128.22102,35.46098],[128.2216,35.46131],[128.22169,35.46139],[128.22281,35.46232],[128.22391,35.46312],[128.2243,35.46334],[128.226,35.46388],[128.22735,35.4642],[128.22864,35.46454],[128.23256,35.46597],[128.23336,35.46642],[128.23343,35.46645],[128.23354,35.46643],[128.2359,35.46573],[128.23721,35.46526],[128.2373,35.46523],[128.23881,35.46535],[128.23894,35.46537],[128.23897,35.46539],[128.24093,35.46678],[128.24117,35.46696],[128.24355,35.46861],[128.2457,35.46998],[128.2459,35.47009],[128.24608,35.47014],[128.24628,35.47016],[128.24883,35.47038],[128.2489,35.47038],[128.24899,35.47034],[128.24939,35.47012],[128.25129,35.46928],[128.25357,35.46729],[128.25681,35.46721],[128.257,35.46731],[128.25712,35.46733],[128.25784,35.4674],[128.2583,35.4674],[128.25844,35.46739],[128.26173,35.46618],[128.26179,35.46615],[128.26183,35.46611],[128.26233,35.46546],[128.26251,35.46525],[128.26276,35.46496],[128.26301,35.46475],[128.2638,35.46416],[128.26772,35.46229],[128.26821,35.46228],[128.27041,35.46189],[128.27075,35.46181],[128.2709,35.46177],[128.27097,35.46173],[128.27099,35.4617],[128.27256,35.45996],[128.27261,35.45987],[128.27263,35.45981],[128.27264,35.45972],[128.27251,35.45835]]]]}},{"type":"Feature","properties":{"code":"48720420","name":"유곡면","parent":"48720"},"geometry":{"type":"MultiPolygon","coordinates":[[[[128.31508,35.45052],[128.31582,35.44899],[128.31589,35.44888],[128.31594,35.44883],[128.31602,35.44878],[128.31605,35.44876],[128.3162,35.44868],[128.31626,35.44866],[128.31633,35.44864],[128.31655,35.44863],[128.31691,35.44863],[128.31723,35.44866],[128.31738,35.44869],[128.31745,35.44871],[128.31752,35.44875],[128.31764,35.44881],[128.3177,35.44887],[128.31775,35.44891],[128.31791,35.44901],[128.3181,35.44905],[128.31821,35.44906],[128.32348,35.44898],[128.32359,35.44896],[128.32363,35.44894],[128.32366,35.4489],[128.3237,35.44884],[128.32377,35.44864],[128.32383,35.44844],[128.3239,35.44832],[128.32399,35.4482],[128.32409,35.4481],[128.32611,35.44629],[128.32622,35.4462],[128.3263,35.44617],[128.33105,35.44494],[128.33363,35.44471],[128.33986,35.44729],[128.34242,35.44892],[128.34427,35.44981],[128.3457,35.44824],[128.34646,35.44678],[128.3465,35.4465],[128.34656,35.44622],[128.34664,35.446],[128.34671,35.44588],[128.34697,35.4456],[128.34718,35.44538],[128.3478,35.44486],[128.34789,35.44479],[128.34862,35.44424],[128.34901,35.44406],[128.34956,35.44396],[128.34961,35.44396],[128.3497,35.44398],[128.34978,35.44401],[128.34993,35.44409],[128.35005,35.44417],[128.35028,35.44436],[128.3504,35.44448],[128.35044,35.44452],[128.3505,35.4446],[128.35072,35.44494],[128.35302,35.44524],[128.35363,35.44171],[128.35438,35.43693],[128.3546,35.43526],[128.35526,35.43278],[128.35547,35.43251],[128.35573,35.43218],[128.35623,35.43169],[128.35643,35.43153],[128.35673,35.43136],[128.35717,35.43119],[128.35794,35.43099],[128.35848,35.43085],[128.3587,35.43079],[128.35875,35.43073],[128.35876,35.4307],[128.35876,35.42985],[128.35875,35.42965],[128.35872,35.42949],[128.35864,35.42929],[128.35852,35.42906],[128.35751,35.4271],[128.35728,35.42687],[128.35656,35.42615],[128.35641,35.42603],[128.35607,35.42582],[128.35513,35.42524],[128.35371,35.42291],[128.35383,35.42213],[128.35422,35.41844],[128.35407,35.41781],[128.35355,35.41738],[128.35097,35.41557],[128.34913,35.41518],[128.34907,35.41517],[128.34903,35.41515],[128.3478,35.4141],[128.34752,35.41384],[128.34735,35.41363],[128.34667,35.41264],[128.34587,35.41256],[128.34567,35.41254],[128.34279,35.41253],[128.34266,35.41255],[128.34256,35.41261],[128.34244,35.41271],[128.3423,35.41293],[128.34219,35.41315],[128.3414,35.41489],[128.341,35.41581],[128.34094,35.41619],[128.34094,35.41663],[128.34094,35.41713],[128.3409,35.41783],[128.34089,35.41797],[128.34087,35.41803],[128.34076,35.4181],[128.34032,35.41837],[128.33878,35.4192],[128.33835,35.4194],[128.33778,35.41966],[128.33439,35.42264],[128.33265,35.42305],[128.3325,35.42305],[128.32977,35.42272],[128.32962,35.42269],[128.32728,35.42191],[128.32722,35.42187],[128.32666,35.42008],[128.32664,35.41985],[128.32667,35.41967],[128.32681,35.41907],[128.32719,35.41777],[128.32509,35.41433],[128.3244,35.41195],[128.32435,35.41188],[128.32422,35.41172],[128.32303,35.41055],[128.32298,35.41051],[128.32293,35.41048],[128.32291,35.41046],[128.32287,35.41045],[128.32284,35.41044],[128.3228,35.41044],[128.32263,35.41045],[128.32199,35.41054],[128.32159,35.41061],[128.32127,35.41067],[128.321,35.41075],[128.32078,35.41083],[128.32064,35.4109],[128.32048,35.41101],[128.32026,35.41117],[128.32012,35.41126],[128.31991,35.41136],[128.31976,35.4114],[128.31966,35.41142],[128.31956,35.41141],[128.3195,35.4114],[128.31945,35.41136],[128.31886,35.41081],[128.31877,35.41071],[128.31869,35.41061],[128.31709,35.40855],[128.31581,35.40719],[128.31337,35.40554],[128.31314,35.40541],[128.31042,35.40384],[128.31038,35.40382],[128.31029,35.40382],[128.30908,35.40386],[128.30888,35.40388],[128.30868,35.40393],[128.30842,35.40404],[128.30717,35.40459],[128.30699,35.40469],[128.30634,35.40511],[128.30621,35.40521],[128.30607,35.40534],[128.30593,35.40551],[128.30588,35.40558],[128.30582,35.40562],[128.30575,35.40564],[128.30566,35.40562],[128.30504,35.40524],[128.30486,35.40513],[128.30413,35.40447],[128.30338,35.40369],[128.30296,35.40276],[128.30267,35.40188],[128.30263,35.40176],[128.30253,35.40159],[128.30236,35.40142],[128.30211,35.40123],[128.30189,35.40107],[128.30135,35.40079],[128.30037,35.40029],[128.30012,35.40017],[128.30003,35.4001],[128.29988,35.39996],[128.29977,35.39981],[128.29754,35.39688],[128.29728,35.39651],[128.29719,35.39632],[128.29714,35.39618],[128.29708,35.39594],[128.29706,35.39575],[128.29707,35.39557],[128.29722,35.39435],[128.29738,35.39391],[128.29746,35.3937],[128.29747,35.39366],[128.29749,35.39353],[128.29746,35.3933],[128.29729,35.39292],[128.29713,35.39257],[128.29697,35.39224],[128.29689,35.3921],[128.29684,35.39204],[128.29497,35.39111],[128.29489,35.39108],[128.29465,35.39102],[128.29429,35.39099],[128.29394,35.39098],[128.29367,35.39099],[128.29357,35.391],[128.29347,35.39103],[128.29336,35.39108],[128.29302,35.39124],[128.29263,35.39144],[128.29209,35.39174],[128.29183,35.39186],[128.29172,35.3919],[128.29162,35.39191],[128.29143,35.39192],[128.29135,35.39191],[128.29126,35.39189],[128.29115,35.39186],[128.291,35.3918],[128.29078,35.39169],[128.29058,35.39159],[128.29035,35.39147],[128.29015,35.39136],[128.29004,35.39128],[128.28998,35.39123],[128.28867,35.39003],[128.28771,35.38909],[128.28763,35.38902],[128.2875,35.38895],[128.28731,35.38885],[128.28516,35.38801],[128.28477,35.38786],[128.28473,35.38789],[128.28464,35.38795],[128.28451,35.38805],[128.28437,35.38818],[128.28424,35.38833],[128.28301,35.3897],[128.28286,35.38991],[128.28263,35.39022],[128.28255,35.39039],[128.28251,35.39049],[128.2825,35.39057],[128.2825,35.39077],[128.28249,35.39093],[128.28245,35.3911],[128.28241,35.39122],[128.28236,35.3913],[128.28173,35.39205],[128.28164,35.39213],[128.28159,35.39216],[128.28154,35.39218],[128.28143,35.3922],[128.28128,35.39221],[128.28058,35.39222],[128.28009,35.39221],[128.27999,35.3922],[128.27991,35.39217],[128.27974,35.3921],[128.27937,35.39194],[128.27849,35.39164],[128.27813,35.39154],[128.27772,35.39144],[128.27731,35.39136],[128.27677,35.39129],[128.27659,35.39128],[128.27642,35.39129],[128.27626,35.39132],[128.27605,35.3914],[128.27591,35.39146],[128.27581,35.39153],[128.27572,35.39162],[128.27432,35.39309],[128.27352,35.39372],[128.27132,35.39574],[128.27127,35.39585],[128.27107,35.39621],[128.27091,35.39649],[128.27084,35.39657],[128.2708,35.3966],[128.26903,35.39727],[128.26899,35.39728],[128.26894,35.39727],[128.26889,35.39725],[128.26809,35.39694],[128.268,35.39689],[128.2679,35.39683],[128.2678,35.39673],[128.26773,35.39665],[128.26769,35.39653],[128.26768,35.39646],[128.26769,35.39635],[128.26772,35.39623],[128.26775,35.39611],[128.26776,35.39605],[128.26775,35.39598],[128.26771,35.39583],[128.26762,35.39554],[128.26758,35.39547],[128.26674,35.39447],[128.26664,35.39439],[128.26479,35.39293],[128.26475,35.39292],[128.26467,35.39291],[128.26423,35.39291],[128.26371,35.39291],[128.26215,35.39294],[128.26126,35.39306],[128.26113,35.39307],[128.26102,35.39308],[128.26084,35.39307],[128.25693,35.39265],[128.25684,35.39264],[128.25678,35.39263],[128.25668,35.3926],[128.25657,35.39254],[128.25645,35.39246],[128.25636,35.39241],[128.25628,35.39233],[128.25622,35.39226],[128.25617,35.39219],[128.25613,35.3921],[128.25599,35.39175],[128.25589,35.39147],[128.25582,35.3913],[128.25575,35.39115],[128.25572,35.39109],[128.25563,35.39097],[128.25482,35.39003],[128.25474,35.38996],[128.25465,35.38989],[128.25318,35.38884],[128.25293,35.38868],[128.25271,35.38855],[128.25243,35.38844],[128.25231,35.3884],[128.25223,35.38839],[128.25159,35.38829],[128.25149,35.38828],[128.25142,35.38829],[128.25055,35.38838],[128.24905,35.38837],[128.24897,35.38837],[128.2489,35.38836],[128.24884,35.38834],[128.24877,35.38831],[128.2459,35.38697],[128.24572,35.38685],[128.24564,35.38674],[128.24554,35.38655],[128.2454,35.38627],[128.24536,35.38614],[128.2442,35.38633],[128.24404,35.38638],[128.24185,35.38757],[128.24164,35.38773],[128.24155,35.38784],[128.24,35.39188],[128.2362,35.39881],[128.235,35.40062],[128.23477,35.40082],[128.23704,35.40225],[128.23731,35.40242],[128.23756,35.40259],[128.23775,35.40277],[128.24178,35.40794],[128.24231,35.40911],[128.24369,35.41218],[128.24441,35.41437],[128.24477,35.41555],[128.24482,35.41578],[128.24849,35.41717],[128.25048,35.41781],[128.25229,35.41837],[128.25237,35.41843],[128.25243,35.41847],[128.25247,35.41853],[128.25251,35.41862],[128.25253,35.41868],[128.25408,35.42216],[128.25613,35.42265],[128.26045,35.42365],[128.26052,35.42365],[128.26057,35.42365],[128.26064,35.42363],[128.26152,35.42332],[128.2624,35.42298],[128.26734,35.42251],[128.2729,35.42297],[128.27296,35.42298],[128.27312,35.42302],[128.27319,35.42304],[128.27327,35.42311],[128.27341,35.42328],[128.2735,35.42344],[128.27404,35.42441],[128.27407,35.42449],[128.2741,35.42462],[128.27444,35.42682],[128.27435,35.42841],[128.27433,35.42871],[128.2743,35.42897],[128.27418,35.42954],[128.27372,35.43113],[128.27369,35.43119],[128.27307,35.43196],[128.27269,35.43275],[128.27265,35.43292],[128.27264,35.433],[128.27264,35.43313],[128.27266,35.43317],[128.2728,35.43331],[128.27294,35.43338],[128.27302,35.43341],[128.27329,35.43346],[128.2738,35.43356],[128.27407,35.43359],[128.27439,35.43361],[128.27469,35.43362],[128.27515,35.43361],[128.27554,35.43356],[128.27604,35.43343],[128.27637,35.43332],[128.27654,35.43328],[128.27662,35.43326],[128.27675,35.43322],[128.27691,35.4332],[128.277,35.43319],[128.2771,35.43321],[128.27725,35.4333],[128.27827,35.43392],[128.27847,35.43407],[128.2788,35.43441],[128.27914,35.43479],[128.27964,35.43535],[128.27969,35.43542],[128.2797,35.43547],[128.28011,35.43683],[128.28017,35.43712],[128.28018,35.43715],[128.28017,35.43723],[128.28009,35.43739],[128.27997,35.43762],[128.27989,35.43773],[128.27853,35.43934],[128.27762,35.43999],[128.27618,35.4412],[128.27469,35.44265],[128.27462,35.44274],[128.27328,35.44464],[128.27324,35.44473],[128.27316,35.44497],[128.27309,35.4452],[128.27307,35.44533],[128.27308,35.4454],[128.2731,35.44549],[128.27311,35.44556],[128.27315,35.44564],[128.27327,35.44578],[128.27337,35.44587],[128.27351,35.44597],[128.27377,35.4462],[128.27386,35.4463],[128.27388,35.44637],[128.27388,35.44642],[128.27369,35.44796],[128.27302,35.45135],[128.27301,35.4514],[128.27295,35.45151],[128.27248,35.45221],[128.27246,35.45224],[128.27158,35.45346],[128.27153,35.45351],[128.27138,35.45365],[128.27122,35.45375],[128.27202,35.45692],[128.27251,35.45835],[128.27411,35.45839],[128.27713,35.45832],[128.27777,35.45821],[128.27792,35.45819],[128.278,35.45818],[128.27805,35.4582],[128.27842,35.4584],[128.27876,35.45863],[128.28108,35.4596],[128.28228,35.46008],[128.28384,35.46027],[128.28409,35.46028],[128.28422,35.46027],[128.28442,35.46024],[128.28459,35.46018],[128.28485,35.46007],[128.28552,35.46009],[128.28563,35.46008],[128.28577,35.46003],[128.2927,35.45764],[128.29277,35.45762],[128.2937,35.45707],[128.29383,35.45698],[128.29386,35.45696],[128.29395,35.45686],[128.29428,35.45615],[128.29429,35.45609],[128.29428,35.45604],[128.2941,35.45566],[128.29406,35.45551],[128.29403,35.45533],[128.29403,35.45504],[128.29405,35.45436],[128.29408,35.45427],[128.29413,35.45417],[128.29419,35.4541],[128.2943,35.45401],[128.29494,35.45371],[128.30267,35.4511],[128.30803,35.44989],[128.30832,35.44983],[128.30847,35.4498],[128.30858,35.44979],[128.30943,35.44971],[128.30949,35.4497],[128.30979,35.44969],[128.31001,35.44969],[128.31008,35.4497],[128.31016,35.44972],[128.3103,35.44976],[128.31033,35.44977],[128.31047,35.44985],[128.31051,35.44988],[128.31059,35.44995],[128.31063,35.45],[128.31071,35.45015],[128.31075,35.45023],[128.31079,35.4503],[128.31083,35.45034],[128.3109,35.45038],[128.31094,35.4504],[128.31103,35.45044],[128.31141,35.45053],[128.31186,35.45062],[128.31316,35.45086],[128.31322,35.45087],[128.31336,35.45088],[128.31345,35.45089],[128.31352,35.45088],[128.3149,35.45059],[128.31502,35.45056],[128.31508,35.45052]]]]}}]}