{"type":"FeatureCollection","features":[{"type":"Feature","properties":{"code":"52190250","name":"운봉읍","parent":"52190"},"geometry":{"type":"MultiPolygon","coordinates":[[[[127.51401,35.4792],[127.51463,35.47917],[127.51914,35.47846],[127.51925,35.47843],[127.52185,35.47686],[127.52369,35.47467],[127.52373,35.47444],[127.52378,35.47432],[127.52383,35.47421],[127.52463,35.47342],[127.52483,35.47323],[127.52491,35.47319],[127.52506,35.47312],[127.52517,35.4731],[127.52529,35.47311],[127.52556,35.47315],[127.52894,35.47302],[127.52911,35.473],[127.52971,35.47287],[127.53052,35.47269],[127.5306,35.47266],[127.53286,35.47186],[127.5337,35.47153],[127.53386,35.47146],[127.534,35.47138],[127.53563,35.47049],[127.53575,35.47041],[127.53583,35.47036],[127.53587,35.47035],[127.53724,35.47036],[127.53738,35.47036],[127.53747,35.47037],[127.53755,35.4704],[127.53872,35.47105],[127.53947,35.47145],[127.54034,35.47169],[127.54165,35.47155],[127.5417,35.47153],[127.5418,35.4715],[127.54184,35.47146],[127.54218,35.47117],[127.54228,35.47107],[127.54236,35.47097],[127.54245,35.4708],[127.54282,35.46992],[127.54285,35.46975],[127.54285,35.46962],[127.54281,35.46948],[127.54266,35.46915],[127.54263,35.46906],[127.54263,35.46882],[127.54264,35.46869],[127.54266,35.4686],[127.54269,35.46848],[127.54273,35.46839],[127.54283,35.4683],[127.54299,35.46822],[127.54314,35.46815],[127.54323,35.46812],[127.5434,35.4681],[127.54468,35.46793],[127.54487,35.46791],[127.54499,35.4679],[127.54517,35.46792],[127.5465,35.46802],[127.54658,35.46803],[127.54664,35.46805],[127.54671,35.46811],[127.54679,35.46819],[127.54685,35.46829],[127.54691,35.46842],[127.54707,35.46889],[127.54715,35.46907],[127.54719,35.46912],[127.54727,35.46917],[127.54839,35.46966],[127.55374,35.47126],[127.55388,35.47129],[127.55408,35.47129],[127.55433,35.47128],[127.55452,35.47124],[127.55513,35.47115],[127.55566,35.47107],[127.55589,35.47105],[127.55602,35.47104],[127.55698,35.47105],[127.55715,35.47106],[127.55732,35.47108],[127.55758,35.47113],[127.55794,35.4712],[127.55827,35.47129],[127.55838,35.47133],[127.5601,35.47214],[127.56025,35.47224],[127.56049,35.47243],[127.56168,35.4734],[127.56174,35.47345],[127.56178,35.4735],[127.56206,35.47405],[127.5621,35.47421],[127.56213,35.47447],[127.56216,35.47482],[127.56233,35.47467],[127.56252,35.47452],[127.56284,35.4743],[127.56323,35.47404],[127.56451,35.47321],[127.56466,35.47313],[127.56476,35.47309],[127.56706,35.47238],[127.56722,35.47235],[127.56795,35.47224],[127.56803,35.47224],[127.56825,35.47232],[127.56842,35.47235],[127.56855,35.47236],[127.56868,35.47235],[127.56879,35.47232],[127.56891,35.47226],[127.57016,35.47147],[127.57174,35.47041],[127.57317,35.46899],[127.57433,35.46749],[127.57455,35.46717],[127.57499,35.46653],[127.57513,35.46631],[127.57554,35.4656],[127.57563,35.46542],[127.57592,35.46333],[127.57595,35.46286],[127.57594,35.4626],[127.57593,35.4625],[127.57634,35.46229],[127.57657,35.46214],[127.57682,35.46192],[127.57711,35.46163],[127.57743,35.4613],[127.57816,35.46052],[127.57862,35.45991],[127.57871,35.45972],[127.57878,35.45954],[127.57893,35.45906],[127.57895,35.45893],[127.57897,35.45871],[127.57897,35.45867],[127.57896,35.45819],[127.57898,35.45785],[127.57905,35.45738],[127.57918,35.45687],[127.57937,35.45631],[127.57948,35.45607],[127.57987,35.4553],[127.58,35.45509],[127.58015,35.45495],[127.58212,35.45356],[127.58242,35.45337],[127.58273,35.45321],[127.58286,35.45316],[127.58298,35.45313],[127.58312,35.45312],[127.58349,35.4531],[127.58362,35.45308],[127.58367,35.45305],[127.58372,35.45284],[127.58379,35.45244],[127.58379,35.45232],[127.58383,35.4514],[127.58376,35.4485],[127.58331,35.4463],[127.58276,35.44547],[127.58219,35.44461],[127.58213,35.44448],[127.58169,35.44281],[127.58134,35.43743],[127.58133,35.43553],[127.58134,35.43544],[127.58136,35.43534],[127.58144,35.43519],[127.58156,35.435],[127.58164,35.4349],[127.58193,35.43464],[127.58282,35.43396],[127.58303,35.4338],[127.58323,35.43371],[127.58344,35.43356],[127.58352,35.43347],[127.58361,35.43334],[127.58371,35.43315],[127.58396,35.43251],[127.58397,35.43242],[127.58396,35.43236],[127.5835,35.43099],[127.5834,35.4308],[127.58231,35.42939],[127.58226,35.42934],[127.58172,35.42894],[127.58165,35.4289],[127.58017,35.42727],[127.57824,35.42445],[127.57672,35.42217],[127.57658,35.42201],[127.57634,35.42179],[127.57612,35.42164],[127.57418,35.42174],[127.5741,35.42173],[127.57105,35.42045],[127.57003,35.41999],[127.56914,35.41935],[127.5691,35.4193],[127.56844,35.41708],[127.56841,35.41697],[127.56814,35.41544],[127.56809,35.4148],[127.5681,35.41459],[127.5681,35.41449],[127.56787,35.41398],[127.56781,35.41384],[127.56773,35.41372],[127.5676,35.41357],[127.56611,35.41216],[127.56591,35.41203],[127.56511,35.41175],[127.5643,35.41134],[127.56428,35.4113],[127.56398,35.40751],[127.56397,35.40735],[127.56421,35.4013],[127.56363,35.40072],[127.56352,35.40061],[127.56264,35.39951],[127.56013,35.39597],[127.56006,35.39586],[127.55999,35.39569],[127.55958,35.39455],[127.55955,35.39441],[127.55955,35.39429],[127.55962,35.39402],[127.55961,35.39395],[127.55881,35.39212],[127.55875,35.39204],[127.55761,35.39057],[127.55669,35.38963],[127.55553,35.38854],[127.55477,35.38796],[127.55454,35.38779],[127.5545,35.38776],[127.55417,35.38751],[127.55397,35.38732],[127.55383,35.3871],[127.55246,35.3848],[127.55237,35.38464],[127.55168,35.38288],[127.55166,35.38278],[127.55166,35.38269],[127.55168,35.38254],[127.55176,35.38235],[127.55191,35.38214],[127.55174,35.38125],[127.54998,35.38039],[127.54329,35.37759],[127.5407,35.37666],[127.54048,35.37663],[127.53978,35.37653],[127.53886,35.37648],[127.53833,35.37647],[127.53796,35.37658],[127.53785,35.37661],[127.53776,35.37663],[127.53686,35.37682],[127.53616,35.37694],[127.53554,35.37696],[127.535,35.37684],[127.53286,35.3756],[127.53199,35.37506],[127.53145,35.3747],[127.53062,35.37414],[127.5299,35.37356],[127.52857,35.37243],[127.52791,35.37186],[127.52714,35.37088],[127.52674,35.37064],[127.52545,35.3701],[127.52455,35.37159],[127.52281,35.37399],[127.52163,35.37698],[127.52136,35.37815],[127.52131,35.3783],[127.5212,35.37852],[127.52101,35.37876],[127.52009,35.37982],[127.51996,35.37993],[127.51978,35.38004],[127.51962,35.38011],[127.51942,35.38013],[127.51924,35.38016],[127.5191,35.38022],[127.51882,35.38041],[127.5168,35.38182],[127.51674,35.38189],[127.51673,35.38197],[127.51597,35.38357],[127.51246,35.3842],[127.51223,35.38424],[127.51215,35.38425],[127.51195,35.38427],[127.51084,35.38423],[127.51077,35.38419],[127.51073,35.3841],[127.5106,35.3838],[127.51053,35.38372],[127.5104,35.38363],[127.51015,35.38351],[127.50992,35.38343],[127.50966,35.38336],[127.50939,35.38331],[127.50926,35.38331],[127.50736,35.38371],[127.50729,35.38376],[127.50708,35.38398],[127.50613,35.38504],[127.50605,35.38517],[127.50599,35.38545],[127.50599,35.38567],[127.50631,35.38854],[127.50662,35.3914],[127.50661,35.39152],[127.50633,35.39314],[127.50627,35.39346],[127.50623,35.39365],[127.50531,35.39741],[127.50456,35.40002],[127.50416,35.40118],[127.5013,35.40389],[127.49881,35.40481],[127.49831,35.40472],[127.49797,35.40474],[127.49787,35.40476],[127.4978,35.40479],[127.49747,35.40493],[127.49721,35.4051],[127.49697,35.40534],[127.49676,35.40555],[127.49636,35.40612],[127.49632,35.40618],[127.49623,35.40637],[127.49621,35.40641],[127.49596,35.40721],[127.4959,35.4075],[127.4959,35.40762],[127.49647,35.40827],[127.49653,35.40837],[127.49664,35.40871],[127.497,35.41008],[127.49735,35.41126],[127.49829,35.41356],[127.49836,35.41365],[127.49867,35.414],[127.49873,35.41405],[127.49945,35.41466],[127.4996,35.41476],[127.49993,35.41489],[127.50001,35.41491],[127.50016,35.41493],[127.50049,35.41494],[127.50058,35.41497],[127.50143,35.4157],[127.5015,35.41577],[127.50156,35.4159],[127.50161,35.41601],[127.50168,35.4162],[127.50168,35.41646],[127.50164,35.41695],[127.50159,35.41709],[127.50118,35.41808],[127.50114,35.41817],[127.50093,35.41838],[127.50083,35.41844],[127.50061,35.41857],[127.50048,35.4187],[127.50028,35.41904],[127.49998,35.41975],[127.49855,35.42316],[127.49849,35.42568],[127.49851,35.42579],[127.49858,35.42629],[127.4986,35.42637],[127.49861,35.42642],[127.49864,35.42653],[127.49865,35.42656],[127.49892,35.42732],[127.49932,35.42909],[127.49947,35.43115],[127.49946,35.43118],[127.49945,35.43128],[127.49938,35.43142],[127.4993,35.43155],[127.49921,35.43163],[127.4991,35.43172],[127.49904,35.43177],[127.49893,35.43181],[127.4986,35.43189],[127.49686,35.43298],[127.4954,35.43447],[127.4954,35.43449],[127.49547,35.43519],[127.49548,35.43524],[127.4955,35.43532],[127.49554,35.43538],[127.49561,35.43548],[127.49573,35.43561],[127.49589,35.43574],[127.49604,35.43587],[127.49663,35.43652],[127.49733,35.43729],[127.49735,35.43732],[127.49739,35.43738],[127.4974,35.43824],[127.49707,35.43945],[127.49681,35.44062],[127.49711,35.44224],[127.49715,35.44241],[127.49723,35.44264],[127.49815,35.44478],[127.49862,35.44571],[127.4987,35.44588],[127.4988,35.446],[127.49888,35.44608],[127.49907,35.4462],[127.49937,35.44635],[127.49953,35.44641],[127.49767,35.44858],[127.4891,35.45132],[127.48907,35.45135],[127.48904,35.45147],[127.48903,35.45155],[127.48903,35.45164],[127.48905,35.4517],[127.48909,35.45182],[127.48912,35.45188],[127.49049,35.45445],[127.49054,35.45455],[127.49057,35.45459],[127.49059,35.45462],[127.49065,35.45467],[127.49067,35.45469],[127.49072,35.45472],[127.49086,35.45477],[127.49091,35.45479],[127.49097,35.45483],[127.49108,35.45491],[127.49112,35.45496],[127.49116,35.45502],[127.4912,35.45508],[127.49123,35.45513],[127.49125,35.45521],[127.49175,35.45761],[127.49174,35.45767],[127.49173,35.45771],[127.49172,35.45774],[127.49168,35.45778],[127.49162,35.45783],[127.4899,35.45912],[127.49098,35.46165],[127.4911,35.46182],[127.49116,35.46188],[127.49124,35.46196],[127.49129,35.46199],[127.49134,35.46202],[127.49144,35.46207],[127.49165,35.46216],[127.4917,35.46218],[127.49435,35.46298],[127.49441,35.46299],[127.49569,35.46322],[127.49581,35.46323],[127.49585,35.46322],[127.49602,35.46318],[127.49614,35.46314],[127.49647,35.46304],[127.49654,35.46302],[127.4966,35.46302],[127.49664,35.46303],[127.49669,35.46306],[127.49672,35.46308],[127.49674,35.4631],[127.49742,35.46381],[127.49746,35.46387],[127.49748,35.4639],[127.49749,35.46395],[127.49751,35.46405],[127.49751,35.4641],[127.49743,35.46493],[127.49714,35.46759],[127.49683,35.47016],[127.4969,35.47319],[127.49691,35.47332],[127.49692,35.47335],[127.49693,35.47339],[127.49695,35.47344],[127.49698,35.47348],[127.49702,35.47354],[127.49707,35.47359],[127.4972,35.4737],[127.49726,35.47373],[127.49733,35.47377],[127.49737,35.47378],[127.4988,35.47407],[127.50012,35.47429],[127.5003,35.47431],[127.50034,35.4743],[127.50046,35.47429],[127.5006,35.47426],[127.50065,35.47425],[127.50076,35.4742],[127.50083,35.47411],[127.50092,35.47397],[127.50101,35.47392],[127.50112,35.47391],[127.50133,35.4739],[127.50145,35.47391],[127.50167,35.47398],[127.50367,35.47474],[127.50375,35.4748],[127.50384,35.4749],[127.50394,35.47505],[127.50414,35.47536],[127.5047,35.47634],[127.50497,35.477],[127.50504,35.47717],[127.50511,35.47727],[127.50524,35.47741],[127.50532,35.47747],[127.5054,35.47753],[127.50562,35.47766],[127.50567,35.47768],[127.50687,35.47772],[127.50764,35.47767],[127.50785,35.47767],[127.50803,35.47769],[127.50954,35.47807],[127.50976,35.47814],[127.51195,35.47941],[127.51401,35.4792]]]]}},{"type":"Feature","properties":{"code":"52190310","name":"주천면","parent":"52190"},"geometry":{"type":"MultiPolygon","coordinates":[[[[127.4959,35.40762],[127.4959,35.4075],[127.49596,35.40721],[127.49621,35.40641],[127.49623,35.40637],[127.49632,35.40618],[127.49636,35.40612],[127.49676,35.40555],[127.49697,35.40534],[127.49721,35.4051],[127.49747,35.40493],[127.4978,35.40479],[127.49787,35.40476],[127.49797,35.40474],[127.49831,35.40472],[127.49881,35.40481],[127.5013,35.40389],[127.50416,35.40118],[127.50456,35.40002],[127.50531,35.39741],[127.50623,35.39365],[127.50627,35.39346],[127.50633,35.39314],[127.50661,35.39152],[127.50662,35.3914],[127.50631,35.38854],[127.50599,35.38567],[127.50599,35.38545],[127.50605,35.38517],[127.50613,35.38504],[127.50708,35.38398],[127.50729,35.38376],[127.50736,35.38371],[127.50926,35.38331],[127.50939,35.38331],[127.50966,35.38336],[127.50992,35.38343],[127.51015,35.38351],[127.5104,35.38363],[127.51053,35.38372],[127.5106,35.3838],[127.51073,35.3841],[127.51077,35.38419],[127.51084,35.38423],[127.51195,35.38427],[127.51215,35.38425],[127.51223,35.38424],[127.51246,35.3842],[127.51597,35.38357],[127.51673,35.38197],[127.51674,35.38189],[127.5168,35.38182],[127.51882,35.38041],[127.5191,35.38022],[127.51924,35.38016],[127.51942,35.38013],[127.51962,35.38011],[127.51978,35.38004],[127.51996,35.37993],[127.52009,35.37982],[127.52101,35.37876],[127.5212,35.37852],[127.52131,35.3783],[127.52136,35.37815],[127.52163,35.37698],[127.52281,35.37399],[127.52455,35.37159],[127.52545,35.3701],[127.52501,35.36976],[127.52457,35.3694],[127.52431,35.36904],[127.52116,35.36355],[127.52083,35.36267],[127.52091,35.3617],[127.52088,35.36063],[127.52082,35.36006],[127.51651,35.35331],[127.51599,35.35272],[127.51498,35.35175],[127.51422,35.35134],[127.51284,35.35213],[127.51184,35.35249],[127.50923,35.353],[127.50823,35.35334],[127.50701,35.3542],[127.50635,35.35498],[127.50611,35.35525],[127.50427,35.35701],[127.50323,35.35779],[127.50141,35.35883],[127.5012,35.35892],[127.49998,35.35942],[127.49755,35.36022],[127.49562,35.36081],[127.4948,35.36042],[127.49459,35.36014],[127.49456,35.36009],[127.49407,35.35977],[127.49315,35.35916],[127.49258,35.35886],[127.49105,35.35875],[127.4861,35.35837],[127.48159,35.36103],[127.48117,35.36147],[127.48101,35.36167],[127.48088,35.36191],[127.48076,35.36212],[127.47974,35.36359],[127.47759,35.36501],[127.47723,35.3652],[127.47677,35.36534],[127.47334,35.36614],[127.47284,35.36618],[127.47058,35.36594],[127.46939,35.36552],[127.4664,35.36448],[127.46444,35.3639],[127.46208,35.36378],[127.45955,35.36366],[127.45928,35.36367],[127.45911,35.36368],[127.45887,35.36368],[127.45861,35.36362],[127.45846,35.3635],[127.45682,35.36234],[127.45451,35.3609],[127.45429,35.36077],[127.45421,35.36073],[127.45409,35.36073],[127.45396,35.36073],[127.4532,35.36111],[127.45016,35.36126],[127.44863,35.36109],[127.44677,35.36048],[127.44289,35.36128],[127.44233,35.36154],[127.44211,35.36203],[127.44207,35.36215],[127.44208,35.36236],[127.44216,35.36258],[127.44222,35.36273],[127.4422,35.36292],[127.44218,35.36299],[127.44134,35.36443],[127.43725,35.36319],[127.43498,35.36193],[127.43456,35.36169],[127.43132,35.35953],[127.42408,35.35244],[127.42276,35.35084],[127.4226,35.35101],[127.42251,35.3511],[127.42246,35.35115],[127.42092,35.35244],[127.42089,35.35246],[127.42084,35.35248],[127.42078,35.35251],[127.4205,35.35261],[127.42037,35.35265],[127.42003,35.35276],[127.4159,35.35393],[127.41567,35.35396],[127.41539,35.35397],[127.41519,35.35393],[127.41465,35.35378],[127.41435,35.35374],[127.4142,35.35381],[127.41252,35.35479],[127.4107,35.35611],[127.41053,35.35624],[127.41036,35.35645],[127.4103,35.35662],[127.41016,35.3569],[127.41,35.35721],[127.40984,35.35736],[127.4097,35.35746],[127.40957,35.3575],[127.40806,35.35733],[127.40508,35.35722],[127.40058,35.35759],[127.39902,35.35777],[127.39862,35.35784],[127.39834,35.3579],[127.39788,35.35805],[127.39773,35.35813],[127.39768,35.35817],[127.39758,35.35826],[127.39741,35.35848],[127.39727,35.35871],[127.39638,35.36073],[127.3963,35.36095],[127.39524,35.36386],[127.3928,35.36567],[127.39197,35.36612],[127.3918,35.36621],[127.39172,35.36626],[127.3915,35.36645],[127.39119,35.36686],[127.391,35.36715],[127.39096,35.36723],[127.39095,35.36729],[127.39208,35.37255],[127.39261,35.37303],[127.39298,35.37338],[127.39317,35.37359],[127.39399,35.37507],[127.39407,35.37524],[127.39411,35.3754],[127.3943,35.37548],[127.39443,35.37556],[127.39462,35.37569],[127.39477,35.37585],[127.39491,35.3761],[127.39586,35.37826],[127.39595,35.3787],[127.39569,35.37987],[127.39544,35.38043],[127.39502,35.38134],[127.39484,35.38211],[127.39483,35.38222],[127.39483,35.3824],[127.39493,35.38708],[127.39499,35.38739],[127.39503,35.38757],[127.39633,35.39305],[127.39709,35.39383],[127.3981,35.39488],[127.39966,35.394],[127.4021,35.39337],[127.40267,35.39365],[127.40603,35.39668],[127.40516,35.39736],[127.40402,35.39833],[127.40388,35.39853],[127.40325,35.40046],[127.40341,35.40077],[127.40496,35.40119],[127.40579,35.40215],[127.40766,35.40473],[127.40931,35.4094],[127.40962,35.40959],[127.41334,35.41193],[127.41367,35.41215],[127.41382,35.4123],[127.41382,35.41244],[127.41525,35.41032],[127.41636,35.41073],[127.41659,35.41078],[127.4168,35.41073],[127.4193,35.40982],[127.42023,35.40901],[127.42319,35.4073],[127.4261,35.40605],[127.42614,35.40604],[127.42618,35.40605],[127.42733,35.40656],[127.42933,35.4073],[127.43416,35.409],[127.43796,35.40956],[127.44002,35.40941],[127.44175,35.40903],[127.44432,35.40753],[127.44577,35.40657],[127.44582,35.40653],[127.44589,35.4065],[127.44606,35.40644],[127.44648,35.4063],[127.44672,35.40623],[127.44711,35.40617],[127.4474,35.40617],[127.44788,35.4062],[127.44852,35.40626],[127.44865,35.4063],[127.44896,35.40638],[127.44932,35.40647],[127.44953,35.40646],[127.45012,35.40643],[127.45023,35.40641],[127.45093,35.40625],[127.45819,35.40416],[127.45851,35.40406],[127.45874,35.40398],[127.45884,35.40393],[127.46405,35.40041],[127.46417,35.40032],[127.46586,35.39881],[127.46605,35.39863],[127.46674,35.39779],[127.46751,35.39675],[127.46753,35.39669],[127.46767,35.39653],[127.46794,35.39629],[127.46808,35.39621],[127.47131,35.39542],[127.474,35.39484],[127.47407,35.39487],[127.4749,35.39537],[127.47512,35.39551],[127.47544,35.39574],[127.4756,35.3959],[127.47564,35.39598],[127.47687,35.39771],[127.48115,35.40173],[127.48118,35.40176],[127.48131,35.40182],[127.48164,35.40195],[127.48317,35.40251],[127.48676,35.4044],[127.48697,35.40488],[127.48705,35.40497],[127.48736,35.40531],[127.48738,35.40533],[127.48874,35.40625],[127.48977,35.40674],[127.48992,35.4068],[127.49073,35.4071],[127.49211,35.40757],[127.4923,35.40764],[127.49236,35.40765],[127.49264,35.40768],[127.49484,35.40776],[127.4959,35.40762]]]]}},{"type":"Feature","properties":{"code":"52190320","name":"수지면","parent":"52190"},"geometry":{"type":"MultiPolygon","coordinates":[[[[127.42276,35.35084],[127.42267,35.34951],[127.42265,35.34941],[127.42264,35.34938],[127.4226,35.34927],[127.42255,35.34917],[127.42016,35.34522],[127.42002,35.34501],[127.41959,35.34449],[127.41931,35.34417],[127.41766,35.34246],[127.41623,35.34119],[127.41612,35.34107],[127.41603,35.34095],[127.41601,35.34091],[127.41598,35.34085],[127.41551,35.33944],[127.41548,35.33933],[127.41545,35.33922],[127.41545,35.33917],[127.41546,35.3391],[127.41555,35.33853],[127.41564,35.33807],[127.41565,35.33801],[127.41565,35.33794],[127.41557,35.33739],[127.41553,35.33732],[127.4155,35.33728],[127.41165,35.33424],[127.41008,35.33336],[127.41,35.33331],[127.40987,35.33323],[127.4098,35.33316],[127.40827,35.33136],[127.40823,35.3313],[127.4082,35.33122],[127.40815,35.33104],[127.40811,35.33091],[127.4081,35.33082],[127.40809,35.33074],[127.40809,35.33067],[127.40809,35.33064],[127.40812,35.33059],[127.40837,35.33003],[127.40853,35.32961],[127.40855,35.32954],[127.40854,35.3295],[127.40852,35.32945],[127.40737,35.32837],[127.40684,35.32794],[127.40658,35.32776],[127.40629,35.32759],[127.40336,35.32602],[127.40155,35.3251],[127.4001,35.32223],[127.40053,35.32161],[127.40056,35.32155],[127.40109,35.32021],[127.4011,35.32014],[127.4011,35.32007],[127.4011,35.31993],[127.39932,35.3129],[127.39849,35.31174],[127.39838,35.31162],[127.39822,35.31148],[127.39816,35.31143],[127.39665,35.31062],[127.39643,35.31051],[127.39627,35.31047],[127.39618,35.31046],[127.39602,35.31045],[127.39587,35.31045],[127.39575,35.31045],[127.39547,35.3105],[127.39523,35.31056],[127.39501,35.31061],[127.39492,35.31063],[127.39476,35.31065],[127.39468,35.31065],[127.39456,35.31064],[127.39431,35.3106],[127.39412,35.31053],[127.39404,35.31049],[127.39396,35.31043],[127.39053,35.30794],[127.39049,35.30791],[127.39044,35.30788],[127.39035,35.30778],[127.3903,35.30771],[127.39025,35.30764],[127.38715,35.30443],[127.38555,35.30403],[127.38536,35.30394],[127.38527,35.30389],[127.38445,35.30328],[127.38317,35.30389],[127.38029,35.30453],[127.3791,35.30683],[127.37724,35.31075],[127.37721,35.3108],[127.37715,35.31085],[127.37458,35.31251],[127.37168,35.31431],[127.37152,35.31439],[127.37133,35.31447],[127.37113,35.31455],[127.37099,35.31459],[127.37095,35.31459],[127.37091,35.3146],[127.37078,35.31461],[127.37061,35.31461],[127.37045,35.31459],[127.36961,35.31445],[127.36859,35.31428],[127.36846,35.31426],[127.36827,35.31423],[127.36811,35.31422],[127.36795,35.31423],[127.36786,35.31424],[127.36776,35.31425],[127.36762,35.3143],[127.36749,35.31435],[127.36709,35.31452],[127.36695,35.31459],[127.36234,35.31713],[127.36037,35.31896],[127.36037,35.319],[127.36035,35.31909],[127.36029,35.3192],[127.35971,35.32001],[127.35967,35.32007],[127.35958,35.32015],[127.35946,35.32026],[127.35941,35.32031],[127.35936,35.32035],[127.35927,35.32042],[127.35919,35.32048],[127.3582,35.32099],[127.35816,35.32101],[127.35806,35.32104],[127.35803,35.32104],[127.35799,35.32105],[127.35782,35.32105],[127.35764,35.32106],[127.35755,35.32105],[127.35703,35.321],[127.35654,35.32122],[127.35645,35.32124],[127.35636,35.32126],[127.35624,35.32126],[127.35619,35.32126],[127.35099,35.32053],[127.35085,35.3205],[127.35076,35.32047],[127.35071,35.32045],[127.35062,35.32042],[127.35048,35.32034],[127.35033,35.32025],[127.34941,35.31956],[127.34934,35.31951],[127.34929,35.31947],[127.34925,35.31943],[127.34789,35.3188],[127.34554,35.3182],[127.33387,35.31536],[127.33114,35.31513],[127.33106,35.31512],[127.33098,35.3151],[127.33091,35.31508],[127.33082,35.31503],[127.33077,35.31499],[127.33071,35.31494],[127.33054,35.31475],[127.33044,35.31463],[127.33032,35.31446],[127.33024,35.31431],[127.33001,35.31379],[127.32996,35.31365],[127.32994,35.31351],[127.32993,35.31337],[127.32994,35.31329],[127.32996,35.31325],[127.33,35.31321],[127.33005,35.31317],[127.33018,35.31311],[127.33023,35.31308],[127.33028,35.31305],[127.33031,35.313],[127.33046,35.31236],[127.33047,35.31227],[127.33046,35.31217],[127.33045,35.31208],[127.33042,35.31204],[127.3304,35.312],[127.33033,35.3119],[127.33019,35.31173],[127.32996,35.3115],[127.32942,35.31105],[127.32936,35.311],[127.32778,35.31012],[127.32763,35.31005],[127.32749,35.30999],[127.32713,35.30989],[127.32365,35.309],[127.32543,35.31086],[127.32558,35.31103],[127.3257,35.3112],[127.32608,35.31182],[127.32617,35.31196],[127.3262,35.31205],[127.32661,35.31366],[127.32664,35.31378],[127.32697,35.31879],[127.32556,35.32277],[127.3254,35.32293],[127.32522,35.32312],[127.32491,35.32347],[127.32465,35.32388],[127.32437,35.32438],[127.32394,35.3252],[127.32356,35.32598],[127.32345,35.32624],[127.32336,35.32657],[127.32301,35.32774],[127.32301,35.32778],[127.32301,35.3285],[127.32307,35.32869],[127.32313,35.32882],[127.32546,35.33346],[127.32564,35.3337],[127.32628,35.33456],[127.32655,35.33492],[127.32756,35.33616],[127.32761,35.3362],[127.3285,35.33653],[127.32856,35.33655],[127.32871,35.33657],[127.33304,35.33879],[127.33301,35.33891],[127.33302,35.33977],[127.33307,35.34092],[127.33308,35.341],[127.33313,35.34112],[127.33427,35.34359],[127.3344,35.34386],[127.33487,35.34465],[127.33494,35.34477],[127.33504,35.34485],[127.33546,35.34513],[127.33574,35.34528],[127.33602,35.34537],[127.33627,35.34542],[127.33646,35.34542],[127.33742,35.34537],[127.33759,35.34536],[127.33987,35.34508],[127.33996,35.34507],[127.342,35.34437],[127.34888,35.34288],[127.35088,35.34195],[127.35156,35.3416],[127.35172,35.34149],[127.35189,35.34131],[127.35204,35.34117],[127.35222,35.34108],[127.35237,35.34108],[127.35263,35.34115],[127.35456,35.34204],[127.35481,35.3422],[127.35505,35.34239],[127.3581,35.34512],[127.35985,35.34606],[127.36492,35.34746],[127.36807,35.34615],[127.36834,35.34602],[127.36902,35.34572],[127.36922,35.34564],[127.36932,35.34564],[127.3707,35.34597],[127.37074,35.34603],[127.37083,35.34708],[127.37086,35.34758],[127.37089,35.34809],[127.37089,35.34835],[127.37093,35.34856],[127.37106,35.34902],[127.37113,35.34926],[127.37133,35.3498],[127.37143,35.35005],[127.37153,35.35029],[127.37168,35.35051],[127.37254,35.35174],[127.37267,35.35186],[127.37288,35.35201],[127.37316,35.3522],[127.37325,35.35225],[127.37329,35.35227],[127.37334,35.35227],[127.3734,35.35228],[127.3735,35.35226],[127.37579,35.35194],[127.37601,35.35189],[127.37611,35.35187],[127.3763,35.35186],[127.37645,35.35187],[127.37654,35.35187],[127.37663,35.3519],[127.37671,35.35193],[127.37678,35.35198],[127.37688,35.35207],[127.37698,35.35216],[127.3771,35.35235],[127.37769,35.35361],[127.37788,35.35404],[127.37822,35.35507],[127.37837,35.35567],[127.37848,35.35599],[127.37867,35.35625],[127.37897,35.35665],[127.37916,35.35684],[127.38449,35.36027],[127.38834,35.36237],[127.3911,35.3646],[127.3928,35.36567],[127.39524,35.36386],[127.3963,35.36095],[127.39638,35.36073],[127.39727,35.35871],[127.39741,35.35848],[127.39758,35.35826],[127.39768,35.35817],[127.39773,35.35813],[127.39788,35.35805],[127.39834,35.3579],[127.39862,35.35784],[127.39902,35.35777],[127.40058,35.35759],[127.40508,35.35722],[127.40806,35.35733],[127.40957,35.3575],[127.4097,35.35746],[127.40984,35.35736],[127.41,35.35721],[127.41016,35.3569],[127.4103,35.35662],[127.41036,35.35645],[127.41053,35.35624],[127.4107,35.35611],[127.41252,35.35479],[127.4142,35.35381],[127.41435,35.35374],[127.41465,35.35378],[127.41519,35.35393],[127.41539,35.35397],[127.41567,35.35396],[127.4159,35.35393],[127.42003,35.35276],[127.42037,35.35265],[127.4205,35.35261],[127.42078,35.35251],[127.42084,35.35248],[127.42089,35.35246],[127.42092,35.35244],[127.42246,35.35115],[127.42251,35.3511],[127.4226,35.35101],[127.42276,35.35084]]]]}},{"type":"Feature","properties":{"code":"52190330","name":"송동면","parent":"52190"},"geometry":{"type":"MultiPolygon","coordinates":[[[[127.39411,35.3754],[127.39407,35.37524],[127.39399,35.37507],[127.39317,35.37359],[127.39298,35.37338],[127.39261,35.37303],[127.39208,35.37255],[127.39095,35.36729],[127.39096,35.36723],[127.391,35.36715],[127.39119,35.36686],[127.3915,35.36645],[127.39172,35.36626],[127.3918,35.36621],[127.39197,35.36612],[127.3928,35.36567],[127.3911,35.3646],[127.38834,35.36237],[127.38449,35.36027],[127.37916,35.35684],[127.37897,35.35665],[127.37867,35.35625],[127.37848,35.35599],[127.37837,35.35567],[127.37822,35.35507],[127.37788,35.35404],[127.37769,35.35361],[127.3771,35.35235],[127.37698,35.35216],[127.37688,35.35207],[127.37678,35.35198],[127.37671,35.35193],[127.37663,35.3519],[127.37654,35.35187],[127.37645,35.35187],[127.3763,35.35186],[127.37611,35.35187],[127.37601,35.35189],[127.37579,35.35194],[127.3735,35.35226],[127.3734,35.35228],[127.37334,35.35227],[127.37329,35.35227],[127.37325,35.35225],[127.37316,35.3522],[127.37288,35.35201],[127.37267,35.35186],[127.37254,35.35174],[127.37168,35.35051],[127.37153,35.35029],[127.37143,35.35005],[127.37133,35.3498],[127.37113,35.34926],[127.37106,35.34902],[127.37093,35.34856],[127.37089,35.34835],[127.37089,35.34809],[127.37086,35.34758],[127.37083,35.34708],[127.37074,35.34603],[127.3707,35.34597],[127.36932,35.34564],[127.36922,35.34564],[127.36902,35.34572],[127.36834,35.34602],[127.36807,35.34615],[127.36492,35.34746],[127.35985,35.34606],[127.3581,35.34512],[127.35505,35.34239],[127.35481,35.3422],[127.35456,35.34204],[127.35263,35.34115],[127.35237,35.34108],[127.35222,35.34108],[127.35204,35.34117],[127.35189,35.34131],[127.35172,35.34149],[127.35156,35.3416],[127.35088,35.34195],[127.34888,35.34288],[127.342,35.34437],[127.33996,35.34507],[127.33987,35.34508],[127.33759,35.34536],[127.33742,35.34537],[127.33646,35.34542],[127.33627,35.34542],[127.33602,35.34537],[127.33574,35.34528],[127.33546,35.34513],[127.33504,35.34485],[127.33494,35.34477],[127.33487,35.34465],[127.3344,35.34386],[127.33427,35.34359],[127.33313,35.34112],[127.33308,35.341],[127.33307,35.34092],[127.33302,35.33977],[127.33301,35.33891],[127.33304,35.33879],[127.32871,35.33657],[127.32856,35.33655],[127.3285,35.33653],[127.32761,35.3362],[127.32756,35.33616],[127.32655,35.33492],[127.32628,35.33456],[127.32564,35.3337],[127.32546,35.33346],[127.32313,35.32882],[127.32307,35.32869],[127.32301,35.3285],[127.32301,35.32778],[127.32301,35.32774],[127.32336,35.32657],[127.32345,35.32624],[127.32356,35.32598],[127.32394,35.3252],[127.32437,35.32438],[127.32465,35.32388],[127.32491,35.32347],[127.32522,35.32312],[127.3254,35.32293],[127.32556,35.32277],[127.32697,35.31879],[127.32664,35.31378],[127.32661,35.31366],[127.3262,35.31205],[127.32617,35.31196],[127.32608,35.31182],[127.3257,35.3112],[127.32558,35.31103],[127.32543,35.31086],[127.32365,35.309],[127.32411,35.30646],[127.3214,35.30574],[127.32054,35.30622],[127.31391,35.31394],[127.31369,35.31425],[127.31349,35.31456],[127.31329,35.31492],[127.31315,35.31518],[127.31247,35.31652],[127.31191,35.31761],[127.31135,35.31881],[127.31127,35.31901],[127.31126,35.31907],[127.31122,35.31957],[127.31105,35.32262],[127.31106,35.3227],[127.31109,35.32283],[127.31115,35.32296],[127.31135,35.32331],[127.31139,35.32337],[127.31181,35.32413],[127.31184,35.32425],[127.31185,35.32431],[127.31183,35.32443],[127.31176,35.32469],[127.31132,35.32607],[127.31121,35.3264],[127.31114,35.32657],[127.31003,35.3282],[127.30989,35.32833],[127.30969,35.32844],[127.30945,35.32853],[127.30908,35.32859],[127.30869,35.32863],[127.30845,35.32868],[127.30814,35.32879],[127.30788,35.32891],[127.30762,35.32911],[127.30739,35.3293],[127.30697,35.32983],[127.30651,35.33053],[127.30591,35.33163],[127.30556,35.33234],[127.30526,35.33303],[127.30387,35.33661],[127.30372,35.33724],[127.30369,35.33766],[127.30367,35.33811],[127.3037,35.3385],[127.30374,35.33903],[127.30383,35.33999],[127.30397,35.34092],[127.30413,35.34177],[127.30429,35.34241],[127.30453,35.34311],[127.3065,35.34883],[127.30726,35.35],[127.30797,35.35164],[127.31007,35.35751],[127.31053,35.35894],[127.31062,35.3593],[127.31088,35.3604],[127.31093,35.36056],[127.31097,35.36075],[127.31126,35.36175],[127.31175,35.36264],[127.31542,35.36687],[127.31643,35.36784],[127.31705,35.3683],[127.31895,35.36943],[127.31916,35.36955],[127.31965,35.36984],[127.32188,35.37102],[127.32535,35.37283],[127.32743,35.37385],[127.32827,35.37408],[127.32898,35.37414],[127.3294,35.37414],[127.32977,35.37417],[127.33015,35.37421],[127.3304,35.37425],[127.33056,35.37429],[127.3313,35.37473],[127.33343,35.37619],[127.33375,35.37642],[127.33426,35.3768],[127.33621,35.37805],[127.33758,35.37887],[127.33876,35.37946],[127.33886,35.37951],[127.3404,35.38017],[127.34467,35.38223],[127.347,35.3834],[127.34789,35.38385],[127.35277,35.38643],[127.35443,35.38731],[127.35675,35.38857],[127.36825,35.39471],[127.36861,35.39446],[127.37066,35.3927],[127.37096,35.39242],[127.37126,35.39166],[127.37118,35.38966],[127.3709,35.38827],[127.37051,35.38728],[127.37014,35.38662],[127.37,35.38622],[127.36991,35.38517],[127.37009,35.38481],[127.37241,35.38271],[127.37265,35.38266],[127.37286,35.38265],[127.37377,35.38272],[127.3766,35.38255],[127.37749,35.38134],[127.37786,35.38046],[127.37785,35.38018],[127.37775,35.37918],[127.3777,35.37894],[127.3773,35.37857],[127.37653,35.37786],[127.37551,35.37709],[127.37554,35.37698],[127.37583,35.37614],[127.37606,35.3759],[127.38148,35.3743],[127.38706,35.37487],[127.38922,35.37527],[127.38946,35.3754],[127.3901,35.37565],[127.39028,35.37566],[127.39345,35.37579],[127.39376,35.37572],[127.39405,35.3755],[127.39411,35.3754]]]]}},{"type":"Feature","properties":{"code":"52190340","name":"주생면","parent":"52190"},"geometry":{"type":"MultiPolygon","coordinates":[[[[127.34672,35.40445],[127.34715,35.40427],[127.34777,35.40425],[127.35099,35.40445],[127.35412,35.40465],[127.35415,35.40159],[127.35644,35.40033],[127.35651,35.40012],[127.35641,35.39555],[127.35737,35.39565],[127.35696,35.39415],[127.35682,35.39354],[127.35677,35.39186],[127.35676,35.39043],[127.35675,35.38874],[127.35675,35.38857],[127.35443,35.38731],[127.35277,35.38643],[127.34789,35.38385],[127.347,35.3834],[127.34467,35.38223],[127.3404,35.38017],[127.33886,35.37951],[127.33876,35.37946],[127.33758,35.37887],[127.33621,35.37805],[127.33426,35.3768],[127.33375,35.37642],[127.33343,35.37619],[127.3313,35.37473],[127.33056,35.37429],[127.3304,35.37425],[127.33015,35.37421],[127.32977,35.37417],[127.3294,35.37414],[127.32898,35.37414],[127.32827,35.37408],[127.32743,35.37385],[127.32535,35.37283],[127.32188,35.37102],[127.31965,35.36984],[127.31916,35.36955],[127.31895,35.36943],[127.31705,35.3683],[127.31643,35.36784],[127.31542,35.36687],[127.31175,35.36264],[127.31126,35.36175],[127.31097,35.36075],[127.31093,35.36056],[127.31088,35.3604],[127.31062,35.3593],[127.31053,35.35894],[127.30922,35.36074],[127.30892,35.36107],[127.30861,35.3614],[127.30829,35.36172],[127.30807,35.3619],[127.30769,35.36213],[127.30725,35.3623],[127.30705,35.3628],[127.3071,35.36296],[127.30742,35.36411],[127.30755,35.3645],[127.30774,35.3649],[127.30799,35.36531],[127.30872,35.3665],[127.3068,35.36847],[127.30654,35.36854],[127.30643,35.36862],[127.30637,35.36866],[127.30621,35.36887],[127.30606,35.36917],[127.3057,35.37012],[127.30569,35.37041],[127.30569,35.37071],[127.30592,35.37219],[127.30608,35.37273],[127.30605,35.37292],[127.30599,35.37313],[127.30587,35.37344],[127.30574,35.37374],[127.30556,35.37401],[127.30535,35.37415],[127.30502,35.37432],[127.30472,35.37442],[127.30378,35.3745],[127.30339,35.37441],[127.30328,35.37439],[127.30274,35.3742],[127.3024,35.37408],[127.29943,35.37249],[127.29897,35.37125],[127.29864,35.37033],[127.29846,35.37002],[127.2958,35.36729],[127.29532,35.36695],[127.29345,35.36599],[127.28848,35.36522],[127.28067,35.36636],[127.27857,35.36691],[127.27836,35.367],[127.27821,35.36706],[127.27645,35.36787],[127.27581,35.3682],[127.27553,35.36835],[127.27538,35.36847],[127.27521,35.36861],[127.27452,35.36891],[127.27445,35.36894],[127.27417,35.36903],[127.27389,35.36911],[127.27381,35.36913],[127.27371,35.36916],[127.27342,35.36923],[127.27327,35.36926],[127.27199,35.36943],[127.27151,35.36948],[127.27124,35.36945],[127.27095,35.36938],[127.27004,35.3691],[127.2696,35.36895],[127.26915,35.3688],[127.26887,35.36871],[127.26855,35.36865],[127.26594,35.36856],[127.26152,35.36916],[127.26121,35.36923],[127.26059,35.36965],[127.26045,35.36977],[127.2603,35.3699],[127.25983,35.37041],[127.25448,35.37381],[127.25547,35.37536],[127.2556,35.37555],[127.25568,35.37559],[127.25595,35.37566],[127.25615,35.37568],[127.25636,35.37569],[127.25655,35.37574],[127.25673,35.37583],[127.25694,35.37602],[127.25708,35.37616],[127.25728,35.37639],[127.25737,35.3765],[127.25921,35.37873],[127.25981,35.37945],[127.26041,35.38028],[127.26035,35.38042],[127.26027,35.38059],[127.26011,35.38091],[127.26002,35.38095],[127.25983,35.38104],[127.2598,35.38106],[127.25975,35.38111],[127.2597,35.38121],[127.25961,35.3814],[127.25953,35.38159],[127.25946,35.38178],[127.2593,35.38236],[127.25949,35.38523],[127.25951,35.38533],[127.25985,35.38686],[127.26113,35.39121],[127.26326,35.39431],[127.26344,35.39447],[127.26357,35.39456],[127.26366,35.39461],[127.2648,35.39517],[127.265,35.39524],[127.26515,35.39528],[127.26538,35.39534],[127.26565,35.39538],[127.26573,35.39539],[127.26586,35.39541],[127.26604,35.39542],[127.26623,35.39541],[127.2663,35.39541],[127.26637,35.39545],[127.26645,35.39553],[127.26744,35.39695],[127.26752,35.39707],[127.26755,35.39717],[127.26754,35.39724],[127.2675,35.39735],[127.26706,35.39858],[127.2669,35.39903],[127.26709,35.39985],[127.26911,35.40257],[127.26926,35.40268],[127.27064,35.40362],[127.27138,35.40409],[127.27175,35.40431],[127.27567,35.40095],[127.27588,35.4008],[127.28101,35.39837],[127.28162,35.39819],[127.28247,35.39801],[127.28307,35.39788],[127.28363,35.39779],[127.28418,35.3977],[127.28558,35.39755],[127.28618,35.39755],[127.28643,35.39758],[127.28722,35.39765],[127.28814,35.39772],[127.28844,35.39775],[127.28898,35.39777],[127.28939,35.39775],[127.28958,35.39772],[127.28998,35.39765],[127.29014,35.39762],[127.2907,35.39741],[127.29273,35.39664],[127.29441,35.39595],[127.29457,35.39584],[127.2949,35.39562],[127.29514,35.39541],[127.29526,35.3953],[127.29596,35.39463],[127.2965,35.39411],[127.29675,35.39392],[127.29724,35.39375],[127.29789,35.39355],[127.30285,35.3921],[127.30305,35.39206],[127.3034,35.39205],[127.30378,35.39211],[127.30397,35.39217],[127.30591,35.39333],[127.30599,35.39343],[127.30604,35.39365],[127.30598,35.39407],[127.3059,35.39458],[127.30834,35.39561],[127.30864,35.39548],[127.31273,35.39408],[127.31283,35.39405],[127.31341,35.39405],[127.31395,35.39409],[127.3143,35.39412],[127.31965,35.39568],[127.32118,35.39739],[127.32119,35.39817],[127.32111,35.39869],[127.32112,35.39902],[127.32137,35.39923],[127.32495,35.40065],[127.32509,35.4007],[127.3253,35.40074],[127.32541,35.40074],[127.32552,35.40075],[127.32556,35.40074],[127.32566,35.40071],[127.32791,35.40053],[127.3312,35.40052],[127.3313,35.40053],[127.33161,35.40053],[127.33314,35.40078],[127.33556,35.40131],[127.33613,35.40145],[127.33648,35.40153],[127.33666,35.40163],[127.3369,35.4018],[127.33725,35.40204],[127.33778,35.40236],[127.33975,35.40341],[127.33996,35.40349],[127.34032,35.40362],[127.34061,35.40369],[127.34576,35.40477],[127.3463,35.40467],[127.34672,35.40445]]]]}},{"type":"Feature","properties":{"code":"52190350","name":"금지면","parent":"52190"},"geometry":{"type":"MultiPolygon","coordinates":[[[[127.31053,35.35894],[127.31007,35.35751],[127.30797,35.35164],[127.30726,35.35],[127.3065,35.34883],[127.30453,35.34311],[127.30429,35.34241],[127.30413,35.34177],[127.30397,35.34092],[127.30383,35.33999],[127.30374,35.33903],[127.3037,35.3385],[127.30367,35.33811],[127.30369,35.33766],[127.30372,35.33724],[127.30387,35.33661],[127.30526,35.33303],[127.30556,35.33234],[127.30591,35.33163],[127.30651,35.33053],[127.30697,35.32983],[127.30739,35.3293],[127.30762,35.32911],[127.30788,35.32891],[127.30814,35.32879],[127.30845,35.32868],[127.30869,35.32863],[127.30908,35.32859],[127.30945,35.32853],[127.30969,35.32844],[127.30989,35.32833],[127.31003,35.3282],[127.31114,35.32657],[127.31121,35.3264],[127.31132,35.32607],[127.31176,35.32469],[127.31183,35.32443],[127.31185,35.32431],[127.31184,35.32425],[127.31181,35.32413],[127.31139,35.32337],[127.31135,35.32331],[127.31115,35.32296],[127.31109,35.32283],[127.31106,35.3227],[127.31105,35.32262],[127.31122,35.31957],[127.31126,35.31907],[127.31127,35.31901],[127.31135,35.31881],[127.31191,35.31761],[127.31247,35.31652],[127.31315,35.31518],[127.31329,35.31492],[127.31349,35.31456],[127.31369,35.31425],[127.31391,35.31394],[127.32054,35.30622],[127.3214,35.30574],[127.3197,35.30535],[127.30856,35.30313],[127.30851,35.30312],[127.30728,35.30308],[127.30649,35.30306],[127.30639,35.30306],[127.30627,35.30306],[127.30593,35.30307],[127.30584,35.30308],[127.30566,35.3031],[127.30543,35.30316],[127.30524,35.30324],[127.30509,35.30335],[127.30498,35.30346],[127.30494,35.3035],[127.3049,35.30357],[127.30486,35.30363],[127.30484,35.30368],[127.3048,35.30377],[127.30479,35.3038],[127.30478,35.30384],[127.30477,35.3039],[127.30475,35.30399],[127.30473,35.30412],[127.30471,35.30426],[127.30469,35.30442],[127.30465,35.30465],[127.3046,35.30488],[127.30455,35.30505],[127.30449,35.30523],[127.30444,35.30536],[127.30441,35.30544],[127.30438,35.30551],[127.30434,35.30557],[127.30428,35.30564],[127.3042,35.30573],[127.30188,35.30817],[127.30181,35.30825],[127.30177,35.30829],[127.30172,35.30833],[127.30168,35.30835],[127.30159,35.30841],[127.3015,35.30846],[127.29792,35.31027],[127.297,35.31073],[127.29246,35.313],[127.29225,35.3131],[127.29201,35.3132],[127.2918,35.31328],[127.29156,35.31337],[127.29132,35.31345],[127.29113,35.3135],[127.28945,35.31393],[127.28919,35.314],[127.28916,35.31401],[127.28905,35.31403],[127.28894,35.31406],[127.28871,35.31411],[127.28854,35.31415],[127.28842,35.31417],[127.28833,35.31419],[127.28821,35.3142],[127.28816,35.3142],[127.28809,35.3142],[127.28787,35.31421],[127.28765,35.3142],[127.28745,35.31419],[127.2873,35.31418],[127.28015,35.31345],[127.27183,35.31304],[127.27142,35.31302],[127.2712,35.31302],[127.27115,35.31302],[127.27106,35.31302],[127.2697,35.3131],[127.26839,35.3132],[127.26831,35.31321],[127.26818,35.31324],[127.26756,35.3134],[127.26742,35.31344],[127.26714,35.31353],[127.26696,35.31359],[127.26688,35.31361],[127.26682,35.31362],[127.26678,35.31363],[127.2667,35.31364],[127.26655,35.31367],[127.26637,35.31369],[127.26626,35.3137],[127.26622,35.3137],[127.26606,35.31372],[127.26581,35.31373],[127.26565,35.31373],[127.26555,35.31373],[127.26541,35.31373],[127.26531,35.31373],[127.26518,35.31372],[127.26513,35.31371],[127.26497,35.31369],[127.26489,35.31369],[127.26485,35.31368],[127.2648,35.31367],[127.26475,35.31367],[127.26466,35.31365],[127.26459,35.31364],[127.26452,35.31362],[127.26442,35.31357],[127.26436,35.31355],[127.26432,35.31353],[127.26408,35.3134],[127.26377,35.31323],[127.26283,35.3127],[127.26214,35.3123],[127.26198,35.31221],[127.26182,35.31212],[127.26167,35.31203],[127.26151,35.31195],[127.26138,35.31189],[127.26117,35.3118],[127.26104,35.31174],[127.26094,35.3117],[127.26091,35.31169],[127.26085,35.31167],[127.26079,35.31165],[127.26074,35.31164],[127.26067,35.31163],[127.26058,35.31163],[127.26044,35.31163],[127.26029,35.31164],[127.26016,35.31165],[127.25997,35.31167],[127.25989,35.31168],[127.25978,35.3117],[127.25954,35.31175],[127.25936,35.31179],[127.25919,35.31183],[127.25886,35.31191],[127.25845,35.31203],[127.25791,35.31219],[127.25734,35.31237],[127.25715,35.31244],[127.25706,35.31247],[127.25689,35.31253],[127.25683,35.31255],[127.25676,35.31259],[127.25644,35.31273],[127.2564,35.31276],[127.25274,35.31483],[127.25267,35.31488],[127.2525,35.31498],[127.25228,35.31512],[127.25221,35.31517],[127.25214,35.31523],[127.25204,35.31533],[127.25197,35.31539],[127.25194,35.31543],[127.25187,35.31551],[127.25159,35.31587],[127.25142,35.3161],[127.25138,35.31615],[127.25136,35.3162],[127.25133,35.31626],[127.25131,35.31632],[127.25128,35.31649],[127.2512,35.31696],[127.25264,35.31729],[127.25268,35.31731],[127.25272,35.31733],[127.25282,35.31744],[127.25292,35.31754],[127.25365,35.31875],[127.2538,35.31909],[127.25553,35.32342],[127.25627,35.32653],[127.25623,35.32674],[127.25623,35.3269],[127.25624,35.32699],[127.25631,35.3272],[127.2564,35.32746],[127.25655,35.32784],[127.25749,35.33011],[127.25758,35.33031],[127.25825,35.33134],[127.25893,35.33239],[127.25904,35.33255],[127.25918,35.33276],[127.25929,35.33295],[127.25937,35.33314],[127.2595,35.33351],[127.25955,35.33369],[127.26,35.33668],[127.25761,35.33733],[127.25619,35.33754],[127.25575,35.33753],[127.25532,35.33753],[127.25511,35.33754],[127.25502,35.33762],[127.25464,35.33805],[127.25451,35.33823],[127.2539,35.33949],[127.25274,35.34343],[127.2532,35.34476],[127.2536,35.34671],[127.25379,35.34803],[127.25382,35.34918],[127.25378,35.34927],[127.25369,35.3494],[127.25365,35.34945],[127.25274,35.35058],[127.25126,35.35215],[127.24954,35.35325],[127.24914,35.35352],[127.24904,35.35362],[127.24665,35.35613],[127.24676,35.35649],[127.24686,35.35673],[127.24711,35.35722],[127.24742,35.3609],[127.24755,35.36543],[127.24726,35.3675],[127.24727,35.3676],[127.24737,35.36785],[127.24761,35.36837],[127.24774,35.36852],[127.24791,35.36868],[127.24881,35.36923],[127.24896,35.36931],[127.24916,35.36931],[127.24938,35.36932],[127.24952,35.36936],[127.25081,35.37007],[127.25152,35.37051],[127.25163,35.37059],[127.25355,35.37264],[127.25419,35.37336],[127.25433,35.37356],[127.25448,35.37381],[127.25983,35.37041],[127.2603,35.3699],[127.26045,35.36977],[127.26059,35.36965],[127.26121,35.36923],[127.26152,35.36916],[127.26594,35.36856],[127.26855,35.36865],[127.26887,35.36871],[127.26915,35.3688],[127.2696,35.36895],[127.27004,35.3691],[127.27095,35.36938],[127.27124,35.36945],[127.27151,35.36948],[127.27199,35.36943],[127.27327,35.36926],[127.27342,35.36923],[127.27371,35.36916],[127.27381,35.36913],[127.27389,35.36911],[127.27417,35.36903],[127.27445,35.36894],[127.27452,35.36891],[127.27521,35.36861],[127.27538,35.36847],[127.27553,35.36835],[127.27581,35.3682],[127.27645,35.36787],[127.27821,35.36706],[127.27836,35.367],[127.27857,35.36691],[127.28067,35.36636],[127.28848,35.36522],[127.29345,35.36599],[127.29532,35.36695],[127.2958,35.36729],[127.29846,35.37002],[127.29864,35.37033],[127.29897,35.37125],[127.29943,35.37249],[127.3024,35.37408],[127.30274,35.3742],[127.30328,35.37439],[127.30339,35.37441],[127.30378,35.3745],[127.30472,35.37442],[127.30502,35.37432],[127.30535,35.37415],[127.30556,35.37401],[127.30574,35.37374],[127.30587,35.37344],[127.30599,35.37313],[127.30605,35.37292],[127.30608,35.37273],[127.30592,35.37219],[127.30569,35.37071],[127.30569,35.37041],[127.3057,35.37012],[127.30606,35.36917],[127.30621,35.36887],[127.30637,35.36866],[127.30643,35.36862],[127.30654,35.36854],[127.3068,35.36847],[127.30872,35.3665],[127.30799,35.36531],[127.30774,35.3649],[127.30755,35.3645],[127.30742,35.36411],[127.3071,35.36296],[127.30705,35.3628],[127.30725,35.3623],[127.30769,35.36213],[127.30807,35.3619],[127.30829,35.36172],[127.30861,35.3614],[127.30892,35.36107],[127.30922,35.36074],[127.31053,35.35894]]]]}},{"type":"Feature","properties":{"code":"52190360","name":"대강면","parent":"52190"},"geometry":{"type":"MultiPolygon","coordinates":[[[[127.27569,35.42115],[127.27769,35.41887],[127.27779,35.4187],[127.2778,35.4186],[127.27765,35.41685],[127.27665,35.4149],[127.27658,35.4148],[127.27646,35.41467],[127.27626,35.41453],[127.27551,35.41413],[127.27519,35.41404],[127.27489,35.41399],[127.27456,35.41395],[127.27396,35.41395],[127.27344,35.41397],[127.27307,35.41403],[127.27258,35.41412],[127.27177,35.41422],[127.27162,35.41423],[127.27129,35.4142],[127.27096,35.41417],[127.27065,35.41411],[127.27047,35.41404],[127.27038,35.41394],[127.2703,35.41373],[127.27015,35.41331],[127.27009,35.41312],[127.27009,35.41305],[127.27009,35.41303],[127.27039,35.40975],[127.27163,35.40698],[127.27185,35.40682],[127.272,35.40669],[127.27233,35.40584],[127.27234,35.40577],[127.27231,35.40567],[127.27175,35.40431],[127.27138,35.40409],[127.27064,35.40362],[127.26926,35.40268],[127.26911,35.40257],[127.26709,35.39985],[127.2669,35.39903],[127.26706,35.39858],[127.2675,35.39735],[127.26754,35.39724],[127.26755,35.39717],[127.26752,35.39707],[127.26744,35.39695],[127.26645,35.39553],[127.26637,35.39545],[127.2663,35.39541],[127.26623,35.39541],[127.26604,35.39542],[127.26586,35.39541],[127.26573,35.39539],[127.26565,35.39538],[127.26538,35.39534],[127.26515,35.39528],[127.265,35.39524],[127.2648,35.39517],[127.26366,35.39461],[127.26357,35.39456],[127.26344,35.39447],[127.26326,35.39431],[127.26113,35.39121],[127.25985,35.38686],[127.25951,35.38533],[127.25949,35.38523],[127.2593,35.38236],[127.25946,35.38178],[127.25953,35.38159],[127.25961,35.3814],[127.2597,35.38121],[127.25975,35.38111],[127.2598,35.38106],[127.25983,35.38104],[127.26002,35.38095],[127.26011,35.38091],[127.26027,35.38059],[127.26035,35.38042],[127.26041,35.38028],[127.25981,35.37945],[127.25921,35.37873],[127.25737,35.3765],[127.25728,35.37639],[127.25708,35.37616],[127.25694,35.37602],[127.25673,35.37583],[127.25655,35.37574],[127.25636,35.37569],[127.25615,35.37568],[127.25595,35.37566],[127.25568,35.37559],[127.2556,35.37555],[127.25547,35.37536],[127.25448,35.37381],[127.25433,35.37356],[127.25419,35.37336],[127.25355,35.37264],[127.25163,35.37059],[127.25152,35.37051],[127.25081,35.37007],[127.24952,35.36936],[127.24938,35.36932],[127.24916,35.36931],[127.24896,35.36931],[127.24881,35.36923],[127.24791,35.36868],[127.24774,35.36852],[127.24761,35.36837],[127.24737,35.36785],[127.24727,35.3676],[127.24726,35.3675],[127.24755,35.36543],[127.24742,35.3609],[127.24711,35.35722],[127.24686,35.35673],[127.24676,35.35649],[127.24665,35.35613],[127.24904,35.35362],[127.24914,35.35352],[127.24954,35.35325],[127.25126,35.35215],[127.25274,35.35058],[127.25365,35.34945],[127.25369,35.3494],[127.25378,35.34927],[127.25382,35.34918],[127.25379,35.34803],[127.2536,35.34671],[127.2532,35.34476],[127.25274,35.34343],[127.2539,35.33949],[127.25451,35.33823],[127.25464,35.33805],[127.25502,35.33762],[127.25511,35.33754],[127.25532,35.33753],[127.25575,35.33753],[127.25619,35.33754],[127.25761,35.33733],[127.26,35.33668],[127.25955,35.33369],[127.2595,35.33351],[127.25937,35.33314],[127.25929,35.33295],[127.25918,35.33276],[127.25904,35.33255],[127.25893,35.33239],[127.25825,35.33134],[127.25758,35.33031],[127.25749,35.33011],[127.25655,35.32784],[127.2564,35.32746],[127.25631,35.3272],[127.25624,35.32699],[127.25623,35.3269],[127.25623,35.32674],[127.25627,35.32653],[127.25553,35.32342],[127.2538,35.31909],[127.25365,35.31875],[127.25292,35.31754],[127.25282,35.31744],[127.25272,35.31733],[127.25268,35.31731],[127.25264,35.31729],[127.2512,35.31696],[127.25115,35.31739],[127.25107,35.31761],[127.25099,35.31781],[127.2509,35.31795],[127.25088,35.31799],[127.25079,35.31812],[127.25069,35.31825],[127.25055,35.3184],[127.25045,35.31848],[127.25037,35.31856],[127.25005,35.31878],[127.24939,35.31918],[127.24914,35.31933],[127.24888,35.31948],[127.24825,35.31985],[127.24754,35.32029],[127.24605,35.32131],[127.24197,35.32422],[127.24111,35.32495],[127.23741,35.32814],[127.23737,35.32815],[127.23571,35.32915],[127.23503,35.32973],[127.2346,35.33036],[127.23444,35.33082],[127.2343,35.33126],[127.23423,35.33155],[127.23415,35.33215],[127.23404,35.33284],[127.23281,35.33453],[127.23273,35.33463],[127.23267,35.33469],[127.23259,35.33476],[127.23248,35.33486],[127.23239,35.33494],[127.23217,35.33507],[127.23179,35.33527],[127.2317,35.33529],[127.23166,35.3353],[127.2316,35.33531],[127.23117,35.33528],[127.23038,35.3355],[127.22606,35.33637],[127.22548,35.33647],[127.22451,35.33663],[127.2229,35.3367],[127.22265,35.3367],[127.22227,35.33663],[127.22179,35.33649],[127.22168,35.33646],[127.22158,35.33643],[127.22117,35.33629],[127.22023,35.33587],[127.22006,35.33577],[127.21995,35.3357],[127.2197,35.33551],[127.21968,35.33549],[127.21964,35.33545],[127.21959,35.3354],[127.21917,35.33481],[127.21894,35.33445],[127.21628,35.32996],[127.21611,35.32958],[127.21604,35.32933],[127.21603,35.32921],[127.21602,35.32911],[127.21603,35.32872],[127.21605,35.32834],[127.21609,35.32805],[127.21613,35.328],[127.21623,35.32778],[127.21627,35.3277],[127.21648,35.32682],[127.21694,35.32496],[127.21727,35.32267],[127.21742,35.32076],[127.21739,35.32017],[127.21735,35.31953],[127.21726,35.31892],[127.21588,35.31673],[127.21577,35.31661],[127.21574,35.31658],[127.21552,35.31638],[127.21485,35.31617],[127.21368,35.31595],[127.211,35.31546],[127.20994,35.31536],[127.20359,35.31552],[127.20293,35.31556],[127.20185,35.31565],[127.2018,35.31565],[127.20088,35.3158],[127.19976,35.31636],[127.19924,35.31676],[127.19887,35.31704],[127.19878,35.31713],[127.1979,35.31802],[127.19767,35.31828],[127.19742,35.31854],[127.19724,35.31867],[127.19688,35.31891],[127.19659,35.31906],[127.1964,35.31914],[127.19625,35.31919],[127.19562,35.31942],[127.19495,35.31964],[127.19473,35.31971],[127.19446,35.31979],[127.18895,35.3217],[127.18711,35.32236],[127.18701,35.32241],[127.18684,35.32255],[127.1866,35.32286],[127.18445,35.32581],[127.18434,35.32602],[127.18418,35.32634],[127.1834,35.32805],[127.18325,35.32883],[127.18313,35.33008],[127.1834,35.33237],[127.1861,35.33619],[127.18652,35.33642],[127.18691,35.33662],[127.18714,35.3367],[127.18732,35.33676],[127.18774,35.33688],[127.18802,35.33695],[127.18942,35.33722],[127.19087,35.33748],[127.19114,35.33752],[127.19168,35.33758],[127.19261,35.3377],[127.19286,35.33775],[127.19308,35.33779],[127.19345,35.33787],[127.19493,35.33831],[127.19535,35.33854],[127.19556,35.33875],[127.19569,35.33902],[127.19569,35.33905],[127.1957,35.33915],[127.19568,35.33931],[127.19562,35.33946],[127.19558,35.33954],[127.19539,35.33982],[127.19529,35.33994],[127.19502,35.34025],[127.19481,35.34048],[127.19441,35.34084],[127.1939,35.34128],[127.19285,35.34179],[127.1925,35.3419],[127.19207,35.34201],[127.19101,35.34227],[127.19068,35.34234],[127.19051,35.34238],[127.19029,35.34242],[127.19014,35.34244],[127.18999,35.34247],[127.18978,35.3425],[127.18955,35.34253],[127.189,35.34265],[127.18854,35.34283],[127.18828,35.34297],[127.18782,35.34322],[127.1874,35.3435],[127.18732,35.34359],[127.18728,35.34374],[127.1872,35.34432],[127.18719,35.34466],[127.18723,35.34502],[127.18729,35.34524],[127.18758,35.34604],[127.18872,35.34844],[127.18935,35.35085],[127.19251,35.35488],[127.19454,35.35961],[127.19733,35.36437],[127.19908,35.36424],[127.20029,35.36339],[127.20111,35.3624],[127.20217,35.36161],[127.20505,35.36062],[127.2064,35.3611],[127.20649,35.36114],[127.20659,35.36124],[127.20667,35.36138],[127.20669,35.36145],[127.20673,35.36157],[127.20674,35.36171],[127.20688,35.36235],[127.20719,35.36346],[127.20722,35.3635],[127.20726,35.36355],[127.21035,35.36706],[127.21065,35.36723],[127.21224,35.36801],[127.21236,35.36804],[127.21241,35.36804],[127.21256,35.36806],[127.21268,35.36807],[127.21274,35.36807],[127.21303,35.36814],[127.2131,35.36817],[127.21416,35.36872],[127.21458,35.36916],[127.21478,35.36945],[127.21522,35.37034],[127.21527,35.37046],[127.21527,35.37052],[127.21449,35.37285],[127.21434,35.37317],[127.21429,35.37325],[127.21344,35.37434],[127.2134,35.37615],[127.21509,35.37841],[127.21853,35.3835],[127.21938,35.38486],[127.22123,35.38831],[127.22143,35.38882],[127.2221,35.3915],[127.22261,35.39312],[127.22391,35.39556],[127.22544,35.39833],[127.22589,35.39888],[127.22633,35.39905],[127.22664,35.39908],[127.22674,35.39909],[127.22908,35.39863],[127.23036,35.39837],[127.23143,35.39796],[127.23543,35.39885],[127.23946,35.39928],[127.24065,35.39908],[127.24283,35.39874],[127.24471,35.39849],[127.24505,35.39848],[127.24516,35.39851],[127.24543,35.39856],[127.24587,35.39884],[127.24639,35.39939],[127.24695,35.40034],[127.24829,35.40337],[127.24918,35.4054],[127.24977,35.40677],[127.25055,35.40862],[127.25056,35.40868],[127.25113,35.41288],[127.25156,35.41631],[127.25156,35.41656],[127.25163,35.41682],[127.25172,35.41708],[127.25185,35.41725],[127.25263,35.41802],[127.25277,35.41813],[127.25297,35.41822],[127.25457,35.41888],[127.25545,35.42087],[127.2597,35.42677],[127.25979,35.42688],[127.25985,35.42693],[127.25994,35.42695],[127.26012,35.42695],[127.26248,35.42656],[127.26259,35.42653],[127.26594,35.42494],[127.26857,35.4236],[127.27152,35.42197],[127.27167,35.42187],[127.27188,35.42168],[127.27265,35.42069],[127.27569,35.42115]]]]}},{"type":"Feature","properties":{"code":"52190370","name":"대산면","parent":"52190"},"geometry":{"type":"MultiPolygon","coordinates":[[[[127.34923,35.4498],[127.3491,35.44816],[127.34828,35.44636],[127.34834,35.44416],[127.34885,35.44257],[127.34869,35.43921],[127.34852,35.43548],[127.34939,35.43153],[127.34984,35.43089],[127.35062,35.43012],[127.35116,35.42996],[127.35281,35.42728],[127.35332,35.4256],[127.35047,35.42459],[127.34879,35.42336],[127.34753,35.42124],[127.34744,35.42091],[127.34754,35.42044],[127.347,35.41877],[127.34659,35.41814],[127.34613,35.41774],[127.34553,35.4175],[127.34394,35.41746],[127.3386,35.41785],[127.33716,35.41765],[127.33671,35.41759],[127.33648,35.41746],[127.33525,35.41656],[127.33381,35.41243],[127.33366,35.41184],[127.33432,35.41186],[127.33645,35.41219],[127.3386,35.41292],[127.34025,35.41253],[127.3422,35.41141],[127.34241,35.41039],[127.343,35.40862],[127.3437,35.40751],[127.34494,35.40646],[127.34623,35.40516],[127.3466,35.40462],[127.34672,35.40445],[127.3463,35.40467],[127.34576,35.40477],[127.34061,35.40369],[127.34032,35.40362],[127.33996,35.40349],[127.33975,35.40341],[127.33778,35.40236],[127.33725,35.40204],[127.3369,35.4018],[127.33666,35.40163],[127.33648,35.40153],[127.33613,35.40145],[127.33556,35.40131],[127.33314,35.40078],[127.33161,35.40053],[127.3313,35.40053],[127.3312,35.40052],[127.32791,35.40053],[127.32566,35.40071],[127.32556,35.40074],[127.32552,35.40075],[127.32541,35.40074],[127.3253,35.40074],[127.32509,35.4007],[127.32495,35.40065],[127.32137,35.39923],[127.32112,35.39902],[127.32111,35.39869],[127.32119,35.39817],[127.32118,35.39739],[127.31965,35.39568],[127.3143,35.39412],[127.31395,35.39409],[127.31341,35.39405],[127.31283,35.39405],[127.31273,35.39408],[127.30864,35.39548],[127.30834,35.39561],[127.3059,35.39458],[127.30598,35.39407],[127.30604,35.39365],[127.30599,35.39343],[127.30591,35.39333],[127.30397,35.39217],[127.30378,35.39211],[127.3034,35.39205],[127.30305,35.39206],[127.30285,35.3921],[127.29789,35.39355],[127.29724,35.39375],[127.29675,35.39392],[127.2965,35.39411],[127.29596,35.39463],[127.29526,35.3953],[127.29514,35.39541],[127.2949,35.39562],[127.29457,35.39584],[127.29441,35.39595],[127.29273,35.39664],[127.2907,35.39741],[127.29014,35.39762],[127.28998,35.39765],[127.28958,35.39772],[127.28939,35.39775],[127.28898,35.39777],[127.28844,35.39775],[127.28814,35.39772],[127.28722,35.39765],[127.28643,35.39758],[127.28618,35.39755],[127.28558,35.39755],[127.28418,35.3977],[127.28363,35.39779],[127.28307,35.39788],[127.28247,35.39801],[127.28162,35.39819],[127.28101,35.39837],[127.27588,35.4008],[127.27567,35.40095],[127.27175,35.40431],[127.27231,35.40567],[127.27234,35.40577],[127.27233,35.40584],[127.272,35.40669],[127.27185,35.40682],[127.27163,35.40698],[127.27039,35.40975],[127.27009,35.41303],[127.27009,35.41305],[127.27009,35.41312],[127.27015,35.41331],[127.2703,35.41373],[127.27038,35.41394],[127.27047,35.41404],[127.27065,35.41411],[127.27096,35.41417],[127.27129,35.4142],[127.27162,35.41423],[127.27177,35.41422],[127.27258,35.41412],[127.27307,35.41403],[127.27344,35.41397],[127.27396,35.41395],[127.27456,35.41395],[127.27489,35.41399],[127.27519,35.41404],[127.27551,35.41413],[127.27626,35.41453],[127.27646,35.41467],[127.27658,35.4148],[127.27665,35.4149],[127.27765,35.41685],[127.2778,35.4186],[127.27779,35.4187],[127.27769,35.41887],[127.27569,35.42115],[127.27587,35.42145],[127.27759,35.42416],[127.2777,35.4243],[127.27779,35.42437],[127.27864,35.42487],[127.28404,35.42442],[127.28428,35.42433],[127.28464,35.42411],[127.28478,35.42402],[127.2849,35.42398],[127.28509,35.42397],[127.28532,35.42398],[127.28809,35.42438],[127.28843,35.42445],[127.28861,35.42451],[127.28867,35.42454],[127.28873,35.42469],[127.28877,35.42484],[127.28882,35.42514],[127.2889,35.42543],[127.289,35.42565],[127.28935,35.42608],[127.28957,35.42632],[127.29237,35.42892],[127.29376,35.42983],[127.29385,35.42998],[127.29669,35.43506],[127.29677,35.43524],[127.29711,35.4367],[127.29701,35.43687],[127.29616,35.43951],[127.29779,35.44476],[127.29789,35.44492],[127.30203,35.44921],[127.3021,35.44928],[127.30246,35.44959],[127.30283,35.44989],[127.30348,35.4504],[127.30399,35.4508],[127.30403,35.45081],[127.30413,35.45085],[127.30418,35.45088],[127.3043,35.45095],[127.30575,35.45215],[127.30611,35.45245],[127.30622,35.45257],[127.30637,35.45277],[127.30713,35.45446],[127.30836,35.4574],[127.30956,35.45991],[127.30958,35.45994],[127.30961,35.45998],[127.31225,35.46274],[127.31368,35.46359],[127.31507,35.46314],[127.31734,35.46167],[127.3175,35.46156],[127.31831,35.46141],[127.32042,35.46156],[127.32157,35.4614],[127.32294,35.46015],[127.32365,35.45922],[127.32619,35.45781],[127.32684,35.45767],[127.33104,35.45684],[127.33287,35.4568],[127.33399,35.45741],[127.33463,35.45827],[127.33556,35.4587],[127.33759,35.4596],[127.34097,35.4581],[127.34273,35.45676],[127.34477,35.45471],[127.34551,35.4537],[127.34566,35.45327],[127.34647,35.45149],[127.34705,35.4513],[127.34792,35.45159],[127.34802,35.45153],[127.34869,35.45074],[127.34923,35.4498]]]]}},{"type":"Feature","properties":{"code":"52190380","name":"사매면","parent":"52190"},"geometry":{"type":"MultiPolygon","coordinates":[[[[127.39101,35.48715],[127.39079,35.48677],[127.39032,35.48471],[127.39025,35.48381],[127.3902,35.48276],[127.39055,35.48128],[127.39176,35.47917],[127.392,35.47894],[127.39214,35.4789],[127.3925,35.4788],[127.39419,35.4782],[127.39461,35.4779],[127.39481,35.47776],[127.39557,35.47701],[127.39595,35.47373],[127.396,35.47265],[127.39465,35.47124],[127.39462,35.47122],[127.39492,35.46997],[127.39572,35.46884],[127.39679,35.46846],[127.39422,35.46658],[127.39182,35.46304],[127.38936,35.46073],[127.38718,35.45966],[127.38562,35.46039],[127.38508,35.46173],[127.38437,35.46331],[127.38427,35.46338],[127.38407,35.46353],[127.37849,35.46514],[127.37823,35.46517],[127.37735,35.4652],[127.3773,35.46519],[127.37714,35.46516],[127.37669,35.4645],[127.37536,35.46219],[127.37549,35.46139],[127.3746,35.46033],[127.37318,35.45977],[127.37138,35.45947],[127.36945,35.45973],[127.36792,35.46],[127.36352,35.45887],[127.36255,35.45782],[127.36209,35.45733],[127.3618,35.45587],[127.36107,35.45495],[127.35981,35.45426],[127.35839,35.45383],[127.35683,35.45409],[127.35502,35.45359],[127.35413,35.45324],[127.35295,35.45255],[127.34966,35.45018],[127.34923,35.4498],[127.34869,35.45074],[127.34802,35.45153],[127.34792,35.45159],[127.34705,35.4513],[127.34647,35.45149],[127.34566,35.45327],[127.34551,35.4537],[127.34477,35.45471],[127.34273,35.45676],[127.34097,35.4581],[127.33759,35.4596],[127.33556,35.4587],[127.33463,35.45827],[127.33399,35.45741],[127.33287,35.4568],[127.33104,35.45684],[127.32684,35.45767],[127.32619,35.45781],[127.32365,35.45922],[127.32294,35.46015],[127.32157,35.4614],[127.32042,35.46156],[127.31831,35.46141],[127.3175,35.46156],[127.31734,35.46167],[127.31507,35.46314],[127.31368,35.46359],[127.31447,35.46627],[127.31336,35.46758],[127.31242,35.46825],[127.31167,35.46871],[127.3115,35.46891],[127.31077,35.47122],[127.31057,35.4725],[127.31021,35.47604],[127.30866,35.47766],[127.30812,35.47965],[127.30731,35.4844],[127.30722,35.4864],[127.30773,35.48754],[127.31026,35.49354],[127.31041,35.49389],[127.31055,35.49394],[127.31552,35.49524],[127.31682,35.49534],[127.31781,35.49536],[127.31782,35.49534],[127.31786,35.49527],[127.31874,35.49366],[127.31942,35.49338],[127.32003,35.4934],[127.32045,35.49376],[127.32114,35.49441],[127.32467,35.49567],[127.32527,35.49581],[127.326,35.49583],[127.32733,35.49541],[127.3296,35.49467],[127.33118,35.49355],[127.33149,35.49309],[127.33176,35.49252],[127.3318,35.4925],[127.33214,35.49239],[127.33221,35.49237],[127.33425,35.49256],[127.33444,35.49257],[127.33482,35.49261],[127.33866,35.49397],[127.34036,35.49534],[127.34084,35.49591],[127.34108,35.49619],[127.34138,35.4964],[127.34453,35.4966],[127.34514,35.49662],[127.34686,35.4965],[127.35024,35.49669],[127.35225,35.49729],[127.35625,35.50026],[127.35608,35.50169],[127.35558,35.50232],[127.35385,35.50289],[127.35296,35.50372],[127.35286,35.50381],[127.35534,35.50463],[127.35821,35.50583],[127.35943,35.50617],[127.36195,35.50647],[127.36288,35.50631],[127.36753,35.50509],[127.37145,35.50347],[127.37229,35.50097],[127.37436,35.50093],[127.37486,35.50086],[127.37653,35.49985],[127.37718,35.49922],[127.37836,35.49856],[127.38104,35.49726],[127.38315,35.49658],[127.38556,35.49621],[127.38757,35.49389],[127.38775,35.49217],[127.3875,35.49124],[127.38751,35.4908],[127.388,35.48987],[127.38858,35.48879],[127.39101,35.48715]]]]}},{"type":"Feature","properties":{"code":"52190390","name":"덕과면","parent":"52190"},"geometry":{"type":"MultiPolygon","coordinates":[[[[127.36347,35.55823],[127.36385,35.55795],[127.36638,35.55623],[127.36819,35.55538],[127.36897,35.55495],[127.37254,35.55224],[127.37483,35.55014],[127.37699,35.54862],[127.37766,35.54828],[127.37898,35.54793],[127.38055,35.54751],[127.38455,35.54652],[127.38389,35.5456],[127.38312,35.54366],[127.38334,35.54218],[127.38414,35.54126],[127.38426,35.54115],[127.38454,35.5409],[127.38491,35.54014],[127.38515,35.53963],[127.38487,35.5392],[127.38474,35.539],[127.38298,35.53706],[127.38071,35.53549],[127.37927,35.53461],[127.37803,35.53315],[127.37789,35.53283],[127.37763,35.53227],[127.3776,35.53221],[127.3775,35.53159],[127.37746,35.53136],[127.37832,35.52864],[127.37951,35.5265],[127.38152,35.52483],[127.38428,35.52378],[127.38771,35.52396],[127.39778,35.5181],[127.39911,35.5164],[127.39825,35.51535],[127.39763,35.51444],[127.39733,35.51347],[127.39704,35.51256],[127.39772,35.5109],[127.398,35.5103],[127.39859,35.51013],[127.4013,35.50992],[127.40421,35.51002],[127.40518,35.51022],[127.40687,35.51091],[127.40683,35.51119],[127.40717,35.51144],[127.40724,35.51148],[127.40858,35.51159],[127.40854,35.51014],[127.40831,35.509],[127.40778,35.50766],[127.40636,35.50733],[127.40378,35.50587],[127.40203,35.50362],[127.40216,35.50259],[127.40131,35.50105],[127.40073,35.50023],[127.39988,35.49937],[127.39699,35.49781],[127.39437,35.49639],[127.39296,35.49168],[127.39315,35.49066],[127.39378,35.48986],[127.39332,35.4889],[127.39101,35.48715],[127.38858,35.48879],[127.388,35.48987],[127.38751,35.4908],[127.3875,35.49124],[127.38775,35.49217],[127.38757,35.49389],[127.38556,35.49621],[127.38315,35.49658],[127.38104,35.49726],[127.37836,35.49856],[127.37718,35.49922],[127.37653,35.49985],[127.37486,35.50086],[127.37436,35.50093],[127.37229,35.50097],[127.37145,35.50347],[127.36753,35.50509],[127.36288,35.50631],[127.36195,35.50647],[127.35943,35.50617],[127.35821,35.50583],[127.35534,35.50463],[127.355,35.50635],[127.35444,35.50834],[127.35415,35.5098],[127.35413,35.5099],[127.35415,35.51003],[127.35418,35.51011],[127.35422,35.51015],[127.35451,35.51039],[127.35466,35.51049],[127.3548,35.51061],[127.35482,35.51201],[127.3547,35.51231],[127.34987,35.51588],[127.3454,35.51888],[127.34317,35.52032],[127.34297,35.52049],[127.33841,35.52468],[127.33824,35.52492],[127.33789,35.52545],[127.3378,35.52564],[127.33775,35.52581],[127.33771,35.52593],[127.33771,35.52614],[127.33772,35.52661],[127.33776,35.52768],[127.3378,35.52777],[127.33783,35.5278],[127.33788,35.52781],[127.33792,35.52781],[127.33992,35.52766],[127.34014,35.52761],[127.34034,35.52751],[127.34047,35.52742],[127.34052,35.52732],[127.34062,35.5266],[127.34063,35.52639],[127.3406,35.52608],[127.34062,35.52592],[127.34068,35.52585],[127.34074,35.52582],[127.34231,35.52574],[127.34242,35.52578],[127.34275,35.52594],[127.34442,35.52701],[127.34551,35.52811],[127.34662,35.52959],[127.34766,35.53311],[127.34935,35.53529],[127.3498,35.53723],[127.34899,35.54041],[127.348,35.54211],[127.34789,35.5422],[127.34779,35.54227],[127.34672,35.54294],[127.34665,35.54297],[127.34656,35.54298],[127.34645,35.54297],[127.3464,35.54295],[127.34633,35.54292],[127.34578,35.5427],[127.34568,35.54263],[127.34553,35.54248],[127.34533,35.54236],[127.34517,35.54231],[127.34505,35.5423],[127.34492,35.54233],[127.34338,35.54265],[127.34328,35.54268],[127.34316,35.54274],[127.3407,35.54388],[127.33925,35.54488],[127.33889,35.54515],[127.33459,35.54875],[127.33412,35.55052],[127.33402,35.55067],[127.33396,35.55081],[127.33395,35.55088],[127.33391,35.55221],[127.33394,35.55232],[127.33403,35.55248],[127.33437,35.55294],[127.33453,35.55314],[127.33479,35.55346],[127.33513,35.55374],[127.33549,35.55396],[127.33593,35.55416],[127.3362,35.55422],[127.33664,35.55432],[127.33708,35.55439],[127.33737,35.55444],[127.33759,35.55447],[127.33798,35.5545],[127.33838,35.5545],[127.33874,35.55447],[127.33913,35.55439],[127.33954,35.55422],[127.33976,35.55408],[127.34006,35.55385],[127.34161,35.55264],[127.3421,35.55223],[127.34297,35.55144],[127.34341,35.55114],[127.34369,35.55099],[127.3441,35.55091],[127.34987,35.55131],[127.35005,35.55133],[127.35032,35.5514],[127.35057,35.55146],[127.35087,35.55159],[127.3511,35.55169],[127.35132,35.55179],[127.35158,35.55195],[127.35192,35.5522],[127.35215,35.55238],[127.35241,35.5526],[127.35262,35.55279],[127.35324,35.55337],[127.35343,35.55355],[127.35682,35.55678],[127.35823,35.55863],[127.35835,35.55881],[127.35841,35.55889],[127.35852,35.55894],[127.35862,35.55897],[127.35877,35.55897],[127.35894,35.55896],[127.35911,35.55893],[127.35922,35.55891],[127.35941,35.55885],[127.35953,35.55875],[127.35972,35.55859],[127.36153,35.55694],[127.36347,35.55823]]]]}},{"type":"Feature","properties":{"code":"52190400","name":"보절면","parent":"52190"},"geometry":{"type":"MultiPolygon","coordinates":[[[[127.43941,35.55282],[127.43981,35.54832],[127.43982,35.54826],[127.43993,35.548],[127.44007,35.54779],[127.44014,35.54772],[127.44221,35.54623],[127.44226,35.54621],[127.44676,35.54529],[127.45056,35.54239],[127.45161,35.54141],[127.4523,35.54075],[127.45137,35.53745],[127.45021,35.53521],[127.44878,35.53124],[127.44884,35.53109],[127.4489,35.5309],[127.44902,35.5305],[127.44909,35.53018],[127.44943,35.52677],[127.44871,35.52504],[127.44729,35.52426],[127.4471,35.5241],[127.44671,35.5236],[127.44651,35.5233],[127.44644,35.52314],[127.44456,35.51752],[127.44455,35.51747],[127.44454,35.51739],[127.44472,35.51601],[127.44477,35.51581],[127.44509,35.51459],[127.44512,35.51448],[127.44567,35.51309],[127.44575,35.51291],[127.44574,35.51173],[127.44552,35.50968],[127.44481,35.50644],[127.44469,35.50617],[127.44466,35.50606],[127.44465,35.50589],[127.44465,35.5057],[127.44469,35.50557],[127.44476,35.50533],[127.44493,35.50495],[127.44616,35.50288],[127.4464,35.50266],[127.4473,35.50168],[127.44805,35.49996],[127.44807,35.49989],[127.44807,35.49983],[127.44806,35.49977],[127.44799,35.49962],[127.44788,35.4994],[127.44778,35.49923],[127.44771,35.49914],[127.44765,35.49907],[127.44761,35.49904],[127.44754,35.49901],[127.44746,35.49899],[127.44542,35.49854],[127.44416,35.49833],[127.44254,35.49765],[127.44022,35.49655],[127.44013,35.4965],[127.43749,35.49449],[127.43743,35.49443],[127.43727,35.49416],[127.43681,35.49329],[127.43481,35.48946],[127.43295,35.48579],[127.43294,35.48576],[127.43295,35.48574],[127.43297,35.48568],[127.43305,35.48556],[127.43309,35.48551],[127.43323,35.48541],[127.43342,35.48527],[127.43348,35.4852],[127.4335,35.48516],[127.4335,35.48513],[127.43341,35.48257],[127.4334,35.48254],[127.43184,35.48125],[127.43167,35.48113],[127.43154,35.48104],[127.43134,35.48095],[127.4312,35.4809],[127.42722,35.47957],[127.42565,35.47924],[127.42551,35.47921],[127.42392,35.47804],[127.42097,35.47435],[127.42054,35.47378],[127.42051,35.4737],[127.42049,35.47366],[127.41995,35.47084],[127.41998,35.47063],[127.41998,35.47057],[127.41997,35.47044],[127.41981,35.46921],[127.41979,35.46912],[127.41973,35.46887],[127.41941,35.46803],[127.41844,35.46754],[127.41722,35.46707],[127.41703,35.46704],[127.41656,35.46708],[127.41573,35.46761],[127.415,35.46786],[127.41375,35.468],[127.41339,35.46791],[127.40735,35.46628],[127.40357,35.46469],[127.40112,35.46332],[127.3995,35.46162],[127.397,35.4666],[127.39679,35.46846],[127.39572,35.46884],[127.39492,35.46997],[127.39462,35.47122],[127.39465,35.47124],[127.396,35.47265],[127.39595,35.47373],[127.39557,35.47701],[127.39481,35.47776],[127.39461,35.4779],[127.39419,35.4782],[127.3925,35.4788],[127.39214,35.4789],[127.392,35.47894],[127.39176,35.47917],[127.39055,35.48128],[127.3902,35.48276],[127.39025,35.48381],[127.39032,35.48471],[127.39079,35.48677],[127.39101,35.48715],[127.39332,35.4889],[127.39378,35.48986],[127.39315,35.49066],[127.39296,35.49168],[127.39437,35.49639],[127.39699,35.49781],[127.39988,35.49937],[127.40073,35.50023],[127.40131,35.50105],[127.40216,35.50259],[127.40203,35.50362],[127.40378,35.50587],[127.40636,35.50733],[127.40778,35.50766],[127.40831,35.509],[127.40854,35.51014],[127.40858,35.51159],[127.40724,35.51148],[127.40717,35.51144],[127.40683,35.51119],[127.40687,35.51091],[127.40518,35.51022],[127.40421,35.51002],[127.4013,35.50992],[127.39859,35.51013],[127.398,35.5103],[127.39772,35.5109],[127.39704,35.51256],[127.39733,35.51347],[127.39763,35.51444],[127.39825,35.51535],[127.39911,35.5164],[127.39778,35.5181],[127.38771,35.52396],[127.38428,35.52378],[127.38152,35.52483],[127.37951,35.5265],[127.37832,35.52864],[127.37746,35.53136],[127.3775,35.53159],[127.3776,35.53221],[127.37763,35.53227],[127.37789,35.53283],[127.37803,35.53315],[127.37927,35.53461],[127.38071,35.53549],[127.38298,35.53706],[127.38474,35.539],[127.38487,35.5392],[127.38515,35.53963],[127.38491,35.54014],[127.38454,35.5409],[127.38426,35.54115],[127.38414,35.54126],[127.38334,35.54218],[127.38312,35.54366],[127.38389,35.5456],[127.38455,35.54652],[127.38534,35.54635],[127.38585,35.54635],[127.39203,35.54641],[127.39452,35.54732],[127.3966,35.54802],[127.39688,35.54809],[127.39717,35.54793],[127.39921,35.54707],[127.40245,35.54844],[127.40653,35.55378],[127.40772,35.55605],[127.40758,35.55627],[127.40714,35.55737],[127.40717,35.5576],[127.40719,35.55776],[127.40802,35.55974],[127.40808,35.55979],[127.4087,35.56025],[127.40946,35.56067],[127.41002,35.56071],[127.41306,35.56019],[127.41319,35.56015],[127.41342,35.56006],[127.41427,35.55933],[127.41513,35.55839],[127.41534,35.55793],[127.41539,35.55779],[127.41571,35.55725],[127.41636,35.55651],[127.42033,35.55274],[127.42039,35.55273],[127.42055,35.5527],[127.42096,35.55263],[127.42168,35.5525],[127.42222,35.55232],[127.42387,35.55134],[127.42444,35.55068],[127.42614,35.55019],[127.43223,35.5504],[127.43439,35.55094],[127.43538,35.5517],[127.43641,35.55221],[127.43842,35.55279],[127.43941,35.55282]]]]}},{"type":"Feature","properties":{"code":"52190410","name":"산동면","parent":"52190"},"geometry":{"type":"MultiPolygon","coordinates":[[[[127.51401,35.4792],[127.51195,35.47941],[127.50976,35.47814],[127.50954,35.47807],[127.50803,35.47769],[127.50785,35.47767],[127.50764,35.47767],[127.50687,35.47772],[127.50567,35.47768],[127.50562,35.47766],[127.5054,35.47753],[127.50532,35.47747],[127.50524,35.47741],[127.50511,35.47727],[127.50504,35.47717],[127.50497,35.477],[127.5047,35.47634],[127.50414,35.47536],[127.50394,35.47505],[127.50384,35.4749],[127.50375,35.4748],[127.50367,35.47474],[127.50167,35.47398],[127.50145,35.47391],[127.50133,35.4739],[127.50112,35.47391],[127.50101,35.47392],[127.50092,35.47397],[127.50083,35.47411],[127.50076,35.4742],[127.50065,35.47425],[127.5006,35.47426],[127.50046,35.47429],[127.50034,35.4743],[127.5003,35.47431],[127.50012,35.47429],[127.4988,35.47407],[127.49737,35.47378],[127.49733,35.47377],[127.49726,35.47373],[127.4972,35.4737],[127.49707,35.47359],[127.49702,35.47354],[127.49698,35.47348],[127.49695,35.47344],[127.49693,35.47339],[127.49692,35.47335],[127.49691,35.47332],[127.4969,35.47319],[127.49683,35.47016],[127.49714,35.46759],[127.49743,35.46493],[127.49751,35.4641],[127.49751,35.46405],[127.49749,35.46395],[127.49748,35.4639],[127.49746,35.46387],[127.49742,35.46381],[127.49674,35.4631],[127.49672,35.46308],[127.49669,35.46306],[127.49664,35.46303],[127.4966,35.46302],[127.49654,35.46302],[127.49647,35.46304],[127.49614,35.46314],[127.49602,35.46318],[127.49585,35.46322],[127.49581,35.46323],[127.49569,35.46322],[127.49441,35.46299],[127.49435,35.46298],[127.4917,35.46218],[127.49165,35.46216],[127.49144,35.46207],[127.49134,35.46202],[127.49129,35.46199],[127.49124,35.46196],[127.49116,35.46188],[127.4911,35.46182],[127.49098,35.46165],[127.4899,35.45912],[127.48965,35.45878],[127.48958,35.45871],[127.48952,35.45866],[127.48761,35.45813],[127.4873,35.45805],[127.48618,35.45775],[127.48497,35.45747],[127.48483,35.45744],[127.48461,35.45742],[127.48451,35.45741],[127.48443,35.45741],[127.48438,35.45742],[127.48435,35.45745],[127.48428,35.45755],[127.48427,35.45758],[127.48396,35.45838],[127.48374,35.45882],[127.48355,35.45915],[127.48348,35.45927],[127.48328,35.45952],[127.48321,35.4596],[127.48298,35.45984],[127.4822,35.46055],[127.48216,35.46059],[127.48206,35.46065],[127.48201,35.46068],[127.48181,35.46077],[127.48104,35.46108],[127.48089,35.4611],[127.48082,35.46111],[127.47944,35.46116],[127.47927,35.46116],[127.4792,35.46115],[127.4791,35.46112],[127.46635,35.46373],[127.46608,35.4638],[127.46564,35.46394],[127.46559,35.46395],[127.46554,35.46398],[127.46341,35.46503],[127.4623,35.46569],[127.46225,35.46571],[127.46218,35.46574],[127.46209,35.46576],[127.45912,35.46635],[127.45908,35.46635],[127.459,35.46635],[127.45895,35.46634],[127.45891,35.46633],[127.45856,35.46626],[127.4582,35.46616],[127.45699,35.46756],[127.45696,35.46759],[127.45693,35.46761],[127.4569,35.46763],[127.45686,35.46764],[127.4568,35.46765],[127.45657,35.46766],[127.45616,35.46764],[127.44839,35.46607],[127.44816,35.46601],[127.44788,35.46591],[127.44693,35.46546],[127.44621,35.46511],[127.44029,35.46195],[127.43941,35.46147],[127.43893,35.46118],[127.43844,35.46081],[127.43782,35.46034],[127.43741,35.45998],[127.43729,35.45988],[127.43715,35.45973],[127.43705,35.45963],[127.43698,35.45956],[127.4367,35.45924],[127.43663,35.45914],[127.4364,35.4588],[127.43616,35.45839],[127.43611,35.45829],[127.4359,35.45786],[127.43583,35.4577],[127.43581,35.45766],[127.4358,35.45762],[127.43347,35.45829],[127.43182,35.45854],[127.43174,35.45856],[127.43153,35.45861],[127.43145,35.45863],[127.4286,35.45967],[127.42822,35.45988],[127.42811,35.45994],[127.42773,35.46019],[127.42733,35.46047],[127.42723,35.46054],[127.42653,35.46106],[127.42646,35.46112],[127.42624,35.46132],[127.42618,35.46139],[127.42603,35.46161],[127.42599,35.46167],[127.42597,35.46172],[127.42596,35.46177],[127.42596,35.46186],[127.42597,35.46191],[127.426,35.46203],[127.426,35.46212],[127.42599,35.46215],[127.42595,35.46219],[127.42585,35.4623],[127.42572,35.46242],[127.42558,35.46256],[127.42524,35.46283],[127.42477,35.46316],[127.4242,35.46353],[127.4241,35.4636],[127.42393,35.46369],[127.42277,35.46427],[127.42113,35.465],[127.42099,35.46509],[127.42092,35.46516],[127.42049,35.46567],[127.42038,35.46582],[127.42005,35.46638],[127.42001,35.46645],[127.41993,35.46665],[127.41983,35.46698],[127.41981,35.46709],[127.41941,35.46803],[127.41973,35.46887],[127.41979,35.46912],[127.41981,35.46921],[127.41997,35.47044],[127.41998,35.47057],[127.41998,35.47063],[127.41995,35.47084],[127.42049,35.47366],[127.42051,35.4737],[127.42054,35.47378],[127.42097,35.47435],[127.42392,35.47804],[127.42551,35.47921],[127.42565,35.47924],[127.42722,35.47957],[127.4312,35.4809],[127.43134,35.48095],[127.43154,35.48104],[127.43167,35.48113],[127.43184,35.48125],[127.4334,35.48254],[127.43341,35.48257],[127.4335,35.48513],[127.4335,35.48516],[127.43348,35.4852],[127.43342,35.48527],[127.43323,35.48541],[127.43309,35.48551],[127.43305,35.48556],[127.43297,35.48568],[127.43295,35.48574],[127.43294,35.48576],[127.43295,35.48579],[127.43481,35.48946],[127.43681,35.49329],[127.43727,35.49416],[127.43743,35.49443],[127.43749,35.49449],[127.44013,35.4965],[127.44022,35.49655],[127.44254,35.49765],[127.44416,35.49833],[127.44542,35.49854],[127.44746,35.49899],[127.44754,35.49901],[127.44761,35.49904],[127.44765,35.49907],[127.44771,35.49914],[127.44778,35.49923],[127.44788,35.4994],[127.44799,35.49962],[127.44806,35.49977],[127.44807,35.49983],[127.44807,35.49989],[127.44805,35.49996],[127.4473,35.50168],[127.4464,35.50266],[127.44616,35.50288],[127.44493,35.50495],[127.44476,35.50533],[127.44469,35.50557],[127.44465,35.5057],[127.44465,35.50589],[127.44466,35.50606],[127.44469,35.50617],[127.44481,35.50644],[127.44552,35.50968],[127.44574,35.51173],[127.44575,35.51291],[127.44567,35.51309],[127.44512,35.51448],[127.44509,35.51459],[127.44477,35.51581],[127.44472,35.51601],[127.44454,35.51739],[127.44455,35.51747],[127.44456,35.51752],[127.44644,35.52314],[127.44651,35.5233],[127.44671,35.5236],[127.4471,35.5241],[127.44729,35.52426],[127.44871,35.52504],[127.44943,35.52677],[127.44909,35.53018],[127.44902,35.5305],[127.4489,35.5309],[127.44884,35.53109],[127.44878,35.53124],[127.45021,35.53521],[127.45137,35.53745],[127.4523,35.54075],[127.45359,35.54365],[127.45407,35.54426],[127.45511,35.54548],[127.45538,35.54562],[127.45687,35.54629],[127.45711,35.54629],[127.45729,35.54629],[127.45736,35.54629],[127.45745,35.54628],[127.45762,35.54624],[127.45769,35.54621],[127.4595,35.5455],[127.45999,35.5452],[127.46258,35.54523],[127.46372,35.54568],[127.46485,35.54609],[127.4649,35.54611],[127.46493,35.54612],[127.46498,35.54613],[127.46692,35.54626],[127.46701,35.54626],[127.46705,35.54626],[127.46713,35.54624],[127.46716,35.54623],[127.46723,35.54621],[127.46735,35.54616],[127.46742,35.54613],[127.46759,35.54603],[127.46768,35.54598],[127.46778,35.54589],[127.46796,35.5457],[127.46808,35.54557],[127.46822,35.54539],[127.46825,35.54535],[127.46838,35.54518],[127.4684,35.54514],[127.46843,35.54507],[127.46845,35.54503],[127.46846,35.54501],[127.46845,35.54492],[127.46843,35.54481],[127.46841,35.54469],[127.46839,35.54461],[127.46837,35.54455],[127.46836,35.54439],[127.46836,35.54433],[127.46836,35.54425],[127.46839,35.54404],[127.46843,35.54394],[127.46895,35.54251],[127.46898,35.54242],[127.46902,35.54234],[127.46907,35.54228],[127.4692,35.54211],[127.46926,35.54203],[127.46936,35.54193],[127.46946,35.54186],[127.47321,35.53979],[127.47329,35.53975],[127.47346,35.53967],[127.47511,35.5389],[127.47647,35.53845],[127.47667,35.5384],[127.47717,35.53836],[127.47902,35.53826],[127.48031,35.5382],[127.48046,35.5382],[127.48082,35.5383],[127.48143,35.5385],[127.4818,35.5386],[127.48194,35.53862],[127.48202,35.53862],[127.48214,35.5386],[127.48229,35.53855],[127.48482,35.53722],[127.49052,35.53441],[127.4908,35.53428],[127.49093,35.53424],[127.49115,35.5342],[127.49132,35.53421],[127.49148,35.53422],[127.49197,35.53426],[127.49206,35.53425],[127.49209,35.53425],[127.49222,35.53421],[127.49235,35.53414],[127.49249,35.534],[127.49254,35.53391],[127.49254,35.53377],[127.49218,35.5308],[127.49191,35.52994],[127.49186,35.52987],[127.49173,35.52983],[127.49128,35.5293],[127.4911,35.52856],[127.49106,35.52803],[127.49122,35.527],[127.49123,35.52695],[127.49227,35.52552],[127.49333,35.52448],[127.49566,35.52296],[127.49773,35.52244],[127.50046,35.52206],[127.5005,35.52204],[127.50055,35.52201],[127.50171,35.52145],[127.50179,35.52139],[127.50182,35.52135],[127.50185,35.52113],[127.50186,35.52075],[127.50184,35.52039],[127.50168,35.51945],[127.50152,35.5185],[127.5015,35.51845],[127.50138,35.5182],[127.50132,35.51799],[127.50132,35.51784],[127.50133,35.51773],[127.50138,35.5176],[127.50248,35.51601],[127.50257,35.51591],[127.50484,35.51383],[127.51042,35.51015],[127.513,35.50733],[127.51416,35.50388],[127.51594,35.4988],[127.52147,35.49637],[127.52169,35.49629],[127.52204,35.49621],[127.52215,35.4962],[127.52232,35.49623],[127.52254,35.49628],[127.52259,35.4963],[127.52267,35.49633],[127.52276,35.49636],[127.52283,35.49638],[127.52287,35.4964],[127.52297,35.4964],[127.52302,35.49641],[127.52318,35.49641],[127.52335,35.49641],[127.52433,35.49627],[127.52456,35.49624],[127.52465,35.49623],[127.52479,35.4962],[127.52504,35.49614],[127.52694,35.49554],[127.52704,35.49546],[127.52714,35.4954],[127.52719,35.49529],[127.52829,35.49203],[127.52832,35.49183],[127.52837,35.49143],[127.52837,35.49113],[127.52698,35.48635],[127.52693,35.48625],[127.52679,35.48608],[127.52641,35.48565],[127.52613,35.48534],[127.52594,35.48517],[127.52558,35.48489],[127.52404,35.48394],[127.52343,35.48366],[127.52308,35.48351],[127.52271,35.48337],[127.52259,35.48333],[127.52155,35.48325],[127.52126,35.48323],[127.51603,35.48067],[127.51524,35.48026],[127.51481,35.48001],[127.51443,35.47976],[127.5143,35.47966],[127.51414,35.47952],[127.51408,35.47945],[127.51402,35.47929],[127.51401,35.4792]]]]}},{"type":"Feature","properties":{"code":"52190420","name":"이백면","parent":"52190"},"geometry":{"type":"MultiPolygon","coordinates":[[[[127.4899,35.45912],[127.49162,35.45783],[127.49168,35.45778],[127.49172,35.45774],[127.49173,35.45771],[127.49174,35.45767],[127.49175,35.45761],[127.49125,35.45521],[127.49123,35.45513],[127.4912,35.45508],[127.49116,35.45502],[127.49112,35.45496],[127.49108,35.45491],[127.49097,35.45483],[127.49091,35.45479],[127.49086,35.45477],[127.49072,35.45472],[127.49067,35.45469],[127.49065,35.45467],[127.49059,35.45462],[127.49057,35.45459],[127.49054,35.45455],[127.49049,35.45445],[127.48912,35.45188],[127.48909,35.45182],[127.48905,35.4517],[127.48903,35.45164],[127.48903,35.45155],[127.48904,35.45147],[127.48907,35.45135],[127.4891,35.45132],[127.49767,35.44858],[127.49953,35.44641],[127.49937,35.44635],[127.49907,35.4462],[127.49888,35.44608],[127.4988,35.446],[127.4987,35.44588],[127.49862,35.44571],[127.49815,35.44478],[127.49723,35.44264],[127.49715,35.44241],[127.49711,35.44224],[127.49681,35.44062],[127.49707,35.43945],[127.4974,35.43824],[127.49739,35.43738],[127.49735,35.43732],[127.49733,35.43729],[127.49663,35.43652],[127.49604,35.43587],[127.49589,35.43574],[127.49573,35.43561],[127.49561,35.43548],[127.49554,35.43538],[127.4955,35.43532],[127.49548,35.43524],[127.49547,35.43519],[127.4954,35.43449],[127.4954,35.43447],[127.49686,35.43298],[127.4986,35.43189],[127.49893,35.43181],[127.49904,35.43177],[127.4991,35.43172],[127.49921,35.43163],[127.4993,35.43155],[127.49938,35.43142],[127.49945,35.43128],[127.49946,35.43118],[127.49947,35.43115],[127.49932,35.42909],[127.49892,35.42732],[127.49865,35.42656],[127.49864,35.42653],[127.49861,35.42642],[127.4986,35.42637],[127.49858,35.42629],[127.49851,35.42579],[127.49849,35.42568],[127.49855,35.42316],[127.49998,35.41975],[127.50028,35.41904],[127.50048,35.4187],[127.50061,35.41857],[127.50083,35.41844],[127.50093,35.41838],[127.50114,35.41817],[127.50118,35.41808],[127.50159,35.41709],[127.50164,35.41695],[127.50168,35.41646],[127.50168,35.4162],[127.50161,35.41601],[127.50156,35.4159],[127.5015,35.41577],[127.50143,35.4157],[127.50058,35.41497],[127.50049,35.41494],[127.50016,35.41493],[127.50001,35.41491],[127.49993,35.41489],[127.4996,35.41476],[127.49945,35.41466],[127.49873,35.41405],[127.49867,35.414],[127.49836,35.41365],[127.49829,35.41356],[127.49735,35.41126],[127.497,35.41008],[127.49664,35.40871],[127.49653,35.40837],[127.49647,35.40827],[127.4959,35.40762],[127.49484,35.40776],[127.49264,35.40768],[127.49236,35.40765],[127.4923,35.40764],[127.49211,35.40757],[127.49073,35.4071],[127.48992,35.4068],[127.48977,35.40674],[127.48874,35.40625],[127.48738,35.40533],[127.48736,35.40531],[127.48705,35.40497],[127.48697,35.40488],[127.48676,35.4044],[127.48317,35.40251],[127.48164,35.40195],[127.48131,35.40182],[127.48118,35.40176],[127.48115,35.40173],[127.47687,35.39771],[127.47564,35.39598],[127.4756,35.3959],[127.47544,35.39574],[127.47512,35.39551],[127.4749,35.39537],[127.47407,35.39487],[127.474,35.39484],[127.47131,35.39542],[127.46808,35.39621],[127.46794,35.39629],[127.46767,35.39653],[127.46753,35.39669],[127.46751,35.39675],[127.46674,35.39779],[127.46605,35.39863],[127.46586,35.39881],[127.46417,35.40032],[127.46405,35.40041],[127.45884,35.40393],[127.45874,35.40398],[127.45851,35.40406],[127.45819,35.40416],[127.45093,35.40625],[127.45023,35.40641],[127.45012,35.40643],[127.44953,35.40646],[127.44932,35.40647],[127.44896,35.40638],[127.44865,35.4063],[127.44852,35.40626],[127.44788,35.4062],[127.4474,35.40617],[127.44711,35.40617],[127.44672,35.40623],[127.44648,35.4063],[127.44606,35.40644],[127.44589,35.4065],[127.44582,35.40653],[127.44577,35.40657],[127.44432,35.40753],[127.44175,35.40903],[127.44002,35.40941],[127.43796,35.40956],[127.43416,35.409],[127.42933,35.4073],[127.42733,35.40656],[127.42618,35.40605],[127.42614,35.40604],[127.4261,35.40605],[127.42319,35.4073],[127.42023,35.40901],[127.4193,35.40982],[127.4168,35.41073],[127.41659,35.41078],[127.41636,35.41073],[127.41525,35.41032],[127.41382,35.41244],[127.4107,35.41431],[127.4069,35.41486],[127.40523,35.41527],[127.40451,35.4154],[127.40429,35.41554],[127.40419,35.41589],[127.40433,35.41744],[127.40522,35.41907],[127.40636,35.4188],[127.41024,35.42048],[127.41064,35.42067],[127.41162,35.4212],[127.41207,35.42162],[127.4123,35.4221],[127.41252,35.42259],[127.41256,35.42272],[127.4137,35.42477],[127.41468,35.42655],[127.41555,35.42804],[127.41636,35.4294],[127.4174,35.43115],[127.4182,35.43246],[127.4191,35.43371],[127.41975,35.43425],[127.42248,35.43599],[127.42657,35.43794],[127.42735,35.43828],[127.42805,35.43862],[127.42849,35.43885],[127.42897,35.43914],[127.42942,35.43948],[127.43007,35.44],[127.43057,35.44045],[127.43098,35.44085],[127.43122,35.44114],[127.43162,35.44167],[127.43197,35.44216],[127.43206,35.44234],[127.4322,35.44269],[127.43239,35.44335],[127.43252,35.44376],[127.43542,35.45556],[127.43563,35.45659],[127.43578,35.45736],[127.43579,35.45743],[127.4358,35.45762],[127.43581,35.45766],[127.43583,35.4577],[127.4359,35.45786],[127.43611,35.45829],[127.43616,35.45839],[127.4364,35.4588],[127.43663,35.45914],[127.4367,35.45924],[127.43698,35.45956],[127.43705,35.45963],[127.43715,35.45973],[127.43729,35.45988],[127.43741,35.45998],[127.43782,35.46034],[127.43844,35.46081],[127.43893,35.46118],[127.43941,35.46147],[127.44029,35.46195],[127.44621,35.46511],[127.44693,35.46546],[127.44788,35.46591],[127.44816,35.46601],[127.44839,35.46607],[127.45616,35.46764],[127.45657,35.46766],[127.4568,35.46765],[127.45686,35.46764],[127.4569,35.46763],[127.45693,35.46761],[127.45696,35.46759],[127.45699,35.46756],[127.4582,35.46616],[127.45856,35.46626],[127.45891,35.46633],[127.45895,35.46634],[127.459,35.46635],[127.45908,35.46635],[127.45912,35.46635],[127.46209,35.46576],[127.46218,35.46574],[127.46225,35.46571],[127.4623,35.46569],[127.46341,35.46503],[127.46554,35.46398],[127.46559,35.46395],[127.46564,35.46394],[127.46608,35.4638],[127.46635,35.46373],[127.4791,35.46112],[127.4792,35.46115],[127.47927,35.46116],[127.47944,35.46116],[127.48082,35.46111],[127.48089,35.4611],[127.48104,35.46108],[127.48181,35.46077],[127.48201,35.46068],[127.48206,35.46065],[127.48216,35.46059],[127.4822,35.46055],[127.48298,35.45984],[127.48321,35.4596],[127.48328,35.45952],[127.48348,35.45927],[127.48355,35.45915],[127.48374,35.45882],[127.48396,35.45838],[127.48427,35.45758],[127.48428,35.45755],[127.48435,35.45745],[127.48438,35.45742],[127.48443,35.45741],[127.48451,35.45741],[127.48461,35.45742],[127.48483,35.45744],[127.48497,35.45747],[127.48618,35.45775],[127.4873,35.45805],[127.48761,35.45813],[127.48952,35.45866],[127.48958,35.45871],[127.48965,35.45878],[127.4899,35.45912]]]]}},{"type":"Feature","properties":{"code":"52190470","name":"인월면","parent":"52190"},"geometry":{"type":"MultiPolygon","coordinates":[[[[127.65084,35.49763],[127.65056,35.49662],[127.65041,35.49552],[127.65014,35.49145],[127.65012,35.491],[127.65012,35.49087],[127.65012,35.49084],[127.65019,35.49025],[127.6502,35.49013],[127.65049,35.48929],[127.65152,35.48768],[127.65272,35.48567],[127.65267,35.48531],[127.65209,35.48505],[127.65083,35.48471],[127.64577,35.48243],[127.64342,35.48128],[127.6389,35.4795],[127.63795,35.47926],[127.63741,35.47902],[127.63722,35.47893],[127.63677,35.47846],[127.63669,35.47819],[127.63665,35.47804],[127.63669,35.47769],[127.63717,35.47654],[127.63754,35.47498],[127.63784,35.47339],[127.63786,35.47083],[127.63667,35.46575],[127.6363,35.46418],[127.63613,35.46377],[127.63596,35.46341],[127.6357,35.46303],[127.63568,35.46255],[127.6357,35.46231],[127.63626,35.46092],[127.63693,35.45932],[127.63696,35.45926],[127.63722,35.45889],[127.63968,35.45613],[127.64368,35.45135],[127.64507,35.44951],[127.64364,35.44864],[127.63919,35.4461],[127.63911,35.44606],[127.6387,35.44585],[127.63847,35.44573],[127.63745,35.44549],[127.63696,35.4455],[127.63641,35.44561],[127.63599,35.44574],[127.6349,35.4461],[127.63428,35.44624],[127.62389,35.44761],[127.62211,35.44773],[127.61817,35.44752],[127.61807,35.44751],[127.61804,35.4475],[127.61799,35.44748],[127.61784,35.44741],[127.61768,35.44728],[127.61607,35.44596],[127.61403,35.44418],[127.60936,35.43981],[127.60932,35.43974],[127.60919,35.43907],[127.60874,35.436],[127.60873,35.43586],[127.60873,35.43579],[127.60875,35.43569],[127.6088,35.43552],[127.60883,35.43547],[127.60892,35.43539],[127.609,35.43535],[127.60923,35.43531],[127.60968,35.4352],[127.61004,35.43509],[127.61008,35.43507],[127.61032,35.43493],[127.61082,35.43461],[127.61095,35.43452],[127.6112,35.4343],[127.61132,35.43418],[127.61162,35.43383],[127.61179,35.43355],[127.61188,35.43337],[127.612,35.43308],[127.61207,35.43284],[127.61209,35.43264],[127.61207,35.43255],[127.61197,35.43233],[127.61186,35.43214],[127.61124,35.43127],[127.61005,35.42962],[127.60965,35.42913],[127.60861,35.42804],[127.60841,35.42794],[127.60823,35.42788],[127.6051,35.42591],[127.60272,35.42332],[127.60052,35.42097],[127.59856,35.41914],[127.59703,35.41781],[127.59692,35.41777],[127.59475,35.41693],[127.59468,35.41691],[127.5946,35.41688],[127.59443,35.41685],[127.59418,35.41685],[127.59404,35.41686],[127.59389,35.41687],[127.592,35.41734],[127.59195,35.41736],[127.59178,35.41754],[127.59162,35.41771],[127.59154,35.41781],[127.59148,35.41797],[127.5914,35.41812],[127.59138,35.41814],[127.59131,35.41817],[127.59083,35.41825],[127.59022,35.41833],[127.588,35.41847],[127.58779,35.41848],[127.58769,35.41847],[127.58757,35.41844],[127.58617,35.41804],[127.58573,35.41784],[127.58555,35.41776],[127.58519,35.41766],[127.58483,35.41755],[127.58467,35.41754],[127.58454,35.41753],[127.58441,35.41754],[127.58434,35.41756],[127.58393,35.41772],[127.58384,35.41776],[127.57734,35.42081],[127.57612,35.42164],[127.57634,35.42179],[127.57658,35.42201],[127.57672,35.42217],[127.57824,35.42445],[127.58017,35.42727],[127.58165,35.4289],[127.58172,35.42894],[127.58226,35.42934],[127.58231,35.42939],[127.5834,35.4308],[127.5835,35.43099],[127.58396,35.43236],[127.58397,35.43242],[127.58396,35.43251],[127.58371,35.43315],[127.58361,35.43334],[127.58352,35.43347],[127.58344,35.43356],[127.58323,35.43371],[127.58303,35.4338],[127.58282,35.43396],[127.58193,35.43464],[127.58164,35.4349],[127.58156,35.435],[127.58144,35.43519],[127.58136,35.43534],[127.58134,35.43544],[127.58133,35.43553],[127.58134,35.43743],[127.58169,35.44281],[127.58213,35.44448],[127.58219,35.44461],[127.58276,35.44547],[127.58331,35.4463],[127.58376,35.4485],[127.58383,35.4514],[127.58379,35.45232],[127.58379,35.45244],[127.58372,35.45284],[127.58367,35.45305],[127.58362,35.45308],[127.58349,35.4531],[127.58312,35.45312],[127.58298,35.45313],[127.58286,35.45316],[127.58273,35.45321],[127.58242,35.45337],[127.58212,35.45356],[127.58015,35.45495],[127.58,35.45509],[127.57987,35.4553],[127.57948,35.45607],[127.57937,35.45631],[127.57918,35.45687],[127.57905,35.45738],[127.57898,35.45785],[127.57896,35.45819],[127.57897,35.45867],[127.57897,35.45871],[127.57895,35.45893],[127.57893,35.45906],[127.57878,35.45954],[127.57871,35.45972],[127.57862,35.45991],[127.57816,35.46052],[127.57743,35.4613],[127.57711,35.46163],[127.57682,35.46192],[127.57657,35.46214],[127.57634,35.46229],[127.57593,35.4625],[127.57624,35.46245],[127.57651,35.46243],[127.57662,35.46243],[127.57693,35.46248],[127.57735,35.46256],[127.57742,35.46257],[127.57753,35.46261],[127.57907,35.46321],[127.58683,35.46439],[127.58692,35.46441],[127.58702,35.46444],[127.58758,35.46488],[127.58761,35.46494],[127.58762,35.46515],[127.58758,35.46551],[127.58753,35.46579],[127.58749,35.4659],[127.58727,35.46627],[127.58711,35.4666],[127.58685,35.46747],[127.58681,35.46767],[127.58683,35.4678],[127.58696,35.46871],[127.58735,35.47008],[127.58902,35.47344],[127.58913,35.47355],[127.58928,35.47364],[127.5904,35.47423],[127.59057,35.47431],[127.59283,35.47502],[127.59395,35.47532],[127.59488,35.4754],[127.59553,35.47542],[127.59654,35.47546],[127.59671,35.47546],[127.59871,35.47514],[127.60125,35.47913],[127.60194,35.48028],[127.60218,35.48068],[127.60225,35.48087],[127.60229,35.48096],[127.60271,35.48268],[127.60391,35.48632],[127.60622,35.49244],[127.60732,35.49531],[127.60742,35.4955],[127.60767,35.49581],[127.60796,35.49615],[127.60826,35.49636],[127.60845,35.49649],[127.60873,35.49664],[127.60899,35.49675],[127.60918,35.49682],[127.60926,35.49686],[127.60951,35.49711],[127.60995,35.49759],[127.61036,35.49816],[127.61063,35.4986],[127.61106,35.49936],[127.61128,35.49978],[127.6128,35.50304],[127.61294,35.50339],[127.6134,35.50503],[127.61347,35.50528],[127.61346,35.50542],[127.61338,35.50584],[127.61335,35.50598],[127.61339,35.50617],[127.61348,35.50638],[127.61513,35.50821],[127.61524,35.50826],[127.61544,35.50836],[127.6157,35.50846],[127.61588,35.50848],[127.61828,35.50857],[127.61837,35.50856],[127.62354,35.50744],[127.62816,35.5061],[127.63047,35.50631],[127.6356,35.50804],[127.6358,35.50813],[127.6359,35.50819],[127.63621,35.5084],[127.63657,35.5087],[127.63692,35.50903],[127.63709,35.50919],[127.63822,35.50772],[127.63872,35.50774],[127.63907,35.50768],[127.63934,35.50761],[127.63949,35.50755],[127.63953,35.50754],[127.63963,35.50747],[127.64187,35.50506],[127.64192,35.50496],[127.64283,35.50325],[127.6429,35.5031],[127.64294,35.50304],[127.64293,35.50293],[127.64291,35.50277],[127.64293,35.50262],[127.64354,35.50121],[127.64376,35.50086],[127.64448,35.49969],[127.64495,35.49904],[127.64582,35.49819],[127.64621,35.49812],[127.64927,35.49788],[127.65084,35.49763]]]]}},{"type":"Feature","properties":{"code":"52190450","name":"아영면","parent":"52190"},"geometry":{"type":"MultiPolygon","coordinates":[[[[127.63709,35.50919],[127.63692,35.50903],[127.63657,35.5087],[127.63621,35.5084],[127.6359,35.50819],[127.6358,35.50813],[127.6356,35.50804],[127.63047,35.50631],[127.62816,35.5061],[127.62354,35.50744],[127.61837,35.50856],[127.61828,35.50857],[127.61588,35.50848],[127.6157,35.50846],[127.61544,35.50836],[127.61524,35.50826],[127.61513,35.50821],[127.61348,35.50638],[127.61339,35.50617],[127.61335,35.50598],[127.61338,35.50584],[127.61346,35.50542],[127.61347,35.50528],[127.6134,35.50503],[127.61294,35.50339],[127.6128,35.50304],[127.61128,35.49978],[127.61106,35.49936],[127.61063,35.4986],[127.61036,35.49816],[127.60995,35.49759],[127.60951,35.49711],[127.60926,35.49686],[127.60918,35.49682],[127.60899,35.49675],[127.60873,35.49664],[127.60845,35.49649],[127.60826,35.49636],[127.60796,35.49615],[127.60767,35.49581],[127.60742,35.4955],[127.60732,35.49531],[127.60622,35.49244],[127.60391,35.48632],[127.60271,35.48268],[127.60229,35.48096],[127.60225,35.48087],[127.60218,35.48068],[127.60194,35.48028],[127.60125,35.47913],[127.59871,35.47514],[127.59671,35.47546],[127.59654,35.47546],[127.59553,35.47542],[127.59488,35.4754],[127.59395,35.47532],[127.59283,35.47502],[127.59057,35.47431],[127.5904,35.47423],[127.58928,35.47364],[127.58913,35.47355],[127.58902,35.47344],[127.58735,35.47008],[127.58696,35.46871],[127.58683,35.4678],[127.58681,35.46767],[127.58685,35.46747],[127.58711,35.4666],[127.58727,35.46627],[127.58749,35.4659],[127.58753,35.46579],[127.58758,35.46551],[127.58762,35.46515],[127.58761,35.46494],[127.58758,35.46488],[127.58702,35.46444],[127.58692,35.46441],[127.58683,35.46439],[127.57907,35.46321],[127.57753,35.46261],[127.57742,35.46257],[127.57735,35.46256],[127.57693,35.46248],[127.57662,35.46243],[127.57651,35.46243],[127.57624,35.46245],[127.57593,35.4625],[127.57594,35.4626],[127.57595,35.46286],[127.57592,35.46333],[127.57563,35.46542],[127.57554,35.4656],[127.57513,35.46631],[127.57499,35.46653],[127.57455,35.46717],[127.57433,35.46749],[127.57317,35.46899],[127.57174,35.47041],[127.57016,35.47147],[127.56891,35.47226],[127.56879,35.47232],[127.56868,35.47235],[127.56855,35.47236],[127.56842,35.47235],[127.56825,35.47232],[127.56803,35.47224],[127.56795,35.47224],[127.56722,35.47235],[127.56706,35.47238],[127.56476,35.47309],[127.56466,35.47313],[127.56451,35.47321],[127.56323,35.47404],[127.56284,35.4743],[127.56252,35.47452],[127.56233,35.47467],[127.56216,35.47482],[127.56127,35.4769],[127.55981,35.47897],[127.5594,35.48058],[127.55939,35.48067],[127.55943,35.48094],[127.55947,35.48102],[127.55952,35.48107],[127.56087,35.48235],[127.56276,35.48577],[127.56341,35.48824],[127.56345,35.48833],[127.56352,35.48842],[127.5636,35.48847],[127.56375,35.48854],[127.56423,35.48869],[127.56434,35.48871],[127.56468,35.48882],[127.56509,35.48899],[127.56603,35.48937],[127.5663,35.48948],[127.56648,35.48959],[127.57048,35.49203],[127.57431,35.49469],[127.5744,35.49476],[127.5745,35.49493],[127.57464,35.4953],[127.57467,35.49548],[127.57468,35.4958],[127.57468,35.49599],[127.5747,35.49611],[127.57483,35.49663],[127.57488,35.49678],[127.57504,35.49734],[127.5751,35.4975],[127.57537,35.49796],[127.57553,35.49818],[127.57562,35.49827],[127.578,35.50035],[127.58015,35.50202],[127.58019,35.50208],[127.58021,35.50221],[127.58009,35.50269],[127.57999,35.50285],[127.5793,35.50372],[127.57923,35.5038],[127.58038,35.50759],[127.58069,35.51111],[127.58069,35.51141],[127.58002,35.51396],[127.57999,35.51408],[127.5786,35.51612],[127.57852,35.51622],[127.57842,35.51627],[127.57826,35.51631],[127.57617,35.51679],[127.57449,35.51701],[127.57425,35.51701],[127.57407,35.51705],[127.57389,35.51713],[127.57127,35.51871],[127.57119,35.51877],[127.57051,35.51962],[127.57048,35.51968],[127.57046,35.51977],[127.57041,35.52078],[127.57046,35.52106],[127.5705,35.52144],[127.57049,35.52174],[127.57045,35.52281],[127.5704,35.52325],[127.57034,35.52341],[127.5701,35.52382],[127.56995,35.52397],[127.56979,35.5241],[127.56952,35.52426],[127.56911,35.52443],[127.5688,35.52456],[127.56857,35.52472],[127.56845,35.52485],[127.56839,35.525],[127.5679,35.52706],[127.56788,35.52715],[127.56787,35.52861],[127.56787,35.52867],[127.56789,35.5288],[127.56858,35.53257],[127.56971,35.53415],[127.57042,35.53429],[127.57099,35.53444],[127.57103,35.53446],[127.57105,35.53448],[127.57107,35.53453],[127.57114,35.53468],[127.57117,35.5348],[127.57143,35.53603],[127.57156,35.53688],[127.57166,35.53782],[127.57184,35.53902],[127.57201,35.54007],[127.57229,35.54166],[127.57307,35.54565],[127.57311,35.54571],[127.57314,35.54575],[127.57332,35.54591],[127.57357,35.54612],[127.57364,35.54615],[127.57488,35.5463],[127.57575,35.54627],[127.57597,35.54627],[127.57687,35.54641],[127.57707,35.54647],[127.57848,35.54703],[127.57863,35.54713],[127.58139,35.54957],[127.58444,35.55314],[127.58541,35.55459],[127.58865,35.55352],[127.58968,35.55392],[127.58998,35.55403],[127.59034,35.55413],[127.59045,35.55415],[127.59065,35.55418],[127.59089,35.55421],[127.59098,35.55421],[127.59108,35.55417],[127.5923,35.55316],[127.59256,35.55286],[127.59372,35.55124],[127.59375,35.55119],[127.59376,35.5511],[127.59392,35.55007],[127.594,35.54879],[127.59401,35.54866],[127.59405,35.54855],[127.59412,35.5484],[127.5942,35.54828],[127.59434,35.54813],[127.5945,35.54798],[127.59468,35.54786],[127.59482,35.54778],[127.59499,35.54773],[127.59509,35.5477],[127.59512,35.54769],[127.59529,35.54767],[127.59669,35.54755],[127.60025,35.546],[127.60496,35.54372],[127.60643,35.54284],[127.60656,35.54274],[127.60909,35.5408],[127.60929,35.54064],[127.60963,35.54037],[127.60968,35.54029],[127.6097,35.54022],[127.60971,35.54016],[127.60966,35.53994],[127.60963,35.53982],[127.60957,35.53972],[127.60937,35.53932],[127.60928,35.53913],[127.60926,35.53904],[127.60926,35.53898],[127.60928,35.53889],[127.60939,35.53871],[127.60986,35.53803],[127.61004,35.5378],[127.61008,35.53775],[127.61164,35.53595],[127.61169,35.5359],[127.61173,35.53585],[127.61193,35.53569],[127.61216,35.5356],[127.61227,35.53555],[127.61232,35.53554],[127.61259,35.53546],[127.61275,35.53543],[127.61302,35.53541],[127.61318,35.53541],[127.61482,35.53561],[127.61491,35.53562],[127.61517,35.53571],[127.61537,35.53582],[127.6156,35.536],[127.61575,35.53612],[127.61578,35.53615],[127.61632,35.53654],[127.61652,35.53669],[127.61665,35.53675],[127.61669,35.53677],[127.61695,35.53691],[127.61716,35.53699],[127.6172,35.537],[127.6173,35.53702],[127.61752,35.53704],[127.61805,35.53705],[127.6188,35.53705],[127.61896,35.53701],[127.61905,35.53697],[127.62038,35.53553],[127.62052,35.53535],[127.62069,35.53502],[127.62073,35.53486],[127.62074,35.53482],[127.62078,35.53452],[127.6208,35.53418],[127.62084,35.53408],[127.62092,35.53402],[127.621,35.53396],[127.62117,35.53392],[127.6214,35.53388],[127.62201,35.53381],[127.62242,35.53378],[127.62253,35.53377],[127.62286,35.53376],[127.62342,35.53379],[127.62412,35.53385],[127.62451,35.53394],[127.6249,35.53406],[127.62524,35.53416],[127.62589,35.5344],[127.62619,35.53454],[127.62632,35.53464],[127.62673,35.53508],[127.62711,35.53541],[127.62743,35.53565],[127.62768,35.53575],[127.62813,35.5358],[127.62857,35.53584],[127.62866,35.53583],[127.62872,35.53575],[127.62873,35.53559],[127.62874,35.5339],[127.62863,35.5337],[127.62793,35.53307],[127.62769,35.53289],[127.6274,35.53278],[127.62725,35.53276],[127.6271,35.53275],[127.62683,35.53273],[127.62659,35.53267],[127.62648,35.53265],[127.62643,35.53263],[127.62631,35.53258],[127.62605,35.53244],[127.62589,35.53232],[127.62584,35.53224],[127.62576,35.53207],[127.62505,35.53001],[127.62489,35.52954],[127.6244,35.5279],[127.62438,35.52771],[127.62439,35.52764],[127.62442,35.52751],[127.6245,35.52733],[127.62509,35.52633],[127.62579,35.52521],[127.62615,35.52477],[127.6263,35.52459],[127.62649,35.52443],[127.62986,35.52162],[127.63027,35.52129],[127.63056,35.52106],[127.63087,35.52082],[127.63108,35.5207],[127.63116,35.52067],[127.63124,35.52064],[127.63145,35.52062],[127.632,35.52067],[127.63239,35.52072],[127.63278,35.5208],[127.63336,35.52095],[127.63399,35.52107],[127.63408,35.52109],[127.63412,35.52108],[127.63416,35.52105],[127.63466,35.51942],[127.63469,35.5193],[127.63469,35.51921],[127.63438,35.51743],[127.63369,35.51625],[127.6332,35.51559],[127.63318,35.51551],[127.63318,35.51544],[127.63319,35.5154],[127.63321,35.51532],[127.63408,35.51298],[127.63412,35.51291],[127.63416,35.51284],[127.63444,35.51244],[127.63449,35.51239],[127.63457,35.51237],[127.63464,35.51237],[127.63483,35.51241],[127.63506,35.51247],[127.63524,35.51249],[127.63533,35.51249],[127.63548,35.51247],[127.63563,35.51237],[127.6361,35.51198],[127.63622,35.51188],[127.6363,35.51181],[127.63635,35.51177],[127.63641,35.51171],[127.63698,35.51081],[127.63701,35.51071],[127.63703,35.51055],[127.63704,35.51047],[127.63705,35.51032],[127.63709,35.50919]]]]}},{"type":"Feature","properties":{"code":"52190460","name":"산내면","parent":"52190"},"geometry":{"type":"MultiPolygon","coordinates":[[[[127.6694,35.44734],[127.67119,35.44594],[127.6714,35.4457],[127.67203,35.44499],[127.67235,35.44458],[127.67261,35.44414],[127.67283,35.44376],[127.67285,35.44349],[127.67286,35.44335],[127.67271,35.44294],[127.67238,35.44265],[127.67101,35.44183],[127.66919,35.44023],[127.66658,35.43786],[127.66635,35.43759],[127.66594,35.43709],[127.66554,35.43634],[127.66533,35.43552],[127.66535,35.43514],[127.66581,35.43393],[127.66601,35.43242],[127.66597,35.43099],[127.66582,35.4286],[127.66566,35.42778],[127.66534,35.42718],[127.66452,35.42647],[127.66432,35.4263],[127.66424,35.42622],[127.66391,35.4259],[127.66351,35.4255],[127.66153,35.41908],[127.66139,35.41847],[127.66131,35.41786],[127.66145,35.41751],[127.66169,35.41713],[127.66177,35.417],[127.66196,35.41668],[127.66198,35.41666],[127.66055,35.41508],[127.65936,35.41409],[127.65875,35.41386],[127.65842,35.41377],[127.65777,35.41363],[127.65704,35.41346],[127.65648,35.41318],[127.65574,35.41243],[127.65506,35.41174],[127.65298,35.40984],[127.6512,35.40853],[127.65004,35.40773],[127.64645,35.40266],[127.64344,35.4016],[127.64314,35.40157],[127.64129,35.40142],[127.63978,35.40129],[127.63806,35.40143],[127.63692,35.40104],[127.63542,35.39982],[127.63535,35.39963],[127.63524,35.39931],[127.63493,35.39796],[127.63446,35.39703],[127.63187,35.3927],[127.63134,35.39187],[127.62922,35.38953],[127.6282,35.38873],[127.62786,35.38847],[127.62755,35.38824],[127.6271,35.38777],[127.62637,35.38672],[127.62556,35.38549],[127.62525,35.38475],[127.62507,35.38386],[127.62503,35.38356],[127.62501,35.38338],[127.62489,35.38227],[127.6249,35.38204],[127.62498,35.38096],[127.62499,35.38071],[127.62462,35.37656],[127.6224,35.3732],[127.62163,35.37256],[127.62093,35.37208],[127.62057,35.37183],[127.61982,35.37143],[127.61656,35.37005],[127.61449,35.36947],[127.61327,35.36925],[127.61246,35.36881],[127.61233,35.36867],[127.61099,35.36724],[127.61083,35.36702],[127.61034,35.3663],[127.61025,35.36579],[127.61029,35.36572],[127.61037,35.36553],[127.61097,35.36401],[127.6111,35.36356],[127.61161,35.36169],[127.61164,35.36113],[127.61166,35.36064],[127.61152,35.36041],[127.61137,35.36016],[127.61131,35.35987],[127.61124,35.35948],[127.61212,35.35595],[127.61588,35.35016],[127.61657,35.34959],[127.61735,35.3493],[127.6184,35.34885],[127.61875,35.34864],[127.61945,35.34821],[127.62053,35.34747],[127.62081,35.34711],[127.62286,35.34395],[127.62318,35.34281],[127.62323,35.34152],[127.62277,35.3384],[127.62253,35.33777],[127.62171,35.33645],[127.621,35.33509],[127.62074,35.33403],[127.62042,35.33233],[127.61911,35.33194],[127.61485,35.33056],[127.60813,35.32532],[127.60725,35.32408],[127.60697,35.32341],[127.6067,35.32179],[127.60675,35.32101],[127.6063,35.31998],[127.60551,35.31896],[127.60442,35.31831],[127.60126,35.3168],[127.59487,35.3129],[127.5932,35.31193],[127.5923,35.31153],[127.58567,35.30914],[127.58418,35.30901],[127.58254,35.30909],[127.58199,35.30916],[127.58053,35.30945],[127.58023,35.30951],[127.57928,35.3096],[127.57853,35.3094],[127.57745,35.30896],[127.57265,35.31205],[127.57038,35.31525],[127.56815,35.31829],[127.56749,35.31879],[127.56613,35.31935],[127.56017,35.3213],[127.55835,35.32164],[127.5561,35.32206],[127.5556,35.32201],[127.55538,35.32198],[127.55461,35.32234],[127.55286,35.32386],[127.55255,35.32456],[127.5523,35.32496],[127.55207,35.32515],[127.55058,35.32575],[127.54669,35.32693],[127.54465,35.32737],[127.54383,35.32765],[127.54298,35.32818],[127.54213,35.32913],[127.54212,35.32992],[127.54211,35.33056],[127.54207,35.3309],[127.54196,35.33168],[127.54142,35.33365],[127.54115,35.33399],[127.54104,35.33412],[127.54072,35.33436],[127.54066,35.33441],[127.53904,35.33478],[127.53853,35.33487],[127.53788,35.33499],[127.53504,35.33535],[127.53406,35.33555],[127.53367,35.33573],[127.5332,35.33594],[127.53132,35.33689],[127.53054,35.33728],[127.52935,35.33831],[127.52873,35.33903],[127.52807,35.33998],[127.52754,35.34154],[127.52697,35.34257],[127.52616,35.34356],[127.52595,35.34382],[127.52474,35.3449],[127.52362,35.34562],[127.52232,35.34616],[127.51949,35.34653],[127.51804,35.3468],[127.51765,35.34696],[127.51735,35.34708],[127.51643,35.34772],[127.51576,35.34892],[127.51422,35.35134],[127.51498,35.35175],[127.51599,35.35272],[127.51651,35.35331],[127.52082,35.36006],[127.52088,35.36063],[127.52091,35.3617],[127.52083,35.36267],[127.52116,35.36355],[127.52431,35.36904],[127.52457,35.3694],[127.52501,35.36976],[127.52545,35.3701],[127.52674,35.37064],[127.52714,35.37088],[127.52791,35.37186],[127.52857,35.37243],[127.5299,35.37356],[127.53062,35.37414],[127.53145,35.3747],[127.53199,35.37506],[127.53286,35.3756],[127.535,35.37684],[127.53554,35.37696],[127.53616,35.37694],[127.53686,35.37682],[127.53776,35.37663],[127.53785,35.37661],[127.53796,35.37658],[127.53833,35.37647],[127.53886,35.37648],[127.53978,35.37653],[127.54048,35.37663],[127.5407,35.37666],[127.54329,35.37759],[127.54998,35.38039],[127.55174,35.38125],[127.55191,35.38214],[127.55176,35.38235],[127.55168,35.38254],[127.55166,35.38269],[127.55166,35.38278],[127.55168,35.38288],[127.55237,35.38464],[127.55246,35.3848],[127.55383,35.3871],[127.55397,35.38732],[127.55417,35.38751],[127.5545,35.38776],[127.55454,35.38779],[127.55477,35.38796],[127.55553,35.38854],[127.55669,35.38963],[127.55761,35.39057],[127.55875,35.39204],[127.55881,35.39212],[127.55961,35.39395],[127.55962,35.39402],[127.55955,35.39429],[127.55955,35.39441],[127.55958,35.39455],[127.55999,35.39569],[127.56006,35.39586],[127.56013,35.39597],[127.56264,35.39951],[127.56352,35.40061],[127.56363,35.40072],[127.56421,35.4013],[127.56397,35.40735],[127.56398,35.40751],[127.56428,35.4113],[127.5643,35.41134],[127.56511,35.41175],[127.56591,35.41203],[127.56611,35.41216],[127.5676,35.41357],[127.56773,35.41372],[127.56781,35.41384],[127.56787,35.41398],[127.5681,35.41449],[127.5681,35.41459],[127.56809,35.4148],[127.56814,35.41544],[127.56841,35.41697],[127.56844,35.41708],[127.5691,35.4193],[127.56914,35.41935],[127.57003,35.41999],[127.57105,35.42045],[127.5741,35.42173],[127.57418,35.42174],[127.57612,35.42164],[127.57734,35.42081],[127.58384,35.41776],[127.58393,35.41772],[127.58434,35.41756],[127.58441,35.41754],[127.58454,35.41753],[127.58467,35.41754],[127.58483,35.41755],[127.58519,35.41766],[127.58555,35.41776],[127.58573,35.41784],[127.58617,35.41804],[127.58757,35.41844],[127.58769,35.41847],[127.58779,35.41848],[127.588,35.41847],[127.59022,35.41833],[127.59083,35.41825],[127.59131,35.41817],[127.59138,35.41814],[127.5914,35.41812],[127.59148,35.41797],[127.59154,35.41781],[127.59162,35.41771],[127.59178,35.41754],[127.59195,35.41736],[127.592,35.41734],[127.59389,35.41687],[127.59404,35.41686],[127.59418,35.41685],[127.59443,35.41685],[127.5946,35.41688],[127.59468,35.41691],[127.59475,35.41693],[127.59692,35.41777],[127.59703,35.41781],[127.59856,35.41914],[127.60052,35.42097],[127.60272,35.42332],[127.6051,35.42591],[127.60823,35.42788],[127.60841,35.42794],[127.60861,35.42804],[127.60965,35.42913],[127.61005,35.42962],[127.61124,35.43127],[127.61186,35.43214],[127.61197,35.43233],[127.61207,35.43255],[127.61209,35.43264],[127.61207,35.43284],[127.612,35.43308],[127.61188,35.43337],[127.61179,35.43355],[127.61162,35.43383],[127.61132,35.43418],[127.6112,35.4343],[127.61095,35.43452],[127.61082,35.43461],[127.61032,35.43493],[127.61008,35.43507],[127.61004,35.43509],[127.60968,35.4352],[127.60923,35.43531],[127.609,35.43535],[127.60892,35.43539],[127.60883,35.43547],[127.6088,35.43552],[127.60875,35.43569],[127.60873,35.43579],[127.60873,35.43586],[127.60874,35.436],[127.60919,35.43907],[127.60932,35.43974],[127.60936,35.43981],[127.61403,35.44418],[127.61607,35.44596],[127.61768,35.44728],[127.61784,35.44741],[127.61799,35.44748],[127.61804,35.4475],[127.61807,35.44751],[127.61817,35.44752],[127.62211,35.44773],[127.62389,35.44761],[127.63428,35.44624],[127.6349,35.4461],[127.63599,35.44574],[127.63641,35.44561],[127.63696,35.4455],[127.63745,35.44549],[127.63847,35.44573],[127.6387,35.44585],[127.63911,35.44606],[127.63919,35.4461],[127.64364,35.44864],[127.64507,35.44951],[127.64536,35.4497],[127.64748,35.45045],[127.64822,35.45065],[127.64908,35.45077],[127.64924,35.4508],[127.64983,35.45085],[127.65201,35.45082],[127.65278,35.45073],[127.65384,35.45015],[127.6543,35.44999],[127.66302,35.44764],[127.66347,35.44764],[127.66549,35.44802],[127.66593,35.44807],[127.6671,35.44807],[127.6679,35.44793],[127.66849,35.44779],[127.6694,35.44734]]]]}},{"type":"Feature","properties":{"code":"52190510","name":"동충동","parent":"52190"},"geometry":{"type":"MultiPolygon","coordinates":[[[[127.38859,35.41219],[127.39125,35.41182],[127.39057,35.41111],[127.39003,35.41054],[127.38997,35.41051],[127.3884,35.4097],[127.38707,35.40903],[127.38655,35.40903],[127.38636,35.40903],[127.38596,35.40904],[127.38537,35.40904],[127.3835,35.40908],[127.38267,35.4091],[127.38261,35.4091],[127.37702,35.4093],[127.37655,35.40932],[127.37684,35.41407],[127.38001,35.41423],[127.38031,35.41422],[127.38139,35.41416],[127.38144,35.41416],[127.38619,35.4139],[127.38611,35.41196],[127.38859,35.41219]]]]}},{"type":"Feature","properties":{"code":"52190520","name":"죽항동","parent":"52190"},"geometry":{"type":"MultiPolygon","coordinates":[[[[127.39366,35.4111],[127.39237,35.4099],[127.39047,35.40815],[127.39028,35.40797],[127.38935,35.40711],[127.38544,35.40384],[127.3808,35.40136],[127.37971,35.40426],[127.37986,35.4056],[127.37994,35.40636],[127.37912,35.40639],[127.37861,35.40641],[127.37807,35.40643],[127.37642,35.40649],[127.37655,35.40932],[127.37702,35.4093],[127.38261,35.4091],[127.38267,35.4091],[127.3835,35.40908],[127.38537,35.40904],[127.38596,35.40904],[127.38636,35.40903],[127.38655,35.40903],[127.38707,35.40903],[127.3884,35.4097],[127.38997,35.41051],[127.39003,35.41054],[127.39057,35.41111],[127.39125,35.41182],[127.39366,35.4111]]]]}},{"type":"Feature","properties":{"code":"52190540","name":"노암동","parent":"52190"},"geometry":{"type":"MultiPolygon","coordinates":[[[[127.41382,35.41244],[127.41382,35.4123],[127.41367,35.41215],[127.41334,35.41193],[127.40962,35.40959],[127.40931,35.4094],[127.40766,35.40473],[127.40579,35.40215],[127.40496,35.40119],[127.40341,35.40077],[127.40325,35.40046],[127.40388,35.39853],[127.40402,35.39833],[127.40516,35.39736],[127.40603,35.39668],[127.40267,35.39365],[127.4021,35.39337],[127.39966,35.394],[127.3981,35.39488],[127.39709,35.39383],[127.39633,35.39305],[127.39503,35.38757],[127.39499,35.38739],[127.39493,35.38708],[127.39483,35.3824],[127.39483,35.38222],[127.39484,35.38211],[127.39502,35.38134],[127.39544,35.38043],[127.39569,35.37987],[127.39595,35.3787],[127.39586,35.37826],[127.39491,35.3761],[127.39477,35.37585],[127.39462,35.37569],[127.39443,35.37556],[127.3943,35.37548],[127.39411,35.3754],[127.39405,35.3755],[127.39376,35.37572],[127.39345,35.37579],[127.39028,35.37566],[127.3901,35.37565],[127.38946,35.3754],[127.38922,35.37527],[127.38706,35.37487],[127.38148,35.3743],[127.37606,35.3759],[127.37583,35.37614],[127.37554,35.37698],[127.37551,35.37709],[127.37653,35.37786],[127.3773,35.37857],[127.3777,35.37894],[127.37775,35.37918],[127.37785,35.38018],[127.37786,35.38046],[127.37749,35.38134],[127.3766,35.38255],[127.37377,35.38272],[127.37286,35.38265],[127.37265,35.38266],[127.37241,35.38271],[127.37009,35.38481],[127.36991,35.38517],[127.37,35.38622],[127.37014,35.38662],[127.37051,35.38728],[127.3709,35.38827],[127.37118,35.38966],[127.37126,35.39166],[127.37096,35.39242],[127.37066,35.3927],[127.36861,35.39446],[127.36825,35.39471],[127.37004,35.39576],[127.37413,35.39809],[127.37696,35.39944],[127.37939,35.40059],[127.3808,35.40136],[127.38544,35.40384],[127.38935,35.40711],[127.39028,35.40797],[127.39047,35.40815],[127.39237,35.4099],[127.39366,35.4111],[127.39649,35.41304],[127.39667,35.41318],[127.39991,35.41587],[127.40227,35.41781],[127.40373,35.41844],[127.40438,35.41871],[127.40522,35.41907],[127.40433,35.41744],[127.40419,35.41589],[127.40429,35.41554],[127.40451,35.4154],[127.40523,35.41527],[127.4069,35.41486],[127.4107,35.41431],[127.41382,35.41244]]]]}},{"type":"Feature","properties":{"code":"52190550","name":"금동","parent":"52190"},"geometry":{"type":"MultiPolygon","coordinates":[[[[127.37642,35.40649],[127.37807,35.40643],[127.37861,35.40641],[127.37912,35.40639],[127.37994,35.40636],[127.37986,35.4056],[127.37971,35.40426],[127.3808,35.40136],[127.37939,35.40059],[127.37696,35.39944],[127.37413,35.39809],[127.37004,35.39576],[127.36825,35.39471],[127.35675,35.38857],[127.35675,35.38874],[127.35676,35.39043],[127.35677,35.39186],[127.35682,35.39354],[127.35696,35.39415],[127.35737,35.39565],[127.35741,35.39611],[127.35745,35.39642],[127.35754,35.39688],[127.35769,35.3973],[127.3579,35.3976],[127.35815,35.39791],[127.35862,35.39838],[127.35926,35.39864],[127.3614,35.39954],[127.36277,35.40066],[127.36563,35.40307],[127.37013,35.40683],[127.37482,35.40658],[127.37635,35.40649],[127.37642,35.40649]]]]}},{"type":"Feature","properties":{"code":"52190560","name":"왕정동","parent":"52190"},"geometry":{"type":"MultiPolygon","coordinates":[[[[127.37684,35.41407],[127.37655,35.40932],[127.37642,35.40649],[127.37635,35.40649],[127.37482,35.40658],[127.37013,35.40683],[127.36563,35.40307],[127.36277,35.40066],[127.3614,35.39954],[127.35926,35.39864],[127.35862,35.39838],[127.35815,35.39791],[127.3579,35.3976],[127.35769,35.3973],[127.35754,35.39688],[127.35745,35.39642],[127.35741,35.39611],[127.35737,35.39565],[127.35641,35.39555],[127.35651,35.40012],[127.35644,35.40033],[127.35415,35.40159],[127.35412,35.40465],[127.35099,35.40445],[127.34777,35.40425],[127.34715,35.40427],[127.34672,35.40445],[127.3466,35.40462],[127.34623,35.40516],[127.34494,35.40646],[127.3437,35.40751],[127.343,35.40862],[127.34241,35.41039],[127.3422,35.41141],[127.34025,35.41253],[127.3386,35.41292],[127.33645,35.41219],[127.33432,35.41186],[127.33366,35.41184],[127.33381,35.41243],[127.33525,35.41656],[127.33648,35.41746],[127.33671,35.41759],[127.33716,35.41765],[127.3386,35.41785],[127.34394,35.41746],[127.34553,35.4175],[127.34613,35.41774],[127.34659,35.41814],[127.347,35.41877],[127.34754,35.42044],[127.34744,35.42091],[127.34753,35.42124],[127.34879,35.42336],[127.35047,35.42459],[127.35332,35.4256],[127.35484,35.42562],[127.36143,35.42284],[127.36149,35.42278],[127.36535,35.41862],[127.36627,35.41803],[127.3663,35.41801],[127.37083,35.41671],[127.37103,35.41608],[127.37119,35.41554],[127.37156,35.41419],[127.37156,35.41386],[127.37138,35.41352],[127.37119,35.41316],[127.37114,35.41303],[127.37142,35.41272],[127.37213,35.412],[127.37242,35.41184],[127.37467,35.41394],[127.37631,35.41466],[127.37646,35.41469],[127.37689,35.41467],[127.37684,35.41407]]]]}},{"type":"Feature","properties":{"code":"52190570","name":"향교동","parent":"52190"},"geometry":{"type":"MultiPolygon","coordinates":[[[[127.3995,35.46162],[127.39903,35.45978],[127.39908,35.45905],[127.40069,35.45693],[127.40171,35.45613],[127.4019,35.4557],[127.40173,35.45375],[127.40169,35.45375],[127.40132,35.4537],[127.40034,35.45388],[127.39995,35.45402],[127.3994,35.45458],[127.399,35.45443],[127.39773,35.45369],[127.39741,35.45346],[127.39616,35.45233],[127.39287,35.44871],[127.39203,35.44753],[127.39211,35.44656],[127.39244,35.44444],[127.39333,35.44359],[127.39421,35.44208],[127.39439,35.44158],[127.3948,35.43739],[127.3948,35.43727],[127.3948,35.43723],[127.3948,35.43714],[127.39442,35.43635],[127.39375,35.43548],[127.39331,35.43525],[127.39277,35.43497],[127.39253,35.4345],[127.39159,35.43181],[127.39196,35.42647],[127.39345,35.42296],[127.39288,35.42263],[127.39228,35.42227],[127.39006,35.42003],[127.39004,35.42001],[127.38964,35.4191],[127.38888,35.41675],[127.38994,35.41346],[127.38859,35.41219],[127.38611,35.41196],[127.38619,35.4139],[127.38144,35.41416],[127.38139,35.41416],[127.38031,35.41422],[127.38001,35.41423],[127.37684,35.41407],[127.37689,35.41467],[127.37646,35.41469],[127.37631,35.41466],[127.37467,35.41394],[127.37242,35.41184],[127.37213,35.412],[127.37142,35.41272],[127.37114,35.41303],[127.37119,35.41316],[127.37138,35.41352],[127.37156,35.41386],[127.37156,35.41419],[127.37119,35.41554],[127.37103,35.41608],[127.37083,35.41671],[127.3663,35.41801],[127.36627,35.41803],[127.36535,35.41862],[127.36149,35.42278],[127.36143,35.42284],[127.35484,35.42562],[127.35332,35.4256],[127.35281,35.42728],[127.35116,35.42996],[127.35062,35.43012],[127.34984,35.43089],[127.34939,35.43153],[127.34852,35.43548],[127.34869,35.43921],[127.34885,35.44257],[127.34834,35.44416],[127.34828,35.44636],[127.3491,35.44816],[127.34923,35.4498],[127.34966,35.45018],[127.35295,35.45255],[127.35413,35.45324],[127.35502,35.45359],[127.35683,35.45409],[127.35839,35.45383],[127.35981,35.45426],[127.36107,35.45495],[127.3618,35.45587],[127.36209,35.45733],[127.36255,35.45782],[127.36352,35.45887],[127.36792,35.46],[127.36945,35.45973],[127.37138,35.45947],[127.37318,35.45977],[127.3746,35.46033],[127.37549,35.46139],[127.37536,35.46219],[127.37669,35.4645],[127.37714,35.46516],[127.3773,35.46519],[127.37735,35.4652],[127.37823,35.46517],[127.37849,35.46514],[127.38407,35.46353],[127.38427,35.46338],[127.38437,35.46331],[127.38508,35.46173],[127.38562,35.46039],[127.38718,35.45966],[127.38936,35.46073],[127.39182,35.46304],[127.39422,35.46658],[127.39679,35.46846],[127.397,35.4666],[127.3995,35.46162]]]]}},{"type":"Feature","properties":{"code":"52190590","name":"도통동","parent":"52190"},"geometry":{"type":"MultiPolygon","coordinates":[[[[127.4358,35.45762],[127.43579,35.45743],[127.43578,35.45736],[127.43563,35.45659],[127.43542,35.45556],[127.43252,35.44376],[127.43239,35.44335],[127.4322,35.44269],[127.43206,35.44234],[127.43197,35.44216],[127.43162,35.44167],[127.43122,35.44114],[127.43098,35.44085],[127.43057,35.44045],[127.43007,35.44],[127.42942,35.43948],[127.42897,35.43914],[127.42849,35.43885],[127.42805,35.43862],[127.42735,35.43828],[127.42657,35.43794],[127.42248,35.43599],[127.41975,35.43425],[127.4191,35.43371],[127.4182,35.43246],[127.4174,35.43115],[127.41636,35.4294],[127.41555,35.42804],[127.41468,35.42655],[127.4137,35.42477],[127.41256,35.42272],[127.41252,35.42259],[127.4123,35.4221],[127.41207,35.42162],[127.41162,35.4212],[127.41064,35.42067],[127.41024,35.42048],[127.40636,35.4188],[127.40522,35.41907],[127.40438,35.41871],[127.40373,35.41844],[127.40227,35.41781],[127.39991,35.41587],[127.39667,35.41318],[127.39649,35.41304],[127.39366,35.4111],[127.39125,35.41182],[127.38859,35.41219],[127.38994,35.41346],[127.38888,35.41675],[127.38964,35.4191],[127.39004,35.42001],[127.39006,35.42003],[127.39228,35.42227],[127.39288,35.42263],[127.39345,35.42296],[127.39196,35.42647],[127.39159,35.43181],[127.39253,35.4345],[127.39277,35.43497],[127.39331,35.43525],[127.39375,35.43548],[127.39442,35.43635],[127.3948,35.43714],[127.3948,35.43723],[127.3948,35.43727],[127.3948,35.43739],[127.39439,35.44158],[127.39421,35.44208],[127.39333,35.44359],[127.39244,35.44444],[127.39211,35.44656],[127.39203,35.44753],[127.39287,35.44871],[127.39616,35.45233],[127.39741,35.45346],[127.39773,35.45369],[127.399,35.45443],[127.3994,35.45458],[127.39995,35.45402],[127.40034,35.45388],[127.40132,35.4537],[127.40169,35.45375],[127.40173,35.45375],[127.4019,35.4557],[127.40171,35.45613],[127.40069,35.45693],[127.39908,35.45905],[127.39903,35.45978],[127.3995,35.46162],[127.40112,35.46332],[127.40357,35.46469],[127.40735,35.46628],[127.41339,35.46791],[127.41375,35.468],[127.415,35.46786],[127.41573,35.46761],[127.41656,35.46708],[127.41703,35.46704],[127.41722,35.46707],[127.41844,35.46754],[127.41941,35.46803],[127.41981,35.46709],[127.41983,35.46698],[127.41993,35.46665],[127.42001,35.46645],[127.42005,35.46638],[127.42038,35.46582],[127.42049,35.46567],[127.42092,35.46516],[127.42099,35.46509],[127.42113,35.465],[127.42277,35.46427],[127.42393,35.46369],[127.4241,35.4636],[127.4242,35.46353],[127.42477,35.46316],[127.42524,35.46283],[127.42558,35.46256],[127.42572,35.46242],[127.42585,35.4623],[127.42595,35.46219],[127.42599,35.46215],[127.426,35.46212],[127.426,35.46203],[127.42597,35.46191],[127.42596,35.46186],[127.42596,35.46177],[127.42597,35.46172],[127.42599,35.46167],[127.42603,35.46161],[127.42618,35.46139],[127.42624,35.46132],[127.42646,35.46112],[127.42653,35.46106],[127.42723,35.46054],[127.42733,35.46047],[127.42773,35.46019],[127.42811,35.45994],[127.42822,35.45988],[127.4286,35.45967],[127.43145,35.45863],[127.43153,35.45861],[127.43174,35.45856],[127.43182,35.45854],[127.43347,35.45829],[127.4358,35.45762]]]]}}]}