{"type":"FeatureCollection","features":[{"type":"Feature","properties":{"code":"12750250","name":"보성읍","parent":"12750"},"geometry":{"type":"MultiPolygon","coordinates":[[[[127.11791,34.76139],[127.11791,34.76075],[127.11788,34.76062],[127.11775,34.76043],[127.11703,34.75949],[127.11645,34.7588],[127.11598,34.75814],[127.11539,34.75728],[127.11453,34.75596],[127.11336,34.75317],[127.1113,34.74602],[127.10956,34.74116],[127.10956,34.74104],[127.10996,34.73705],[127.11026,34.73416],[127.11041,34.73376],[127.10798,34.73197],[127.10573,34.73094],[127.1028,34.72809],[127.10001,34.72463],[127.09885,34.72286],[127.09722,34.72014],[127.09661,34.71821],[127.09579,34.71486],[127.0947,34.71121],[127.09414,34.71127],[127.09393,34.71136],[127.09344,34.71178],[127.09289,34.71228],[127.09247,34.71271],[127.0918,34.71311],[127.09167,34.71315],[127.09153,34.71317],[127.09128,34.71317],[127.08366,34.71306],[127.0836,34.71305],[127.08206,34.71261],[127.07949,34.71193],[127.07692,34.71196],[127.07281,34.71233],[127.07212,34.71259],[127.07198,34.71267],[127.06962,34.7149],[127.06938,34.71528],[127.06944,34.71555],[127.06976,34.71621],[127.07194,34.71908],[127.07305,34.72044],[127.07281,34.72177],[127.07121,34.7244],[127.07117,34.72443],[127.07104,34.72446],[127.07043,34.72459],[127.07021,34.72463],[127.07011,34.72463],[127.06946,34.7246],[127.06888,34.72456],[127.06856,34.72453],[127.0684,34.72448],[127.06814,34.72439],[127.06664,34.72404],[127.06321,34.72418],[127.06262,34.72482],[127.06234,34.72536],[127.06085,34.72552],[127.0594,34.72516],[127.05641,34.72482],[127.05498,34.72471],[127.0525,34.72493],[127.05012,34.7258],[127.04921,34.72708],[127.04836,34.72832],[127.0474,34.72873],[127.04694,34.72828],[127.04647,34.72784],[127.04616,34.72773],[127.04282,34.72684],[127.04118,34.72657],[127.03728,34.72831],[127.03663,34.729],[127.03555,34.73013],[127.0352,34.7305],[127.03511,34.73057],[127.03244,34.73226],[127.03239,34.73225],[127.03083,34.73159],[127.02901,34.73099],[127.02886,34.73098],[127.02879,34.73098],[127.0287,34.73099],[127.02862,34.73101],[127.02867,34.7314],[127.02878,34.73247],[127.02861,34.73358],[127.02844,34.7346],[127.02727,34.73992],[127.02725,34.73997],[127.02633,34.74027],[127.0262,34.7403],[127.02614,34.74031],[127.02329,34.74045],[127.02013,34.74113],[127.01752,34.7406],[127.01724,34.7407],[127.01616,34.7413],[127.01637,34.74319],[127.01658,34.74376],[127.01749,34.74568],[127.01863,34.74678],[127.01985,34.74786],[127.02044,34.74841],[127.01998,34.75015],[127.01989,34.7503],[127.01865,34.75194],[127.01758,34.75304],[127.01745,34.75317],[127.01637,34.75857],[127.01535,34.76075],[127.01405,34.76282],[127.01392,34.76361],[127.01449,34.76497],[127.01384,34.76679],[127.0134,34.76722],[127.01275,34.76799],[127.01158,34.76996],[127.01158,34.77003],[127.01176,34.77028],[127.01193,34.77045],[127.01213,34.77063],[127.01238,34.77082],[127.01322,34.77142],[127.01336,34.77148],[127.01354,34.7715],[127.0164,34.77169],[127.0212,34.77217],[127.02147,34.77222],[127.02315,34.77271],[127.02364,34.77299],[127.02389,34.77317],[127.02482,34.7723],[127.02515,34.77164],[127.02547,34.77096],[127.02559,34.7708],[127.02568,34.77073],[127.02935,34.76859],[127.0298,34.76837],[127.03021,34.76819],[127.0305,34.76813],[127.03065,34.76812],[127.03242,34.76824],[127.03263,34.76827],[127.03592,34.7665],[127.03718,34.76561],[127.03785,34.76511],[127.03802,34.7648],[127.03818,34.76446],[127.0382,34.76431],[127.0382,34.76423],[127.03783,34.76375],[127.03765,34.7633],[127.03819,34.76292],[127.03876,34.76262],[127.03945,34.76236],[127.04002,34.76216],[127.04168,34.76177],[127.0428,34.76151],[127.04597,34.76127],[127.04647,34.76124],[127.05264,34.76148],[127.05399,34.76173],[127.05404,34.76174],[127.05441,34.76217],[127.05504,34.76274],[127.05788,34.7644],[127.05814,34.76454],[127.05837,34.76457],[127.05862,34.76451],[127.0588,34.76445],[127.05918,34.7643],[127.0594,34.76417],[127.05959,34.7639],[127.05969,34.76375],[127.05983,34.76368],[127.05986,34.76368],[127.06082,34.76372],[127.06114,34.76375],[127.06186,34.76396],[127.06187,34.76423],[127.06187,34.76443],[127.06183,34.76462],[127.06168,34.76479],[127.06132,34.76514],[127.06066,34.76551],[127.06042,34.76562],[127.06013,34.7657],[127.0597,34.76581],[127.05919,34.76614],[127.05904,34.76631],[127.059,34.76656],[127.05898,34.76674],[127.05901,34.76877],[127.05902,34.76885],[127.05904,34.76891],[127.05908,34.76895],[127.05911,34.76898],[127.0611,34.77051],[127.0626,34.7716],[127.0629,34.77321],[127.06289,34.77641],[127.06172,34.77947],[127.06169,34.77958],[127.06273,34.78246],[127.06276,34.78253],[127.06285,34.7826],[127.06313,34.78267],[127.06482,34.78305],[127.06514,34.78304],[127.06531,34.78304],[127.06551,34.78305],[127.06648,34.78349],[127.06665,34.78357],[127.06672,34.78363],[127.0684,34.78515],[127.06848,34.78522],[127.0685,34.78528],[127.06851,34.78538],[127.06853,34.78563],[127.0685,34.78595],[127.0687,34.78632],[127.07362,34.78852],[127.07434,34.78879],[127.07462,34.78888],[127.07472,34.78889],[127.07477,34.78888],[127.07487,34.78886],[127.07598,34.78835],[127.07701,34.78788],[127.07792,34.78786],[127.07842,34.78843],[127.07848,34.78852],[127.07746,34.7899],[127.07743,34.78998],[127.07744,34.79005],[127.07807,34.79085],[127.07849,34.79137],[127.07971,34.79209],[127.08107,34.79282],[127.08118,34.79285],[127.0826,34.7929],[127.08466,34.79294],[127.08475,34.79294],[127.0848,34.79293],[127.08677,34.79193],[127.08863,34.79024],[127.08941,34.78961],[127.08978,34.78936],[127.09008,34.78916],[127.09034,34.78901],[127.09054,34.78891],[127.09106,34.7887],[127.09135,34.78864],[127.09158,34.78858],[127.09175,34.78858],[127.0919,34.78858],[127.09213,34.78862],[127.09218,34.78864],[127.09241,34.78872],[127.09277,34.78886],[127.09312,34.78904],[127.09333,34.78918],[127.09363,34.78938],[127.09412,34.78974],[127.0946,34.79008],[127.09487,34.7903],[127.09501,34.79043],[127.09508,34.7905],[127.09523,34.79069],[127.09538,34.79088],[127.09557,34.79121],[127.09569,34.79149],[127.09576,34.79166],[127.09589,34.7922],[127.09676,34.79301],[127.09846,34.79157],[127.09958,34.79016],[127.09964,34.79007],[127.09967,34.79],[127.09968,34.78985],[127.09965,34.78962],[127.09957,34.78935],[127.09941,34.78899],[127.09927,34.78871],[127.0989,34.78812],[127.0988,34.78791],[127.09878,34.78785],[127.09877,34.78779],[127.09877,34.78772],[127.09878,34.78766],[127.09955,34.78391],[127.09957,34.78385],[127.09978,34.78311],[127.09989,34.78275],[127.09994,34.78263],[127.10001,34.78256],[127.1001,34.78249],[127.10025,34.78237],[127.10034,34.78229],[127.10041,34.7822],[127.10042,34.78217],[127.10042,34.78206],[127.10038,34.78193],[127.10032,34.78177],[127.10015,34.78145],[127.09799,34.77802],[127.09749,34.77732],[127.09727,34.777],[127.09715,34.77676],[127.09707,34.77659],[127.09676,34.77583],[127.09676,34.77573],[127.09676,34.77568],[127.09703,34.77469],[127.09733,34.77357],[127.09751,34.77312],[127.09777,34.7726],[127.09786,34.77251],[127.09794,34.77245],[127.09811,34.77241],[127.09873,34.77292],[127.09984,34.77277],[127.10227,34.77239],[127.10717,34.76894],[127.10719,34.76889],[127.10722,34.76759],[127.10715,34.76712],[127.10709,34.76695],[127.10703,34.76685],[127.10696,34.76673],[127.10685,34.76661],[127.1068,34.76655],[127.10674,34.76647],[127.10671,34.76641],[127.10669,34.76635],[127.10667,34.76629],[127.10667,34.76623],[127.10672,34.76586],[127.10674,34.76579],[127.10705,34.76552],[127.10815,34.76474],[127.10992,34.7636],[127.11004,34.76353],[127.1103,34.76345],[127.1163,34.7617],[127.11791,34.76139]]]]}},{"type":"Feature","properties":{"code":"12750253","name":"벌교읍","parent":"12750"},"geometry":{"type":"MultiPolygon","coordinates":[[[[127.41842,34.78511],[127.42331,34.78452],[127.42613,34.78552],[127.42618,34.78558],[127.42627,34.78563],[127.42646,34.78568],[127.42656,34.78568],[127.42671,34.78565],[127.4268,34.78563],[127.42687,34.78561],[127.42933,34.78408],[127.42945,34.784],[127.42952,34.78395],[127.42956,34.7839],[127.42958,34.78386],[127.43072,34.77993],[127.43075,34.77982],[127.43079,34.77966],[127.43079,34.77959],[127.43077,34.77951],[127.43073,34.77945],[127.43069,34.7794],[127.43063,34.77936],[127.43059,34.77935],[127.43036,34.77929],[127.42696,34.77916],[127.42425,34.77919],[127.42421,34.77919],[127.42417,34.77919],[127.42413,34.7792],[127.41866,34.78114],[127.4186,34.78116],[127.4182,34.78135],[127.41815,34.78138],[127.41811,34.78141],[127.41792,34.78156],[127.4178,34.78165],[127.41752,34.78191],[127.41746,34.78199],[127.41585,34.78485],[127.41519,34.78647],[127.41519,34.78652],[127.41519,34.78655],[127.4152,34.78658],[127.41523,34.78662],[127.41527,34.78665],[127.41531,34.78667],[127.41536,34.7867],[127.4154,34.78672],[127.41545,34.78673],[127.41551,34.78673],[127.41556,34.78672],[127.41561,34.7867],[127.41565,34.78668],[127.41568,34.78666],[127.4161,34.78639],[127.41613,34.78637],[127.41733,34.78531],[127.41842,34.78511]]],[[[127.47458,34.79189],[127.4736,34.79167],[127.47286,34.79198],[127.47176,34.79309],[127.47166,34.79323],[127.47159,34.79334],[127.47156,34.79343],[127.47156,34.79351],[127.47156,34.79357],[127.47161,34.79364],[127.47167,34.7937],[127.47175,34.79374],[127.4719,34.79378],[127.47199,34.79379],[127.47211,34.7938],[127.47216,34.7938],[127.4728,34.79365],[127.47351,34.79342],[127.47394,34.79326],[127.47444,34.79305],[127.47456,34.79295],[127.47466,34.79281],[127.47477,34.79259],[127.47489,34.79235],[127.47483,34.79207],[127.47458,34.79189]]],[[[127.46581,34.80153],[127.46579,34.8012],[127.46596,34.80123],[127.46605,34.80123],[127.46613,34.80118],[127.46655,34.80078],[127.46666,34.80067],[127.46678,34.80052],[127.46689,34.8004],[127.4691,34.79736],[127.46916,34.79728],[127.46945,34.79681],[127.46953,34.79662],[127.46963,34.79634],[127.46992,34.7953],[127.46959,34.79361],[127.46936,34.7934],[127.46786,34.79374],[127.4646,34.79333],[127.46475,34.79191],[127.46483,34.79145],[127.4657,34.78956],[127.46575,34.78948],[127.4658,34.78939],[127.46591,34.78925],[127.46604,34.78912],[127.46613,34.78905],[127.46622,34.789],[127.4663,34.78896],[127.46634,34.78896],[127.4664,34.78897],[127.46646,34.78899],[127.4677,34.78939],[127.46772,34.78944],[127.46774,34.78949],[127.4678,34.78956],[127.46787,34.78961],[127.46794,34.78964],[127.46826,34.78976],[127.46833,34.78979],[127.46843,34.7898],[127.4685,34.78981],[127.46856,34.78981],[127.46862,34.7898],[127.46868,34.78979],[127.46876,34.78976],[127.46884,34.78971],[127.4689,34.78966],[127.46896,34.7896],[127.4694,34.78915],[127.46944,34.7891],[127.46998,34.7883],[127.47,34.78825],[127.47012,34.78788],[127.47013,34.78783],[127.47019,34.78732],[127.47019,34.78725],[127.47016,34.78718],[127.47009,34.78701],[127.47003,34.78695],[127.467,34.78576],[127.46689,34.78573],[127.46611,34.78576],[127.46602,34.78577],[127.46591,34.78581],[127.46568,34.78594],[127.4656,34.78599],[127.46328,34.78782],[127.46316,34.78792],[127.46266,34.78852],[127.46261,34.78858],[127.46257,34.78865],[127.46254,34.78871],[127.46252,34.78877],[127.46243,34.78918],[127.46242,34.78928],[127.46243,34.78935],[127.46245,34.78941],[127.46248,34.78951],[127.46254,34.78968],[127.46261,34.78986],[127.46264,34.78993],[127.46266,34.79007],[127.46252,34.79067],[127.46251,34.79072],[127.46221,34.79105],[127.46086,34.79165],[127.46049,34.79159],[127.46038,34.79157],[127.46027,34.79154],[127.45986,34.79145],[127.45981,34.79144],[127.45976,34.79142],[127.45966,34.79139],[127.45963,34.79137],[127.4596,34.79135],[127.45944,34.79121],[127.45925,34.79102],[127.45855,34.79018],[127.45941,34.78873],[127.45946,34.78873],[127.45951,34.78873],[127.45957,34.78869],[127.45979,34.78857],[127.45993,34.78846],[127.46029,34.78814],[127.46039,34.78802],[127.46062,34.78767],[127.46065,34.78761],[127.46127,34.78606],[127.46129,34.78599],[127.46131,34.78586],[127.46132,34.78575],[127.46131,34.78563],[127.46109,34.78381],[127.46106,34.78373],[127.46095,34.78373],[127.46089,34.78377],[127.46044,34.78423],[127.4604,34.78429],[127.45884,34.78653],[127.4588,34.7866],[127.45878,34.78666],[127.45876,34.78672],[127.45871,34.78688],[127.45868,34.78704],[127.45867,34.78715],[127.45869,34.78732],[127.45871,34.78754],[127.45873,34.78761],[127.4589,34.78797],[127.45894,34.78806],[127.45901,34.7882],[127.45907,34.7883],[127.45915,34.7884],[127.45926,34.78856],[127.45932,34.78868],[127.45843,34.79007],[127.45576,34.79051],[127.45572,34.79052],[127.45568,34.79052],[127.45489,34.79036],[127.45483,34.79035],[127.45466,34.7903],[127.45459,34.79028],[127.45452,34.79026],[127.45442,34.79024],[127.45438,34.79022],[127.45427,34.79018],[127.45398,34.79008],[127.45394,34.79006],[127.45387,34.79003],[127.45372,34.78994],[127.45362,34.78988],[127.45347,34.7898],[127.45329,34.78969],[127.45259,34.78888],[127.45255,34.78879],[127.45254,34.78873],[127.45254,34.7887],[127.45256,34.78861],[127.4526,34.78851],[127.45267,34.78836],[127.45275,34.78821],[127.45282,34.78806],[127.45288,34.78792],[127.45312,34.78748],[127.45331,34.78714],[127.45344,34.78689],[127.45405,34.78661],[127.45443,34.78657],[127.45479,34.78554],[127.45482,34.78543],[127.4549,34.7851],[127.4549,34.78503],[127.45489,34.78497],[127.4545,34.78252],[127.45407,34.78009],[127.45406,34.78004],[127.45402,34.77995],[127.45288,34.77886],[127.4528,34.77881],[127.45273,34.77879],[127.45265,34.77878],[127.45189,34.77883],[127.45174,34.77884],[127.45168,34.77886],[127.45158,34.77891],[127.45145,34.77898],[127.4513,34.77906],[127.45124,34.77911],[127.45114,34.77919],[127.4511,34.77925],[127.4511,34.77931],[127.45109,34.77934],[127.45108,34.77936],[127.45099,34.77959],[127.45095,34.77963],[127.4509,34.77967],[127.45085,34.7797],[127.45075,34.77973],[127.44742,34.7807],[127.44739,34.78071],[127.44733,34.78071],[127.44728,34.78071],[127.44094,34.77963],[127.44086,34.77962],[127.44077,34.77959],[127.44038,34.77938],[127.44034,34.77936],[127.44031,34.77932],[127.44023,34.77917],[127.44009,34.77892],[127.43979,34.77903],[127.43909,34.77994],[127.439,34.78008],[127.43896,34.78015],[127.43895,34.78021],[127.43896,34.78031],[127.43899,34.78037],[127.43902,34.78042],[127.43908,34.78047],[127.43916,34.78052],[127.43924,34.78055],[127.4399,34.78075],[127.44008,34.78078],[127.44046,34.78084],[127.44243,34.78114],[127.44499,34.78578],[127.44553,34.78549],[127.44631,34.78521],[127.44636,34.78522],[127.44644,34.78525],[127.44654,34.7853],[127.44658,34.78533],[127.44846,34.78702],[127.44857,34.78713],[127.44861,34.78716],[127.44872,34.78728],[127.44877,34.78733],[127.44896,34.78755],[127.44899,34.78763],[127.44907,34.78796],[127.44929,34.78945],[127.44936,34.79007],[127.44936,34.79017],[127.44936,34.79052],[127.44936,34.7906],[127.44936,34.79063],[127.44934,34.79068],[127.4493,34.79071],[127.44914,34.79077],[127.44883,34.79093],[127.44833,34.79131],[127.44758,34.79201],[127.44753,34.79206],[127.4464,34.79394],[127.44638,34.79398],[127.44636,34.79407],[127.44634,34.79415],[127.44634,34.79424],[127.44634,34.79433],[127.44635,34.79441],[127.44639,34.79449],[127.44644,34.79457],[127.44648,34.7946],[127.44653,34.79463],[127.44988,34.7955],[127.45114,34.79531],[127.45282,34.79273],[127.45286,34.79268],[127.45324,34.79215],[127.45329,34.79209],[127.45334,34.79203],[127.45339,34.79202],[127.45349,34.79201],[127.4536,34.792],[127.45366,34.792],[127.45374,34.792],[127.45391,34.79201],[127.45402,34.79203],[127.45413,34.79204],[127.45977,34.79272],[127.46006,34.79277],[127.46091,34.79331],[127.46146,34.79469],[127.46143,34.79556],[127.46142,34.79569],[127.46142,34.79581],[127.46138,34.79636],[127.46134,34.79679],[127.46068,34.79782],[127.46049,34.79804],[127.45992,34.79848],[127.45982,34.79856],[127.45977,34.79866],[127.45974,34.79873],[127.45972,34.79885],[127.45973,34.79894],[127.45992,34.80061],[127.45993,34.80067],[127.46021,34.80219],[127.46024,34.80225],[127.46028,34.80233],[127.46031,34.80239],[127.46036,34.80246],[127.4604,34.80252],[127.46046,34.80258],[127.46052,34.80264],[127.4612,34.80318],[127.46195,34.80328],[127.46395,34.80328],[127.46524,34.80315],[127.4653,34.803],[127.46581,34.80179],[127.46581,34.80171],[127.46581,34.80153]]],[[[127.44419,34.80726],[127.44362,34.80715],[127.44174,34.80726],[127.44158,34.80728],[127.44141,34.8073],[127.44131,34.80732],[127.4412,34.80734],[127.44111,34.80736],[127.44102,34.8074],[127.43956,34.80799],[127.43952,34.80802],[127.43652,34.80938],[127.43648,34.8095],[127.43647,34.80953],[127.43647,34.80959],[127.43648,34.80961],[127.43649,34.80964],[127.43671,34.81021],[127.43672,34.81024],[127.43674,34.81027],[127.43678,34.8103],[127.43682,34.81033],[127.43691,34.81038],[127.43698,34.81041],[127.43913,34.81121],[127.43916,34.81122],[127.43922,34.81124],[127.43926,34.81124],[127.43937,34.81124],[127.4394,34.81123],[127.44043,34.81106],[127.44363,34.81071],[127.44369,34.8107],[127.44373,34.81068],[127.44377,34.81067],[127.44382,34.81063],[127.44387,34.81059],[127.44396,34.8105],[127.44408,34.81034],[127.4441,34.81031],[127.44419,34.81012],[127.4442,34.81009],[127.44438,34.80954],[127.44481,34.80819],[127.44481,34.80811],[127.44481,34.80803],[127.4448,34.80795],[127.44477,34.80787],[127.44468,34.80767],[127.44458,34.80749],[127.4444,34.80733],[127.44429,34.80728],[127.44419,34.80726]]],[[[127.30362,34.90096],[127.3041,34.90084],[127.30425,34.90077],[127.30456,34.90052],[127.30938,34.89655],[127.31,34.89601],[127.31149,34.89409],[127.31408,34.89224],[127.31469,34.89184],[127.31563,34.89124],[127.31729,34.89031],[127.31887,34.88952],[127.32045,34.88888],[127.32076,34.8888],[127.32158,34.8885],[127.32211,34.88829],[127.32242,34.88813],[127.32327,34.88748],[127.32328,34.88744],[127.32335,34.8873],[127.32378,34.88582],[127.32404,34.88472],[127.32406,34.88457],[127.32471,34.88366],[127.32496,34.88349],[127.32541,34.8834],[127.32571,34.88346],[127.32753,34.88431],[127.32773,34.88444],[127.32776,34.88458],[127.32772,34.88485],[127.32759,34.88518],[127.32755,34.88554],[127.32768,34.88569],[127.32788,34.88591],[127.33073,34.88827],[127.33552,34.88971],[127.33555,34.88966],[127.33597,34.88871],[127.33653,34.88726],[127.33655,34.88703],[127.33678,34.88376],[127.33677,34.88359],[127.33669,34.88339],[127.33629,34.88271],[127.33625,34.88234],[127.33625,34.88219],[127.33633,34.88199],[127.33682,34.88118],[127.3373,34.88047],[127.33878,34.87902],[127.34017,34.87773],[127.33968,34.876],[127.33892,34.8741],[127.33881,34.87377],[127.3388,34.87358],[127.33894,34.87238],[127.33968,34.87035],[127.33976,34.87019],[127.33995,34.87],[127.34027,34.86977],[127.34333,34.86772],[127.34392,34.86736],[127.34451,34.86709],[127.34519,34.86681],[127.34579,34.86661],[127.35046,34.86525],[127.35287,34.86473],[127.35391,34.86451],[127.35655,34.86414],[127.35676,34.86412],[127.35691,34.86411],[127.35704,34.86412],[127.3572,34.86415],[127.35784,34.86427],[127.35807,34.86432],[127.35818,34.86436],[127.35823,34.86438],[127.35914,34.86477],[127.3593,34.86484],[127.35953,34.86495],[127.35985,34.86513],[127.36007,34.86526],[127.36065,34.86565],[127.36098,34.86587],[127.36133,34.86615],[127.36189,34.86664],[127.36208,34.86682],[127.36232,34.86708],[127.36257,34.86741],[127.36265,34.86754],[127.3629,34.86803],[127.36296,34.86811],[127.36301,34.86817],[127.36305,34.86822],[127.3631,34.86825],[127.36315,34.86828],[127.36324,34.86831],[127.36337,34.86836],[127.36346,34.86838],[127.36363,34.86841],[127.36383,34.86844],[127.3641,34.86846],[127.36421,34.86846],[127.36429,34.86846],[127.36439,34.86844],[127.36554,34.8683],[127.3657,34.86827],[127.36584,34.86823],[127.36606,34.86815],[127.36611,34.86812],[127.36616,34.86809],[127.36628,34.868],[127.36641,34.86788],[127.36643,34.86784],[127.36642,34.8676],[127.36642,34.86748],[127.36643,34.86741],[127.3671,34.86255],[127.36712,34.86252],[127.36714,34.86249],[127.36717,34.86247],[127.36721,34.86246],[127.36878,34.86155],[127.37224,34.85924],[127.37644,34.85563],[127.37869,34.85352],[127.37895,34.85234],[127.37832,34.85156],[127.37826,34.85149],[127.37755,34.85088],[127.37722,34.85034],[127.37742,34.84988],[127.37902,34.84809],[127.37943,34.84738],[127.37899,34.8461],[127.37874,34.84535],[127.37894,34.84454],[127.37938,34.84388],[127.37971,34.84339],[127.38006,34.84297],[127.38036,34.84283],[127.3832,34.84159],[127.38379,34.84159],[127.38664,34.84178],[127.38862,34.84133],[127.38922,34.84089],[127.38972,34.84052],[127.39167,34.84014],[127.39196,34.8401],[127.39212,34.84011],[127.39449,34.84073],[127.39523,34.84127],[127.39628,34.84204],[127.39706,34.84235],[127.39738,34.84248],[127.40161,34.84296],[127.40383,34.84251],[127.40549,34.84201],[127.4135,34.83687],[127.41571,34.83471],[127.4163,34.83413],[127.41694,34.83249],[127.41644,34.83246],[127.41717,34.83053],[127.41716,34.83044],[127.41711,34.8304],[127.41703,34.83035],[127.41639,34.83019],[127.41588,34.83008],[127.4146,34.8298],[127.41379,34.82963],[127.41281,34.82942],[127.41104,34.82903],[127.41079,34.82898],[127.41091,34.82825],[127.41097,34.82796],[127.41096,34.82792],[127.41093,34.82789],[127.41081,34.82782],[127.41059,34.8277],[127.41054,34.82767],[127.40085,34.82505],[127.39742,34.82516],[127.39608,34.82526],[127.39602,34.82526],[127.39597,34.82529],[127.38926,34.82879],[127.38923,34.82882],[127.38892,34.8292],[127.38797,34.83042],[127.38764,34.83089],[127.38684,34.83205],[127.38643,34.83265],[127.38622,34.83306],[127.38609,34.8333],[127.38601,34.83345],[127.3858,34.83374],[127.38548,34.83417],[127.38511,34.83464],[127.38497,34.8348],[127.38476,34.83503],[127.38453,34.83521],[127.38441,34.8353],[127.38418,34.83542],[127.38336,34.83581],[127.383,34.83596],[127.3828,34.83602],[127.38238,34.83615],[127.38213,34.83621],[127.3794,34.8368],[127.3738,34.83636],[127.37276,34.83612],[127.37242,34.83603],[127.3698,34.83533],[127.36875,34.83509],[127.36815,34.83507],[127.3677,34.83509],[127.36639,34.83543],[127.35909,34.83759],[127.35832,34.83789],[127.35798,34.83804],[127.357,34.83858],[127.35677,34.8388],[127.35647,34.83921],[127.35618,34.83954],[127.35562,34.83999],[127.35444,34.83946],[127.35355,34.83906],[127.35355,34.83833],[127.35363,34.8379],[127.35392,34.83721],[127.35417,34.83681],[127.3583,34.83526],[127.35905,34.83531],[127.35957,34.83524],[127.35981,34.8351],[127.36026,34.83484],[127.36066,34.83456],[127.36191,34.83366],[127.3643,34.8323],[127.36595,34.83136],[127.36667,34.83107],[127.37075,34.83003],[127.376,34.82844],[127.37656,34.8282],[127.37737,34.82786],[127.37803,34.82768],[127.38155,34.82682],[127.38226,34.82665],[127.38259,34.82671],[127.3828,34.82676],[127.38299,34.82674],[127.38307,34.82667],[127.38627,34.8226],[127.39064,34.81789],[127.39085,34.8175],[127.39112,34.81686],[127.39116,34.81653],[127.39127,34.81599],[127.39197,34.81455],[127.39553,34.81396],[127.39561,34.81398],[127.39663,34.81507],[127.39687,34.81554],[127.39698,34.81578],[127.39761,34.81655],[127.39766,34.81659],[127.39777,34.81662],[127.3979,34.81666],[127.39837,34.81678],[127.39841,34.81678],[127.39983,34.81671],[127.40055,34.81666],[127.40069,34.81659],[127.40307,34.81554],[127.40371,34.81526],[127.40435,34.81498],[127.40618,34.8148],[127.40666,34.81487],[127.40732,34.81504],[127.4074,34.81512],[127.40747,34.81517],[127.40754,34.81521],[127.4076,34.81524],[127.40821,34.81542],[127.40846,34.81548],[127.40852,34.81549],[127.4091,34.81559],[127.40916,34.8156],[127.40935,34.81561],[127.40951,34.81562],[127.41035,34.8156],[127.41042,34.81559],[127.41048,34.81558],[127.41051,34.81554],[127.41076,34.81491],[127.41111,34.81391],[127.41844,34.81147],[127.41875,34.81138],[127.42,34.81134],[127.42259,34.8129],[127.42326,34.81335],[127.42353,34.81371],[127.4241,34.81457],[127.42444,34.81524],[127.42617,34.81494],[127.42748,34.81386],[127.42766,34.81335],[127.42686,34.81232],[127.42574,34.81134],[127.42231,34.80967],[127.418,34.80937],[127.41795,34.80935],[127.41637,34.8073],[127.41491,34.80492],[127.41341,34.8032],[127.41287,34.80265],[127.41281,34.80259],[127.41276,34.80255],[127.41273,34.80253],[127.41031,34.80182],[127.4096,34.80175],[127.40912,34.80171],[127.40836,34.80166],[127.40812,34.80165],[127.40795,34.80164],[127.40787,34.80163],[127.40777,34.80163],[127.40769,34.80163],[127.40764,34.80163],[127.40759,34.80164],[127.40753,34.80165],[127.40748,34.80167],[127.40742,34.8017],[127.40738,34.80172],[127.40733,34.80175],[127.40727,34.8018],[127.40716,34.80189],[127.40678,34.80222],[127.40674,34.80225],[127.40247,34.79937],[127.39503,34.79631],[127.39478,34.79572],[127.39475,34.79513],[127.39256,34.79155],[127.39098,34.79108],[127.39108,34.78999],[127.38742,34.79],[127.38726,34.79024],[127.3866,34.79133],[127.38602,34.79238],[127.38609,34.79469],[127.38711,34.79692],[127.3859,34.79806],[127.38367,34.80049],[127.38358,34.80078],[127.38368,34.80227],[127.37803,34.80616],[127.37712,34.80647],[127.37655,34.80628],[127.37459,34.80601],[127.37396,34.80601],[127.37267,34.80632],[127.37226,34.80665],[127.37189,34.80732],[127.37098,34.80896],[127.36966,34.8108],[127.36617,34.81506],[127.36427,34.81661],[127.3633,34.81709],[127.36275,34.81709],[127.36197,34.81673],[127.36102,34.81619],[127.36032,34.81593],[127.3592,34.81603],[127.35791,34.81634],[127.3573,34.81677],[127.35481,34.81877],[127.35415,34.82053],[127.35421,34.82151],[127.35376,34.82365],[127.35273,34.82526],[127.35213,34.82536],[127.34913,34.82525],[127.34717,34.82514],[127.34372,34.82712],[127.34312,34.82788],[127.34067,34.82784],[127.33827,34.82528],[127.33781,34.82455],[127.33735,34.82438],[127.33337,34.82401],[127.33043,34.824],[127.32983,34.8239],[127.3276,34.82239],[127.32564,34.82028],[127.32526,34.81969],[127.323,34.81592],[127.31926,34.81087],[127.31469,34.81119],[127.31362,34.81147],[127.31062,34.81039],[127.30886,34.8103],[127.30827,34.81051],[127.30705,34.81094],[127.3059,34.81076],[127.30503,34.81017],[127.30342,34.8091],[127.30091,34.80901],[127.29803,34.80904],[127.29798,34.80905],[127.29792,34.80905],[127.29771,34.80907],[127.29343,34.81027],[127.29102,34.8108],[127.29032,34.81118],[127.28965,34.81163],[127.28794,34.8128],[127.28788,34.81285],[127.2864,34.81415],[127.28613,34.81443],[127.2856,34.81499],[127.28556,34.81506],[127.28384,34.81804],[127.28286,34.82048],[127.28278,34.82077],[127.28272,34.82123],[127.28282,34.82309],[127.28284,34.82325],[127.28336,34.82453],[127.28367,34.82522],[127.28374,34.82543],[127.28374,34.82552],[127.28374,34.82556],[127.28371,34.82563],[127.28366,34.82566],[127.2836,34.8257],[127.28299,34.82584],[127.28216,34.82602],[127.27433,34.82936],[127.27178,34.83019],[127.27163,34.83028],[127.27145,34.83046],[127.27138,34.83063],[127.27119,34.83116],[127.27109,34.83147],[127.27104,34.83157],[127.27097,34.8316],[127.26683,34.83262],[127.26111,34.83364],[127.25683,34.83365],[127.25673,34.83365],[127.2565,34.8336],[127.25633,34.83355],[127.25616,34.83345],[127.25594,34.83331],[127.25558,34.83295],[127.25522,34.83236],[127.25492,34.83187],[127.25471,34.83155],[127.25464,34.83148],[127.25448,34.83143],[127.25425,34.83138],[127.25367,34.83141],[127.25237,34.83151],[127.25187,34.83162],[127.25144,34.83169],[127.2509,34.83171],[127.24985,34.83167],[127.24923,34.83164],[127.24899,34.8316],[127.24896,34.83159],[127.2487,34.83154],[127.24853,34.83145],[127.24826,34.83122],[127.24808,34.83099],[127.24795,34.83076],[127.24405,34.83258],[127.24334,34.83301],[127.2426,34.83344],[127.24231,34.83356],[127.24186,34.83368],[127.23804,34.83398],[127.23786,34.83399],[127.23775,34.83399],[127.23478,34.8335],[127.23253,34.8331],[127.23231,34.83302],[127.23205,34.83302],[127.23187,34.83303],[127.23036,34.83327],[127.23019,34.83337],[127.22912,34.83521],[127.22877,34.83583],[127.22876,34.83627],[127.22779,34.83791],[127.22478,34.83983],[127.22538,34.84146],[127.2267,34.84433],[127.22684,34.84475],[127.22692,34.84519],[127.22691,34.84532],[127.22689,34.84545],[127.22668,34.8457],[127.22636,34.846],[127.22626,34.84615],[127.22618,34.84632],[127.22613,34.84656],[127.22615,34.84685],[127.22623,34.8474],[127.22682,34.84922],[127.22981,34.85475],[127.22985,34.85478],[127.23008,34.85499],[127.23116,34.85557],[127.23159,34.85568],[127.2319,34.85569],[127.2321,34.85564],[127.23564,34.85482],[127.23579,34.85479],[127.23599,34.85481],[127.23821,34.85524],[127.2407,34.85613],[127.24474,34.85763],[127.24612,34.85867],[127.2473,34.86096],[127.24769,34.86286],[127.24876,34.86388],[127.24981,34.86398],[127.25045,34.86408],[127.25082,34.86435],[127.2511,34.86466],[127.25135,34.86502],[127.25226,34.8685],[127.2523,34.86868],[127.25316,34.87361],[127.25317,34.87395],[127.25307,34.87844],[127.2528,34.88229],[127.25234,34.88315],[127.2523,34.88325],[127.25222,34.88382],[127.25232,34.8845],[127.25303,34.88464],[127.25796,34.88605],[127.25814,34.88615],[127.25814,34.88623],[127.25864,34.88813],[127.25932,34.89003],[127.25962,34.89031],[127.26143,34.89175],[127.26225,34.89229],[127.26233,34.8923],[127.26247,34.89231],[127.2626,34.89227],[127.26265,34.89226],[127.26287,34.89201],[127.26414,34.89],[127.26447,34.88986],[127.26521,34.88973],[127.26606,34.88971],[127.26725,34.88974],[127.26761,34.88988],[127.26833,34.89025],[127.26919,34.89056],[127.26959,34.89068],[127.27015,34.89077],[127.2708,34.8908],[127.2711,34.89076],[127.27245,34.89034],[127.27285,34.89029],[127.2735,34.89032],[127.2743,34.89055],[127.27514,34.89087],[127.27933,34.89312],[127.27953,34.89324],[127.27981,34.89348],[127.28055,34.89471],[127.28081,34.89523],[127.28158,34.89641],[127.28202,34.89696],[127.28234,34.89728],[127.28307,34.89771],[127.28362,34.89796],[127.29119,34.90131],[127.29167,34.90143],[127.2924,34.90149],[127.29358,34.90149],[127.29401,34.90139],[127.29505,34.90124],[127.29555,34.90122],[127.29659,34.90128],[127.29687,34.90134],[127.29817,34.90169],[127.29936,34.90192],[127.29977,34.90187],[127.30008,34.90175],[127.30038,34.90151],[127.30362,34.90096]]]]}},{"type":"Feature","properties":{"code":"12750310","name":"노동면","parent":"12750"},"geometry":{"type":"MultiPolygon","coordinates":[[[[127.08449,34.86929],[127.08461,34.86796],[127.0847,34.86747],[127.0853,34.86568],[127.08586,34.86355],[127.08524,34.86164],[127.08461,34.8614],[127.08344,34.86079],[127.08252,34.86016],[127.08285,34.85946],[127.08307,34.85898],[127.08343,34.85811],[127.08356,34.85721],[127.0836,34.85689],[127.08356,34.85403],[127.08339,34.85355],[127.08309,34.85318],[127.08303,34.85316],[127.0828,34.85306],[127.08267,34.85302],[127.08248,34.85295],[127.08204,34.85179],[127.08203,34.85176],[127.08203,34.85173],[127.08203,34.85169],[127.08215,34.85149],[127.08315,34.85038],[127.08334,34.85022],[127.08566,34.84843],[127.08573,34.84839],[127.08582,34.84837],[127.08652,34.84818],[127.08701,34.84808],[127.08731,34.848],[127.08755,34.84791],[127.08773,34.84781],[127.08789,34.8477],[127.08809,34.84755],[127.08822,34.84742],[127.08829,34.84733],[127.08834,34.84727],[127.08884,34.84633],[127.08829,34.84524],[127.08733,34.84213],[127.08729,34.84198],[127.08723,34.84183],[127.08709,34.84157],[127.08701,34.84145],[127.0869,34.84133],[127.08581,34.84033],[127.08569,34.84022],[127.08449,34.83934],[127.0834,34.83872],[127.08328,34.83867],[127.08319,34.83864],[127.08308,34.83862],[127.08287,34.8386],[127.08221,34.83774],[127.08217,34.83622],[127.08216,34.83608],[127.08217,34.83594],[127.08221,34.83577],[127.08222,34.83571],[127.08266,34.83314],[127.08163,34.83193],[127.08044,34.8301],[127.0804,34.83001],[127.08041,34.82998],[127.08044,34.82988],[127.08053,34.82972],[127.0815,34.82864],[127.08158,34.82861],[127.08206,34.82848],[127.08234,34.82842],[127.08259,34.82829],[127.08278,34.82817],[127.08317,34.82792],[127.08324,34.82786],[127.0851,34.82536],[127.08513,34.82532],[127.08516,34.82527],[127.08665,34.81979],[127.08645,34.81821],[127.08593,34.81655],[127.08459,34.81389],[127.08311,34.81177],[127.08303,34.81176],[127.08082,34.81069],[127.07731,34.80678],[127.07728,34.80673],[127.07726,34.80667],[127.07725,34.80661],[127.07728,34.80657],[127.07735,34.80649],[127.07784,34.80612],[127.07849,34.80562],[127.07871,34.80543],[127.07885,34.80531],[127.07895,34.80519],[127.07897,34.80513],[127.07895,34.80498],[127.07846,34.80249],[127.07852,34.79969],[127.08024,34.79728],[127.08419,34.79522],[127.08659,34.79298],[127.08667,34.79288],[127.0867,34.79282],[127.08676,34.79265],[127.0868,34.79249],[127.08681,34.7924],[127.08681,34.79224],[127.0868,34.79214],[127.08677,34.79193],[127.0848,34.79293],[127.08475,34.79294],[127.08466,34.79294],[127.0826,34.7929],[127.08118,34.79285],[127.08107,34.79282],[127.07971,34.79209],[127.07849,34.79137],[127.07807,34.79085],[127.07744,34.79005],[127.07743,34.78998],[127.07746,34.7899],[127.07848,34.78852],[127.07842,34.78843],[127.07792,34.78786],[127.07701,34.78788],[127.07598,34.78835],[127.07487,34.78886],[127.07477,34.78888],[127.07472,34.78889],[127.07462,34.78888],[127.07434,34.78879],[127.07362,34.78852],[127.0687,34.78632],[127.0685,34.78595],[127.06853,34.78563],[127.06851,34.78538],[127.0685,34.78528],[127.06848,34.78522],[127.0684,34.78515],[127.06672,34.78363],[127.06665,34.78357],[127.06648,34.78349],[127.06551,34.78305],[127.06531,34.78304],[127.06514,34.78304],[127.06482,34.78305],[127.06313,34.78267],[127.06285,34.7826],[127.06276,34.78253],[127.06273,34.78246],[127.06169,34.77958],[127.06172,34.77947],[127.06289,34.77641],[127.0629,34.77321],[127.0626,34.7716],[127.0611,34.77051],[127.05911,34.76898],[127.05908,34.76895],[127.05904,34.76891],[127.05902,34.76885],[127.05901,34.76877],[127.05898,34.76674],[127.059,34.76656],[127.05904,34.76631],[127.05919,34.76614],[127.0597,34.76581],[127.06013,34.7657],[127.06042,34.76562],[127.06066,34.76551],[127.06132,34.76514],[127.06168,34.76479],[127.06183,34.76462],[127.06187,34.76443],[127.06187,34.76423],[127.06186,34.76396],[127.06114,34.76375],[127.06082,34.76372],[127.05986,34.76368],[127.05983,34.76368],[127.05969,34.76375],[127.05959,34.7639],[127.0594,34.76417],[127.05918,34.7643],[127.0588,34.76445],[127.05862,34.76451],[127.05837,34.76457],[127.05814,34.76454],[127.05788,34.7644],[127.05504,34.76274],[127.05441,34.76217],[127.05404,34.76174],[127.05399,34.76173],[127.05264,34.76148],[127.04647,34.76124],[127.04597,34.76127],[127.0428,34.76151],[127.04168,34.76177],[127.04002,34.76216],[127.03945,34.76236],[127.03876,34.76262],[127.03819,34.76292],[127.03765,34.7633],[127.03783,34.76375],[127.0382,34.76423],[127.0382,34.76431],[127.03818,34.76446],[127.03802,34.7648],[127.03785,34.76511],[127.03718,34.76561],[127.03592,34.7665],[127.03263,34.76827],[127.03242,34.76824],[127.03065,34.76812],[127.0305,34.76813],[127.03021,34.76819],[127.0298,34.76837],[127.02935,34.76859],[127.02568,34.77073],[127.02559,34.7708],[127.02547,34.77096],[127.02515,34.77164],[127.02482,34.7723],[127.02389,34.77317],[127.02411,34.77364],[127.02468,34.77612],[127.02457,34.77744],[127.024,34.77881],[127.0235,34.77916],[127.02285,34.7794],[127.02183,34.77966],[127.01971,34.78086],[127.0188,34.78138],[127.0182,34.78177],[127.01787,34.78219],[127.01807,34.7831],[127.01806,34.784],[127.01713,34.78592],[127.01589,34.78771],[127.01539,34.78868],[127.01522,34.7898],[127.01524,34.79023],[127.01529,34.79042],[127.01542,34.79049],[127.01593,34.7906],[127.01697,34.79077],[127.01711,34.79106],[127.01824,34.79578],[127.01833,34.79614],[127.01828,34.79653],[127.01806,34.79821],[127.01892,34.80471],[127.01968,34.80507],[127.02031,34.80544],[127.02058,34.80564],[127.02072,34.80588],[127.02273,34.81094],[127.02287,34.8137],[127.02255,34.81492],[127.02245,34.81518],[127.02192,34.8166],[127.02157,34.81786],[127.02157,34.81878],[127.02172,34.81951],[127.0221,34.8201],[127.02271,34.82027],[127.02405,34.82002],[127.02474,34.81959],[127.0251,34.81946],[127.02596,34.81934],[127.02619,34.8194],[127.02844,34.82037],[127.02954,34.82174],[127.03094,34.82366],[127.03105,34.82383],[127.03125,34.82446],[127.03144,34.8252],[127.03148,34.8258],[127.03119,34.8284],[127.03075,34.82966],[127.03049,34.83111],[127.0306,34.83246],[127.03102,34.83406],[127.0319,34.83527],[127.03208,34.83547],[127.03327,34.83648],[127.03508,34.83707],[127.0371,34.83779],[127.03744,34.83803],[127.03743,34.83794],[127.03752,34.83786],[127.03764,34.83779],[127.0379,34.83774],[127.03816,34.83771],[127.03841,34.83771],[127.03862,34.83772],[127.0421,34.83819],[127.04358,34.83844],[127.04503,34.839],[127.04512,34.83907],[127.04525,34.83924],[127.0465,34.84002],[127.04778,34.84067],[127.04795,34.84074],[127.04866,34.841],[127.0513,34.84172],[127.05157,34.84177],[127.05422,34.84365],[127.05422,34.84386],[127.05424,34.84406],[127.05448,34.8454],[127.05449,34.84546],[127.05483,34.8464],[127.05491,34.84647],[127.05621,34.84701],[127.05637,34.84705],[127.05648,34.84706],[127.05656,34.84706],[127.05713,34.84697],[127.05752,34.84689],[127.05782,34.84686],[127.05807,34.84685],[127.06094,34.84717],[127.06097,34.84718],[127.06099,34.8472],[127.06154,34.84838],[127.06226,34.85002],[127.06257,34.85238],[127.06276,34.85404],[127.06277,34.85413],[127.06275,34.85425],[127.06269,34.8545],[127.06258,34.85481],[127.06245,34.85521],[127.06234,34.85571],[127.06232,34.85588],[127.0622,34.85686],[127.06218,34.8574],[127.06218,34.85748],[127.06248,34.85886],[127.06318,34.86095],[127.0632,34.861],[127.06324,34.86109],[127.06327,34.86114],[127.06337,34.86127],[127.0636,34.8615],[127.06376,34.86165],[127.06389,34.86175],[127.06573,34.86315],[127.06974,34.86576],[127.07183,34.86708],[127.07194,34.8671],[127.07314,34.86727],[127.07475,34.86683],[127.0754,34.8668],[127.07599,34.86701],[127.07667,34.86757],[127.07919,34.86884],[127.08063,34.86928],[127.08119,34.86922],[127.08163,34.86898],[127.08277,34.86906],[127.0833,34.86938],[127.08396,34.86941],[127.08449,34.86929]]]]}},{"type":"Feature","properties":{"code":"12750320","name":"미력면","parent":"12750"},"geometry":{"type":"MultiPolygon","coordinates":[[[[127.11274,34.84189],[127.11298,34.83981],[127.11275,34.83906],[127.11254,34.83831],[127.11247,34.838],[127.11218,34.83544],[127.11221,34.83533],[127.11229,34.83519],[127.11238,34.83514],[127.1124,34.83512],[127.11244,34.83512],[127.11252,34.83513],[127.11277,34.8352],[127.11298,34.83526],[127.11336,34.83541],[127.11602,34.8357],[127.11956,34.83589],[127.12863,34.8357],[127.12876,34.83564],[127.12893,34.83553],[127.12909,34.83539],[127.12914,34.83531],[127.12915,34.83503],[127.12913,34.83479],[127.12908,34.83422],[127.12902,34.83377],[127.12884,34.83312],[127.12864,34.83286],[127.12843,34.83266],[127.12831,34.83253],[127.12737,34.83052],[127.12733,34.83043],[127.12732,34.83028],[127.12732,34.82844],[127.1274,34.82777],[127.12743,34.82766],[127.12767,34.82746],[127.12831,34.82697],[127.12862,34.82672],[127.1287,34.82657],[127.12872,34.82648],[127.12909,34.82381],[127.12911,34.82357],[127.12906,34.82334],[127.12897,34.82321],[127.12885,34.82306],[127.1286,34.82282],[127.1283,34.8226],[127.12808,34.82243],[127.12787,34.82225],[127.12781,34.82216],[127.12793,34.82199],[127.12978,34.82034],[127.13229,34.81971],[127.13268,34.81968],[127.13289,34.81969],[127.13315,34.81966],[127.1333,34.81961],[127.1334,34.81953],[127.13345,34.81945],[127.13386,34.81881],[127.13395,34.81866],[127.13488,34.81682],[127.13497,34.81663],[127.13508,34.81634],[127.13537,34.81478],[127.13534,34.81439],[127.13515,34.81277],[127.13511,34.81263],[127.13225,34.8095],[127.13057,34.80808],[127.13049,34.80802],[127.13046,34.80794],[127.1296,34.80528],[127.12955,34.8051],[127.12955,34.80486],[127.12959,34.80438],[127.12859,34.80109],[127.12763,34.79822],[127.12758,34.79812],[127.12723,34.79787],[127.12698,34.7977],[127.12596,34.797],[127.12574,34.79691],[127.12502,34.7967],[127.12456,34.79658],[127.1242,34.79642],[127.12374,34.79621],[127.12369,34.79618],[127.12336,34.7956],[127.12317,34.79526],[127.12311,34.79508],[127.12289,34.79249],[127.12298,34.79164],[127.12304,34.79125],[127.12307,34.79119],[127.1245,34.79031],[127.12354,34.78849],[127.12259,34.7877],[127.12249,34.78758],[127.12237,34.78738],[127.12234,34.78726],[127.12232,34.787],[127.12235,34.78091],[127.12247,34.78078],[127.12337,34.77907],[127.12347,34.77877],[127.12357,34.77843],[127.12362,34.77819],[127.12363,34.77803],[127.1236,34.77764],[127.12357,34.77724],[127.12353,34.77695],[127.12347,34.77674],[127.12334,34.77644],[127.12294,34.77339],[127.12404,34.77255],[127.12471,34.77196],[127.12483,34.77179],[127.12489,34.77165],[127.12562,34.76906],[127.12483,34.76689],[127.12382,34.76522],[127.12366,34.76502],[127.1235,34.76481],[127.12333,34.76466],[127.12148,34.76318],[127.12131,34.76304],[127.12111,34.76293],[127.11791,34.76139],[127.1163,34.7617],[127.1103,34.76345],[127.11004,34.76353],[127.10992,34.7636],[127.10815,34.76474],[127.10705,34.76552],[127.10674,34.76579],[127.10672,34.76586],[127.10667,34.76623],[127.10667,34.76629],[127.10669,34.76635],[127.10671,34.76641],[127.10674,34.76647],[127.1068,34.76655],[127.10685,34.76661],[127.10696,34.76673],[127.10703,34.76685],[127.10709,34.76695],[127.10715,34.76712],[127.10722,34.76759],[127.10719,34.76889],[127.10717,34.76894],[127.10227,34.77239],[127.09984,34.77277],[127.09873,34.77292],[127.09811,34.77241],[127.09794,34.77245],[127.09786,34.77251],[127.09777,34.7726],[127.09751,34.77312],[127.09733,34.77357],[127.09703,34.77469],[127.09676,34.77568],[127.09676,34.77573],[127.09676,34.77583],[127.09707,34.77659],[127.09715,34.77676],[127.09727,34.777],[127.09749,34.77732],[127.09799,34.77802],[127.10015,34.78145],[127.10032,34.78177],[127.10038,34.78193],[127.10042,34.78206],[127.10042,34.78217],[127.10041,34.7822],[127.10034,34.78229],[127.10025,34.78237],[127.1001,34.78249],[127.10001,34.78256],[127.09994,34.78263],[127.09989,34.78275],[127.09978,34.78311],[127.09957,34.78385],[127.09955,34.78391],[127.09878,34.78766],[127.09877,34.78772],[127.09877,34.78779],[127.09878,34.78785],[127.0988,34.78791],[127.0989,34.78812],[127.09927,34.78871],[127.09941,34.78899],[127.09957,34.78935],[127.09965,34.78962],[127.09968,34.78985],[127.09967,34.79],[127.09964,34.79007],[127.09958,34.79016],[127.09846,34.79157],[127.09676,34.79301],[127.09589,34.7922],[127.09576,34.79166],[127.09569,34.79149],[127.09557,34.79121],[127.09538,34.79088],[127.09523,34.79069],[127.09508,34.7905],[127.09501,34.79043],[127.09487,34.7903],[127.0946,34.79008],[127.09412,34.78974],[127.09363,34.78938],[127.09333,34.78918],[127.09312,34.78904],[127.09277,34.78886],[127.09241,34.78872],[127.09218,34.78864],[127.09213,34.78862],[127.0919,34.78858],[127.09175,34.78858],[127.09158,34.78858],[127.09135,34.78864],[127.09106,34.7887],[127.09054,34.78891],[127.09034,34.78901],[127.09008,34.78916],[127.08978,34.78936],[127.08941,34.78961],[127.08863,34.79024],[127.08677,34.79193],[127.0868,34.79214],[127.08681,34.79224],[127.08681,34.7924],[127.0868,34.79249],[127.08676,34.79265],[127.0867,34.79282],[127.08667,34.79288],[127.08659,34.79298],[127.08419,34.79522],[127.08024,34.79728],[127.07852,34.79969],[127.07846,34.80249],[127.07895,34.80498],[127.07897,34.80513],[127.07895,34.80519],[127.07885,34.80531],[127.07871,34.80543],[127.07849,34.80562],[127.07784,34.80612],[127.07735,34.80649],[127.07728,34.80657],[127.07725,34.80661],[127.07726,34.80667],[127.07728,34.80673],[127.07731,34.80678],[127.08082,34.81069],[127.08303,34.81176],[127.08311,34.81177],[127.08459,34.81389],[127.08593,34.81655],[127.08645,34.81821],[127.08665,34.81979],[127.08516,34.82527],[127.08513,34.82532],[127.0851,34.82536],[127.08324,34.82786],[127.08317,34.82792],[127.08278,34.82817],[127.08259,34.82829],[127.08234,34.82842],[127.08206,34.82848],[127.08158,34.82861],[127.0815,34.82864],[127.08053,34.82972],[127.08044,34.82988],[127.08041,34.82998],[127.0804,34.83001],[127.08044,34.8301],[127.08163,34.83193],[127.08266,34.83314],[127.08222,34.83571],[127.08221,34.83577],[127.08217,34.83594],[127.08216,34.83608],[127.08217,34.83622],[127.08221,34.83774],[127.08287,34.8386],[127.08308,34.83862],[127.08319,34.83864],[127.08328,34.83867],[127.0834,34.83872],[127.08449,34.83934],[127.08569,34.84022],[127.08581,34.84033],[127.0869,34.84133],[127.08701,34.84145],[127.08709,34.84157],[127.08723,34.84183],[127.08729,34.84198],[127.08733,34.84213],[127.08829,34.84524],[127.08884,34.84633],[127.08923,34.84638],[127.09043,34.84656],[127.09064,34.84662],[127.09139,34.84684],[127.09193,34.8471],[127.09238,34.84768],[127.09305,34.84847],[127.09321,34.84863],[127.09334,34.84871],[127.09349,34.84876],[127.09367,34.84884],[127.0938,34.84887],[127.09392,34.84889],[127.10121,34.85038],[127.10135,34.8504],[127.10143,34.85039],[127.10162,34.85037],[127.10185,34.85032],[127.10235,34.85018],[127.10248,34.85012],[127.10253,34.8501],[127.10261,34.85004],[127.10298,34.84765],[127.10298,34.84678],[127.10303,34.84583],[127.10303,34.84575],[127.10306,34.84566],[127.1031,34.84559],[127.10315,34.84551],[127.10323,34.84541],[127.10421,34.84435],[127.10426,34.8443],[127.10437,34.84424],[127.10449,34.84417],[127.10608,34.84353],[127.11078,34.84172],[127.1109,34.84169],[127.11097,34.84168],[127.11116,34.84166],[127.11166,34.84163],[127.11178,34.84165],[127.11188,34.84166],[127.11194,34.84167],[127.11211,34.84171],[127.11233,34.84176],[127.11256,34.84182],[127.11274,34.84189]]]]}},{"type":"Feature","properties":{"code":"12750330","name":"겸백면","parent":"12750"},"geometry":{"type":"MultiPolygon","coordinates":[[[[127.1509,34.87075],[127.15035,34.86851],[127.15021,34.86831],[127.14992,34.86806],[127.14948,34.86778],[127.14681,34.86633],[127.14641,34.86613],[127.14602,34.86601],[127.1457,34.86597],[127.14545,34.86598],[127.14467,34.86612],[127.14443,34.86614],[127.14418,34.86613],[127.14386,34.866],[127.14361,34.86577],[127.1431,34.86512],[127.14272,34.86453],[127.14264,34.86429],[127.14263,34.86401],[127.14273,34.86377],[127.14295,34.8634],[127.14327,34.86319],[127.14366,34.86299],[127.14441,34.86265],[127.14489,34.86248],[127.1453,34.86245],[127.14577,34.86251],[127.15228,34.8637],[127.15287,34.86383],[127.15348,34.86408],[127.15444,34.86458],[127.15487,34.86487],[127.15526,34.86514],[127.15555,34.86539],[127.15577,34.86565],[127.15628,34.86639],[127.15671,34.86687],[127.15706,34.86723],[127.15733,34.86743],[127.15767,34.86761],[127.15789,34.86764],[127.15802,34.86764],[127.15841,34.86763],[127.15865,34.86757],[127.15873,34.86751],[127.15928,34.86703],[127.15946,34.86687],[127.15955,34.86669],[127.15958,34.86651],[127.15953,34.86634],[127.15926,34.86594],[127.15894,34.86553],[127.15879,34.86535],[127.15847,34.86502],[127.15804,34.86446],[127.15791,34.86414],[127.15783,34.86359],[127.15785,34.86317],[127.1589,34.85923],[127.15905,34.85872],[127.15925,34.8583],[127.15934,34.85815],[127.15953,34.85797],[127.15981,34.85781],[127.16014,34.85766],[127.16058,34.85758],[127.1614,34.8575],[127.16207,34.85746],[127.16233,34.85742],[127.16247,34.85733],[127.16264,34.85718],[127.1627,34.85704],[127.16367,34.85477],[127.16373,34.85448],[127.16383,34.85371],[127.16383,34.85359],[127.16379,34.85343],[127.1633,34.85137],[127.16321,34.85112],[127.16303,34.85081],[127.16284,34.85065],[127.1626,34.85052],[127.1622,34.85043],[127.16188,34.85041],[127.16173,34.85044],[127.16135,34.85052],[127.16087,34.8507],[127.16052,34.85088],[127.15976,34.85002],[127.1598,34.84894],[127.15993,34.84827],[127.16095,34.84552],[127.16144,34.84228],[127.16146,34.84209],[127.16163,34.84073],[127.16168,34.84059],[127.16309,34.83832],[127.16318,34.83823],[127.16417,34.83732],[127.16435,34.83716],[127.16471,34.83693],[127.16485,34.83687],[127.16498,34.83684],[127.1668,34.83666],[127.16697,34.83665],[127.16918,34.83647],[127.17207,34.83515],[127.17442,34.83396],[127.17448,34.83392],[127.17468,34.83373],[127.17478,34.83352],[127.17504,34.83287],[127.17526,34.83226],[127.17535,34.83183],[127.17538,34.83164],[127.17535,34.8312],[127.17534,34.83105],[127.17592,34.8306],[127.17692,34.82985],[127.17859,34.82897],[127.18314,34.82791],[127.1842,34.82793],[127.18637,34.82818],[127.18657,34.82822],[127.18715,34.82844],[127.18737,34.82854],[127.18792,34.8288],[127.1913,34.83097],[127.19259,34.83203],[127.19314,34.83368],[127.19328,34.83395],[127.19336,34.834],[127.19343,34.834],[127.20164,34.83439],[127.20585,34.83419],[127.20988,34.83406],[127.21099,34.83419],[127.21093,34.83397],[127.2109,34.83359],[127.21079,34.83085],[127.2108,34.82962],[127.21086,34.82929],[127.21146,34.82758],[127.21251,34.82634],[127.21281,34.82526],[127.21274,34.82259],[127.21246,34.82139],[127.21214,34.82074],[127.21183,34.82026],[127.21149,34.81985],[127.21096,34.81933],[127.21056,34.81883],[127.21037,34.81849],[127.21034,34.81828],[127.21037,34.81776],[127.21074,34.81511],[127.21213,34.80939],[127.21246,34.80915],[127.21268,34.80894],[127.21268,34.80886],[127.21257,34.80869],[127.21223,34.80826],[127.21214,34.80817],[127.21209,34.80813],[127.20853,34.80619],[127.206,34.80489],[127.20562,34.80468],[127.20515,34.80437],[127.20489,34.8042],[127.2044,34.80363],[127.20399,34.80315],[127.20362,34.80256],[127.20305,34.80195],[127.20265,34.80154],[127.20247,34.80135],[127.20197,34.8011],[127.19973,34.80065],[127.19846,34.80055],[127.19738,34.80049],[127.19674,34.80046],[127.19625,34.80039],[127.19512,34.80016],[127.19167,34.79943],[127.19051,34.79907],[127.19019,34.79893],[127.18981,34.79849],[127.18952,34.79798],[127.18937,34.79772],[127.18921,34.79746],[127.18883,34.79727],[127.18689,34.79632],[127.18639,34.79615],[127.18621,34.79614],[127.18566,34.79616],[127.18527,34.79616],[127.18449,34.796],[127.18408,34.79587],[127.18317,34.79533],[127.18301,34.7952],[127.18085,34.79123],[127.18052,34.79059],[127.18047,34.79033],[127.18047,34.79028],[127.18049,34.78988],[127.18047,34.78967],[127.17985,34.78883],[127.17909,34.78839],[127.17881,34.78831],[127.17828,34.78829],[127.17743,34.78829],[127.1766,34.78834],[127.17632,34.78838],[127.17228,34.78913],[127.17096,34.78935],[127.16828,34.78913],[127.1663,34.78855],[127.1657,34.7885],[127.16519,34.78861],[127.16493,34.78869],[127.16485,34.78878],[127.16478,34.79056],[127.16479,34.79072],[127.16482,34.79111],[127.16488,34.79127],[127.16516,34.79165],[127.16606,34.79239],[127.16649,34.79272],[127.16664,34.79363],[127.16674,34.79435],[127.16683,34.79624],[127.16667,34.79651],[127.16644,34.79672],[127.16453,34.79777],[127.16444,34.79777],[127.16367,34.79696],[127.16346,34.79652],[127.16281,34.79592],[127.16087,34.79462],[127.15938,34.79398],[127.15886,34.79377],[127.15816,34.7935],[127.15757,34.79328],[127.1575,34.79327],[127.15745,34.79336],[127.15723,34.79379],[127.15689,34.79407],[127.15638,34.79445],[127.15624,34.79451],[127.1531,34.79473],[127.15285,34.79466],[127.15005,34.79331],[127.1499,34.79322],[127.14926,34.79245],[127.14868,34.7917],[127.1477,34.79097],[127.14731,34.79071],[127.1421,34.78927],[127.1413,34.78907],[127.13934,34.78891],[127.13903,34.7889],[127.13841,34.78899],[127.13821,34.78903],[127.13736,34.78947],[127.13678,34.78989],[127.13633,34.79028],[127.13627,34.79036],[127.13621,34.79072],[127.13612,34.791],[127.13569,34.79122],[127.13545,34.79133],[127.1354,34.79134],[127.13533,34.79132],[127.13291,34.79072],[127.13169,34.7903],[127.13157,34.79026],[127.13143,34.7902],[127.13092,34.79018],[127.12883,34.79014],[127.12858,34.79014],[127.12564,34.79018],[127.12528,34.79022],[127.1245,34.79031],[127.12307,34.79119],[127.12304,34.79125],[127.12298,34.79164],[127.12289,34.79249],[127.12311,34.79508],[127.12317,34.79526],[127.12336,34.7956],[127.12369,34.79618],[127.12374,34.79621],[127.1242,34.79642],[127.12456,34.79658],[127.12502,34.7967],[127.12574,34.79691],[127.12596,34.797],[127.12698,34.7977],[127.12723,34.79787],[127.12758,34.79812],[127.12763,34.79822],[127.12859,34.80109],[127.12959,34.80438],[127.12955,34.80486],[127.12955,34.8051],[127.1296,34.80528],[127.13046,34.80794],[127.13049,34.80802],[127.13057,34.80808],[127.13225,34.8095],[127.13511,34.81263],[127.13515,34.81277],[127.13534,34.81439],[127.13537,34.81478],[127.13508,34.81634],[127.13497,34.81663],[127.13488,34.81682],[127.13395,34.81866],[127.13386,34.81881],[127.13345,34.81945],[127.1334,34.81953],[127.1333,34.81961],[127.13315,34.81966],[127.13289,34.81969],[127.13268,34.81968],[127.13229,34.81971],[127.12978,34.82034],[127.12793,34.82199],[127.12781,34.82216],[127.12787,34.82225],[127.12808,34.82243],[127.1283,34.8226],[127.1286,34.82282],[127.12885,34.82306],[127.12897,34.82321],[127.12906,34.82334],[127.12911,34.82357],[127.12909,34.82381],[127.12872,34.82648],[127.1287,34.82657],[127.12862,34.82672],[127.12831,34.82697],[127.12767,34.82746],[127.12743,34.82766],[127.1274,34.82777],[127.12732,34.82844],[127.12732,34.83028],[127.12733,34.83043],[127.12737,34.83052],[127.12831,34.83253],[127.12843,34.83266],[127.12864,34.83286],[127.12884,34.83312],[127.12902,34.83377],[127.12908,34.83422],[127.12913,34.83479],[127.12915,34.83503],[127.12914,34.83531],[127.12909,34.83539],[127.12893,34.83553],[127.12876,34.83564],[127.12863,34.8357],[127.11956,34.83589],[127.11602,34.8357],[127.11336,34.83541],[127.11298,34.83526],[127.11277,34.8352],[127.11252,34.83513],[127.11244,34.83512],[127.1124,34.83512],[127.11238,34.83514],[127.11229,34.83519],[127.11221,34.83533],[127.11218,34.83544],[127.11247,34.838],[127.11254,34.83831],[127.11275,34.83906],[127.11298,34.83981],[127.11274,34.84189],[127.1124,34.84271],[127.11238,34.84285],[127.11412,34.84656],[127.11421,34.84671],[127.11427,34.84679],[127.11435,34.84686],[127.11599,34.84766],[127.11979,34.85072],[127.12335,34.85412],[127.12354,34.85436],[127.12372,34.85467],[127.12382,34.85492],[127.12422,34.85697],[127.12427,34.85733],[127.12437,34.85871],[127.12437,34.85879],[127.12436,34.85888],[127.12434,34.85911],[127.1243,34.85939],[127.12397,34.8601],[127.12393,34.86017],[127.12358,34.86048],[127.12315,34.86075],[127.12303,34.86082],[127.12295,34.86083],[127.12281,34.86084],[127.12274,34.86086],[127.12271,34.86096],[127.12274,34.86228],[127.12275,34.8624],[127.12346,34.86514],[127.12353,34.86526],[127.12358,34.8653],[127.12394,34.86544],[127.12459,34.86573],[127.12496,34.86593],[127.12526,34.86616],[127.12545,34.8664],[127.12638,34.86789],[127.12712,34.86966],[127.12742,34.87044],[127.12749,34.8708],[127.13035,34.8723],[127.13213,34.87359],[127.13408,34.87504],[127.13412,34.8751],[127.13465,34.8757],[127.13496,34.87603],[127.13516,34.87623],[127.13529,34.87634],[127.13621,34.87704],[127.13674,34.87733],[127.13683,34.87735],[127.13694,34.87737],[127.13704,34.87738],[127.13713,34.87736],[127.13881,34.87706],[127.13923,34.87693],[127.14031,34.87691],[127.14058,34.87686],[127.14089,34.87675],[127.14859,34.87259],[127.14889,34.87241],[127.1509,34.87075]]]]}},{"type":"Feature","properties":{"code":"12750340","name":"율어면","parent":"12750"},"geometry":{"type":"MultiPolygon","coordinates":[[[[127.22595,34.89872],[127.22713,34.89606],[127.22733,34.89566],[127.22783,34.89533],[127.22819,34.89523],[127.22861,34.89515],[127.23213,34.89474],[127.23609,34.8939],[127.23709,34.89345],[127.2373,34.8933],[127.23902,34.89144],[127.23914,34.89129],[127.23926,34.89079],[127.23941,34.8902],[127.23964,34.88978],[127.24162,34.88781],[127.24182,34.88767],[127.24268,34.88713],[127.24314,34.88686],[127.24637,34.88558],[127.24667,34.88555],[127.24687,34.88558],[127.24691,34.88561],[127.24695,34.88563],[127.24701,34.88569],[127.24709,34.88578],[127.24743,34.88616],[127.24778,34.88656],[127.24797,34.88668],[127.24806,34.88669],[127.24844,34.88666],[127.24865,34.88661],[127.25056,34.88605],[127.25162,34.88532],[127.25232,34.8845],[127.25222,34.88382],[127.2523,34.88325],[127.25234,34.88315],[127.2528,34.88229],[127.25307,34.87844],[127.25317,34.87395],[127.25316,34.87361],[127.2523,34.86868],[127.25226,34.8685],[127.25135,34.86502],[127.2511,34.86466],[127.25082,34.86435],[127.25045,34.86408],[127.24981,34.86398],[127.24876,34.86388],[127.24769,34.86286],[127.2473,34.86096],[127.24612,34.85867],[127.24474,34.85763],[127.2407,34.85613],[127.23821,34.85524],[127.23599,34.85481],[127.23579,34.85479],[127.23564,34.85482],[127.2321,34.85564],[127.2319,34.85569],[127.23159,34.85568],[127.23116,34.85557],[127.23008,34.85499],[127.22985,34.85478],[127.22981,34.85475],[127.22682,34.84922],[127.22623,34.8474],[127.22615,34.84685],[127.22613,34.84656],[127.22618,34.84632],[127.22626,34.84615],[127.22636,34.846],[127.22668,34.8457],[127.22689,34.84545],[127.22691,34.84532],[127.22692,34.84519],[127.22684,34.84475],[127.2267,34.84433],[127.22538,34.84146],[127.22478,34.83983],[127.22426,34.83976],[127.22395,34.8396],[127.22085,34.83779],[127.21958,34.83676],[127.21848,34.83584],[127.21835,34.83577],[127.21823,34.83572],[127.2147,34.83506],[127.21333,34.83525],[127.21318,34.83525],[127.21305,34.8352],[127.21176,34.83458],[127.21099,34.83419],[127.20988,34.83406],[127.20585,34.83419],[127.20164,34.83439],[127.19343,34.834],[127.19336,34.834],[127.19328,34.83395],[127.19314,34.83368],[127.19259,34.83203],[127.1913,34.83097],[127.18792,34.8288],[127.18737,34.82854],[127.18715,34.82844],[127.18657,34.82822],[127.18637,34.82818],[127.1842,34.82793],[127.18314,34.82791],[127.17859,34.82897],[127.17692,34.82985],[127.17592,34.8306],[127.17534,34.83105],[127.17535,34.8312],[127.17538,34.83164],[127.17535,34.83183],[127.17526,34.83226],[127.17504,34.83287],[127.17478,34.83352],[127.17468,34.83373],[127.17448,34.83392],[127.17442,34.83396],[127.17207,34.83515],[127.16918,34.83647],[127.16697,34.83665],[127.1668,34.83666],[127.16498,34.83684],[127.16485,34.83687],[127.16471,34.83693],[127.16435,34.83716],[127.16417,34.83732],[127.16318,34.83823],[127.16309,34.83832],[127.16168,34.84059],[127.16163,34.84073],[127.16146,34.84209],[127.16144,34.84228],[127.16095,34.84552],[127.15993,34.84827],[127.1598,34.84894],[127.15976,34.85002],[127.16052,34.85088],[127.16087,34.8507],[127.16135,34.85052],[127.16173,34.85044],[127.16188,34.85041],[127.1622,34.85043],[127.1626,34.85052],[127.16284,34.85065],[127.16303,34.85081],[127.16321,34.85112],[127.1633,34.85137],[127.16379,34.85343],[127.16383,34.85359],[127.16383,34.85371],[127.16373,34.85448],[127.16367,34.85477],[127.1627,34.85704],[127.16264,34.85718],[127.16247,34.85733],[127.16233,34.85742],[127.16207,34.85746],[127.1614,34.8575],[127.16058,34.85758],[127.16014,34.85766],[127.15981,34.85781],[127.15953,34.85797],[127.15934,34.85815],[127.15925,34.8583],[127.15905,34.85872],[127.1589,34.85923],[127.15785,34.86317],[127.15783,34.86359],[127.15791,34.86414],[127.15804,34.86446],[127.15847,34.86502],[127.15879,34.86535],[127.15894,34.86553],[127.15926,34.86594],[127.15953,34.86634],[127.15958,34.86651],[127.15955,34.86669],[127.15946,34.86687],[127.15928,34.86703],[127.15873,34.86751],[127.15865,34.86757],[127.15841,34.86763],[127.15802,34.86764],[127.15789,34.86764],[127.15767,34.86761],[127.15733,34.86743],[127.15706,34.86723],[127.15671,34.86687],[127.15628,34.86639],[127.15577,34.86565],[127.15555,34.86539],[127.15526,34.86514],[127.15487,34.86487],[127.15444,34.86458],[127.15348,34.86408],[127.15287,34.86383],[127.15228,34.8637],[127.14577,34.86251],[127.1453,34.86245],[127.14489,34.86248],[127.14441,34.86265],[127.14366,34.86299],[127.14327,34.86319],[127.14295,34.8634],[127.14273,34.86377],[127.14263,34.86401],[127.14264,34.86429],[127.14272,34.86453],[127.1431,34.86512],[127.14361,34.86577],[127.14386,34.866],[127.14418,34.86613],[127.14443,34.86614],[127.14467,34.86612],[127.14545,34.86598],[127.1457,34.86597],[127.14602,34.86601],[127.14641,34.86613],[127.14681,34.86633],[127.14948,34.86778],[127.14992,34.86806],[127.15021,34.86831],[127.15035,34.86851],[127.1509,34.87075],[127.15086,34.87119],[127.15086,34.87134],[127.1511,34.87234],[127.15135,34.87281],[127.15377,34.87657],[127.1542,34.87709],[127.15465,34.87751],[127.15567,34.87839],[127.15828,34.88054],[127.15846,34.88065],[127.15875,34.8807],[127.15921,34.88055],[127.16046,34.87971],[127.1613,34.87912],[127.16159,34.87895],[127.16243,34.87859],[127.16277,34.87849],[127.16332,34.87839],[127.16366,34.87835],[127.17212,34.8782],[127.17234,34.87826],[127.17248,34.87838],[127.17286,34.87882],[127.17303,34.87912],[127.17324,34.87929],[127.17341,34.87937],[127.17492,34.87952],[127.17795,34.8801],[127.17823,34.88035],[127.17829,34.88076],[127.17849,34.88143],[127.17874,34.8818],[127.17891,34.882],[127.18007,34.88304],[127.18205,34.88501],[127.18241,34.88588],[127.18249,34.88627],[127.18253,34.887],[127.18241,34.8875],[127.18212,34.88862],[127.18206,34.88963],[127.18215,34.89087],[127.18232,34.89115],[127.18255,34.89145],[127.18291,34.89167],[127.18324,34.8918],[127.18378,34.89188],[127.18451,34.89199],[127.18511,34.89217],[127.18574,34.89244],[127.18635,34.89279],[127.18663,34.89297],[127.18758,34.89356],[127.19043,34.89591],[127.19435,34.89889],[127.19468,34.89903],[127.19548,34.8993],[127.1959,34.89936],[127.19689,34.89938],[127.19765,34.89941],[127.19825,34.89951],[127.1983,34.89951],[127.19925,34.89966],[127.19962,34.89981],[127.20032,34.90015],[127.20163,34.90083],[127.202,34.90097],[127.20255,34.90119],[127.2032,34.90139],[127.20397,34.90158],[127.20443,34.90166],[127.20545,34.90183],[127.20588,34.90189],[127.20684,34.90191],[127.20719,34.9019],[127.20733,34.90189],[127.21077,34.90192],[127.21097,34.90189],[127.21165,34.90166],[127.21225,34.90126],[127.21244,34.90094],[127.21343,34.89958],[127.21364,34.8994],[127.21456,34.89892],[127.21554,34.89849],[127.21654,34.89806],[127.21754,34.89779],[127.21833,34.89776],[127.21905,34.89782],[127.21962,34.89798],[127.22008,34.89815],[127.22174,34.89899],[127.22252,34.89945],[127.223,34.89968],[127.22328,34.89974],[127.22382,34.89975],[127.22416,34.89972],[127.22526,34.89937],[127.22595,34.89872]]]]}},{"type":"Feature","properties":{"code":"12750350","name":"복내면","parent":"12750"},"geometry":{"type":"MultiPolygon","coordinates":[[[[127.18663,34.89297],[127.18635,34.89279],[127.18574,34.89244],[127.18511,34.89217],[127.18451,34.89199],[127.18378,34.89188],[127.18324,34.8918],[127.18291,34.89167],[127.18255,34.89145],[127.18232,34.89115],[127.18215,34.89087],[127.18206,34.88963],[127.18212,34.88862],[127.18241,34.8875],[127.18253,34.887],[127.18249,34.88627],[127.18241,34.88588],[127.18205,34.88501],[127.18007,34.88304],[127.17891,34.882],[127.17874,34.8818],[127.17849,34.88143],[127.17829,34.88076],[127.17823,34.88035],[127.17795,34.8801],[127.17492,34.87952],[127.17341,34.87937],[127.17324,34.87929],[127.17303,34.87912],[127.17286,34.87882],[127.17248,34.87838],[127.17234,34.87826],[127.17212,34.8782],[127.16366,34.87835],[127.16332,34.87839],[127.16277,34.87849],[127.16243,34.87859],[127.16159,34.87895],[127.1613,34.87912],[127.16046,34.87971],[127.15921,34.88055],[127.15875,34.8807],[127.15846,34.88065],[127.15828,34.88054],[127.15567,34.87839],[127.15465,34.87751],[127.1542,34.87709],[127.15377,34.87657],[127.15135,34.87281],[127.1511,34.87234],[127.15086,34.87134],[127.15086,34.87119],[127.1509,34.87075],[127.14889,34.87241],[127.14859,34.87259],[127.14089,34.87675],[127.14058,34.87686],[127.14031,34.87691],[127.13923,34.87693],[127.13881,34.87706],[127.13713,34.87736],[127.13704,34.87738],[127.13694,34.87737],[127.13683,34.87735],[127.13674,34.87733],[127.13621,34.87704],[127.13529,34.87634],[127.13516,34.87623],[127.13496,34.87603],[127.13465,34.8757],[127.13412,34.8751],[127.13408,34.87504],[127.13213,34.87359],[127.13035,34.8723],[127.12749,34.8708],[127.12742,34.87044],[127.12712,34.86966],[127.12638,34.86789],[127.12545,34.8664],[127.12526,34.86616],[127.12496,34.86593],[127.12459,34.86573],[127.12394,34.86544],[127.12358,34.8653],[127.12353,34.86526],[127.12346,34.86514],[127.12275,34.8624],[127.12274,34.86228],[127.12271,34.86096],[127.12274,34.86086],[127.12281,34.86084],[127.12295,34.86083],[127.12303,34.86082],[127.12315,34.86075],[127.12358,34.86048],[127.12393,34.86017],[127.12397,34.8601],[127.1243,34.85939],[127.12434,34.85911],[127.12436,34.85888],[127.12437,34.85879],[127.12437,34.85871],[127.12427,34.85733],[127.12422,34.85697],[127.12382,34.85492],[127.12372,34.85467],[127.12354,34.85436],[127.12335,34.85412],[127.11979,34.85072],[127.11599,34.84766],[127.11435,34.84686],[127.11427,34.84679],[127.11421,34.84671],[127.11412,34.84656],[127.11238,34.84285],[127.1124,34.84271],[127.11274,34.84189],[127.11256,34.84182],[127.11233,34.84176],[127.11211,34.84171],[127.11194,34.84167],[127.11188,34.84166],[127.11178,34.84165],[127.11166,34.84163],[127.11116,34.84166],[127.11097,34.84168],[127.1109,34.84169],[127.11078,34.84172],[127.10608,34.84353],[127.10449,34.84417],[127.10437,34.84424],[127.10426,34.8443],[127.10421,34.84435],[127.10323,34.84541],[127.10315,34.84551],[127.1031,34.84559],[127.10306,34.84566],[127.10303,34.84575],[127.10303,34.84583],[127.10298,34.84678],[127.10298,34.84765],[127.10261,34.85004],[127.10253,34.8501],[127.10248,34.85012],[127.10235,34.85018],[127.10185,34.85032],[127.10162,34.85037],[127.10143,34.85039],[127.10135,34.8504],[127.10121,34.85038],[127.09392,34.84889],[127.0938,34.84887],[127.09367,34.84884],[127.09349,34.84876],[127.09334,34.84871],[127.09321,34.84863],[127.09305,34.84847],[127.09238,34.84768],[127.09193,34.8471],[127.09139,34.84684],[127.09064,34.84662],[127.09043,34.84656],[127.08923,34.84638],[127.08884,34.84633],[127.08834,34.84727],[127.08829,34.84733],[127.08822,34.84742],[127.08809,34.84755],[127.08789,34.8477],[127.08773,34.84781],[127.08755,34.84791],[127.08731,34.848],[127.08701,34.84808],[127.08652,34.84818],[127.08582,34.84837],[127.08573,34.84839],[127.08566,34.84843],[127.08334,34.85022],[127.08315,34.85038],[127.08215,34.85149],[127.08203,34.85169],[127.08203,34.85173],[127.08203,34.85176],[127.08204,34.85179],[127.08248,34.85295],[127.08267,34.85302],[127.0828,34.85306],[127.08303,34.85316],[127.08309,34.85318],[127.08339,34.85355],[127.08356,34.85403],[127.0836,34.85689],[127.08356,34.85721],[127.08343,34.85811],[127.08307,34.85898],[127.08285,34.85946],[127.08252,34.86016],[127.08344,34.86079],[127.08461,34.8614],[127.08524,34.86164],[127.08586,34.86355],[127.0853,34.86568],[127.0847,34.86747],[127.08461,34.86796],[127.08449,34.86929],[127.08463,34.86998],[127.08473,34.87028],[127.08494,34.87072],[127.08503,34.87081],[127.08547,34.87111],[127.0856,34.87118],[127.08675,34.87186],[127.08691,34.87194],[127.08712,34.87202],[127.08908,34.87408],[127.08758,34.87851],[127.08605,34.88232],[127.08591,34.88255],[127.08578,34.88281],[127.08577,34.88289],[127.08586,34.88303],[127.08676,34.88406],[127.08832,34.88514],[127.08843,34.88522],[127.08843,34.8853],[127.08836,34.88539],[127.08633,34.88672],[127.08235,34.88991],[127.08229,34.89018],[127.08197,34.89176],[127.08193,34.89235],[127.08199,34.89245],[127.08222,34.89261],[127.08252,34.8927],[127.08296,34.89285],[127.08335,34.89307],[127.08457,34.8938],[127.08527,34.8945],[127.08546,34.89536],[127.08547,34.89542],[127.08546,34.89583],[127.08539,34.89614],[127.08513,34.89699],[127.08497,34.89738],[127.08442,34.89833],[127.08426,34.89852],[127.08255,34.90065],[127.08193,34.90153],[127.08056,34.90347],[127.08022,34.90412],[127.08006,34.90491],[127.08002,34.90535],[127.08006,34.90577],[127.08017,34.90635],[127.08026,34.90684],[127.08068,34.90782],[127.08097,34.9106],[127.08057,34.91264],[127.07921,34.91485],[127.07921,34.91514],[127.07974,34.91772],[127.08028,34.92302],[127.08101,34.92603],[127.08109,34.9263],[127.08121,34.92665],[127.08295,34.92655],[127.0846,34.9272],[127.08637,34.92867],[127.08743,34.93059],[127.08736,34.93166],[127.08747,34.93256],[127.08897,34.93603],[127.09069,34.93705],[127.09161,34.93758],[127.09376,34.9375],[127.0946,34.9372],[127.09647,34.93714],[127.09909,34.93803],[127.10021,34.93843],[127.1026,34.94071],[127.10393,34.94217],[127.10557,34.94396],[127.10624,34.94544],[127.10649,34.94531],[127.10792,34.94518],[127.1085,34.94535],[127.11122,34.94851],[127.11454,34.95137],[127.11515,34.95191],[127.11594,34.9528],[127.11793,34.95221],[127.1184,34.95206],[127.119,34.95174],[127.11928,34.95141],[127.12006,34.95001],[127.12089,34.94862],[127.12105,34.94841],[127.12122,34.94832],[127.12155,34.94824],[127.12285,34.94843],[127.12308,34.94842],[127.12335,34.94832],[127.12382,34.94805],[127.12422,34.94778],[127.1246,34.9477],[127.12751,34.94737],[127.12786,34.94737],[127.12812,34.9474],[127.12841,34.94745],[127.12949,34.94782],[127.13003,34.94807],[127.13084,34.94821],[127.13128,34.94821],[127.13194,34.94816],[127.13236,34.94812],[127.13257,34.94799],[127.13286,34.94765],[127.13309,34.94726],[127.13313,34.94708],[127.13332,34.94613],[127.13344,34.94526],[127.13362,34.94449],[127.13471,34.94248],[127.14022,34.93671],[127.14069,34.93631],[127.14087,34.93624],[127.14123,34.93625],[127.14181,34.93634],[127.14248,34.9364],[127.14311,34.93644],[127.14353,34.93638],[127.14398,34.93629],[127.1445,34.93613],[127.14505,34.9359],[127.14565,34.93557],[127.14654,34.93507],[127.14701,34.93479],[127.1474,34.93453],[127.14771,34.93424],[127.14788,34.93402],[127.14887,34.93299],[127.15039,34.93163],[127.15091,34.93118],[127.15662,34.92637],[127.15739,34.92584],[127.15788,34.92561],[127.15827,34.92544],[127.1586,34.92537],[127.15901,34.92531],[127.15968,34.9253],[127.16161,34.92532],[127.16277,34.92527],[127.16326,34.92521],[127.16399,34.92509],[127.16421,34.925],[127.1643,34.92493],[127.1643,34.92485],[127.1628,34.92203],[127.1608,34.9165],[127.15991,34.91482],[127.15946,34.9144],[127.15922,34.91409],[127.15922,34.91385],[127.15932,34.9137],[127.16039,34.91293],[127.16109,34.91253],[127.16155,34.91231],[127.16193,34.91223],[127.16231,34.91222],[127.1626,34.91225],[127.16276,34.91227],[127.16291,34.91239],[127.16356,34.91278],[127.16397,34.91296],[127.1642,34.913],[127.1643,34.91298],[127.16507,34.91264],[127.16578,34.91229],[127.16606,34.91214],[127.17012,34.90998],[127.17034,34.9098],[127.1705,34.90962],[127.17066,34.90946],[127.17078,34.90911],[127.17078,34.90895],[127.17166,34.9052],[127.17335,34.90198],[127.17483,34.89951],[127.17518,34.89893],[127.1757,34.89861],[127.17728,34.89796],[127.17775,34.89793],[127.17805,34.89793],[127.17841,34.89799],[127.17894,34.89807],[127.17939,34.89806],[127.17998,34.8979],[127.18423,34.89564],[127.18463,34.89534],[127.18489,34.89512],[127.18521,34.89437],[127.18547,34.8939],[127.18623,34.89324],[127.18663,34.89297]]]]}},{"type":"Feature","properties":{"code":"12750360","name":"문덕면","parent":"12750"},"geometry":{"type":"MultiPolygon","coordinates":[[[[127.23844,34.92316],[127.23926,34.92215],[127.23951,34.9218],[127.23966,34.9215],[127.23966,34.92135],[127.23952,34.92111],[127.23928,34.92092],[127.23759,34.92015],[127.23704,34.92005],[127.23659,34.9201],[127.23616,34.92019],[127.23555,34.92028],[127.23525,34.92032],[127.23474,34.92018],[127.23439,34.92005],[127.23382,34.91978],[127.2332,34.9193],[127.23283,34.91882],[127.23244,34.9183],[127.23234,34.9181],[127.2323,34.91801],[127.23229,34.91792],[127.23229,34.91778],[127.23228,34.91768],[127.23228,34.91736],[127.23225,34.91675],[127.2322,34.91592],[127.23215,34.91545],[127.23204,34.91475],[127.22983,34.90802],[127.22874,34.90603],[127.22892,34.90279],[127.22892,34.90242],[127.2288,34.90205],[127.22851,34.90171],[127.2282,34.90138],[127.22766,34.90099],[127.22728,34.9007],[127.22693,34.90043],[127.22646,34.9],[127.22595,34.89872],[127.22526,34.89937],[127.22416,34.89972],[127.22382,34.89975],[127.22328,34.89974],[127.223,34.89968],[127.22252,34.89945],[127.22174,34.89899],[127.22008,34.89815],[127.21962,34.89798],[127.21905,34.89782],[127.21833,34.89776],[127.21754,34.89779],[127.21654,34.89806],[127.21554,34.89849],[127.21456,34.89892],[127.21364,34.8994],[127.21343,34.89958],[127.21244,34.90094],[127.21225,34.90126],[127.21165,34.90166],[127.21097,34.90189],[127.21077,34.90192],[127.20733,34.90189],[127.20719,34.9019],[127.20684,34.90191],[127.20588,34.90189],[127.20545,34.90183],[127.20443,34.90166],[127.20397,34.90158],[127.2032,34.90139],[127.20255,34.90119],[127.202,34.90097],[127.20163,34.90083],[127.20032,34.90015],[127.19962,34.89981],[127.19925,34.89966],[127.1983,34.89951],[127.19825,34.89951],[127.19765,34.89941],[127.19689,34.89938],[127.1959,34.89936],[127.19548,34.8993],[127.19468,34.89903],[127.19435,34.89889],[127.19043,34.89591],[127.18758,34.89356],[127.18663,34.89297],[127.18623,34.89324],[127.18547,34.8939],[127.18521,34.89437],[127.18489,34.89512],[127.18463,34.89534],[127.18423,34.89564],[127.17998,34.8979],[127.17939,34.89806],[127.17894,34.89807],[127.17841,34.89799],[127.17805,34.89793],[127.17775,34.89793],[127.17728,34.89796],[127.1757,34.89861],[127.17518,34.89893],[127.17483,34.89951],[127.17335,34.90198],[127.17166,34.9052],[127.17078,34.90895],[127.17078,34.90911],[127.17066,34.90946],[127.1705,34.90962],[127.17034,34.9098],[127.17012,34.90998],[127.16606,34.91214],[127.16578,34.91229],[127.16507,34.91264],[127.1643,34.91298],[127.1642,34.913],[127.16397,34.91296],[127.16356,34.91278],[127.16291,34.91239],[127.16276,34.91227],[127.1626,34.91225],[127.16231,34.91222],[127.16193,34.91223],[127.16155,34.91231],[127.16109,34.91253],[127.16039,34.91293],[127.15932,34.9137],[127.15922,34.91385],[127.15922,34.91409],[127.15946,34.9144],[127.15991,34.91482],[127.1608,34.9165],[127.1628,34.92203],[127.1643,34.92485],[127.1643,34.92493],[127.16421,34.925],[127.16399,34.92509],[127.16326,34.92521],[127.16277,34.92527],[127.16161,34.92532],[127.15968,34.9253],[127.15901,34.92531],[127.1586,34.92537],[127.15827,34.92544],[127.15788,34.92561],[127.15739,34.92584],[127.15662,34.92637],[127.15091,34.93118],[127.15039,34.93163],[127.14887,34.93299],[127.14788,34.93402],[127.14771,34.93424],[127.1474,34.93453],[127.14701,34.93479],[127.14654,34.93507],[127.14565,34.93557],[127.14505,34.9359],[127.1445,34.93613],[127.14398,34.93629],[127.14353,34.93638],[127.14311,34.93644],[127.14248,34.9364],[127.14181,34.93634],[127.14123,34.93625],[127.14087,34.93624],[127.14069,34.93631],[127.14022,34.93671],[127.13471,34.94248],[127.13362,34.94449],[127.13344,34.94526],[127.13332,34.94613],[127.13313,34.94708],[127.13309,34.94726],[127.13286,34.94765],[127.13257,34.94799],[127.13236,34.94812],[127.13194,34.94816],[127.13128,34.94821],[127.13084,34.94821],[127.13003,34.94807],[127.12949,34.94782],[127.12841,34.94745],[127.12812,34.9474],[127.12786,34.94737],[127.12751,34.94737],[127.1246,34.9477],[127.12422,34.94778],[127.12382,34.94805],[127.12335,34.94832],[127.12308,34.94842],[127.12285,34.94843],[127.12155,34.94824],[127.12122,34.94832],[127.12105,34.94841],[127.12089,34.94862],[127.12006,34.95001],[127.11928,34.95141],[127.119,34.95174],[127.1184,34.95206],[127.11793,34.95221],[127.11594,34.9528],[127.11477,34.95487],[127.11477,34.95494],[127.11479,34.95678],[127.11481,34.95713],[127.11482,34.95728],[127.11485,34.95735],[127.11498,34.95745],[127.11551,34.95767],[127.11621,34.95784],[127.11724,34.9581],[127.11757,34.95822],[127.11867,34.95872],[127.1193,34.95904],[127.1199,34.95939],[127.12195,34.96061],[127.12207,34.96071],[127.12402,34.96342],[127.12576,34.96626],[127.12581,34.96699],[127.12584,34.96709],[127.12593,34.96735],[127.12604,34.96761],[127.12657,34.9681],[127.12699,34.96837],[127.12749,34.96863],[127.12772,34.96869],[127.13088,34.96778],[127.1311,34.96767],[127.1314,34.96753],[127.13169,34.96734],[127.13221,34.96683],[127.13251,34.96661],[127.13422,34.9657],[127.13443,34.96567],[127.13485,34.96567],[127.13516,34.96571],[127.1366,34.96581],[127.1386,34.96568],[127.13878,34.96567],[127.13897,34.96558],[127.13935,34.96529],[127.1398,34.96494],[127.14006,34.96477],[127.14031,34.96463],[127.14048,34.96459],[127.1408,34.96453],[127.14362,34.9641],[127.14407,34.96403],[127.14428,34.96402],[127.14458,34.96403],[127.15164,34.96507],[127.15254,34.96536],[127.15304,34.96562],[127.15339,34.96588],[127.15343,34.9659],[127.15381,34.96622],[127.15438,34.96673],[127.15487,34.96723],[127.15574,34.96786],[127.15598,34.96798],[127.15648,34.96816],[127.15884,34.96901],[127.15891,34.96903],[127.15941,34.96914],[127.16,34.96928],[127.16084,34.96929],[127.16102,34.96927],[127.16118,34.96926],[127.16213,34.96916],[127.163,34.96924],[127.16344,34.96938],[127.16381,34.96951],[127.16657,34.9706],[127.17256,34.97336],[127.17292,34.97356],[127.17309,34.97369],[127.17322,34.97383],[127.17328,34.97413],[127.17326,34.97433],[127.17318,34.97513],[127.17313,34.9758],[127.17316,34.97592],[127.17322,34.97603],[127.17369,34.97669],[127.17474,34.97776],[127.17483,34.97785],[127.17493,34.9779],[127.17505,34.97785],[127.17542,34.97768],[127.1758,34.97744],[127.17646,34.97696],[127.17718,34.97638],[127.17797,34.97563],[127.17818,34.97542],[127.17846,34.97508],[127.17869,34.97469],[127.18137,34.97173],[127.18302,34.97002],[127.18328,34.96979],[127.18378,34.9694],[127.184,34.96925],[127.18452,34.96899],[127.18492,34.96882],[127.18547,34.96876],[127.18579,34.96874],[127.18608,34.96874],[127.18662,34.96882],[127.18723,34.96904],[127.18759,34.96918],[127.18826,34.96953],[127.18874,34.96983],[127.18917,34.97011],[127.18951,34.97035],[127.18984,34.97072],[127.19002,34.97098],[127.19015,34.97138],[127.19033,34.97209],[127.19039,34.97235],[127.19044,34.97287],[127.19045,34.97308],[127.19045,34.97324],[127.19046,34.9736],[127.19044,34.97402],[127.19036,34.97469],[127.19022,34.97524],[127.19015,34.97554],[127.18988,34.97625],[127.18952,34.97668],[127.18921,34.97709],[127.18884,34.97761],[127.18819,34.97853],[127.18799,34.97882],[127.18786,34.97945],[127.18785,34.97965],[127.18813,34.9807],[127.1883,34.98114],[127.18838,34.98131],[127.1893,34.98238],[127.19347,34.98671],[127.1938,34.98698],[127.19472,34.98764],[127.19489,34.98774],[127.19596,34.98813],[127.19775,34.98868],[127.19815,34.98878],[127.1987,34.98888],[127.19913,34.98896],[127.19953,34.989],[127.19981,34.98898],[127.20001,34.98892],[127.20039,34.98877],[127.20085,34.98857],[127.20106,34.98842],[127.20131,34.9882],[127.20148,34.98785],[127.20159,34.98756],[127.20167,34.98702],[127.20268,34.98319],[127.20437,34.97763],[127.20463,34.97699],[127.20483,34.97652],[127.2057,34.97526],[127.20622,34.97475],[127.20649,34.97451],[127.20673,34.97439],[127.20698,34.97428],[127.20848,34.97364],[127.20899,34.97343],[127.2091,34.97336],[127.20915,34.9733],[127.20918,34.97323],[127.20914,34.9731],[127.20892,34.97279],[127.20852,34.97236],[127.20718,34.97099],[127.20654,34.97041],[127.20577,34.96966],[127.20557,34.96941],[127.20546,34.96924],[127.20535,34.96889],[127.20372,34.967],[127.20372,34.96695],[127.20376,34.96683],[127.20531,34.96581],[127.20557,34.96564],[127.20654,34.96514],[127.20685,34.96498],[127.20713,34.96472],[127.20734,34.9645],[127.20897,34.9616],[127.21201,34.95816],[127.2125,34.95812],[127.2133,34.958],[127.21446,34.95781],[127.21849,34.95692],[127.21879,34.95684],[127.2192,34.95668],[127.21973,34.95642],[127.22012,34.95617],[127.22049,34.95576],[127.22077,34.95539],[127.22112,34.95458],[127.22376,34.94784],[127.22389,34.94743],[127.22404,34.94671],[127.22406,34.94622],[127.22403,34.94581],[127.22383,34.94426],[127.22371,34.94373],[127.2236,34.94326],[127.22355,34.94285],[127.22349,34.94222],[127.22346,34.94189],[127.22346,34.94159],[127.22349,34.94141],[127.22378,34.94012],[127.22392,34.93985],[127.2241,34.93965],[127.2244,34.93935],[127.22531,34.93861],[127.22647,34.93775],[127.22793,34.9371],[127.22859,34.93702],[127.23005,34.93694],[127.23072,34.93691],[127.23104,34.93686],[127.23151,34.93672],[127.23156,34.9367],[127.23188,34.9366],[127.23209,34.9365],[127.23225,34.93634],[127.23402,34.93389],[127.23525,34.93212],[127.23682,34.92874],[127.23696,34.92832],[127.23705,34.92795],[127.23704,34.92701],[127.23702,34.92679],[127.23692,34.9266],[127.23676,34.92637],[127.23656,34.92605],[127.23648,34.92577],[127.23647,34.92565],[127.23652,34.92538],[127.23658,34.92522],[127.23689,34.9248],[127.23707,34.92456],[127.23844,34.92316]]]]}},{"type":"Feature","properties":{"code":"12750370","name":"조성면","parent":"12750"},"geometry":{"type":"MultiPolygon","coordinates":[[[[127.29102,34.8108],[127.29075,34.81045],[127.28852,34.80802],[127.2874,34.80715],[127.2851,34.80325],[127.28424,34.80168],[127.28268,34.79881],[127.2782,34.79359],[127.27643,34.79227],[127.27476,34.79203],[127.27395,34.79237],[127.27358,34.79248],[127.27299,34.7926],[127.27251,34.79267],[127.27196,34.7927],[127.27164,34.79263],[127.26791,34.79072],[127.26721,34.79031],[127.26672,34.79001],[127.26661,34.78991],[127.26628,34.78949],[127.26612,34.78929],[127.2656,34.78888],[127.26547,34.78879],[127.26428,34.78812],[127.26408,34.78801],[127.26272,34.78751],[127.26223,34.78747],[127.26211,34.78746],[127.26201,34.78747],[127.26168,34.78751],[127.26113,34.78759],[127.25737,34.78823],[127.25469,34.78915],[127.25443,34.78923],[127.25432,34.78925],[127.24876,34.78964],[127.24866,34.78963],[127.24848,34.78958],[127.24833,34.78952],[127.24826,34.78947],[127.24808,34.78923],[127.24799,34.78906],[127.24792,34.78881],[127.24784,34.7885],[127.24757,34.78321],[127.24751,34.7819],[127.24746,34.78043],[127.24743,34.77969],[127.2461,34.77651],[127.24398,34.77497],[127.24355,34.77518],[127.24042,34.77512],[127.24039,34.7751],[127.24036,34.77507],[127.23922,34.7739],[127.23914,34.77379],[127.23912,34.77376],[127.239,34.77347],[127.23899,34.77343],[127.239,34.77339],[127.23896,34.77194],[127.23845,34.76766],[127.23844,34.76759],[127.23841,34.76752],[127.23835,34.76744],[127.23546,34.7641],[127.23509,34.76371],[127.23475,34.76336],[127.23466,34.76328],[127.23393,34.76273],[127.23384,34.76267],[127.23375,34.76264],[127.23113,34.76253],[127.2296,34.76305],[127.22878,34.76354],[127.22862,34.76378],[127.22504,34.76789],[127.22493,34.76801],[127.22463,34.76818],[127.22415,34.76831],[127.22383,34.76832],[127.22332,34.76829],[127.22286,34.76815],[127.2219,34.7677],[127.22069,34.76717],[127.22026,34.76706],[127.22,34.76705],[127.21941,34.76711],[127.21773,34.76735],[127.2167,34.76776],[127.2147,34.76877],[127.21431,34.76896],[127.21358,34.76918],[127.2126,34.76947],[127.2098,34.77027],[127.20917,34.77049],[127.20297,34.77434],[127.20299,34.77442],[127.20353,34.77536],[127.20368,34.77552],[127.2037,34.77554],[127.20384,34.77564],[127.20388,34.77567],[127.20398,34.7757],[127.20416,34.7757],[127.20422,34.77572],[127.20432,34.77577],[127.20448,34.77589],[127.20517,34.77658],[127.2053,34.77676],[127.20523,34.7771],[127.20492,34.77847],[127.20421,34.77972],[127.20393,34.78008],[127.20378,34.78023],[127.20366,34.78028],[127.20345,34.78028],[127.20187,34.78074],[127.20114,34.78102],[127.20016,34.78248],[127.19831,34.78431],[127.19608,34.78604],[127.19505,34.78928],[127.19486,34.79083],[127.19483,34.79116],[127.19481,34.79137],[127.1949,34.79162],[127.19508,34.79202],[127.19497,34.79219],[127.19342,34.79425],[127.19279,34.79453],[127.1919,34.79492],[127.19177,34.79499],[127.18947,34.79695],[127.18953,34.79728],[127.18952,34.79798],[127.18981,34.79849],[127.19019,34.79893],[127.19051,34.79907],[127.19167,34.79943],[127.19512,34.80016],[127.19625,34.80039],[127.19674,34.80046],[127.19738,34.80049],[127.19846,34.80055],[127.19973,34.80065],[127.20197,34.8011],[127.20247,34.80135],[127.20265,34.80154],[127.20305,34.80195],[127.20362,34.80256],[127.20399,34.80315],[127.2044,34.80363],[127.20489,34.8042],[127.20515,34.80437],[127.20562,34.80468],[127.206,34.80489],[127.20853,34.80619],[127.21209,34.80813],[127.21214,34.80817],[127.21223,34.80826],[127.21257,34.80869],[127.21268,34.80886],[127.21268,34.80894],[127.21246,34.80915],[127.21213,34.80939],[127.21074,34.81511],[127.21037,34.81776],[127.21034,34.81828],[127.21037,34.81849],[127.21056,34.81883],[127.21096,34.81933],[127.21149,34.81985],[127.21183,34.82026],[127.21214,34.82074],[127.21246,34.82139],[127.21274,34.82259],[127.21281,34.82526],[127.21251,34.82634],[127.21146,34.82758],[127.21086,34.82929],[127.2108,34.82962],[127.21079,34.83085],[127.2109,34.83359],[127.21093,34.83397],[127.21099,34.83419],[127.21176,34.83458],[127.21305,34.8352],[127.21318,34.83525],[127.21333,34.83525],[127.2147,34.83506],[127.21823,34.83572],[127.21835,34.83577],[127.21848,34.83584],[127.21958,34.83676],[127.22085,34.83779],[127.22395,34.8396],[127.22426,34.83976],[127.22478,34.83983],[127.22779,34.83791],[127.22876,34.83627],[127.22877,34.83583],[127.22912,34.83521],[127.23019,34.83337],[127.23036,34.83327],[127.23187,34.83303],[127.23205,34.83302],[127.23231,34.83302],[127.23253,34.8331],[127.23478,34.8335],[127.23775,34.83399],[127.23786,34.83399],[127.23804,34.83398],[127.24186,34.83368],[127.24231,34.83356],[127.2426,34.83344],[127.24334,34.83301],[127.24405,34.83258],[127.24795,34.83076],[127.24808,34.83099],[127.24826,34.83122],[127.24853,34.83145],[127.2487,34.83154],[127.24896,34.83159],[127.24899,34.8316],[127.24923,34.83164],[127.24985,34.83167],[127.2509,34.83171],[127.25144,34.83169],[127.25187,34.83162],[127.25237,34.83151],[127.25367,34.83141],[127.25425,34.83138],[127.25448,34.83143],[127.25464,34.83148],[127.25471,34.83155],[127.25492,34.83187],[127.25522,34.83236],[127.25558,34.83295],[127.25594,34.83331],[127.25616,34.83345],[127.25633,34.83355],[127.2565,34.8336],[127.25673,34.83365],[127.25683,34.83365],[127.26111,34.83364],[127.26683,34.83262],[127.27097,34.8316],[127.27104,34.83157],[127.27109,34.83147],[127.27119,34.83116],[127.27138,34.83063],[127.27145,34.83046],[127.27163,34.83028],[127.27178,34.83019],[127.27433,34.82936],[127.28216,34.82602],[127.28299,34.82584],[127.2836,34.8257],[127.28366,34.82566],[127.28371,34.82563],[127.28374,34.82556],[127.28374,34.82552],[127.28374,34.82543],[127.28367,34.82522],[127.28336,34.82453],[127.28284,34.82325],[127.28282,34.82309],[127.28272,34.82123],[127.28278,34.82077],[127.28286,34.82048],[127.28384,34.81804],[127.28556,34.81506],[127.2856,34.81499],[127.28613,34.81443],[127.2864,34.81415],[127.28788,34.81285],[127.28794,34.8128],[127.28965,34.81163],[127.29032,34.81118],[127.29102,34.8108]]]]}},{"type":"Feature","properties":{"code":"12750380","name":"득량면","parent":"12750"},"geometry":{"type":"MultiPolygon","coordinates":[[[[127.22878,34.76354],[127.22931,34.76274],[127.22932,34.75943],[127.22991,34.75842],[127.23193,34.75891],[127.23441,34.75963],[127.23536,34.75858],[127.2318,34.75787],[127.22998,34.7577],[127.2296,34.75765],[127.22683,34.75484],[127.22514,34.75301],[127.22468,34.75253],[127.22021,34.74818],[127.2163,34.74437],[127.21254,34.74068],[127.21129,34.73945],[127.20939,34.73756],[127.21019,34.73597],[127.21115,34.73433],[127.21123,34.73416],[127.21157,34.73281],[127.21165,34.73219],[127.21165,34.7314],[127.21158,34.73087],[127.21148,34.73042],[127.21095,34.72939],[127.20927,34.7264],[127.20725,34.7234],[127.20699,34.72316],[127.20639,34.72238],[127.20617,34.72192],[127.20588,34.72096],[127.20587,34.72082],[127.20592,34.72062],[127.20596,34.72048],[127.20616,34.72025],[127.20639,34.71994],[127.20648,34.71928],[127.20631,34.71888],[127.20581,34.71816],[127.20469,34.71706],[127.20422,34.7168],[127.20224,34.71505],[127.20043,34.71342],[127.19956,34.71249],[127.1982,34.70904],[127.19724,34.70598],[127.19696,34.70595],[127.19608,34.70581],[127.19406,34.7053],[127.19385,34.70522],[127.19354,34.7051],[127.19125,34.70361],[127.19106,34.70345],[127.19084,34.70324],[127.19061,34.70294],[127.18977,34.70043],[127.18989,34.70013],[127.18996,34.6998],[127.18975,34.69935],[127.1896,34.6991],[127.18762,34.69629],[127.18745,34.69607],[127.1872,34.69592],[127.18684,34.69592],[127.18513,34.6955],[127.18285,34.69383],[127.18073,34.69253],[127.17975,34.69208],[127.17798,34.69133],[127.17766,34.69133],[127.17591,34.69135],[127.17599,34.69145],[127.17608,34.69158],[127.17613,34.6918],[127.17638,34.69373],[127.17644,34.69442],[127.18069,34.70082],[127.18094,34.70112],[127.18144,34.70148],[127.18224,34.70199],[127.18257,34.70219],[127.18299,34.70235],[127.18388,34.7026],[127.18414,34.70273],[127.18431,34.7029],[127.18441,34.70308],[127.18459,34.70425],[127.18464,34.70464],[127.18463,34.70475],[127.18399,34.70585],[127.18358,34.70629],[127.17987,34.70805],[127.17899,34.70829],[127.1788,34.70832],[127.17784,34.70842],[127.17727,34.70849],[127.17023,34.70966],[127.17005,34.70969],[127.16985,34.70978],[127.16557,34.71166],[127.16514,34.71228],[127.1647,34.7129],[127.16467,34.71294],[127.16374,34.71426],[127.16306,34.71507],[127.16264,34.71546],[127.16239,34.71559],[127.16214,34.71567],[127.16199,34.71567],[127.16177,34.7156],[127.16079,34.71518],[127.16044,34.71498],[127.15997,34.7147],[127.15873,34.71391],[127.15824,34.7136],[127.15681,34.71275],[127.15616,34.71239],[127.15548,34.71225],[127.15417,34.71201],[127.15334,34.71188],[127.15305,34.71188],[127.14928,34.7122],[127.1491,34.71224],[127.14899,34.7123],[127.14888,34.71239],[127.1485,34.71285],[127.14787,34.71354],[127.14764,34.71377],[127.14726,34.71408],[127.14696,34.7143],[127.14456,34.71606],[127.14373,34.7164],[127.14287,34.71662],[127.14243,34.71672],[127.1422,34.71682],[127.14194,34.71695],[127.14121,34.71769],[127.14114,34.71781],[127.14108,34.71793],[127.14106,34.71797],[127.14035,34.72011],[127.14027,34.72039],[127.13691,34.72303],[127.13668,34.72309],[127.13613,34.72327],[127.13406,34.72398],[127.13377,34.72413],[127.132,34.72554],[127.13189,34.72564],[127.13177,34.72576],[127.13107,34.72673],[127.12424,34.73267],[127.12359,34.73319],[127.12274,34.7338],[127.11923,34.73586],[127.11912,34.73591],[127.11901,34.73594],[127.1189,34.73591],[127.11704,34.73503],[127.11487,34.73402],[127.11298,34.73315],[127.11266,34.73308],[127.1125,34.73311],[127.11041,34.73376],[127.11026,34.73416],[127.10996,34.73705],[127.10956,34.74104],[127.10956,34.74116],[127.1113,34.74602],[127.11336,34.75317],[127.11453,34.75596],[127.11539,34.75728],[127.11598,34.75814],[127.11645,34.7588],[127.11703,34.75949],[127.11775,34.76043],[127.11788,34.76062],[127.11791,34.76075],[127.11791,34.76139],[127.12111,34.76293],[127.12131,34.76304],[127.12148,34.76318],[127.12333,34.76466],[127.1235,34.76481],[127.12366,34.76502],[127.12382,34.76522],[127.12483,34.76689],[127.12562,34.76906],[127.12489,34.77165],[127.12483,34.77179],[127.12471,34.77196],[127.12404,34.77255],[127.12294,34.77339],[127.12334,34.77644],[127.12347,34.77674],[127.12353,34.77695],[127.12357,34.77724],[127.1236,34.77764],[127.12363,34.77803],[127.12362,34.77819],[127.12357,34.77843],[127.12347,34.77877],[127.12337,34.77907],[127.12247,34.78078],[127.12235,34.78091],[127.12232,34.787],[127.12234,34.78726],[127.12237,34.78738],[127.12249,34.78758],[127.12259,34.7877],[127.12354,34.78849],[127.1245,34.79031],[127.12528,34.79022],[127.12564,34.79018],[127.12858,34.79014],[127.12883,34.79014],[127.13092,34.79018],[127.13143,34.7902],[127.13157,34.79026],[127.13169,34.7903],[127.13291,34.79072],[127.13533,34.79132],[127.1354,34.79134],[127.13545,34.79133],[127.13569,34.79122],[127.13612,34.791],[127.13621,34.79072],[127.13627,34.79036],[127.13633,34.79028],[127.13678,34.78989],[127.13736,34.78947],[127.13821,34.78903],[127.13841,34.78899],[127.13903,34.7889],[127.13934,34.78891],[127.1413,34.78907],[127.1421,34.78927],[127.14731,34.79071],[127.1477,34.79097],[127.14868,34.7917],[127.14926,34.79245],[127.1499,34.79322],[127.15005,34.79331],[127.15285,34.79466],[127.1531,34.79473],[127.15624,34.79451],[127.15638,34.79445],[127.15689,34.79407],[127.15723,34.79379],[127.15745,34.79336],[127.1575,34.79327],[127.15757,34.79328],[127.15816,34.7935],[127.15886,34.79377],[127.15938,34.79398],[127.16087,34.79462],[127.16281,34.79592],[127.16346,34.79652],[127.16367,34.79696],[127.16444,34.79777],[127.16453,34.79777],[127.16644,34.79672],[127.16667,34.79651],[127.16683,34.79624],[127.16674,34.79435],[127.16664,34.79363],[127.16649,34.79272],[127.16606,34.79239],[127.16516,34.79165],[127.16488,34.79127],[127.16482,34.79111],[127.16479,34.79072],[127.16478,34.79056],[127.16485,34.78878],[127.16493,34.78869],[127.16519,34.78861],[127.1657,34.7885],[127.1663,34.78855],[127.16828,34.78913],[127.17096,34.78935],[127.17228,34.78913],[127.17632,34.78838],[127.1766,34.78834],[127.17743,34.78829],[127.17828,34.78829],[127.17881,34.78831],[127.17909,34.78839],[127.17985,34.78883],[127.18047,34.78967],[127.18049,34.78988],[127.18047,34.79028],[127.18047,34.79033],[127.18052,34.79059],[127.18085,34.79123],[127.18301,34.7952],[127.18317,34.79533],[127.18408,34.79587],[127.18449,34.796],[127.18527,34.79616],[127.18566,34.79616],[127.18621,34.79614],[127.18639,34.79615],[127.18689,34.79632],[127.18883,34.79727],[127.18921,34.79746],[127.18937,34.79772],[127.18952,34.79798],[127.18953,34.79728],[127.18947,34.79695],[127.19177,34.79499],[127.1919,34.79492],[127.19279,34.79453],[127.19342,34.79425],[127.19497,34.79219],[127.19508,34.79202],[127.1949,34.79162],[127.19481,34.79137],[127.19483,34.79116],[127.19486,34.79083],[127.19505,34.78928],[127.19608,34.78604],[127.19831,34.78431],[127.20016,34.78248],[127.20114,34.78102],[127.20187,34.78074],[127.20345,34.78028],[127.20366,34.78028],[127.20378,34.78023],[127.20393,34.78008],[127.20421,34.77972],[127.20492,34.77847],[127.20523,34.7771],[127.2053,34.77676],[127.20517,34.77658],[127.20448,34.77589],[127.20432,34.77577],[127.20422,34.77572],[127.20416,34.7757],[127.20398,34.7757],[127.20388,34.77567],[127.20384,34.77564],[127.2037,34.77554],[127.20368,34.77552],[127.20353,34.77536],[127.20299,34.77442],[127.20297,34.77434],[127.20917,34.77049],[127.2098,34.77027],[127.2126,34.76947],[127.21358,34.76918],[127.21431,34.76896],[127.2147,34.76877],[127.2167,34.76776],[127.21773,34.76735],[127.21941,34.76711],[127.22,34.76705],[127.22026,34.76706],[127.22069,34.76717],[127.2219,34.7677],[127.22286,34.76815],[127.22332,34.76829],[127.22383,34.76832],[127.22415,34.76831],[127.22463,34.76818],[127.22493,34.76801],[127.22504,34.76789],[127.22862,34.76378],[127.22878,34.76354]]]]}},{"type":"Feature","properties":{"code":"12750390","name":"회천면","parent":"12750"},"geometry":{"type":"MultiPolygon","coordinates":[[[[127.17591,34.69135],[127.1746,34.69222],[127.17456,34.69225],[127.17436,34.69229],[127.17129,34.69246],[127.16913,34.69222],[127.16898,34.69219],[127.16781,34.69193],[127.16737,34.69171],[127.16734,34.69168],[127.1674,34.69163],[127.1637,34.69131],[127.15927,34.69146],[127.15794,34.69154],[127.15627,34.69175],[127.15289,34.69252],[127.15126,34.69362],[127.15042,34.69365],[127.1498,34.69367],[127.14721,34.69352],[127.14719,34.69331],[127.14709,34.69291],[127.14672,34.69268],[127.14636,34.69262],[127.14392,34.69263],[127.14201,34.69331],[127.14078,34.69403],[127.13884,34.69671],[127.13729,34.69852],[127.13575,34.70009],[127.13275,34.7015],[127.12899,34.70243],[127.12797,34.70244],[127.12443,34.70122],[127.12407,34.70074],[127.12191,34.69881],[127.11919,34.69648],[127.11502,34.69369],[127.11472,34.69344],[127.1142,34.6926],[127.11382,34.69194],[127.11329,34.69087],[127.11131,34.68625],[127.11058,34.68447],[127.11052,34.68411],[127.11059,34.68398],[127.1108,34.68376],[127.11098,34.68352],[127.1113,34.68178],[127.11134,34.68133],[127.11135,34.68101],[127.11131,34.68078],[127.11105,34.68039],[127.10723,34.67683],[127.10664,34.67667],[127.10328,34.6759],[127.10232,34.67575],[127.10147,34.67561],[127.1008,34.6756],[127.09958,34.67492],[127.09915,34.67446],[127.09861,34.6737],[127.09849,34.6734],[127.09854,34.67312],[127.09865,34.67278],[127.09873,34.67247],[127.09868,34.67212],[127.09835,34.67174],[127.09697,34.67062],[127.09564,34.66961],[127.09488,34.66963],[127.09445,34.66964],[127.09401,34.66977],[127.09361,34.66976],[127.09307,34.66974],[127.09133,34.66963],[127.08757,34.66917],[127.08499,34.66801],[127.08482,34.66789],[127.08347,34.66667],[127.08302,34.66597],[127.07997,34.66528],[127.07773,34.66478],[127.07666,34.66454],[127.07567,34.66421],[127.07354,34.66325],[127.07323,34.663],[127.07308,34.66255],[127.07307,34.66241],[127.07319,34.66211],[127.07264,34.66142],[127.07229,34.66109],[127.07135,34.66115],[127.06743,34.66271],[127.06465,34.66052],[127.06227,34.65695],[127.06178,34.65504],[127.06184,34.65425],[127.06202,34.65343],[127.06288,34.65107],[127.06109,34.65052],[127.0607,34.6504],[127.06028,34.65022],[127.05986,34.64994],[127.05947,34.64966],[127.05774,34.64836],[127.05738,34.64805],[127.05675,34.6473],[127.05646,34.64697],[127.05625,34.64672],[127.05611,34.64634],[127.05612,34.64593],[127.0562,34.64588],[127.05629,34.6455],[127.05619,34.64518],[127.05383,34.64197],[127.04663,34.63471],[127.04627,34.63501],[127.046,34.63548],[127.04471,34.64175],[127.04474,34.64224],[127.04483,34.64316],[127.04492,34.64337],[127.04497,34.64343],[127.04507,34.64356],[127.04561,34.64396],[127.0461,34.64413],[127.0464,34.6442],[127.04616,34.64493],[127.04494,34.64837],[127.04197,34.65442],[127.04068,34.65559],[127.03683,34.65898],[127.03598,34.6595],[127.03227,34.6616],[127.03147,34.66185],[127.03082,34.66205],[127.03042,34.66226],[127.03003,34.66247],[127.02983,34.66285],[127.02845,34.66708],[127.02679,34.6718],[127.02428,34.67588],[127.026,34.67734],[127.02974,34.68022],[127.0301,34.6804],[127.03024,34.68051],[127.03045,34.68074],[127.03166,34.68297],[127.03188,34.68338],[127.03609,34.6853],[127.03802,34.68562],[127.04321,34.68766],[127.04344,34.68776],[127.04565,34.68894],[127.04579,34.68903],[127.04627,34.68943],[127.04645,34.68963],[127.04747,34.69082],[127.0487,34.69227],[127.04898,34.69262],[127.04932,34.69285],[127.04958,34.69302],[127.0509,34.69366],[127.05099,34.69367],[127.05144,34.69364],[127.05187,34.69365],[127.05206,34.69366],[127.05239,34.69373],[127.05407,34.69431],[127.05559,34.6949],[127.06397,34.69821],[127.067,34.69955],[127.06933,34.70328],[127.06937,34.70338],[127.06933,34.70434],[127.06923,34.70489],[127.06918,34.70513],[127.06881,34.70611],[127.06867,34.70635],[127.06769,34.70757],[127.06738,34.7078],[127.06694,34.70816],[127.0669,34.7082],[127.06687,34.70826],[127.06686,34.70835],[127.06687,34.70842],[127.06691,34.7085],[127.067,34.70863],[127.06841,34.71062],[127.06868,34.7109],[127.06879,34.71098],[127.06897,34.71108],[127.06903,34.71109],[127.06911,34.71113],[127.06922,34.71128],[127.06937,34.71168],[127.06944,34.71204],[127.0695,34.71245],[127.06951,34.71273],[127.06951,34.71313],[127.06951,34.71381],[127.06941,34.71497],[127.06938,34.71528],[127.06962,34.7149],[127.07198,34.71267],[127.07212,34.71259],[127.07281,34.71233],[127.07692,34.71196],[127.07949,34.71193],[127.08206,34.71261],[127.0836,34.71305],[127.08366,34.71306],[127.09128,34.71317],[127.09153,34.71317],[127.09167,34.71315],[127.0918,34.71311],[127.09247,34.71271],[127.09289,34.71228],[127.09344,34.71178],[127.09393,34.71136],[127.09414,34.71127],[127.0947,34.71121],[127.09579,34.71486],[127.09661,34.71821],[127.09722,34.72014],[127.09885,34.72286],[127.10001,34.72463],[127.1028,34.72809],[127.10573,34.73094],[127.10798,34.73197],[127.11041,34.73376],[127.1125,34.73311],[127.11266,34.73308],[127.11298,34.73315],[127.11487,34.73402],[127.11704,34.73503],[127.1189,34.73591],[127.11901,34.73594],[127.11912,34.73591],[127.11923,34.73586],[127.12274,34.7338],[127.12359,34.73319],[127.12424,34.73267],[127.13107,34.72673],[127.13177,34.72576],[127.13189,34.72564],[127.132,34.72554],[127.13377,34.72413],[127.13406,34.72398],[127.13613,34.72327],[127.13668,34.72309],[127.13691,34.72303],[127.14027,34.72039],[127.14035,34.72011],[127.14106,34.71797],[127.14108,34.71793],[127.14114,34.71781],[127.14121,34.71769],[127.14194,34.71695],[127.1422,34.71682],[127.14243,34.71672],[127.14287,34.71662],[127.14373,34.7164],[127.14456,34.71606],[127.14696,34.7143],[127.14726,34.71408],[127.14764,34.71377],[127.14787,34.71354],[127.1485,34.71285],[127.14888,34.71239],[127.14899,34.7123],[127.1491,34.71224],[127.14928,34.7122],[127.15305,34.71188],[127.15334,34.71188],[127.15417,34.71201],[127.15548,34.71225],[127.15616,34.71239],[127.15681,34.71275],[127.15824,34.7136],[127.15873,34.71391],[127.15997,34.7147],[127.16044,34.71498],[127.16079,34.71518],[127.16177,34.7156],[127.16199,34.71567],[127.16214,34.71567],[127.16239,34.71559],[127.16264,34.71546],[127.16306,34.71507],[127.16374,34.71426],[127.16467,34.71294],[127.1647,34.7129],[127.16514,34.71228],[127.16557,34.71166],[127.16985,34.70978],[127.17005,34.70969],[127.17023,34.70966],[127.17727,34.70849],[127.17784,34.70842],[127.1788,34.70832],[127.17899,34.70829],[127.17987,34.70805],[127.18358,34.70629],[127.18399,34.70585],[127.18463,34.70475],[127.18464,34.70464],[127.18459,34.70425],[127.18441,34.70308],[127.18431,34.7029],[127.18414,34.70273],[127.18388,34.7026],[127.18299,34.70235],[127.18257,34.70219],[127.18224,34.70199],[127.18144,34.70148],[127.18094,34.70112],[127.18069,34.70082],[127.17644,34.69442],[127.17638,34.69373],[127.17613,34.6918],[127.17608,34.69158],[127.17599,34.69145],[127.17591,34.69135]]]]}},{"type":"Feature","properties":{"code":"12750400","name":"웅치면","parent":"12750"},"geometry":{"type":"MultiPolygon","coordinates":[[[[127.06938,34.71528],[127.06941,34.71497],[127.06951,34.71381],[127.06951,34.71313],[127.06951,34.71273],[127.0695,34.71245],[127.06944,34.71204],[127.06937,34.71168],[127.06922,34.71128],[127.06911,34.71113],[127.06903,34.71109],[127.06897,34.71108],[127.06879,34.71098],[127.06868,34.7109],[127.06841,34.71062],[127.067,34.70863],[127.06691,34.7085],[127.06687,34.70842],[127.06686,34.70835],[127.06687,34.70826],[127.0669,34.7082],[127.06694,34.70816],[127.06738,34.7078],[127.06769,34.70757],[127.06867,34.70635],[127.06881,34.70611],[127.06918,34.70513],[127.06923,34.70489],[127.06933,34.70434],[127.06937,34.70338],[127.06933,34.70328],[127.067,34.69955],[127.06397,34.69821],[127.05559,34.6949],[127.05407,34.69431],[127.05239,34.69373],[127.05206,34.69366],[127.05187,34.69365],[127.05144,34.69364],[127.05099,34.69367],[127.0509,34.69366],[127.04958,34.69302],[127.04932,34.69285],[127.04898,34.69262],[127.0487,34.69227],[127.04747,34.69082],[127.04645,34.68963],[127.04627,34.68943],[127.04579,34.68903],[127.04565,34.68894],[127.04344,34.68776],[127.04321,34.68766],[127.03802,34.68562],[127.03609,34.6853],[127.03188,34.68338],[127.03166,34.68297],[127.03045,34.68074],[127.03024,34.68051],[127.0301,34.6804],[127.02974,34.68022],[127.026,34.67734],[127.02428,34.67588],[127.0235,34.67659],[127.02199,34.67838],[127.02172,34.67878],[127.0202,34.68077],[127.01964,34.68139],[127.01932,34.6816],[127.01782,34.6824],[127.01766,34.68245],[127.01554,34.68227],[127.01526,34.68224],[127.01315,34.68175],[127.0108,34.68138],[127.00498,34.68047],[127.00463,34.68048],[127.00068,34.68081],[127.00067,34.68106],[127.00059,34.68125],[127.00017,34.68148],[126.99742,34.68215],[126.99722,34.6822],[126.9969,34.68228],[126.99655,34.68234],[126.99089,34.6832],[126.9881,34.68266],[126.98171,34.68272],[126.9815,34.68273],[126.98132,34.68274],[126.98103,34.68279],[126.98083,34.68282],[126.98068,34.68286],[126.98055,34.68292],[126.98034,34.68302],[126.98023,34.68308],[126.98013,34.68314],[126.98006,34.68322],[126.98002,34.6833],[126.97959,34.68456],[126.98027,34.68538],[126.9804,34.68556],[126.98049,34.68567],[126.98059,34.68584],[126.9807,34.68601],[126.98183,34.68797],[126.98187,34.68808],[126.98189,34.68816],[126.98189,34.68831],[126.98188,34.68845],[126.9816,34.69065],[126.98157,34.69073],[126.98149,34.6908],[126.98133,34.69091],[126.98117,34.69097],[126.98095,34.69104],[126.98063,34.69118],[126.98033,34.69131],[126.9802,34.69139],[126.9801,34.69149],[126.98,34.69162],[126.97906,34.69316],[126.97779,34.69518],[126.97659,34.69574],[126.9751,34.69652],[126.97504,34.69656],[126.975,34.69661],[126.97474,34.69711],[126.97472,34.69717],[126.97472,34.69726],[126.97478,34.69754],[126.97489,34.69798],[126.97501,34.69847],[126.97506,34.6986],[126.9751,34.69869],[126.97514,34.69875],[126.97525,34.69886],[126.97541,34.69903],[126.97552,34.69915],[126.97558,34.69924],[126.97561,34.69933],[126.97563,34.69942],[126.97566,34.69956],[126.97566,34.6997],[126.97564,34.69984],[126.97489,34.70254],[126.97483,34.70272],[126.97477,34.70286],[126.97472,34.70295],[126.97466,34.70303],[126.97405,34.70383],[126.9735,34.7045],[126.97207,34.70607],[126.97308,34.70848],[126.97316,34.70859],[126.97327,34.7087],[126.9734,34.70882],[126.97357,34.70894],[126.97388,34.70911],[126.97576,34.71003],[126.97589,34.71003],[126.97612,34.71001],[126.97649,34.70987],[126.97693,34.70971],[126.97735,34.70959],[126.97803,34.70951],[126.97884,34.70941],[126.98022,34.70937],[126.98047,34.70937],[126.98068,34.70941],[126.98085,34.70946],[126.98121,34.70961],[126.9815,34.70973],[126.98404,34.71143],[126.98418,34.71152],[126.98433,34.7117],[126.9882,34.71896],[126.98847,34.72077],[126.98852,34.72094],[126.98876,34.72176],[126.98879,34.72187],[126.98885,34.72193],[126.98909,34.72206],[126.98922,34.72214],[126.992,34.72342],[126.99433,34.72409],[126.99481,34.72423],[126.99589,34.72457],[126.99764,34.72532],[127.00144,34.72768],[127.00261,34.72867],[127.00523,34.731],[127.00557,34.73157],[127.00596,34.73238],[127.00657,34.73333],[127.0074,34.73398],[127.00914,34.73527],[127.00923,34.7353],[127.0094,34.73535],[127.00955,34.73538],[127.00965,34.73539],[127.00973,34.73538],[127.00984,34.73533],[127.01002,34.73524],[127.01031,34.73508],[127.01095,34.73485],[127.0114,34.73472],[127.01163,34.73466],[127.01212,34.73458],[127.01234,34.73455],[127.01321,34.7345],[127.01339,34.7345],[127.01357,34.73464],[127.01536,34.73632],[127.01536,34.7365],[127.01535,34.7368],[127.01524,34.73713],[127.01512,34.73736],[127.01497,34.73762],[127.0147,34.73807],[127.01459,34.73835],[127.01453,34.73974],[127.01456,34.73991],[127.0147,34.74008],[127.01585,34.74063],[127.01752,34.7406],[127.02013,34.74113],[127.02329,34.74045],[127.02614,34.74031],[127.0262,34.7403],[127.02633,34.74027],[127.02725,34.73997],[127.02727,34.73992],[127.02844,34.7346],[127.02861,34.73358],[127.02878,34.73247],[127.02867,34.7314],[127.02862,34.73101],[127.0287,34.73099],[127.02879,34.73098],[127.02886,34.73098],[127.02901,34.73099],[127.03083,34.73159],[127.03239,34.73225],[127.03244,34.73226],[127.03511,34.73057],[127.0352,34.7305],[127.03555,34.73013],[127.03663,34.729],[127.03728,34.72831],[127.04118,34.72657],[127.04282,34.72684],[127.04616,34.72773],[127.04647,34.72784],[127.04694,34.72828],[127.0474,34.72873],[127.04836,34.72832],[127.04921,34.72708],[127.05012,34.7258],[127.0525,34.72493],[127.05498,34.72471],[127.05641,34.72482],[127.0594,34.72516],[127.06085,34.72552],[127.06234,34.72536],[127.06262,34.72482],[127.06321,34.72418],[127.06664,34.72404],[127.06814,34.72439],[127.0684,34.72448],[127.06856,34.72453],[127.06888,34.72456],[127.06946,34.7246],[127.07011,34.72463],[127.07021,34.72463],[127.07043,34.72459],[127.07104,34.72446],[127.07117,34.72443],[127.07121,34.7244],[127.07281,34.72177],[127.07305,34.72044],[127.07194,34.71908],[127.06976,34.71621],[127.06944,34.71555],[127.06938,34.71528]]]]}}]}