{"type":"FeatureCollection","features":[{"type":"Feature","properties":{"code":"51150250","name":"주문진읍","parent":"51150"},"geometry":{"type":"MultiPolygon","coordinates":[[[[128.83726,37.87675],[128.8371,37.87663],[128.83661,37.87626],[128.83651,37.87618],[128.83402,37.87541],[128.83177,37.87534],[128.83016,37.87496],[128.83013,37.87491],[128.83042,37.87461],[128.832,37.87327],[128.83277,37.87263],[128.8335,37.87206],[128.83355,37.87202],[128.8346,37.87114],[128.83199,37.86935],[128.82872,37.86664],[128.82814,37.86571],[128.82805,37.86557],[128.82798,37.86549],[128.82784,37.86536],[128.82777,37.86531],[128.82726,37.86495],[128.82702,37.86478],[128.8269,37.86471],[128.82676,37.86464],[128.82655,37.86453],[128.8264,37.86448],[128.8263,37.86445],[128.8262,37.86443],[128.82443,37.86432],[128.82431,37.86431],[128.8242,37.86431],[128.82409,37.86432],[128.82403,37.86434],[128.82396,37.86437],[128.81984,37.86429],[128.81982,37.86421],[128.81928,37.86305],[128.81922,37.86294],[128.81917,37.86289],[128.81911,37.86285],[128.81621,37.86215],[128.81609,37.86214],[128.81599,37.86214],[128.81592,37.86216],[128.81585,37.86221],[128.81582,37.86227],[128.81581,37.86233],[128.81569,37.86311],[128.8157,37.86364],[128.81574,37.86376],[128.81574,37.86385],[128.81569,37.86473],[128.81568,37.86476],[128.81564,37.86481],[128.81428,37.86651],[128.81417,37.86663],[128.81408,37.8667],[128.81395,37.86675],[128.8138,37.86679],[128.81364,37.8668],[128.81337,37.86678],[128.81317,37.86675],[128.81295,37.86671],[128.81234,37.86658],[128.81211,37.86652],[128.81184,37.86643],[128.80795,37.86521],[128.80637,37.86451],[128.80633,37.86448],[128.8061,37.86437],[128.80561,37.86416],[128.80536,37.86407],[128.80503,37.864],[128.80475,37.86393],[128.80454,37.8639],[128.80436,37.86389],[128.8042,37.86388],[128.80414,37.86389],[128.80407,37.86392],[128.80392,37.86402],[128.80352,37.8643],[128.80311,37.86459],[128.80284,37.86477],[128.80277,37.86481],[128.80266,37.86483],[128.80251,37.86484],[128.80224,37.86482],[128.80213,37.86481],[128.80199,37.86479],[128.80133,37.86468],[128.80113,37.86464],[128.80099,37.8646],[128.80083,37.86454],[128.80065,37.86446],[128.80029,37.8643],[128.80021,37.86425],[128.8001,37.86418],[128.79997,37.86407],[128.79982,37.86395],[128.79967,37.86378],[128.79951,37.86355],[128.79746,37.86274],[128.79628,37.86244],[128.79619,37.86243],[128.79146,37.86144],[128.78983,37.86055],[128.78808,37.85868],[128.78799,37.8586],[128.78787,37.85851],[128.78769,37.85841],[128.78762,37.8584],[128.78279,37.85823],[128.78185,37.85825],[128.78172,37.85828],[128.78117,37.85841],[128.78106,37.85848],[128.77695,37.86178],[128.77628,37.86265],[128.77547,37.86364],[128.77537,37.86375],[128.77524,37.86387],[128.77509,37.86401],[128.77479,37.86425],[128.77469,37.8643],[128.77457,37.86434],[128.77289,37.86456],[128.77151,37.86455],[128.77141,37.86454],[128.77129,37.86453],[128.77107,37.86454],[128.77098,37.86455],[128.7709,37.86457],[128.77082,37.86459],[128.77065,37.86466],[128.77047,37.86473],[128.77028,37.86481],[128.77003,37.86494],[128.76867,37.86567],[128.76638,37.86694],[128.76575,37.86782],[128.76579,37.86799],[128.76581,37.86808],[128.76581,37.86817],[128.76581,37.86821],[128.7658,37.86824],[128.76555,37.86919],[128.76552,37.86923],[128.76548,37.86926],[128.76528,37.86936],[128.76523,37.86937],[128.76516,37.86937],[128.76397,37.8692],[128.76391,37.86918],[128.76173,37.86827],[128.76165,37.86822],[128.76156,37.86817],[128.76148,37.86811],[128.76137,37.86799],[128.76126,37.86786],[128.76111,37.86768],[128.76104,37.86761],[128.76101,37.86758],[128.76095,37.86755],[128.7608,37.86748],[128.76057,37.86739],[128.76031,37.86729],[128.76026,37.86728],[128.75693,37.86691],[128.75511,37.86699],[128.75169,37.86768],[128.75164,37.86769],[128.75156,37.86772],[128.7515,37.86775],[128.75136,37.86782],[128.75124,37.86789],[128.75112,37.86797],[128.75105,37.86802],[128.75101,37.86807],[128.75099,37.86809],[128.75096,37.86817],[128.75088,37.86842],[128.75085,37.86852],[128.75081,37.86875],[128.75079,37.86884],[128.75076,37.86891],[128.75073,37.86894],[128.75071,37.86897],[128.75066,37.869],[128.7506,37.86903],[128.75038,37.86911],[128.75015,37.8692],[128.74981,37.86931],[128.7497,37.86933],[128.74963,37.86934],[128.74959,37.86933],[128.74953,37.86932],[128.74733,37.86888],[128.74595,37.8683],[128.74569,37.86813],[128.74543,37.86798],[128.7453,37.86792],[128.74493,37.86785],[128.7446,37.86782],[128.74421,37.86783],[128.74387,37.86788],[128.74343,37.86796],[128.74316,37.86803],[128.74295,37.86814],[128.74279,37.86825],[128.74228,37.86866],[128.74114,37.86907],[128.7394,37.86897],[128.73911,37.86892],[128.73877,37.86883],[128.73848,37.86871],[128.73827,37.86856],[128.73553,37.86745],[128.73173,37.86683],[128.73163,37.86683],[128.73151,37.86684],[128.73139,37.86688],[128.73136,37.86689],[128.73121,37.86694],[128.73102,37.86704],[128.73089,37.86712],[128.72811,37.8688],[128.72802,37.86887],[128.72795,37.86894],[128.72778,37.86919],[128.72761,37.86943],[128.72751,37.86958],[128.72746,37.86968],[128.72732,37.86996],[128.72726,37.87006],[128.72718,37.87016],[128.72634,37.87093],[128.72623,37.871],[128.72607,37.87109],[128.72579,37.87122],[128.7256,37.87129],[128.72539,37.87135],[128.72278,37.87192],[128.72263,37.87193],[128.72243,37.87194],[128.72208,37.87192],[128.72192,37.87187],[128.72183,37.87182],[128.72172,37.87172],[128.72159,37.87162],[128.72145,37.87153],[128.72129,37.87146],[128.71946,37.87079],[128.71914,37.87073],[128.71883,37.87071],[128.71861,37.87071],[128.71461,37.87092],[128.71392,37.87101],[128.71387,37.87104],[128.71286,37.87177],[128.71271,37.87188],[128.71261,37.87198],[128.71231,37.87224],[128.712,37.87256],[128.71182,37.87279],[128.7117,37.873],[128.71162,37.87325],[128.71156,37.87343],[128.7115,37.87356],[128.7114,37.87366],[128.71126,37.87377],[128.70912,37.87477],[128.70908,37.87476],[128.70046,37.87293],[128.70039,37.87284],[128.7003,37.87256],[128.70021,37.87238],[128.70009,37.87219],[128.69985,37.87195],[128.69962,37.87181],[128.6995,37.87175],[128.69778,37.87093],[128.69774,37.87092],[128.6977,37.8709],[128.69622,37.87042],[128.69614,37.8704],[128.69474,37.87025],[128.69462,37.87024],[128.69452,37.87024],[128.69442,37.87026],[128.69435,37.87028],[128.69423,37.87034],[128.69402,37.87045],[128.69377,37.87057],[128.69349,37.8707],[128.69331,37.87077],[128.69277,37.87093],[128.69088,37.87141],[128.69075,37.87144],[128.69063,37.87145],[128.69054,37.87145],[128.68784,37.87155],[128.68403,37.87179],[128.6813,37.87222],[128.68119,37.87227],[128.68089,37.87234],[128.68074,37.87238],[128.67912,37.87244],[128.67826,37.87246],[128.67816,37.87246],[128.67095,37.87088],[128.67089,37.87084],[128.67083,37.87078],[128.67023,37.86989],[128.6699,37.86939],[128.66966,37.869],[128.66928,37.86854],[128.66917,37.86845],[128.66902,37.86835],[128.6689,37.86828],[128.66876,37.86821],[128.66606,37.86743],[128.66547,37.86726],[128.66536,37.86725],[128.66374,37.86728],[128.66356,37.8673],[128.66343,37.86734],[128.6634,37.86737],[128.66284,37.86811],[128.66277,37.86824],[128.66271,37.86837],[128.66263,37.86861],[128.66189,37.87293],[128.66315,37.87515],[128.6667,37.88388],[128.66686,37.88578],[128.6671,37.88574],[128.66729,37.88574],[128.66924,37.88583],[128.66934,37.88585],[128.66944,37.88587],[128.6695,37.88589],[128.66956,37.88591],[128.67089,37.88651],[128.6713,37.88674],[128.67414,37.88843],[128.67628,37.88976],[128.67654,37.88995],[128.67659,37.88996],[128.67893,37.89047],[128.67897,37.89047],[128.67901,37.89048],[128.68156,37.89032],[128.68327,37.8898],[128.68377,37.89011],[128.68478,37.89081],[128.68497,37.89096],[128.68545,37.89141],[128.6856,37.89156],[128.68564,37.8916],[128.68574,37.89171],[128.68586,37.89187],[128.68596,37.89202],[128.68601,37.89208],[128.68605,37.89211],[128.6861,37.89214],[128.68674,37.89239],[128.68688,37.89243],[128.68699,37.89247],[128.68716,37.89252],[128.68731,37.89254],[128.6883,37.8926],[128.69104,37.89311],[128.6936,37.89472],[128.69364,37.89486],[128.69372,37.89502],[128.69383,37.89516],[128.6939,37.89522],[128.69412,37.89531],[128.69436,37.89541],[128.69791,37.89677],[128.70197,37.89833],[128.70204,37.89833],[128.70323,37.89811],[128.70399,37.89782],[128.70415,37.89775],[128.70426,37.89774],[128.70966,37.89766],[128.7117,37.89802],[128.71326,37.89858],[128.71326,37.89863],[128.7132,37.89882],[128.71308,37.89941],[128.71308,37.89947],[128.71314,37.89963],[128.71322,37.89973],[128.71481,37.90109],[128.71812,37.90371],[128.71816,37.90373],[128.71819,37.90374],[128.71824,37.90373],[128.71832,37.9037],[128.71867,37.90352],[128.71876,37.90347],[128.7188,37.90342],[128.71892,37.90321],[128.71914,37.90291],[128.71921,37.90286],[128.71928,37.90281],[128.71943,37.90276],[128.72311,37.90211],[128.72326,37.90209],[128.72337,37.9021],[128.72344,37.90213],[128.72353,37.90219],[128.72373,37.90237],[128.7239,37.90251],[128.72397,37.90255],[128.72407,37.9026],[128.72544,37.90291],[128.72562,37.90293],[128.72673,37.90303],[128.72682,37.90303],[128.7269,37.90301],[128.72701,37.90296],[128.72742,37.90259],[128.72777,37.90225],[128.72804,37.90192],[128.72811,37.90181],[128.72817,37.9017],[128.72832,37.90139],[128.72848,37.90113],[128.72865,37.90096],[128.72881,37.90085],[128.7314,37.89993],[128.73168,37.89984],[128.73182,37.89981],[128.73193,37.89983],[128.73211,37.89988],[128.73338,37.90034],[128.73358,37.90045],[128.73468,37.90114],[128.73486,37.90127],[128.73513,37.90154],[128.73515,37.90156],[128.73525,37.90166],[128.73537,37.90185],[128.73541,37.90195],[128.73545,37.90213],[128.73547,37.90234],[128.73547,37.90258],[128.7355,37.90273],[128.73551,37.90277],[128.73553,37.90281],[128.73569,37.90296],[128.736,37.9032],[128.73622,37.90334],[128.73633,37.90338],[128.7368,37.90351],[128.73799,37.90383],[128.73822,37.90389],[128.73852,37.90396],[128.73874,37.904],[128.739,37.90405],[128.7391,37.90406],[128.73914,37.90406],[128.73965,37.90383],[128.73984,37.90374],[128.74002,37.90367],[128.74016,37.90364],[128.74027,37.90363],[128.74052,37.90364],[128.74452,37.90422],[128.74462,37.90428],[128.74469,37.90436],[128.74625,37.90677],[128.74627,37.90681],[128.74629,37.90695],[128.74621,37.90741],[128.74612,37.90768],[128.74609,37.90782],[128.74611,37.90796],[128.74627,37.90864],[128.7463,37.90873],[128.74639,37.90887],[128.74691,37.9095],[128.74699,37.90961],[128.74704,37.90966],[128.74708,37.90968],[128.74715,37.90969],[128.74762,37.90975],[128.74767,37.90975],[128.74966,37.91006],[128.75137,37.91053],[128.75259,37.91181],[128.75262,37.91185],[128.7527,37.91189],[128.75375,37.9123],[128.75382,37.9123],[128.75532,37.91247],[128.75553,37.91249],[128.75568,37.91249],[128.75613,37.91246],[128.75636,37.91245],[128.75647,37.91242],[128.7566,37.91238],[128.75686,37.91226],[128.75698,37.91218],[128.75709,37.9121],[128.75719,37.91195],[128.75728,37.91181],[128.7574,37.91154],[128.75762,37.91119],[128.75775,37.91103],[128.75792,37.91087],[128.75802,37.91079],[128.75819,37.91068],[128.75953,37.90999],[128.75959,37.90998],[128.76207,37.90958],[128.7622,37.90957],[128.76238,37.90959],[128.76259,37.90963],[128.76851,37.91066],[128.77145,37.91088],[128.77334,37.91089],[128.77339,37.91075],[128.77354,37.91058],[128.77376,37.91041],[128.77389,37.91032],[128.77399,37.9103],[128.77558,37.91013],[128.77575,37.91012],[128.77594,37.91016],[128.77709,37.91085],[128.77718,37.91095],[128.77936,37.91333],[128.78239,37.915],[128.78245,37.91503],[128.78258,37.91504],[128.7829,37.91501],[128.78555,37.91454],[128.79201,37.91274],[128.79225,37.91263],[128.79274,37.91231],[128.79301,37.91214],[128.7931,37.9121],[128.79321,37.91208],[128.79332,37.91208],[128.80274,37.91288],[128.80298,37.91291],[128.80324,37.91296],[128.80343,37.913],[128.80367,37.91309],[128.80386,37.91318],[128.80407,37.91332],[128.80437,37.91358],[128.80533,37.91466],[128.80649,37.91597],[128.80682,37.91632],[128.8072,37.9166],[128.80821,37.91731],[128.80912,37.91786],[128.80966,37.91815],[128.81003,37.91834],[128.8109,37.91717],[128.81252,37.91595],[128.81405,37.91482],[128.81487,37.91432],[128.8169,37.91326],[128.81774,37.91289],[128.81813,37.91244],[128.82328,37.90844],[128.82414,37.90782],[128.82512,37.90729],[128.82565,37.90705],[128.82659,37.90672],[128.82676,37.90668],[128.82711,37.90658],[128.82737,37.90656],[128.8278,37.90666],[128.82805,37.90694],[128.82798,37.90726],[128.82815,37.90741],[128.82851,37.90744],[128.82898,37.9073],[128.83044,37.90649],[128.83065,37.90623],[128.83199,37.90409],[128.83201,37.90377],[128.83172,37.90372],[128.83105,37.90429],[128.83077,37.90454],[128.83045,37.90496],[128.82988,37.90461],[128.82957,37.90439],[128.82934,37.90393],[128.82933,37.90353],[128.82967,37.90288],[128.82969,37.90285],[128.82992,37.90252],[128.83025,37.90229],[128.83254,37.90069],[128.83378,37.90016],[128.83413,37.89993],[128.8343,37.89963],[128.8348,37.89801],[128.83491,37.89762],[128.83454,37.89528],[128.83378,37.89313],[128.83347,37.89281],[128.83327,37.89265],[128.83306,37.89249],[128.83287,37.89165],[128.83281,37.89122],[128.83284,37.89108],[128.83323,37.88886],[128.83339,37.88793],[128.83341,37.88789],[128.8335,37.88763],[128.83407,37.88663],[128.83038,37.88466],[128.83053,37.88393],[128.83485,37.87892],[128.8352,37.87852],[128.83535,37.87835],[128.83726,37.87675]]]]}},{"type":"Feature","properties":{"code":"51150310","name":"성산면","parent":"51150"},"geometry":{"type":"MultiPolygon","coordinates":[[[[128.83878,37.78742],[128.83943,37.7863],[128.83995,37.78482],[128.84079,37.78211],[128.84022,37.78174],[128.8401,37.78157],[128.83999,37.78139],[128.84028,37.78066],[128.84067,37.77987],[128.84079,37.77977],[128.84171,37.77932],[128.84274,37.77956],[128.8432,37.77976],[128.84326,37.77975],[128.84387,37.77866],[128.84415,37.77704],[128.84413,37.7768],[128.84405,37.77588],[128.84395,37.77513],[128.84396,37.77494],[128.84465,37.77386],[128.84673,37.77293],[128.84706,37.77293],[128.84729,37.77292],[128.84896,37.76791],[128.84983,37.76589],[128.85094,37.76372],[128.85395,37.76169],[128.85674,37.76002],[128.85928,37.75839],[128.85884,37.75681],[128.85755,37.75495],[128.85738,37.75491],[128.85549,37.7541],[128.85445,37.75167],[128.85514,37.75022],[128.85349,37.74862],[128.85179,37.74823],[128.85169,37.74766],[128.85177,37.74537],[128.8529,37.74564],[128.85316,37.74575],[128.85476,37.74641],[128.856,37.74698],[128.85675,37.74717],[128.85865,37.74574],[128.85956,37.74496],[128.85976,37.74423],[128.85924,37.74102],[128.85885,37.73885],[128.85865,37.73799],[128.85768,37.73627],[128.85687,37.73546],[128.85556,37.73434],[128.85433,37.7338],[128.84952,37.73262],[128.84919,37.73252],[128.849,37.73246],[128.84848,37.73229],[128.84795,37.73196],[128.84482,37.7296],[128.84351,37.72861],[128.83873,37.72469],[128.83781,37.72383],[128.83745,37.72313],[128.8373,37.72253],[128.83724,37.72183],[128.83724,37.71993],[128.83788,37.71861],[128.83828,37.71812],[128.83896,37.71732],[128.83948,37.71693],[128.83975,37.71674],[128.84017,37.7166],[128.84314,37.71602],[128.84735,37.71518],[128.84755,37.71508],[128.84779,37.71497],[128.84823,37.71464],[128.85129,37.71058],[128.85118,37.70801],[128.85177,37.70503],[128.85297,37.7011],[128.85332,37.69696],[128.8534,37.69648],[128.85393,37.69507],[128.8541,37.69478],[128.85428,37.69457],[128.85448,37.69429],[128.85506,37.69238],[128.85512,37.69206],[128.85468,37.68382],[128.85444,37.68136],[128.85378,37.68044],[128.85336,37.68007],[128.85299,37.6796],[128.8527,37.67908],[128.85245,37.67857],[128.85244,37.67806],[128.85254,37.67732],[128.85283,37.67686],[128.853,37.67675],[128.85161,37.67693],[128.84936,37.67858],[128.84705,37.68162],[128.84425,37.68366],[128.84173,37.68536],[128.84039,37.68577],[128.83871,37.68627],[128.83723,37.68747],[128.83575,37.68866],[128.83549,37.68895],[128.83273,37.69053],[128.82736,37.69183],[128.8262,37.69282],[128.82543,37.6943],[128.82581,37.695],[128.82537,37.69583],[128.82499,37.69648],[128.82476,37.69664],[128.82449,37.69683],[128.82384,37.69687],[128.82173,37.69697],[128.82098,37.6973],[128.81934,37.69673],[128.81858,37.69582],[128.81858,37.69438],[128.81951,37.69442],[128.81998,37.69474],[128.82055,37.69512],[128.82187,37.69469],[128.81791,37.69178],[128.81441,37.68386],[128.81367,37.6851],[128.81339,37.68763],[128.81402,37.68913],[128.81461,37.69028],[128.81454,37.6903],[128.81349,37.69055],[128.81245,37.6908],[128.8103,37.69131],[128.80547,37.69468],[128.80332,37.69679],[128.79771,37.69696],[128.79575,37.69531],[128.79122,37.69094],[128.7902,37.68864],[128.78875,37.6879],[128.78369,37.68564],[128.78042,37.68464],[128.77743,37.68415],[128.77558,37.6843],[128.77373,37.68445],[128.77269,37.68397],[128.77095,37.6827],[128.76867,37.68242],[128.76596,37.68159],[128.76388,37.68087],[128.76391,37.6801],[128.76278,37.68099],[128.76116,37.68332],[128.76151,37.68531],[128.76122,37.6862],[128.76039,37.68739],[128.75968,37.68841],[128.75883,37.6924],[128.75876,37.6939],[128.75715,37.69478],[128.75509,37.69804],[128.75452,37.70247],[128.7538,37.70774],[128.7521,37.71101],[128.75188,37.71117],[128.75161,37.71137],[128.75142,37.71146],[128.74981,37.71224],[128.74793,37.7131],[128.74705,37.7138],[128.74615,37.71567],[128.74583,37.71691],[128.7444,37.72463],[128.74415,37.7281],[128.74466,37.73155],[128.74472,37.73209],[128.74469,37.73228],[128.74439,37.73379],[128.74438,37.73385],[128.74234,37.74134],[128.74216,37.7416],[128.74384,37.74148],[128.74756,37.74237],[128.74952,37.74289],[128.75,37.74325],[128.75166,37.74513],[128.75531,37.74935],[128.75653,37.75106],[128.75708,37.75172],[128.75868,37.75269],[128.75939,37.75298],[128.76095,37.75508],[128.76098,37.75554],[128.76104,37.75661],[128.7608,37.7591],[128.76038,37.75943],[128.76003,37.75994],[128.76039,37.76114],[128.76278,37.76537],[128.76453,37.76687],[128.76568,37.7676],[128.76751,37.76866],[128.7681,37.76882],[128.76928,37.76858],[128.77131,37.76817],[128.77396,37.76801],[128.77524,37.76847],[128.77655,37.76914],[128.77919,37.76923],[128.77949,37.76924],[128.78115,37.76894],[128.78133,37.76874],[128.78159,37.76825],[128.78171,37.76766],[128.78225,37.76741],[128.78515,37.76781],[128.78583,37.76797],[128.78635,37.76828],[128.78644,37.76888],[128.78682,37.76937],[128.78701,37.76952],[128.78834,37.77031],[128.7889,37.77042],[128.78966,37.77045],[128.79023,37.77035],[128.791,37.7702],[128.79178,37.76985],[128.79425,37.76707],[128.79425,37.76651],[128.79427,37.76642],[128.7946,37.76592],[128.79733,37.76418],[128.79749,37.76409],[128.79878,37.76415],[128.79903,37.76423],[128.80019,37.7651],[128.80059,37.76566],[128.80088,37.76587],[128.80162,37.76625],[128.80273,37.76631],[128.80472,37.76389],[128.80587,37.7623],[128.8074,37.76011],[128.80889,37.75913],[128.80916,37.75899],[128.81067,37.75838],[128.81363,37.75809],[128.81441,37.75815],[128.81425,37.75987],[128.81499,37.76283],[128.81583,37.76462],[128.81588,37.76482],[128.8159,37.76492],[128.81527,37.76536],[128.81406,37.76671],[128.81503,37.77081],[128.81594,37.77213],[128.81651,37.77325],[128.81724,37.7748],[128.81881,37.77911],[128.81855,37.78004],[128.81846,37.78019],[128.81823,37.78052],[128.81822,37.78066],[128.81839,37.78156],[128.81955,37.78377],[128.81968,37.78396],[128.81983,37.78409],[128.82016,37.78418],[128.82046,37.7842],[128.82239,37.78459],[128.82486,37.78613],[128.82491,37.78622],[128.82487,37.78637],[128.82482,37.78681],[128.82487,37.78705],[128.82502,37.78723],[128.82521,37.78733],[128.82639,37.78794],[128.82702,37.78822],[128.82857,37.78843],[128.82892,37.78845],[128.82902,37.78844],[128.82918,37.78837],[128.82953,37.78807],[128.83174,37.78772],[128.83301,37.78753],[128.83331,37.78748],[128.8335,37.78748],[128.83456,37.78789],[128.83487,37.78801],[128.83687,37.78821],[128.83704,37.78821],[128.83793,37.78793],[128.83821,37.78778],[128.83878,37.78742]]]]}},{"type":"Feature","properties":{"code":"51150320","name":"왕산면","parent":"51150"},"geometry":{"type":"MultiPolygon","coordinates":[[[[128.853,37.67675],[128.8541,37.67681],[128.85457,37.67671],[128.85729,37.67468],[128.85927,37.67275],[128.85956,37.6725],[128.86175,37.67192],[128.86311,37.67202],[128.86342,37.67214],[128.86361,37.67222],[128.86565,37.67259],[128.86947,37.6729],[128.87304,37.67029],[128.87417,37.66915],[128.87375,37.66799],[128.87372,37.66681],[128.87445,37.66639],[128.87633,37.66636],[128.87957,37.66529],[128.88138,37.66355],[128.8821,37.66261],[128.88212,37.66155],[128.88285,37.65898],[128.88333,37.65842],[128.88451,37.65825],[128.88694,37.6585],[128.89058,37.65687],[128.89093,37.6567],[128.89127,37.65653],[128.89189,37.65577],[128.89225,37.65545],[128.89345,37.65516],[128.89349,37.65443],[128.89487,37.6454],[128.89531,37.64383],[128.89526,37.64323],[128.89476,37.64211],[128.89176,37.63704],[128.88945,37.63441],[128.88799,37.63298],[128.88772,37.63244],[128.88759,37.63218],[128.88721,37.63078],[128.88733,37.63063],[128.88761,37.63033],[128.88881,37.62918],[128.89279,37.6267],[128.89791,37.62343],[128.89869,37.62181],[128.89936,37.62067],[128.90072,37.61982],[128.90223,37.61898],[128.90374,37.61814],[128.90452,37.61773],[128.90521,37.61757],[128.90269,37.61603],[128.89686,37.61348],[128.89646,37.61285],[128.89545,37.61124],[128.89439,37.60954],[128.89335,37.60904],[128.8922,37.60849],[128.88657,37.60104],[128.88501,37.59816],[128.88457,37.59423],[128.88482,37.59321],[128.88518,37.5927],[128.88276,37.59205],[128.87959,37.58995],[128.87806,37.5883],[128.8778,37.58844],[128.87645,37.58914],[128.87566,37.5899],[128.87403,37.58961],[128.87191,37.58619],[128.87054,37.58287],[128.87066,37.58212],[128.86931,37.57939],[128.86671,37.5783],[128.86629,37.57822],[128.86473,37.5779],[128.86391,37.57741],[128.86275,37.57662],[128.8621,37.57497],[128.86208,37.57433],[128.86213,37.57331],[128.86224,37.5724],[128.86369,37.57109],[128.86405,37.56943],[128.86325,37.56692],[128.86203,37.56405],[128.86105,37.56267],[128.86049,37.56251],[128.85983,37.56232],[128.85907,37.56115],[128.85864,37.56041],[128.85948,37.556],[128.86067,37.55439],[128.86075,37.55429],[128.86083,37.55416],[128.86089,37.55404],[128.861,37.55381],[128.8612,37.55315],[128.86118,37.5528],[128.86116,37.5526],[128.8611,37.55214],[128.86106,37.5519],[128.861,37.55163],[128.86097,37.5515],[128.86033,37.54893],[128.86043,37.54378],[128.85809,37.53985],[128.85504,37.53498],[128.85344,37.52977],[128.85337,37.52951],[128.85335,37.52943],[128.8533,37.52919],[128.8533,37.52824],[128.85331,37.52807],[128.85333,37.52781],[128.85334,37.52765],[128.85345,37.52733],[128.85366,37.52678],[128.85371,37.52664],[128.8538,37.52637],[128.85387,37.52617],[128.8539,37.52598],[128.85394,37.52562],[128.85388,37.52534],[128.8538,37.52499],[128.85374,37.52477],[128.85348,37.52429],[128.85323,37.52383],[128.85316,37.5237],[128.8525,37.52313],[128.8521,37.5229],[128.8514,37.52268],[128.85104,37.5226],[128.84927,37.52089],[128.84808,37.51798],[128.84798,37.51741],[128.84789,37.51606],[128.84794,37.51518],[128.84794,37.515],[128.84274,37.5125],[128.84029,37.5119],[128.84014,37.51187],[128.83874,37.5117],[128.83686,37.51196],[128.83422,37.5128],[128.83365,37.51298],[128.83339,37.51306],[128.83113,37.51213],[128.82996,37.51147],[128.82886,37.51057],[128.82782,37.50932],[128.82778,37.50927],[128.8274,37.50918],[128.82733,37.50916],[128.82443,37.50847],[128.82139,37.50773],[128.8204,37.50729],[128.81772,37.50544],[128.81649,37.50432],[128.81521,37.50365],[128.81383,37.50322],[128.81339,37.50317],[128.81372,37.50372],[128.81392,37.50429],[128.81402,37.50463],[128.81432,37.50603],[128.81433,37.50615],[128.8143,37.50634],[128.81422,37.50646],[128.81406,37.50663],[128.81388,37.50683],[128.81126,37.50928],[128.80532,37.51376],[128.80266,37.51482],[128.80181,37.51524],[128.79862,37.51707],[128.79828,37.51734],[128.79776,37.51791],[128.7975,37.51827],[128.79733,37.51864],[128.79734,37.51885],[128.79746,37.51934],[128.79772,37.51962],[128.79826,37.51995],[128.799,37.52015],[128.80123,37.52194],[128.80352,37.52411],[128.80439,37.52516],[128.80446,37.52543],[128.80446,37.52565],[128.80439,37.52639],[128.80383,37.52977],[128.80368,37.53],[128.8034,37.53032],[128.80232,37.53152],[128.80215,37.53168],[128.80135,37.53171],[128.79976,37.53173],[128.79925,37.53169],[128.79874,37.53178],[128.79824,37.53197],[128.79727,37.5325],[128.79661,37.53303],[128.79504,37.53443],[128.7948,37.5347],[128.79458,37.53523],[128.79441,37.53583],[128.79427,37.53613],[128.79392,37.5366],[128.79107,37.53855],[128.78982,37.53925],[128.78942,37.53941],[128.78909,37.53955],[128.78894,37.53961],[128.78713,37.54004],[128.78483,37.54082],[128.78464,37.54094],[128.78431,37.54117],[128.78329,37.54201],[128.78118,37.54325],[128.78089,37.54337],[128.77673,37.54397],[128.77649,37.54397],[128.77606,37.54385],[128.77514,37.54342],[128.77438,37.54308],[128.77393,37.54295],[128.77335,37.54286],[128.77312,37.54284],[128.77277,37.5428],[128.77181,37.54275],[128.77026,37.54286],[128.76824,37.54305],[128.76756,37.54311],[128.76682,37.54311],[128.76621,37.54304],[128.76512,37.54272],[128.76404,37.54223],[128.76219,37.54139],[128.76156,37.54125],[128.76052,37.54134],[128.75853,37.54186],[128.75677,37.5428],[128.75637,37.54314],[128.75423,37.54428],[128.74952,37.54616],[128.74862,37.54645],[128.74554,37.54662],[128.74519,37.54655],[128.7429,37.54538],[128.74219,37.54493],[128.74128,37.54421],[128.74026,37.54361],[128.73855,37.54284],[128.73565,37.54154],[128.73398,37.54079],[128.7333,37.54033],[128.73304,37.53993],[128.73274,37.53947],[128.73254,37.53859],[128.73229,37.5384],[128.73115,37.53795],[128.73019,37.5377],[128.7251,37.5374],[128.72463,37.53745],[128.72391,37.53778],[128.72357,37.53813],[128.72348,37.53839],[128.7235,37.53856],[128.72367,37.53889],[128.724,37.53932],[128.72433,37.53975],[128.7244,37.54009],[128.72437,37.54036],[128.72432,37.54068],[128.72398,37.54104],[128.72328,37.54133],[128.7216,37.54175],[128.72084,37.54179],[128.7206,37.54177],[128.72039,37.54162],[128.72,37.54123],[128.71962,37.54081],[128.7192,37.54015],[128.71875,37.53974],[128.71787,37.53911],[128.71661,37.53847],[128.71544,37.53802],[128.71292,37.53752],[128.71162,37.53739],[128.71099,37.53738],[128.71034,37.53739],[128.70978,37.5375],[128.70871,37.53744],[128.70754,37.53735],[128.70689,37.53721],[128.70586,37.53678],[128.70506,37.53583],[128.70458,37.53539],[128.70417,37.53525],[128.70406,37.53521],[128.70336,37.5353],[128.70223,37.53558],[128.70109,37.53593],[128.69921,37.53684],[128.69877,37.53712],[128.69814,37.53757],[128.69461,37.54079],[128.69418,37.54118],[128.69402,37.5415],[128.69381,37.54219],[128.69376,37.54235],[128.69177,37.54466],[128.69131,37.54515],[128.6905,37.54593],[128.68887,37.54706],[128.68246,37.54938],[128.67835,37.5507],[128.67761,37.5508],[128.6771,37.55089],[128.67679,37.55098],[128.67649,37.55121],[128.67619,37.55146],[128.67474,37.55471],[128.67434,37.55537],[128.674,37.55593],[128.67383,37.55883],[128.67356,37.55931],[128.67355,37.55934],[128.67312,37.55982],[128.67247,37.5602],[128.67204,37.56025],[128.67171,37.56025],[128.67107,37.56013],[128.67048,37.56001],[128.67007,37.56],[128.66981,37.56008],[128.66925,37.56035],[128.6692,37.56037],[128.66865,37.56081],[128.6685,37.56112],[128.66829,37.56163],[128.6683,37.56611],[128.6684,37.56672],[128.66849,37.56691],[128.6689,37.56701],[128.66959,37.56714],[128.67577,37.56695],[128.67754,37.56674],[128.67804,37.56678],[128.67843,37.56681],[128.67888,37.56699],[128.67912,37.56769],[128.68047,37.57219],[128.68157,37.57654],[128.68191,37.58113],[128.68399,37.58976],[128.68406,37.59022],[128.68409,37.59145],[128.68407,37.59164],[128.68405,37.59193],[128.68362,37.5929],[128.68375,37.59307],[128.68431,37.5934],[128.68515,37.59372],[128.68561,37.59381],[128.68595,37.5938],[128.68622,37.59376],[128.68658,37.59358],[128.68688,37.59344],[128.68747,37.59317],[128.68869,37.59294],[128.69256,37.59238],[128.69564,37.59236],[128.6962,37.5924],[128.69671,37.59257],[128.69712,37.59273],[128.69805,37.59319],[128.6985,37.59348],[128.69905,37.5936],[128.69957,37.5934],[128.70255,37.59159],[128.70318,37.59096],[128.7034,37.59061],[128.7049,37.58976],[128.70608,37.58933],[128.70747,37.58891],[128.70893,37.58853],[128.71196,37.58864],[128.71226,37.58887],[128.71207,37.58973],[128.71203,37.58987],[128.71192,37.59024],[128.71194,37.59063],[128.71199,37.5909],[128.7122,37.59123],[128.71243,37.59148],[128.71287,37.59182],[128.71397,37.59246],[128.71468,37.59277],[128.71584,37.59335],[128.71616,37.59367],[128.71647,37.59759],[128.71661,37.5996],[128.71703,37.60144],[128.71757,37.6037],[128.7183,37.60486],[128.71942,37.60605],[128.72032,37.60676],[128.72308,37.6087],[128.72439,37.6096],[128.7248,37.60979],[128.72563,37.60982],[128.72749,37.60973],[128.72834,37.60962],[128.7289,37.60948],[128.72983,37.60931],[128.73188,37.609],[128.73337,37.609],[128.73404,37.60903],[128.73495,37.60917],[128.73574,37.60941],[128.73593,37.60954],[128.73601,37.6096],[128.73654,37.60999],[128.7366,37.61013],[128.73729,37.61381],[128.73725,37.61431],[128.73719,37.61514],[128.73669,37.61755],[128.73627,37.6203],[128.73618,37.62205],[128.73617,37.62286],[128.73635,37.62348],[128.73603,37.62761],[128.73587,37.6286],[128.73542,37.62929],[128.73435,37.63055],[128.73255,37.63226],[128.73182,37.63289],[128.73051,37.63399],[128.73037,37.63406],[128.72942,37.63454],[128.72881,37.63547],[128.72853,37.63616],[128.72854,37.63699],[128.72854,37.63717],[128.72875,37.63795],[128.73101,37.64275],[128.7319,37.64451],[128.73309,37.646],[128.73344,37.6467],[128.73319,37.64704],[128.73255,37.64793],[128.73226,37.6489],[128.7321,37.64944],[128.73219,37.64984],[128.73221,37.64994],[128.73338,37.65397],[128.73433,37.65465],[128.73565,37.65541],[128.73727,37.6562],[128.7387,37.65673],[128.74002,37.65709],[128.74261,37.65817],[128.74324,37.65878],[128.74374,37.6596],[128.74398,37.66052],[128.74469,37.66217],[128.74618,37.66473],[128.74649,37.66523],[128.74664,37.66544],[128.74712,37.66612],[128.74762,37.6663],[128.748,37.6661],[128.74863,37.66605],[128.74965,37.66609],[128.75053,37.66614],[128.75147,37.66642],[128.75206,37.66669],[128.75234,37.66702],[128.75263,37.66767],[128.75269,37.66852],[128.75269,37.66856],[128.75312,37.6692],[128.7538,37.66951],[128.7555,37.66996],[128.75829,37.67069],[128.75898,37.67074],[128.75986,37.67049],[128.76045,37.67046],[128.76407,37.67159],[128.7646,37.67181],[128.76469,37.67201],[128.76536,37.67423],[128.76534,37.67463],[128.76533,37.67484],[128.76509,37.67512],[128.76465,37.67542],[128.76433,37.67581],[128.76427,37.67594],[128.76419,37.67614],[128.76407,37.67647],[128.76398,37.67696],[128.76384,37.67771],[128.76391,37.6801],[128.76388,37.68087],[128.76596,37.68159],[128.76867,37.68242],[128.77095,37.6827],[128.77269,37.68397],[128.77373,37.68445],[128.77558,37.6843],[128.77743,37.68415],[128.78042,37.68464],[128.78369,37.68564],[128.78875,37.6879],[128.7902,37.68864],[128.79122,37.69094],[128.79575,37.69531],[128.79771,37.69696],[128.80332,37.69679],[128.80547,37.69468],[128.8103,37.69131],[128.81245,37.6908],[128.81349,37.69055],[128.81454,37.6903],[128.81461,37.69028],[128.81402,37.68913],[128.81339,37.68763],[128.81367,37.6851],[128.81441,37.68386],[128.81791,37.69178],[128.82187,37.69469],[128.82055,37.69512],[128.81998,37.69474],[128.81951,37.69442],[128.81858,37.69438],[128.81858,37.69582],[128.81934,37.69673],[128.82098,37.6973],[128.82173,37.69697],[128.82384,37.69687],[128.82449,37.69683],[128.82476,37.69664],[128.82499,37.69648],[128.82537,37.69583],[128.82581,37.695],[128.82543,37.6943],[128.8262,37.69282],[128.82736,37.69183],[128.83273,37.69053],[128.83549,37.68895],[128.83575,37.68866],[128.83723,37.68747],[128.83871,37.68627],[128.84039,37.68577],[128.84173,37.68536],[128.84425,37.68366],[128.84705,37.68162],[128.84936,37.67858],[128.85161,37.67693],[128.853,37.67675]]]]}},{"type":"Feature","properties":{"code":"51150330","name":"구정면","parent":"51150"},"geometry":{"type":"MultiPolygon","coordinates":[[[[128.88349,37.72728],[128.88353,37.72706],[128.88518,37.72717],[128.88682,37.72762],[128.88772,37.72664],[128.88816,37.7261],[128.88881,37.72471],[128.88935,37.72406],[128.89116,37.72275],[128.89124,37.72273],[128.89175,37.72247],[128.89358,37.71919],[128.89364,37.71905],[128.89439,37.71712],[128.89469,37.71587],[128.89498,37.71517],[128.89542,37.71458],[128.89601,37.71411],[128.90053,37.71215],[128.90131,37.71186],[128.90768,37.71192],[128.90841,37.71273],[128.91019,37.71505],[128.91094,37.71611],[128.91176,37.71719],[128.91221,37.71769],[128.91227,37.71772],[128.91525,37.71823],[128.91812,37.72107],[128.91839,37.72108],[128.91931,37.72084],[128.91938,37.72081],[128.91945,37.72079],[128.92458,37.71813],[128.92571,37.7171],[128.92579,37.71704],[128.92588,37.71697],[128.92611,37.71686],[128.92631,37.71677],[128.9296,37.71582],[128.93314,37.71688],[128.93584,37.71801],[128.93685,37.71851],[128.93715,37.71846],[128.93815,37.71715],[128.93943,37.71487],[128.94141,37.71297],[128.94355,37.71149],[128.94358,37.71146],[128.94363,37.71143],[128.94421,37.71103],[128.94578,37.70983],[128.94472,37.70876],[128.94144,37.70621],[128.94097,37.70614],[128.93955,37.70575],[128.9381,37.7051],[128.93571,37.70379],[128.93519,37.70349],[128.93475,37.70316],[128.93445,37.70274],[128.93422,37.702],[128.93396,37.70111],[128.93082,37.69888],[128.92642,37.69512],[128.92483,37.69483],[128.92361,37.6947],[128.92304,37.69391],[128.92148,37.69178],[128.92112,37.69096],[128.92142,37.69011],[128.92202,37.68867],[128.92187,37.68839],[128.92018,37.68738],[128.91843,37.68568],[128.91726,37.6833],[128.91607,37.68119],[128.91494,37.67981],[128.91024,37.67792],[128.90441,37.6744],[128.90368,37.67276],[128.90355,37.67182],[128.90372,37.6715],[128.9042,37.67102],[128.90491,37.66773],[128.90399,37.6665],[128.90199,37.66477],[128.90173,37.6642],[128.90067,37.66144],[128.90109,37.66071],[128.90194,37.65973],[128.89589,37.65561],[128.89462,37.65512],[128.8939,37.65505],[128.89345,37.65516],[128.89225,37.65545],[128.89189,37.65577],[128.89127,37.65653],[128.89093,37.6567],[128.89058,37.65687],[128.88694,37.6585],[128.88451,37.65825],[128.88333,37.65842],[128.88285,37.65898],[128.88212,37.66155],[128.8821,37.66261],[128.88138,37.66355],[128.87957,37.66529],[128.87633,37.66636],[128.87445,37.66639],[128.87372,37.66681],[128.87375,37.66799],[128.87417,37.66915],[128.87304,37.67029],[128.86947,37.6729],[128.86565,37.67259],[128.86361,37.67222],[128.86342,37.67214],[128.86311,37.67202],[128.86175,37.67192],[128.85956,37.6725],[128.85927,37.67275],[128.85729,37.67468],[128.85457,37.67671],[128.8541,37.67681],[128.853,37.67675],[128.85283,37.67686],[128.85254,37.67732],[128.85244,37.67806],[128.85245,37.67857],[128.8527,37.67908],[128.85299,37.6796],[128.85336,37.68007],[128.85378,37.68044],[128.85444,37.68136],[128.85468,37.68382],[128.85512,37.69206],[128.85506,37.69238],[128.85448,37.69429],[128.85428,37.69457],[128.8541,37.69478],[128.85393,37.69507],[128.8534,37.69648],[128.85332,37.69696],[128.85297,37.7011],[128.85177,37.70503],[128.85118,37.70801],[128.85129,37.71058],[128.84823,37.71464],[128.84779,37.71497],[128.84755,37.71508],[128.84735,37.71518],[128.84314,37.71602],[128.84017,37.7166],[128.83975,37.71674],[128.83948,37.71693],[128.83896,37.71732],[128.83828,37.71812],[128.83788,37.71861],[128.83724,37.71993],[128.83724,37.72183],[128.8373,37.72253],[128.83745,37.72313],[128.83781,37.72383],[128.83873,37.72469],[128.84351,37.72861],[128.84482,37.7296],[128.84795,37.73196],[128.84848,37.73229],[128.849,37.73246],[128.84919,37.73252],[128.84952,37.73262],[128.85433,37.7338],[128.85556,37.73434],[128.85914,37.73258],[128.85923,37.73057],[128.85925,37.73042],[128.85944,37.73021],[128.8601,37.73],[128.86222,37.72943],[128.8628,37.72935],[128.86338,37.72939],[128.86675,37.72983],[128.86871,37.73017],[128.86905,37.73018],[128.87445,37.72963],[128.87462,37.72958],[128.87475,37.72952],[128.87492,37.72939],[128.87523,37.72908],[128.87699,37.72833],[128.87999,37.72759],[128.88201,37.72716],[128.88349,37.72728]]]]}},{"type":"Feature","properties":{"code":"51150340","name":"강동면","parent":"51150"},"geometry":{"type":"MultiPolygon","coordinates":[[[[129.05675,37.65955],[129.05159,37.65997],[129.04666,37.6592],[129.0463,37.65912],[129.046,37.65907],[129.04584,37.65905],[129.04565,37.65907],[129.04543,37.65918],[129.04517,37.65937],[129.04449,37.66001],[129.04433,37.66013],[129.0415,37.66189],[129.04143,37.6619],[129.03354,37.66285],[129.03326,37.66288],[129.03208,37.66292],[129.03047,37.66314],[129.03031,37.66316],[129.03005,37.66324],[129.02972,37.66338],[129.02951,37.66351],[129.02941,37.66363],[129.02891,37.66442],[129.02887,37.66446],[129.02878,37.66443],[129.02861,37.66436],[129.02814,37.66413],[129.02803,37.66408],[129.02798,37.66401],[129.02729,37.66283],[129.02573,37.65781],[129.02568,37.65752],[129.02563,37.65588],[129.02566,37.65581],[129.02576,37.65573],[129.02585,37.6557],[129.02619,37.65563],[129.02661,37.65547],[129.02671,37.65542],[129.02689,37.65522],[129.02706,37.65498],[129.02714,37.6548],[129.02793,37.65171],[129.02793,37.65163],[129.02772,37.65122],[129.02715,37.65027],[129.02671,37.64968],[129.02646,37.64938],[129.02623,37.64905],[129.02589,37.64813],[129.02579,37.64763],[129.02581,37.64746],[129.02589,37.64727],[129.02592,37.64722],[129.0262,37.64552],[129.02494,37.64325],[129.02483,37.6432],[129.0243,37.64297],[129.02419,37.64293],[129.0239,37.64294],[129.02271,37.64298],[129.02193,37.64305],[129.02102,37.64315],[129.02089,37.64318],[129.02053,37.64346],[129.02039,37.64356],[129.01919,37.64378],[129.01902,37.64381],[129.01808,37.64385],[129.01749,37.6438],[129.0171,37.64377],[129.01553,37.6436],[129.01355,37.64327],[129.01237,37.64236],[129.01208,37.64202],[129.0117,37.64161],[129.01055,37.64036],[129.01032,37.64016],[129.00942,37.63951],[129.00924,37.63939],[129.00747,37.63834],[129.00729,37.63825],[129.00676,37.63808],[129.00659,37.63805],[129.00555,37.63787],[129.00489,37.6377],[129.00318,37.63722],[129.00294,37.63712],[129.00259,37.63691],[129.00082,37.63578],[129.00069,37.63564],[129.00045,37.63528],[129.0002,37.63498],[128.99995,37.63478],[128.99967,37.63457],[128.99943,37.63446],[128.9993,37.63444],[128.99914,37.63446],[128.99814,37.6347],[128.9947,37.63574],[128.99217,37.63667],[128.99179,37.63693],[128.99156,37.63706],[128.9913,37.63715],[128.98788,37.63777],[128.98767,37.63777],[128.9873,37.63775],[128.98618,37.63767],[128.98548,37.63764],[128.98476,37.63762],[128.98409,37.63771],[128.98185,37.63846],[128.98162,37.63854],[128.98151,37.63858],[128.98145,37.63863],[128.98139,37.63871],[128.98121,37.63909],[128.98104,37.6394],[128.98092,37.63964],[128.98079,37.63985],[128.98048,37.6402],[128.97956,37.64122],[128.97942,37.64136],[128.97928,37.64147],[128.97906,37.64158],[128.97876,37.64172],[128.97856,37.64179],[128.97844,37.64182],[128.97601,37.64194],[128.97589,37.64195],[128.97576,37.64194],[128.96757,37.64093],[128.96717,37.64086],[128.96687,37.64079],[128.9666,37.64071],[128.96641,37.64061],[128.96628,37.64047],[128.9662,37.64026],[128.96613,37.63996],[128.96602,37.63966],[128.96593,37.63943],[128.96581,37.63928],[128.96571,37.63917],[128.96563,37.63913],[128.96552,37.63911],[128.96539,37.63911],[128.96525,37.63911],[128.96396,37.63924],[128.96279,37.63947],[128.96197,37.63975],[128.96164,37.63985],[128.96133,37.63994],[128.96095,37.64003],[128.95841,37.64058],[128.95827,37.64061],[128.95801,37.64057],[128.95424,37.63953],[128.95396,37.63941],[128.95373,37.63928],[128.95359,37.63913],[128.95164,37.63792],[128.94933,37.6366],[128.94915,37.63651],[128.94889,37.63641],[128.94863,37.63631],[128.94842,37.63626],[128.94825,37.63626],[128.94728,37.63637],[128.94711,37.63639],[128.947,37.63643],[128.94685,37.63649],[128.94323,37.63802],[128.94005,37.63943],[128.93992,37.63958],[128.93975,37.63973],[128.93963,37.63982],[128.93944,37.63995],[128.93927,37.64003],[128.93907,37.64011],[128.93894,37.64015],[128.93884,37.64016],[128.93858,37.64015],[128.93821,37.64009],[128.93784,37.64001],[128.93754,37.63994],[128.93723,37.63986],[128.93697,37.63977],[128.93679,37.63967],[128.93624,37.63938],[128.93614,37.63932],[128.93601,37.63923],[128.93589,37.63912],[128.93579,37.63901],[128.93572,37.63889],[128.93568,37.63879],[128.93562,37.63858],[128.93552,37.63818],[128.93472,37.63635],[128.93223,37.63248],[128.93208,37.63229],[128.93197,37.63217],[128.93179,37.63202],[128.9299,37.63061],[128.92839,37.62997],[128.92687,37.62972],[128.92556,37.62943],[128.92544,37.6294],[128.9253,37.62934],[128.92513,37.62925],[128.92271,37.62747],[128.92224,37.62682],[128.92093,37.62536],[128.9187,37.62302],[128.91673,37.62159],[128.91594,37.62128],[128.91425,37.6208],[128.91263,37.62038],[128.91052,37.62004],[128.90955,37.61984],[128.90608,37.6185],[128.90521,37.61757],[128.90452,37.61773],[128.90374,37.61814],[128.90223,37.61898],[128.90072,37.61982],[128.89936,37.62067],[128.89869,37.62181],[128.89791,37.62343],[128.89279,37.6267],[128.88881,37.62918],[128.88761,37.63033],[128.88733,37.63063],[128.88721,37.63078],[128.88759,37.63218],[128.88772,37.63244],[128.88799,37.63298],[128.88945,37.63441],[128.89176,37.63704],[128.89476,37.64211],[128.89526,37.64323],[128.89531,37.64383],[128.89487,37.6454],[128.89349,37.65443],[128.89345,37.65516],[128.8939,37.65505],[128.89462,37.65512],[128.89589,37.65561],[128.90194,37.65973],[128.90109,37.66071],[128.90067,37.66144],[128.90173,37.6642],[128.90199,37.66477],[128.90399,37.6665],[128.90491,37.66773],[128.9042,37.67102],[128.90372,37.6715],[128.90355,37.67182],[128.90368,37.67276],[128.90441,37.6744],[128.91024,37.67792],[128.91494,37.67981],[128.91607,37.68119],[128.91726,37.6833],[128.91843,37.68568],[128.92018,37.68738],[128.92187,37.68839],[128.92202,37.68867],[128.92142,37.69011],[128.92112,37.69096],[128.92148,37.69178],[128.92304,37.69391],[128.92361,37.6947],[128.92483,37.69483],[128.92642,37.69512],[128.93082,37.69888],[128.93396,37.70111],[128.93422,37.702],[128.93445,37.70274],[128.93475,37.70316],[128.93519,37.70349],[128.93571,37.70379],[128.9381,37.7051],[128.93955,37.70575],[128.94097,37.70614],[128.94144,37.70621],[128.94472,37.70876],[128.94578,37.70983],[128.94421,37.71103],[128.94363,37.71143],[128.94358,37.71146],[128.94355,37.71149],[128.94141,37.71297],[128.93943,37.71487],[128.93815,37.71715],[128.93715,37.71846],[128.93685,37.71851],[128.93849,37.72038],[128.93987,37.72195],[128.94061,37.72279],[128.94157,37.72428],[128.94318,37.72466],[128.94324,37.72467],[128.94492,37.72516],[128.94592,37.72662],[128.9474,37.72983],[128.94763,37.73067],[128.94694,37.73239],[128.94569,37.73393],[128.94565,37.73399],[128.94473,37.73506],[128.94434,37.73531],[128.94376,37.73561],[128.9434,37.73578],[128.94077,37.73622],[128.93972,37.73621],[128.93875,37.73625],[128.94078,37.73859],[128.94388,37.7381],[128.94813,37.73787],[128.94976,37.73802],[128.94993,37.74377],[128.94992,37.74443],[128.94992,37.74461],[128.94997,37.747],[128.95136,37.74844],[128.95342,37.75034],[128.95341,37.75085],[128.95341,37.7511],[128.95349,37.75199],[128.95462,37.75271],[128.95504,37.75298],[128.95743,37.75401],[128.95787,37.75414],[128.96001,37.75434],[128.9616,37.75436],[128.96212,37.75429],[128.9628,37.75451],[128.96589,37.75556],[128.96632,37.75587],[128.97088,37.75301],[128.97515,37.74979],[128.98156,37.74465],[128.98486,37.74224],[128.98692,37.74327],[128.98795,37.74319],[128.98869,37.74294],[128.98944,37.74076],[128.9896,37.73848],[128.98986,37.7373],[128.99143,37.73259],[128.99512,37.72701],[128.99634,37.72558],[128.99764,37.72468],[128.99975,37.72377],[129.00192,37.72203],[129.00469,37.71969],[129.00771,37.71683],[129.01197,37.71365],[129.01352,37.71099],[129.0135,37.71017],[129.01383,37.70859],[129.01439,37.70758],[129.0177,37.70444],[129.01979,37.70294],[129.02247,37.70096],[129.02549,37.69816],[129.02722,37.69678],[129.02832,37.69636],[129.03128,37.6942],[129.03394,37.69181],[129.03647,37.68989],[129.04037,37.68702],[129.04325,37.68596],[129.0456,37.6858],[129.04667,37.68443],[129.04678,37.68425],[129.04702,37.68384],[129.04802,37.68248],[129.04937,37.68064],[129.05036,37.67996],[129.05349,37.67782],[129.05553,37.67702],[129.05653,37.67577],[129.05814,37.6726],[129.05703,37.66987],[129.05493,37.66599],[129.05461,37.66506],[129.05556,37.66475],[129.05634,37.66345],[129.05722,37.66085],[129.05675,37.65955]]]]}},{"type":"Feature","properties":{"code":"51150350","name":"옥계면","parent":"51150"},"geometry":{"type":"MultiPolygon","coordinates":[[[[129.05675,37.65955],[129.05699,37.65918],[129.05718,37.65885],[129.05507,37.65473],[129.05275,37.6502],[129.05075,37.6476],[129.0504,37.6476],[129.05025,37.64781],[129.05023,37.64807],[129.05064,37.64818],[129.05232,37.65031],[129.0522,37.65251],[129.04918,37.65212],[129.04912,37.65208],[129.04801,37.65028],[129.04633,37.64745],[129.04426,37.64319],[129.04415,37.64254],[129.04419,37.64127],[129.04425,37.64085],[129.04431,37.64035],[129.04508,37.63784],[129.04551,37.63667],[129.04635,37.6351],[129.04703,37.63391],[129.04837,37.63183],[129.05126,37.62755],[129.05227,37.6264],[129.05364,37.62628],[129.05416,37.62628],[129.05777,37.62628],[129.06456,37.62303],[129.0646,37.62273],[129.0644,37.62257],[129.06414,37.62258],[129.06344,37.62285],[129.0633,37.62304],[129.05797,37.62561],[129.05734,37.6258],[129.05427,37.62581],[129.05404,37.62566],[129.05403,37.62447],[129.0543,37.62144],[129.05889,37.62056],[129.05952,37.62044],[129.06017,37.61997],[129.0631,37.61495],[129.06628,37.61178],[129.06762,37.61058],[129.06896,37.60941],[129.06963,37.60898],[129.07304,37.60607],[129.07084,37.60434],[129.07066,37.60424],[129.07045,37.60419],[129.07031,37.60418],[129.06985,37.60415],[129.06947,37.60413],[129.06932,37.60408],[129.06418,37.60184],[129.06389,37.60168],[129.06371,37.60153],[129.06203,37.59999],[129.06136,37.59894],[129.06105,37.59801],[129.06103,37.5979],[129.06091,37.59781],[129.05947,37.59743],[129.05764,37.59722],[129.0571,37.59719],[129.05672,37.5972],[129.05629,37.59725],[129.05588,37.59736],[129.05556,37.59745],[129.05535,37.59748],[129.05521,37.59745],[129.05459,37.595],[129.05458,37.59489],[129.05472,37.59474],[129.05569,37.59375],[129.05586,37.59372],[129.0561,37.59372],[129.05634,37.59371],[129.05671,37.59365],[129.05702,37.59353],[129.05724,37.59334],[129.05798,37.59248],[129.05948,37.59043],[129.05965,37.59016],[129.05971,37.58989],[129.05971,37.58966],[129.05959,37.58866],[129.05958,37.58863],[129.05957,37.58859],[129.05948,37.58855],[129.05932,37.5885],[129.05919,37.58847],[129.05899,37.58836],[129.05879,37.58824],[129.05838,37.58788],[129.05795,37.58742],[129.05746,37.58676],[129.05694,37.58544],[129.05671,37.58414],[129.05664,37.58352],[129.05476,37.58087],[129.05447,37.58059],[129.05194,37.57799],[129.0518,37.57781],[129.05085,37.57654],[129.05072,37.57629],[129.0507,37.57598],[129.05075,37.57583],[129.0509,37.57554],[129.05127,37.57341],[129.0506,37.56726],[129.05059,37.56719],[129.05056,37.567],[129.05042,37.56664],[129.05014,37.56605],[129.04981,37.56558],[129.04939,37.56526],[129.04905,37.56499],[129.04885,37.56481],[129.04865,37.56463],[129.04854,37.56443],[129.04851,37.56427],[129.04793,37.55822],[129.04797,37.55806],[129.04948,37.55427],[129.04759,37.54949],[129.04749,37.54881],[129.04748,37.54857],[129.04751,37.54826],[129.0476,37.54806],[129.04766,37.548],[129.04771,37.54795],[129.04779,37.54781],[129.04784,37.54759],[129.0478,37.54741],[129.04773,37.54728],[129.04771,37.54726],[129.04722,37.54677],[129.04676,37.5464],[129.04591,37.54593],[129.04509,37.54602],[129.04051,37.54692],[129.03934,37.54839],[129.03691,37.54849],[129.03153,37.5474],[129.03128,37.54734],[129.02696,37.54607],[129.02613,37.54575],[129.0259,37.54562],[129.02579,37.54548],[129.0255,37.54509],[129.02543,37.54498],[129.02535,37.54481],[129.02533,37.54461],[129.02531,37.54437],[129.02528,37.54422],[129.0252,37.54405],[129.02437,37.54287],[129.0225,37.54039],[129.02171,37.53979],[129.02136,37.53953],[129.02119,37.53942],[129.02009,37.53878],[129.01978,37.53864],[129.01886,37.5383],[129.01872,37.53827],[129.01827,37.53829],[129.01822,37.53831],[129.01816,37.53832],[129.0181,37.53837],[129.01625,37.53968],[129.01341,37.54072],[129.01334,37.54074],[129.01327,37.54076],[129.00825,37.54146],[129.00453,37.54185],[129.00006,37.54281],[128.99998,37.54285],[128.99872,37.54286],[128.99864,37.54285],[128.9985,37.54282],[128.99607,37.54192],[128.99528,37.54154],[128.99128,37.53911],[128.99085,37.53878],[128.98896,37.53651],[128.98818,37.53542],[128.98769,37.53456],[128.98735,37.53415],[128.98715,37.53404],[128.98142,37.53321],[128.98055,37.53314],[128.98019,37.53318],[128.97983,37.53326],[128.97917,37.53361],[128.97863,37.53382],[128.9781,37.53403],[128.97679,37.53433],[128.97646,37.53435],[128.97621,37.53437],[128.97591,37.53435],[128.97554,37.53434],[128.97314,37.53397],[128.9727,37.53382],[128.97259,37.53409],[128.97197,37.53562],[128.96786,37.53891],[128.96227,37.54338],[128.9619,37.54488],[128.96194,37.54556],[128.96285,37.54698],[128.96057,37.54901],[128.9589,37.54866],[128.95887,37.54815],[128.95885,37.54785],[128.95937,37.54715],[128.95909,37.54595],[128.95658,37.54305],[128.9545,37.54127],[128.95078,37.54057],[128.95064,37.54058],[128.95023,37.5406],[128.94911,37.54119],[128.94723,37.54177],[128.94496,37.54138],[128.94329,37.54056],[128.94259,37.53971],[128.94264,37.53788],[128.9416,37.53726],[128.94055,37.53709],[128.93905,37.53729],[128.93427,37.53814],[128.93259,37.5388],[128.9315,37.53943],[128.92602,37.54458],[128.92539,37.54552],[128.92512,37.54619],[128.92435,37.54693],[128.92173,37.54763],[128.91941,37.54794],[128.91581,37.54816],[128.91479,37.54906],[128.91404,37.55039],[128.91425,37.55126],[128.91383,37.55222],[128.91244,37.55296],[128.91111,37.55313],[128.90614,37.55257],[128.90566,37.55251],[128.90459,37.55571],[128.90524,37.55776],[128.90535,37.5616],[128.90479,37.56249],[128.90425,37.56439],[128.90437,37.56607],[128.90536,37.56727],[128.90466,37.56992],[128.90353,37.57161],[128.90092,37.57361],[128.89992,37.57521],[128.89897,37.57682],[128.89873,37.57776],[128.89931,37.57917],[128.89957,37.58096],[128.89835,37.58419],[128.89645,37.58674],[128.89419,37.58798],[128.89185,37.58882],[128.89073,37.58823],[128.8898,37.58867],[128.88748,37.59222],[128.88518,37.5927],[128.88482,37.59321],[128.88457,37.59423],[128.88501,37.59816],[128.88657,37.60104],[128.8922,37.60849],[128.89335,37.60904],[128.89439,37.60954],[128.89545,37.61124],[128.89646,37.61285],[128.89686,37.61348],[128.90269,37.61603],[128.90521,37.61757],[128.90608,37.6185],[128.90955,37.61984],[128.91052,37.62004],[128.91263,37.62038],[128.91425,37.6208],[128.91594,37.62128],[128.91673,37.62159],[128.9187,37.62302],[128.92093,37.62536],[128.92224,37.62682],[128.92271,37.62747],[128.92513,37.62925],[128.9253,37.62934],[128.92544,37.6294],[128.92556,37.62943],[128.92687,37.62972],[128.92839,37.62997],[128.9299,37.63061],[128.93179,37.63202],[128.93197,37.63217],[128.93208,37.63229],[128.93223,37.63248],[128.93472,37.63635],[128.93552,37.63818],[128.93562,37.63858],[128.93568,37.63879],[128.93572,37.63889],[128.93579,37.63901],[128.93589,37.63912],[128.93601,37.63923],[128.93614,37.63932],[128.93624,37.63938],[128.93679,37.63967],[128.93697,37.63977],[128.93723,37.63986],[128.93754,37.63994],[128.93784,37.64001],[128.93821,37.64009],[128.93858,37.64015],[128.93884,37.64016],[128.93894,37.64015],[128.93907,37.64011],[128.93927,37.64003],[128.93944,37.63995],[128.93963,37.63982],[128.93975,37.63973],[128.93992,37.63958],[128.94005,37.63943],[128.94323,37.63802],[128.94685,37.63649],[128.947,37.63643],[128.94711,37.63639],[128.94728,37.63637],[128.94825,37.63626],[128.94842,37.63626],[128.94863,37.63631],[128.94889,37.63641],[128.94915,37.63651],[128.94933,37.6366],[128.95164,37.63792],[128.95359,37.63913],[128.95373,37.63928],[128.95396,37.63941],[128.95424,37.63953],[128.95801,37.64057],[128.95827,37.64061],[128.95841,37.64058],[128.96095,37.64003],[128.96133,37.63994],[128.96164,37.63985],[128.96197,37.63975],[128.96279,37.63947],[128.96396,37.63924],[128.96525,37.63911],[128.96539,37.63911],[128.96552,37.63911],[128.96563,37.63913],[128.96571,37.63917],[128.96581,37.63928],[128.96593,37.63943],[128.96602,37.63966],[128.96613,37.63996],[128.9662,37.64026],[128.96628,37.64047],[128.96641,37.64061],[128.9666,37.64071],[128.96687,37.64079],[128.96717,37.64086],[128.96757,37.64093],[128.97576,37.64194],[128.97589,37.64195],[128.97601,37.64194],[128.97844,37.64182],[128.97856,37.64179],[128.97876,37.64172],[128.97906,37.64158],[128.97928,37.64147],[128.97942,37.64136],[128.97956,37.64122],[128.98048,37.6402],[128.98079,37.63985],[128.98092,37.63964],[128.98104,37.6394],[128.98121,37.63909],[128.98139,37.63871],[128.98145,37.63863],[128.98151,37.63858],[128.98162,37.63854],[128.98185,37.63846],[128.98409,37.63771],[128.98476,37.63762],[128.98548,37.63764],[128.98618,37.63767],[128.9873,37.63775],[128.98767,37.63777],[128.98788,37.63777],[128.9913,37.63715],[128.99156,37.63706],[128.99179,37.63693],[128.99217,37.63667],[128.9947,37.63574],[128.99814,37.6347],[128.99914,37.63446],[128.9993,37.63444],[128.99943,37.63446],[128.99967,37.63457],[128.99995,37.63478],[129.0002,37.63498],[129.00045,37.63528],[129.00069,37.63564],[129.00082,37.63578],[129.00259,37.63691],[129.00294,37.63712],[129.00318,37.63722],[129.00489,37.6377],[129.00555,37.63787],[129.00659,37.63805],[129.00676,37.63808],[129.00729,37.63825],[129.00747,37.63834],[129.00924,37.63939],[129.00942,37.63951],[129.01032,37.64016],[129.01055,37.64036],[129.0117,37.64161],[129.01208,37.64202],[129.01237,37.64236],[129.01355,37.64327],[129.01553,37.6436],[129.0171,37.64377],[129.01749,37.6438],[129.01808,37.64385],[129.01902,37.64381],[129.01919,37.64378],[129.02039,37.64356],[129.02053,37.64346],[129.02089,37.64318],[129.02102,37.64315],[129.02193,37.64305],[129.02271,37.64298],[129.0239,37.64294],[129.02419,37.64293],[129.0243,37.64297],[129.02483,37.6432],[129.02494,37.64325],[129.0262,37.64552],[129.02592,37.64722],[129.02589,37.64727],[129.02581,37.64746],[129.02579,37.64763],[129.02589,37.64813],[129.02623,37.64905],[129.02646,37.64938],[129.02671,37.64968],[129.02715,37.65027],[129.02772,37.65122],[129.02793,37.65163],[129.02793,37.65171],[129.02714,37.6548],[129.02706,37.65498],[129.02689,37.65522],[129.02671,37.65542],[129.02661,37.65547],[129.02619,37.65563],[129.02585,37.6557],[129.02576,37.65573],[129.02566,37.65581],[129.02563,37.65588],[129.02568,37.65752],[129.02573,37.65781],[129.02729,37.66283],[129.02798,37.66401],[129.02803,37.66408],[129.02814,37.66413],[129.02861,37.66436],[129.02878,37.66443],[129.02887,37.66446],[129.02891,37.66442],[129.02941,37.66363],[129.02951,37.66351],[129.02972,37.66338],[129.03005,37.66324],[129.03031,37.66316],[129.03047,37.66314],[129.03208,37.66292],[129.03326,37.66288],[129.03354,37.66285],[129.04143,37.6619],[129.0415,37.66189],[129.04433,37.66013],[129.04449,37.66001],[129.04517,37.65937],[129.04543,37.65918],[129.04565,37.65907],[129.04584,37.65905],[129.046,37.65907],[129.0463,37.65912],[129.04666,37.6592],[129.05159,37.65997],[129.05675,37.65955]]]]}},{"type":"Feature","properties":{"code":"51150360","name":"사천면","parent":"51150"},"geometry":{"type":"MultiPolygon","coordinates":[[[[128.89152,37.81933],[128.88871,37.81698],[128.88705,37.81309],[128.88658,37.81249],[128.88562,37.81262],[128.8833,37.81261],[128.87837,37.81244],[128.87802,37.81236],[128.87774,37.81226],[128.87755,37.81219],[128.87749,37.81216],[128.87744,37.81213],[128.87735,37.81203],[128.87734,37.81196],[128.87737,37.81186],[128.87805,37.81057],[128.87406,37.80429],[128.87159,37.80392],[128.87109,37.80395],[128.86952,37.80473],[128.8675,37.80584],[128.86712,37.80603],[128.86706,37.80603],[128.86699,37.80603],[128.86681,37.80598],[128.86659,37.8059],[128.86559,37.80551],[128.86345,37.80439],[128.86267,37.80376],[128.86011,37.80495],[128.86,37.80536],[128.85972,37.80631],[128.85827,37.8066],[128.85742,37.80642],[128.85605,37.80577],[128.85572,37.8056],[128.85571,37.80521],[128.8544,37.80396],[128.85103,37.80197],[128.84797,37.80113],[128.84674,37.80093],[128.84598,37.80085],[128.84585,37.80087],[128.84566,37.80087],[128.84546,37.80087],[128.84528,37.80081],[128.84512,37.80076],[128.84439,37.80018],[128.84384,37.7995],[128.84305,37.79798],[128.84321,37.79676],[128.84289,37.79584],[128.84214,37.79527],[128.84138,37.79476],[128.8406,37.79436],[128.83992,37.7918],[128.84027,37.79029],[128.83966,37.7878],[128.83878,37.78742],[128.83821,37.78778],[128.83793,37.78793],[128.83704,37.78821],[128.83687,37.78821],[128.83487,37.78801],[128.83456,37.78789],[128.8335,37.78748],[128.83331,37.78748],[128.83301,37.78753],[128.83174,37.78772],[128.82953,37.78807],[128.82918,37.78837],[128.82902,37.78844],[128.82892,37.78845],[128.82857,37.78843],[128.82702,37.78822],[128.82639,37.78794],[128.82521,37.78733],[128.82502,37.78723],[128.82487,37.78705],[128.82482,37.78681],[128.82487,37.78637],[128.82491,37.78622],[128.82486,37.78613],[128.82239,37.78459],[128.82046,37.7842],[128.82016,37.78418],[128.81983,37.78409],[128.81968,37.78396],[128.81955,37.78377],[128.81839,37.78156],[128.81822,37.78066],[128.81823,37.78052],[128.81846,37.78019],[128.81855,37.78004],[128.81881,37.77911],[128.81724,37.7748],[128.81651,37.77325],[128.81594,37.77213],[128.81503,37.77081],[128.81406,37.76671],[128.81527,37.76536],[128.8159,37.76492],[128.81588,37.76482],[128.81583,37.76462],[128.81499,37.76283],[128.81425,37.75987],[128.81441,37.75815],[128.81363,37.75809],[128.81067,37.75838],[128.80916,37.75899],[128.80889,37.75913],[128.8074,37.76011],[128.80587,37.7623],[128.80472,37.76389],[128.80273,37.76631],[128.80162,37.76625],[128.80088,37.76587],[128.80059,37.76566],[128.80019,37.7651],[128.79903,37.76423],[128.79878,37.76415],[128.79749,37.76409],[128.79733,37.76418],[128.7946,37.76592],[128.79427,37.76642],[128.79425,37.76651],[128.79425,37.76707],[128.79178,37.76985],[128.791,37.7702],[128.79023,37.77035],[128.78966,37.77045],[128.7889,37.77042],[128.78834,37.77031],[128.78701,37.76952],[128.78682,37.76937],[128.78644,37.76888],[128.78635,37.76828],[128.78583,37.76797],[128.78515,37.76781],[128.78225,37.76741],[128.78171,37.76766],[128.78159,37.76825],[128.78133,37.76874],[128.78115,37.76894],[128.77949,37.76924],[128.77919,37.76923],[128.77655,37.76914],[128.77524,37.76847],[128.77396,37.76801],[128.77131,37.76817],[128.76928,37.76858],[128.7681,37.76882],[128.76751,37.76866],[128.76568,37.7676],[128.76453,37.76687],[128.76278,37.76537],[128.76039,37.76114],[128.76003,37.75994],[128.76038,37.75943],[128.7608,37.7591],[128.76104,37.75661],[128.76098,37.75554],[128.76095,37.75508],[128.75939,37.75298],[128.75868,37.75269],[128.75708,37.75172],[128.75653,37.75106],[128.75531,37.74935],[128.75166,37.74513],[128.75,37.74325],[128.74952,37.74289],[128.74756,37.74237],[128.74384,37.74148],[128.74216,37.7416],[128.73886,37.74168],[128.73511,37.74461],[128.73449,37.7451],[128.73372,37.74571],[128.73231,37.74693],[128.7315,37.74725],[128.73109,37.74726],[128.72797,37.7479],[128.72545,37.74864],[128.72502,37.74885],[128.72454,37.74908],[128.72364,37.7498],[128.7234,37.75009],[128.72281,37.75126],[128.72218,37.75438],[128.71881,37.75593],[128.71601,37.75883],[128.71331,37.76213],[128.71429,37.76276],[128.71766,37.76505],[128.71999,37.7667],[128.72453,37.77097],[128.72447,37.77104],[128.72442,37.7711],[128.72441,37.77114],[128.72441,37.77119],[128.72443,37.77128],[128.72444,37.77133],[128.72449,37.77144],[128.72463,37.77176],[128.72466,37.77182],[128.7247,37.77191],[128.72474,37.77196],[128.72609,37.77339],[128.72615,37.77345],[128.72766,37.77463],[128.72817,37.77502],[128.72851,37.77525],[128.72875,37.77541],[128.72888,37.77548],[128.72906,37.77555],[128.72924,37.77563],[128.72949,37.77574],[128.72986,37.7759],[128.72997,37.77596],[128.73016,37.77606],[128.73035,37.77617],[128.73045,37.77623],[128.73055,37.7763],[128.7308,37.77646],[128.73094,37.77657],[128.73103,37.77663],[128.73116,37.77673],[128.73126,37.77682],[128.73145,37.77699],[128.73162,37.77714],[128.73174,37.77727],[128.73187,37.77741],[128.73211,37.77772],[128.73234,37.77805],[128.73261,37.77841],[128.73276,37.77862],[128.73279,37.77868],[128.73281,37.77873],[128.73286,37.77886],[128.73288,37.77892],[128.73289,37.77896],[128.73345,37.77984],[128.73421,37.78101],[128.73425,37.78107],[128.73432,37.78115],[128.73438,37.78119],[128.73446,37.78126],[128.73458,37.78134],[128.73477,37.78144],[128.7351,37.78163],[128.73518,37.78168],[128.73522,37.78169],[128.73526,37.78171],[128.73537,37.78175],[128.73547,37.78178],[128.7357,37.78182],[128.73576,37.78183],[128.73582,37.78185],[128.73598,37.78187],[128.73613,37.78188],[128.73748,37.78204],[128.73872,37.78219],[128.73879,37.7822],[128.73885,37.78222],[128.73961,37.78236],[128.7399,37.78242],[128.74021,37.78251],[128.74041,37.78256],[128.7405,37.7826],[128.74059,37.78264],[128.74062,37.78266],[128.74066,37.78268],[128.74341,37.78411],[128.74513,37.78538],[128.7481,37.78653],[128.75243,37.78799],[128.75248,37.788],[128.75489,37.78853],[128.75507,37.78856],[128.75515,37.78857],[128.75523,37.78857],[128.75532,37.78857],[128.75629,37.78851],[128.76126,37.79019],[128.7628,37.79103],[128.76294,37.79109],[128.76308,37.79112],[128.76323,37.79115],[128.76396,37.79128],[128.76454,37.79138],[128.76469,37.7914],[128.76503,37.79144],[128.7651,37.79144],[128.76518,37.79144],[128.7653,37.79141],[128.76543,37.79139],[128.76665,37.79168],[128.76865,37.79296],[128.77124,37.79472],[128.77212,37.7953],[128.77639,37.7975],[128.7847,37.80093],[128.78512,37.80326],[128.78651,37.80938],[128.78655,37.80951],[128.78897,37.81442],[128.78907,37.8146],[128.78912,37.81469],[128.78927,37.81485],[128.78944,37.81501],[128.7897,37.81525],[128.79023,37.81573],[128.79079,37.81616],[128.79153,37.81681],[128.79163,37.8169],[128.79167,37.81696],[128.79169,37.817],[128.79171,37.81707],[128.79193,37.8195],[128.79193,37.81965],[128.79192,37.81979],[128.7919,37.81992],[128.79187,37.81998],[128.79139,37.82078],[128.78984,37.82236],[128.79074,37.82512],[128.79078,37.82512],[128.79082,37.82512],[128.79088,37.82513],[128.79099,37.82518],[128.79152,37.82545],[128.79215,37.82582],[128.79219,37.82585],[128.79371,37.82712],[128.79373,37.82714],[128.79377,37.82717],[128.7938,37.82721],[128.79382,37.82728],[128.79388,37.8283],[128.79388,37.82848],[128.79384,37.82874],[128.79373,37.82903],[128.79364,37.82928],[128.79359,37.8296],[128.79356,37.82998],[128.79355,37.83015],[128.7936,37.83029],[128.79363,37.83035],[128.79593,37.83285],[128.79596,37.83289],[128.79599,37.83292],[128.79604,37.83292],[128.79609,37.83292],[128.79624,37.83289],[128.79628,37.83288],[128.79631,37.83287],[128.79636,37.83284],[128.79641,37.83281],[128.79659,37.8327],[128.79709,37.83235],[128.79804,37.83163],[128.79868,37.83112],[128.79882,37.831],[128.79888,37.83094],[128.79893,37.83088],[128.79905,37.83074],[128.79916,37.83065],[128.7993,37.83057],[128.7994,37.83054],[128.79947,37.83052],[128.79958,37.83051],[128.79981,37.83051],[128.80021,37.8305],[128.80029,37.83052],[128.80053,37.83063],[128.80057,37.83065],[128.80062,37.83068],[128.80074,37.83076],[128.80131,37.83271],[128.80162,37.8342],[128.80161,37.83437],[128.80158,37.83465],[128.80221,37.83572],[128.80433,37.83755],[128.81026,37.84174],[128.81035,37.84178],[128.81053,37.84185],[128.8107,37.84192],[128.81114,37.84203],[128.8121,37.84227],[128.81805,37.84348],[128.82048,37.84381],[128.82459,37.8436],[128.82466,37.84359],[128.82852,37.84318],[128.82855,37.84316],[128.82857,37.84315],[128.82879,37.84293],[128.82899,37.84268],[128.82911,37.84257],[128.82954,37.84227],[128.82964,37.8422],[128.82972,37.84219],[128.83388,37.84232],[128.83393,37.84233],[128.83492,37.84275],[128.83502,37.8428],[128.83511,37.84287],[128.83573,37.84347],[128.83584,37.84367],[128.83605,37.84392],[128.8361,37.84396],[128.83617,37.84402],[128.83621,37.84405],[128.83625,37.84408],[128.83696,37.84435],[128.83915,37.84495],[128.83995,37.84496],[128.84222,37.84493],[128.84446,37.84507],[128.84546,37.84535],[128.84557,37.84539],[128.84572,37.84546],[128.85126,37.848],[128.85151,37.84812],[128.85161,37.84818],[128.85171,37.84826],[128.85181,37.84836],[128.85187,37.84842],[128.85191,37.84853],[128.85316,37.84972],[128.85439,37.85032],[128.8583,37.85133],[128.85964,37.85165],[128.86105,37.85285],[128.86264,37.85263],[128.86386,37.8515],[128.86714,37.84862],[128.86827,37.84791],[128.86984,37.84678],[128.87212,37.84505],[128.87577,37.84146],[128.87794,37.8374],[128.87854,37.83617],[128.87709,37.83727],[128.876,37.83731],[128.87582,37.835],[128.87703,37.83279],[128.87834,37.83087],[128.87928,37.82966],[128.88049,37.82852],[128.88383,37.82556],[128.88605,37.82368],[128.89019,37.82033],[128.89152,37.81933]]]]}},{"type":"Feature","properties":{"code":"51150370","name":"연곡면","parent":"51150"},"geometry":{"type":"MultiPolygon","coordinates":[[[[128.66686,37.88578],[128.6667,37.88388],[128.66315,37.87515],[128.66189,37.87293],[128.66263,37.86861],[128.66271,37.86837],[128.66277,37.86824],[128.66284,37.86811],[128.6634,37.86737],[128.66343,37.86734],[128.66356,37.8673],[128.66374,37.86728],[128.66536,37.86725],[128.66547,37.86726],[128.66606,37.86743],[128.66876,37.86821],[128.6689,37.86828],[128.66902,37.86835],[128.66917,37.86845],[128.66928,37.86854],[128.66966,37.869],[128.6699,37.86939],[128.67023,37.86989],[128.67083,37.87078],[128.67089,37.87084],[128.67095,37.87088],[128.67816,37.87246],[128.67826,37.87246],[128.67912,37.87244],[128.68074,37.87238],[128.68089,37.87234],[128.68119,37.87227],[128.6813,37.87222],[128.68403,37.87179],[128.68784,37.87155],[128.69054,37.87145],[128.69063,37.87145],[128.69075,37.87144],[128.69088,37.87141],[128.69277,37.87093],[128.69331,37.87077],[128.69349,37.8707],[128.69377,37.87057],[128.69402,37.87045],[128.69423,37.87034],[128.69435,37.87028],[128.69442,37.87026],[128.69452,37.87024],[128.69462,37.87024],[128.69474,37.87025],[128.69614,37.8704],[128.69622,37.87042],[128.6977,37.8709],[128.69774,37.87092],[128.69778,37.87093],[128.6995,37.87175],[128.69962,37.87181],[128.69985,37.87195],[128.70009,37.87219],[128.70021,37.87238],[128.7003,37.87256],[128.70039,37.87284],[128.70046,37.87293],[128.70908,37.87476],[128.70912,37.87477],[128.71126,37.87377],[128.7114,37.87366],[128.7115,37.87356],[128.71156,37.87343],[128.71162,37.87325],[128.7117,37.873],[128.71182,37.87279],[128.712,37.87256],[128.71231,37.87224],[128.71261,37.87198],[128.71271,37.87188],[128.71286,37.87177],[128.71387,37.87104],[128.71392,37.87101],[128.71461,37.87092],[128.71861,37.87071],[128.71883,37.87071],[128.71914,37.87073],[128.71946,37.87079],[128.72129,37.87146],[128.72145,37.87153],[128.72159,37.87162],[128.72172,37.87172],[128.72183,37.87182],[128.72192,37.87187],[128.72208,37.87192],[128.72243,37.87194],[128.72263,37.87193],[128.72278,37.87192],[128.72539,37.87135],[128.7256,37.87129],[128.72579,37.87122],[128.72607,37.87109],[128.72623,37.871],[128.72634,37.87093],[128.72718,37.87016],[128.72726,37.87006],[128.72732,37.86996],[128.72746,37.86968],[128.72751,37.86958],[128.72761,37.86943],[128.72778,37.86919],[128.72795,37.86894],[128.72802,37.86887],[128.72811,37.8688],[128.73089,37.86712],[128.73102,37.86704],[128.73121,37.86694],[128.73136,37.86689],[128.73139,37.86688],[128.73151,37.86684],[128.73163,37.86683],[128.73173,37.86683],[128.73553,37.86745],[128.73827,37.86856],[128.73848,37.86871],[128.73877,37.86883],[128.73911,37.86892],[128.7394,37.86897],[128.74114,37.86907],[128.74228,37.86866],[128.74279,37.86825],[128.74295,37.86814],[128.74316,37.86803],[128.74343,37.86796],[128.74387,37.86788],[128.74421,37.86783],[128.7446,37.86782],[128.74493,37.86785],[128.7453,37.86792],[128.74543,37.86798],[128.74569,37.86813],[128.74595,37.8683],[128.74733,37.86888],[128.74953,37.86932],[128.74959,37.86933],[128.74963,37.86934],[128.7497,37.86933],[128.74981,37.86931],[128.75015,37.8692],[128.75038,37.86911],[128.7506,37.86903],[128.75066,37.869],[128.75071,37.86897],[128.75073,37.86894],[128.75076,37.86891],[128.75079,37.86884],[128.75081,37.86875],[128.75085,37.86852],[128.75088,37.86842],[128.75096,37.86817],[128.75099,37.86809],[128.75101,37.86807],[128.75105,37.86802],[128.75112,37.86797],[128.75124,37.86789],[128.75136,37.86782],[128.7515,37.86775],[128.75156,37.86772],[128.75164,37.86769],[128.75169,37.86768],[128.75511,37.86699],[128.75693,37.86691],[128.76026,37.86728],[128.76031,37.86729],[128.76057,37.86739],[128.7608,37.86748],[128.76095,37.86755],[128.76101,37.86758],[128.76104,37.86761],[128.76111,37.86768],[128.76126,37.86786],[128.76137,37.86799],[128.76148,37.86811],[128.76156,37.86817],[128.76165,37.86822],[128.76173,37.86827],[128.76391,37.86918],[128.76397,37.8692],[128.76516,37.86937],[128.76523,37.86937],[128.76528,37.86936],[128.76548,37.86926],[128.76552,37.86923],[128.76555,37.86919],[128.7658,37.86824],[128.76581,37.86821],[128.76581,37.86817],[128.76581,37.86808],[128.76579,37.86799],[128.76575,37.86782],[128.76638,37.86694],[128.76867,37.86567],[128.77003,37.86494],[128.77028,37.86481],[128.77047,37.86473],[128.77065,37.86466],[128.77082,37.86459],[128.7709,37.86457],[128.77098,37.86455],[128.77107,37.86454],[128.77129,37.86453],[128.77141,37.86454],[128.77151,37.86455],[128.77289,37.86456],[128.77457,37.86434],[128.77469,37.8643],[128.77479,37.86425],[128.77509,37.86401],[128.77524,37.86387],[128.77537,37.86375],[128.77547,37.86364],[128.77628,37.86265],[128.77695,37.86178],[128.78106,37.85848],[128.78117,37.85841],[128.78172,37.85828],[128.78185,37.85825],[128.78279,37.85823],[128.78762,37.8584],[128.78769,37.85841],[128.78787,37.85851],[128.78799,37.8586],[128.78808,37.85868],[128.78983,37.86055],[128.79146,37.86144],[128.79619,37.86243],[128.79628,37.86244],[128.79746,37.86274],[128.79951,37.86355],[128.79967,37.86378],[128.79982,37.86395],[128.79997,37.86407],[128.8001,37.86418],[128.80021,37.86425],[128.80029,37.8643],[128.80065,37.86446],[128.80083,37.86454],[128.80099,37.8646],[128.80113,37.86464],[128.80133,37.86468],[128.80199,37.86479],[128.80213,37.86481],[128.80224,37.86482],[128.80251,37.86484],[128.80266,37.86483],[128.80277,37.86481],[128.80284,37.86477],[128.80311,37.86459],[128.80352,37.8643],[128.80392,37.86402],[128.80407,37.86392],[128.80414,37.86389],[128.8042,37.86388],[128.80436,37.86389],[128.80454,37.8639],[128.80475,37.86393],[128.80503,37.864],[128.80536,37.86407],[128.80561,37.86416],[128.8061,37.86437],[128.80633,37.86448],[128.80637,37.86451],[128.80795,37.86521],[128.81184,37.86643],[128.81211,37.86652],[128.81234,37.86658],[128.81295,37.86671],[128.81317,37.86675],[128.81337,37.86678],[128.81364,37.8668],[128.8138,37.86679],[128.81395,37.86675],[128.81408,37.8667],[128.81417,37.86663],[128.81428,37.86651],[128.81564,37.86481],[128.81568,37.86476],[128.81569,37.86473],[128.81574,37.86385],[128.81574,37.86376],[128.8157,37.86364],[128.81569,37.86311],[128.81581,37.86233],[128.81582,37.86227],[128.81585,37.86221],[128.81592,37.86216],[128.81599,37.86214],[128.81609,37.86214],[128.81621,37.86215],[128.81911,37.86285],[128.81917,37.86289],[128.81922,37.86294],[128.81928,37.86305],[128.81982,37.86421],[128.81984,37.86429],[128.82396,37.86437],[128.82403,37.86434],[128.82409,37.86432],[128.8242,37.86431],[128.82431,37.86431],[128.82443,37.86432],[128.8262,37.86443],[128.8263,37.86445],[128.8264,37.86448],[128.82655,37.86453],[128.82676,37.86464],[128.8269,37.86471],[128.82702,37.86478],[128.82726,37.86495],[128.82777,37.86531],[128.82784,37.86536],[128.82798,37.86549],[128.82805,37.86557],[128.82814,37.86571],[128.82872,37.86664],[128.83199,37.86935],[128.8346,37.87114],[128.83355,37.87202],[128.8335,37.87206],[128.83277,37.87263],[128.832,37.87327],[128.83042,37.87461],[128.83013,37.87491],[128.83016,37.87496],[128.83177,37.87534],[128.83402,37.87541],[128.83651,37.87618],[128.83661,37.87626],[128.8371,37.87663],[128.83726,37.87675],[128.83721,37.87653],[128.83934,37.87455],[128.84238,37.87175],[128.84256,37.87159],[128.84311,37.87112],[128.84333,37.87095],[128.84353,37.87081],[128.84363,37.87074],[128.84487,37.87045],[128.84615,37.8702],[128.84674,37.87011],[128.8473,37.86999],[128.84761,37.86983],[128.84791,37.86952],[128.84852,37.86824],[128.84841,37.86649],[128.84838,37.86638],[128.84823,37.866],[128.84816,37.86584],[128.8481,37.86575],[128.84804,37.86564],[128.84802,37.86552],[128.84802,37.86538],[128.84805,37.86527],[128.84818,37.86497],[128.84831,37.86476],[128.84871,37.86424],[128.84878,37.86417],[128.85109,37.86209],[128.85652,37.85756],[128.85827,37.85617],[128.86049,37.85447],[128.8606,37.85441],[128.86092,37.85421],[128.86096,37.85418],[128.86099,37.85415],[128.86144,37.8533],[128.86105,37.85285],[128.85964,37.85165],[128.8583,37.85133],[128.85439,37.85032],[128.85316,37.84972],[128.85191,37.84853],[128.85187,37.84842],[128.85181,37.84836],[128.85171,37.84826],[128.85161,37.84818],[128.85151,37.84812],[128.85126,37.848],[128.84572,37.84546],[128.84557,37.84539],[128.84546,37.84535],[128.84446,37.84507],[128.84222,37.84493],[128.83995,37.84496],[128.83915,37.84495],[128.83696,37.84435],[128.83625,37.84408],[128.83621,37.84405],[128.83617,37.84402],[128.8361,37.84396],[128.83605,37.84392],[128.83584,37.84367],[128.83573,37.84347],[128.83511,37.84287],[128.83502,37.8428],[128.83492,37.84275],[128.83393,37.84233],[128.83388,37.84232],[128.82972,37.84219],[128.82964,37.8422],[128.82954,37.84227],[128.82911,37.84257],[128.82899,37.84268],[128.82879,37.84293],[128.82857,37.84315],[128.82855,37.84316],[128.82852,37.84318],[128.82466,37.84359],[128.82459,37.8436],[128.82048,37.84381],[128.81805,37.84348],[128.8121,37.84227],[128.81114,37.84203],[128.8107,37.84192],[128.81053,37.84185],[128.81035,37.84178],[128.81026,37.84174],[128.80433,37.83755],[128.80221,37.83572],[128.80158,37.83465],[128.80161,37.83437],[128.80162,37.8342],[128.80131,37.83271],[128.80074,37.83076],[128.80062,37.83068],[128.80057,37.83065],[128.80053,37.83063],[128.80029,37.83052],[128.80021,37.8305],[128.79981,37.83051],[128.79958,37.83051],[128.79947,37.83052],[128.7994,37.83054],[128.7993,37.83057],[128.79916,37.83065],[128.79905,37.83074],[128.79893,37.83088],[128.79888,37.83094],[128.79882,37.831],[128.79868,37.83112],[128.79804,37.83163],[128.79709,37.83235],[128.79659,37.8327],[128.79641,37.83281],[128.79636,37.83284],[128.79631,37.83287],[128.79628,37.83288],[128.79624,37.83289],[128.79609,37.83292],[128.79604,37.83292],[128.79599,37.83292],[128.79596,37.83289],[128.79593,37.83285],[128.79363,37.83035],[128.7936,37.83029],[128.79355,37.83015],[128.79356,37.82998],[128.79359,37.8296],[128.79364,37.82928],[128.79373,37.82903],[128.79384,37.82874],[128.79388,37.82848],[128.79388,37.8283],[128.79382,37.82728],[128.7938,37.82721],[128.79377,37.82717],[128.79373,37.82714],[128.79371,37.82712],[128.79219,37.82585],[128.79215,37.82582],[128.79152,37.82545],[128.79099,37.82518],[128.79088,37.82513],[128.79082,37.82512],[128.79078,37.82512],[128.79074,37.82512],[128.78984,37.82236],[128.79139,37.82078],[128.79187,37.81998],[128.7919,37.81992],[128.79192,37.81979],[128.79193,37.81965],[128.79193,37.8195],[128.79171,37.81707],[128.79169,37.817],[128.79167,37.81696],[128.79163,37.8169],[128.79153,37.81681],[128.79079,37.81616],[128.79023,37.81573],[128.7897,37.81525],[128.78944,37.81501],[128.78927,37.81485],[128.78912,37.81469],[128.78907,37.8146],[128.78897,37.81442],[128.78655,37.80951],[128.78651,37.80938],[128.78512,37.80326],[128.7847,37.80093],[128.77639,37.7975],[128.77212,37.7953],[128.77124,37.79472],[128.76865,37.79296],[128.76665,37.79168],[128.76543,37.79139],[128.7653,37.79141],[128.76518,37.79144],[128.7651,37.79144],[128.76503,37.79144],[128.76469,37.7914],[128.76454,37.79138],[128.76396,37.79128],[128.76323,37.79115],[128.76308,37.79112],[128.76294,37.79109],[128.7628,37.79103],[128.76126,37.79019],[128.75629,37.78851],[128.75532,37.78857],[128.75523,37.78857],[128.75515,37.78857],[128.75507,37.78856],[128.75489,37.78853],[128.75248,37.788],[128.75243,37.78799],[128.7481,37.78653],[128.74513,37.78538],[128.74341,37.78411],[128.74066,37.78268],[128.74062,37.78266],[128.74059,37.78264],[128.7405,37.7826],[128.74041,37.78256],[128.74021,37.78251],[128.7399,37.78242],[128.73961,37.78236],[128.73885,37.78222],[128.73879,37.7822],[128.73872,37.78219],[128.73748,37.78204],[128.73613,37.78188],[128.73598,37.78187],[128.73582,37.78185],[128.73576,37.78183],[128.7357,37.78182],[128.73547,37.78178],[128.73537,37.78175],[128.73526,37.78171],[128.73522,37.78169],[128.73518,37.78168],[128.7351,37.78163],[128.73477,37.78144],[128.73458,37.78134],[128.73446,37.78126],[128.73438,37.78119],[128.73432,37.78115],[128.73425,37.78107],[128.73421,37.78101],[128.73345,37.77984],[128.73289,37.77896],[128.73288,37.77892],[128.73286,37.77886],[128.73281,37.77873],[128.73279,37.77868],[128.73276,37.77862],[128.73261,37.77841],[128.73234,37.77805],[128.73211,37.77772],[128.73187,37.77741],[128.73174,37.77727],[128.73162,37.77714],[128.73145,37.77699],[128.73126,37.77682],[128.73116,37.77673],[128.73103,37.77663],[128.73094,37.77657],[128.7308,37.77646],[128.73055,37.7763],[128.73045,37.77623],[128.73035,37.77617],[128.73016,37.77606],[128.72997,37.77596],[128.72986,37.7759],[128.72949,37.77574],[128.72924,37.77563],[128.72906,37.77555],[128.72888,37.77548],[128.72875,37.77541],[128.72851,37.77525],[128.72817,37.77502],[128.72766,37.77463],[128.72615,37.77345],[128.72609,37.77339],[128.72474,37.77196],[128.7247,37.77191],[128.72466,37.77182],[128.72463,37.77176],[128.72449,37.77144],[128.72444,37.77133],[128.72443,37.77128],[128.72441,37.77119],[128.72441,37.77114],[128.72442,37.7711],[128.72447,37.77104],[128.72453,37.77097],[128.71999,37.7667],[128.71766,37.76505],[128.71429,37.76276],[128.71331,37.76213],[128.71216,37.76227],[128.71203,37.76229],[128.71181,37.76237],[128.71155,37.7625],[128.71131,37.76263],[128.71077,37.76294],[128.71051,37.76309],[128.71017,37.76331],[128.70999,37.76343],[128.70983,37.76355],[128.7098,37.7636],[128.70979,37.76365],[128.70982,37.76369],[128.71036,37.76423],[128.711,37.76487],[128.71104,37.7649],[128.7111,37.76491],[128.71132,37.76494],[128.71141,37.76496],[128.71144,37.76501],[128.71144,37.76508],[128.71141,37.76517],[128.71125,37.76551],[128.71112,37.76576],[128.71107,37.76586],[128.71041,37.76671],[128.71029,37.76681],[128.70854,37.76828],[128.70778,37.76881],[128.70762,37.76888],[128.70069,37.77094],[128.70055,37.77098],[128.70034,37.77101],[128.70018,37.77103],[128.69814,37.77062],[128.69634,37.77018],[128.69331,37.7698],[128.69188,37.76994],[128.69085,37.77072],[128.69076,37.77079],[128.68907,37.77192],[128.6879,37.77255],[128.68768,37.77264],[128.68744,37.77273],[128.68712,37.7728],[128.6868,37.77286],[128.68649,37.77291],[128.68626,37.77292],[128.68155,37.77315],[128.67854,37.77327],[128.678,37.77329],[128.67745,37.77328],[128.67707,37.77328],[128.67699,37.77327],[128.67692,37.77323],[128.67684,37.77315],[128.67505,37.77116],[128.67497,37.77104],[128.67494,37.77098],[128.67493,37.77089],[128.67491,37.77079],[128.67491,37.77071],[128.67487,37.77047],[128.67482,37.77026],[128.67476,37.77002],[128.67473,37.76995],[128.67471,37.76992],[128.67468,37.76988],[128.67458,37.76974],[128.67442,37.76959],[128.6739,37.7691],[128.67363,37.76884],[128.67358,37.7688],[128.67136,37.76722],[128.67122,37.76713],[128.67111,37.76708],[128.67097,37.76705],[128.67081,37.76704],[128.67072,37.76705],[128.67063,37.76707],[128.67054,37.76712],[128.66995,37.76749],[128.66984,37.76756],[128.66975,37.76766],[128.66973,37.76771],[128.66971,37.76789],[128.6697,37.76797],[128.66963,37.76807],[128.66948,37.76825],[128.66925,37.7685],[128.66915,37.76857],[128.66903,37.76867],[128.66722,37.76983],[128.66618,37.77035],[128.66612,37.77037],[128.66597,37.7704],[128.6658,37.77041],[128.66045,37.77059],[128.65611,37.77116],[128.65572,37.77129],[128.65547,37.77138],[128.65034,37.77374],[128.64854,37.77499],[128.64386,37.77704],[128.64368,37.77707],[128.64337,37.77713],[128.6433,37.77716],[128.64091,37.77913],[128.63953,37.78027],[128.63949,37.78035],[128.63893,37.78248],[128.63677,37.78249],[128.63671,37.78248],[128.63668,37.78247],[128.6347,37.7814],[128.6346,37.78132],[128.63448,37.78122],[128.63352,37.78034],[128.63339,37.78022],[128.63331,37.78009],[128.63322,37.77996],[128.63137,37.7767],[128.63132,37.77658],[128.63129,37.77649],[128.63115,37.77563],[128.63105,37.77493],[128.63105,37.77485],[128.63095,37.77459],[128.63007,37.77309],[128.63002,37.77301],[128.62989,37.77285],[128.62978,37.77275],[128.62973,37.77272],[128.62968,37.77271],[128.62925,37.77268],[128.62912,37.77268],[128.62896,37.77271],[128.62865,37.7728],[128.62812,37.77294],[128.62756,37.77305],[128.62744,37.77307],[128.62725,37.77307],[128.62714,37.77306],[128.62696,37.77292],[128.6267,37.77267],[128.62642,37.77232],[128.62589,37.77155],[128.62529,37.7707],[128.62523,37.77062],[128.62518,37.77055],[128.62509,37.77044],[128.62498,37.77037],[128.62419,37.76995],[128.62396,37.76984],[128.62374,37.76977],[128.62352,37.7697],[128.62337,37.76966],[128.62323,37.76965],[128.61656,37.76938],[128.61473,37.77012],[128.61455,37.77023],[128.61443,37.7703],[128.61432,37.77035],[128.61408,37.77044],[128.61402,37.77045],[128.6139,37.77045],[128.61386,37.77043],[128.61208,37.7688],[128.61203,37.76874],[128.61196,37.76857],[128.61191,37.76841],[128.61186,37.76823],[128.61183,37.76805],[128.61174,37.76794],[128.61165,37.76785],[128.60985,37.76647],[128.60967,37.76637],[128.60949,37.76628],[128.6093,37.7662],[128.60912,37.76616],[128.60898,37.76615],[128.60888,37.76616],[128.60877,37.76618],[128.6087,37.76621],[128.60287,37.7691],[128.60238,37.76934],[128.6022,37.76944],[128.60188,37.76969],[128.60167,37.76994],[128.60153,37.77012],[128.60094,37.77099],[128.60083,37.77116],[128.60073,37.77132],[128.59891,37.77411],[128.5991,37.77536],[128.59973,37.77792],[128.60174,37.77978],[128.60176,37.77981],[128.60179,37.77983],[128.6018,37.77988],[128.60187,37.7822],[128.60169,37.78605],[128.60132,37.7877],[128.60057,37.78937],[128.60029,37.79108],[128.60047,37.79197],[128.6013,37.79432],[128.60105,37.80068],[128.60104,37.80079],[128.60103,37.80089],[128.60095,37.80119],[128.60085,37.80151],[128.60076,37.80177],[128.59896,37.80623],[128.59625,37.80929],[128.59614,37.8094],[128.59598,37.80955],[128.59582,37.80969],[128.59567,37.80981],[128.59549,37.80993],[128.5954,37.80998],[128.59531,37.81004],[128.59521,37.8101],[128.58733,37.81446],[128.58718,37.81454],[128.58704,37.81461],[128.58671,37.81474],[128.58656,37.81479],[128.58608,37.81488],[128.58591,37.81489],[128.58547,37.81494],[128.5851,37.81497],[128.58498,37.81499],[128.58492,37.81501],[128.58483,37.8151],[128.5847,37.81528],[128.58282,37.81849],[128.58276,37.8186],[128.58269,37.81877],[128.58267,37.81887],[128.58266,37.819],[128.58267,37.81908],[128.58257,37.82098],[128.5826,37.82153],[128.58258,37.82185],[128.58246,37.82219],[128.5814,37.82455],[128.58073,37.82596],[128.58039,37.82673],[128.58038,37.82914],[128.58128,37.8324],[128.58129,37.8391],[128.58131,37.83949],[128.58139,37.83964],[128.5843,37.84518],[128.58547,37.84706],[128.58549,37.84718],[128.58557,37.84819],[128.58557,37.84824],[128.58517,37.84965],[128.58513,37.84975],[128.58506,37.84985],[128.5849,37.85],[128.5848,37.85013],[128.58477,37.85018],[128.58469,37.8503],[128.58459,37.85055],[128.58454,37.85073],[128.58452,37.85086],[128.58452,37.85094],[128.58453,37.85107],[128.58455,37.85116],[128.58465,37.85155],[128.58512,37.85297],[128.58515,37.85305],[128.58525,37.85326],[128.58529,37.85332],[128.58539,37.85347],[128.58649,37.85579],[128.58788,37.8588],[128.58804,37.85919],[128.58844,37.86086],[128.58845,37.86095],[128.58845,37.86105],[128.58842,37.86125],[128.58833,37.86139],[128.58808,37.86175],[128.588,37.86182],[128.58785,37.86188],[128.58906,37.86296],[128.59068,37.86459],[128.59099,37.86505],[128.59115,37.86523],[128.59122,37.8653],[128.59138,37.86542],[128.59145,37.86546],[128.59153,37.8655],[128.59166,37.86555],[128.59499,37.86612],[128.59514,37.86614],[128.59526,37.86614],[128.59576,37.86612],[128.5966,37.86596],[128.59983,37.86947],[128.60021,37.86993],[128.60086,37.87068],[128.60091,37.87073],[128.60402,37.87093],[128.60528,37.8708],[128.60548,37.87065],[128.60563,37.87054],[128.60573,37.8705],[128.60587,37.87045],[128.60606,37.87041],[128.60628,37.87039],[128.6064,37.87039],[128.60655,37.8704],[128.60672,37.87043],[128.61136,37.87123],[128.61561,37.872],[128.61705,37.87205],[128.61723,37.87205],[128.61733,37.87204],[128.61746,37.87204],[128.61814,37.87195],[128.61834,37.87191],[128.61852,37.87188],[128.61865,37.87183],[128.61876,37.8718],[128.61896,37.87178],[128.61908,37.87179],[128.61922,37.87182],[128.61936,37.87185],[128.61948,37.87187],[128.61985,37.87199],[128.62004,37.87206],[128.62014,37.8721],[128.62023,37.87214],[128.62042,37.87222],[128.62061,37.8723],[128.62071,37.87237],[128.62079,37.87242],[128.62353,37.87504],[128.62379,37.87595],[128.6237,37.87685],[128.6235,37.87847],[128.62414,37.88098],[128.62424,37.88127],[128.62435,37.88152],[128.62448,37.88175],[128.62451,37.88179],[128.6246,37.8819],[128.62474,37.88202],[128.62843,37.88493],[128.62904,37.8853],[128.62916,37.88535],[128.63215,37.88654],[128.63464,37.88755],[128.63477,37.8876],[128.63492,37.88772],[128.63542,37.88876],[128.63582,37.88962],[128.63588,37.88976],[128.63675,37.89109],[128.63811,37.89293],[128.63822,37.89305],[128.63841,37.89324],[128.63859,37.89338],[128.63882,37.89352],[128.63906,37.89367],[128.63928,37.89381],[128.63954,37.89394],[128.64116,37.89477],[128.64141,37.89486],[128.64159,37.89489],[128.64308,37.89507],[128.64314,37.89508],[128.64321,37.89508],[128.64328,37.89508],[128.64335,37.89507],[128.64347,37.89503],[128.64488,37.89432],[128.64494,37.89429],[128.64566,37.89376],[128.6457,37.89371],[128.64545,37.89341],[128.64533,37.89318],[128.64532,37.89295],[128.64535,37.8929],[128.64538,37.89288],[128.64546,37.89281],[128.64775,37.89111],[128.64779,37.89107],[128.64787,37.89103],[128.64793,37.89099],[128.64814,37.8909],[128.64828,37.89085],[128.64836,37.89084],[128.64916,37.89081],[128.65079,37.89077],[128.65312,37.89074],[128.65319,37.89074],[128.65327,37.89075],[128.65416,37.89085],[128.65447,37.8909],[128.65457,37.89092],[128.65483,37.89098],[128.65505,37.89106],[128.65513,37.8911],[128.65537,37.8912],[128.65552,37.89127],[128.65572,37.89135],[128.65595,37.89143],[128.65603,37.89145],[128.6561,37.89147],[128.65641,37.89156],[128.65649,37.89157],[128.65653,37.89158],[128.65665,37.8916],[128.65678,37.89161],[128.65772,37.89172],[128.65811,37.89175],[128.65842,37.89176],[128.65926,37.89178],[128.65944,37.89178],[128.65956,37.89177],[128.65971,37.89175],[128.65986,37.89172],[128.6607,37.89156],[128.66225,37.89123],[128.66372,37.89086],[128.66419,37.89074],[128.66458,37.89063],[128.66466,37.89061],[128.66471,37.89058],[128.66476,37.8905],[128.66511,37.8898],[128.66648,37.887],[128.66686,37.88578]]]]}},{"type":"Feature","properties":{"code":"51150510","name":"홍제동","parent":"51150"},"geometry":{"type":"MultiPolygon","coordinates":[[[[128.89033,37.75643],[128.89029,37.75555],[128.88997,37.75407],[128.88842,37.75155],[128.88751,37.75041],[128.88583,37.74902],[128.88576,37.7474],[128.88475,37.74726],[128.88142,37.74629],[128.8778,37.74499],[128.87547,37.744],[128.87297,37.74322],[128.872,37.74313],[128.87011,37.74299],[128.86997,37.74304],[128.86817,37.74359],[128.86603,37.7446],[128.86367,37.74534],[128.86259,37.74504],[128.85976,37.74423],[128.85956,37.74496],[128.85865,37.74574],[128.85675,37.74717],[128.856,37.74698],[128.85476,37.74641],[128.85316,37.74575],[128.8529,37.74564],[128.85177,37.74537],[128.85169,37.74766],[128.85179,37.74823],[128.85349,37.74862],[128.85514,37.75022],[128.85445,37.75167],[128.85549,37.7541],[128.85738,37.75491],[128.85755,37.75495],[128.85884,37.75681],[128.85928,37.75839],[128.86153,37.75848],[128.86339,37.75819],[128.86398,37.75812],[128.86415,37.7581],[128.86527,37.75802],[128.86544,37.75801],[128.86754,37.75789],[128.86766,37.75788],[128.8705,37.75811],[128.87081,37.75818],[128.87115,37.75831],[128.87125,37.75835],[128.87136,37.7584],[128.87149,37.75842],[128.87171,37.75842],[128.87197,37.75841],[128.87363,37.75829],[128.87611,37.75648],[128.88094,37.75503],[128.88164,37.75494],[128.88209,37.75488],[128.88214,37.75488],[128.88229,37.75487],[128.88453,37.75516],[128.88515,37.75539],[128.88547,37.75554],[128.88677,37.75606],[128.88887,37.75667],[128.88929,37.75673],[128.88948,37.75674],[128.88978,37.75671],[128.88987,37.75668],[128.8901,37.75658],[128.89033,37.75643]]]]}},{"type":"Feature","properties":{"code":"51150520","name":"중앙동","parent":"51150"},"geometry":{"type":"MultiPolygon","coordinates":[[[[128.9039,37.75397],[128.9024,37.75278],[128.90078,37.75151],[128.89775,37.74985],[128.89532,37.74939],[128.89317,37.74833],[128.89282,37.74923],[128.8911,37.74876],[128.89007,37.74848],[128.89002,37.74847],[128.88956,37.74825],[128.88952,37.74823],[128.88919,37.74807],[128.88601,37.74729],[128.88576,37.7474],[128.88583,37.74902],[128.88751,37.75041],[128.88842,37.75155],[128.88997,37.75407],[128.89029,37.75555],[128.89033,37.75643],[128.89165,37.75735],[128.89568,37.75833],[128.8957,37.75829],[128.89587,37.75797],[128.89788,37.75576],[128.89851,37.75516],[128.89906,37.75471],[128.89917,37.75471],[128.89943,37.75486],[128.90001,37.75537],[128.90242,37.75455],[128.9039,37.75397]]]]}},{"type":"Feature","properties":{"code":"51150540","name":"옥천동","parent":"51150"},"geometry":{"type":"MultiPolygon","coordinates":[[[[128.9072,37.75772],[128.9039,37.75397],[128.90242,37.75455],[128.90001,37.75537],[128.89943,37.75486],[128.89917,37.75471],[128.89906,37.75471],[128.89851,37.75516],[128.89788,37.75576],[128.89587,37.75797],[128.8957,37.75829],[128.89568,37.75833],[128.89702,37.75932],[128.89919,37.76102],[128.90142,37.76364],[128.90299,37.76382],[128.90336,37.76267],[128.9038,37.76032],[128.90594,37.75866],[128.90662,37.75815],[128.90668,37.75811],[128.9072,37.75772]]]]}},{"type":"Feature","properties":{"code":"51150550","name":"교1동","parent":"51150"},"geometry":{"type":"MultiPolygon","coordinates":[[[[128.89165,37.75735],[128.89033,37.75643],[128.8901,37.75658],[128.88987,37.75668],[128.88978,37.75671],[128.88948,37.75674],[128.88929,37.75673],[128.88887,37.75667],[128.88677,37.75606],[128.88547,37.75554],[128.88515,37.75539],[128.88453,37.75516],[128.88229,37.75487],[128.88214,37.75488],[128.88209,37.75488],[128.88164,37.75494],[128.88094,37.75503],[128.87611,37.75648],[128.87363,37.75829],[128.87197,37.75841],[128.87171,37.75842],[128.87149,37.75842],[128.87136,37.7584],[128.87125,37.75835],[128.87193,37.75944],[128.87205,37.76093],[128.87201,37.76122],[128.872,37.76148],[128.872,37.76154],[128.872,37.76184],[128.87204,37.76225],[128.87213,37.76277],[128.87219,37.76297],[128.87221,37.76303],[128.8723,37.76328],[128.87241,37.76354],[128.87271,37.76408],[128.87314,37.76472],[128.87503,37.77018],[128.87519,37.77196],[128.8799,37.77181],[128.88349,37.77414],[128.88402,37.77476],[128.88466,37.77572],[128.8849,37.77763],[128.88531,37.77801],[128.88775,37.77575],[128.88912,37.77391],[128.8907,37.77156],[128.89187,37.7703],[128.8921,37.76912],[128.89216,37.7688],[128.89183,37.76822],[128.89168,37.76797],[128.89159,37.76779],[128.89134,37.76718],[128.89137,37.76688],[128.89155,37.76525],[128.89156,37.7652],[128.89156,37.76516],[128.8918,37.76446],[128.89197,37.76392],[128.89209,37.76326],[128.89231,37.76197],[128.89201,37.75981],[128.892,37.75976],[128.892,37.75974],[128.89187,37.75887],[128.89186,37.75876],[128.89173,37.75787],[128.89171,37.75778],[128.89171,37.75773],[128.89166,37.75738],[128.89165,37.75735]]]]}},{"type":"Feature","properties":{"code":"51150560","name":"교2동","parent":"51150"},"geometry":{"type":"MultiPolygon","coordinates":[[[[128.89602,37.78072],[128.89643,37.77983],[128.89934,37.77396],[128.9006,37.77086],[128.90162,37.77057],[128.90136,37.77035],[128.90105,37.7701],[128.90094,37.77],[128.90153,37.76891],[128.90189,37.76855],[128.90193,37.76857],[128.90218,37.76877],[128.90271,37.76838],[128.90355,37.76772],[128.90356,37.76768],[128.9026,37.766],[128.9024,37.76581],[128.90197,37.76545],[128.90152,37.76509],[128.90078,37.76419],[128.90081,37.76416],[128.90142,37.76364],[128.89919,37.76102],[128.89702,37.75932],[128.89568,37.75833],[128.89165,37.75735],[128.89166,37.75738],[128.89171,37.75773],[128.89171,37.75778],[128.89173,37.75787],[128.89186,37.75876],[128.89187,37.75887],[128.892,37.75974],[128.892,37.75976],[128.89201,37.75981],[128.89231,37.76197],[128.89209,37.76326],[128.89197,37.76392],[128.8918,37.76446],[128.89156,37.76516],[128.89156,37.7652],[128.89155,37.76525],[128.89137,37.76688],[128.89134,37.76718],[128.89159,37.76779],[128.89168,37.76797],[128.89183,37.76822],[128.89216,37.7688],[128.8921,37.76912],[128.89187,37.7703],[128.8907,37.77156],[128.88912,37.77391],[128.88775,37.77575],[128.88531,37.77801],[128.88879,37.78147],[128.889,37.78174],[128.88917,37.7821],[128.8894,37.78277],[128.88988,37.78339],[128.89133,37.78414],[128.89176,37.78414],[128.89198,37.78413],[128.89284,37.78292],[128.89357,37.78165],[128.89381,37.78142],[128.8947,37.7811],[128.89602,37.78072]]]]}},{"type":"Feature","properties":{"code":"51150571","name":"포남1동","parent":"51150"},"geometry":{"type":"MultiPolygon","coordinates":[[[[128.91907,37.77013],[128.92058,37.76869],[128.92076,37.76845],[128.9194,37.76782],[128.91924,37.76775],[128.91849,37.76746],[128.91799,37.76727],[128.91747,37.76707],[128.91725,37.76699],[128.91693,37.76686],[128.9143,37.76585],[128.91314,37.76541],[128.91294,37.76533],[128.91217,37.76473],[128.91007,37.7613],[128.90757,37.75752],[128.9072,37.75772],[128.90668,37.75811],[128.90662,37.75815],[128.90594,37.75866],[128.9038,37.76032],[128.90336,37.76267],[128.90299,37.76382],[128.90142,37.76364],[128.90081,37.76416],[128.90078,37.76419],[128.90152,37.76509],[128.90197,37.76545],[128.9024,37.76581],[128.9026,37.766],[128.90356,37.76768],[128.90355,37.76772],[128.90271,37.76838],[128.90218,37.76877],[128.90193,37.76857],[128.90189,37.76855],[128.90153,37.76891],[128.90094,37.77],[128.90105,37.7701],[128.90136,37.77035],[128.90162,37.77057],[128.90231,37.77038],[128.90241,37.77036],[128.90251,37.77033],[128.907,37.77051],[128.9077,37.7706],[128.90781,37.77062],[128.90831,37.77079],[128.90876,37.77095],[128.90983,37.77132],[128.91024,37.77146],[128.91061,37.7715],[128.91066,37.77059],[128.91368,37.77024],[128.91531,37.76983],[128.91718,37.76933],[128.91832,37.76981],[128.91907,37.77013]]]]}},{"type":"Feature","properties":{"code":"51150572","name":"포남2동","parent":"51150"},"geometry":{"type":"MultiPolygon","coordinates":[[[[128.9199,37.78294],[128.91841,37.77971],[128.91802,37.77889],[128.91798,37.7788],[128.91705,37.77776],[128.91502,37.77576],[128.91467,37.77541],[128.91428,37.77501],[128.915,37.77426],[128.91509,37.77417],[128.91598,37.77325],[128.91639,37.77283],[128.91907,37.77013],[128.91832,37.76981],[128.91718,37.76933],[128.91531,37.76983],[128.91368,37.77024],[128.91066,37.77059],[128.91061,37.7715],[128.91024,37.77146],[128.90983,37.77132],[128.90876,37.77095],[128.90831,37.77079],[128.90781,37.77062],[128.9077,37.7706],[128.907,37.77051],[128.90251,37.77033],[128.90241,37.77036],[128.90231,37.77038],[128.90162,37.77057],[128.9006,37.77086],[128.89934,37.77396],[128.89643,37.77983],[128.89602,37.78072],[128.89589,37.78111],[128.89587,37.78135],[128.89588,37.78147],[128.89597,37.78155],[128.89605,37.78162],[128.89661,37.78186],[128.89834,37.78225],[128.89911,37.78232],[128.89933,37.78291],[128.89912,37.78354],[128.89888,37.78468],[128.89931,37.78478],[128.90111,37.78519],[128.90331,37.78569],[128.90395,37.78582],[128.90469,37.78604],[128.90752,37.78822],[128.90756,37.78801],[128.90829,37.78798],[128.90977,37.78678],[128.9107,37.78531],[128.91107,37.78347],[128.91182,37.78201],[128.91256,37.78146],[128.91348,37.7808],[128.91391,37.78084],[128.91438,37.78098],[128.91496,37.78133],[128.91592,37.78203],[128.91617,37.78245],[128.91622,37.78253],[128.9164,37.78284],[128.91835,37.78296],[128.9199,37.78294]]]]}},{"type":"Feature","properties":{"code":"51150580","name":"초당동","parent":"51150"},"geometry":{"type":"MultiPolygon","coordinates":[[[[128.91576,37.79908],[128.9177,37.79689],[128.9184,37.79622],[128.9186,37.79603],[128.91879,37.79585],[128.92275,37.7925],[128.92506,37.79063],[128.92741,37.78861],[128.92616,37.78762],[128.92382,37.78659],[128.92341,37.78665],[128.92231,37.78599],[128.92164,37.78555],[128.92113,37.78511],[128.92082,37.78465],[128.9199,37.78294],[128.91835,37.78296],[128.9164,37.78284],[128.91622,37.78253],[128.91617,37.78245],[128.91592,37.78203],[128.91496,37.78133],[128.91438,37.78098],[128.91391,37.78084],[128.91348,37.7808],[128.91256,37.78146],[128.91182,37.78201],[128.91107,37.78347],[128.9107,37.78531],[128.90977,37.78678],[128.90829,37.78798],[128.90756,37.78801],[128.90752,37.78822],[128.90552,37.79159],[128.90595,37.79263],[128.90701,37.79399],[128.90729,37.79436],[128.90768,37.79643],[128.90775,37.79797],[128.90787,37.79877],[128.90802,37.79894],[128.90919,37.80031],[128.9094,37.80057],[128.91228,37.79934],[128.91576,37.79908]]]]}},{"type":"Feature","properties":{"code":"51150590","name":"송정동","parent":"51150"},"geometry":{"type":"MultiPolygon","coordinates":[[[[128.95167,37.76887],[128.95101,37.76903],[128.94579,37.77032],[128.94364,37.77055],[128.93595,37.77137],[128.93451,37.77152],[128.93313,37.77147],[128.92837,37.77128],[128.92765,37.77125],[128.92058,37.76869],[128.91907,37.77013],[128.91639,37.77283],[128.91598,37.77325],[128.91509,37.77417],[128.915,37.77426],[128.91428,37.77501],[128.91467,37.77541],[128.91502,37.77576],[128.91705,37.77776],[128.91798,37.7788],[128.91802,37.77889],[128.91841,37.77971],[128.9199,37.78294],[128.92082,37.78465],[128.92113,37.78511],[128.92164,37.78555],[128.92231,37.78599],[128.92341,37.78665],[128.92382,37.78659],[128.92616,37.78762],[128.92741,37.78861],[128.92965,37.78706],[128.93097,37.78592],[128.93599,37.78181],[128.93939,37.77926],[128.94507,37.77488],[128.9485,37.77215],[128.94884,37.77186],[128.9493,37.77166],[128.94975,37.77153],[128.94999,37.77152],[128.95091,37.77207],[128.9534,37.76993],[128.95248,37.76926],[128.95167,37.76887]]]]}},{"type":"Feature","properties":{"code":"51150600","name":"내곡동","parent":"51150"},"geometry":{"type":"MultiPolygon","coordinates":[[[[128.89317,37.74833],[128.89314,37.74735],[128.89341,37.74591],[128.89337,37.74471],[128.89329,37.74451],[128.89324,37.74443],[128.89215,37.74294],[128.8913,37.74205],[128.89031,37.74167],[128.89004,37.74178],[128.88996,37.74163],[128.88987,37.74143],[128.88973,37.74114],[128.88949,37.74062],[128.88875,37.73833],[128.88884,37.73706],[128.88891,37.73611],[128.88893,37.73589],[128.88901,37.73572],[128.88917,37.73544],[128.8889,37.73299],[128.8858,37.7282],[128.88559,37.72797],[128.88532,37.72776],[128.88496,37.72757],[128.88464,37.72747],[128.88349,37.72728],[128.88201,37.72716],[128.87999,37.72759],[128.87699,37.72833],[128.87523,37.72908],[128.87492,37.72939],[128.87475,37.72952],[128.87462,37.72958],[128.87445,37.72963],[128.86905,37.73018],[128.86871,37.73017],[128.86675,37.72983],[128.86338,37.72939],[128.8628,37.72935],[128.86222,37.72943],[128.8601,37.73],[128.85944,37.73021],[128.85925,37.73042],[128.85923,37.73057],[128.85914,37.73258],[128.85556,37.73434],[128.85687,37.73546],[128.85768,37.73627],[128.85865,37.73799],[128.85885,37.73885],[128.85924,37.74102],[128.85976,37.74423],[128.86259,37.74504],[128.86367,37.74534],[128.86603,37.7446],[128.86817,37.74359],[128.86997,37.74304],[128.87011,37.74299],[128.872,37.74313],[128.87297,37.74322],[128.87547,37.744],[128.8778,37.74499],[128.88142,37.74629],[128.88475,37.74726],[128.88576,37.7474],[128.88601,37.74729],[128.88919,37.74807],[128.88952,37.74823],[128.88956,37.74825],[128.89002,37.74847],[128.89007,37.74848],[128.8911,37.74876],[128.89282,37.74923],[128.89317,37.74833]]]]}},{"type":"Feature","properties":{"code":"51150615","name":"강남동","parent":"51150"},"geometry":{"type":"MultiPolygon","coordinates":[[[[128.95341,37.75085],[128.95342,37.75034],[128.95136,37.74844],[128.94997,37.747],[128.94992,37.74461],[128.94992,37.74443],[128.94993,37.74377],[128.94976,37.73802],[128.94813,37.73787],[128.94388,37.7381],[128.94078,37.73859],[128.93875,37.73625],[128.93972,37.73621],[128.94077,37.73622],[128.9434,37.73578],[128.94376,37.73561],[128.94434,37.73531],[128.94473,37.73506],[128.94565,37.73399],[128.94569,37.73393],[128.94694,37.73239],[128.94763,37.73067],[128.9474,37.72983],[128.94592,37.72662],[128.94492,37.72516],[128.94324,37.72467],[128.94318,37.72466],[128.94157,37.72428],[128.94061,37.72279],[128.93987,37.72195],[128.93849,37.72038],[128.93685,37.71851],[128.93584,37.71801],[128.93314,37.71688],[128.9296,37.71582],[128.92631,37.71677],[128.92611,37.71686],[128.92588,37.71697],[128.92579,37.71704],[128.92571,37.7171],[128.92458,37.71813],[128.91945,37.72079],[128.91938,37.72081],[128.91931,37.72084],[128.91839,37.72108],[128.91812,37.72107],[128.91525,37.71823],[128.91227,37.71772],[128.91221,37.71769],[128.91176,37.71719],[128.91094,37.71611],[128.91019,37.71505],[128.90841,37.71273],[128.90768,37.71192],[128.90131,37.71186],[128.90053,37.71215],[128.89601,37.71411],[128.89542,37.71458],[128.89498,37.71517],[128.89469,37.71587],[128.89439,37.71712],[128.89364,37.71905],[128.89358,37.71919],[128.89175,37.72247],[128.89124,37.72273],[128.89116,37.72275],[128.88935,37.72406],[128.88881,37.72471],[128.88816,37.7261],[128.88772,37.72664],[128.88682,37.72762],[128.88518,37.72717],[128.88353,37.72706],[128.88349,37.72728],[128.88464,37.72747],[128.88496,37.72757],[128.88532,37.72776],[128.88559,37.72797],[128.8858,37.7282],[128.8889,37.73299],[128.88917,37.73544],[128.88901,37.73572],[128.88893,37.73589],[128.88891,37.73611],[128.88884,37.73706],[128.88875,37.73833],[128.88949,37.74062],[128.88973,37.74114],[128.88987,37.74143],[128.88996,37.74163],[128.89004,37.74178],[128.89031,37.74167],[128.8913,37.74205],[128.89215,37.74294],[128.89324,37.74443],[128.89329,37.74451],[128.89337,37.74471],[128.89341,37.74591],[128.89314,37.74735],[128.89317,37.74833],[128.89532,37.74939],[128.89775,37.74985],[128.90078,37.75151],[128.9024,37.75278],[128.9039,37.75397],[128.90446,37.75353],[128.906,37.75234],[128.90719,37.75062],[128.90745,37.75018],[128.90776,37.74948],[128.90757,37.74932],[128.90763,37.74925],[128.9078,37.74905],[128.90834,37.74842],[128.90881,37.74815],[128.90917,37.74793],[128.91259,37.74568],[128.91657,37.74267],[128.91695,37.74244],[128.92039,37.74108],[128.9212,37.7409],[128.93055,37.73987],[128.93106,37.74017],[128.93574,37.74335],[128.93729,37.74445],[128.93836,37.74516],[128.94205,37.74762],[128.94274,37.74802],[128.94513,37.74908],[128.94719,37.74985],[128.94883,37.75034],[128.95032,37.75059],[128.95183,37.75081],[128.95341,37.75085]]]]}},{"type":"Feature","properties":{"code":"51150645","name":"성덕동","parent":"51150"},"geometry":{"type":"MultiPolygon","coordinates":[[[[128.95167,37.76887],[128.95149,37.76879],[128.95158,37.76822],[128.95185,37.76771],[128.95304,37.76633],[128.95364,37.76567],[128.95615,37.76368],[128.96632,37.75587],[128.96589,37.75556],[128.9628,37.75451],[128.96212,37.75429],[128.9616,37.75436],[128.96001,37.75434],[128.95787,37.75414],[128.95743,37.75401],[128.95504,37.75298],[128.95462,37.75271],[128.95349,37.75199],[128.95341,37.7511],[128.95341,37.75085],[128.95183,37.75081],[128.95032,37.75059],[128.94883,37.75034],[128.94719,37.74985],[128.94513,37.74908],[128.94274,37.74802],[128.94205,37.74762],[128.93836,37.74516],[128.93729,37.74445],[128.93574,37.74335],[128.93106,37.74017],[128.93055,37.73987],[128.9212,37.7409],[128.92039,37.74108],[128.91695,37.74244],[128.91657,37.74267],[128.91259,37.74568],[128.90917,37.74793],[128.90881,37.74815],[128.90834,37.74842],[128.9078,37.74905],[128.90763,37.74925],[128.90757,37.74932],[128.90776,37.74948],[128.90745,37.75018],[128.90719,37.75062],[128.906,37.75234],[128.90446,37.75353],[128.9039,37.75397],[128.9072,37.75772],[128.90757,37.75752],[128.91007,37.7613],[128.91217,37.76473],[128.91294,37.76533],[128.91314,37.76541],[128.9143,37.76585],[128.91693,37.76686],[128.91725,37.76699],[128.91747,37.76707],[128.91799,37.76727],[128.91849,37.76746],[128.91924,37.76775],[128.9194,37.76782],[128.92076,37.76845],[128.92058,37.76869],[128.92765,37.77125],[128.92837,37.77128],[128.93313,37.77147],[128.93451,37.77152],[128.93595,37.77137],[128.94364,37.77055],[128.94579,37.77032],[128.95101,37.76903],[128.95167,37.76887]]]]}},{"type":"Feature","properties":{"code":"51150665","name":"경포동","parent":"51150"},"geometry":{"type":"MultiPolygon","coordinates":[[[[128.91576,37.79908],[128.91228,37.79934],[128.9094,37.80057],[128.90919,37.80031],[128.90802,37.79894],[128.90787,37.79877],[128.90775,37.79797],[128.90768,37.79643],[128.90729,37.79436],[128.90701,37.79399],[128.90595,37.79263],[128.90552,37.79159],[128.90752,37.78822],[128.90469,37.78604],[128.90395,37.78582],[128.90331,37.78569],[128.90111,37.78519],[128.89931,37.78478],[128.89888,37.78468],[128.89912,37.78354],[128.89933,37.78291],[128.89911,37.78232],[128.89834,37.78225],[128.89661,37.78186],[128.89605,37.78162],[128.89597,37.78155],[128.89588,37.78147],[128.89587,37.78135],[128.89589,37.78111],[128.89602,37.78072],[128.8947,37.7811],[128.89381,37.78142],[128.89357,37.78165],[128.89284,37.78292],[128.89198,37.78413],[128.89176,37.78414],[128.89133,37.78414],[128.88988,37.78339],[128.8894,37.78277],[128.88917,37.7821],[128.889,37.78174],[128.88879,37.78147],[128.88531,37.77801],[128.8849,37.77763],[128.88466,37.77572],[128.88402,37.77476],[128.88349,37.77414],[128.8799,37.77181],[128.87519,37.77196],[128.87503,37.77018],[128.87314,37.76472],[128.87271,37.76408],[128.87241,37.76354],[128.8723,37.76328],[128.87221,37.76303],[128.87219,37.76297],[128.87213,37.76277],[128.87204,37.76225],[128.872,37.76184],[128.872,37.76154],[128.872,37.76148],[128.87201,37.76122],[128.87205,37.76093],[128.87193,37.75944],[128.87125,37.75835],[128.87115,37.75831],[128.87081,37.75818],[128.8705,37.75811],[128.86766,37.75788],[128.86754,37.75789],[128.86544,37.75801],[128.86527,37.75802],[128.86415,37.7581],[128.86398,37.75812],[128.86339,37.75819],[128.86153,37.75848],[128.85928,37.75839],[128.85674,37.76002],[128.85395,37.76169],[128.85094,37.76372],[128.84983,37.76589],[128.84896,37.76791],[128.84729,37.77292],[128.84706,37.77293],[128.84673,37.77293],[128.84465,37.77386],[128.84396,37.77494],[128.84395,37.77513],[128.84405,37.77588],[128.84413,37.7768],[128.84415,37.77704],[128.84387,37.77866],[128.84326,37.77975],[128.8432,37.77976],[128.84274,37.77956],[128.84171,37.77932],[128.84079,37.77977],[128.84067,37.77987],[128.84028,37.78066],[128.83999,37.78139],[128.8401,37.78157],[128.84022,37.78174],[128.84079,37.78211],[128.83995,37.78482],[128.83943,37.7863],[128.83878,37.78742],[128.83966,37.7878],[128.84027,37.79029],[128.83992,37.7918],[128.8406,37.79436],[128.84138,37.79476],[128.84214,37.79527],[128.84289,37.79584],[128.84321,37.79676],[128.84305,37.79798],[128.84384,37.7995],[128.84439,37.80018],[128.84512,37.80076],[128.84528,37.80081],[128.84546,37.80087],[128.84566,37.80087],[128.84585,37.80087],[128.84598,37.80085],[128.84674,37.80093],[128.84797,37.80113],[128.85103,37.80197],[128.8544,37.80396],[128.85571,37.80521],[128.85572,37.8056],[128.85605,37.80577],[128.85742,37.80642],[128.85827,37.8066],[128.85972,37.80631],[128.86,37.80536],[128.86011,37.80495],[128.86267,37.80376],[128.86345,37.80439],[128.86559,37.80551],[128.86659,37.8059],[128.86681,37.80598],[128.86699,37.80603],[128.86706,37.80603],[128.86712,37.80603],[128.8675,37.80584],[128.86952,37.80473],[128.87109,37.80395],[128.87159,37.80392],[128.87406,37.80429],[128.87805,37.81057],[128.87737,37.81186],[128.87734,37.81196],[128.87735,37.81203],[128.87744,37.81213],[128.87749,37.81216],[128.87755,37.81219],[128.87774,37.81226],[128.87802,37.81236],[128.87837,37.81244],[128.8833,37.81261],[128.88562,37.81262],[128.88658,37.81249],[128.88705,37.81309],[128.88871,37.81698],[128.89152,37.81933],[128.89259,37.81853],[128.89746,37.81451],[128.89837,37.81349],[128.89918,37.81309],[128.90104,37.81124],[128.90345,37.80925],[128.90426,37.80872],[128.90622,37.80743],[128.90861,37.80591],[128.90886,37.80574],[128.90892,37.8057],[128.90932,37.80539],[128.90986,37.80433],[128.90992,37.80406],[128.91421,37.80021],[128.91458,37.79992],[128.91535,37.79936],[128.91576,37.79908]]]]}}]}