{"type":"FeatureCollection","features":[{"type":"Feature","properties":{"code":"47190250","name":"선산읍","parent":"47190"},"geometry":{"type":"MultiPolygon","coordinates":[[[[128.34086,36.26832],[128.33889,36.26339],[128.33831,36.26197],[128.33768,36.26062],[128.337,36.25923],[128.3357,36.25665],[128.33522,36.25562],[128.33494,36.25493],[128.33467,36.25413],[128.33463,36.25382],[128.33464,36.25343],[128.33491,36.24881],[128.335,36.2482],[128.33517,36.24753],[128.33539,36.24683],[128.33655,36.24462],[128.33735,36.24326],[128.33813,36.24208],[128.33904,36.24088],[128.34025,36.23989],[128.34467,36.23579],[128.3456,36.23463],[128.34727,36.23287],[128.34755,36.23263],[128.34779,36.23245],[128.34937,36.23151],[128.35051,36.23094],[128.35098,36.23076],[128.35177,36.23035],[128.35229,36.23002],[128.35302,36.22944],[128.35622,36.22581],[128.35692,36.22496],[128.35703,36.22481],[128.3574,36.22431],[128.35801,36.22349],[128.35857,36.22283],[128.35897,36.22235],[128.35926,36.22209],[128.36131,36.22073],[128.36269,36.21998],[128.36309,36.21974],[128.36349,36.21946],[128.36396,36.21901],[128.36427,36.21853],[128.3646,36.2179],[128.36463,36.2178],[128.36478,36.21733],[128.36489,36.21673],[128.36492,36.21632],[128.36491,36.21605],[128.36484,36.21538],[128.36479,36.2149],[128.36466,36.21404],[128.36448,36.21325],[128.36417,36.21254],[128.36385,36.2118],[128.35927,36.21112],[128.35755,36.21109],[128.35191,36.21144],[128.35084,36.21166],[128.35069,36.2117],[128.35048,36.2118],[128.35029,36.21197],[128.35014,36.21219],[128.35007,36.21226],[128.34941,36.21268],[128.34901,36.21293],[128.34722,36.21394],[128.34401,36.21535],[128.3439,36.21539],[128.33969,36.21614],[128.33953,36.21614],[128.33882,36.21611],[128.33674,36.21592],[128.33629,36.21585],[128.33426,36.21539],[128.3329,36.21482],[128.3321,36.21515],[128.33164,36.21541],[128.3278,36.21833],[128.32477,36.22082],[128.32326,36.22213],[128.32111,36.2241],[128.31926,36.22679],[128.31903,36.22719],[128.31891,36.2275],[128.31887,36.22796],[128.31919,36.22933],[128.31921,36.22944],[128.31919,36.2295],[128.31912,36.22956],[128.31895,36.22964],[128.31868,36.22973],[128.31825,36.22981],[128.31772,36.22985],[128.31711,36.22984],[128.3165,36.22977],[128.31602,36.22966],[128.31551,36.22953],[128.31547,36.22952],[128.30911,36.22789],[128.30893,36.22783],[128.30867,36.22771],[128.30699,36.22649],[128.30673,36.22626],[128.30647,36.22598],[128.30603,36.22541],[128.30567,36.2246],[128.30555,36.22403],[128.30549,36.22377],[128.30532,36.22341],[128.30504,36.22294],[128.30419,36.22166],[128.30375,36.2211],[128.30325,36.22063],[128.30278,36.22025],[128.30224,36.21993],[128.30196,36.2198],[128.30163,36.21964],[128.30049,36.21928],[128.29938,36.21907],[128.29843,36.21895],[128.2978,36.21888],[128.29732,36.21884],[128.29546,36.21869],[128.2934,36.21868],[128.29248,36.21871],[128.29133,36.21885],[128.29037,36.21924],[128.28982,36.21952],[128.28943,36.21975],[128.28883,36.2202],[128.28643,36.22242],[128.28584,36.22304],[128.28535,36.22344],[128.28491,36.22372],[128.28406,36.22414],[128.28295,36.22456],[128.28183,36.22494],[128.28083,36.2252],[128.28047,36.22525],[128.28012,36.22527],[128.27974,36.2253],[128.27945,36.22528],[128.27904,36.2252],[128.2787,36.22512],[128.2778,36.22477],[128.27634,36.22385],[128.27591,36.22347],[128.27575,36.22315],[128.2753,36.22213],[128.27516,36.2217],[128.27475,36.21966],[128.27469,36.21932],[128.27503,36.21807],[128.27525,36.21754],[128.2756,36.21678],[128.27632,36.21592],[128.27678,36.21541],[128.27763,36.21461],[128.27939,36.21332],[128.28067,36.21254],[128.28084,36.21243],[128.282,36.21162],[128.28323,36.21066],[128.2838,36.21003],[128.28432,36.2093],[128.28446,36.20883],[128.28455,36.20831],[128.2845,36.20728],[128.28449,36.20699],[128.28421,36.20615],[128.28397,36.20581],[128.28304,36.20486],[128.2809,36.20314],[128.2808,36.20307],[128.28065,36.20296],[128.28057,36.20293],[128.28051,36.2029],[128.28008,36.2027],[128.27954,36.2025],[128.27873,36.20225],[128.278,36.20207],[128.27749,36.20202],[128.27685,36.20198],[128.27617,36.20201],[128.27531,36.20206],[128.27384,36.20225],[128.27318,36.2024],[128.2728,36.20254],[128.27048,36.20357],[128.26889,36.20427],[128.26875,36.20431],[128.26772,36.2045],[128.26656,36.20459],[128.26601,36.20462],[128.2654,36.20451],[128.26488,36.20433],[128.26285,36.20354],[128.26241,36.20333],[128.26201,36.20315],[128.26167,36.20296],[128.25788,36.20152],[128.25673,36.2011],[128.25243,36.20059],[128.2509,36.2004],[128.24907,36.20009],[128.24571,36.19945],[128.24497,36.1993],[128.24465,36.19923],[128.24434,36.19913],[128.24424,36.20162],[128.24247,36.20144],[128.24068,36.20102],[128.24023,36.20091],[128.24,36.20081],[128.23785,36.20031],[128.23486,36.20112],[128.23371,36.20188],[128.23535,36.2061],[128.23554,36.20622],[128.23579,36.20634],[128.23608,36.20646],[128.23637,36.20657],[128.23666,36.20669],[128.23698,36.20677],[128.23731,36.20685],[128.23858,36.20717],[128.23783,36.20937],[128.23722,36.20996],[128.23713,36.21007],[128.23623,36.2113],[128.23422,36.21416],[128.23353,36.2178],[128.2335,36.21807],[128.23354,36.21837],[128.23359,36.21851],[128.23367,36.21869],[128.23379,36.21893],[128.23459,36.22033],[128.23502,36.22092],[128.23584,36.22229],[128.23633,36.22447],[128.23636,36.2246],[128.23635,36.22472],[128.23631,36.22481],[128.23621,36.22494],[128.2361,36.22503],[128.23531,36.22568],[128.23453,36.22624],[128.23272,36.22669],[128.23262,36.2267],[128.22864,36.22949],[128.2258,36.23166],[128.22599,36.23169],[128.22625,36.2318],[128.22645,36.23189],[128.22667,36.23202],[128.22691,36.23217],[128.23133,36.23519],[128.23136,36.23521],[128.23139,36.23523],[128.23149,36.23534],[128.23162,36.23549],[128.23205,36.23601],[128.23205,36.23605],[128.23132,36.24452],[128.23102,36.24586],[128.23102,36.24589],[128.23102,36.24592],[128.23103,36.24596],[128.23107,36.24612],[128.23108,36.24615],[128.2311,36.24621],[128.23113,36.24626],[128.23119,36.24637],[128.23122,36.24642],[128.23126,36.24646],[128.2325,36.24793],[128.23252,36.24796],[128.23256,36.24798],[128.23338,36.24808],[128.23354,36.2481],[128.23365,36.2481],[128.23485,36.24805],[128.23552,36.24789],[128.23559,36.24787],[128.23568,36.24784],[128.23574,36.24783],[128.2358,36.24783],[128.23597,36.24783],[128.2363,36.24787],[128.23642,36.24788],[128.23648,36.2479],[128.23764,36.24837],[128.23768,36.24838],[128.23775,36.24845],[128.23839,36.25025],[128.2384,36.25034],[128.23841,36.25068],[128.23841,36.25088],[128.23839,36.25101],[128.23838,36.25111],[128.23835,36.25121],[128.23833,36.25127],[128.23828,36.25136],[128.23778,36.2522],[128.23774,36.25224],[128.23761,36.25235],[128.23739,36.25252],[128.23734,36.25255],[128.23723,36.2526],[128.23715,36.25264],[128.23708,36.25268],[128.23704,36.25271],[128.23702,36.25274],[128.23699,36.25279],[128.2369,36.25296],[128.23678,36.25326],[128.23668,36.25354],[128.23635,36.25452],[128.2363,36.25467],[128.23576,36.25729],[128.23575,36.25747],[128.23576,36.25757],[128.23675,36.25967],[128.23679,36.25973],[128.23681,36.25976],[128.23742,36.26022],[128.23762,36.26034],[128.23989,36.26169],[128.24001,36.26174],[128.24106,36.26208],[128.24136,36.26214],[128.24253,36.26078],[128.24624,36.25753],[128.2463,36.25743],[128.2469,36.25597],[128.24699,36.25573],[128.24707,36.2555],[128.24711,36.2553],[128.24712,36.25508],[128.24697,36.25433],[128.2467,36.25296],[128.24658,36.25253],[128.24642,36.25196],[128.24641,36.25191],[128.24604,36.25107],[128.24572,36.25037],[128.24565,36.25017],[128.24563,36.25012],[128.24562,36.25008],[128.24562,36.25005],[128.24596,36.24847],[128.24598,36.24841],[128.24599,36.24838],[128.24601,36.24835],[128.24617,36.24824],[128.24643,36.24808],[128.24652,36.24804],[128.24722,36.24771],[128.24739,36.24763],[128.24749,36.24759],[128.2476,36.24755],[128.24816,36.24737],[128.24823,36.24736],[128.24975,36.2473],[128.25104,36.24735],[128.25115,36.24736],[128.25118,36.2474],[128.25337,36.25028],[128.25551,36.25334],[128.25677,36.25517],[128.25966,36.25905],[128.26264,36.26105],[128.26425,36.26178],[128.26444,36.2619],[128.26467,36.26214],[128.26525,36.26281],[128.26534,36.26295],[128.26542,36.26316],[128.26894,36.26413],[128.26919,36.2642],[128.27,36.26439],[128.27005,36.26438],[128.27009,36.26436],[128.27077,36.26385],[128.27095,36.2637],[128.27108,36.26356],[128.27116,36.26341],[128.27123,36.26339],[128.27144,36.26343],[128.27391,36.26389],[128.27398,36.26391],[128.27413,36.26402],[128.2743,36.26422],[128.27456,36.26524],[128.27458,36.26541],[128.27455,36.26563],[128.27456,36.26604],[128.27483,36.26689],[128.27534,36.26827],[128.27549,36.26849],[128.27581,36.26882],[128.27609,36.26904],[128.27779,36.27034],[128.2779,36.27042],[128.27812,36.27051],[128.28169,36.27164],[128.28889,36.27292],[128.292,36.27147],[128.29216,36.27139],[128.29239,36.2713],[128.29381,36.27075],[128.29396,36.27071],[128.29422,36.27072],[128.29448,36.27075],[128.29459,36.27079],[128.29464,36.2709],[128.29473,36.27118],[128.29559,36.27217],[128.29587,36.27248],[128.2962,36.27278],[128.2987,36.27474],[128.29885,36.27483],[128.29968,36.27518],[128.30058,36.27553],[128.30063,36.27554],[128.30068,36.27556],[128.30078,36.27556],[128.3009,36.27556],[128.30107,36.27552],[128.30128,36.27546],[128.30145,36.27539],[128.30156,36.27534],[128.30161,36.27531],[128.30174,36.27529],[128.30187,36.27528],[128.30209,36.27527],[128.30275,36.27524],[128.30306,36.27526],[128.30361,36.27531],[128.30378,36.27533],[128.30387,36.27536],[128.30518,36.27665],[128.30525,36.27672],[128.30598,36.2777],[128.30605,36.27782],[128.30608,36.27789],[128.30614,36.27819],[128.30616,36.27845],[128.30613,36.28006],[128.30655,36.28268],[128.30659,36.28281],[128.30763,36.28382],[128.30789,36.28403],[128.30963,36.28476],[128.31,36.28488],[128.31026,36.28491],[128.31031,36.28491],[128.3104,36.28485],[128.31069,36.28471],[128.31078,36.28469],[128.31092,36.2847],[128.31112,36.28477],[128.31263,36.2854],[128.31284,36.28553],[128.31531,36.28751],[128.31668,36.28895],[128.32091,36.29238],[128.32124,36.29255],[128.32215,36.29321],[128.32257,36.29352],[128.32391,36.29483],[128.3245,36.29442],[128.32555,36.2939],[128.32722,36.29317],[128.3285,36.29266],[128.33022,36.29202],[128.3318,36.29145],[128.33337,36.2909],[128.33406,36.29067],[128.33494,36.29039],[128.33645,36.28979],[128.33684,36.28958],[128.33735,36.28928],[128.33793,36.28894],[128.33921,36.28818],[128.34049,36.28735],[128.34109,36.28694],[128.3417,36.28628],[128.34204,36.28576],[128.34222,36.2854],[128.34239,36.28496],[128.34273,36.28375],[128.34285,36.28276],[128.34291,36.28228],[128.34319,36.27817],[128.34316,36.2776],[128.34304,36.27671],[128.34225,36.27249],[128.34202,36.27163],[128.34187,36.27111],[128.34149,36.26981],[128.34086,36.26832]]]]}},{"type":"Feature","properties":{"code":"47190253","name":"고아읍","parent":"47190"},"geometry":{"type":"MultiPolygon","coordinates":[[[[128.36385,36.2118],[128.36375,36.21158],[128.36351,36.21114],[128.36309,36.21068],[128.36231,36.21007],[128.36162,36.20963],[128.36076,36.20891],[128.36046,36.20865],[128.36008,36.20817],[128.35975,36.20736],[128.35964,36.20695],[128.3596,36.20653],[128.35965,36.20548],[128.3598,36.20467],[128.36027,36.20296],[128.36046,36.20229],[128.36056,36.20201],[128.36061,36.20187],[128.3616,36.19908],[128.36198,36.19823],[128.362,36.19818],[128.36212,36.19793],[128.363,36.19677],[128.36417,36.19551],[128.36511,36.1947],[128.36651,36.19378],[128.36728,36.19338],[128.36784,36.19312],[128.36966,36.19246],[128.3709,36.19202],[128.37134,36.1918],[128.37179,36.19154],[128.37234,36.19121],[128.37583,36.18883],[128.37943,36.18633],[128.3804,36.18563],[128.38118,36.18507],[128.38151,36.18481],[128.38177,36.18461],[128.38222,36.1842],[128.38285,36.18347],[128.3831,36.18311],[128.38332,36.18262],[128.38344,36.18209],[128.38343,36.18163],[128.38337,36.1813],[128.38328,36.18095],[128.38307,36.1805],[128.3819,36.17797],[128.38115,36.17687],[128.38054,36.17571],[128.38016,36.17498],[128.37993,36.17455],[128.37991,36.17448],[128.3798,36.17423],[128.37972,36.174],[128.37969,36.17381],[128.37967,36.1734],[128.37972,36.17212],[128.37973,36.172],[128.3799,36.17061],[128.38008,36.16933],[128.38019,36.16874],[128.38032,36.168],[128.38057,36.16674],[128.3808,36.16575],[128.38102,36.16496],[128.38126,36.16413],[128.38148,36.16348],[128.38201,36.16193],[128.3821,36.16157],[128.38326,36.15674],[128.38335,36.15617],[128.38337,36.15484],[128.38338,36.15404],[128.38338,36.15329],[128.38328,36.15263],[128.38316,36.1524],[128.38297,36.15208],[128.38258,36.15151],[128.38089,36.14921],[128.38082,36.14915],[128.38043,36.14848],[128.38007,36.14751],[128.3795,36.14589],[128.37909,36.14468],[128.37872,36.14361],[128.37838,36.14278],[128.37789,36.14179],[128.37754,36.14121],[128.37734,36.1409],[128.377,36.14038],[128.37521,36.13821],[128.37488,36.13803],[128.3725,36.13796],[128.36839,36.13821],[128.36672,36.13819],[128.36385,36.13793],[128.36268,36.13776],[128.36194,36.13824],[128.3618,36.13838],[128.36159,36.13861],[128.35957,36.14088],[128.35606,36.14482],[128.3558,36.14508],[128.35462,36.14587],[128.35383,36.1464],[128.34878,36.14713],[128.34806,36.14793],[128.34675,36.14896],[128.34453,36.14925],[128.33947,36.14928],[128.33278,36.14888],[128.32974,36.14914],[128.32848,36.14933],[128.32445,36.15167],[128.32438,36.15174],[128.32413,36.15214],[128.3241,36.1522],[128.324,36.1524],[128.32392,36.1527],[128.32387,36.15301],[128.32386,36.1532],[128.32385,36.15344],[128.32383,36.15387],[128.32379,36.15397],[128.32372,36.15407],[128.32362,36.15413],[128.32342,36.15419],[128.32324,36.15421],[128.32311,36.15421],[128.32299,36.15419],[128.32249,36.15409],[128.32022,36.15401],[128.31923,36.15572],[128.31816,36.15886],[128.31811,36.15895],[128.31771,36.15949],[128.31575,36.16213],[128.31467,36.16333],[128.31307,36.16415],[128.3127,36.16426],[128.31221,36.16441],[128.31018,36.16504],[128.30925,36.16536],[128.30472,36.16811],[128.30429,36.16842],[128.30402,36.16866],[128.30379,36.16889],[128.3036,36.1692],[128.30254,36.1712],[128.30252,36.17128],[128.30253,36.17138],[128.30266,36.17164],[128.30281,36.17189],[128.30292,36.17217],[128.30296,36.17235],[128.30295,36.17244],[128.30294,36.17248],[128.30293,36.17253],[128.30285,36.17262],[128.3021,36.17335],[128.30198,36.17347],[128.30182,36.17355],[128.3017,36.17356],[128.30163,36.17355],[128.30153,36.17354],[128.30128,36.17348],[128.30098,36.17338],[128.30059,36.17322],[128.30045,36.17314],[128.30035,36.17304],[128.29983,36.17259],[128.29926,36.1722],[128.29917,36.17216],[128.29787,36.17173],[128.29581,36.17124],[128.29555,36.1712],[128.29532,36.17121],[128.29509,36.17125],[128.29461,36.17132],[128.29435,36.17133],[128.29409,36.17134],[128.29382,36.17132],[128.2935,36.17129],[128.29307,36.17119],[128.2929,36.17114],[128.29273,36.17109],[128.29181,36.17071],[128.29089,36.17055],[128.28639,36.17184],[128.28235,36.17221],[128.27801,36.17126],[128.27434,36.17217],[128.27332,36.17244],[128.27175,36.1731],[128.27162,36.17316],[128.27056,36.17408],[128.27051,36.17417],[128.27045,36.17431],[128.27037,36.17466],[128.27029,36.17509],[128.27027,36.17528],[128.27013,36.17698],[128.27012,36.17738],[128.27013,36.17798],[128.27015,36.17814],[128.27017,36.17832],[128.27031,36.17878],[128.27041,36.17903],[128.27124,36.18031],[128.27168,36.18084],[128.27272,36.18176],[128.27308,36.1824],[128.27259,36.18607],[128.2724,36.18657],[128.27212,36.18704],[128.27062,36.19135],[128.27067,36.19148],[128.27136,36.19423],[128.2714,36.19442],[128.27129,36.19528],[128.27112,36.19535],[128.26937,36.19609],[128.26545,36.19762],[128.26521,36.19771],[128.26496,36.19775],[128.26461,36.19774],[128.26252,36.19764],[128.26158,36.19874],[128.26134,36.19893],[128.26103,36.19917],[128.26055,36.19941],[128.25741,36.20082],[128.25673,36.2011],[128.25788,36.20152],[128.26167,36.20296],[128.26201,36.20315],[128.26241,36.20333],[128.26285,36.20354],[128.26488,36.20433],[128.2654,36.20451],[128.26601,36.20462],[128.26656,36.20459],[128.26772,36.2045],[128.26875,36.20431],[128.26889,36.20427],[128.27048,36.20357],[128.2728,36.20254],[128.27318,36.2024],[128.27384,36.20225],[128.27531,36.20206],[128.27617,36.20201],[128.27685,36.20198],[128.27749,36.20202],[128.278,36.20207],[128.27873,36.20225],[128.27954,36.2025],[128.28008,36.2027],[128.28051,36.2029],[128.28057,36.20293],[128.28065,36.20296],[128.2808,36.20307],[128.2809,36.20314],[128.28304,36.20486],[128.28397,36.20581],[128.28421,36.20615],[128.28449,36.20699],[128.2845,36.20728],[128.28455,36.20831],[128.28446,36.20883],[128.28432,36.2093],[128.2838,36.21003],[128.28323,36.21066],[128.282,36.21162],[128.28084,36.21243],[128.28067,36.21254],[128.27939,36.21332],[128.27763,36.21461],[128.27678,36.21541],[128.27632,36.21592],[128.2756,36.21678],[128.27525,36.21754],[128.27503,36.21807],[128.27469,36.21932],[128.27475,36.21966],[128.27516,36.2217],[128.2753,36.22213],[128.27575,36.22315],[128.27591,36.22347],[128.27634,36.22385],[128.2778,36.22477],[128.2787,36.22512],[128.27904,36.2252],[128.27945,36.22528],[128.27974,36.2253],[128.28012,36.22527],[128.28047,36.22525],[128.28083,36.2252],[128.28183,36.22494],[128.28295,36.22456],[128.28406,36.22414],[128.28491,36.22372],[128.28535,36.22344],[128.28584,36.22304],[128.28643,36.22242],[128.28883,36.2202],[128.28943,36.21975],[128.28982,36.21952],[128.29037,36.21924],[128.29133,36.21885],[128.29248,36.21871],[128.2934,36.21868],[128.29546,36.21869],[128.29732,36.21884],[128.2978,36.21888],[128.29843,36.21895],[128.29938,36.21907],[128.30049,36.21928],[128.30163,36.21964],[128.30196,36.2198],[128.30224,36.21993],[128.30278,36.22025],[128.30325,36.22063],[128.30375,36.2211],[128.30419,36.22166],[128.30504,36.22294],[128.30532,36.22341],[128.30549,36.22377],[128.30555,36.22403],[128.30567,36.2246],[128.30603,36.22541],[128.30647,36.22598],[128.30673,36.22626],[128.30699,36.22649],[128.30867,36.22771],[128.30893,36.22783],[128.30911,36.22789],[128.31547,36.22952],[128.31551,36.22953],[128.31602,36.22966],[128.3165,36.22977],[128.31711,36.22984],[128.31772,36.22985],[128.31825,36.22981],[128.31868,36.22973],[128.31895,36.22964],[128.31912,36.22956],[128.31919,36.2295],[128.31921,36.22944],[128.31919,36.22933],[128.31887,36.22796],[128.31891,36.2275],[128.31903,36.22719],[128.31926,36.22679],[128.32111,36.2241],[128.32326,36.22213],[128.32477,36.22082],[128.3278,36.21833],[128.33164,36.21541],[128.3321,36.21515],[128.3329,36.21482],[128.33426,36.21539],[128.33629,36.21585],[128.33674,36.21592],[128.33882,36.21611],[128.33953,36.21614],[128.33969,36.21614],[128.3439,36.21539],[128.34401,36.21535],[128.34722,36.21394],[128.34901,36.21293],[128.34941,36.21268],[128.35007,36.21226],[128.35014,36.21219],[128.35029,36.21197],[128.35048,36.2118],[128.35069,36.2117],[128.35084,36.21166],[128.35191,36.21144],[128.35755,36.21109],[128.35927,36.21112],[128.36385,36.2118]]]]}},{"type":"Feature","properties":{"code":"47190310","name":"무을면","parent":"47190"},"geometry":{"type":"MultiPolygon","coordinates":[[[[128.19919,36.2982],[128.19789,36.29727],[128.1978,36.29719],[128.19775,36.29712],[128.19695,36.29578],[128.1969,36.29568],[128.1966,36.29511],[128.19652,36.29494],[128.1965,36.29488],[128.1965,36.29478],[128.19652,36.29472],[128.1966,36.29463],[128.19671,36.29454],[128.19687,36.29445],[128.19706,36.29436],[128.19726,36.29427],[128.19738,36.29424],[128.19765,36.29417],[128.1978,36.29415],[128.19794,36.2941],[128.19811,36.294],[128.199,36.29342],[128.19962,36.29299],[128.19974,36.29285],[128.1998,36.29276],[128.20156,36.29011],[128.20177,36.28964],[128.20162,36.28828],[128.20151,36.28789],[128.20138,36.28742],[128.20131,36.28725],[128.20129,36.28719],[128.20119,36.28677],[128.20119,36.28669],[128.20135,36.28559],[128.2014,36.28549],[128.20145,36.28542],[128.20167,36.28528],[128.20184,36.28517],[128.20205,36.28505],[128.20242,36.28484],[128.20257,36.28477],[128.20275,36.28472],[128.20282,36.2847],[128.20596,36.28412],[128.2067,36.2841],[128.20692,36.28413],[128.20717,36.28412],[128.20754,36.2841],[128.20766,36.28407],[128.20779,36.28404],[128.20874,36.28377],[128.20896,36.28368],[128.20908,36.28362],[128.2093,36.28349],[128.20964,36.28328],[128.20991,36.28311],[128.21012,36.28295],[128.21029,36.2828],[128.21105,36.28198],[128.21108,36.28194],[128.21272,36.27906],[128.21419,36.2766],[128.21425,36.27653],[128.21432,36.27648],[128.21601,36.27604],[128.21614,36.27602],[128.21624,36.27602],[128.2228,36.27622],[128.22555,36.27691],[128.22566,36.27698],[128.22588,36.27716],[128.22987,36.27788],[128.23507,36.2772],[128.23515,36.27715],[128.23526,36.27707],[128.23712,36.27532],[128.23725,36.27518],[128.23735,36.27502],[128.23742,36.27485],[128.23801,36.27264],[128.2383,36.2713],[128.2383,36.2712],[128.23825,36.27105],[128.23817,36.27091],[128.23796,36.27058],[128.23788,36.27044],[128.23781,36.27028],[128.23779,36.27014],[128.23778,36.26994],[128.2379,36.26922],[128.23795,36.26909],[128.23926,36.26734],[128.23938,36.26719],[128.23953,36.2671],[128.23971,36.26703],[128.24004,36.26695],[128.24027,36.2669],[128.24039,36.26685],[128.24049,36.26675],[128.24058,36.26665],[128.24109,36.26601],[128.2412,36.26585],[128.24144,36.26545],[128.24157,36.2651],[128.24171,36.26322],[128.24172,36.26308],[128.24171,36.26298],[128.24168,36.26286],[128.24136,36.26214],[128.24106,36.26208],[128.24001,36.26174],[128.23989,36.26169],[128.23762,36.26034],[128.23742,36.26022],[128.23681,36.25976],[128.23679,36.25973],[128.23675,36.25967],[128.23576,36.25757],[128.23575,36.25747],[128.23576,36.25729],[128.2363,36.25467],[128.23635,36.25452],[128.23668,36.25354],[128.23678,36.25326],[128.2369,36.25296],[128.23699,36.25279],[128.23702,36.25274],[128.23704,36.25271],[128.23708,36.25268],[128.23715,36.25264],[128.23723,36.2526],[128.23734,36.25255],[128.23739,36.25252],[128.23761,36.25235],[128.23774,36.25224],[128.23778,36.2522],[128.23828,36.25136],[128.23833,36.25127],[128.23835,36.25121],[128.23838,36.25111],[128.23839,36.25101],[128.23841,36.25088],[128.23841,36.25068],[128.2384,36.25034],[128.23839,36.25025],[128.23775,36.24845],[128.23768,36.24838],[128.23764,36.24837],[128.23648,36.2479],[128.23642,36.24788],[128.2363,36.24787],[128.23597,36.24783],[128.2358,36.24783],[128.23574,36.24783],[128.23568,36.24784],[128.23559,36.24787],[128.23552,36.24789],[128.23485,36.24805],[128.23365,36.2481],[128.23354,36.2481],[128.23338,36.24808],[128.23256,36.24798],[128.23252,36.24796],[128.2325,36.24793],[128.23126,36.24646],[128.23122,36.24642],[128.23119,36.24637],[128.23113,36.24626],[128.2311,36.24621],[128.23108,36.24615],[128.23107,36.24612],[128.23103,36.24596],[128.23102,36.24592],[128.23102,36.24589],[128.23102,36.24586],[128.23132,36.24452],[128.23205,36.23605],[128.23205,36.23601],[128.23162,36.23549],[128.23149,36.23534],[128.23139,36.23523],[128.23136,36.23521],[128.23133,36.23519],[128.22691,36.23217],[128.22667,36.23202],[128.22645,36.23189],[128.22625,36.2318],[128.22599,36.23169],[128.2258,36.23166],[128.22406,36.23077],[128.22402,36.23076],[128.22306,36.23061],[128.223,36.2306],[128.22018,36.23035],[128.2201,36.23035],[128.21894,36.23035],[128.21886,36.23035],[128.21875,36.23037],[128.21861,36.23042],[128.21847,36.23048],[128.21843,36.2305],[128.21833,36.23055],[128.21824,36.23063],[128.21804,36.23087],[128.21713,36.23208],[128.2171,36.23214],[128.21707,36.23222],[128.21706,36.23229],[128.216,36.23406],[128.2144,36.23666],[128.21434,36.23673],[128.21426,36.2368],[128.21415,36.23688],[128.21392,36.237],[128.21048,36.23804],[128.20948,36.2383],[128.20815,36.2384],[128.20297,36.23956],[128.20289,36.23958],[128.20167,36.23993],[128.20161,36.23996],[128.20155,36.24],[128.20147,36.24006],[128.1996,36.24173],[128.19937,36.24198],[128.19923,36.24214],[128.19905,36.24241],[128.19895,36.24263],[128.19883,36.24291],[128.19876,36.24311],[128.19866,36.24333],[128.19855,36.24353],[128.19841,36.24374],[128.19828,36.24385],[128.197,36.24468],[128.19694,36.24471],[128.19686,36.24473],[128.19202,36.24443],[128.19122,36.24435],[128.19024,36.24421],[128.1884,36.24393],[128.18832,36.24391],[128.18825,36.24389],[128.18812,36.24384],[128.1842,36.24394],[128.17838,36.2445],[128.17513,36.24504],[128.17317,36.24544],[128.17235,36.24573],[128.17227,36.24576],[128.17217,36.24581],[128.17177,36.24604],[128.17147,36.24623],[128.17122,36.24639],[128.17112,36.24647],[128.16908,36.24846],[128.16796,36.25002],[128.16793,36.25009],[128.16763,36.25102],[128.1676,36.25113],[128.16759,36.25129],[128.16754,36.25201],[128.16754,36.2521],[128.16757,36.2522],[128.16763,36.25232],[128.16773,36.25244],[128.16779,36.25255],[128.16783,36.25263],[128.16785,36.2527],[128.16784,36.25278],[128.16767,36.25349],[128.16761,36.25356],[128.1675,36.25363],[128.16591,36.25462],[128.16522,36.255],[128.16448,36.25534],[128.1619,36.25646],[128.16012,36.25707],[128.15889,36.25721],[128.15849,36.25703],[128.1576,36.25663],[128.15747,36.2566],[128.15704,36.25653],[128.15687,36.25652],[128.15297,36.25643],[128.15151,36.25646],[128.15138,36.25647],[128.14995,36.25668],[128.14977,36.25672],[128.14926,36.25686],[128.14818,36.25705],[128.14558,36.25743],[128.14529,36.25746],[128.14508,36.25748],[128.14495,36.25745],[128.14476,36.25738],[128.14388,36.25705],[128.14146,36.25827],[128.14072,36.25828],[128.13997,36.25816],[128.13925,36.25804],[128.13775,36.25761],[128.13758,36.25752],[128.13705,36.25715],[128.13697,36.25719],[128.13693,36.25723],[128.13672,36.25741],[128.13668,36.2575],[128.13665,36.2576],[128.13636,36.25907],[128.13636,36.2592],[128.13687,36.26057],[128.13693,36.2607],[128.13701,36.2608],[128.1372,36.26095],[128.13594,36.26377],[128.1352,36.26458],[128.1328,36.26788],[128.13276,36.26794],[128.133,36.27058],[128.13303,36.27083],[128.13314,36.27158],[128.13317,36.27169],[128.13326,36.27179],[128.13334,36.27188],[128.13349,36.27199],[128.13375,36.27214],[128.13398,36.27239],[128.13424,36.27267],[128.13438,36.27287],[128.13441,36.27294],[128.13442,36.27397],[128.13577,36.27999],[128.13853,36.28434],[128.13869,36.2846],[128.13888,36.28486],[128.13894,36.28493],[128.1399,36.28603],[128.14006,36.28618],[128.14015,36.28625],[128.14511,36.28886],[128.14521,36.2889],[128.14659,36.28885],[128.14679,36.28883],[128.14698,36.28874],[128.14735,36.28853],[128.1476,36.28834],[128.14781,36.28817],[128.14809,36.28795],[128.14817,36.28792],[128.14823,36.28792],[128.1483,36.28794],[128.14841,36.288],[128.15379,36.2923],[128.15408,36.29257],[128.15422,36.29275],[128.15432,36.29288],[128.15434,36.29301],[128.15443,36.29429],[128.15474,36.2948],[128.15481,36.29485],[128.1554,36.29523],[128.16241,36.29743],[128.16356,36.29738],[128.16374,36.29728],[128.16399,36.29716],[128.16421,36.29707],[128.16436,36.29701],[128.16452,36.29697],[128.16464,36.29696],[128.16481,36.29697],[128.1661,36.29715],[128.16627,36.29718],[128.1664,36.29723],[128.16657,36.29731],[128.1676,36.29793],[128.16767,36.29797],[128.1687,36.29878],[128.16875,36.29884],[128.16878,36.29892],[128.16879,36.299],[128.16878,36.29915],[128.16881,36.29925],[128.16886,36.29933],[128.16901,36.29944],[128.16925,36.29959],[128.16941,36.29967],[128.17052,36.29996],[128.17063,36.29997],[128.17078,36.29996],[128.17205,36.29982],[128.17239,36.29976],[128.17318,36.2992],[128.17679,36.29751],[128.17686,36.29748],[128.17697,36.29744],[128.17701,36.29744],[128.17708,36.29743],[128.1772,36.29744],[128.17757,36.29765],[128.17785,36.29783],[128.17803,36.29796],[128.1781,36.29802],[128.17823,36.29809],[128.17834,36.29813],[128.17962,36.29844],[128.17968,36.29843],[128.18216,36.29789],[128.18412,36.29745],[128.18453,36.29733],[128.18461,36.29732],[128.1847,36.29732],[128.18479,36.29734],[128.18487,36.29738],[128.18533,36.29763],[128.1863,36.29825],[128.18753,36.29914],[128.1881,36.30004],[128.18954,36.30065],[128.19012,36.30058],[128.19546,36.29967],[128.19919,36.2982]]]]}},{"type":"Feature","properties":{"code":"47190320","name":"옥성면","parent":"47190"},"geometry":{"type":"MultiPolygon","coordinates":[[[[128.28405,36.34725],[128.28506,36.34675],[128.28636,36.34632],[128.2872,36.34611],[128.28765,36.34607],[128.28785,36.34607],[128.29084,36.34508],[128.28895,36.34262],[128.28765,36.3377],[128.28766,36.33751],[128.28739,36.33203],[128.28687,36.33119],[128.28562,36.32917],[128.28495,36.32818],[128.28479,36.32795],[128.28436,36.32743],[128.2838,36.32672],[128.28302,36.32568],[128.28292,36.32553],[128.28276,36.3253],[128.28212,36.32435],[128.28178,36.32367],[128.28157,36.32321],[128.28146,36.32294],[128.28131,36.32235],[128.28121,36.32189],[128.28117,36.3217],[128.28111,36.32142],[128.28109,36.32108],[128.2811,36.32085],[128.28112,36.32051],[128.28117,36.32026],[128.28126,36.31993],[128.28136,36.31972],[128.28151,36.31949],[128.2819,36.31891],[128.28207,36.3187],[128.2855,36.31489],[128.28583,36.31454],[128.28603,36.31436],[128.28634,36.31421],[128.2866,36.3141],[128.28687,36.314],[128.28775,36.31371],[128.29251,36.31227],[128.29292,36.31214],[128.29338,36.31201],[128.29559,36.3114],[128.29645,36.31117],[128.29698,36.31104],[128.29779,36.31085],[128.29829,36.31075],[128.29867,36.31067],[128.29901,36.31062],[128.30043,36.31046],[128.30075,36.31041],[128.30117,36.31034],[128.3021,36.31016],[128.3025,36.31006],[128.30348,36.30978],[128.30374,36.3097],[128.30402,36.30961],[128.30437,36.30941],[128.30486,36.30907],[128.30513,36.30886],[128.30614,36.30807],[128.30656,36.30774],[128.30749,36.30696],[128.3086,36.30604],[128.30945,36.30525],[128.30975,36.30496],[128.31081,36.30395],[128.31174,36.30313],[128.31238,36.30266],[128.31457,36.30126],[128.31514,36.3009],[128.31579,36.30049],[128.3159,36.30042],[128.31706,36.29971],[128.3179,36.29916],[128.31973,36.29788],[128.32279,36.29568],[128.32324,36.29535],[128.32391,36.29483],[128.32257,36.29352],[128.32215,36.29321],[128.32124,36.29255],[128.32091,36.29238],[128.31668,36.28895],[128.31531,36.28751],[128.31284,36.28553],[128.31263,36.2854],[128.31112,36.28477],[128.31092,36.2847],[128.31078,36.28469],[128.31069,36.28471],[128.3104,36.28485],[128.31031,36.28491],[128.31026,36.28491],[128.31,36.28488],[128.30963,36.28476],[128.30789,36.28403],[128.30763,36.28382],[128.30659,36.28281],[128.30655,36.28268],[128.30613,36.28006],[128.30616,36.27845],[128.30614,36.27819],[128.30608,36.27789],[128.30605,36.27782],[128.30598,36.2777],[128.30525,36.27672],[128.30518,36.27665],[128.30387,36.27536],[128.30378,36.27533],[128.30361,36.27531],[128.30306,36.27526],[128.30275,36.27524],[128.30209,36.27527],[128.30187,36.27528],[128.30174,36.27529],[128.30161,36.27531],[128.30156,36.27534],[128.30145,36.27539],[128.30128,36.27546],[128.30107,36.27552],[128.3009,36.27556],[128.30078,36.27556],[128.30068,36.27556],[128.30063,36.27554],[128.30058,36.27553],[128.29968,36.27518],[128.29885,36.27483],[128.2987,36.27474],[128.2962,36.27278],[128.29587,36.27248],[128.29559,36.27217],[128.29473,36.27118],[128.29464,36.2709],[128.29459,36.27079],[128.29448,36.27075],[128.29422,36.27072],[128.29396,36.27071],[128.29381,36.27075],[128.29239,36.2713],[128.29216,36.27139],[128.292,36.27147],[128.28889,36.27292],[128.28169,36.27164],[128.27812,36.27051],[128.2779,36.27042],[128.27779,36.27034],[128.27609,36.26904],[128.27581,36.26882],[128.27549,36.26849],[128.27534,36.26827],[128.27483,36.26689],[128.27456,36.26604],[128.27455,36.26563],[128.27458,36.26541],[128.27456,36.26524],[128.2743,36.26422],[128.27413,36.26402],[128.27398,36.26391],[128.27391,36.26389],[128.27144,36.26343],[128.27123,36.26339],[128.27116,36.26341],[128.27108,36.26356],[128.27095,36.2637],[128.27077,36.26385],[128.27009,36.26436],[128.27005,36.26438],[128.27,36.26439],[128.26919,36.2642],[128.26894,36.26413],[128.26542,36.26316],[128.26534,36.26295],[128.26525,36.26281],[128.26467,36.26214],[128.26444,36.2619],[128.26425,36.26178],[128.26264,36.26105],[128.25966,36.25905],[128.25677,36.25517],[128.25551,36.25334],[128.25337,36.25028],[128.25118,36.2474],[128.25115,36.24736],[128.25104,36.24735],[128.24975,36.2473],[128.24823,36.24736],[128.24816,36.24737],[128.2476,36.24755],[128.24749,36.24759],[128.24739,36.24763],[128.24722,36.24771],[128.24652,36.24804],[128.24643,36.24808],[128.24617,36.24824],[128.24601,36.24835],[128.24599,36.24838],[128.24598,36.24841],[128.24596,36.24847],[128.24562,36.25005],[128.24562,36.25008],[128.24563,36.25012],[128.24565,36.25017],[128.24572,36.25037],[128.24604,36.25107],[128.24641,36.25191],[128.24642,36.25196],[128.24658,36.25253],[128.2467,36.25296],[128.24697,36.25433],[128.24712,36.25508],[128.24711,36.2553],[128.24707,36.2555],[128.24699,36.25573],[128.2469,36.25597],[128.2463,36.25743],[128.24624,36.25753],[128.24253,36.26078],[128.24136,36.26214],[128.24168,36.26286],[128.24171,36.26298],[128.24172,36.26308],[128.24171,36.26322],[128.24157,36.2651],[128.24144,36.26545],[128.2412,36.26585],[128.24109,36.26601],[128.24058,36.26665],[128.24049,36.26675],[128.24039,36.26685],[128.24027,36.2669],[128.24004,36.26695],[128.23971,36.26703],[128.23953,36.2671],[128.23938,36.26719],[128.23926,36.26734],[128.23795,36.26909],[128.2379,36.26922],[128.23778,36.26994],[128.23779,36.27014],[128.23781,36.27028],[128.23788,36.27044],[128.23796,36.27058],[128.23817,36.27091],[128.23825,36.27105],[128.2383,36.2712],[128.2383,36.2713],[128.23801,36.27264],[128.23742,36.27485],[128.23735,36.27502],[128.23725,36.27518],[128.23712,36.27532],[128.23526,36.27707],[128.23515,36.27715],[128.23507,36.2772],[128.22987,36.27788],[128.22588,36.27716],[128.22566,36.27698],[128.22555,36.27691],[128.2228,36.27622],[128.21624,36.27602],[128.21614,36.27602],[128.21601,36.27604],[128.21432,36.27648],[128.21425,36.27653],[128.21419,36.2766],[128.21272,36.27906],[128.21108,36.28194],[128.21105,36.28198],[128.21029,36.2828],[128.21012,36.28295],[128.20991,36.28311],[128.20964,36.28328],[128.2093,36.28349],[128.20908,36.28362],[128.20896,36.28368],[128.20874,36.28377],[128.20779,36.28404],[128.20766,36.28407],[128.20754,36.2841],[128.20717,36.28412],[128.20692,36.28413],[128.2067,36.2841],[128.20596,36.28412],[128.20282,36.2847],[128.20275,36.28472],[128.20257,36.28477],[128.20242,36.28484],[128.20205,36.28505],[128.20184,36.28517],[128.20167,36.28528],[128.20145,36.28542],[128.2014,36.28549],[128.20135,36.28559],[128.20119,36.28669],[128.20119,36.28677],[128.20129,36.28719],[128.20131,36.28725],[128.20138,36.28742],[128.20151,36.28789],[128.20162,36.28828],[128.20177,36.28964],[128.20156,36.29011],[128.1998,36.29276],[128.19974,36.29285],[128.19962,36.29299],[128.199,36.29342],[128.19811,36.294],[128.19794,36.2941],[128.1978,36.29415],[128.19765,36.29417],[128.19738,36.29424],[128.19726,36.29427],[128.19706,36.29436],[128.19687,36.29445],[128.19671,36.29454],[128.1966,36.29463],[128.19652,36.29472],[128.1965,36.29478],[128.1965,36.29488],[128.19652,36.29494],[128.1966,36.29511],[128.1969,36.29568],[128.19695,36.29578],[128.19775,36.29712],[128.1978,36.29719],[128.19789,36.29727],[128.19919,36.2982],[128.20039,36.29808],[128.20051,36.29808],[128.20061,36.29808],[128.20071,36.29808],[128.20144,36.2981],[128.20676,36.29886],[128.20688,36.2989],[128.20695,36.29894],[128.20706,36.29902],[128.2099,36.30139],[128.20993,36.30143],[128.21168,36.30321],[128.21191,36.30346],[128.21225,36.30386],[128.21232,36.30394],[128.21236,36.30403],[128.21241,36.30447],[128.21243,36.30467],[128.21245,36.30474],[128.21248,36.30482],[128.21254,36.30496],[128.21258,36.30501],[128.21264,36.30506],[128.21286,36.30518],[128.21331,36.30539],[128.21851,36.30711],[128.21855,36.30713],[128.21861,36.30714],[128.2194,36.30723],[128.21959,36.30724],[128.22256,36.30691],[128.2228,36.30685],[128.22291,36.30682],[128.22314,36.30674],[128.22439,36.30624],[128.22449,36.30619],[128.22458,36.30614],[128.22464,36.3061],[128.22468,36.30605],[128.22472,36.30599],[128.22501,36.30538],[128.22513,36.30509],[128.22538,36.30462],[128.22576,36.30392],[128.22581,36.30386],[128.22588,36.30379],[128.22593,36.30376],[128.226,36.30373],[128.22766,36.30355],[128.22795,36.30354],[128.228,36.30355],[128.22807,36.30358],[128.22846,36.30372],[128.22855,36.30377],[128.22873,36.30394],[128.2291,36.30428],[128.22914,36.30434],[128.22918,36.30439],[128.2292,36.30445],[128.22923,36.30457],[128.22931,36.30485],[128.22934,36.30499],[128.22935,36.30505],[128.22942,36.30674],[128.22942,36.30677],[128.2294,36.30679],[128.22937,36.30684],[128.22934,36.30687],[128.22931,36.30689],[128.22912,36.30698],[128.22897,36.30705],[128.22892,36.30706],[128.22887,36.30709],[128.22874,36.30717],[128.22871,36.3072],[128.2287,36.30725],[128.22858,36.30788],[128.22857,36.30791],[128.22857,36.30799],[128.22858,36.30842],[128.22859,36.30846],[128.22859,36.30849],[128.2286,36.30853],[128.22863,36.30858],[128.23008,36.31213],[128.23094,36.3146],[128.23149,36.31821],[128.23145,36.31824],[128.23107,36.31862],[128.231,36.3187],[128.23094,36.31876],[128.23093,36.31879],[128.2309,36.3189],[128.23057,36.32036],[128.23056,36.32039],[128.23057,36.32042],[128.23107,36.32278],[128.23193,36.32383],[128.23196,36.32387],[128.23198,36.32393],[128.23199,36.32408],[128.23199,36.32421],[128.23173,36.32619],[128.23154,36.32749],[128.23124,36.32839],[128.23121,36.32847],[128.23114,36.32855],[128.23109,36.3286],[128.23105,36.32864],[128.2309,36.32876],[128.23079,36.32883],[128.23066,36.32891],[128.23054,36.32898],[128.23037,36.32907],[128.23024,36.32913],[128.23014,36.32918],[128.23009,36.32923],[128.23003,36.32933],[128.23001,36.32944],[128.23001,36.32963],[128.23001,36.32968],[128.23005,36.32979],[128.23148,36.33378],[128.2315,36.33384],[128.23155,36.33392],[128.23169,36.33415],[128.23187,36.33444],[128.23195,36.33455],[128.23204,36.33466],[128.23213,36.33475],[128.23218,36.33479],[128.2323,36.33486],[128.23237,36.3349],[128.23244,36.33493],[128.23248,36.33494],[128.23256,36.33494],[128.23264,36.33495],[128.23277,36.33496],[128.23324,36.33507],[128.23345,36.33513],[128.23356,36.33518],[128.23363,36.33521],[128.23367,36.33524],[128.23371,36.33529],[128.23378,36.3354],[128.2367,36.33993],[128.23695,36.34072],[128.23696,36.34078],[128.237,36.34085],[128.23704,36.34093],[128.23711,36.34103],[128.23792,36.34214],[128.23801,36.34224],[128.2395,36.34363],[128.24055,36.3445],[128.24594,36.34946],[128.24655,36.35013],[128.24662,36.3502],[128.24669,36.35025],[128.2468,36.35034],[128.24688,36.35039],[128.24702,36.3505],[128.2472,36.35061],[128.24734,36.35069],[128.24767,36.35088],[128.2478,36.35094],[128.24934,36.35144],[128.24954,36.3515],[128.25005,36.3516],[128.25027,36.35164],[128.25037,36.35164],[128.25142,36.35175],[128.2521,36.35325],[128.25214,36.35343],[128.25216,36.3537],[128.25215,36.35387],[128.2521,36.35407],[128.25198,36.35437],[128.2519,36.35457],[128.25179,36.35474],[128.25128,36.35556],[128.25092,36.35682],[128.25092,36.35692],[128.25098,36.35702],[128.25329,36.36037],[128.25339,36.36044],[128.25521,36.3615],[128.25529,36.36153],[128.25624,36.36175],[128.25883,36.3619],[128.25909,36.36191],[128.25934,36.36191],[128.26179,36.36186],[128.26243,36.36181],[128.26489,36.36156],[128.26499,36.36155],[128.26779,36.3616],[128.26786,36.36165],[128.26939,36.36241],[128.26947,36.36243],[128.27173,36.36188],[128.27187,36.36185],[128.27197,36.36178],[128.2722,36.36157],[128.27259,36.36115],[128.27361,36.36081],[128.274,36.36066],[128.27412,36.3606],[128.27432,36.36048],[128.27449,36.36036],[128.27594,36.35938],[128.27602,36.35929],[128.27754,36.35735],[128.2776,36.35726],[128.27774,36.35701],[128.27778,36.3569],[128.2784,36.35519],[128.27848,36.35496],[128.27822,36.35386],[128.2778,36.35294],[128.27761,36.35256],[128.27746,36.35225],[128.27731,36.35206],[128.27722,36.35192],[128.27716,36.35172],[128.27708,36.35129],[128.27706,36.35116],[128.27704,36.35089],[128.27704,36.35067],[128.27707,36.35054],[128.27714,36.3504],[128.27726,36.35026],[128.27735,36.35019],[128.27745,36.35012],[128.28072,36.34824],[128.2831,36.34769],[128.28377,36.34739],[128.28405,36.34725]]]]}},{"type":"Feature","properties":{"code":"47190330","name":"도개면","parent":"47190"},"geometry":{"type":"MultiPolygon","coordinates":[[[[128.37917,36.32266],[128.37918,36.32203],[128.37958,36.31965],[128.3796,36.31958],[128.37962,36.3195],[128.37968,36.31943],[128.3798,36.31935],[128.37997,36.31924],[128.38017,36.31914],[128.38037,36.31905],[128.38053,36.31898],[128.3806,36.31894],[128.38066,36.31889],[128.38073,36.31881],[128.38076,36.31874],[128.38083,36.31853],[128.3809,36.31829],[128.38104,36.31778],[128.38104,36.31771],[128.38103,36.31633],[128.38103,36.31617],[128.38097,36.3156],[128.38094,36.31539],[128.38084,36.315],[128.38079,36.31488],[128.38074,36.31482],[128.38066,36.3147],[128.38054,36.31442],[128.38044,36.31407],[128.38038,36.31388],[128.38036,36.31379],[128.38037,36.31372],[128.38039,36.31358],[128.38047,36.3133],[128.38057,36.31302],[128.38063,36.31289],[128.38072,36.31271],[128.38081,36.31254],[128.38087,36.31244],[128.38094,36.31238],[128.381,36.31235],[128.38386,36.31101],[128.38406,36.31093],[128.38498,36.3106],[128.38589,36.31029],[128.38623,36.31019],[128.38635,36.31016],[128.38649,36.31014],[128.38662,36.31014],[128.38676,36.31014],[128.38691,36.31017],[128.38724,36.31023],[128.38975,36.30786],[128.38793,36.30383],[128.3879,36.30377],[128.38788,36.30367],[128.38788,36.3036],[128.38789,36.30357],[128.38793,36.3035],[128.39081,36.29957],[128.39369,36.29874],[128.39381,36.29874],[128.39394,36.29874],[128.39411,36.2987],[128.39424,36.29864],[128.39557,36.29753],[128.3956,36.2975],[128.3957,36.2972],[128.39577,36.29699],[128.39592,36.29612],[128.39599,36.29549],[128.39607,36.29481],[128.39658,36.29358],[128.39663,36.29349],[128.40165,36.28949],[128.40184,36.28937],[128.40199,36.28928],[128.40383,36.28843],[128.40471,36.28804],[128.4059,36.28763],[128.40602,36.2876],[128.40614,36.28757],[128.40623,36.28755],[128.40632,36.28754],[128.40651,36.28751],[128.40662,36.28751],[128.4086,36.28746],[128.40912,36.28745],[128.41096,36.28749],[128.41125,36.28751],[128.41139,36.28743],[128.41143,36.2874],[128.41146,36.28738],[128.41154,36.28728],[128.41201,36.28662],[128.41219,36.28635],[128.41299,36.28507],[128.41354,36.28359],[128.41357,36.28353],[128.41358,36.2835],[128.41365,36.28342],[128.41373,36.28334],[128.41391,36.28319],[128.41402,36.28312],[128.42368,36.27889],[128.4241,36.27883],[128.42419,36.27881],[128.42424,36.27879],[128.42429,36.27877],[128.42434,36.27873],[128.42608,36.27747],[128.42613,36.27741],[128.42697,36.27622],[128.42699,36.27616],[128.42652,36.27367],[128.42644,36.27357],[128.4248,36.27156],[128.42334,36.27078],[128.42319,36.2707],[128.4231,36.27062],[128.42228,36.26987],[128.42218,36.26975],[128.4221,36.26964],[128.42196,36.26941],[128.42152,36.26862],[128.42146,36.26847],[128.421,36.26691],[128.42096,36.26675],[128.42095,36.26656],[128.42093,36.26296],[128.42093,36.26269],[128.42095,36.26246],[128.42097,36.26225],[128.421,36.26208],[128.42104,36.26194],[128.42108,36.26181],[128.4211,36.26165],[128.42112,36.26153],[128.42112,36.26134],[128.42111,36.26119],[128.42107,36.26092],[128.42103,36.26075],[128.42096,36.26056],[128.42091,36.26043],[128.42084,36.26032],[128.42074,36.2602],[128.42064,36.26007],[128.42054,36.25997],[128.42043,36.25986],[128.41964,36.25907],[128.41953,36.25896],[128.41944,36.2589],[128.41937,36.25885],[128.41657,36.25763],[128.41638,36.25761],[128.41481,36.2575],[128.41461,36.25749],[128.41428,36.25748],[128.40815,36.25725],[128.40798,36.25725],[128.4078,36.25726],[128.40775,36.25727],[128.40578,36.25804],[128.40101,36.25868],[128.40083,36.25866],[128.40062,36.25865],[128.40033,36.25865],[128.40015,36.25867],[128.3999,36.2587],[128.3998,36.25873],[128.39972,36.25877],[128.39814,36.25962],[128.39795,36.25974],[128.39779,36.25984],[128.39754,36.26005],[128.39723,36.26035],[128.39714,36.26049],[128.39705,36.26063],[128.39679,36.26088],[128.39671,36.26095],[128.39602,36.26149],[128.39589,36.26159],[128.39568,36.26171],[128.39197,36.26363],[128.39191,36.26365],[128.39185,36.26365],[128.39024,36.26358],[128.39016,36.26357],[128.39004,36.26355],[128.38982,36.2635],[128.38971,36.26348],[128.38954,36.26342],[128.38936,36.26333],[128.38787,36.26298],[128.38586,36.26265],[128.38557,36.26262],[128.38543,36.26261],[128.38528,36.26262],[128.38513,36.26264],[128.38419,36.26289],[128.38395,36.26297],[128.38382,36.26302],[128.38368,36.2631],[128.38232,36.26409],[128.38225,36.26414],[128.38218,36.26422],[128.38215,36.26429],[128.3821,36.26449],[128.38207,36.26485],[128.38203,36.26557],[128.38155,36.26721],[128.37967,36.26847],[128.37952,36.26856],[128.37682,36.26986],[128.37509,36.27039],[128.37155,36.2709],[128.37072,36.27096],[128.36985,36.27094],[128.36944,36.27091],[128.36918,36.27085],[128.3671,36.27024],[128.36537,36.26971],[128.36506,36.26959],[128.36478,36.26953],[128.36455,36.26953],[128.36318,36.26956],[128.36264,36.26958],[128.36242,36.26961],[128.36091,36.27034],[128.36069,36.27125],[128.35982,36.27429],[128.35945,36.27457],[128.35891,36.27488],[128.35874,36.27486],[128.35853,36.27479],[128.35096,36.27157],[128.34925,36.26992],[128.34794,36.26866],[128.34779,36.26856],[128.34752,36.26839],[128.34719,36.26821],[128.34695,36.26815],[128.34651,36.26809],[128.34594,36.26808],[128.34554,36.26809],[128.34456,36.26813],[128.3436,36.26817],[128.34265,36.26822],[128.34169,36.26828],[128.34086,36.26832],[128.34149,36.26981],[128.34187,36.27111],[128.34202,36.27163],[128.34225,36.27249],[128.34304,36.27671],[128.34316,36.2776],[128.34319,36.27817],[128.34291,36.28228],[128.34285,36.28276],[128.34273,36.28375],[128.34239,36.28496],[128.34222,36.2854],[128.34204,36.28576],[128.3417,36.28628],[128.34109,36.28694],[128.34049,36.28735],[128.33921,36.28818],[128.33793,36.28894],[128.33735,36.28928],[128.33684,36.28958],[128.33645,36.28979],[128.33494,36.29039],[128.33406,36.29067],[128.33337,36.2909],[128.3318,36.29145],[128.33022,36.29202],[128.3285,36.29266],[128.32722,36.29317],[128.32555,36.2939],[128.3245,36.29442],[128.32391,36.29483],[128.32324,36.29535],[128.32279,36.29568],[128.31973,36.29788],[128.3179,36.29916],[128.31706,36.29971],[128.3159,36.30042],[128.31579,36.30049],[128.31514,36.3009],[128.31457,36.30126],[128.31238,36.30266],[128.31174,36.30313],[128.31081,36.30395],[128.30975,36.30496],[128.30945,36.30525],[128.3086,36.30604],[128.30749,36.30696],[128.30656,36.30774],[128.30614,36.30807],[128.30513,36.30886],[128.30486,36.30907],[128.30437,36.30941],[128.30402,36.30961],[128.30374,36.3097],[128.30348,36.30978],[128.3025,36.31006],[128.3021,36.31016],[128.30117,36.31034],[128.30075,36.31041],[128.30043,36.31046],[128.29901,36.31062],[128.29867,36.31067],[128.29829,36.31075],[128.29779,36.31085],[128.29698,36.31104],[128.29645,36.31117],[128.29559,36.3114],[128.29338,36.31201],[128.29292,36.31214],[128.29251,36.31227],[128.28775,36.31371],[128.28687,36.314],[128.2866,36.3141],[128.28634,36.31421],[128.28603,36.31436],[128.28583,36.31454],[128.2855,36.31489],[128.28207,36.3187],[128.2819,36.31891],[128.28151,36.31949],[128.28136,36.31972],[128.28126,36.31993],[128.28117,36.32026],[128.28112,36.32051],[128.2811,36.32085],[128.28109,36.32108],[128.28111,36.32142],[128.28117,36.3217],[128.28121,36.32189],[128.28131,36.32235],[128.28146,36.32294],[128.28157,36.32321],[128.28178,36.32367],[128.28212,36.32435],[128.28276,36.3253],[128.28292,36.32553],[128.28302,36.32568],[128.2838,36.32672],[128.28436,36.32743],[128.28479,36.32795],[128.28495,36.32818],[128.28562,36.32917],[128.28687,36.33119],[128.28739,36.33203],[128.28766,36.33751],[128.28765,36.3377],[128.28895,36.34262],[128.29084,36.34508],[128.29222,36.34751],[128.29342,36.348],[128.29383,36.34782],[128.29408,36.34769],[128.29438,36.34753],[128.29507,36.34705],[128.29517,36.34697],[128.29689,36.34535],[128.30165,36.3436],[128.30171,36.34352],[128.30275,36.34216],[128.30285,36.34199],[128.30464,36.33808],[128.30463,36.33475],[128.30487,36.33265],[128.30488,36.33258],[128.3054,36.33166],[128.30546,36.33163],[128.30552,36.3316],[128.30823,36.33036],[128.30832,36.33033],[128.31093,36.33012],[128.31406,36.33061],[128.31541,36.33207],[128.31531,36.3324],[128.31526,36.33271],[128.31527,36.3328],[128.31613,36.33534],[128.31617,36.33542],[128.31822,36.33658],[128.32022,36.33781],[128.32058,36.33805],[128.32074,36.33819],[128.32081,36.33833],[128.32105,36.33897],[128.32114,36.33914],[128.32129,36.33931],[128.32163,36.33962],[128.32374,36.34139],[128.32563,36.34256],[128.32582,36.34264],[128.32608,36.34264],[128.32644,36.34259],[128.32671,36.34255],[128.32709,36.34253],[128.32829,36.34269],[128.32868,36.34275],[128.33075,36.34312],[128.33083,36.34314],[128.33089,36.34318],[128.33298,36.34637],[128.33433,36.34855],[128.33437,36.34869],[128.33451,36.34882],[128.33462,36.34888],[128.33475,36.34895],[128.33499,36.34901],[128.33678,36.34915],[128.33694,36.34915],[128.33849,36.34863],[128.33855,36.34859],[128.3411,36.34851],[128.34618,36.34955],[128.3468,36.34974],[128.349,36.35043],[128.35036,36.35104],[128.35056,36.3511],[128.3508,36.35112],[128.35105,36.35105],[128.35115,36.35099],[128.35148,36.3507],[128.35159,36.35056],[128.35303,36.34861],[128.35353,36.34793],[128.35375,36.34619],[128.3538,36.34586],[128.35393,36.34517],[128.35404,36.34468],[128.35424,36.34435],[128.35448,36.34414],[128.35484,36.34386],[128.3566,36.34297],[128.35678,36.34291],[128.35699,36.34287],[128.35726,36.34285],[128.35745,36.34286],[128.35913,36.34233],[128.36127,36.34164],[128.36167,36.34151],[128.36613,36.33893],[128.36632,36.33879],[128.36715,36.33761],[128.36734,36.33707],[128.36735,36.33688],[128.36717,36.3364],[128.36696,36.33551],[128.36666,36.33346],[128.36666,36.33325],[128.36682,36.33283],[128.36825,36.33118],[128.37115,36.32728],[128.37251,36.32512],[128.37269,36.32491],[128.37279,36.32484],[128.37766,36.32285],[128.37771,36.32284],[128.37917,36.32266]]]]}},{"type":"Feature","properties":{"code":"47190340","name":"해평면","parent":"47190"},"geometry":{"type":"MultiPolygon","coordinates":[[[[128.41657,36.25763],[128.41655,36.25757],[128.41663,36.25741],[128.4171,36.25663],[128.41719,36.25651],[128.41776,36.25582],[128.41792,36.25564],[128.41804,36.25555],[128.41811,36.2555],[128.41837,36.25539],[128.41848,36.25535],[128.41881,36.25522],[128.41896,36.25516],[128.41906,36.25509],[128.41916,36.25502],[128.41932,36.25486],[128.41937,36.25477],[128.42098,36.25181],[128.42101,36.25174],[128.42136,36.25073],[128.42139,36.2506],[128.42132,36.25042],[128.4213,36.2504],[128.42009,36.2481],[128.41932,36.2457],[128.41933,36.24554],[128.4194,36.24524],[128.41956,36.24475],[128.42005,36.24332],[128.42017,36.24323],[128.42063,36.24298],[128.42135,36.24265],[128.42203,36.24243],[128.42378,36.24036],[128.42358,36.23947],[128.4234,36.23845],[128.4234,36.23833],[128.42351,36.23776],[128.42382,36.23665],[128.42388,36.23661],[128.42391,36.23659],[128.42406,36.23656],[128.42489,36.23642],[128.4253,36.2364],[128.42564,36.23638],[128.42603,36.23638],[128.42814,36.23626],[128.43069,36.23605],[128.43243,36.23575],[128.433,36.23558],[128.43359,36.23516],[128.43417,36.23386],[128.4342,36.23374],[128.43421,36.23369],[128.43427,36.23318],[128.43427,36.2331],[128.43427,36.23304],[128.43423,36.23283],[128.4342,36.23255],[128.4342,36.23248],[128.43422,36.2324],[128.43455,36.23111],[128.43457,36.23105],[128.43461,36.23099],[128.43537,36.22987],[128.43552,36.22967],[128.43561,36.22958],[128.43598,36.22924],[128.43612,36.22911],[128.43628,36.22899],[128.43643,36.22891],[128.43658,36.22885],[128.43672,36.22881],[128.43695,36.22876],[128.43708,36.22869],[128.43724,36.22859],[128.43732,36.22853],[128.4375,36.22838],[128.4376,36.22825],[128.43764,36.22819],[128.43768,36.22812],[128.43827,36.22662],[128.43828,36.22652],[128.43824,36.22527],[128.43822,36.22515],[128.43814,36.22483],[128.43807,36.22463],[128.43802,36.22453],[128.43791,36.2244],[128.43785,36.22432],[128.43773,36.22403],[128.43767,36.22385],[128.43764,36.22373],[128.43758,36.22239],[128.43761,36.22227],[128.43768,36.22213],[128.4378,36.22195],[128.43931,36.21987],[128.43961,36.21947],[128.44078,36.21801],[128.44144,36.21716],[128.44192,36.2162],[128.44279,36.21364],[128.44305,36.21265],[128.44344,36.20917],[128.44335,36.20866],[128.44271,36.20605],[128.44227,36.20545],[128.44191,36.20521],[128.43924,36.20535],[128.43797,36.20575],[128.43714,36.20561],[128.43707,36.2056],[128.43402,36.20486],[128.43138,36.20305],[128.43089,36.20256],[128.43076,36.20242],[128.429,36.19886],[128.42926,36.19773],[128.42972,36.19702],[128.42988,36.19619],[128.42901,36.19485],[128.42798,36.19419],[128.42723,36.19378],[128.42636,36.19373],[128.42531,36.19348],[128.42476,36.19316],[128.42363,36.19165],[128.42356,36.19139],[128.42369,36.19049],[128.42369,36.1903],[128.42315,36.18942],[128.4227,36.18869],[128.42035,36.18615],[128.42153,36.18375],[128.42157,36.18367],[128.42198,36.18245],[128.42196,36.18239],[128.42099,36.18017],[128.42081,36.17638],[128.42091,36.17592],[128.42157,36.17523],[128.42194,36.17388],[128.4221,36.17323],[128.42104,36.16997],[128.4205,36.16858],[128.41791,36.16592],[128.41655,36.16551],[128.41371,36.16678],[128.41218,36.1676],[128.41186,36.16763],[128.40968,36.16779],[128.40455,36.16648],[128.40449,36.16646],[128.40353,36.16622],[128.39391,36.16377],[128.38737,36.16363],[128.38148,36.16348],[128.38126,36.16413],[128.38102,36.16496],[128.3808,36.16575],[128.38057,36.16674],[128.38032,36.168],[128.38019,36.16874],[128.38008,36.16933],[128.3799,36.17061],[128.37973,36.172],[128.37972,36.17212],[128.37967,36.1734],[128.37969,36.17381],[128.37972,36.174],[128.3798,36.17423],[128.37991,36.17448],[128.37993,36.17455],[128.38016,36.17498],[128.38054,36.17571],[128.38115,36.17687],[128.3819,36.17797],[128.38307,36.1805],[128.38328,36.18095],[128.38337,36.1813],[128.38343,36.18163],[128.38344,36.18209],[128.38332,36.18262],[128.3831,36.18311],[128.38285,36.18347],[128.38222,36.1842],[128.38177,36.18461],[128.38151,36.18481],[128.38118,36.18507],[128.3804,36.18563],[128.37943,36.18633],[128.37583,36.18883],[128.37234,36.19121],[128.37179,36.19154],[128.37134,36.1918],[128.3709,36.19202],[128.36966,36.19246],[128.36784,36.19312],[128.36728,36.19338],[128.36651,36.19378],[128.36511,36.1947],[128.36417,36.19551],[128.363,36.19677],[128.36212,36.19793],[128.362,36.19818],[128.36198,36.19823],[128.3616,36.19908],[128.36061,36.20187],[128.36056,36.20201],[128.36046,36.20229],[128.36027,36.20296],[128.3598,36.20467],[128.35965,36.20548],[128.3596,36.20653],[128.35964,36.20695],[128.35975,36.20736],[128.36008,36.20817],[128.36046,36.20865],[128.36076,36.20891],[128.36162,36.20963],[128.36231,36.21007],[128.36309,36.21068],[128.36351,36.21114],[128.36375,36.21158],[128.36385,36.2118],[128.36417,36.21254],[128.36448,36.21325],[128.36466,36.21404],[128.36479,36.2149],[128.36484,36.21538],[128.36491,36.21605],[128.36492,36.21632],[128.36489,36.21673],[128.36478,36.21733],[128.36463,36.2178],[128.3646,36.2179],[128.36427,36.21853],[128.36396,36.21901],[128.36349,36.21946],[128.36309,36.21974],[128.36269,36.21998],[128.36131,36.22073],[128.35926,36.22209],[128.35897,36.22235],[128.35857,36.22283],[128.35801,36.22349],[128.3574,36.22431],[128.35703,36.22481],[128.35692,36.22496],[128.35622,36.22581],[128.35302,36.22944],[128.35229,36.23002],[128.35177,36.23035],[128.35098,36.23076],[128.35051,36.23094],[128.34937,36.23151],[128.34779,36.23245],[128.34755,36.23263],[128.34727,36.23287],[128.3456,36.23463],[128.34467,36.23579],[128.34025,36.23989],[128.33904,36.24088],[128.33813,36.24208],[128.33735,36.24326],[128.33655,36.24462],[128.33539,36.24683],[128.33517,36.24753],[128.335,36.2482],[128.33491,36.24881],[128.33464,36.25343],[128.33463,36.25382],[128.33467,36.25413],[128.33494,36.25493],[128.33522,36.25562],[128.3357,36.25665],[128.337,36.25923],[128.33768,36.26062],[128.33831,36.26197],[128.33889,36.26339],[128.34086,36.26832],[128.34169,36.26828],[128.34265,36.26822],[128.3436,36.26817],[128.34456,36.26813],[128.34554,36.26809],[128.34594,36.26808],[128.34651,36.26809],[128.34695,36.26815],[128.34719,36.26821],[128.34752,36.26839],[128.34779,36.26856],[128.34794,36.26866],[128.34925,36.26992],[128.35096,36.27157],[128.35853,36.27479],[128.35874,36.27486],[128.35891,36.27488],[128.35945,36.27457],[128.35982,36.27429],[128.36069,36.27125],[128.36091,36.27034],[128.36242,36.26961],[128.36264,36.26958],[128.36318,36.26956],[128.36455,36.26953],[128.36478,36.26953],[128.36506,36.26959],[128.36537,36.26971],[128.3671,36.27024],[128.36918,36.27085],[128.36944,36.27091],[128.36985,36.27094],[128.37072,36.27096],[128.37155,36.2709],[128.37509,36.27039],[128.37682,36.26986],[128.37952,36.26856],[128.37967,36.26847],[128.38155,36.26721],[128.38203,36.26557],[128.38207,36.26485],[128.3821,36.26449],[128.38215,36.26429],[128.38218,36.26422],[128.38225,36.26414],[128.38232,36.26409],[128.38368,36.2631],[128.38382,36.26302],[128.38395,36.26297],[128.38419,36.26289],[128.38513,36.26264],[128.38528,36.26262],[128.38543,36.26261],[128.38557,36.26262],[128.38586,36.26265],[128.38787,36.26298],[128.38936,36.26333],[128.38954,36.26342],[128.38971,36.26348],[128.38982,36.2635],[128.39004,36.26355],[128.39016,36.26357],[128.39024,36.26358],[128.39185,36.26365],[128.39191,36.26365],[128.39197,36.26363],[128.39568,36.26171],[128.39589,36.26159],[128.39602,36.26149],[128.39671,36.26095],[128.39679,36.26088],[128.39705,36.26063],[128.39714,36.26049],[128.39723,36.26035],[128.39754,36.26005],[128.39779,36.25984],[128.39795,36.25974],[128.39814,36.25962],[128.39972,36.25877],[128.3998,36.25873],[128.3999,36.2587],[128.40015,36.25867],[128.40033,36.25865],[128.40062,36.25865],[128.40083,36.25866],[128.40101,36.25868],[128.40578,36.25804],[128.40775,36.25727],[128.4078,36.25726],[128.40798,36.25725],[128.40815,36.25725],[128.41428,36.25748],[128.41461,36.25749],[128.41481,36.2575],[128.41638,36.25761],[128.41657,36.25763]]]]}},{"type":"Feature","properties":{"code":"47190256","name":"산동읍","parent":"47190"},"geometry":{"type":"MultiPolygon","coordinates":[[[[128.50435,36.18499],[128.50439,36.1848],[128.50441,36.1846],[128.50439,36.18443],[128.50434,36.18408],[128.5042,36.18356],[128.50414,36.18341],[128.50407,36.18331],[128.50372,36.18287],[128.50355,36.1827],[128.50321,36.18163],[128.50282,36.1791],[128.50263,36.1773],[128.50186,36.17611],[128.50086,36.17563],[128.49917,36.17537],[128.49794,36.17553],[128.49665,36.17574],[128.49205,36.17747],[128.48966,36.17838],[128.48942,36.17852],[128.48872,36.17936],[128.48371,36.17995],[128.48263,36.18],[128.47837,36.17783],[128.47536,36.17607],[128.47355,36.17125],[128.47365,36.16928],[128.47537,36.16626],[128.47626,36.16477],[128.47685,36.16406],[128.47734,36.16345],[128.47735,36.16263],[128.4761,36.16197],[128.47486,36.16109],[128.47416,36.16043],[128.47399,36.16017],[128.47355,36.1595],[128.47297,36.15859],[128.47259,36.15781],[128.47268,36.15779],[128.47328,36.15773],[128.47358,36.1576],[128.47496,36.15598],[128.47579,36.15485],[128.47583,36.1548],[128.47617,36.15302],[128.4779,36.14928],[128.47805,36.14917],[128.4782,36.14902],[128.47921,36.14705],[128.48011,36.14234],[128.48012,36.14217],[128.4801,36.142],[128.48005,36.14185],[128.47999,36.14174],[128.47973,36.14126],[128.47903,36.13896],[128.47889,36.13557],[128.47995,36.1325],[128.47771,36.1309],[128.47743,36.13088],[128.47665,36.13062],[128.47647,36.13055],[128.47617,36.13037],[128.47424,36.12899],[128.47097,36.12897],[128.47064,36.12898],[128.47014,36.129],[128.46967,36.12908],[128.46937,36.12918],[128.46866,36.12944],[128.46432,36.13112],[128.46396,36.13126],[128.46374,36.13142],[128.46363,36.13154],[128.46186,36.13245],[128.45999,36.13333],[128.45823,36.13376],[128.4579,36.13376],[128.4576,36.13371],[128.45735,36.13362],[128.45705,36.13342],[128.45672,36.13319],[128.45608,36.13292],[128.45599,36.13289],[128.45572,36.1328],[128.44812,36.13787],[128.44502,36.13786],[128.44468,36.13786],[128.44406,36.13792],[128.43913,36.1384],[128.43749,36.13857],[128.43748,36.14012],[128.43748,36.14072],[128.43815,36.14318],[128.44423,36.1431],[128.44427,36.1431],[128.44426,36.14442],[128.4392,36.14496],[128.43691,36.14409],[128.43437,36.14315],[128.42892,36.14332],[128.42526,36.14343],[128.42534,36.14352],[128.42548,36.14364],[128.42568,36.14388],[128.42579,36.14404],[128.42586,36.14419],[128.4259,36.14431],[128.42594,36.14443],[128.42597,36.14474],[128.42597,36.14488],[128.42591,36.14505],[128.42481,36.1465],[128.4216,36.15311],[128.42156,36.15317],[128.42149,36.15321],[128.4213,36.15327],[128.42035,36.15354],[128.41778,36.15405],[128.41598,36.15418],[128.415,36.15556],[128.41192,36.15617],[128.41122,36.15541],[128.4094,36.1535],[128.40864,36.15285],[128.40657,36.15157],[128.40634,36.15148],[128.40627,36.15147],[128.40589,36.1514],[128.40577,36.1514],[128.40554,36.15143],[128.40525,36.15149],[128.40507,36.15156],[128.40409,36.15212],[128.40245,36.15275],[128.40224,36.1528],[128.40209,36.15282],[128.40176,36.15282],[128.40151,36.15281],[128.40124,36.15278],[128.39966,36.15238],[128.39445,36.15079],[128.39411,36.15066],[128.39361,36.15045],[128.39343,36.15034],[128.39274,36.14935],[128.39263,36.14918],[128.39038,36.14846],[128.3844,36.14857],[128.38388,36.14873],[128.38351,36.14883],[128.38303,36.14893],[128.38261,36.149],[128.38126,36.14918],[128.38102,36.14921],[128.38089,36.14921],[128.38258,36.15151],[128.38297,36.15208],[128.38316,36.1524],[128.38328,36.15263],[128.38338,36.15329],[128.38338,36.15404],[128.38337,36.15484],[128.38335,36.15617],[128.38326,36.15674],[128.3821,36.16157],[128.38201,36.16193],[128.38148,36.16348],[128.38737,36.16363],[128.39391,36.16377],[128.40353,36.16622],[128.40449,36.16646],[128.40455,36.16648],[128.40968,36.16779],[128.41186,36.16763],[128.41218,36.1676],[128.41371,36.16678],[128.41655,36.16551],[128.41791,36.16592],[128.4205,36.16858],[128.42104,36.16997],[128.4221,36.17323],[128.42194,36.17388],[128.42157,36.17523],[128.42091,36.17592],[128.42081,36.17638],[128.42099,36.18017],[128.42196,36.18239],[128.42198,36.18245],[128.42157,36.18367],[128.42153,36.18375],[128.42035,36.18615],[128.4227,36.18869],[128.42315,36.18942],[128.42369,36.1903],[128.42369,36.19049],[128.42356,36.19139],[128.42363,36.19165],[128.42476,36.19316],[128.42531,36.19348],[128.42636,36.19373],[128.42723,36.19378],[128.42798,36.19419],[128.42901,36.19485],[128.42988,36.19619],[128.42972,36.19702],[128.42926,36.19773],[128.429,36.19886],[128.43076,36.20242],[128.43089,36.20256],[128.43138,36.20305],[128.43402,36.20486],[128.43707,36.2056],[128.43714,36.20561],[128.43797,36.20575],[128.43924,36.20535],[128.44191,36.20521],[128.44227,36.20545],[128.44271,36.20605],[128.44335,36.20866],[128.44344,36.20917],[128.44305,36.21265],[128.44279,36.21364],[128.44192,36.2162],[128.44144,36.21716],[128.44078,36.21801],[128.44229,36.21889],[128.44695,36.22058],[128.44702,36.22059],[128.45025,36.22202],[128.45292,36.22333],[128.45451,36.22469],[128.46199,36.22844],[128.4621,36.2285],[128.46215,36.22851],[128.46322,36.22883],[128.46343,36.22889],[128.46661,36.22954],[128.46671,36.22956],[128.46677,36.22956],[128.46879,36.22942],[128.47023,36.2293],[128.47191,36.22969],[128.47404,36.2304],[128.47582,36.23126],[128.47593,36.23133],[128.47602,36.23146],[128.47611,36.23175],[128.47611,36.23202],[128.47611,36.23229],[128.47613,36.23244],[128.47617,36.23252],[128.47644,36.23277],[128.47677,36.23307],[128.47705,36.23331],[128.47726,36.23348],[128.47797,36.23395],[128.47807,36.23398],[128.47824,36.23394],[128.47847,36.23388],[128.47881,36.2337],[128.47906,36.23353],[128.47927,36.23341],[128.47948,36.23335],[128.47976,36.23331],[128.48007,36.23327],[128.48053,36.23329],[128.48127,36.23336],[128.48193,36.23346],[128.48244,36.23355],[128.48316,36.23371],[128.48483,36.23407],[128.48512,36.23411],[128.48518,36.23411],[128.4852,36.23407],[128.48521,36.23404],[128.48525,36.23337],[128.48607,36.23134],[128.48609,36.23122],[128.48604,36.23104],[128.48591,36.23078],[128.48573,36.23049],[128.48304,36.22755],[128.4828,36.22735],[128.48259,36.2272],[128.48188,36.22678],[128.48129,36.22648],[128.48103,36.2264],[128.48062,36.2263],[128.48053,36.22627],[128.48038,36.22622],[128.48032,36.22619],[128.48009,36.22606],[128.47998,36.22598],[128.47994,36.22595],[128.47983,36.22584],[128.47975,36.22575],[128.47959,36.22551],[128.47954,36.2254],[128.4795,36.22531],[128.47948,36.22517],[128.47946,36.22497],[128.47946,36.22491],[128.47949,36.22471],[128.47954,36.22452],[128.47955,36.22448],[128.48046,36.22407],[128.48082,36.22395],[128.48101,36.2239],[128.48314,36.22371],[128.48502,36.22383],[128.48527,36.22387],[128.48551,36.2239],[128.48579,36.22392],[128.486,36.22393],[128.48626,36.22393],[128.48629,36.22391],[128.48914,36.21972],[128.48954,36.21884],[128.48957,36.21875],[128.48958,36.21869],[128.48913,36.21726],[128.48853,36.21621],[128.48852,36.21614],[128.48846,36.21418],[128.48846,36.21409],[128.48858,36.21378],[128.48867,36.21354],[128.48876,36.21338],[128.49199,36.21028],[128.49449,36.20528],[128.49483,36.20309],[128.49512,36.20116],[128.49507,36.2004],[128.49487,36.19993],[128.49477,36.19962],[128.49475,36.19951],[128.49474,36.1994],[128.49473,36.19922],[128.49472,36.19771],[128.49487,36.19751],[128.49499,36.19736],[128.49617,36.19594],[128.49637,36.19578],[128.4964,36.19576],[128.49646,36.19573],[128.49664,36.19571],[128.49679,36.1957],[128.49774,36.19577],[128.49806,36.19581],[128.49833,36.19586],[128.50357,36.19277],[128.50361,36.19273],[128.50356,36.19244],[128.50347,36.19192],[128.50309,36.19016],[128.50287,36.18922],[128.50287,36.18917],[128.5029,36.18896],[128.50326,36.18676],[128.50332,36.1866],[128.50334,36.18653],[128.50435,36.18499]]]]}},{"type":"Feature","properties":{"code":"47190360","name":"장천면","parent":"47190"},"geometry":{"type":"MultiPolygon","coordinates":[[[[128.52287,36.20069],[128.523,36.20067],[128.52391,36.20078],[128.52395,36.20078],[128.52401,36.20077],[128.52408,36.20074],[128.52551,36.20013],[128.53126,36.1973],[128.5359,36.19549],[128.53634,36.19526],[128.53895,36.19367],[128.53897,36.19364],[128.53909,36.1934],[128.53944,36.19256],[128.5395,36.19237],[128.5395,36.19235],[128.53946,36.19223],[128.5392,36.19169],[128.53915,36.19155],[128.53914,36.19151],[128.53916,36.19144],[128.53923,36.19136],[128.5395,36.19103],[128.54084,36.18959],[128.54152,36.189],[128.54322,36.18689],[128.54538,36.18336],[128.54547,36.18274],[128.54567,36.18211],[128.54583,36.18177],[128.54587,36.18169],[128.54909,36.17815],[128.54912,36.17814],[128.55339,36.17805],[128.55515,36.17804],[128.55615,36.17804],[128.55745,36.17805],[128.55662,36.17623],[128.55659,36.17617],[128.55633,36.1757],[128.55624,36.17557],[128.55616,36.17547],[128.55602,36.1753],[128.55515,36.17434],[128.55479,36.17399],[128.55456,36.17382],[128.55451,36.17377],[128.55435,36.17356],[128.55432,36.17349],[128.55429,36.17341],[128.55425,36.17313],[128.55414,36.17223],[128.55414,36.17215],[128.55414,36.17207],[128.55431,36.17079],[128.55424,36.16949],[128.55412,36.16764],[128.55406,36.16729],[128.55363,36.1653],[128.5536,36.16524],[128.55355,36.16516],[128.55349,36.1651],[128.55346,36.16507],[128.55341,36.16502],[128.55334,36.16498],[128.55322,36.16493],[128.55312,36.1649],[128.55093,36.16456],[128.55036,36.1645],[128.54848,36.16434],[128.54826,36.16434],[128.54794,36.16437],[128.54786,36.16438],[128.54585,36.16544],[128.54576,36.16551],[128.54564,36.16569],[128.54551,36.1658],[128.54516,36.16606],[128.54509,36.16609],[128.54497,36.16614],[128.54481,36.16615],[128.54467,36.16616],[128.54454,36.16616],[128.54446,36.16615],[128.5444,36.16613],[128.54436,36.16611],[128.54301,36.16469],[128.54048,36.16156],[128.54046,36.16152],[128.54047,36.16146],[128.54079,36.16036],[128.5425,36.15479],[128.54254,36.15474],[128.5444,36.15337],[128.54447,36.15333],[128.54515,36.15289],[128.54526,36.15285],[128.5457,36.15274],[128.54605,36.15266],[128.54618,36.15264],[128.54777,36.15199],[128.54999,36.15108],[128.55036,36.15092],[128.55042,36.15086],[128.55047,36.15074],[128.55046,36.15057],[128.55043,36.1504],[128.55035,36.15015],[128.55027,36.14999],[128.55019,36.14988],[128.55012,36.14983],[128.55001,36.14979],[128.54984,36.14971],[128.54968,36.1496],[128.54955,36.14949],[128.54945,36.14938],[128.54892,36.14878],[128.54833,36.14789],[128.54832,36.1478],[128.54846,36.14736],[128.54866,36.1469],[128.54876,36.14669],[128.54901,36.14624],[128.54912,36.14604],[128.54913,36.14584],[128.54914,36.14562],[128.54911,36.14548],[128.54831,36.14147],[128.54821,36.14129],[128.54816,36.14112],[128.54815,36.14096],[128.54817,36.14083],[128.54824,36.1407],[128.54836,36.14055],[128.54847,36.14044],[128.5486,36.14038],[128.54884,36.14033],[128.54909,36.14028],[128.5494,36.14026],[128.5496,36.14024],[128.54976,36.14021],[128.55004,36.14015],[128.55024,36.1401],[128.55246,36.13874],[128.55252,36.13865],[128.55257,36.13852],[128.55257,36.13847],[128.55165,36.1353],[128.55003,36.13302],[128.54879,36.13179],[128.54872,36.13168],[128.54866,36.13157],[128.54863,36.13147],[128.54861,36.1313],[128.54861,36.13121],[128.5486,36.13107],[128.54861,36.13102],[128.54864,36.13098],[128.55073,36.12986],[128.55286,36.12836],[128.55302,36.12821],[128.55309,36.1281],[128.55315,36.12797],[128.55327,36.12759],[128.55329,36.1275],[128.5533,36.12746],[128.5533,36.12734],[128.55329,36.12723],[128.553,36.12616],[128.55296,36.12606],[128.55277,36.12574],[128.55263,36.12516],[128.55262,36.12513],[128.55263,36.1251],[128.55267,36.12502],[128.55492,36.12129],[128.55495,36.12125],[128.55501,36.1212],[128.55629,36.12042],[128.55644,36.12034],[128.55806,36.11942],[128.55832,36.11929],[128.55835,36.11929],[128.55844,36.11929],[128.55854,36.1193],[128.55863,36.11932],[128.55873,36.11936],[128.55878,36.11938],[128.55884,36.11943],[128.55899,36.11959],[128.55904,36.11963],[128.55908,36.11966],[128.55915,36.1197],[128.55976,36.12001],[128.55981,36.12003],[128.55985,36.12003],[128.5599,36.12002],[128.55995,36.12001],[128.56193,36.11931],[128.56197,36.1193],[128.56199,36.11928],[128.56206,36.11918],[128.5639,36.11611],[128.56427,36.115],[128.56431,36.11481],[128.56431,36.11479],[128.5643,36.11476],[128.56428,36.11472],[128.56364,36.11352],[128.56316,36.11223],[128.56312,36.11213],[128.5631,36.1119],[128.5631,36.11168],[128.5631,36.11157],[128.56309,36.11142],[128.56306,36.11123],[128.56303,36.11112],[128.56301,36.11109],[128.56297,36.11106],[128.56031,36.10925],[128.56027,36.10923],[128.56022,36.10922],[128.56001,36.1092],[128.55979,36.10919],[128.55947,36.10923],[128.55864,36.10937],[128.55338,36.11011],[128.55226,36.11024],[128.55222,36.11024],[128.55217,36.11023],[128.55212,36.11021],[128.55205,36.11018],[128.55043,36.10955],[128.54839,36.10899],[128.54807,36.10891],[128.54792,36.10887],[128.54777,36.10883],[128.54759,36.10881],[128.54734,36.1088],[128.54708,36.10879],[128.54691,36.1088],[128.54682,36.1088],[128.54677,36.10881],[128.54671,36.10882],[128.54662,36.10885],[128.54651,36.10889],[128.54645,36.10891],[128.54636,36.10896],[128.54632,36.10898],[128.54557,36.10957],[128.5454,36.11034],[128.54485,36.11126],[128.54305,36.1122],[128.54241,36.1118],[128.54166,36.11098],[128.54145,36.11075],[128.5396,36.11014],[128.53647,36.11079],[128.5362,36.1109],[128.5352,36.11171],[128.53507,36.11203],[128.53478,36.1124],[128.5331,36.11219],[128.53124,36.11191],[128.52961,36.11157],[128.52743,36.11148],[128.52662,36.11146],[128.52655,36.11146],[128.52649,36.11147],[128.52644,36.11148],[128.52638,36.1115],[128.52211,36.11303],[128.52103,36.11371],[128.52095,36.11376],[128.52062,36.11416],[128.52025,36.11454],[128.52011,36.11465],[128.52001,36.11472],[128.5199,36.11476],[128.51979,36.11476],[128.51974,36.11474],[128.5197,36.11473],[128.51831,36.11429],[128.51816,36.11423],[128.51805,36.11417],[128.51783,36.11403],[128.51746,36.11378],[128.51715,36.11355],[128.51708,36.11348],[128.51695,36.11336],[128.5168,36.11321],[128.51664,36.11299],[128.51653,36.11285],[128.5164,36.11271],[128.51626,36.11259],[128.51595,36.11239],[128.51549,36.11216],[128.51525,36.11207],[128.51306,36.11159],[128.5083,36.11066],[128.5056,36.11181],[128.50515,36.11209],[128.50472,36.11233],[128.50326,36.11304],[128.5025,36.11337],[128.50206,36.11356],[128.50164,36.11372],[128.5008,36.11398],[128.49967,36.11435],[128.49871,36.11465],[128.49791,36.11491],[128.49784,36.11494],[128.49778,36.11497],[128.49757,36.11509],[128.49739,36.11521],[128.49711,36.11542],[128.49686,36.11563],[128.49674,36.11583],[128.49658,36.11679],[128.49662,36.11721],[128.49667,36.11753],[128.49669,36.11774],[128.49672,36.11803],[128.49674,36.11824],[128.4967,36.11886],[128.49656,36.11948],[128.49615,36.12084],[128.49562,36.12193],[128.49535,36.12244],[128.49441,36.12421],[128.49418,36.1245],[128.49414,36.12454],[128.49395,36.12473],[128.49374,36.12491],[128.49352,36.1251],[128.49332,36.12523],[128.49312,36.12535],[128.49288,36.12553],[128.49283,36.12556],[128.49276,36.1256],[128.49262,36.12564],[128.4904,36.12521],[128.49031,36.12519],[128.49024,36.12515],[128.49023,36.12508],[128.49036,36.1248],[128.49041,36.12472],[128.49058,36.12453],[128.49067,36.12444],[128.49073,36.12436],[128.49081,36.12426],[128.49085,36.12419],[128.49094,36.12405],[128.49106,36.12384],[128.49109,36.12375],[128.49123,36.12285],[128.49122,36.12244],[128.49119,36.12195],[128.49114,36.12168],[128.4903,36.1173],[128.49016,36.11699],[128.49007,36.11682],[128.48967,36.11604],[128.48952,36.11575],[128.48943,36.11563],[128.48933,36.1155],[128.48925,36.11542],[128.48915,36.11531],[128.4827,36.11026],[128.48079,36.10657],[128.48075,36.10651],[128.47925,36.1053],[128.47909,36.10517],[128.47882,36.10498],[128.47845,36.10503],[128.47685,36.10501],[128.4768,36.105],[128.47518,36.1045],[128.475,36.10444],[128.47484,36.10432],[128.47476,36.10421],[128.47463,36.104],[128.47459,36.10395],[128.4745,36.10388],[128.47439,36.10385],[128.47424,36.10383],[128.4741,36.10382],[128.47369,36.10383],[128.47313,36.10388],[128.4729,36.1039],[128.47275,36.10394],[128.47271,36.10395],[128.47159,36.10429],[128.46971,36.10497],[128.46966,36.10499],[128.46892,36.10539],[128.46883,36.10545],[128.46878,36.1055],[128.46876,36.10555],[128.46875,36.10565],[128.46737,36.10766],[128.46464,36.10924],[128.45931,36.11057],[128.45848,36.11071],[128.45829,36.11075],[128.45813,36.1108],[128.45807,36.11083],[128.45806,36.11089],[128.45805,36.11189],[128.4584,36.112],[128.45876,36.11212],[128.45982,36.11253],[128.46006,36.11263],[128.46014,36.11274],[128.46016,36.11289],[128.46016,36.1132],[128.46015,36.1135],[128.4601,36.1149],[128.45997,36.11544],[128.4598,36.11578],[128.45973,36.11594],[128.45965,36.11724],[128.45968,36.11727],[128.46427,36.11881],[128.46651,36.1193],[128.4687,36.11985],[128.4689,36.11991],[128.46918,36.12001],[128.46932,36.12009],[128.46958,36.12027],[128.4697,36.12045],[128.47052,36.12228],[128.4708,36.12292],[128.47123,36.12396],[128.4715,36.12487],[128.47148,36.12525],[128.47151,36.12554],[128.4718,36.12649],[128.47332,36.12833],[128.47344,36.12843],[128.47372,36.12864],[128.47393,36.12879],[128.47408,36.12889],[128.47424,36.12899],[128.47617,36.13037],[128.47647,36.13055],[128.47665,36.13062],[128.47743,36.13088],[128.47771,36.1309],[128.47995,36.1325],[128.47889,36.13557],[128.47903,36.13896],[128.47973,36.14126],[128.47999,36.14174],[128.48005,36.14185],[128.4801,36.142],[128.48012,36.14217],[128.48011,36.14234],[128.47921,36.14705],[128.4782,36.14902],[128.47805,36.14917],[128.4779,36.14928],[128.47617,36.15302],[128.47583,36.1548],[128.47579,36.15485],[128.47496,36.15598],[128.47358,36.1576],[128.47328,36.15773],[128.47268,36.15779],[128.47259,36.15781],[128.47297,36.15859],[128.47355,36.1595],[128.47399,36.16017],[128.47416,36.16043],[128.47486,36.16109],[128.4761,36.16197],[128.47735,36.16263],[128.47734,36.16345],[128.47685,36.16406],[128.47626,36.16477],[128.47537,36.16626],[128.47365,36.16928],[128.47355,36.17125],[128.47536,36.17607],[128.47837,36.17783],[128.48263,36.18],[128.48371,36.17995],[128.48872,36.17936],[128.48942,36.17852],[128.48966,36.17838],[128.49205,36.17747],[128.49665,36.17574],[128.49794,36.17553],[128.49917,36.17537],[128.50086,36.17563],[128.50186,36.17611],[128.50263,36.1773],[128.50282,36.1791],[128.50321,36.18163],[128.50355,36.1827],[128.50372,36.18287],[128.50407,36.18331],[128.50414,36.18341],[128.5042,36.18356],[128.50434,36.18408],[128.50439,36.18443],[128.50441,36.1846],[128.50439,36.1848],[128.50435,36.18499],[128.5061,36.18538],[128.50649,36.1855],[128.50665,36.18556],[128.50798,36.18622],[128.50807,36.18627],[128.50821,36.18641],[128.50984,36.18813],[128.50997,36.18826],[128.51257,36.1912],[128.51505,36.19545],[128.51536,36.19599],[128.51574,36.19702],[128.51585,36.19736],[128.51587,36.1975],[128.51587,36.19758],[128.51585,36.19766],[128.5158,36.19779],[128.51572,36.198],[128.51569,36.19813],[128.51567,36.19824],[128.51566,36.19833],[128.51567,36.19842],[128.51569,36.19855],[128.51585,36.19897],[128.51601,36.19938],[128.51606,36.19946],[128.51654,36.20003],[128.51657,36.20006],[128.51661,36.20008],[128.51802,36.20054],[128.51809,36.20055],[128.51822,36.20057],[128.522,36.20079],[128.52287,36.20069]]]]}},{"type":"Feature","properties":{"code":"47190510","name":"송정동","parent":"47190"},"geometry":{"type":"MultiPolygon","coordinates":[[[[128.35863,36.11964],[128.35816,36.11846],[128.35749,36.1183],[128.35705,36.1171],[128.35643,36.11719],[128.35628,36.11715],[128.35544,36.1168],[128.35457,36.11538],[128.35492,36.11481],[128.35504,36.11461],[128.35555,36.11379],[128.3532,36.11307],[128.34783,36.11423],[128.34779,36.11431],[128.34639,36.11392],[128.34609,36.11383],[128.34571,36.11365],[128.34516,36.11323],[128.34482,36.11288],[128.34476,36.11267],[128.3425,36.11577],[128.34223,36.11566],[128.33998,36.11474],[128.33923,36.11444],[128.33874,36.1181],[128.33854,36.12015],[128.33848,36.12079],[128.33844,36.12121],[128.3385,36.1216],[128.33863,36.12191],[128.33873,36.12258],[128.33765,36.12337],[128.33699,36.12301],[128.33628,36.123],[128.33593,36.12304],[128.33561,36.12315],[128.33573,36.12346],[128.33527,36.12472],[128.33613,36.12507],[128.33698,36.12576],[128.34279,36.12342],[128.34367,36.12344],[128.35027,36.12166],[128.35032,36.12164],[128.3507,36.12153],[128.35863,36.11964]]]]}},{"type":"Feature","properties":{"code":"47190551","name":"도량동","parent":"47190"},"geometry":{"type":"MultiPolygon","coordinates":[[[[128.33947,36.14928],[128.34009,36.14764],[128.34137,36.14472],[128.34166,36.14446],[128.34248,36.14341],[128.34233,36.14292],[128.34231,36.14288],[128.34162,36.14225],[128.3399,36.13958],[128.33973,36.1379],[128.33972,36.13775],[128.33814,36.13259],[128.33757,36.13222],[128.33617,36.13358],[128.33472,36.1346],[128.33408,36.13482],[128.33347,36.13502],[128.33319,36.13512],[128.33275,36.13525],[128.3324,36.1353],[128.33233,36.1353],[128.3321,36.1353],[128.3316,36.13524],[128.33128,36.13515],[128.3239,36.13239],[128.32275,36.13161],[128.32044,36.13281],[128.31602,36.13514],[128.31568,36.13665],[128.31539,36.13879],[128.31746,36.14572],[128.31829,36.14683],[128.31861,36.14726],[128.31904,36.14766],[128.32029,36.1488],[128.32112,36.1507],[128.32036,36.15361],[128.32028,36.15383],[128.32022,36.15401],[128.32249,36.15409],[128.32299,36.15419],[128.32311,36.15421],[128.32324,36.15421],[128.32342,36.15419],[128.32362,36.15413],[128.32372,36.15407],[128.32379,36.15397],[128.32383,36.15387],[128.32385,36.15344],[128.32386,36.1532],[128.32387,36.15301],[128.32392,36.1527],[128.324,36.1524],[128.3241,36.1522],[128.32413,36.15214],[128.32438,36.15174],[128.32445,36.15167],[128.32848,36.14933],[128.32974,36.14914],[128.33278,36.14888],[128.33947,36.14928]]]]}},{"type":"Feature","properties":{"code":"47190555","name":"지산동","parent":"47190"},"geometry":{"type":"MultiPolygon","coordinates":[[[[128.3725,36.13796],[128.37288,36.13639],[128.37393,36.13383],[128.37475,36.13249],[128.37568,36.13151],[128.37762,36.12975],[128.37904,36.12904],[128.37914,36.12869],[128.37959,36.12674],[128.3795,36.12626],[128.37368,36.12471],[128.37061,36.12644],[128.3682,36.12711],[128.36755,36.12749],[128.36726,36.1276],[128.36478,36.12838],[128.36428,36.12843],[128.36264,36.12801],[128.35766,36.12684],[128.35651,36.12647],[128.35393,36.12551],[128.35357,36.12554],[128.35284,36.1256],[128.35151,36.12571],[128.35067,36.12614],[128.34867,36.12716],[128.34706,36.12798],[128.34503,36.12883],[128.34443,36.12908],[128.34243,36.12991],[128.34227,36.12997],[128.34177,36.13015],[128.34075,36.13052],[128.33966,36.13091],[128.33757,36.13222],[128.33814,36.13259],[128.33972,36.13775],[128.33973,36.1379],[128.3399,36.13958],[128.34162,36.14225],[128.34231,36.14288],[128.34233,36.14292],[128.34248,36.14341],[128.34166,36.14446],[128.34137,36.14472],[128.34009,36.14764],[128.33947,36.14928],[128.34453,36.14925],[128.34675,36.14896],[128.34806,36.14793],[128.34878,36.14713],[128.35383,36.1464],[128.35462,36.14587],[128.3558,36.14508],[128.35606,36.14482],[128.35957,36.14088],[128.36159,36.13861],[128.3618,36.13838],[128.36194,36.13824],[128.36268,36.13776],[128.36385,36.13793],[128.36672,36.13819],[128.36839,36.13821],[128.3725,36.13796]]]]}},{"type":"Feature","properties":{"code":"47190565","name":"선주원남동","parent":"47190"},"geometry":{"type":"MultiPolygon","coordinates":[[[[128.32022,36.15401],[128.32028,36.15383],[128.32036,36.15361],[128.32112,36.1507],[128.32029,36.1488],[128.31904,36.14766],[128.31861,36.14726],[128.31829,36.14683],[128.31746,36.14572],[128.31539,36.13879],[128.31568,36.13665],[128.31602,36.13514],[128.32044,36.13281],[128.32275,36.13161],[128.33347,36.12713],[128.33698,36.12576],[128.33613,36.12507],[128.33527,36.12472],[128.33573,36.12346],[128.33561,36.12315],[128.33593,36.12304],[128.33628,36.123],[128.33699,36.12301],[128.33765,36.12337],[128.33873,36.12258],[128.33863,36.12191],[128.3385,36.1216],[128.33844,36.12121],[128.33848,36.12079],[128.33854,36.12015],[128.33557,36.11999],[128.33528,36.12008],[128.33465,36.12023],[128.334,36.12031],[128.33394,36.12031],[128.33303,36.12035],[128.33244,36.12032],[128.32925,36.12008],[128.32786,36.11972],[128.32429,36.11836],[128.32339,36.11696],[128.32201,36.11308],[128.32193,36.11275],[128.32134,36.10981],[128.32157,36.10945],[128.32145,36.10933],[128.32133,36.10922],[128.3212,36.10901],[128.32115,36.10888],[128.32116,36.10879],[128.32138,36.10673],[128.32206,36.10059],[128.3221,36.10051],[128.3252,36.09886],[128.32596,36.09863],[128.32638,36.0985],[128.32662,36.09844],[128.3267,36.09843],[128.32683,36.09844],[128.3285,36.09897],[128.32959,36.09966],[128.33197,36.09587],[128.33315,36.09377],[128.33056,36.09145],[128.32354,36.0911],[128.32255,36.0917],[128.32245,36.09175],[128.32236,36.09178],[128.32159,36.09184],[128.32144,36.09184],[128.32136,36.0918],[128.31506,36.08879],[128.31457,36.08891],[128.31435,36.08895],[128.3142,36.08897],[128.31404,36.08897],[128.31392,36.08896],[128.31339,36.08887],[128.31328,36.08885],[128.31314,36.08882],[128.31027,36.08768],[128.30603,36.086],[128.30585,36.08595],[128.30567,36.08592],[128.30535,36.08593],[128.30519,36.08596],[128.30343,36.08622],[128.3033,36.08625],[128.29771,36.08759],[128.2975,36.08766],[128.29691,36.08809],[128.29667,36.08827],[128.29653,36.08839],[128.29564,36.08918],[128.2938,36.09061],[128.29323,36.09103],[128.29313,36.0918],[128.29247,36.09416],[128.29241,36.09438],[128.29232,36.09448],[128.29222,36.09456],[128.28983,36.09598],[128.28943,36.09621],[128.289,36.09646],[128.28864,36.09663],[128.28713,36.09732],[128.28174,36.10078],[128.28086,36.1016],[128.28065,36.10177],[128.28055,36.10182],[128.27735,36.10308],[128.27713,36.10315],[128.27687,36.10321],[128.27559,36.10346],[128.27521,36.10367],[128.27505,36.10386],[128.27498,36.10403],[128.27493,36.1042],[128.27491,36.1043],[128.2749,36.10454],[128.27493,36.1047],[128.27501,36.105],[128.2751,36.10522],[128.27519,36.10536],[128.27544,36.10561],[128.27556,36.10571],[128.27564,36.1058],[128.27571,36.10592],[128.27619,36.1072],[128.27622,36.1073],[128.27625,36.10744],[128.27687,36.11085],[128.27687,36.11097],[128.27685,36.11117],[128.27675,36.11142],[128.27666,36.11163],[128.27662,36.11179],[128.2766,36.11202],[128.27662,36.11219],[128.27669,36.11235],[128.27713,36.11321],[128.27725,36.11343],[128.27743,36.1137],[128.27781,36.11417],[128.27829,36.1147],[128.27844,36.11486],[128.27866,36.11506],[128.27878,36.11514],[128.27903,36.11525],[128.28132,36.11744],[128.28443,36.12148],[128.2892,36.12618],[128.29109,36.12799],[128.2917,36.12854],[128.29374,36.13036],[128.29414,36.1307],[128.29471,36.13145],[128.29589,36.13309],[128.29604,36.13331],[128.29613,36.13343],[128.29618,36.13352],[128.29619,36.1336],[128.2962,36.13365],[128.29615,36.13384],[128.29607,36.13396],[128.2944,36.13545],[128.29296,36.13625],[128.28997,36.13775],[128.28801,36.13806],[128.28783,36.13805],[128.2874,36.13812],[128.28712,36.13823],[128.28207,36.14116],[128.2814,36.14156],[128.28124,36.14174],[128.28038,36.14292],[128.28046,36.14307],[128.28075,36.14326],[128.28107,36.14341],[128.28229,36.14395],[128.2839,36.14474],[128.28542,36.14567],[128.2873,36.14739],[128.2872,36.14759],[128.28713,36.14766],[128.287,36.14775],[128.28676,36.14788],[128.28614,36.15012],[128.28745,36.15286],[128.29065,36.15406],[128.29075,36.15422],[128.29095,36.15462],[128.29096,36.15477],[128.29092,36.15502],[128.29082,36.15547],[128.29077,36.15572],[128.29081,36.15589],[128.29132,36.15727],[128.29193,36.15847],[128.29267,36.16013],[128.29273,36.16026],[128.29281,36.16089],[128.29277,36.161],[128.29251,36.16148],[128.29234,36.16178],[128.29231,36.16192],[128.29233,36.16209],[128.29248,36.16247],[128.2927,36.16293],[128.29374,36.16488],[128.29389,36.16508],[128.29415,36.16528],[128.29445,36.16547],[128.29468,36.16554],[128.29509,36.16561],[128.2952,36.16564],[128.29529,36.16571],[128.29572,36.16633],[128.29574,36.16641],[128.29572,36.16695],[128.29525,36.16804],[128.29514,36.16823],[128.29508,36.16831],[128.2941,36.16913],[128.29392,36.16927],[128.29181,36.17071],[128.29273,36.17109],[128.2929,36.17114],[128.29307,36.17119],[128.2935,36.17129],[128.29382,36.17132],[128.29409,36.17134],[128.29435,36.17133],[128.29461,36.17132],[128.29509,36.17125],[128.29532,36.17121],[128.29555,36.1712],[128.29581,36.17124],[128.29787,36.17173],[128.29917,36.17216],[128.29926,36.1722],[128.29983,36.17259],[128.30035,36.17304],[128.30045,36.17314],[128.30059,36.17322],[128.30098,36.17338],[128.30128,36.17348],[128.30153,36.17354],[128.30163,36.17355],[128.3017,36.17356],[128.30182,36.17355],[128.30198,36.17347],[128.3021,36.17335],[128.30285,36.17262],[128.30293,36.17253],[128.30294,36.17248],[128.30295,36.17244],[128.30296,36.17235],[128.30292,36.17217],[128.30281,36.17189],[128.30266,36.17164],[128.30253,36.17138],[128.30252,36.17128],[128.30254,36.1712],[128.3036,36.1692],[128.30379,36.16889],[128.30402,36.16866],[128.30429,36.16842],[128.30472,36.16811],[128.30925,36.16536],[128.31018,36.16504],[128.31221,36.16441],[128.3127,36.16426],[128.31307,36.16415],[128.31467,36.16333],[128.31575,36.16213],[128.31771,36.15949],[128.31811,36.15895],[128.31816,36.15886],[128.31923,36.15572],[128.32022,36.15401]]]]}},{"type":"Feature","properties":{"code":"47190582","name":"형곡1동","parent":"47190"},"geometry":{"type":"MultiPolygon","coordinates":[[[[128.33854,36.12015],[128.33874,36.1181],[128.33923,36.11444],[128.33998,36.11474],[128.34223,36.11566],[128.3425,36.11577],[128.34476,36.11267],[128.34749,36.10883],[128.34731,36.10843],[128.34242,36.1107],[128.33928,36.11216],[128.33923,36.11218],[128.33605,36.11071],[128.33479,36.10987],[128.32885,36.11023],[128.32762,36.11082],[128.32758,36.11085],[128.32746,36.11094],[128.32737,36.11099],[128.32678,36.11096],[128.32633,36.11085],[128.32228,36.10971],[128.32157,36.10945],[128.32134,36.10981],[128.32193,36.11275],[128.32201,36.11308],[128.32339,36.11696],[128.32429,36.11836],[128.32786,36.11972],[128.32925,36.12008],[128.33244,36.12032],[128.33303,36.12035],[128.33394,36.12031],[128.334,36.12031],[128.33465,36.12023],[128.33528,36.12008],[128.33557,36.11999],[128.33854,36.12015]]]]}},{"type":"Feature","properties":{"code":"47190583","name":"형곡2동","parent":"47190"},"geometry":{"type":"MultiPolygon","coordinates":[[[[128.34731,36.10843],[128.34715,36.10805],[128.34661,36.10687],[128.34656,36.10679],[128.34581,36.10563],[128.34431,36.10108],[128.34366,36.09886],[128.34132,36.0962],[128.34057,36.09581],[128.3368,36.09404],[128.33538,36.09377],[128.33315,36.09377],[128.33197,36.09587],[128.32959,36.09966],[128.3285,36.09897],[128.32683,36.09844],[128.3267,36.09843],[128.32662,36.09844],[128.32638,36.0985],[128.32596,36.09863],[128.3252,36.09886],[128.3221,36.10051],[128.32206,36.10059],[128.32138,36.10673],[128.32116,36.10879],[128.32115,36.10888],[128.3212,36.10901],[128.32133,36.10922],[128.32145,36.10933],[128.32157,36.10945],[128.32228,36.10971],[128.32633,36.11085],[128.32678,36.11096],[128.32737,36.11099],[128.32746,36.11094],[128.32758,36.11085],[128.32762,36.11082],[128.32885,36.11023],[128.33479,36.10987],[128.33605,36.11071],[128.33923,36.11218],[128.33928,36.11216],[128.34242,36.1107],[128.34731,36.10843]]]]}},{"type":"Feature","properties":{"code":"47190590","name":"신평1동","parent":"47190"},"geometry":{"type":"MultiPolygon","coordinates":[[[[128.36597,36.1222],[128.36611,36.12046],[128.3663,36.1154],[128.36633,36.11204],[128.36418,36.11279],[128.36349,36.11265],[128.36242,36.11344],[128.36169,36.11381],[128.3587,36.11538],[128.35867,36.11546],[128.35705,36.1171],[128.35749,36.1183],[128.35816,36.11846],[128.35863,36.11964],[128.35878,36.12086],[128.35734,36.12178],[128.35655,36.12231],[128.35652,36.12235],[128.3565,36.1224],[128.35648,36.12248],[128.35643,36.12341],[128.35645,36.12366],[128.35655,36.12381],[128.35879,36.12434],[128.35861,36.12488],[128.35789,36.12565],[128.36161,36.12721],[128.36281,36.12747],[128.36321,36.12587],[128.36302,36.12328],[128.36451,36.12267],[128.36597,36.1222]]]]}},{"type":"Feature","properties":{"code":"47190600","name":"신평2동","parent":"47190"},"geometry":{"type":"MultiPolygon","coordinates":[[[[128.37061,36.12644],[128.36932,36.12496],[128.3681,36.12492],[128.36742,36.12362],[128.3674,36.12353],[128.36738,36.12288],[128.36597,36.1222],[128.36451,36.12267],[128.36302,36.12328],[128.36321,36.12587],[128.36281,36.12747],[128.36264,36.12801],[128.36428,36.12843],[128.36478,36.12838],[128.36726,36.1276],[128.36755,36.12749],[128.3682,36.12711],[128.37061,36.12644]]]]}},{"type":"Feature","properties":{"code":"47190700","name":"공단동","parent":"47190"},"geometry":{"type":"MultiPolygon","coordinates":[[[[128.39816,36.09222],[128.39845,36.0904],[128.38259,36.074],[128.38106,36.07561],[128.37978,36.07696],[128.37955,36.07721],[128.37906,36.07798],[128.37883,36.07884],[128.37862,36.07965],[128.37841,36.08059],[128.3784,36.08068],[128.37828,36.08104],[128.37795,36.08148],[128.37721,36.0824],[128.37671,36.08298],[128.37664,36.08305],[128.37625,36.08351],[128.37097,36.0867],[128.37085,36.08919],[128.36819,36.09004],[128.36621,36.09],[128.36135,36.09003],[128.36151,36.09176],[128.36173,36.09432],[128.3619,36.09624],[128.36195,36.09676],[128.36205,36.09793],[128.36319,36.09795],[128.3637,36.0988],[128.36364,36.10056],[128.36366,36.10201],[128.36393,36.10201],[128.36516,36.10203],[128.36646,36.10206],[128.36639,36.11087],[128.39599,36.11099],[128.39701,36.10216],[128.39816,36.09222]]]]}},{"type":"Feature","properties":{"code":"47190630","name":"광평동","parent":"47190"},"geometry":{"type":"MultiPolygon","coordinates":[[[[128.35705,36.1171],[128.35867,36.11546],[128.3587,36.11538],[128.36169,36.11381],[128.36242,36.11344],[128.36349,36.11265],[128.36418,36.11279],[128.36633,36.11204],[128.36639,36.11087],[128.36646,36.10206],[128.36516,36.10203],[128.36393,36.10201],[128.36366,36.10201],[128.36364,36.10056],[128.36161,36.10096],[128.36297,36.10166],[128.36285,36.10207],[128.36096,36.10206],[128.35981,36.10307],[128.35835,36.10406],[128.35639,36.10473],[128.3551,36.10569],[128.35285,36.10672],[128.35015,36.10808],[128.34924,36.10855],[128.34749,36.10883],[128.34476,36.11267],[128.34482,36.11288],[128.34516,36.11323],[128.34571,36.11365],[128.34609,36.11383],[128.34639,36.11392],[128.34779,36.11431],[128.34783,36.11423],[128.3532,36.11307],[128.35555,36.11379],[128.35504,36.11461],[128.35492,36.11481],[128.35457,36.11538],[128.35544,36.1168],[128.35628,36.11715],[128.35643,36.11719],[128.35705,36.1171]]]]}},{"type":"Feature","properties":{"code":"47190645","name":"상모사곡동","parent":"47190"},"geometry":{"type":"MultiPolygon","coordinates":[[[[128.36364,36.10056],[128.3637,36.0988],[128.36319,36.09795],[128.36205,36.09793],[128.36195,36.09676],[128.3619,36.09624],[128.36173,36.09432],[128.36151,36.09176],[128.36137,36.09178],[128.36126,36.09176],[128.36072,36.09169],[128.35902,36.09146],[128.35884,36.09144],[128.35873,36.09123],[128.35853,36.09054],[128.35844,36.0902],[128.3586,36.08764],[128.35884,36.08561],[128.35887,36.08561],[128.35911,36.08541],[128.35923,36.08523],[128.35927,36.08518],[128.35938,36.08487],[128.35931,36.08466],[128.35891,36.08417],[128.35494,36.08048],[128.35308,36.07936],[128.35213,36.07918],[128.35156,36.07952],[128.35054,36.07991],[128.34743,36.07908],[128.34674,36.07853],[128.34528,36.07695],[128.34534,36.07733],[128.34334,36.08005],[128.34294,36.08033],[128.34095,36.08167],[128.33965,36.08203],[128.33845,36.0823],[128.33737,36.08222],[128.33608,36.08225],[128.33432,36.08513],[128.33302,36.08779],[128.33149,36.09039],[128.33089,36.09115],[128.33056,36.09145],[128.33315,36.09377],[128.33538,36.09377],[128.3368,36.09404],[128.34057,36.09581],[128.34132,36.0962],[128.34366,36.09886],[128.34431,36.10108],[128.34581,36.10563],[128.34656,36.10679],[128.34661,36.10687],[128.34715,36.10805],[128.34731,36.10843],[128.34749,36.10883],[128.34924,36.10855],[128.35015,36.10808],[128.35285,36.10672],[128.3551,36.10569],[128.35639,36.10473],[128.35835,36.10406],[128.35981,36.10307],[128.36096,36.10206],[128.36285,36.10207],[128.36297,36.10166],[128.36161,36.10096],[128.36364,36.10056]]]]}},{"type":"Feature","properties":{"code":"47190660","name":"임오동","parent":"47190"},"geometry":{"type":"MultiPolygon","coordinates":[[[[128.36151,36.09176],[128.36135,36.09003],[128.36621,36.09],[128.36819,36.09004],[128.37085,36.08919],[128.37097,36.0867],[128.37625,36.08351],[128.37664,36.08305],[128.37671,36.08298],[128.37721,36.0824],[128.37795,36.08148],[128.37828,36.08104],[128.3784,36.08068],[128.37841,36.08059],[128.37862,36.07965],[128.37883,36.07884],[128.37906,36.07798],[128.37955,36.07721],[128.37978,36.07696],[128.38106,36.07561],[128.38259,36.074],[128.38498,36.07024],[128.38372,36.06943],[128.38052,36.06677],[128.38043,36.06667],[128.37858,36.06545],[128.3784,36.06535],[128.37795,36.06521],[128.3769,36.06498],[128.3767,36.06496],[128.37396,36.06494],[128.37271,36.06509],[128.37262,36.06518],[128.37239,36.06542],[128.37175,36.06597],[128.37164,36.06605],[128.37148,36.06614],[128.37139,36.06617],[128.37133,36.06616],[128.37126,36.06614],[128.37117,36.06611],[128.3711,36.06608],[128.371,36.06601],[128.37075,36.06581],[128.37061,36.06569],[128.37045,36.06554],[128.37013,36.06522],[128.36861,36.06396],[128.36564,36.06184],[128.3656,36.06182],[128.3655,36.06177],[128.36146,36.06071],[128.36137,36.06069],[128.36128,36.06069],[128.36116,36.06071],[128.36094,36.06077],[128.36088,36.06079],[128.36068,36.06085],[128.36047,36.06093],[128.36038,36.06097],[128.36025,36.06105],[128.36014,36.06112],[128.36006,36.06119],[128.3599,36.06133],[128.35966,36.06157],[128.35955,36.06169],[128.35952,36.06173],[128.35948,36.0618],[128.35946,36.06184],[128.35873,36.06334],[128.35857,36.06372],[128.35406,36.06682],[128.35391,36.06685],[128.35383,36.06688],[128.35375,36.06691],[128.35275,36.06733],[128.35206,36.06784],[128.34992,36.06944],[128.34883,36.07027],[128.34703,36.07175],[128.34579,36.07355],[128.34545,36.07423],[128.34503,36.07523],[128.34495,36.07548],[128.34492,36.07585],[128.34492,36.07597],[128.34498,36.0765],[128.34528,36.07695],[128.34674,36.07853],[128.34743,36.07908],[128.35054,36.07991],[128.35156,36.07952],[128.35213,36.07918],[128.35308,36.07936],[128.35494,36.08048],[128.35891,36.08417],[128.35931,36.08466],[128.35938,36.08487],[128.35927,36.08518],[128.35923,36.08523],[128.35911,36.08541],[128.35887,36.08561],[128.35884,36.08561],[128.3586,36.08764],[128.35844,36.0902],[128.35853,36.09054],[128.35873,36.09123],[128.35884,36.09144],[128.35902,36.09146],[128.36072,36.09169],[128.36126,36.09176],[128.36137,36.09178],[128.36151,36.09176]]]]}},{"type":"Feature","properties":{"code":"47190670","name":"인동동","parent":"47190"},"geometry":{"type":"MultiPolygon","coordinates":[[[[128.45805,36.11189],[128.45806,36.11089],[128.45807,36.11083],[128.45813,36.1108],[128.45829,36.11075],[128.45848,36.11071],[128.45931,36.11057],[128.46464,36.10924],[128.46737,36.10766],[128.46875,36.10565],[128.46876,36.10555],[128.46878,36.1055],[128.46883,36.10545],[128.46892,36.10539],[128.46966,36.10499],[128.46971,36.10497],[128.47159,36.10429],[128.47271,36.10395],[128.47275,36.10394],[128.4729,36.1039],[128.47313,36.10388],[128.47369,36.10383],[128.4741,36.10382],[128.47424,36.10383],[128.47439,36.10385],[128.4745,36.10388],[128.47459,36.10395],[128.47463,36.104],[128.47476,36.10421],[128.47484,36.10432],[128.475,36.10444],[128.47518,36.1045],[128.4768,36.105],[128.47685,36.10501],[128.47845,36.10503],[128.47882,36.10498],[128.47912,36.10481],[128.47936,36.10463],[128.47945,36.10454],[128.47952,36.10443],[128.47987,36.10385],[128.47991,36.10375],[128.47993,36.10364],[128.47994,36.10337],[128.47994,36.10327],[128.47991,36.10297],[128.47966,36.10168],[128.47965,36.10162],[128.47963,36.10157],[128.47951,36.10147],[128.478,36.10049],[128.47791,36.10044],[128.47775,36.10038],[128.47759,36.10035],[128.47722,36.10035],[128.47701,36.10039],[128.47687,36.10042],[128.47669,36.10044],[128.47663,36.10041],[128.47626,36.10005],[128.4761,36.09987],[128.476,36.09974],[128.47584,36.09947],[128.47562,36.09909],[128.4754,36.09867],[128.47542,36.09856],[128.47583,36.09636],[128.476,36.09594],[128.47632,36.09503],[128.47685,36.09345],[128.47688,36.09328],[128.4769,36.09313],[128.47691,36.09295],[128.47689,36.09277],[128.47684,36.09269],[128.47614,36.09172],[128.47601,36.09155],[128.47464,36.08984],[128.47454,36.08973],[128.47426,36.08948],[128.4741,36.08936],[128.46921,36.08575],[128.46732,36.0844],[128.46684,36.08413],[128.46666,36.08405],[128.46643,36.08398],[128.46628,36.08395],[128.46587,36.08385],[128.46561,36.08374],[128.46541,36.08364],[128.46523,36.0835],[128.46504,36.08335],[128.46496,36.08327],[128.46414,36.08218],[128.46369,36.08156],[128.46366,36.0814],[128.46336,36.07919],[128.46443,36.07678],[128.46455,36.07662],[128.46466,36.07649],[128.4649,36.07625],[128.46496,36.07619],[128.46522,36.07598],[128.46534,36.0759],[128.46542,36.07587],[128.46552,36.07585],[128.4656,36.07584],[128.46573,36.07585],[128.46581,36.07584],[128.46599,36.07579],[128.46606,36.07575],[128.46617,36.07568],[128.46655,36.07543],[128.46685,36.07523],[128.46693,36.07517],[128.46713,36.07493],[128.46719,36.07486],[128.46881,36.07271],[128.46473,36.07071],[128.463,36.06977],[128.4629,36.0697],[128.46281,36.06967],[128.46273,36.06967],[128.46247,36.06974],[128.45834,36.07084],[128.45349,36.07242],[128.44916,36.07436],[128.44685,36.07594],[128.44684,36.07603],[128.44666,36.07677],[128.44607,36.07801],[128.44604,36.07804],[128.44595,36.07808],[128.44348,36.07877],[128.44186,36.079],[128.44174,36.07901],[128.44168,36.07901],[128.44158,36.079],[128.44145,36.07896],[128.44131,36.07891],[128.4412,36.07886],[128.43789,36.07918],[128.4293,36.08032],[128.42923,36.08034],[128.42864,36.08054],[128.42858,36.08057],[128.4285,36.08061],[128.42431,36.08393],[128.42415,36.08408],[128.42409,36.08415],[128.42406,36.0842],[128.42347,36.08604],[128.42345,36.08613],[128.42348,36.08692],[128.42418,36.0869],[128.42518,36.08674],[128.42605,36.08647],[128.42678,36.08605],[128.4273,36.08571],[128.42934,36.08635],[128.43029,36.0875],[128.43056,36.08791],[128.43168,36.09204],[128.43106,36.09477],[128.43101,36.09478],[128.43077,36.09487],[128.42564,36.09947],[128.42548,36.09961],[128.42514,36.09992],[128.42506,36.09999],[128.41962,36.10598],[128.418,36.10777],[128.41762,36.10819],[128.41756,36.10827],[128.41751,36.10947],[128.41749,36.11009],[128.41746,36.11086],[128.41746,36.1109],[128.41517,36.11101],[128.41357,36.11101],[128.41354,36.1133],[128.41243,36.11468],[128.41098,36.11611],[128.40995,36.11762],[128.41158,36.118],[128.41633,36.11913],[128.41698,36.11932],[128.4175,36.11979],[128.41786,36.1205],[128.41807,36.12086],[128.42074,36.12279],[128.42302,36.12384],[128.42328,36.12395],[128.42539,36.12454],[128.42708,36.12466],[128.43272,36.1246],[128.43492,36.12455],[128.43549,36.12331],[128.4364,36.12332],[128.43775,36.12275],[128.43839,36.12236],[128.43897,36.12166],[128.44281,36.11892],[128.44454,36.11815],[128.44638,36.11767],[128.44822,36.11724],[128.44948,36.11664],[128.45056,36.1157],[128.45113,36.11489],[128.45169,36.11419],[128.45317,36.11388],[128.45554,36.11316],[128.4575,36.11233],[128.45805,36.11189]]]]}},{"type":"Feature","properties":{"code":"47190680","name":"진미동","parent":"47190"},"geometry":{"type":"MultiPolygon","coordinates":[[[[128.40995,36.11762],[128.41098,36.11611],[128.41243,36.11468],[128.41354,36.1133],[128.41357,36.11101],[128.41517,36.11101],[128.41746,36.1109],[128.41746,36.11086],[128.41749,36.11009],[128.41751,36.10947],[128.41756,36.10827],[128.41762,36.10819],[128.418,36.10777],[128.41962,36.10598],[128.42506,36.09999],[128.42514,36.09992],[128.42548,36.09961],[128.42564,36.09947],[128.43077,36.09487],[128.43101,36.09478],[128.43106,36.09477],[128.43168,36.09204],[128.43056,36.08791],[128.43029,36.0875],[128.42934,36.08635],[128.4273,36.08571],[128.42678,36.08605],[128.42605,36.08647],[128.42518,36.08674],[128.42418,36.0869],[128.42348,36.08692],[128.4232,36.08739],[128.42269,36.0878],[128.42111,36.08775],[128.42071,36.08758],[128.42037,36.08719],[128.42033,36.08668],[128.42032,36.08628],[128.42019,36.08575],[128.41985,36.08491],[128.41672,36.08294],[128.41669,36.08292],[128.41608,36.08265],[128.41567,36.08259],[128.40853,36.08328],[128.40626,36.0878],[128.40628,36.0905],[128.40374,36.09194],[128.39816,36.09222],[128.39701,36.10216],[128.39599,36.11099],[128.39623,36.113],[128.396,36.11393],[128.39541,36.11636],[128.39135,36.12078],[128.39188,36.12122],[128.39421,36.12299],[128.39744,36.12544],[128.40484,36.12293],[128.40721,36.11997],[128.40834,36.11855],[128.40995,36.11762]]]]}},{"type":"Feature","properties":{"code":"47190690","name":"양포동","parent":"47190"},"geometry":{"type":"MultiPolygon","coordinates":[[[[128.47424,36.12899],[128.47408,36.12889],[128.47393,36.12879],[128.47372,36.12864],[128.47344,36.12843],[128.47332,36.12833],[128.4718,36.12649],[128.47151,36.12554],[128.47148,36.12525],[128.4715,36.12487],[128.47123,36.12396],[128.4708,36.12292],[128.47052,36.12228],[128.4697,36.12045],[128.46958,36.12027],[128.46932,36.12009],[128.46918,36.12001],[128.4689,36.11991],[128.4687,36.11985],[128.46651,36.1193],[128.46427,36.11881],[128.45968,36.11727],[128.45965,36.11724],[128.45973,36.11594],[128.4598,36.11578],[128.45997,36.11544],[128.4601,36.1149],[128.46015,36.1135],[128.46016,36.1132],[128.46016,36.11289],[128.46014,36.11274],[128.46006,36.11263],[128.45982,36.11253],[128.45876,36.11212],[128.4584,36.112],[128.45805,36.11189],[128.4575,36.11233],[128.45554,36.11316],[128.45317,36.11388],[128.45169,36.11419],[128.45113,36.11489],[128.45056,36.1157],[128.44948,36.11664],[128.44822,36.11724],[128.44638,36.11767],[128.44454,36.11815],[128.44281,36.11892],[128.43897,36.12166],[128.43839,36.12236],[128.43775,36.12275],[128.4364,36.12332],[128.43549,36.12331],[128.43492,36.12455],[128.43272,36.1246],[128.42708,36.12466],[128.42539,36.12454],[128.42328,36.12395],[128.42302,36.12384],[128.42074,36.12279],[128.41807,36.12086],[128.41786,36.1205],[128.4175,36.11979],[128.41698,36.11932],[128.41633,36.11913],[128.41158,36.118],[128.40995,36.11762],[128.40834,36.11855],[128.40721,36.11997],[128.40484,36.12293],[128.39744,36.12544],[128.39421,36.12299],[128.39188,36.12122],[128.39135,36.12078],[128.38957,36.12272],[128.38731,36.12518],[128.38727,36.1252],[128.38721,36.12519],[128.38637,36.12376],[128.38602,36.12403],[128.3849,36.12457],[128.38284,36.12542],[128.38024,36.12622],[128.37978,36.12631],[128.3795,36.12626],[128.37959,36.12674],[128.37914,36.12869],[128.37904,36.12904],[128.37762,36.12975],[128.37568,36.13151],[128.37475,36.13249],[128.37393,36.13383],[128.37288,36.13639],[128.3725,36.13796],[128.37488,36.13803],[128.37521,36.13821],[128.377,36.14038],[128.37734,36.1409],[128.37754,36.14121],[128.37789,36.14179],[128.37838,36.14278],[128.37872,36.14361],[128.37909,36.14468],[128.3795,36.14589],[128.38007,36.14751],[128.38043,36.14848],[128.38082,36.14915],[128.38089,36.14921],[128.38102,36.14921],[128.38126,36.14918],[128.38261,36.149],[128.38303,36.14893],[128.38351,36.14883],[128.38388,36.14873],[128.3844,36.14857],[128.39038,36.14846],[128.39263,36.14918],[128.39274,36.14935],[128.39343,36.15034],[128.39361,36.15045],[128.39411,36.15066],[128.39445,36.15079],[128.39966,36.15238],[128.40124,36.15278],[128.40151,36.15281],[128.40176,36.15282],[128.40209,36.15282],[128.40224,36.1528],[128.40245,36.15275],[128.40409,36.15212],[128.40507,36.15156],[128.40525,36.15149],[128.40554,36.15143],[128.40577,36.1514],[128.40589,36.1514],[128.40627,36.15147],[128.40634,36.15148],[128.40657,36.15157],[128.40864,36.15285],[128.4094,36.1535],[128.41122,36.15541],[128.41192,36.15617],[128.415,36.15556],[128.41598,36.15418],[128.41778,36.15405],[128.42035,36.15354],[128.4213,36.15327],[128.42149,36.15321],[128.42156,36.15317],[128.4216,36.15311],[128.42481,36.1465],[128.42591,36.14505],[128.42597,36.14488],[128.42597,36.14474],[128.42594,36.14443],[128.4259,36.14431],[128.42586,36.14419],[128.42579,36.14404],[128.42568,36.14388],[128.42548,36.14364],[128.42534,36.14352],[128.42526,36.14343],[128.42892,36.14332],[128.43437,36.14315],[128.43691,36.14409],[128.4392,36.14496],[128.44426,36.14442],[128.44427,36.1431],[128.44423,36.1431],[128.43815,36.14318],[128.43748,36.14072],[128.43748,36.14012],[128.43749,36.13857],[128.43913,36.1384],[128.44406,36.13792],[128.44468,36.13786],[128.44502,36.13786],[128.44812,36.13787],[128.45572,36.1328],[128.45599,36.13289],[128.45608,36.13292],[128.45672,36.13319],[128.45705,36.13342],[128.45735,36.13362],[128.4576,36.13371],[128.4579,36.13376],[128.45823,36.13376],[128.45999,36.13333],[128.46186,36.13245],[128.46363,36.13154],[128.46374,36.13142],[128.46396,36.13126],[128.46432,36.13112],[128.46866,36.12944],[128.46937,36.12918],[128.46967,36.12908],[128.47014,36.129],[128.47064,36.12898],[128.47097,36.12897],[128.47424,36.12899]]]]}},{"type":"Feature","properties":{"code":"47190610","name":"비산동","parent":"47190"},"geometry":{"type":"MultiPolygon","coordinates":[[[[128.3795,36.12626],[128.37978,36.12631],[128.38024,36.12622],[128.38284,36.12542],[128.3849,36.12457],[128.38602,36.12403],[128.38637,36.12376],[128.38721,36.12519],[128.38727,36.1252],[128.38731,36.12518],[128.38957,36.12272],[128.39135,36.12078],[128.39541,36.11636],[128.396,36.11393],[128.39623,36.113],[128.39599,36.11099],[128.36639,36.11087],[128.36633,36.11204],[128.3663,36.1154],[128.36611,36.12046],[128.36597,36.1222],[128.36738,36.12288],[128.3674,36.12353],[128.36742,36.12362],[128.3681,36.12492],[128.36932,36.12496],[128.37061,36.12644],[128.37368,36.12471],[128.3795,36.12626]]]]}},{"type":"Feature","properties":{"code":"47190535","name":"원평동","parent":"47190"},"geometry":{"type":"MultiPolygon","coordinates":[[[[128.34075,36.13052],[128.34177,36.13015],[128.34227,36.12997],[128.34243,36.12991],[128.34443,36.12908],[128.34503,36.12883],[128.34706,36.12798],[128.34867,36.12716],[128.35067,36.12614],[128.35151,36.12571],[128.35284,36.1256],[128.35357,36.12554],[128.35393,36.12551],[128.35651,36.12647],[128.35766,36.12684],[128.36264,36.12801],[128.36281,36.12747],[128.36161,36.12721],[128.35789,36.12565],[128.35861,36.12488],[128.35879,36.12434],[128.35655,36.12381],[128.35645,36.12366],[128.35643,36.12341],[128.35648,36.12248],[128.3565,36.1224],[128.35652,36.12235],[128.35655,36.12231],[128.35734,36.12178],[128.35878,36.12086],[128.35863,36.11964],[128.3507,36.12153],[128.35032,36.12164],[128.35027,36.12166],[128.34367,36.12344],[128.34279,36.12342],[128.33698,36.12576],[128.33347,36.12713],[128.32275,36.13161],[128.3239,36.13239],[128.33128,36.13515],[128.3316,36.13524],[128.3321,36.1353],[128.33233,36.1353],[128.3324,36.1353],[128.33275,36.13525],[128.33319,36.13512],[128.33347,36.13502],[128.33408,36.13482],[128.33472,36.1346],[128.33617,36.13358],[128.33757,36.13222],[128.33966,36.13091],[128.34075,36.13052]]]]}}]}