{"type":"FeatureCollection","features":[{"type":"Feature","properties":{"code":"52790250","name":"고창읍","parent":"52790"},"geometry":{"type":"MultiPolygon","coordinates":[[[[126.73812,35.44903],[126.73961,35.44741],[126.74257,35.443],[126.74276,35.44258],[126.74438,35.44075],[126.74442,35.4407],[126.74451,35.44068],[126.74565,35.44052],[126.74575,35.44051],[126.74587,35.44051],[126.74593,35.44052],[126.7461,35.44054],[126.74634,35.44054],[126.74652,35.44053],[126.74737,35.44043],[126.74745,35.44041],[126.74843,35.43996],[126.74864,35.43979],[126.75118,35.43708],[126.75122,35.43702],[126.7513,35.43689],[126.75152,35.43647],[126.75168,35.43612],[126.75171,35.43599],[126.75172,35.43581],[126.75173,35.43562],[126.75173,35.43532],[126.75169,35.43518],[126.7516,35.43502],[126.75144,35.43488],[126.75134,35.43478],[126.75131,35.43475],[126.75129,35.43467],[126.75119,35.43306],[126.7512,35.43286],[126.7512,35.43277],[126.75126,35.43236],[126.75134,35.432],[126.75135,35.43195],[126.75203,35.4261],[126.75178,35.4235],[126.75177,35.42339],[126.75177,35.4233],[126.75177,35.4232],[126.75177,35.42316],[126.75183,35.42298],[126.75195,35.42278],[126.75212,35.42253],[126.75344,35.42071],[126.75378,35.42029],[126.75401,35.42005],[126.7543,35.41794],[126.75396,35.41624],[126.75355,35.41631],[126.75308,35.41635],[126.75248,35.41638],[126.75219,35.4164],[126.75207,35.41639],[126.75176,35.41637],[126.74999,35.41609],[126.74988,35.41606],[126.74982,35.41603],[126.74955,35.41592],[126.74909,35.41564],[126.74856,35.41527],[126.74852,35.41524],[126.74841,35.41516],[126.74818,35.41492],[126.74801,35.41474],[126.74798,35.4147],[126.74794,35.41464],[126.74767,35.41427],[126.74765,35.41424],[126.74747,35.41394],[126.74745,35.41389],[126.74694,35.41282],[126.74576,35.41106],[126.74443,35.40929],[126.74134,35.40773],[126.73865,35.40636],[126.73832,35.40624],[126.73794,35.40604],[126.73778,35.40595],[126.73771,35.40591],[126.73767,35.40588],[126.73744,35.40572],[126.73717,35.40547],[126.73702,35.40532],[126.73696,35.40524],[126.73694,35.40517],[126.73695,35.40477],[126.73698,35.40467],[126.73699,35.40464],[126.73608,35.40325],[126.73098,35.40147],[126.73062,35.40138],[126.7278,35.40068],[126.72735,35.40058],[126.72701,35.40055],[126.72678,35.40056],[126.72644,35.40061],[126.72603,35.40072],[126.72573,35.4008],[126.72553,35.40083],[126.72548,35.40084],[126.72521,35.40087],[126.72502,35.40086],[126.72498,35.40085],[126.72493,35.40084],[126.72465,35.40079],[126.72433,35.40073],[126.72236,35.40017],[126.72228,35.40012],[126.72214,35.4],[126.722,35.39949],[126.72195,35.39917],[126.72195,35.39892],[126.72204,35.39835],[126.72095,35.39727],[126.72073,35.39714],[126.71796,35.39606],[126.71614,35.39544],[126.71379,35.39543],[126.71343,35.39544],[126.71313,35.39551],[126.71179,35.39586],[126.71143,35.39597],[126.71119,35.39608],[126.71098,35.39623],[126.71083,35.39641],[126.71064,35.3967],[126.71047,35.39689],[126.71023,35.39704],[126.7101,35.39709],[126.70737,35.39802],[126.70709,35.39805],[126.70545,35.39823],[126.70426,35.40105],[126.70308,35.40359],[126.70292,35.40379],[126.70273,35.404],[126.70265,35.40404],[126.70138,35.40452],[126.70126,35.40457],[126.70078,35.40474],[126.70056,35.40479],[126.69885,35.40516],[126.69877,35.40517],[126.69869,35.40514],[126.69863,35.40508],[126.69845,35.40489],[126.69833,35.40478],[126.69814,35.40467],[126.69794,35.40458],[126.69766,35.4045],[126.69696,35.40452],[126.69358,35.4049],[126.69319,35.40496],[126.69208,35.40517],[126.69151,35.40532],[126.6902,35.40572],[126.69014,35.40575],[126.69006,35.40585],[126.68917,35.40708],[126.68915,35.40731],[126.68923,35.40777],[126.68927,35.40797],[126.68979,35.4097],[126.6901,35.41069],[126.69019,35.41133],[126.6903,35.41213],[126.69031,35.41227],[126.6903,35.41246],[126.68866,35.4172],[126.68838,35.41784],[126.68828,35.41804],[126.68782,35.41894],[126.68658,35.42127],[126.68643,35.42151],[126.68636,35.42159],[126.68426,35.42367],[126.68413,35.42378],[126.6832,35.42421],[126.68275,35.42438],[126.68249,35.42444],[126.68205,35.42447],[126.68177,35.42452],[126.6793,35.42513],[126.67903,35.42521],[126.67852,35.42538],[126.67815,35.42555],[126.67657,35.42758],[126.67135,35.43037],[126.66952,35.43074],[126.66897,35.43074],[126.66823,35.43143],[126.66542,35.43371],[126.66519,35.43376],[126.66505,35.43376],[126.66494,35.43376],[126.66406,35.43376],[126.66139,35.43376],[126.6613,35.43376],[126.65939,35.43204],[126.65777,35.43039],[126.65721,35.42939],[126.65711,35.42923],[126.65704,35.42913],[126.65692,35.42899],[126.6567,35.42881],[126.65585,35.42828],[126.65577,35.42827],[126.65566,35.42829],[126.65548,35.42832],[126.6551,35.42848],[126.65473,35.42884],[126.65459,35.42922],[126.65438,35.43056],[126.65438,35.4308],[126.65446,35.43166],[126.65447,35.43175],[126.65453,35.43184],[126.65476,35.43204],[126.65485,35.43216],[126.65508,35.43254],[126.6551,35.43259],[126.65508,35.43265],[126.65501,35.43276],[126.65492,35.43287],[126.65164,35.43559],[126.6508,35.43622],[126.65062,35.43636],[126.64955,35.43751],[126.64953,35.43754],[126.64942,35.43787],[126.64898,35.44074],[126.64897,35.44088],[126.64915,35.44174],[126.64919,35.44193],[126.6501,35.44366],[126.65033,35.44405],[126.65041,35.44415],[126.64697,35.4466],[126.64601,35.44678],[126.64498,35.44834],[126.64479,35.44863],[126.64413,35.44964],[126.64413,35.44968],[126.64418,35.44972],[126.64529,35.45059],[126.64541,35.45069],[126.64547,35.45072],[126.64976,35.45219],[126.65218,35.45283],[126.65351,35.45334],[126.65364,35.45339],[126.65803,35.45639],[126.65882,35.45696],[126.65935,35.45736],[126.65963,35.45763],[126.66032,35.45838],[126.66073,35.45884],[126.66299,35.46165],[126.66327,35.46215],[126.66346,35.4625],[126.66375,35.46341],[126.66378,35.46351],[126.66379,35.46366],[126.66376,35.4647],[126.66962,35.46307],[126.67027,35.46311],[126.67221,35.46318],[126.67405,35.46288],[126.67454,35.46274],[126.6769,35.46168],[126.67701,35.46168],[126.67717,35.46169],[126.67731,35.46175],[126.6794,35.46257],[126.68211,35.46368],[126.68225,35.46373],[126.68274,35.4638],[126.68301,35.46381],[126.6831,35.46381],[126.68319,35.46381],[126.68345,35.4638],[126.6858,35.46373],[126.68593,35.46372],[126.68612,35.46368],[126.68621,35.46365],[126.68629,35.46362],[126.68692,35.46331],[126.68697,35.46326],[126.68699,35.46319],[126.68718,35.46182],[126.6872,35.46164],[126.68764,35.45629],[126.68765,35.45516],[126.68766,35.45513],[126.68769,35.45512],[126.68785,35.45509],[126.68791,35.45508],[126.68815,35.45506],[126.68843,35.45504],[126.68859,35.45504],[126.68873,35.45505],[126.68885,35.45507],[126.68896,35.4551],[126.68905,35.45514],[126.68928,35.45525],[126.68966,35.45545],[126.6901,35.45566],[126.69029,35.45574],[126.69047,35.4558],[126.69068,35.45585],[126.69166,35.45601],[126.69174,35.45601],[126.69198,35.45603],[126.69211,35.45601],[126.69548,35.45558],[126.69555,35.45556],[126.6956,35.45552],[126.70037,35.4555],[126.70745,35.45572],[126.70831,35.45573],[126.71059,35.45551],[126.71066,35.4555],[126.71108,35.45532],[126.71124,35.45521],[126.71135,35.45514],[126.71149,35.45502],[126.71465,35.45256],[126.71961,35.44887],[126.71971,35.4488],[126.71986,35.44871],[126.71993,35.44867],[126.72005,35.44864],[126.72018,35.44861],[126.7228,35.44818],[126.7261,35.44905],[126.72625,35.4491],[126.72635,35.44915],[126.72724,35.44986],[126.72742,35.45001],[126.72756,35.45017],[126.72775,35.45041],[126.7278,35.45048],[126.7279,35.45062],[126.72806,35.45081],[126.72829,35.45096],[126.72859,35.45112],[126.72882,35.45122],[126.72899,35.45126],[126.72908,35.45127],[126.73025,35.45116],[126.7323,35.45084],[126.73662,35.44993],[126.73676,35.44988],[126.73694,35.44977],[126.73812,35.44903]]]]}},{"type":"Feature","properties":{"code":"52790310","name":"고수면","parent":"52790"},"geometry":{"type":"MultiPolygon","coordinates":[[[[126.72204,35.39835],[126.72405,35.39704],[126.72706,35.39635],[126.72952,35.39463],[126.72957,35.39459],[126.72961,35.39449],[126.7299,35.39236],[126.73016,35.39031],[126.73089,35.38875],[126.73093,35.38871],[126.73096,35.38869],[126.73105,35.38857],[126.73113,35.38845],[126.73178,35.38574],[126.73208,35.38414],[126.73209,35.38344],[126.73207,35.3833],[126.73204,35.38317],[126.73108,35.38074],[126.73105,35.38067],[126.73103,35.38061],[126.73071,35.38019],[126.73098,35.37996],[126.73106,35.37986],[126.73114,35.37972],[126.73132,35.37892],[126.73134,35.37869],[126.73136,35.37834],[126.73135,35.37825],[126.73122,35.37693],[126.7312,35.37678],[126.73113,35.37658],[126.73107,35.37646],[126.73095,35.37632],[126.73007,35.37548],[126.72268,35.36724],[126.72145,35.36624],[126.71972,35.36509],[126.71954,35.36497],[126.71943,35.36492],[126.71829,35.36514],[126.7151,35.36468],[126.71026,35.36402],[126.71022,35.36402],[126.70955,35.36427],[126.70947,35.36434],[126.70944,35.36441],[126.70944,35.36457],[126.70946,35.36498],[126.70914,35.36518],[126.70458,35.36511],[126.70452,35.36504],[126.7043,35.36462],[126.70373,35.36318],[126.70366,35.36292],[126.70339,35.36151],[126.70335,35.36133],[126.70335,35.36129],[126.70334,35.36111],[126.7027,35.35843],[126.70113,35.35346],[126.70105,35.3532],[126.70077,35.35261],[126.69924,35.34968],[126.69921,35.34965],[126.69913,35.34963],[126.69898,35.34963],[126.69612,35.34975],[126.69605,35.34976],[126.69588,35.3498],[126.69566,35.34991],[126.69532,35.35011],[126.69475,35.35045],[126.69334,35.35126],[126.69304,35.35142],[126.69278,35.35152],[126.69215,35.35163],[126.69177,35.35164],[126.69157,35.35161],[126.69147,35.35158],[126.69139,35.35152],[126.69135,35.35149],[126.69127,35.35142],[126.6909,35.35108],[126.6907,35.35089],[126.69067,35.35086],[126.68847,35.34803],[126.68683,35.34577],[126.68548,35.34459],[126.68499,35.34487],[126.68252,35.34651],[126.68244,35.34668],[126.6823,35.34689],[126.68209,35.3471],[126.68198,35.34715],[126.67823,35.34826],[126.67605,35.3486],[126.67592,35.34862],[126.67564,35.34863],[126.67478,35.3486],[126.6727,35.35006],[126.66992,35.35105],[126.66747,35.35162],[126.66707,35.35162],[126.66673,35.35155],[126.667,35.35274],[126.66768,35.3553],[126.66773,35.35539],[126.66781,35.35552],[126.66787,35.35571],[126.66824,35.35855],[126.66825,35.35868],[126.66822,35.35881],[126.66793,35.35984],[126.66782,35.36022],[126.66777,35.36036],[126.66763,35.36065],[126.66668,35.36259],[126.66659,35.36272],[126.66587,35.36373],[126.66572,35.36388],[126.66471,35.36712],[126.66489,35.37218],[126.66461,35.37449],[126.66445,35.3745],[126.66433,35.37452],[126.66423,35.37457],[126.66321,35.37522],[126.66312,35.3753],[126.66184,35.37742],[126.66207,35.37868],[126.66218,35.37882],[126.66223,35.37894],[126.66228,35.37911],[126.6623,35.37924],[126.66229,35.3794],[126.66225,35.37957],[126.66093,35.38254],[126.65887,35.38478],[126.65847,35.38491],[126.65678,35.3855],[126.65663,35.38557],[126.65652,35.38565],[126.65487,35.38696],[126.65477,35.38706],[126.6547,35.38716],[126.65467,35.38725],[126.65466,35.38734],[126.65467,35.38746],[126.65469,35.38763],[126.65472,35.38773],[126.65477,35.38783],[126.65488,35.38798],[126.65498,35.38813],[126.65511,35.38832],[126.6552,35.3885],[126.65548,35.38921],[126.65553,35.38936],[126.65555,35.38946],[126.65554,35.38977],[126.65553,35.38991],[126.65543,35.39081],[126.65538,35.39096],[126.65531,35.39107],[126.65523,35.39116],[126.65507,35.39128],[126.65496,35.39134],[126.6523,35.39273],[126.65218,35.39276],[126.65209,35.39277],[126.65198,35.39277],[126.65187,35.39275],[126.65154,35.39266],[126.65079,35.39406],[126.65075,35.39408],[126.64965,35.3943],[126.6486,35.39451],[126.64256,35.39564],[126.64184,35.39577],[126.64167,35.3958],[126.64138,35.39585],[126.64115,35.39596],[126.637,35.39842],[126.63668,35.39867],[126.63659,35.39885],[126.63648,35.3994],[126.63632,35.40055],[126.63623,35.40182],[126.63615,35.40232],[126.63607,35.40254],[126.63598,35.40268],[126.63065,35.40979],[126.63008,35.41056],[126.63288,35.41186],[126.63385,35.41309],[126.63396,35.41387],[126.63528,35.41734],[126.63542,35.4176],[126.63581,35.41822],[126.63623,35.41875],[126.63648,35.41902],[126.64165,35.42421],[126.64409,35.42454],[126.6447,35.42442],[126.64517,35.42439],[126.65001,35.42463],[126.65178,35.42472],[126.65207,35.42477],[126.65239,35.42489],[126.6535,35.42534],[126.65363,35.42542],[126.65545,35.42673],[126.65552,35.42679],[126.65559,35.427],[126.65567,35.42731],[126.65568,35.42742],[126.6551,35.42848],[126.65548,35.42832],[126.65566,35.42829],[126.65577,35.42827],[126.65585,35.42828],[126.6567,35.42881],[126.65692,35.42899],[126.65704,35.42913],[126.65711,35.42923],[126.65721,35.42939],[126.65777,35.43039],[126.65939,35.43204],[126.6613,35.43376],[126.66139,35.43376],[126.66406,35.43376],[126.66494,35.43376],[126.66505,35.43376],[126.66519,35.43376],[126.66542,35.43371],[126.66823,35.43143],[126.66897,35.43074],[126.66952,35.43074],[126.67135,35.43037],[126.67657,35.42758],[126.67815,35.42555],[126.67852,35.42538],[126.67903,35.42521],[126.6793,35.42513],[126.68177,35.42452],[126.68205,35.42447],[126.68249,35.42444],[126.68275,35.42438],[126.6832,35.42421],[126.68413,35.42378],[126.68426,35.42367],[126.68636,35.42159],[126.68643,35.42151],[126.68658,35.42127],[126.68782,35.41894],[126.68828,35.41804],[126.68838,35.41784],[126.68866,35.4172],[126.6903,35.41246],[126.69031,35.41227],[126.6903,35.41213],[126.69019,35.41133],[126.6901,35.41069],[126.68979,35.4097],[126.68927,35.40797],[126.68923,35.40777],[126.68915,35.40731],[126.68917,35.40708],[126.69006,35.40585],[126.69014,35.40575],[126.6902,35.40572],[126.69151,35.40532],[126.69208,35.40517],[126.69319,35.40496],[126.69358,35.4049],[126.69696,35.40452],[126.69766,35.4045],[126.69794,35.40458],[126.69814,35.40467],[126.69833,35.40478],[126.69845,35.40489],[126.69863,35.40508],[126.69869,35.40514],[126.69877,35.40517],[126.69885,35.40516],[126.70056,35.40479],[126.70078,35.40474],[126.70126,35.40457],[126.70138,35.40452],[126.70265,35.40404],[126.70273,35.404],[126.70292,35.40379],[126.70308,35.40359],[126.70426,35.40105],[126.70545,35.39823],[126.70709,35.39805],[126.70737,35.39802],[126.7101,35.39709],[126.71023,35.39704],[126.71047,35.39689],[126.71064,35.3967],[126.71083,35.39641],[126.71098,35.39623],[126.71119,35.39608],[126.71143,35.39597],[126.71179,35.39586],[126.71313,35.39551],[126.71343,35.39544],[126.71379,35.39543],[126.71614,35.39544],[126.71796,35.39606],[126.72073,35.39714],[126.72095,35.39727],[126.72204,35.39835]]]]}},{"type":"Feature","properties":{"code":"52790320","name":"아산면","parent":"52790"},"geometry":{"type":"MultiPolygon","coordinates":[[[[126.59629,35.5153],[126.59604,35.51467],[126.59598,35.51443],[126.59593,35.51415],[126.59589,35.51375],[126.59593,35.51352],[126.59596,35.51338],[126.596,35.51325],[126.5976,35.51026],[126.59771,35.51008],[126.598,35.50972],[126.59816,35.50957],[126.59847,35.50944],[126.60041,35.50869],[126.60086,35.50853],[126.6012,35.50845],[126.60153,35.50843],[126.6019,35.50846],[126.60256,35.50856],[126.60266,35.5086],[126.60288,35.50869],[126.60304,35.50873],[126.60332,35.50876],[126.60362,35.50877],[126.60407,35.50875],[126.60466,35.50869],[126.60479,35.50867],[126.60562,35.50854],[126.60587,35.50849],[126.60621,35.50841],[126.60653,35.50831],[126.60706,35.50813],[126.60776,35.50788],[126.61002,35.50707],[126.61072,35.50682],[126.61222,35.50616],[126.61502,35.50633],[126.61526,35.50643],[126.61622,35.50681],[126.61649,35.50688],[126.61667,35.50692],[126.61677,35.50694],[126.61687,35.50696],[126.61804,35.50704],[126.61832,35.50701],[126.61868,35.50698],[126.61911,35.5069],[126.61924,35.50687],[126.61932,35.50682],[126.62136,35.50551],[126.62144,35.50543],[126.62152,35.50532],[126.62163,35.50516],[126.62169,35.50504],[126.62171,35.50494],[126.62172,35.50378],[126.62148,35.50303],[126.62131,35.50266],[126.62119,35.50241],[126.62123,35.50212],[126.62129,35.50176],[126.62139,35.50156],[126.62161,35.50132],[126.62225,35.5007],[126.62239,35.50064],[126.62414,35.50029],[126.62902,35.49748],[126.62974,35.49699],[126.63199,35.49564],[126.63456,35.49421],[126.63586,35.49355],[126.63598,35.49358],[126.63601,35.49359],[126.63623,35.49367],[126.64022,35.49519],[126.64137,35.49574],[126.64144,35.49579],[126.64146,35.49585],[126.6414,35.49654],[126.64144,35.49662],[126.64151,35.49668],[126.64265,35.4973],[126.64399,35.49797],[126.64462,35.49823],[126.64504,35.4984],[126.64754,35.49925],[126.64774,35.49927],[126.64795,35.49928],[126.64838,35.49929],[126.64851,35.49926],[126.65056,35.49853],[126.65087,35.49842],[126.65172,35.49802],[126.6525,35.49756],[126.65263,35.49744],[126.65664,35.49228],[126.65675,35.49203],[126.65692,35.49147],[126.65696,35.4913],[126.657,35.4906],[126.65704,35.49026],[126.65817,35.48842],[126.65824,35.48833],[126.6584,35.48824],[126.65864,35.48817],[126.65916,35.48805],[126.65951,35.488],[126.65962,35.48798],[126.65968,35.48797],[126.6601,35.48786],[126.66049,35.48767],[126.66338,35.48611],[126.66353,35.48601],[126.66388,35.48552],[126.66609,35.48166],[126.66657,35.48061],[126.66703,35.47838],[126.66703,35.47821],[126.66794,35.47537],[126.6681,35.47526],[126.66857,35.4749],[126.66936,35.4739],[126.66958,35.4736],[126.66962,35.47351],[126.66965,35.47334],[126.66963,35.47149],[126.66963,35.47118],[126.66956,35.47071],[126.66947,35.47037],[126.66815,35.46762],[126.66813,35.46757],[126.66793,35.46742],[126.66436,35.46505],[126.66376,35.4647],[126.66379,35.46366],[126.66378,35.46351],[126.66375,35.46341],[126.66346,35.4625],[126.66327,35.46215],[126.66299,35.46165],[126.66073,35.45884],[126.66032,35.45838],[126.65963,35.45763],[126.65935,35.45736],[126.65882,35.45696],[126.65803,35.45639],[126.65364,35.45339],[126.65351,35.45334],[126.65218,35.45283],[126.64976,35.45219],[126.64547,35.45072],[126.64541,35.45069],[126.64529,35.45059],[126.64418,35.44972],[126.64413,35.44968],[126.64413,35.44964],[126.64479,35.44863],[126.64498,35.44834],[126.64601,35.44678],[126.64697,35.4466],[126.65041,35.44415],[126.65033,35.44405],[126.6501,35.44366],[126.64919,35.44193],[126.64915,35.44174],[126.64897,35.44088],[126.64898,35.44074],[126.64942,35.43787],[126.64953,35.43754],[126.64955,35.43751],[126.65062,35.43636],[126.6508,35.43622],[126.65164,35.43559],[126.65492,35.43287],[126.65501,35.43276],[126.65508,35.43265],[126.6551,35.43259],[126.65508,35.43254],[126.65485,35.43216],[126.65476,35.43204],[126.65453,35.43184],[126.65447,35.43175],[126.65446,35.43166],[126.65438,35.4308],[126.65438,35.43056],[126.65459,35.42922],[126.65473,35.42884],[126.6551,35.42848],[126.65568,35.42742],[126.65567,35.42731],[126.65559,35.427],[126.65552,35.42679],[126.65545,35.42673],[126.65363,35.42542],[126.6535,35.42534],[126.65239,35.42489],[126.65207,35.42477],[126.65178,35.42472],[126.65001,35.42463],[126.64517,35.42439],[126.6447,35.42442],[126.64409,35.42454],[126.64165,35.42421],[126.63648,35.41902],[126.63623,35.41875],[126.63581,35.41822],[126.63542,35.4176],[126.63528,35.41734],[126.63396,35.41387],[126.63385,35.41309],[126.63288,35.41186],[126.63008,35.41056],[126.62821,35.41311],[126.62773,35.4137],[126.62758,35.41387],[126.62732,35.41404],[126.6267,35.41443],[126.62545,35.41499],[126.62523,35.41506],[126.62446,35.41519],[126.62355,35.41533],[126.62324,35.4154],[126.62272,35.4155],[126.62243,35.41558],[126.62233,35.41564],[126.62226,35.4157],[126.62216,35.41584],[126.62209,35.41602],[126.62199,35.41626],[126.62145,35.41787],[126.6214,35.41816],[126.62067,35.42051],[126.61799,35.42691],[126.61432,35.42547],[126.61401,35.42501],[126.61362,35.42441],[126.61331,35.42396],[126.61255,35.42287],[126.61233,35.42257],[126.61208,35.42232],[126.61188,35.42217],[126.6117,35.42207],[126.61146,35.42199],[126.61123,35.42192],[126.61107,35.42188],[126.6107,35.42186],[126.61003,35.42184],[126.60826,35.42191],[126.60681,35.42197],[126.60613,35.42201],[126.60554,35.42204],[126.60408,35.42211],[126.60375,35.4221],[126.60342,35.42207],[126.60314,35.42202],[126.60294,35.42196],[126.60269,35.42188],[126.60249,35.42181],[126.60217,35.42165],[126.60169,35.42137],[126.6014,35.42118],[126.60132,35.42113],[126.59911,35.42213],[126.59906,35.42216],[126.59899,35.42222],[126.59407,35.42646],[126.59361,35.42709],[126.59337,35.42769],[126.59328,35.42804],[126.59321,35.42812],[126.59315,35.42815],[126.59255,35.42834],[126.59247,35.42836],[126.59236,35.42835],[126.58252,35.42904],[126.58244,35.42906],[126.5824,35.42909],[126.58228,35.42922],[126.58147,35.4302],[126.58099,35.43079],[126.58082,35.43107],[126.58074,35.43126],[126.58069,35.4314],[126.58066,35.4315],[126.58063,35.43188],[126.58058,35.43244],[126.58043,35.43461],[126.58044,35.4349],[126.58052,35.43552],[126.5806,35.43598],[126.58066,35.43614],[126.58071,35.43627],[126.58088,35.43653],[126.58111,35.4368],[126.58132,35.43699],[126.58148,35.43713],[126.58164,35.43723],[126.58193,35.43737],[126.58223,35.43752],[126.58254,35.43771],[126.58276,35.43791],[126.5828,35.43795],[126.58282,35.43802],[126.58281,35.4382],[126.58277,35.43843],[126.58274,35.43852],[126.5827,35.43866],[126.58189,35.44042],[126.58041,35.44433],[126.57968,35.44662],[126.57776,35.44894],[126.57501,35.44981],[126.5733,35.44926],[126.57311,35.44933],[126.57264,35.44966],[126.56992,35.45187],[126.56994,35.4519],[126.57,35.45196],[126.57007,35.4521],[126.57015,35.45229],[126.5704,35.45304],[126.57044,35.45315],[126.57106,35.45724],[126.57119,35.45987],[126.57118,35.46013],[126.57112,35.46068],[126.57108,35.46076],[126.5696,35.46309],[126.56875,35.46426],[126.56857,35.46446],[126.56847,35.46455],[126.56581,35.46663],[126.56565,35.46673],[126.5648,35.46709],[126.5647,35.46713],[126.56465,35.46712],[126.56428,35.467],[126.56391,35.46683],[126.56343,35.46657],[126.56332,35.46651],[126.5632,35.46639],[126.56288,35.46602],[126.56277,35.46585],[126.56265,35.46565],[126.56256,35.46541],[126.56243,35.46486],[126.56241,35.46466],[126.56235,35.46459],[126.56224,35.46454],[126.55992,35.46385],[126.55984,35.46386],[126.55972,35.46391],[126.55588,35.46586],[126.55585,35.46591],[126.55514,35.47066],[126.55517,35.47085],[126.55523,35.47117],[126.55529,35.47135],[126.55537,35.47151],[126.55546,35.47164],[126.55647,35.47284],[126.55675,35.47315],[126.55718,35.47353],[126.55737,35.47369],[126.55838,35.47463],[126.55968,35.47674],[126.5597,35.4768],[126.55985,35.48504],[126.55985,35.4851],[126.5598,35.48514],[126.55972,35.48518],[126.55953,35.48525],[126.55933,35.48531],[126.55923,35.48531],[126.55906,35.48529],[126.55888,35.4853],[126.55824,35.48536],[126.55812,35.48539],[126.5568,35.48595],[126.55668,35.48604],[126.55661,35.48617],[126.55605,35.48903],[126.55604,35.48913],[126.55612,35.48977],[126.55615,35.48985],[126.55622,35.48994],[126.55757,35.49155],[126.55768,35.49167],[126.56048,35.49471],[126.56239,35.49649],[126.56263,35.49669],[126.56332,35.49723],[126.56343,35.49726],[126.56449,35.49745],[126.56459,35.49744],[126.56479,35.49737],[126.565,35.49728],[126.56521,35.4972],[126.56565,35.4971],[126.56581,35.49708],[126.56601,35.49711],[126.56643,35.49718],[126.56783,35.49751],[126.568,35.49755],[126.56829,35.49764],[126.56835,35.49768],[126.56844,35.49778],[126.56852,35.49789],[126.56899,35.49863],[126.56902,35.49869],[126.5705,35.50279],[126.57053,35.50292],[126.57055,35.50303],[126.57057,35.50318],[126.57057,35.50375],[126.57056,35.50409],[126.57053,35.50444],[126.57052,35.50571],[126.57055,35.50602],[126.57137,35.50855],[126.57148,35.50885],[126.57338,35.51301],[126.57342,35.51305],[126.57362,35.51312],[126.57388,35.51319],[126.57403,35.51323],[126.57434,35.51334],[126.57452,35.51341],[126.57466,35.51349],[126.57481,35.51361],[126.57645,35.5153],[126.57652,35.51544],[126.57654,35.51562],[126.57657,35.51605],[126.57659,35.51636],[126.57668,35.517],[126.57683,35.51773],[126.57688,35.51788],[126.57701,35.51812],[126.57703,35.51815],[126.57707,35.51816],[126.57712,35.51816],[126.57722,35.51812],[126.57793,35.51785],[126.58013,35.51779],[126.5863,35.51786],[126.58826,35.51803],[126.58839,35.51802],[126.59015,35.51664],[126.59482,35.51569],[126.59629,35.5153]]]]}},{"type":"Feature","properties":{"code":"52790330","name":"무장면","parent":"52790"},"geometry":{"type":"MultiPolygon","coordinates":[[[[126.6214,35.41816],[126.621,35.41563],[126.6209,35.41528],[126.62078,35.41499],[126.61679,35.40714],[126.61568,35.40503],[126.61537,35.40447],[126.61533,35.4044],[126.61503,35.40388],[126.61476,35.40346],[126.61401,35.40239],[126.61312,35.40122],[126.61294,35.40097],[126.61279,35.40075],[126.61274,35.40064],[126.61274,35.40048],[126.61274,35.40017],[126.61292,35.39813],[126.61295,35.39801],[126.61299,35.39785],[126.61308,35.39767],[126.61322,35.39753],[126.6136,35.39716],[126.61381,35.39703],[126.61455,35.39667],[126.61685,35.3957],[126.61777,35.39529],[126.61809,35.39512],[126.6183,35.39498],[126.6184,35.3949],[126.62054,35.39245],[126.62064,35.39232],[126.62069,35.39221],[126.62075,35.39204],[126.6221,35.38696],[126.62215,35.38669],[126.62218,35.38645],[126.62219,35.38631],[126.62219,35.38615],[126.62216,35.38598],[126.62124,35.38205],[126.62122,35.38199],[126.6207,35.38076],[126.62032,35.37989],[126.6192,35.37755],[126.61834,35.37604],[126.61805,35.37557],[126.61776,35.37512],[126.61726,35.37457],[126.61713,35.37443],[126.61704,35.37438],[126.61037,35.37184],[126.60949,35.37161],[126.60929,35.37158],[126.60717,35.3713],[126.60681,35.37127],[126.60668,35.37127],[126.60654,35.3713],[126.6065,35.37132],[126.60644,35.37135],[126.60635,35.3714],[126.6028,35.37224],[126.60061,35.37242],[126.60026,35.37279],[126.60021,35.37287],[126.59999,35.37316],[126.59971,35.37358],[126.59957,35.37383],[126.59852,35.37589],[126.59843,35.3761],[126.59841,35.37622],[126.59828,35.37716],[126.59825,35.37767],[126.59822,35.37814],[126.59803,35.37894],[126.59751,35.38078],[126.59618,35.3821],[126.59455,35.38262],[126.59225,35.38331],[126.58719,35.38455],[126.58619,35.38493],[126.58608,35.38521],[126.58606,35.38528],[126.58576,35.38592],[126.58573,35.38597],[126.58485,35.3863],[126.58471,35.38633],[126.58458,35.38635],[126.58443,35.38635],[126.5843,35.38634],[126.58397,35.38624],[126.58369,35.38613],[126.58333,35.38597],[126.58281,35.38574],[126.58255,35.3856],[126.58214,35.38534],[126.58166,35.38502],[126.58026,35.38442],[126.57925,35.38437],[126.57765,35.38677],[126.57759,35.38687],[126.57755,35.38696],[126.57751,35.38712],[126.57709,35.39032],[126.5771,35.39052],[126.57712,35.39064],[126.57732,35.3913],[126.5774,35.39152],[126.57766,35.39211],[126.57796,35.39288],[126.578,35.39303],[126.57803,35.3932],[126.57805,35.39422],[126.57804,35.39435],[126.57802,35.39443],[126.57798,35.39449],[126.57789,35.39455],[126.5767,35.39515],[126.57642,35.39526],[126.57629,35.39531],[126.57623,35.39533],[126.57611,35.39534],[126.57539,35.39528],[126.57525,35.39526],[126.57522,35.39525],[126.57496,35.3952],[126.57451,35.39507],[126.57423,35.39503],[126.57275,35.39501],[126.57256,35.39501],[126.57251,35.39502],[126.57239,35.39504],[126.57172,35.39518],[126.57125,35.39531],[126.57095,35.39542],[126.57083,35.39549],[126.57066,35.39565],[126.56955,35.39668],[126.56724,35.39673],[126.56346,35.39493],[126.56329,35.39482],[126.56326,35.39476],[126.56325,35.39472],[126.56329,35.39461],[126.56342,35.3942],[126.56361,35.39345],[126.56361,35.39337],[126.56363,35.3927],[126.5636,35.3924],[126.56351,35.39215],[126.56348,35.39213],[126.56081,35.39066],[126.56067,35.39061],[126.55899,35.3902],[126.55796,35.39018],[126.55541,35.39062],[126.55477,35.39122],[126.55454,35.39149],[126.55437,35.39169],[126.55428,35.39183],[126.55192,35.39212],[126.54886,35.39124],[126.54859,35.39113],[126.54706,35.39164],[126.5458,35.39242],[126.54347,35.39115],[126.54124,35.39236],[126.54258,35.39644],[126.54377,35.39904],[126.54388,35.39924],[126.54391,35.39932],[126.54437,35.4015],[126.54435,35.40157],[126.54322,35.40376],[126.54319,35.40379],[126.54316,35.40383],[126.54304,35.4039],[126.54298,35.40393],[126.54284,35.40399],[126.541,35.40476],[126.53872,35.40541],[126.53852,35.40545],[126.53831,35.40547],[126.53807,35.40548],[126.53803,35.40548],[126.53792,35.40547],[126.53662,35.40532],[126.53658,35.40531],[126.5365,35.40528],[126.53639,35.40522],[126.53594,35.40499],[126.53509,35.40466],[126.53505,35.40466],[126.53499,35.40467],[126.53098,35.40617],[126.52897,35.4085],[126.52756,35.41052],[126.52762,35.41062],[126.52769,35.4108],[126.52773,35.41093],[126.5285,35.41446],[126.52854,35.41463],[126.52853,35.41472],[126.52822,35.41755],[126.52812,35.41774],[126.52807,35.41777],[126.52804,35.41779],[126.52791,35.41782],[126.5277,35.41785],[126.52764,35.41787],[126.52743,35.41793],[126.52699,35.41808],[126.52677,35.41818],[126.52667,35.41827],[126.52607,35.41977],[126.52605,35.41992],[126.52609,35.42022],[126.52614,35.42034],[126.52623,35.42044],[126.52781,35.4222],[126.52931,35.42317],[126.52943,35.42327],[126.52948,35.42337],[126.5301,35.42555],[126.53015,35.42573],[126.53045,35.42702],[126.53096,35.42954],[126.53095,35.42966],[126.53069,35.43176],[126.53063,35.43195],[126.53003,35.43337],[126.52997,35.43341],[126.52924,35.43343],[126.52887,35.43347],[126.52845,35.43353],[126.52634,35.43407],[126.52627,35.43411],[126.52623,35.43413],[126.52605,35.43443],[126.52587,35.43473],[126.52582,35.43484],[126.52725,35.43717],[126.52734,35.43736],[126.52737,35.43746],[126.52764,35.43987],[126.52763,35.44014],[126.5276,35.44034],[126.52744,35.44127],[126.52764,35.44244],[126.52771,35.44272],[126.52779,35.44283],[126.52971,35.44407],[126.52983,35.44423],[126.52997,35.44427],[126.53033,35.44432],[126.53053,35.44433],[126.53089,35.44433],[126.53104,35.4443],[126.53492,35.44316],[126.53685,35.44226],[126.53696,35.44222],[126.53724,35.44222],[126.53793,35.44227],[126.53821,35.44232],[126.53844,35.4424],[126.5389,35.44259],[126.53912,35.44268],[126.53939,35.44287],[126.53953,35.443],[126.53985,35.4433],[126.54003,35.4435],[126.54019,35.44367],[126.54056,35.4439],[126.5408,35.44396],[126.5412,35.44406],[126.54204,35.44421],[126.54216,35.44422],[126.54224,35.4442],[126.54255,35.44408],[126.54343,35.44362],[126.54422,35.44308],[126.54425,35.44306],[126.54625,35.44242],[126.54683,35.44246],[126.54689,35.44247],[126.54694,35.44249],[126.54697,35.44249],[126.54796,35.44304],[126.54918,35.44348],[126.54922,35.44348],[126.5524,35.44234],[126.5529,35.44205],[126.55306,35.44193],[126.55319,35.44182],[126.55428,35.44116],[126.55633,35.44034],[126.56082,35.43893],[126.56094,35.4389],[126.56101,35.43891],[126.56107,35.43894],[126.56115,35.439],[126.56159,35.43942],[126.56483,35.44281],[126.56554,35.44283],[126.56569,35.44284],[126.56577,35.44287],[126.56589,35.44292],[126.56606,35.44301],[126.56632,35.44326],[126.56833,35.44515],[126.56851,35.44536],[126.5686,35.44553],[126.5687,35.44572],[126.56871,35.44577],[126.56982,35.45114],[126.56992,35.45187],[126.57264,35.44966],[126.57311,35.44933],[126.5733,35.44926],[126.57501,35.44981],[126.57776,35.44894],[126.57968,35.44662],[126.58041,35.44433],[126.58189,35.44042],[126.5827,35.43866],[126.58274,35.43852],[126.58277,35.43843],[126.58281,35.4382],[126.58282,35.43802],[126.5828,35.43795],[126.58276,35.43791],[126.58254,35.43771],[126.58223,35.43752],[126.58193,35.43737],[126.58164,35.43723],[126.58148,35.43713],[126.58132,35.43699],[126.58111,35.4368],[126.58088,35.43653],[126.58071,35.43627],[126.58066,35.43614],[126.5806,35.43598],[126.58052,35.43552],[126.58044,35.4349],[126.58043,35.43461],[126.58058,35.43244],[126.58063,35.43188],[126.58066,35.4315],[126.58069,35.4314],[126.58074,35.43126],[126.58082,35.43107],[126.58099,35.43079],[126.58147,35.4302],[126.58228,35.42922],[126.5824,35.42909],[126.58244,35.42906],[126.58252,35.42904],[126.59236,35.42835],[126.59247,35.42836],[126.59255,35.42834],[126.59315,35.42815],[126.59321,35.42812],[126.59328,35.42804],[126.59337,35.42769],[126.59361,35.42709],[126.59407,35.42646],[126.59899,35.42222],[126.59906,35.42216],[126.59911,35.42213],[126.60132,35.42113],[126.6014,35.42118],[126.60169,35.42137],[126.60217,35.42165],[126.60249,35.42181],[126.60269,35.42188],[126.60294,35.42196],[126.60314,35.42202],[126.60342,35.42207],[126.60375,35.4221],[126.60408,35.42211],[126.60554,35.42204],[126.60613,35.42201],[126.60681,35.42197],[126.60826,35.42191],[126.61003,35.42184],[126.6107,35.42186],[126.61107,35.42188],[126.61123,35.42192],[126.61146,35.42199],[126.6117,35.42207],[126.61188,35.42217],[126.61208,35.42232],[126.61233,35.42257],[126.61255,35.42287],[126.61331,35.42396],[126.61362,35.42441],[126.61401,35.42501],[126.61432,35.42547],[126.61799,35.42691],[126.62067,35.42051],[126.6214,35.41816]]]]}},{"type":"Feature","properties":{"code":"52790340","name":"공음면","parent":"52790"},"geometry":{"type":"MultiPolygon","coordinates":[[[[126.52582,35.43484],[126.52587,35.43473],[126.52605,35.43443],[126.52623,35.43413],[126.52627,35.43411],[126.52634,35.43407],[126.52845,35.43353],[126.52887,35.43347],[126.52924,35.43343],[126.52997,35.43341],[126.53003,35.43337],[126.53063,35.43195],[126.53069,35.43176],[126.53095,35.42966],[126.53096,35.42954],[126.53045,35.42702],[126.53015,35.42573],[126.5301,35.42555],[126.52948,35.42337],[126.52943,35.42327],[126.52931,35.42317],[126.52781,35.4222],[126.52623,35.42044],[126.52614,35.42034],[126.52609,35.42022],[126.52605,35.41992],[126.52607,35.41977],[126.52667,35.41827],[126.52677,35.41818],[126.52699,35.41808],[126.52743,35.41793],[126.52764,35.41787],[126.5277,35.41785],[126.52791,35.41782],[126.52804,35.41779],[126.52807,35.41777],[126.52812,35.41774],[126.52822,35.41755],[126.52853,35.41472],[126.52854,35.41463],[126.5285,35.41446],[126.52773,35.41093],[126.52769,35.4108],[126.52762,35.41062],[126.52756,35.41052],[126.52897,35.4085],[126.53098,35.40617],[126.53499,35.40467],[126.53505,35.40466],[126.53509,35.40466],[126.53594,35.40499],[126.53639,35.40522],[126.5365,35.40528],[126.53658,35.40531],[126.53662,35.40532],[126.53792,35.40547],[126.53803,35.40548],[126.53807,35.40548],[126.53831,35.40547],[126.53852,35.40545],[126.53872,35.40541],[126.541,35.40476],[126.54284,35.40399],[126.54298,35.40393],[126.54304,35.4039],[126.54316,35.40383],[126.54319,35.40379],[126.54322,35.40376],[126.54435,35.40157],[126.54437,35.4015],[126.54391,35.39932],[126.54388,35.39924],[126.54377,35.39904],[126.54258,35.39644],[126.54124,35.39236],[126.54347,35.39115],[126.5458,35.39242],[126.54706,35.39164],[126.54859,35.39113],[126.54886,35.39124],[126.55192,35.39212],[126.55428,35.39183],[126.55437,35.39169],[126.55454,35.39149],[126.55477,35.39122],[126.55541,35.39062],[126.55796,35.39018],[126.55899,35.3902],[126.56067,35.39061],[126.56081,35.39066],[126.56348,35.39213],[126.56351,35.39215],[126.5636,35.3924],[126.56363,35.3927],[126.56361,35.39337],[126.56361,35.39345],[126.56342,35.3942],[126.56329,35.39461],[126.56325,35.39472],[126.56326,35.39476],[126.56329,35.39482],[126.56346,35.39493],[126.56724,35.39673],[126.56955,35.39668],[126.57066,35.39565],[126.57083,35.39549],[126.57095,35.39542],[126.57125,35.39531],[126.57172,35.39518],[126.57239,35.39504],[126.57251,35.39502],[126.57256,35.39501],[126.57275,35.39501],[126.57423,35.39503],[126.57451,35.39507],[126.57496,35.3952],[126.57522,35.39525],[126.57525,35.39526],[126.57539,35.39528],[126.57611,35.39534],[126.57623,35.39533],[126.57629,35.39531],[126.57642,35.39526],[126.5767,35.39515],[126.57789,35.39455],[126.57798,35.39449],[126.57802,35.39443],[126.57804,35.39435],[126.57805,35.39422],[126.57803,35.3932],[126.578,35.39303],[126.57796,35.39288],[126.57766,35.39211],[126.5774,35.39152],[126.57732,35.3913],[126.57712,35.39064],[126.5771,35.39052],[126.57709,35.39032],[126.57751,35.38712],[126.57755,35.38696],[126.57759,35.38687],[126.57765,35.38677],[126.57925,35.38437],[126.58069,35.38287],[126.58121,35.38192],[126.58128,35.38106],[126.58125,35.38091],[126.58006,35.37717],[126.57991,35.37684],[126.57918,35.37532],[126.57906,35.37515],[126.57834,35.37431],[126.57812,35.37419],[126.57806,35.37419],[126.5779,35.3742],[126.5776,35.37423],[126.5775,35.37425],[126.57729,35.37423],[126.57706,35.37419],[126.5743,35.37273],[126.57404,35.3725],[126.57379,35.37227],[126.57344,35.37192],[126.57341,35.37187],[126.57323,35.37142],[126.57319,35.37112],[126.57315,35.37078],[126.57313,35.37071],[126.5731,35.37068],[126.57295,35.37055],[126.57228,35.37011],[126.57197,35.36994],[126.57164,35.36979],[126.57105,35.36952],[126.57035,35.36922],[126.57005,35.36911],[126.5699,35.36906],[126.56938,35.36889],[126.56929,35.3689],[126.56891,35.36913],[126.56781,35.37002],[126.56754,35.37024],[126.56741,35.37035],[126.56729,35.37057],[126.56717,35.3708],[126.56703,35.37111],[126.56682,35.37133],[126.56627,35.37189],[126.56613,35.37198],[126.56521,35.37239],[126.56517,35.37239],[126.56505,35.37241],[126.56497,35.37237],[126.5649,35.37235],[126.56463,35.37219],[126.5645,35.37208],[126.56398,35.37128],[126.56396,35.37124],[126.56395,35.37115],[126.56403,35.37085],[126.56414,35.37055],[126.56425,35.37012],[126.56425,35.36994],[126.56421,35.36981],[126.56406,35.36954],[126.56385,35.36937],[126.55932,35.36605],[126.55631,35.36462],[126.55628,35.36456],[126.55632,35.36445],[126.55646,35.36428],[126.55661,35.36412],[126.55957,35.36128],[126.55961,35.36128],[126.55973,35.36134],[126.56053,35.36176],[126.56073,35.36187],[126.56076,35.36187],[126.56079,35.36184],[126.56083,35.36176],[126.56126,35.36026],[126.5619,35.35801],[126.56194,35.35777],[126.56203,35.35651],[126.56201,35.35637],[126.56198,35.35628],[126.56166,35.35558],[126.56102,35.35441],[126.56091,35.35428],[126.55822,35.35188],[126.55777,35.35161],[126.55752,35.35153],[126.55709,35.35159],[126.55635,35.35173],[126.55607,35.35178],[126.5554,35.35181],[126.55481,35.35173],[126.55436,35.35156],[126.55369,35.35124],[126.55274,35.35067],[126.552,35.35012],[126.55107,35.34961],[126.55036,35.34933],[126.54123,35.34662],[126.53722,35.34557],[126.53667,35.34547],[126.53644,35.3454],[126.53607,35.34528],[126.53578,35.34515],[126.5355,35.34497],[126.53528,35.34479],[126.53413,35.34356],[126.53246,35.3417],[126.52979,35.3387],[126.52952,35.33836],[126.52937,35.33814],[126.52919,35.33782],[126.52869,35.33671],[126.52808,35.33544],[126.52778,35.33486],[126.52767,35.33473],[126.5274,35.33448],[126.5268,35.33417],[126.51968,35.33124],[126.51841,35.33073],[126.51823,35.33068],[126.51797,35.33065],[126.51723,35.33077],[126.51703,35.33081],[126.5169,35.33087],[126.51573,35.33167],[126.51627,35.33217],[126.51683,35.33276],[126.51751,35.33366],[126.5176,35.33383],[126.51763,35.33395],[126.51762,35.33399],[126.51762,35.33409],[126.51751,35.3349],[126.51745,35.33516],[126.51742,35.33524],[126.5174,35.3353],[126.51726,35.33551],[126.51709,35.33574],[126.517,35.3359],[126.51698,35.33603],[126.51699,35.33726],[126.51702,35.33777],[126.51703,35.33788],[126.51704,35.338],[126.51717,35.33844],[126.51783,35.34011],[126.51911,35.34248],[126.51969,35.34327],[126.51945,35.34413],[126.51932,35.34458],[126.51929,35.34482],[126.51929,35.34513],[126.51939,35.34584],[126.5194,35.34588],[126.51943,35.34599],[126.5195,35.34612],[126.5198,35.34652],[126.52008,35.34697],[126.52025,35.34739],[126.52037,35.34778],[126.52042,35.34836],[126.52037,35.34898],[126.52035,35.3491],[126.52024,35.34979],[126.52016,35.3499],[126.52005,35.34999],[126.51998,35.35002],[126.51983,35.3501],[126.51815,35.35078],[126.51763,35.35095],[126.51742,35.35099],[126.51727,35.35104],[126.51587,35.35305],[126.51572,35.35335],[126.51537,35.35425],[126.51474,35.35552],[126.5147,35.35557],[126.51415,35.35624],[126.5141,35.3563],[126.514,35.35641],[126.51383,35.3567],[126.51317,35.35793],[126.51295,35.35939],[126.51286,35.36105],[126.51291,35.36166],[126.51286,35.36191],[126.51282,35.36202],[126.51004,35.36199],[126.50951,35.36189],[126.50938,35.36187],[126.50882,35.36176],[126.50859,35.3617],[126.50822,35.3616],[126.50776,35.3614],[126.50717,35.36102],[126.5061,35.36032],[126.50407,35.35883],[126.50355,35.35841],[126.49921,35.35405],[126.49916,35.35386],[126.49732,35.3505],[126.4971,35.35028],[126.49679,35.35003],[126.49663,35.34993],[126.49647,35.3499],[126.49632,35.34988],[126.49607,35.34987],[126.49583,35.34991],[126.49478,35.35012],[126.49454,35.35017],[126.49421,35.35029],[126.49394,35.3504],[126.49369,35.35054],[126.49366,35.35057],[126.49352,35.35071],[126.4923,35.35247],[126.49227,35.35257],[126.49214,35.3533],[126.49214,35.35335],[126.49225,35.35417],[126.49229,35.35424],[126.49235,35.35432],[126.49414,35.35592],[126.49599,35.35834],[126.49529,35.36263],[126.49649,35.36913],[126.4975,35.37235],[126.4974,35.37316],[126.49738,35.37323],[126.49731,35.37341],[126.49721,35.37354],[126.49704,35.37374],[126.4969,35.37385],[126.49687,35.37388],[126.49682,35.37392],[126.49672,35.37396],[126.49664,35.37399],[126.49661,35.374],[126.49655,35.37401],[126.49647,35.37403],[126.49633,35.37404],[126.49603,35.374],[126.4951,35.37386],[126.49482,35.3738],[126.49465,35.37377],[126.49447,35.37373],[126.49443,35.37372],[126.49425,35.37369],[126.49397,35.37369],[126.49368,35.37372],[126.49332,35.3738],[126.49298,35.3739],[126.49261,35.37407],[126.4862,35.37759],[126.48604,35.37769],[126.48597,35.37774],[126.48591,35.37779],[126.4834,35.38039],[126.48324,35.38059],[126.48315,35.38073],[126.48309,35.38087],[126.48307,35.381],[126.48303,35.38122],[126.48304,35.38153],[126.48309,35.382],[126.48322,35.3828],[126.48324,35.38348],[126.48321,35.3838],[126.48317,35.38397],[126.48303,35.38426],[126.48289,35.3845],[126.48268,35.38479],[126.48241,35.38508],[126.4822,35.38525],[126.48187,35.38548],[126.48165,35.38559],[126.48158,35.38563],[126.48121,35.38575],[126.48106,35.38578],[126.48088,35.38582],[126.48054,35.38588],[126.48051,35.38589],[126.48013,35.38594],[126.47941,35.386],[126.47758,35.3861],[126.47747,35.38613],[126.47742,35.38616],[126.47739,35.38619],[126.4774,35.38623],[126.47746,35.38629],[126.47779,35.38651],[126.47819,35.38678],[126.48185,35.38921],[126.48429,35.39008],[126.48482,35.39034],[126.48838,35.39279],[126.48855,35.39294],[126.49026,35.39474],[126.49047,35.39505],[126.49051,35.39517],[126.49051,35.39521],[126.49026,35.39676],[126.49108,35.40177],[126.49083,35.40371],[126.49084,35.40395],[126.49088,35.40439],[126.49093,35.40456],[126.4915,35.40587],[126.49164,35.40614],[126.49181,35.40646],[126.49187,35.40655],[126.49196,35.40669],[126.49274,35.40828],[126.49281,35.40914],[126.49288,35.40958],[126.49365,35.41004],[126.49468,35.41045],[126.49507,35.41058],[126.49574,35.41068],[126.49628,35.41092],[126.49863,35.41226],[126.50147,35.41397],[126.50178,35.41418],[126.50193,35.41438],[126.50367,35.41894],[126.50408,35.4212],[126.5041,35.42135],[126.50412,35.42227],[126.50557,35.42642],[126.50684,35.42923],[126.50722,35.43144],[126.50732,35.43237],[126.50727,35.43297],[126.50724,35.43317],[126.50713,35.43327],[126.50682,35.43351],[126.50661,35.43372],[126.50641,35.434],[126.5063,35.43424],[126.50547,35.43619],[126.50543,35.43632],[126.50544,35.43638],[126.5055,35.43658],[126.50555,35.43672],[126.50569,35.43682],[126.50655,35.43703],[126.50697,35.43707],[126.51138,35.43718],[126.51167,35.43718],[126.51194,35.43716],[126.51234,35.43711],[126.51262,35.43706],[126.51275,35.43693],[126.51362,35.43586],[126.51394,35.4355],[126.51402,35.43542],[126.51407,35.4354],[126.51775,35.43494],[126.5226,35.43462],[126.52582,35.43484]]]]}},{"type":"Feature","properties":{"code":"52790350","name":"상하면","parent":"52790"},"geometry":{"type":"MultiPolygon","coordinates":[[[[126.52971,35.44407],[126.52779,35.44283],[126.52771,35.44272],[126.52764,35.44244],[126.52744,35.44127],[126.5276,35.44034],[126.52763,35.44014],[126.52764,35.43987],[126.52737,35.43746],[126.52734,35.43736],[126.52725,35.43717],[126.52582,35.43484],[126.5226,35.43462],[126.51775,35.43494],[126.51407,35.4354],[126.51402,35.43542],[126.51394,35.4355],[126.51362,35.43586],[126.51275,35.43693],[126.51262,35.43706],[126.51234,35.43711],[126.51194,35.43716],[126.51167,35.43718],[126.51138,35.43718],[126.50697,35.43707],[126.50655,35.43703],[126.50569,35.43682],[126.50555,35.43672],[126.5055,35.43658],[126.50544,35.43638],[126.50543,35.43632],[126.50547,35.43619],[126.5063,35.43424],[126.50641,35.434],[126.50661,35.43372],[126.50682,35.43351],[126.50713,35.43327],[126.50724,35.43317],[126.50727,35.43297],[126.50732,35.43237],[126.50722,35.43144],[126.50684,35.42923],[126.50557,35.42642],[126.50412,35.42227],[126.5041,35.42135],[126.50408,35.4212],[126.50367,35.41894],[126.50193,35.41438],[126.50178,35.41418],[126.50147,35.41397],[126.49863,35.41226],[126.49628,35.41092],[126.49574,35.41068],[126.49507,35.41058],[126.49468,35.41045],[126.49365,35.41004],[126.49288,35.40958],[126.49281,35.40914],[126.49173,35.41115],[126.49163,35.4113],[126.48997,35.41269],[126.48991,35.41274],[126.48982,35.41269],[126.48966,35.41265],[126.48962,35.41264],[126.48955,35.41264],[126.48935,35.41265],[126.48788,35.41278],[126.48755,35.41304],[126.48382,35.41767],[126.48078,35.42169],[126.48067,35.42196],[126.47871,35.42423],[126.47713,35.42495],[126.47247,35.42648],[126.47148,35.42612],[126.47117,35.42598],[126.47088,35.42586],[126.47029,35.42558],[126.46947,35.42524],[126.46825,35.42517],[126.4653,35.4252],[126.46363,35.42526],[126.46246,35.4254],[126.46229,35.42542],[126.46185,35.42582],[126.46171,35.42596],[126.46159,35.42607],[126.46104,35.42635],[126.45889,35.42683],[126.45771,35.42687],[126.45659,35.42623],[126.45429,35.42651],[126.45347,35.42661],[126.45203,35.42691],[126.4514,35.42815],[126.44757,35.42981],[126.44984,35.43175],[126.44973,35.43189],[126.44857,35.43201],[126.44819,35.43193],[126.44764,35.43161],[126.44721,35.43155],[126.44578,35.43243],[126.44568,35.43268],[126.44575,35.43299],[126.44794,35.4347],[126.44771,35.43478],[126.44736,35.4349],[126.44632,35.43523],[126.44505,35.43535],[126.44184,35.43564],[126.44111,35.43543],[126.43921,35.43468],[126.43629,35.43334],[126.43184,35.43226],[126.43074,35.43227],[126.42998,35.43247],[126.42891,35.43289],[126.42793,35.43435],[126.42847,35.43623],[126.42904,35.43806],[126.42918,35.43825],[126.43267,35.44305],[126.43559,35.44845],[126.43592,35.44925],[126.43451,35.44941],[126.43468,35.4498],[126.43515,35.45083],[126.44053,35.45049],[126.44208,35.45366],[126.44447,35.45733],[126.44926,35.46468],[126.45509,35.47395],[126.45686,35.47681],[126.45795,35.47856],[126.46084,35.48049],[126.46173,35.48055],[126.46217,35.4824],[126.46289,35.48215],[126.46469,35.48153],[126.46702,35.48163],[126.46793,35.48167],[126.46953,35.48229],[126.47069,35.48051],[126.47113,35.47877],[126.47171,35.47644],[126.47165,35.47227],[126.47149,35.47066],[126.47149,35.47062],[126.47147,35.47058],[126.47031,35.46824],[126.46914,35.46652],[126.46764,35.46362],[126.46947,35.46284],[126.47208,35.4625],[126.47373,35.46243],[126.47416,35.46237],[126.47444,35.46234],[126.47451,35.46232],[126.47472,35.46227],[126.47493,35.46218],[126.47644,35.46134],[126.47722,35.46088],[126.47723,35.45976],[126.4771,35.45938],[126.47687,35.45905],[126.47675,35.4578],[126.47678,35.4577],[126.47686,35.45745],[126.47794,35.45696],[126.47954,35.45645],[126.48031,35.45649],[126.4828,35.45699],[126.48427,35.45784],[126.48536,35.45849],[126.4856,35.4588],[126.48638,35.45922],[126.48723,35.45945],[126.49001,35.4602],[126.49124,35.46016],[126.49589,35.45995],[126.49903,35.45891],[126.49917,35.45863],[126.49939,35.45843],[126.49989,35.4583],[126.50056,35.4583],[126.50112,35.45836],[126.50218,35.45865],[126.50268,35.45896],[126.50425,35.46021],[126.50478,35.46087],[126.50495,35.461],[126.50684,35.46248],[126.50846,35.46368],[126.51042,35.46441],[126.51046,35.46442],[126.51481,35.46293],[126.51511,35.46081],[126.51455,35.45859],[126.5139,35.45751],[126.51383,35.45739],[126.51402,35.45579],[126.51609,35.4555],[126.51657,35.45542],[126.51675,35.45539],[126.5212,35.45353],[126.52128,35.45347],[126.52218,35.45131],[126.5221,35.4503],[126.52607,35.4459],[126.5269,35.44525],[126.52771,35.44467],[126.52798,35.44449],[126.52804,35.44446],[126.52818,35.44441],[126.52971,35.44407]]]]}},{"type":"Feature","properties":{"code":"52790360","name":"해리면","parent":"52790"},"geometry":{"type":"MultiPolygon","coordinates":[[[[126.49656,35.51005],[126.49683,35.50973],[126.49741,35.50968],[126.49771,35.50998],[126.49897,35.51129],[126.49989,35.51168],[126.50061,35.51157],[126.503,35.50959],[126.50546,35.50857],[126.50625,35.50848],[126.50694,35.50801],[126.5077,35.50682],[126.50806,35.50614],[126.50803,35.50572],[126.50715,35.50449],[126.50719,35.50402],[126.50723,35.50354],[126.50875,35.49931],[126.50986,35.49822],[126.51028,35.4979],[126.51071,35.49764],[126.51102,35.49752],[126.51125,35.49752],[126.51179,35.49778],[126.51274,35.49747],[126.51381,35.49708],[126.51706,35.49514],[126.51719,35.49493],[126.51723,35.49465],[126.51725,35.49422],[126.51716,35.49406],[126.51699,35.49393],[126.51672,35.4938],[126.51565,35.49357],[126.51558,35.49347],[126.51538,35.4927],[126.5154,35.49252],[126.51554,35.49231],[126.51567,35.49218],[126.5168,35.49124],[126.51731,35.49083],[126.51759,35.4906],[126.51875,35.48752],[126.5192,35.48528],[126.52054,35.48457],[126.52076,35.4845],[126.52721,35.48278],[126.52964,35.48225],[126.52995,35.48213],[126.53081,35.48166],[126.53271,35.48037],[126.53737,35.47939],[126.53758,35.47934],[126.53804,35.47915],[126.53836,35.47898],[126.53882,35.47857],[126.54009,35.47715],[126.54232,35.47429],[126.54258,35.47344],[126.54267,35.47331],[126.54388,35.47254],[126.54555,35.47177],[126.54585,35.47171],[126.54643,35.47196],[126.54751,35.47246],[126.54783,35.47266],[126.54802,35.47278],[126.54815,35.47284],[126.54871,35.47276],[126.54947,35.47246],[126.55137,35.47158],[126.55161,35.47134],[126.55188,35.47111],[126.55235,35.471],[126.55428,35.47106],[126.55479,35.47108],[126.55523,35.47117],[126.55517,35.47085],[126.55514,35.47066],[126.55585,35.46591],[126.55588,35.46586],[126.55972,35.46391],[126.55984,35.46386],[126.55992,35.46385],[126.56224,35.46454],[126.56235,35.46459],[126.56241,35.46466],[126.56243,35.46486],[126.56256,35.46541],[126.56265,35.46565],[126.56277,35.46585],[126.56288,35.46602],[126.5632,35.46639],[126.56332,35.46651],[126.56343,35.46657],[126.56391,35.46683],[126.56428,35.467],[126.56465,35.46712],[126.5647,35.46713],[126.5648,35.46709],[126.56565,35.46673],[126.56581,35.46663],[126.56847,35.46455],[126.56857,35.46446],[126.56875,35.46426],[126.5696,35.46309],[126.57108,35.46076],[126.57112,35.46068],[126.57118,35.46013],[126.57119,35.45987],[126.57106,35.45724],[126.57044,35.45315],[126.5704,35.45304],[126.57015,35.45229],[126.57007,35.4521],[126.57,35.45196],[126.56994,35.4519],[126.56992,35.45187],[126.56982,35.45114],[126.56871,35.44577],[126.5687,35.44572],[126.5686,35.44553],[126.56851,35.44536],[126.56833,35.44515],[126.56632,35.44326],[126.56606,35.44301],[126.56589,35.44292],[126.56577,35.44287],[126.56569,35.44284],[126.56554,35.44283],[126.56483,35.44281],[126.56159,35.43942],[126.56115,35.439],[126.56107,35.43894],[126.56101,35.43891],[126.56094,35.4389],[126.56082,35.43893],[126.55633,35.44034],[126.55428,35.44116],[126.55319,35.44182],[126.55306,35.44193],[126.5529,35.44205],[126.5524,35.44234],[126.54922,35.44348],[126.54918,35.44348],[126.54796,35.44304],[126.54697,35.44249],[126.54694,35.44249],[126.54689,35.44247],[126.54683,35.44246],[126.54625,35.44242],[126.54425,35.44306],[126.54422,35.44308],[126.54343,35.44362],[126.54255,35.44408],[126.54224,35.4442],[126.54216,35.44422],[126.54204,35.44421],[126.5412,35.44406],[126.5408,35.44396],[126.54056,35.4439],[126.54019,35.44367],[126.54003,35.4435],[126.53985,35.4433],[126.53953,35.443],[126.53939,35.44287],[126.53912,35.44268],[126.5389,35.44259],[126.53844,35.4424],[126.53821,35.44232],[126.53793,35.44227],[126.53724,35.44222],[126.53696,35.44222],[126.53685,35.44226],[126.53492,35.44316],[126.53104,35.4443],[126.53089,35.44433],[126.53053,35.44433],[126.53033,35.44432],[126.52997,35.44427],[126.52983,35.44423],[126.52971,35.44407],[126.52818,35.44441],[126.52804,35.44446],[126.52798,35.44449],[126.52771,35.44467],[126.5269,35.44525],[126.52607,35.4459],[126.5221,35.4503],[126.52218,35.45131],[126.52128,35.45347],[126.5212,35.45353],[126.51675,35.45539],[126.51657,35.45542],[126.51609,35.4555],[126.51402,35.45579],[126.51383,35.45739],[126.5139,35.45751],[126.51455,35.45859],[126.51511,35.46081],[126.51481,35.46293],[126.51046,35.46442],[126.51042,35.46441],[126.50846,35.46368],[126.50684,35.46248],[126.50495,35.461],[126.50478,35.46087],[126.50425,35.46021],[126.50268,35.45896],[126.50218,35.45865],[126.50112,35.45836],[126.50056,35.4583],[126.49989,35.4583],[126.49939,35.45843],[126.49917,35.45863],[126.49903,35.45891],[126.49589,35.45995],[126.49124,35.46016],[126.49001,35.4602],[126.48723,35.45945],[126.48638,35.45922],[126.4856,35.4588],[126.48536,35.45849],[126.48427,35.45784],[126.4828,35.45699],[126.48031,35.45649],[126.47954,35.45645],[126.47794,35.45696],[126.47686,35.45745],[126.47678,35.4577],[126.47675,35.4578],[126.47687,35.45905],[126.4771,35.45938],[126.47723,35.45976],[126.47722,35.46088],[126.47644,35.46134],[126.47493,35.46218],[126.47472,35.46227],[126.47451,35.46232],[126.47444,35.46234],[126.47416,35.46237],[126.47373,35.46243],[126.47208,35.4625],[126.46947,35.46284],[126.46764,35.46362],[126.46914,35.46652],[126.47031,35.46824],[126.47147,35.47058],[126.47149,35.47062],[126.47149,35.47066],[126.47165,35.47227],[126.47171,35.47644],[126.47113,35.47877],[126.47069,35.48051],[126.46953,35.48229],[126.46793,35.48167],[126.46702,35.48163],[126.46469,35.48153],[126.46289,35.48215],[126.46217,35.4824],[126.46229,35.4839],[126.46236,35.48441],[126.46268,35.48517],[126.46354,35.48648],[126.46379,35.48649],[126.46511,35.48903],[126.46518,35.48916],[126.46645,35.49166],[126.46725,35.49318],[126.47089,35.49961],[126.47288,35.50423],[126.47368,35.5063],[126.4742,35.50658],[126.47499,35.50671],[126.47576,35.50661],[126.47814,35.50919],[126.4814,35.51534],[126.48341,35.51928],[126.48345,35.51941],[126.4828,35.52016],[126.48209,35.52028],[126.48172,35.52067],[126.4819,35.52119],[126.48224,35.52145],[126.48418,35.52277],[126.48523,35.52278],[126.48608,35.52211],[126.48811,35.51748],[126.4878,35.51719],[126.4912,35.51191],[126.49428,35.51174],[126.49457,35.51155],[126.49656,35.51005]]]]}},{"type":"Feature","properties":{"code":"52790370","name":"성송면","parent":"52790"},"geometry":{"type":"MultiPolygon","coordinates":[[[[126.63008,35.41056],[126.63065,35.40979],[126.63598,35.40268],[126.63607,35.40254],[126.63615,35.40232],[126.63623,35.40182],[126.63632,35.40055],[126.63648,35.3994],[126.63659,35.39885],[126.63668,35.39867],[126.637,35.39842],[126.64115,35.39596],[126.64138,35.39585],[126.64167,35.3958],[126.64184,35.39577],[126.64256,35.39564],[126.6486,35.39451],[126.64965,35.3943],[126.65075,35.39408],[126.65079,35.39406],[126.65154,35.39266],[126.65187,35.39275],[126.65198,35.39277],[126.65209,35.39277],[126.65218,35.39276],[126.6523,35.39273],[126.65496,35.39134],[126.65507,35.39128],[126.65523,35.39116],[126.65531,35.39107],[126.65538,35.39096],[126.65543,35.39081],[126.65553,35.38991],[126.65554,35.38977],[126.65555,35.38946],[126.65553,35.38936],[126.65548,35.38921],[126.6552,35.3885],[126.65511,35.38832],[126.65498,35.38813],[126.65488,35.38798],[126.65477,35.38783],[126.65472,35.38773],[126.65469,35.38763],[126.65467,35.38746],[126.65466,35.38734],[126.65467,35.38725],[126.6547,35.38716],[126.65477,35.38706],[126.65487,35.38696],[126.65652,35.38565],[126.65663,35.38557],[126.65678,35.3855],[126.65847,35.38491],[126.65887,35.38478],[126.66093,35.38254],[126.66225,35.37957],[126.66229,35.3794],[126.6623,35.37924],[126.66228,35.37911],[126.66223,35.37894],[126.66218,35.37882],[126.66207,35.37868],[126.66184,35.37742],[126.66312,35.3753],[126.66321,35.37522],[126.66423,35.37457],[126.66433,35.37452],[126.66445,35.3745],[126.66461,35.37449],[126.66489,35.37218],[126.66471,35.36712],[126.66572,35.36388],[126.66587,35.36373],[126.66659,35.36272],[126.66668,35.36259],[126.66763,35.36065],[126.66777,35.36036],[126.66782,35.36022],[126.66793,35.35984],[126.66822,35.35881],[126.66825,35.35868],[126.66824,35.35855],[126.66787,35.35571],[126.66781,35.35552],[126.66773,35.35539],[126.66768,35.3553],[126.667,35.35274],[126.66673,35.35155],[126.66607,35.35012],[126.66321,35.34595],[126.66301,35.34593],[126.6628,35.34588],[126.66276,35.34586],[126.66252,35.34578],[126.66205,35.34561],[126.66189,35.34553],[126.66185,35.34551],[126.66178,35.34546],[126.66169,35.34541],[126.66074,35.34469],[126.66039,35.34442],[126.6603,35.34431],[126.66025,35.34422],[126.66023,35.3442],[126.66019,35.34389],[126.65968,35.33809],[126.65966,35.33774],[126.65957,35.33506],[126.65959,35.33486],[126.65959,35.33482],[126.65956,35.33471],[126.65953,35.33456],[126.6595,35.3345],[126.65947,35.33446],[126.65939,35.33436],[126.65934,35.3343],[126.65925,35.33423],[126.65912,35.33415],[126.65765,35.33364],[126.65694,35.33341],[126.65676,35.33337],[126.65663,35.3333],[126.65653,35.33323],[126.65645,35.33314],[126.65637,35.33306],[126.65543,35.33145],[126.65417,35.32929],[126.654,35.32902],[126.65387,35.32885],[126.6537,35.32865],[126.65347,35.32842],[126.65293,35.32794],[126.65276,35.32779],[126.65261,35.32769],[126.65235,35.32757],[126.65153,35.32722],[126.65143,35.32718],[126.65132,35.32716],[126.65115,35.32714],[126.65109,35.32713],[126.65099,35.32713],[126.65091,35.32713],[126.64896,35.3273],[126.64885,35.32731],[126.64877,35.32734],[126.64873,35.32736],[126.64866,35.3274],[126.6486,35.32744],[126.64855,35.32747],[126.64843,35.32759],[126.64828,35.32775],[126.64804,35.32799],[126.64799,35.32805],[126.64755,35.32832],[126.64724,35.3285],[126.64704,35.32858],[126.64685,35.32866],[126.64673,35.32869],[126.64666,35.3287],[126.64661,35.32871],[126.64658,35.3287],[126.64482,35.32783],[126.64462,35.32765],[126.64454,35.32758],[126.64422,35.32727],[126.64203,35.32702],[126.64179,35.32707],[126.64107,35.32731],[126.6381,35.32854],[126.63734,35.32894],[126.63712,35.32907],[126.6367,35.3294],[126.63635,35.32967],[126.63615,35.32978],[126.63515,35.33022],[126.63453,35.33042],[126.62615,35.33198],[126.62348,35.33224],[126.62007,35.33266],[126.61801,35.33323],[126.61687,35.33336],[126.61597,35.3334],[126.61576,35.33319],[126.61556,35.33305],[126.61508,35.33286],[126.6147,35.33271],[126.61445,35.33263],[126.61417,35.33263],[126.61259,35.33296],[126.60861,35.33706],[126.60961,35.33913],[126.61029,35.34094],[126.60727,35.34492],[126.60672,35.34556],[126.60404,35.34672],[126.6054,35.34939],[126.60642,35.35089],[126.60652,35.35102],[126.60661,35.35113],[126.60671,35.35119],[126.60698,35.35133],[126.60713,35.3514],[126.60738,35.35157],[126.60748,35.35166],[126.6076,35.35179],[126.60779,35.35208],[126.60796,35.35236],[126.608,35.35246],[126.60822,35.35322],[126.60812,35.35393],[126.60799,35.35441],[126.60779,35.35516],[126.60734,35.35685],[126.60732,35.35699],[126.60734,35.35779],[126.60735,35.35813],[126.6074,35.35848],[126.60746,35.35886],[126.60759,35.35929],[126.60763,35.35952],[126.60761,35.35984],[126.60757,35.36013],[126.60752,35.36038],[126.60656,35.36312],[126.60432,35.368],[126.60249,35.37035],[126.6023,35.37048],[126.60213,35.37061],[126.60205,35.37067],[126.60142,35.37126],[126.60131,35.37138],[126.60118,35.37153],[126.60108,35.37168],[126.60073,35.37218],[126.6007,35.37225],[126.60061,35.37242],[126.6028,35.37224],[126.60635,35.3714],[126.60644,35.37135],[126.6065,35.37132],[126.60654,35.3713],[126.60668,35.37127],[126.60681,35.37127],[126.60717,35.3713],[126.60929,35.37158],[126.60949,35.37161],[126.61037,35.37184],[126.61704,35.37438],[126.61713,35.37443],[126.61726,35.37457],[126.61776,35.37512],[126.61805,35.37557],[126.61834,35.37604],[126.6192,35.37755],[126.62032,35.37989],[126.6207,35.38076],[126.62122,35.38199],[126.62124,35.38205],[126.62216,35.38598],[126.62219,35.38615],[126.62219,35.38631],[126.62218,35.38645],[126.62215,35.38669],[126.6221,35.38696],[126.62075,35.39204],[126.62069,35.39221],[126.62064,35.39232],[126.62054,35.39245],[126.6184,35.3949],[126.6183,35.39498],[126.61809,35.39512],[126.61777,35.39529],[126.61685,35.3957],[126.61455,35.39667],[126.61381,35.39703],[126.6136,35.39716],[126.61322,35.39753],[126.61308,35.39767],[126.61299,35.39785],[126.61295,35.39801],[126.61292,35.39813],[126.61274,35.40017],[126.61274,35.40048],[126.61274,35.40064],[126.61279,35.40075],[126.61294,35.40097],[126.61312,35.40122],[126.61401,35.40239],[126.61476,35.40346],[126.61503,35.40388],[126.61533,35.4044],[126.61537,35.40447],[126.61568,35.40503],[126.61679,35.40714],[126.62078,35.41499],[126.6209,35.41528],[126.621,35.41563],[126.6214,35.41816],[126.62145,35.41787],[126.62199,35.41626],[126.62209,35.41602],[126.62216,35.41584],[126.62226,35.4157],[126.62233,35.41564],[126.62243,35.41558],[126.62272,35.4155],[126.62324,35.4154],[126.62355,35.41533],[126.62446,35.41519],[126.62523,35.41506],[126.62545,35.41499],[126.6267,35.41443],[126.62732,35.41404],[126.62758,35.41387],[126.62773,35.4137],[126.62821,35.41311],[126.63008,35.41056]]]]}},{"type":"Feature","properties":{"code":"52790380","name":"대산면","parent":"52790"},"geometry":{"type":"MultiPolygon","coordinates":[[[[126.60061,35.37242],[126.6007,35.37225],[126.60073,35.37218],[126.60108,35.37168],[126.60118,35.37153],[126.60131,35.37138],[126.60142,35.37126],[126.60205,35.37067],[126.60213,35.37061],[126.6023,35.37048],[126.60249,35.37035],[126.60432,35.368],[126.60656,35.36312],[126.60752,35.36038],[126.60757,35.36013],[126.60761,35.35984],[126.60763,35.35952],[126.60759,35.35929],[126.60746,35.35886],[126.6074,35.35848],[126.60735,35.35813],[126.60734,35.35779],[126.60732,35.35699],[126.60734,35.35685],[126.60779,35.35516],[126.60799,35.35441],[126.60812,35.35393],[126.60822,35.35322],[126.608,35.35246],[126.60796,35.35236],[126.60779,35.35208],[126.6076,35.35179],[126.60748,35.35166],[126.60738,35.35157],[126.60713,35.3514],[126.60698,35.35133],[126.60671,35.35119],[126.60661,35.35113],[126.60652,35.35102],[126.60642,35.35089],[126.6054,35.34939],[126.60404,35.34672],[126.60672,35.34556],[126.60727,35.34492],[126.61029,35.34094],[126.60961,35.33913],[126.60861,35.33706],[126.61259,35.33296],[126.61417,35.33263],[126.61445,35.33263],[126.6147,35.33271],[126.61508,35.33286],[126.61556,35.33305],[126.61576,35.33319],[126.61597,35.3334],[126.61687,35.33336],[126.61801,35.33323],[126.62007,35.33266],[126.62348,35.33224],[126.62615,35.33198],[126.63453,35.33042],[126.63515,35.33022],[126.63615,35.32978],[126.63635,35.32967],[126.6367,35.3294],[126.63712,35.32907],[126.63734,35.32894],[126.6381,35.32854],[126.64107,35.32731],[126.64179,35.32707],[126.64203,35.32702],[126.64422,35.32727],[126.64564,35.32612],[126.64589,35.32586],[126.64609,35.32562],[126.64657,35.32506],[126.64671,35.32488],[126.64696,35.32458],[126.64705,35.32432],[126.64708,35.32424],[126.64708,35.32395],[126.64699,35.32362],[126.64683,35.32313],[126.6467,35.32283],[126.64651,35.32263],[126.64605,35.32231],[126.64575,35.32198],[126.64546,35.32148],[126.64542,35.32142],[126.64473,35.31987],[126.64442,35.3201],[126.64362,35.32045],[126.64212,35.32086],[126.64175,35.32086],[126.63822,35.32058],[126.63486,35.32035],[126.63458,35.32034],[126.63253,35.32031],[126.63124,35.32032],[126.62955,35.32038],[126.6286,35.32049],[126.62825,35.32054],[126.62507,35.32134],[126.61886,35.32532],[126.61746,35.32667],[126.61653,35.32766],[126.61612,35.32805],[126.61555,35.3285],[126.61536,35.32855],[126.61417,35.32875],[126.61386,35.32876],[126.61363,35.32873],[126.61349,35.32873],[126.61342,35.32875],[126.61332,35.32879],[126.61251,35.32927],[126.61233,35.32938],[126.61175,35.3298],[126.61155,35.32998],[126.61133,35.33019],[126.6093,35.3311],[126.60916,35.33117],[126.60829,35.33173],[126.60561,35.33391],[126.60549,35.33402],[126.60534,35.3342],[126.60523,35.33437],[126.60515,35.33455],[126.60505,35.33474],[126.60497,35.33485],[126.60493,35.33489],[126.60482,35.33502],[126.60425,35.33556],[126.604,35.33558],[126.60181,35.33432],[126.60175,35.33426],[126.60169,35.33416],[126.60161,35.33394],[126.60151,35.33348],[126.60145,35.33311],[126.60139,35.33287],[126.60132,35.33272],[126.60129,35.33267],[126.60122,35.33257],[126.60061,35.3318],[126.59901,35.33044],[126.59868,35.33029],[126.59541,35.32923],[126.59449,35.32909],[126.5934,35.32928],[126.59334,35.3293],[126.59326,35.32937],[126.59324,35.32941],[126.59318,35.32948],[126.59314,35.32958],[126.59312,35.32971],[126.5931,35.32983],[126.59309,35.32989],[126.59304,35.33002],[126.59296,35.33011],[126.59289,35.33016],[126.59284,35.3302],[126.59264,35.33031],[126.59241,35.33043],[126.5922,35.3305],[126.59209,35.33052],[126.58686,35.33071],[126.58598,35.33055],[126.58395,35.32951],[126.58359,35.32906],[126.58346,35.32886],[126.58336,35.32868],[126.58314,35.32827],[126.58191,35.32488],[126.58134,35.32289],[126.58247,35.31982],[126.58337,35.31802],[126.58469,35.31742],[126.58702,35.31661],[126.58848,35.31426],[126.5886,35.31404],[126.589,35.31328],[126.58963,35.31202],[126.58965,35.31198],[126.58969,35.31113],[126.58968,35.31088],[126.58968,35.31066],[126.58838,35.30621],[126.58562,35.30152],[126.58505,35.30077],[126.585,35.30079],[126.58494,35.3008],[126.5783,35.30339],[126.57808,35.30351],[126.57734,35.30396],[126.57727,35.30401],[126.57703,35.30421],[126.57655,35.30469],[126.57648,35.30476],[126.57645,35.30482],[126.57643,35.30489],[126.57642,35.30496],[126.57648,35.3053],[126.57648,35.30542],[126.57646,35.3055],[126.57645,35.30555],[126.57606,35.30639],[126.57598,35.30654],[126.57594,35.30659],[126.57584,35.30672],[126.57322,35.30964],[126.57308,35.30976],[126.57295,35.30987],[126.57281,35.30997],[126.57276,35.31],[126.57262,35.31006],[126.57049,35.31075],[126.56828,35.31122],[126.56781,35.31116],[126.56763,35.31111],[126.5675,35.31105],[126.5673,35.31096],[126.56723,35.31086],[126.56719,35.3108],[126.56699,35.31063],[126.56681,35.31051],[126.56436,35.30975],[126.56394,35.3097],[126.5636,35.30973],[126.56312,35.30983],[126.5626,35.31003],[126.56224,35.31044],[126.56187,35.31079],[126.56134,35.31116],[126.56112,35.31128],[126.56089,35.31141],[126.55865,35.31172],[126.55794,35.31178],[126.55699,35.31225],[126.55669,35.31234],[126.55666,35.31235],[126.55657,35.31237],[126.55565,35.3126],[126.55095,35.3136],[126.55054,35.31364],[126.55006,35.3136],[126.54923,35.31351],[126.54796,35.31323],[126.54777,35.31314],[126.54756,35.31297],[126.54701,35.31248],[126.5467,35.31216],[126.54663,35.31205],[126.5466,35.31186],[126.54658,35.31175],[126.54651,35.31165],[126.54515,35.31068],[126.54479,35.31045],[126.54353,35.30985],[126.54308,35.30972],[126.54265,35.30962],[126.54227,35.30959],[126.54205,35.30965],[126.5417,35.30976],[126.54074,35.3099],[126.5405,35.3099],[126.53942,35.30975],[126.53823,35.30953],[126.53593,35.30886],[126.53522,35.30853],[126.53422,35.30811],[126.53352,35.30791],[126.53333,35.30786],[126.53154,35.30744],[126.53138,35.30742],[126.53119,35.30747],[126.53099,35.30762],[126.52968,35.30864],[126.52954,35.30878],[126.52942,35.30901],[126.52932,35.30928],[126.52931,35.30966],[126.52928,35.30998],[126.52922,35.31013],[126.52917,35.31025],[126.52902,35.31044],[126.52764,35.31184],[126.52752,35.31195],[126.52696,35.31247],[126.52641,35.31287],[126.52612,35.31301],[126.52576,35.31319],[126.52544,35.31331],[126.5254,35.31332],[126.52514,35.31341],[126.52498,35.31346],[126.52435,35.31387],[126.52368,35.31476],[126.52327,35.31539],[126.52326,35.31544],[126.52305,35.3186],[126.52302,35.31981],[126.52306,35.3202],[126.52314,35.32048],[126.52075,35.32504],[126.51898,35.32586],[126.51792,35.32555],[126.51781,35.32547],[126.51773,35.32544],[126.5176,35.32544],[126.5174,35.32546],[126.51712,35.32558],[126.51407,35.32707],[126.51399,35.32712],[126.51392,35.32723],[126.51387,35.3274],[126.51351,35.32945],[126.51366,35.32948],[126.51428,35.32948],[126.51507,35.32944],[126.51573,35.33167],[126.5169,35.33087],[126.51703,35.33081],[126.51723,35.33077],[126.51797,35.33065],[126.51823,35.33068],[126.51841,35.33073],[126.51968,35.33124],[126.5268,35.33417],[126.5274,35.33448],[126.52767,35.33473],[126.52778,35.33486],[126.52808,35.33544],[126.52869,35.33671],[126.52919,35.33782],[126.52937,35.33814],[126.52952,35.33836],[126.52979,35.3387],[126.53246,35.3417],[126.53413,35.34356],[126.53528,35.34479],[126.5355,35.34497],[126.53578,35.34515],[126.53607,35.34528],[126.53644,35.3454],[126.53667,35.34547],[126.53722,35.34557],[126.54123,35.34662],[126.55036,35.34933],[126.55107,35.34961],[126.552,35.35012],[126.55274,35.35067],[126.55369,35.35124],[126.55436,35.35156],[126.55481,35.35173],[126.5554,35.35181],[126.55607,35.35178],[126.55635,35.35173],[126.55709,35.35159],[126.55752,35.35153],[126.55777,35.35161],[126.55822,35.35188],[126.56091,35.35428],[126.56102,35.35441],[126.56166,35.35558],[126.56198,35.35628],[126.56201,35.35637],[126.56203,35.35651],[126.56194,35.35777],[126.5619,35.35801],[126.56126,35.36026],[126.56083,35.36176],[126.56079,35.36184],[126.56076,35.36187],[126.56073,35.36187],[126.56053,35.36176],[126.55973,35.36134],[126.55961,35.36128],[126.55957,35.36128],[126.55661,35.36412],[126.55646,35.36428],[126.55632,35.36445],[126.55628,35.36456],[126.55631,35.36462],[126.55932,35.36605],[126.56385,35.36937],[126.56406,35.36954],[126.56421,35.36981],[126.56425,35.36994],[126.56425,35.37012],[126.56414,35.37055],[126.56403,35.37085],[126.56395,35.37115],[126.56396,35.37124],[126.56398,35.37128],[126.5645,35.37208],[126.56463,35.37219],[126.5649,35.37235],[126.56497,35.37237],[126.56505,35.37241],[126.56517,35.37239],[126.56521,35.37239],[126.56613,35.37198],[126.56627,35.37189],[126.56682,35.37133],[126.56703,35.37111],[126.56717,35.3708],[126.56729,35.37057],[126.56741,35.37035],[126.56754,35.37024],[126.56781,35.37002],[126.56891,35.36913],[126.56929,35.3689],[126.56938,35.36889],[126.5699,35.36906],[126.57005,35.36911],[126.57035,35.36922],[126.57105,35.36952],[126.57164,35.36979],[126.57197,35.36994],[126.57228,35.37011],[126.57295,35.37055],[126.5731,35.37068],[126.57313,35.37071],[126.57315,35.37078],[126.57319,35.37112],[126.57323,35.37142],[126.57341,35.37187],[126.57344,35.37192],[126.57379,35.37227],[126.57404,35.3725],[126.5743,35.37273],[126.57706,35.37419],[126.57729,35.37423],[126.5775,35.37425],[126.5776,35.37423],[126.5779,35.3742],[126.57806,35.37419],[126.57812,35.37419],[126.57834,35.37431],[126.57906,35.37515],[126.57918,35.37532],[126.57991,35.37684],[126.58006,35.37717],[126.58125,35.38091],[126.58128,35.38106],[126.58121,35.38192],[126.58069,35.38287],[126.57925,35.38437],[126.58026,35.38442],[126.58166,35.38502],[126.58214,35.38534],[126.58255,35.3856],[126.58281,35.38574],[126.58333,35.38597],[126.58369,35.38613],[126.58397,35.38624],[126.5843,35.38634],[126.58443,35.38635],[126.58458,35.38635],[126.58471,35.38633],[126.58485,35.3863],[126.58573,35.38597],[126.58576,35.38592],[126.58606,35.38528],[126.58608,35.38521],[126.58619,35.38493],[126.58719,35.38455],[126.59225,35.38331],[126.59455,35.38262],[126.59618,35.3821],[126.59751,35.38078],[126.59803,35.37894],[126.59822,35.37814],[126.59825,35.37767],[126.59828,35.37716],[126.59841,35.37622],[126.59843,35.3761],[126.59852,35.37589],[126.59957,35.37383],[126.59971,35.37358],[126.59999,35.37316],[126.60021,35.37287],[126.60026,35.37279],[126.60061,35.37242]]]]}},{"type":"Feature","properties":{"code":"52790390","name":"심원면","parent":"52790"},"geometry":{"type":"MultiPolygon","coordinates":[[[[126.48229,35.53997],[126.48235,35.5399],[126.48268,35.54011],[126.48279,35.54016],[126.48293,35.54015],[126.48302,35.54008],[126.48488,35.53829],[126.48493,35.53822],[126.48495,35.53814],[126.48491,35.53806],[126.48484,35.538],[126.48474,35.53796],[126.48108,35.53708],[126.48097,35.53707],[126.48087,35.53709],[126.47952,35.53747],[126.47943,35.53753],[126.47935,35.5376],[126.47878,35.53852],[126.47874,35.5386],[126.47875,35.53868],[126.47876,35.53874],[126.47879,35.53882],[126.47885,35.53888],[126.47942,35.53922],[126.48178,35.54015],[126.48185,35.54016],[126.48196,35.54015],[126.48209,35.54012],[126.4822,35.54004],[126.48229,35.53997]]],[[[126.59399,35.53512],[126.59395,35.53495],[126.5939,35.53459],[126.5939,35.53382],[126.59402,35.53274],[126.59419,35.53211],[126.5948,35.5313],[126.59602,35.52982],[126.59771,35.52803],[126.59773,35.528],[126.59825,35.52704],[126.59922,35.52501],[126.59926,35.52484],[126.59935,35.52418],[126.59927,35.52035],[126.59919,35.52004],[126.5991,35.51975],[126.59892,35.51947],[126.59825,35.51862],[126.59804,35.51837],[126.59763,35.5177],[126.59692,35.51651],[126.59643,35.51565],[126.59629,35.5153],[126.59482,35.51569],[126.59015,35.51664],[126.58839,35.51802],[126.58826,35.51803],[126.5863,35.51786],[126.58013,35.51779],[126.57793,35.51785],[126.57722,35.51812],[126.57712,35.51816],[126.57707,35.51816],[126.57703,35.51815],[126.57701,35.51812],[126.57688,35.51788],[126.57683,35.51773],[126.57668,35.517],[126.57659,35.51636],[126.57657,35.51605],[126.57654,35.51562],[126.57652,35.51544],[126.57645,35.5153],[126.57481,35.51361],[126.57466,35.51349],[126.57452,35.51341],[126.57434,35.51334],[126.57403,35.51323],[126.57388,35.51319],[126.57362,35.51312],[126.57342,35.51305],[126.57338,35.51301],[126.57148,35.50885],[126.57137,35.50855],[126.57055,35.50602],[126.57052,35.50571],[126.57053,35.50444],[126.57056,35.50409],[126.57057,35.50375],[126.57057,35.50318],[126.57055,35.50303],[126.57053,35.50292],[126.5705,35.50279],[126.56902,35.49869],[126.56899,35.49863],[126.56852,35.49789],[126.56844,35.49778],[126.56835,35.49768],[126.56829,35.49764],[126.568,35.49755],[126.56783,35.49751],[126.56643,35.49718],[126.56601,35.49711],[126.56581,35.49708],[126.56565,35.4971],[126.56521,35.4972],[126.565,35.49728],[126.56479,35.49737],[126.56459,35.49744],[126.56449,35.49745],[126.56343,35.49726],[126.56332,35.49723],[126.56263,35.49669],[126.56239,35.49649],[126.56048,35.49471],[126.55768,35.49167],[126.55757,35.49155],[126.55622,35.48994],[126.55615,35.48985],[126.55612,35.48977],[126.55604,35.48913],[126.55605,35.48903],[126.55661,35.48617],[126.55668,35.48604],[126.5568,35.48595],[126.55812,35.48539],[126.55824,35.48536],[126.55888,35.4853],[126.55906,35.48529],[126.55923,35.48531],[126.55933,35.48531],[126.55953,35.48525],[126.55972,35.48518],[126.5598,35.48514],[126.55985,35.4851],[126.55985,35.48504],[126.5597,35.4768],[126.55968,35.47674],[126.55838,35.47463],[126.55737,35.47369],[126.55718,35.47353],[126.55675,35.47315],[126.55647,35.47284],[126.55546,35.47164],[126.55537,35.47151],[126.55529,35.47135],[126.55523,35.47117],[126.55479,35.47108],[126.55428,35.47106],[126.55235,35.471],[126.55188,35.47111],[126.55161,35.47134],[126.55137,35.47158],[126.54947,35.47246],[126.54871,35.47276],[126.54815,35.47284],[126.54802,35.47278],[126.54783,35.47266],[126.54751,35.47246],[126.54643,35.47196],[126.54585,35.47171],[126.54555,35.47177],[126.54388,35.47254],[126.54267,35.47331],[126.54258,35.47344],[126.54232,35.47429],[126.54009,35.47715],[126.53882,35.47857],[126.53836,35.47898],[126.53804,35.47915],[126.53758,35.47934],[126.53737,35.47939],[126.53271,35.48037],[126.53081,35.48166],[126.52995,35.48213],[126.52964,35.48225],[126.52721,35.48278],[126.52076,35.4845],[126.52054,35.48457],[126.5192,35.48528],[126.51875,35.48752],[126.51759,35.4906],[126.51731,35.49083],[126.5168,35.49124],[126.51567,35.49218],[126.51554,35.49231],[126.5154,35.49252],[126.51538,35.4927],[126.51558,35.49347],[126.51565,35.49357],[126.51672,35.4938],[126.51699,35.49393],[126.51716,35.49406],[126.51725,35.49422],[126.51723,35.49465],[126.51719,35.49493],[126.51706,35.49514],[126.51381,35.49708],[126.51274,35.49747],[126.51179,35.49778],[126.51125,35.49752],[126.51102,35.49752],[126.51071,35.49764],[126.51028,35.4979],[126.50986,35.49822],[126.50875,35.49931],[126.50723,35.50354],[126.50719,35.50402],[126.50715,35.50449],[126.50803,35.50572],[126.50806,35.50614],[126.5077,35.50682],[126.50694,35.50801],[126.50625,35.50848],[126.50546,35.50857],[126.503,35.50959],[126.50061,35.51157],[126.49989,35.51168],[126.49897,35.51129],[126.49771,35.50998],[126.49741,35.50968],[126.49683,35.50973],[126.49656,35.51005],[126.49576,35.51154],[126.49809,35.51803],[126.49858,35.52101],[126.5006,35.52435],[126.51002,35.53034],[126.51567,35.53259],[126.51932,35.53354],[126.52028,35.53341],[126.5225,35.53257],[126.5279,35.53167],[126.52946,35.53142],[126.53197,35.53117],[126.53313,35.53129],[126.53407,35.53181],[126.53443,35.53198],[126.53643,35.53138],[126.53988,35.52906],[126.54185,35.5274],[126.54383,35.52735],[126.54461,35.52734],[126.54473,35.52775],[126.54473,35.52796],[126.54383,35.52814],[126.54351,35.52862],[126.54348,35.529],[126.5435,35.52937],[126.54366,35.52991],[126.5459,35.53255],[126.54606,35.53261],[126.54703,35.53196],[126.54793,35.53145],[126.55037,35.53303],[126.55006,35.53334],[126.54983,35.53358],[126.54973,35.53387],[126.55012,35.53507],[126.55232,35.53675],[126.55391,35.53719],[126.55448,35.53723],[126.55461,35.53718],[126.55505,35.5368],[126.55546,35.53646],[126.55857,35.53854],[126.56004,35.53994],[126.56324,35.54169],[126.56513,35.54266],[126.56646,35.54295],[126.56697,35.54306],[126.56962,35.54307],[126.57069,35.54304],[126.57297,35.54237],[126.57464,35.54222],[126.57512,35.54153],[126.57846,35.54176],[126.58172,35.54196],[126.58976,35.54207],[126.59113,35.54183],[126.59358,35.54091],[126.59398,35.54034],[126.59408,35.53987],[126.59389,35.5382],[126.59383,35.53765],[126.59346,35.53666],[126.59343,35.53661],[126.59287,35.53559],[126.59399,35.53512]]],[[[126.48107,35.54666],[126.4814,35.54553],[126.48174,35.54558],[126.48187,35.54557],[126.48201,35.54557],[126.48272,35.54547],[126.4828,35.54545],[126.48487,35.5446],[126.48498,35.54451],[126.48507,35.54441],[126.48514,35.54429],[126.48515,35.54413],[126.48425,35.54116],[126.48317,35.54055],[126.48303,35.54047],[126.48289,35.54041],[126.48275,35.54039],[126.48206,35.54039],[126.48193,35.5404],[126.4818,35.54046],[126.47779,35.54232],[126.47768,35.54238],[126.47757,35.54251],[126.47672,35.54381],[126.47669,35.5439],[126.47668,35.54399],[126.4767,35.5441],[126.47676,35.5442],[126.4804,35.54661],[126.48049,35.54667],[126.48064,35.54676],[126.4807,35.54679],[126.48077,35.54681],[126.48088,35.54682],[126.481,35.54676],[126.48107,35.54666]]]]}},{"type":"Feature","properties":{"code":"52790400","name":"흥덕면","parent":"52790"},"geometry":{"type":"MultiPolygon","coordinates":[[[[126.7217,35.57303],[126.72175,35.57298],[126.72294,35.57222],[126.72378,35.57174],[126.72454,35.57145],[126.726,35.57087],[126.72637,35.57073],[126.72651,35.57061],[126.7267,35.57039],[126.7268,35.57019],[126.72682,35.56996],[126.72631,35.5684],[126.72628,35.56831],[126.72608,35.5677],[126.72492,35.56487],[126.72382,35.56217],[126.72348,35.56133],[126.72085,35.55348],[126.72071,35.55303],[126.72049,35.55212],[126.72026,35.55096],[126.72004,35.54981],[126.71966,35.54697],[126.71945,35.54447],[126.71928,35.54201],[126.71923,35.54069],[126.71917,35.53915],[126.71913,35.53601],[126.71911,35.53442],[126.71907,35.53188],[126.71901,35.53078],[126.71858,35.52774],[126.71853,35.52762],[126.71839,35.52751],[126.7177,35.5271],[126.71756,35.52705],[126.71664,35.52647],[126.71564,35.52545],[126.7156,35.52538],[126.71424,35.52305],[126.71344,35.52143],[126.71813,35.51967],[126.7214,35.51878],[126.72168,35.5187],[126.7219,35.51866],[126.72271,35.51854],[126.72487,35.5188],[126.72515,35.51887],[126.72644,35.51917],[126.7269,35.5193],[126.72761,35.51961],[126.72786,35.5197],[126.72793,35.5197],[126.72798,35.51968],[126.72817,35.51949],[126.72851,35.51909],[126.7286,35.51894],[126.73094,35.51408],[126.73199,35.5117],[126.73201,35.51163],[126.73227,35.50967],[126.7341,35.50594],[126.73489,35.50448],[126.73498,35.50433],[126.73504,35.50425],[126.73435,35.50426],[126.73405,35.50398],[126.73383,35.50345],[126.73364,35.50127],[126.73297,35.50054],[126.73147,35.49999],[126.72766,35.50027],[126.72553,35.50103],[126.72456,35.50162],[126.72414,35.50274],[126.7176,35.50331],[126.7121,35.50377],[126.71098,35.50225],[126.70561,35.50291],[126.69926,35.50431],[126.69927,35.50438],[126.69942,35.50519],[126.69983,35.50621],[126.70004,35.50679],[126.70009,35.50703],[126.70009,35.5071],[126.69969,35.50726],[126.69544,35.50463],[126.69357,35.50341],[126.69245,35.50223],[126.68972,35.50024],[126.68923,35.5],[126.6887,35.49975],[126.68822,35.49959],[126.68804,35.49952],[126.68798,35.49948],[126.68793,35.49945],[126.68681,35.49859],[126.68572,35.49757],[126.68558,35.4974],[126.68513,35.49683],[126.68439,35.49589],[126.6843,35.49576],[126.68398,35.49571],[126.68377,35.49571],[126.68273,35.49576],[126.68257,35.49578],[126.68254,35.4958],[126.67985,35.49873],[126.6782,35.5006],[126.67811,35.50071],[126.67796,35.50095],[126.67791,35.5011],[126.67785,35.50141],[126.67781,35.50173],[126.6778,35.50203],[126.67781,35.50229],[126.67785,35.50255],[126.67793,35.50288],[126.67824,35.5032],[126.6787,35.50383],[126.6788,35.50397],[126.67921,35.5046],[126.67927,35.50478],[126.67925,35.50558],[126.6792,35.50639],[126.67913,35.50779],[126.67919,35.50875],[126.67919,35.50878],[126.67924,35.50954],[126.67934,35.51032],[126.67939,35.51061],[126.67968,35.51115],[126.67999,35.51157],[126.68043,35.51194],[126.68065,35.51216],[126.68105,35.51256],[126.68116,35.51272],[126.68126,35.51293],[126.68133,35.51312],[126.68144,35.51429],[126.6815,35.5152],[126.68149,35.51529],[126.68147,35.51538],[126.6811,35.51681],[126.68106,35.51688],[126.68101,35.51693],[126.6809,35.51697],[126.68078,35.51706],[126.67996,35.5179],[126.67965,35.51833],[126.67791,35.52084],[126.67787,35.52092],[126.67784,35.52104],[126.67787,35.52141],[126.67794,35.52181],[126.6786,35.5233],[126.67883,35.52364],[126.68002,35.52524],[126.67932,35.53056],[126.67913,35.53111],[126.67679,35.53514],[126.67462,35.53796],[126.67412,35.53851],[126.67368,35.539],[126.67357,35.53916],[126.67357,35.53929],[126.67366,35.5402],[126.67371,35.54032],[126.67392,35.54062],[126.67405,35.54094],[126.67409,35.54113],[126.67397,35.5416],[126.67265,35.54461],[126.6686,35.55377],[126.66713,35.55432],[126.66872,35.55528],[126.66721,35.55706],[126.66606,35.55929],[126.66583,35.55984],[126.66599,35.55994],[126.66646,35.56012],[126.66658,35.5601],[126.66688,35.5601],[126.66726,35.56015],[126.66805,35.56037],[126.66844,35.56067],[126.66857,35.56091],[126.66873,35.56143],[126.66888,35.56238],[126.66876,35.56277],[126.66866,35.5629],[126.66853,35.56297],[126.66849,35.56311],[126.66843,35.56342],[126.66843,35.56357],[126.66852,35.56576],[126.66853,35.56595],[126.66863,35.5661],[126.66997,35.5671],[126.67005,35.56715],[126.671,35.56741],[126.67129,35.56743],[126.67187,35.56755],[126.6738,35.56798],[126.67421,35.56817],[126.67279,35.57055],[126.67225,35.5714],[126.67479,35.57099],[126.67585,35.57135],[126.67667,35.57203],[126.67715,35.57209],[126.68046,35.57248],[126.68214,35.57194],[126.68249,35.57177],[126.68257,35.57172],[126.68305,35.57139],[126.68326,35.57125],[126.68347,35.57104],[126.68384,35.57061],[126.68399,35.57046],[126.68408,35.57038],[126.68459,35.57003],[126.68473,35.56995],[126.68485,35.56991],[126.68525,35.56981],[126.68669,35.56949],[126.68675,35.56948],[126.69174,35.56941],[126.69222,35.56945],[126.69912,35.57167],[126.6995,35.57186],[126.6999,35.57228],[126.70059,35.57297],[126.70147,35.57381],[126.70215,35.57432],[126.70235,35.57446],[126.70243,35.57451],[126.70446,35.57479],[126.70484,35.57481],[126.70525,35.57478],[126.70585,35.57467],[126.70639,35.57453],[126.70881,35.57356],[126.71153,35.57334],[126.71353,35.57338],[126.71385,35.57334],[126.71818,35.5728],[126.7185,35.57276],[126.71902,35.57257],[126.71926,35.57255],[126.72098,35.57254],[126.72116,35.57258],[126.72142,35.57278],[126.7217,35.57303]]]]}},{"type":"Feature","properties":{"code":"52790410","name":"성내면","parent":"52790"},"geometry":{"type":"MultiPolygon","coordinates":[[[[126.76411,35.51858],[126.76143,35.51715],[126.76047,35.51649],[126.75977,35.51568],[126.75956,35.51543],[126.75963,35.51424],[126.75977,35.51279],[126.76001,35.51108],[126.76093,35.51046],[126.76253,35.50948],[126.76545,35.50912],[126.76694,35.50916],[126.76728,35.50919],[126.76785,35.50906],[126.76899,35.50878],[126.76956,35.50854],[126.77066,35.50739],[126.77074,35.50629],[126.77076,35.506],[126.76921,35.50355],[126.76847,35.50283],[126.76824,35.50054],[126.76844,35.49733],[126.76856,35.49579],[126.76803,35.49498],[126.76771,35.4946],[126.76551,35.49339],[126.76527,35.49328],[126.76421,35.49306],[126.76298,35.49291],[126.7613,35.49354],[126.75875,35.49456],[126.75803,35.49469],[126.7572,35.49469],[126.75649,35.49467],[126.75597,35.4946],[126.75499,35.49423],[126.75349,35.49359],[126.75324,35.49338],[126.75294,35.49314],[126.75288,35.49297],[126.75243,35.49283],[126.75198,35.49275],[126.74721,35.49341],[126.74708,35.49344],[126.7459,35.49368],[126.74489,35.49407],[126.74449,35.4947],[126.74474,35.49601],[126.74494,35.49641],[126.74657,35.49797],[126.74927,35.50143],[126.7503,35.50289],[126.75044,35.50315],[126.74671,35.50732],[126.74257,35.50635],[126.73871,35.50515],[126.73627,35.50418],[126.73504,35.50425],[126.73498,35.50433],[126.73489,35.50448],[126.7341,35.50594],[126.73227,35.50967],[126.73201,35.51163],[126.73199,35.5117],[126.73094,35.51408],[126.7286,35.51894],[126.72851,35.51909],[126.72817,35.51949],[126.72798,35.51968],[126.72793,35.5197],[126.72786,35.5197],[126.72761,35.51961],[126.7269,35.5193],[126.72644,35.51917],[126.72515,35.51887],[126.72487,35.5188],[126.72271,35.51854],[126.7219,35.51866],[126.72168,35.5187],[126.7214,35.51878],[126.71813,35.51967],[126.71344,35.52143],[126.71424,35.52305],[126.7156,35.52538],[126.71564,35.52545],[126.71664,35.52647],[126.71756,35.52705],[126.7177,35.5271],[126.71839,35.52751],[126.71853,35.52762],[126.71858,35.52774],[126.71901,35.53078],[126.71907,35.53188],[126.71911,35.53442],[126.71913,35.53601],[126.71917,35.53915],[126.71923,35.54069],[126.71928,35.54201],[126.71945,35.54447],[126.71966,35.54697],[126.72004,35.54981],[126.72026,35.55096],[126.72049,35.55212],[126.72071,35.55303],[126.72085,35.55348],[126.72348,35.56133],[126.72382,35.56217],[126.72492,35.56487],[126.72608,35.5677],[126.72628,35.56831],[126.72631,35.5684],[126.72682,35.56996],[126.7268,35.57019],[126.7267,35.57039],[126.72651,35.57061],[126.72637,35.57073],[126.72692,35.57083],[126.72776,35.57096],[126.73065,35.57081],[126.73158,35.57031],[126.73216,35.57009],[126.73865,35.5677],[126.73904,35.56759],[126.73926,35.56745],[126.74112,35.56767],[126.74223,35.56799],[126.74337,35.56837],[126.74389,35.56869],[126.74426,35.56896],[126.74437,35.5691],[126.74522,35.57017],[126.74542,35.57046],[126.74794,35.57105],[126.74968,35.5711],[126.75246,35.57217],[126.7535,35.57338],[126.75562,35.57368],[126.7572,35.57358],[126.75764,35.57314],[126.75987,35.57213],[126.76405,35.57051],[126.7645,35.56808],[126.76472,35.56657],[126.76673,35.56381],[126.76695,35.56369],[126.76679,35.56277],[126.76656,35.56196],[126.76473,35.55891],[126.76387,35.55838],[126.76316,35.55812],[126.76121,35.55603],[126.76093,35.55573],[126.7621,35.55479],[126.76217,35.55474],[126.76221,35.55471],[126.76225,35.5547],[126.76231,35.55469],[126.76247,35.55467],[126.76267,35.55462],[126.76277,35.55458],[126.76288,35.55453],[126.76299,35.55446],[126.76459,35.55324],[126.76608,35.54937],[126.76611,35.54929],[126.76605,35.54876],[126.76604,35.54861],[126.766,35.54851],[126.76577,35.54804],[126.76567,35.54789],[126.76495,35.54687],[126.76479,35.54671],[126.76441,35.54636],[126.76427,35.54627],[126.76406,35.54616],[126.76376,35.54606],[126.76366,35.54601],[126.76238,35.54505],[126.7622,35.54471],[126.76207,35.54411],[126.7614,35.53551],[126.7612,35.5329],[126.7612,35.53286],[126.76123,35.53282],[126.76457,35.52984],[126.76461,35.52981],[126.76514,35.52959],[126.76534,35.52956],[126.76541,35.52957],[126.76614,35.52966],[126.76632,35.52968],[126.76692,35.52957],[126.77255,35.5254],[126.77308,35.52495],[126.77371,35.52426],[126.77374,35.52355],[126.77285,35.52265],[126.77049,35.52132],[126.77042,35.52129],[126.76971,35.52094],[126.76646,35.52],[126.76411,35.51858]]]]}},{"type":"Feature","properties":{"code":"52790420","name":"신림면","parent":"52790"},"geometry":{"type":"MultiPolygon","coordinates":[[[[126.73504,35.50425],[126.73627,35.50418],[126.73871,35.50515],[126.74257,35.50635],[126.74671,35.50732],[126.75044,35.50315],[126.7503,35.50289],[126.74927,35.50143],[126.74657,35.49797],[126.74494,35.49641],[126.74474,35.49601],[126.74449,35.4947],[126.74489,35.49407],[126.7459,35.49368],[126.74708,35.49344],[126.74721,35.49341],[126.75198,35.49275],[126.75243,35.49283],[126.75288,35.49297],[126.75294,35.49314],[126.75324,35.49338],[126.75349,35.49359],[126.75499,35.49423],[126.75597,35.4946],[126.75649,35.49467],[126.7572,35.49469],[126.75803,35.49469],[126.75875,35.49456],[126.7613,35.49354],[126.76298,35.49291],[126.76421,35.49306],[126.76516,35.4924],[126.76527,35.49231],[126.76537,35.49221],[126.76544,35.49208],[126.7655,35.49195],[126.76584,35.49097],[126.76587,35.49084],[126.76588,35.49068],[126.76586,35.49052],[126.76584,35.49041],[126.76584,35.49023],[126.76588,35.48992],[126.76615,35.48859],[126.76651,35.48692],[126.76673,35.48599],[126.76677,35.48583],[126.76681,35.48573],[126.76684,35.48568],[126.7669,35.4856],[126.76697,35.48554],[126.76712,35.48543],[126.7673,35.48531],[126.76772,35.48506],[126.76802,35.48491],[126.76829,35.48476],[126.76857,35.48458],[126.76879,35.48442],[126.76892,35.48431],[126.76911,35.48413],[126.7693,35.48393],[126.76946,35.48375],[126.76967,35.48347],[126.76979,35.48326],[126.76993,35.48292],[126.77002,35.48262],[126.77088,35.4768],[126.77215,35.47293],[126.77221,35.47284],[126.77228,35.47259],[126.77243,35.47194],[126.77248,35.47173],[126.77253,35.47131],[126.77255,35.47103],[126.77259,35.47041],[126.7726,35.46999],[126.77252,35.46838],[126.77241,35.46818],[126.77203,35.46776],[126.77199,35.46772],[126.77178,35.46751],[126.77156,35.46734],[126.77026,35.46655],[126.76976,35.46635],[126.76968,35.46633],[126.76957,35.46633],[126.76948,35.46633],[126.76929,35.46638],[126.76918,35.46641],[126.76893,35.46643],[126.7686,35.46642],[126.76842,35.46642],[126.76831,35.46641],[126.76743,35.46635],[126.7672,35.46634],[126.76405,35.46604],[126.76395,35.46602],[126.76197,35.46505],[126.76184,35.46498],[126.76179,35.46495],[126.76168,35.46487],[126.76153,35.46475],[126.757,35.46101],[126.75683,35.46085],[126.75676,35.46078],[126.75534,35.45795],[126.75484,35.45674],[126.75437,35.45553],[126.75432,35.45538],[126.75429,35.45532],[126.75427,35.45527],[126.75418,35.45519],[126.74981,35.45136],[126.74968,35.45125],[126.7495,35.45115],[126.74787,35.45033],[126.74778,35.45033],[126.74768,35.45034],[126.74759,35.45036],[126.74472,35.45095],[126.74466,35.45097],[126.74458,35.451],[126.74396,35.4514],[126.74347,35.45175],[126.74322,35.45193],[126.74312,35.452],[126.74303,35.45204],[126.74288,35.45211],[126.74269,35.45218],[126.74232,35.45228],[126.74211,35.45233],[126.74149,35.45249],[126.74137,35.45251],[126.74126,35.45251],[126.74114,35.45249],[126.74091,35.45232],[126.73933,35.45063],[126.73913,35.45041],[126.73813,35.44912],[126.73812,35.44903],[126.73694,35.44977],[126.73676,35.44988],[126.73662,35.44993],[126.7323,35.45084],[126.73025,35.45116],[126.72908,35.45127],[126.72899,35.45126],[126.72882,35.45122],[126.72859,35.45112],[126.72829,35.45096],[126.72806,35.45081],[126.7279,35.45062],[126.7278,35.45048],[126.72775,35.45041],[126.72756,35.45017],[126.72742,35.45001],[126.72724,35.44986],[126.72635,35.44915],[126.72625,35.4491],[126.7261,35.44905],[126.7228,35.44818],[126.72018,35.44861],[126.72005,35.44864],[126.71993,35.44867],[126.71986,35.44871],[126.71971,35.4488],[126.71961,35.44887],[126.71465,35.45256],[126.71149,35.45502],[126.71135,35.45514],[126.71124,35.45521],[126.71108,35.45532],[126.71066,35.4555],[126.71059,35.45551],[126.70831,35.45573],[126.70745,35.45572],[126.70037,35.4555],[126.6956,35.45552],[126.69555,35.45556],[126.69548,35.45558],[126.69211,35.45601],[126.69198,35.45603],[126.69174,35.45601],[126.69166,35.45601],[126.69068,35.45585],[126.69047,35.4558],[126.69029,35.45574],[126.6901,35.45566],[126.68966,35.45545],[126.68928,35.45525],[126.68905,35.45514],[126.68896,35.4551],[126.68885,35.45507],[126.68873,35.45505],[126.68859,35.45504],[126.68843,35.45504],[126.68815,35.45506],[126.68791,35.45508],[126.68785,35.45509],[126.68769,35.45512],[126.68766,35.45513],[126.68765,35.45516],[126.68764,35.45629],[126.6872,35.46164],[126.68718,35.46182],[126.68699,35.46319],[126.68697,35.46326],[126.68692,35.46331],[126.68629,35.46362],[126.68621,35.46365],[126.68612,35.46368],[126.68593,35.46372],[126.6858,35.46373],[126.68345,35.4638],[126.68319,35.46381],[126.6831,35.46381],[126.68301,35.46381],[126.68274,35.4638],[126.68225,35.46373],[126.68211,35.46368],[126.6794,35.46257],[126.67731,35.46175],[126.67717,35.46169],[126.67701,35.46168],[126.6769,35.46168],[126.67454,35.46274],[126.67405,35.46288],[126.67221,35.46318],[126.67027,35.46311],[126.66962,35.46307],[126.66376,35.4647],[126.66436,35.46505],[126.66793,35.46742],[126.66813,35.46757],[126.66815,35.46762],[126.66947,35.47037],[126.66956,35.47071],[126.66963,35.47118],[126.66963,35.47149],[126.66965,35.47334],[126.67078,35.4734],[126.67448,35.47355],[126.67498,35.4735],[126.67674,35.47356],[126.67684,35.47357],[126.67707,35.47367],[126.68075,35.47547],[126.68076,35.47549],[126.68094,35.47648],[126.68094,35.47684],[126.68065,35.47706],[126.68049,35.47719],[126.68044,35.47744],[126.68036,35.47842],[126.68038,35.47875],[126.68072,35.48127],[126.68108,35.48216],[126.68308,35.48537],[126.68496,35.48706],[126.68634,35.48809],[126.68674,35.48842],[126.68692,35.48858],[126.68697,35.4887],[126.68702,35.48893],[126.68704,35.48909],[126.687,35.48929],[126.68663,35.49143],[126.6866,35.49157],[126.68657,35.49166],[126.68645,35.49183],[126.68629,35.49201],[126.68593,35.49246],[126.68569,35.49277],[126.68565,35.49285],[126.68565,35.49294],[126.686,35.49348],[126.68608,35.49358],[126.687,35.49438],[126.68792,35.49516],[126.68837,35.49551],[126.68848,35.49564],[126.68851,35.4957],[126.68863,35.49644],[126.68507,35.49598],[126.6849,35.49593],[126.6843,35.49576],[126.68439,35.49589],[126.68513,35.49683],[126.68558,35.4974],[126.68572,35.49757],[126.68681,35.49859],[126.68793,35.49945],[126.68798,35.49948],[126.68804,35.49952],[126.68822,35.49959],[126.6887,35.49975],[126.68923,35.5],[126.68972,35.50024],[126.69245,35.50223],[126.69357,35.50341],[126.69544,35.50463],[126.69969,35.50726],[126.70009,35.5071],[126.70009,35.50703],[126.70004,35.50679],[126.69983,35.50621],[126.69942,35.50519],[126.69927,35.50438],[126.69926,35.50431],[126.70561,35.50291],[126.71098,35.50225],[126.7121,35.50377],[126.7176,35.50331],[126.72414,35.50274],[126.72456,35.50162],[126.72553,35.50103],[126.72766,35.50027],[126.73147,35.49999],[126.73297,35.50054],[126.73364,35.50127],[126.73383,35.50345],[126.73405,35.50398],[126.73435,35.50426],[126.73504,35.50425]]]]}},{"type":"Feature","properties":{"code":"52790430","name":"부안면","parent":"52790"},"geometry":{"type":"MultiPolygon","coordinates":[[[[126.58931,35.57199],[126.58952,35.57195],[126.5896,35.57197],[126.58967,35.57194],[126.58978,35.57189],[126.58986,35.57183],[126.58991,35.57178],[126.59004,35.57156],[126.59008,35.57148],[126.59008,35.57138],[126.59008,35.57135],[126.58971,35.57086],[126.58965,35.57083],[126.58823,35.57015],[126.58804,35.57014],[126.5877,35.57037],[126.58755,35.5705],[126.58747,35.57103],[126.58733,35.57205],[126.58737,35.57355],[126.58738,35.57368],[126.58759,35.57372],[126.58765,35.57359],[126.58779,35.57324],[126.58796,35.57268],[126.5881,35.57254],[126.58822,35.57245],[126.58834,35.57238],[126.58872,35.57222],[126.58895,35.57212],[126.58931,35.57199]]],[[[126.66713,35.55432],[126.6686,35.55377],[126.67265,35.54461],[126.67397,35.5416],[126.67409,35.54113],[126.67405,35.54094],[126.67392,35.54062],[126.67371,35.54032],[126.67366,35.5402],[126.67357,35.53929],[126.67357,35.53916],[126.67368,35.539],[126.67412,35.53851],[126.67462,35.53796],[126.67679,35.53514],[126.67913,35.53111],[126.67932,35.53056],[126.68002,35.52524],[126.67883,35.52364],[126.6786,35.5233],[126.67794,35.52181],[126.67787,35.52141],[126.67784,35.52104],[126.67787,35.52092],[126.67791,35.52084],[126.67965,35.51833],[126.67996,35.5179],[126.68078,35.51706],[126.6809,35.51697],[126.68101,35.51693],[126.68106,35.51688],[126.6811,35.51681],[126.68147,35.51538],[126.68149,35.51529],[126.6815,35.5152],[126.68144,35.51429],[126.68133,35.51312],[126.68126,35.51293],[126.68116,35.51272],[126.68105,35.51256],[126.68065,35.51216],[126.68043,35.51194],[126.67999,35.51157],[126.67968,35.51115],[126.67939,35.51061],[126.67934,35.51032],[126.67924,35.50954],[126.67919,35.50878],[126.67919,35.50875],[126.67913,35.50779],[126.6792,35.50639],[126.67925,35.50558],[126.67927,35.50478],[126.67921,35.5046],[126.6788,35.50397],[126.6787,35.50383],[126.67824,35.5032],[126.67793,35.50288],[126.67785,35.50255],[126.67781,35.50229],[126.6778,35.50203],[126.67781,35.50173],[126.67785,35.50141],[126.67791,35.5011],[126.67796,35.50095],[126.67811,35.50071],[126.6782,35.5006],[126.67985,35.49873],[126.68254,35.4958],[126.68257,35.49578],[126.68273,35.49576],[126.68377,35.49571],[126.68398,35.49571],[126.6843,35.49576],[126.6849,35.49593],[126.68507,35.49598],[126.68863,35.49644],[126.68851,35.4957],[126.68848,35.49564],[126.68837,35.49551],[126.68792,35.49516],[126.687,35.49438],[126.68608,35.49358],[126.686,35.49348],[126.68565,35.49294],[126.68565,35.49285],[126.68569,35.49277],[126.68593,35.49246],[126.68629,35.49201],[126.68645,35.49183],[126.68657,35.49166],[126.6866,35.49157],[126.68663,35.49143],[126.687,35.48929],[126.68704,35.48909],[126.68702,35.48893],[126.68697,35.4887],[126.68692,35.48858],[126.68674,35.48842],[126.68634,35.48809],[126.68496,35.48706],[126.68308,35.48537],[126.68108,35.48216],[126.68072,35.48127],[126.68038,35.47875],[126.68036,35.47842],[126.68044,35.47744],[126.68049,35.47719],[126.68065,35.47706],[126.68094,35.47684],[126.68094,35.47648],[126.68076,35.47549],[126.68075,35.47547],[126.67707,35.47367],[126.67684,35.47357],[126.67674,35.47356],[126.67498,35.4735],[126.67448,35.47355],[126.67078,35.4734],[126.66965,35.47334],[126.66962,35.47351],[126.66958,35.4736],[126.66936,35.4739],[126.66857,35.4749],[126.6681,35.47526],[126.66794,35.47537],[126.66703,35.47821],[126.66703,35.47838],[126.66657,35.48061],[126.66609,35.48166],[126.66388,35.48552],[126.66353,35.48601],[126.66338,35.48611],[126.66049,35.48767],[126.6601,35.48786],[126.65968,35.48797],[126.65962,35.48798],[126.65951,35.488],[126.65916,35.48805],[126.65864,35.48817],[126.6584,35.48824],[126.65824,35.48833],[126.65817,35.48842],[126.65704,35.49026],[126.657,35.4906],[126.65696,35.4913],[126.65692,35.49147],[126.65675,35.49203],[126.65664,35.49228],[126.65263,35.49744],[126.6525,35.49756],[126.65172,35.49802],[126.65087,35.49842],[126.65056,35.49853],[126.64851,35.49926],[126.64838,35.49929],[126.64795,35.49928],[126.64774,35.49927],[126.64754,35.49925],[126.64504,35.4984],[126.64462,35.49823],[126.64399,35.49797],[126.64265,35.4973],[126.64151,35.49668],[126.64144,35.49662],[126.6414,35.49654],[126.64146,35.49585],[126.64144,35.49579],[126.64137,35.49574],[126.64022,35.49519],[126.63623,35.49367],[126.63601,35.49359],[126.63598,35.49358],[126.63586,35.49355],[126.63456,35.49421],[126.63199,35.49564],[126.62974,35.49699],[126.62902,35.49748],[126.62414,35.50029],[126.62239,35.50064],[126.62225,35.5007],[126.62161,35.50132],[126.62139,35.50156],[126.62129,35.50176],[126.62123,35.50212],[126.62119,35.50241],[126.62131,35.50266],[126.62148,35.50303],[126.62172,35.50378],[126.62171,35.50494],[126.62169,35.50504],[126.62163,35.50516],[126.62152,35.50532],[126.62144,35.50543],[126.62136,35.50551],[126.61932,35.50682],[126.61924,35.50687],[126.61911,35.5069],[126.61868,35.50698],[126.61832,35.50701],[126.61804,35.50704],[126.61687,35.50696],[126.61677,35.50694],[126.61667,35.50692],[126.61649,35.50688],[126.61622,35.50681],[126.61526,35.50643],[126.61502,35.50633],[126.61222,35.50616],[126.61072,35.50682],[126.61002,35.50707],[126.60776,35.50788],[126.60706,35.50813],[126.60653,35.50831],[126.60621,35.50841],[126.60587,35.50849],[126.60562,35.50854],[126.60479,35.50867],[126.60466,35.50869],[126.60407,35.50875],[126.60362,35.50877],[126.60332,35.50876],[126.60304,35.50873],[126.60288,35.50869],[126.60266,35.5086],[126.60256,35.50856],[126.6019,35.50846],[126.60153,35.50843],[126.6012,35.50845],[126.60086,35.50853],[126.60041,35.50869],[126.59847,35.50944],[126.59816,35.50957],[126.598,35.50972],[126.59771,35.51008],[126.5976,35.51026],[126.596,35.51325],[126.59596,35.51338],[126.59593,35.51352],[126.59589,35.51375],[126.59593,35.51415],[126.59598,35.51443],[126.59604,35.51467],[126.59629,35.5153],[126.59643,35.51565],[126.59692,35.51651],[126.59763,35.5177],[126.59804,35.51837],[126.59825,35.51862],[126.59892,35.51947],[126.5991,35.51975],[126.59919,35.52004],[126.59927,35.52035],[126.59935,35.52418],[126.59926,35.52484],[126.59922,35.52501],[126.59825,35.52704],[126.59773,35.528],[126.59771,35.52803],[126.59602,35.52982],[126.5948,35.5313],[126.59419,35.53211],[126.59402,35.53274],[126.5939,35.53382],[126.5939,35.53459],[126.59395,35.53495],[126.59399,35.53512],[126.59535,35.53614],[126.6026,35.54252],[126.60232,35.54301],[126.60192,35.54406],[126.60228,35.54613],[126.60467,35.54888],[126.6055,35.54983],[126.60631,35.55071],[126.6071,35.55104],[126.60812,35.55131],[126.60831,35.55137],[126.61016,35.55445],[126.61046,35.55496],[126.61215,35.55618],[126.6127,35.5564],[126.61497,35.5561],[126.61604,35.55667],[126.61641,35.55689],[126.61658,35.55713],[126.61675,35.55767],[126.61729,35.5602],[126.61742,35.56147],[126.61751,35.5623],[126.6171,35.56324],[126.61694,35.56412],[126.61666,35.56625],[126.61668,35.56741],[126.61704,35.56953],[126.61725,35.56987],[126.61778,35.56997],[126.61831,35.56994],[126.61868,35.56961],[126.6187,35.56946],[126.62408,35.56849],[126.62482,35.56899],[126.62578,35.571],[126.62758,35.57181],[126.62802,35.57197],[126.62944,35.57218],[126.63148,35.57252],[126.63194,35.5727],[126.63284,35.57383],[126.63322,35.57437],[126.63322,35.5747],[126.6337,35.57497],[126.63411,35.57492],[126.63519,35.57428],[126.63559,35.57366],[126.6357,35.57303],[126.63606,35.572],[126.63611,35.57193],[126.63798,35.57179],[126.64132,35.57154],[126.64321,35.57129],[126.64744,35.56991],[126.6479,35.56967],[126.6494,35.56806],[126.65244,35.56468],[126.65496,35.56383],[126.65746,35.56332],[126.65792,35.5627],[126.65811,35.56233],[126.65844,35.56063],[126.66063,35.55851],[126.66461,35.55491],[126.66586,35.55435],[126.66689,35.55414],[126.66713,35.55432]]]]}}]}