{"type":"FeatureCollection","features":[{"type":"Feature","properties":{"code":"48270250","name":"삼랑진읍","parent":"48270"},"geometry":{"type":"MultiPolygon","coordinates":[[[[128.80156,35.47312],[128.80254,35.47311],[128.80267,35.47309],[128.80281,35.47307],[128.80309,35.47303],[128.80333,35.47298],[128.80356,35.47292],[128.80759,35.47152],[128.80914,35.47082],[128.80925,35.47075],[128.8161,35.46982],[128.81629,35.46981],[128.81648,35.46977],[128.81673,35.46968],[128.81692,35.4696],[128.81702,35.46954],[128.8171,35.4695],[128.81733,35.46935],[128.81745,35.46927],[128.81759,35.46917],[128.81778,35.46906],[128.81792,35.46901],[128.81804,35.46897],[128.81813,35.46896],[128.81823,35.46894],[128.8184,35.46892],[128.81855,35.4689],[128.81876,35.46889],[128.81897,35.46888],[128.81929,35.46887],[128.82191,35.46893],[128.82423,35.46913],[128.82433,35.46915],[128.82453,35.4692],[128.82471,35.46927],[128.82474,35.46929],[128.8248,35.46933],[128.82506,35.4695],[128.82519,35.46959],[128.82532,35.4697],[128.82541,35.46977],[128.8255,35.46981],[128.82601,35.4699],[128.82614,35.46992],[128.8263,35.46994],[128.82636,35.46994],[128.82642,35.46994],[128.82793,35.46973],[128.8282,35.46969],[128.82844,35.46962],[128.82865,35.46955],[128.83059,35.46863],[128.83062,35.46859],[128.83082,35.4681],[128.83092,35.46784],[128.83096,35.46748],[128.83098,35.46713],[128.83102,35.46686],[128.83109,35.46669],[128.83159,35.46613],[128.83163,35.46609],[128.83173,35.46608],[128.83233,35.46608],[128.83258,35.46608],[128.83482,35.46622],[128.83488,35.46622],[128.83494,35.46621],[128.83509,35.46611],[128.83538,35.46589],[128.83735,35.46414],[128.83745,35.46401],[128.83753,35.46367],[128.83763,35.4633],[128.83771,35.46306],[128.83802,35.46238],[128.8381,35.46225],[128.83868,35.46141],[128.83877,35.46129],[128.83886,35.46119],[128.83905,35.46104],[128.84218,35.45935],[128.84243,35.45923],[128.84248,35.45921],[128.84259,35.45918],[128.84266,35.45918],[128.84278,35.45921],[128.8429,35.45925],[128.84298,35.45928],[128.84333,35.45939],[128.84352,35.45942],[128.84459,35.45957],[128.84468,35.45952],[128.84698,35.45803],[128.84737,35.45777],[128.84749,35.45765],[128.84766,35.4574],[128.84776,35.4572],[128.84777,35.45716],[128.8479,35.45701],[128.84797,35.45698],[128.8493,35.45633],[128.84945,35.45627],[128.84957,35.45624],[128.8522,35.45587],[128.85233,35.45587],[128.85248,35.45589],[128.85264,35.45595],[128.85296,35.45611],[128.85317,35.45623],[128.85405,35.45677],[128.85424,35.45689],[128.8544,35.457],[128.85462,35.45716],[128.85473,35.45721],[128.85488,35.45728],[128.85495,35.45729],[128.85539,35.4574],[128.85581,35.45749],[128.85612,35.45755],[128.85754,35.45776],[128.86117,35.45781],[128.86336,35.4578],[128.86504,35.45533],[128.86753,35.45246],[128.87108,35.45008],[128.87698,35.446],[128.87711,35.4459],[128.8772,35.44583],[128.87725,35.44574],[128.87735,35.44544],[128.8774,35.4452],[128.87744,35.445],[128.87789,35.44385],[128.88052,35.44355],[128.88063,35.44356],[128.88073,35.44356],[128.88088,35.44358],[128.88095,35.4436],[128.88102,35.44361],[128.88111,35.44364],[128.8818,35.444],[128.88757,35.44457],[128.88771,35.44457],[128.88781,35.44457],[128.8879,35.44455],[128.88806,35.44448],[128.88816,35.44442],[128.88949,35.44426],[128.89228,35.4453],[128.89271,35.44568],[128.89298,35.44592],[128.89304,35.44599],[128.8931,35.4461],[128.89447,35.44679],[128.89618,35.44719],[128.89631,35.44721],[128.89646,35.44719],[128.89662,35.44715],[128.89675,35.44711],[128.90019,35.44556],[128.90086,35.44467],[128.90159,35.44373],[128.90189,35.4434],[128.90402,35.44113],[128.90546,35.43977],[128.90554,35.43972],[128.90571,35.43966],[128.90672,35.43957],[128.90662,35.4395],[128.90651,35.43939],[128.90643,35.43928],[128.90638,35.4391],[128.90638,35.43894],[128.90642,35.43876],[128.90659,35.4379],[128.9067,35.43743],[128.90673,35.43731],[128.90723,35.43609],[128.90736,35.4359],[128.90751,35.43569],[128.90764,35.43552],[128.90777,35.4354],[128.9079,35.43532],[128.90802,35.43531],[128.90886,35.43511],[128.91008,35.43454],[128.91018,35.43449],[128.91116,35.43368],[128.91134,35.43353],[128.91153,35.43336],[128.91161,35.43326],[128.91224,35.43251],[128.91269,35.43193],[128.9138,35.43062],[128.91386,35.43055],[128.91394,35.43051],[128.91609,35.42989],[128.92183,35.42612],[128.92187,35.4261],[128.92212,35.42588],[128.92219,35.42581],[128.92348,35.42319],[128.92354,35.42303],[128.92382,35.42191],[128.92382,35.42179],[128.92377,35.42163],[128.9237,35.42142],[128.92368,35.42138],[128.92366,35.42133],[128.9235,35.4212],[128.9204,35.41894],[128.91358,35.41558],[128.91152,35.41569],[128.90885,35.41671],[128.90652,35.41772],[128.90491,35.4189],[128.90416,35.41952],[128.90399,35.41969],[128.90386,35.41984],[128.90374,35.41996],[128.90365,35.42002],[128.90353,35.42006],[128.90342,35.42005],[128.90063,35.41866],[128.89448,35.41575],[128.89354,35.41542],[128.89153,35.4146],[128.8914,35.41453],[128.8913,35.41441],[128.89123,35.41426],[128.8912,35.41418],[128.8912,35.41413],[128.89121,35.4141],[128.89186,35.41298],[128.89236,35.41208],[128.89239,35.41198],[128.8925,35.4114],[128.89249,35.41115],[128.89218,35.40978],[128.89191,35.40864],[128.89084,35.40447],[128.89076,35.40428],[128.89067,35.40417],[128.89057,35.40409],[128.89047,35.40408],[128.89022,35.40405],[128.89,35.40406],[128.88991,35.40408],[128.88973,35.40416],[128.88954,35.40427],[128.88937,35.40432],[128.88918,35.40434],[128.88901,35.40435],[128.88871,35.4043],[128.88801,35.40411],[128.88778,35.40401],[128.88755,35.40389],[128.88735,35.40377],[128.88516,35.40235],[128.88162,35.39968],[128.87991,35.39822],[128.87943,35.3978],[128.87864,35.39704],[128.87877,35.39694],[128.87897,35.39678],[128.87906,35.3967],[128.87913,35.39661],[128.87918,35.39653],[128.87921,35.39644],[128.87956,35.39532],[128.8796,35.395],[128.87969,35.3931],[128.88066,35.38665],[128.88066,35.38656],[128.88066,35.38649],[128.88062,35.38645],[128.88052,35.38644],[128.88034,35.38644],[128.88008,35.3865],[128.87986,35.38653],[128.87965,35.38654],[128.87946,35.38652],[128.87743,35.3861],[128.87735,35.38605],[128.87631,35.38543],[128.87626,35.3854],[128.87622,35.38535],[128.87615,35.38526],[128.87606,35.38507],[128.87595,35.38473],[128.87579,35.3844],[128.8756,35.38403],[128.87522,35.38334],[128.87504,35.38304],[128.87488,35.38281],[128.87459,35.38246],[128.87452,35.38237],[128.87416,35.38197],[128.87374,35.38156],[128.87275,35.3807],[128.87254,35.38052],[128.8723,35.38256],[128.87175,35.38639],[128.87158,35.38759],[128.87137,35.38827],[128.87094,35.38922],[128.87041,35.39013],[128.87003,35.39061],[128.86865,35.39232],[128.8679,35.39309],[128.86744,35.39349],[128.86602,35.39428],[128.86514,35.39466],[128.86464,35.3948],[128.86365,35.395],[128.86279,35.39509],[128.86141,35.39511],[128.86036,35.39503],[128.85953,35.39496],[128.85909,35.39492],[128.85818,35.39475],[128.85656,35.39439],[128.85468,35.39384],[128.85233,35.39299],[128.85198,35.39286],[128.85093,35.39247],[128.85005,35.39212],[128.84814,35.39119],[128.84751,35.39088],[128.84691,35.39054],[128.84685,35.3905],[128.84632,35.39009],[128.84561,35.38951],[128.84503,35.38906],[128.8434,35.38802],[128.84265,35.38755],[128.84196,35.38719],[128.84128,35.38685],[128.83911,35.38587],[128.8364,35.38473],[128.83636,35.38471],[128.8353,35.38427],[128.83385,35.38375],[128.83197,35.38322],[128.8318,35.38317],[128.82858,35.38236],[128.82472,35.38151],[128.82419,35.38141],[128.82276,35.38114],[128.8219,35.38104],[128.8216,35.38104],[128.8188,35.38101],[128.81367,35.38102],[128.81324,35.38221],[128.81291,35.38283],[128.81205,35.3844],[128.81188,35.38463],[128.81173,35.38477],[128.81158,35.38492],[128.81111,35.38531],[128.80897,35.38672],[128.80794,35.38722],[128.80726,35.38754],[128.79802,35.39111],[128.79105,35.39379],[128.79045,35.394],[128.78997,35.39417],[128.78845,35.39514],[128.788,35.39564],[128.78771,35.39621],[128.78755,35.3973],[128.78751,35.39858],[128.78771,35.4],[128.78797,35.40073],[128.78819,35.40111],[128.79029,35.4046],[128.79097,35.40564],[128.79223,35.40756],[128.79337,35.40931],[128.79353,35.4095],[128.79365,35.40965],[128.79427,35.41032],[128.7945,35.41056],[128.79551,35.41162],[128.79564,35.41176],[128.79567,35.4118],[128.79583,35.412],[128.79594,35.41227],[128.79608,35.41295],[128.79629,35.41566],[128.79648,35.41936],[128.79648,35.42152],[128.79651,35.42437],[128.79656,35.42504],[128.79662,35.4258],[128.7967,35.42646],[128.79686,35.42695],[128.79712,35.42737],[128.79725,35.42754],[128.7973,35.42759],[128.79736,35.42767],[128.79752,35.4278],[128.7977,35.42792],[128.79781,35.42836],[128.79789,35.42886],[128.79792,35.42959],[128.79789,35.43016],[128.79781,35.43049],[128.79776,35.43064],[128.79729,35.43158],[128.7965,35.43299],[128.79569,35.43409],[128.79556,35.43426],[128.79446,35.43509],[128.79236,35.4362],[128.78792,35.43877],[128.78181,35.44274],[128.78124,35.44337],[128.78113,35.44349],[128.78092,35.44379],[128.78067,35.44414],[128.77989,35.44549],[128.77935,35.44675],[128.77923,35.44728],[128.77913,35.44776],[128.7792,35.44849],[128.77957,35.44952],[128.78053,35.45106],[128.78156,35.45253],[128.78254,35.4548],[128.78521,35.46123],[128.78567,35.46087],[128.78581,35.4608],[128.7861,35.46067],[128.78836,35.46012],[128.78874,35.46005],[128.79182,35.46003],[128.79209,35.46005],[128.79226,35.46016],[128.79236,35.46024],[128.79285,35.46076],[128.7945,35.46426],[128.79452,35.46438],[128.79449,35.46488],[128.79438,35.46567],[128.79405,35.46695],[128.79378,35.46744],[128.79361,35.46782],[128.7936,35.46798],[128.79484,35.47085],[128.79506,35.47113],[128.79528,35.47137],[128.79581,35.47186],[128.79807,35.47335],[128.79819,35.47342],[128.79827,35.47345],[128.79895,35.47352],[128.79917,35.47353],[128.80122,35.47346],[128.80156,35.47312]]]]}},{"type":"Feature","properties":{"code":"48270253","name":"하남읍","parent":"48270"},"geometry":{"type":"MultiPolygon","coordinates":[[[[128.79462,35.35098],[128.79282,35.34908],[128.79212,35.34842],[128.79147,35.34784],[128.79097,35.34744],[128.79035,35.34702],[128.7898,35.34668],[128.78936,35.34645],[128.78915,35.34634],[128.7889,35.34622],[128.78852,35.34607],[128.78822,35.34596],[128.78782,35.34582],[128.78731,35.34564],[128.78594,35.3452],[128.78523,35.34502],[128.78503,35.34498],[128.78466,35.3449],[128.78433,35.34484],[128.78395,35.34478],[128.78361,35.34476],[128.78332,35.34474],[128.78289,35.34476],[128.78276,35.34477],[128.78227,35.34482],[128.78161,35.34491],[128.78094,35.34502],[128.78009,35.34523],[128.77937,35.3454],[128.77892,35.34553],[128.77817,35.34577],[128.77749,35.34601],[128.7757,35.34664],[128.77476,35.34694],[128.77462,35.34699],[128.77205,35.34779],[128.7715,35.34796],[128.77119,35.34803],[128.77082,35.34808],[128.77044,35.34808],[128.76995,35.34802],[128.76843,35.34784],[128.76703,35.34768],[128.7666,35.34762],[128.7663,35.34758],[128.7658,35.34753],[128.7652,35.34746],[128.7635,35.3474],[128.76218,35.34739],[128.75966,35.34738],[128.75792,35.34739],[128.75754,35.34739],[128.75692,35.3474],[128.75625,35.34742],[128.75583,35.34743],[128.75479,35.34748],[128.75432,35.34751],[128.75398,35.34754],[128.75326,35.3476],[128.75303,35.34763],[128.75241,35.34768],[128.75066,35.34774],[128.74721,35.3478],[128.74615,35.34781],[128.74327,35.34777],[128.74234,35.34775],[128.74093,35.3477],[128.74073,35.34769],[128.73976,35.34765],[128.73959,35.34764],[128.73935,35.34763],[128.73894,35.34763],[128.7385,35.34763],[128.7381,35.34767],[128.73767,35.34771],[128.7372,35.34779],[128.73702,35.34782],[128.73673,35.34787],[128.73643,35.34794],[128.73627,35.34798],[128.73584,35.34809],[128.73541,35.34823],[128.73494,35.34841],[128.73468,35.34855],[128.73448,35.34865],[128.73432,35.34875],[128.73408,35.34891],[128.72722,35.35393],[128.72403,35.35655],[128.72311,35.35742],[128.72277,35.35774],[128.7216,35.3588],[128.72051,35.35977],[128.71894,35.36113],[128.71668,35.36327],[128.71656,35.36338],[128.71638,35.36355],[128.71605,35.36384],[128.71573,35.36411],[128.71563,35.3642],[128.71542,35.36438],[128.7151,35.36464],[128.71447,35.36514],[128.71421,35.36533],[128.71413,35.36539],[128.71206,35.36691],[128.71176,35.36711],[128.71171,35.36714],[128.71136,35.36735],[128.7007,35.37375],[128.70038,35.37394],[128.70017,35.37406],[128.70006,35.37413],[128.69909,35.37466],[128.69877,35.37484],[128.69866,35.37489],[128.69846,35.375],[128.69777,35.37531],[128.69759,35.37539],[128.69744,35.37545],[128.69679,35.37572],[128.69633,35.37588],[128.69649,35.37665],[128.69735,35.38018],[128.69753,35.38091],[128.69757,35.38103],[128.69764,35.38119],[128.69765,35.38123],[128.69883,35.38332],[128.69922,35.38317],[128.70111,35.38248],[128.7025,35.38196],[128.70336,35.38164],[128.70395,35.38141],[128.70433,35.38127],[128.70444,35.38123],[128.70458,35.38118],[128.70465,35.3813],[128.705,35.38196],[128.70529,35.3825],[128.70633,35.38443],[128.70658,35.38487],[128.70667,35.38503],[128.70677,35.38519],[128.70683,35.38524],[128.70691,35.3853],[128.70704,35.38537],[128.70776,35.38569],[128.70879,35.38617],[128.70887,35.38622],[128.70895,35.38628],[128.70907,35.38637],[128.70926,35.38668],[128.71037,35.38842],[128.71063,35.38883],[128.7107,35.38896],[128.71071,35.38901],[128.71033,35.39136],[128.71019,35.39215],[128.71017,35.39223],[128.71007,35.39252],[128.70976,35.39337],[128.70929,35.39467],[128.70898,35.39549],[128.70894,35.39629],[128.71095,35.39682],[128.71348,35.39801],[128.71363,35.3981],[128.71377,35.3982],[128.71385,35.39826],[128.71438,35.3989],[128.71512,35.39983],[128.71578,35.40074],[128.71728,35.40305],[128.71677,35.40376],[128.71652,35.40399],[128.71629,35.4041],[128.71603,35.40424],[128.71585,35.40428],[128.71575,35.40429],[128.71565,35.40431],[128.71531,35.40432],[128.71522,35.40432],[128.71511,35.40432],[128.71502,35.40432],[128.71493,35.40433],[128.71385,35.40455],[128.71378,35.40457],[128.71132,35.40559],[128.71125,35.40562],[128.71118,35.40566],[128.70937,35.40737],[128.70933,35.40743],[128.70929,35.40753],[128.70888,35.40845],[128.70681,35.41096],[128.70655,35.41125],[128.7064,35.4114],[128.70626,35.41149],[128.70608,35.41154],[128.706,35.41156],[128.7059,35.41158],[128.70555,35.41166],[128.70547,35.41166],[128.70534,35.41165],[128.70712,35.41549],[128.70919,35.41715],[128.7095,35.41752],[128.7096,35.41765],[128.70968,35.41777],[128.70988,35.41821],[128.70995,35.41837],[128.71,35.41852],[128.71011,35.4188],[128.71016,35.41895],[128.7102,35.41908],[128.71077,35.42088],[128.71082,35.42106],[128.71084,35.42116],[128.71179,35.42618],[128.71183,35.42647],[128.71184,35.42656],[128.71186,35.4269],[128.71303,35.42667],[128.71322,35.42664],[128.71387,35.42645],[128.71402,35.4264],[128.7142,35.42632],[128.71473,35.42601],[128.7149,35.42589],[128.71507,35.42577],[128.71537,35.42554],[128.71609,35.42508],[128.71629,35.42496],[128.7177,35.42423],[128.71776,35.42421],[128.71788,35.42418],[128.71807,35.42418],[128.71944,35.42403],[128.72587,35.42217],[128.72596,35.42214],[128.72612,35.42208],[128.72663,35.42186],[128.72688,35.42175],[128.7286,35.42074],[128.72889,35.42054],[128.72917,35.42035],[128.72945,35.42015],[128.72965,35.41998],[128.72968,35.41996],[128.72986,35.41979],[128.73172,35.41759],[128.73191,35.41735],[128.73237,35.41673],[128.73254,35.41648],[128.73264,35.41622],[128.73273,35.41596],[128.73283,35.41555],[128.73291,35.41507],[128.73297,35.41459],[128.73303,35.41411],[128.73306,35.41369],[128.73306,35.41356],[128.73306,35.41323],[128.73307,35.41293],[128.73308,35.41283],[128.73309,35.41279],[128.73316,35.41269],[128.73338,35.4125],[128.73388,35.41211],[128.7342,35.41192],[128.73456,35.41177],[128.73519,35.41158],[128.73569,35.41147],[128.73604,35.41149],[128.73644,35.4115],[128.73796,35.41141],[128.73808,35.4114],[128.73835,35.4113],[128.73869,35.41115],[128.73899,35.41099],[128.73924,35.41083],[128.74024,35.41012],[128.74031,35.41007],[128.74036,35.41],[128.7404,35.4099],[128.74048,35.40965],[128.74055,35.40943],[128.74075,35.40878],[128.74081,35.40857],[128.74083,35.4084],[128.74081,35.40815],[128.74078,35.40791],[128.74074,35.40767],[128.74074,35.40752],[128.74075,35.40748],[128.74086,35.40733],[128.74126,35.40682],[128.74142,35.40663],[128.74161,35.40645],[128.74188,35.40628],[128.74217,35.40619],[128.74247,35.40614],[128.74458,35.40601],[128.74491,35.406],[128.74514,35.40603],[128.74527,35.40604],[128.74561,35.40609],[128.74593,35.40615],[128.74624,35.40618],[128.74661,35.40617],[128.74677,35.40612],[128.74686,35.40606],[128.74698,35.40598],[128.74914,35.4042],[128.74965,35.40358],[128.75007,35.40284],[128.75086,35.40145],[128.75096,35.40134],[128.75139,35.40126],[128.75266,35.40132],[128.75424,35.40142],[128.75491,35.40143],[128.75567,35.40135],[128.75617,35.40105],[128.75655,35.40012],[128.75668,35.39977],[128.75688,35.39685],[128.75695,35.39535],[128.75689,35.39115],[128.75676,35.38845],[128.75678,35.38606],[128.75702,35.38595],[128.75835,35.38536],[128.75954,35.38268],[128.75934,35.38262],[128.75911,35.38249],[128.75877,35.38231],[128.75863,35.38223],[128.75822,35.38187],[128.75778,35.38141],[128.75687,35.38042],[128.7567,35.38022],[128.75651,35.37999],[128.75642,35.3798],[128.7564,35.37961],[128.75645,35.37927],[128.75651,35.37908],[128.75665,35.37889],[128.75867,35.37675],[128.75977,35.37644],[128.76757,35.37459],[128.76837,35.37661],[128.7686,35.37723],[128.76862,35.37725],[128.7687,35.37725],[128.77276,35.37619],[128.77329,35.37605],[128.77388,35.37585],[128.7744,35.37564],[128.77463,35.3755],[128.77503,35.3752],[128.77554,35.37475],[128.77608,35.37427],[128.77666,35.37376],[128.77754,35.37298],[128.77822,35.3724],[128.77864,35.37209],[128.77886,35.37195],[128.77914,35.37181],[128.77962,35.37162],[128.7805,35.37129],[128.78116,35.37105],[128.7817,35.37085],[128.78331,35.37032],[128.78403,35.3701],[128.78445,35.37001],[128.7847,35.36999],[128.78496,35.37],[128.78518,35.37001],[128.78533,35.37004],[128.78577,35.37013],[128.78606,35.37019],[128.78618,35.3702],[128.78623,35.37019],[128.78625,35.37014],[128.78626,35.36996],[128.78619,35.36973],[128.78568,35.36849],[128.78471,35.36612],[128.78413,35.36472],[128.78332,35.36276],[128.78335,35.36269],[128.78368,35.36219],[128.78517,35.36203],[128.78607,35.36088],[128.78693,35.35915],[128.78702,35.35884],[128.7875,35.3574],[128.79189,35.35316],[128.79373,35.35168],[128.79462,35.35098]]]]}},{"type":"Feature","properties":{"code":"48270310","name":"부북면","parent":"48270"},"geometry":{"type":"MultiPolygon","coordinates":[[[[128.71521,35.57825],[128.71634,35.57631],[128.71636,35.57619],[128.71632,35.57591],[128.71625,35.57553],[128.71585,35.57337],[128.71591,35.57001],[128.71657,35.56714],[128.71677,35.5663],[128.7168,35.56622],[128.71693,35.56611],[128.7185,35.56486],[128.71878,35.56467],[128.71901,35.56456],[128.71978,35.56431],[128.7204,35.5642],[128.72081,35.56409],[128.72125,35.56395],[128.72276,35.56319],[128.72295,35.56301],[128.72312,35.56279],[128.7232,35.56254],[128.72317,35.56229],[128.72293,35.56175],[128.72282,35.56149],[128.72276,35.56139],[128.72274,35.56121],[128.72273,35.56102],[128.72276,35.5608],[128.72326,35.55994],[128.72336,35.55979],[128.72427,35.55892],[128.72478,35.55846],[128.72577,35.55757],[128.72813,35.55552],[128.72827,35.55543],[128.7284,35.55538],[128.72856,35.55534],[128.72883,35.55533],[128.72924,35.55539],[128.73013,35.5554],[128.73059,35.55539],[128.73088,35.5553],[128.73645,35.55347],[128.7366,35.55342],[128.7374,35.55292],[128.73764,35.55212],[128.73797,35.55124],[128.73823,35.55078],[128.7384,35.55056],[128.73871,35.55021],[128.73889,35.55008],[128.73971,35.54965],[128.74049,35.549],[128.74057,35.54886],[128.74083,35.5482],[128.74085,35.54812],[128.7408,35.5477],[128.74079,35.54765],[128.74062,35.54537],[128.74041,35.54124],[128.74086,35.53957],[128.74233,35.53681],[128.74247,35.53658],[128.74261,35.53644],[128.74433,35.535],[128.74504,35.53442],[128.7456,35.53402],[128.74623,35.53365],[128.74646,35.53348],[128.74821,35.53091],[128.74825,35.53084],[128.74825,35.53074],[128.74825,35.53053],[128.74819,35.53014],[128.74814,35.52975],[128.74794,35.52869],[128.74788,35.52841],[128.74793,35.52694],[128.74799,35.52587],[128.74801,35.52575],[128.74978,35.52135],[128.7499,35.52118],[128.75009,35.52099],[128.75029,35.52082],[128.75127,35.52002],[128.75168,35.51969],[128.75068,35.5189],[128.75058,35.51877],[128.75048,35.51863],[128.75039,35.5183],[128.75018,35.51745],[128.75016,35.51728],[128.75036,35.51539],[128.75043,35.51501],[128.75057,35.5144],[128.7507,35.5141],[128.75079,35.51397],[128.75137,35.51326],[128.75152,35.51315],[128.75174,35.51301],[128.75183,35.51295],[128.75203,35.51273],[128.75224,35.51245],[128.75234,35.51225],[128.75235,35.51218],[128.75231,35.51209],[128.75214,35.51177],[128.75157,35.5109],[128.75145,35.51074],[128.75125,35.51053],[128.74832,35.50836],[128.74764,35.50807],[128.74742,35.50798],[128.74718,35.50792],[128.74699,35.50793],[128.7466,35.50796],[128.74648,35.508],[128.7464,35.50803],[128.74631,35.50805],[128.74611,35.5079],[128.74506,35.50694],[128.7446,35.5061],[128.74414,35.50525],[128.74376,35.50692],[128.74083,35.50848],[128.7389,35.50913],[128.73619,35.51027],[128.7361,35.51033],[128.73423,35.51206],[128.73391,35.51226],[128.73364,35.51241],[128.73262,35.51219],[128.7325,35.51212],[128.72934,35.51007],[128.7292,35.50994],[128.72912,35.50984],[128.72897,35.50955],[128.72938,35.50911],[128.72978,35.50869],[128.73028,35.50815],[128.73061,35.50742],[128.7308,35.50698],[128.73091,35.50666],[128.73101,35.50608],[128.73114,35.5051],[128.73131,35.50449],[128.73149,35.50413],[128.73161,35.50394],[128.73173,35.50377],[128.73281,35.50248],[128.73295,35.50233],[128.7331,35.50226],[128.73324,35.50218],[128.73343,35.50209],[128.73368,35.50199],[128.73392,35.50192],[128.734,35.50189],[128.7341,35.50184],[128.73427,35.50171],[128.73445,35.50158],[128.73466,35.50141],[128.73476,35.50132],[128.73481,35.50127],[128.73621,35.4996],[128.73643,35.49934],[128.73653,35.49922],[128.73671,35.499],[128.73712,35.49838],[128.73716,35.4983],[128.73764,35.49727],[128.73796,35.49591],[128.73798,35.49567],[128.738,35.49553],[128.73797,35.49516],[128.73793,35.49487],[128.73764,35.49394],[128.73746,35.49354],[128.73711,35.49307],[128.73692,35.4928],[128.73671,35.49243],[128.73643,35.49193],[128.73642,35.49177],[128.73647,35.4916],[128.7367,35.49111],[128.73991,35.48544],[128.74009,35.48517],[128.74032,35.48488],[128.74044,35.48475],[128.74055,35.48464],[128.74078,35.48445],[128.74103,35.48426],[128.74058,35.48183],[128.74054,35.48103],[128.74054,35.48098],[128.74058,35.48064],[128.74065,35.48032],[128.74073,35.48003],[128.74083,35.47982],[128.74121,35.47944],[128.74152,35.47915],[128.74242,35.47833],[128.74274,35.47808],[128.74318,35.47781],[128.74363,35.47761],[128.74445,35.4773],[128.74463,35.47725],[128.74505,35.47714],[128.74558,35.47706],[128.74575,35.47705],[128.74595,35.47703],[128.74868,35.47686],[128.75047,35.47676],[128.75097,35.47674],[128.75276,35.47668],[128.7531,35.47662],[128.75368,35.47646],[128.75398,35.47635],[128.75467,35.47608],[128.75493,35.47596],[128.75635,35.47421],[128.75668,35.47406],[128.75701,35.47391],[128.75727,35.47381],[128.7575,35.47372],[128.75787,35.47357],[128.75762,35.47346],[128.75672,35.47318],[128.75634,35.47307],[128.75546,35.47289],[128.75506,35.47286],[128.75366,35.47277],[128.75338,35.47276],[128.75304,35.47274],[128.75166,35.47105],[128.75127,35.4688],[128.74937,35.46647],[128.74649,35.46361],[128.74633,35.46346],[128.74443,35.46242],[128.74203,35.45905],[128.742,35.45902],[128.74198,35.459],[128.74065,35.45785],[128.73558,35.45465],[128.73152,35.45223],[128.72757,35.45012],[128.72705,35.44991],[128.72605,35.44953],[128.7231,35.4485],[128.72244,35.44851],[128.72257,35.44865],[128.72282,35.44894],[128.7229,35.44904],[128.72394,35.45061],[128.72415,35.45097],[128.72417,35.45106],[128.72419,35.45123],[128.72419,35.45131],[128.72416,35.45151],[128.7241,35.45173],[128.7234,35.45357],[128.72324,35.45387],[128.7231,35.45412],[128.72294,35.45438],[128.72277,35.45463],[128.72189,35.45561],[128.72132,35.45624],[128.71917,35.45809],[128.71907,35.45816],[128.71894,35.45824],[128.71884,35.45827],[128.71871,35.4583],[128.71811,35.45846],[128.71748,35.45864],[128.71644,35.459],[128.71624,35.45908],[128.71582,35.45924],[128.71578,35.45927],[128.71568,35.45936],[128.71503,35.4601],[128.71448,35.46072],[128.71378,35.46135],[128.71357,35.4615],[128.71335,35.46164],[128.71313,35.46177],[128.71133,35.46284],[128.712,35.46433],[128.71199,35.46528],[128.71199,35.46537],[128.712,35.46546],[128.71204,35.46554],[128.71334,35.46845],[128.71419,35.46955],[128.71536,35.47113],[128.7164,35.47285],[128.71642,35.47293],[128.71684,35.47679],[128.71685,35.47685],[128.71684,35.47688],[128.71682,35.47691],[128.71436,35.47976],[128.71327,35.48312],[128.71258,35.48573],[128.71214,35.48752],[128.71159,35.49054],[128.71055,35.49157],[128.71015,35.4919],[128.70917,35.49289],[128.70914,35.49293],[128.70911,35.49297],[128.709,35.49309],[128.70892,35.49321],[128.70886,35.49334],[128.70883,35.49343],[128.70834,35.49523],[128.70824,35.49665],[128.70825,35.49675],[128.70824,35.4968],[128.70822,35.49689],[128.7082,35.49695],[128.70818,35.497],[128.70809,35.49719],[128.70804,35.49732],[128.70797,35.49744],[128.70792,35.49753],[128.70787,35.4976],[128.7071,35.49857],[128.70707,35.49861],[128.707,35.49866],[128.70684,35.49871],[128.7066,35.49876],[128.70624,35.49882],[128.70614,35.49884],[128.70603,35.49885],[128.70597,35.49886],[128.70589,35.49887],[128.7057,35.49887],[128.70477,35.49883],[128.70369,35.49882],[128.7036,35.49883],[128.70352,35.49883],[128.70342,35.49885],[128.70313,35.49891],[128.70292,35.49896],[128.70263,35.49905],[128.70215,35.4992],[128.70171,35.49936],[128.7015,35.49944],[128.699,35.50074],[128.69818,35.50123],[128.69777,35.50149],[128.69696,35.50206],[128.69622,35.5026],[128.69614,35.50271],[128.69594,35.50304],[128.69465,35.50575],[128.69342,35.50902],[128.6957,35.51079],[128.69655,35.51127],[128.69705,35.51144],[128.69752,35.5115],[128.69777,35.51152],[128.69796,35.51156],[128.69812,35.5116],[128.69824,35.51163],[128.69839,35.51167],[128.69851,35.51173],[128.69858,35.51177],[128.69871,35.51194],[128.69903,35.51262],[128.69914,35.51304],[128.69923,35.51443],[128.69918,35.51545],[128.69916,35.51631],[128.6992,35.51654],[128.69931,35.51668],[128.69939,35.5168],[128.69993,35.51748],[128.70002,35.51757],[128.70007,35.51764],[128.7005,35.51786],[128.7009,35.51802],[128.70114,35.51811],[128.70113,35.51819],[128.69994,35.52047],[128.69986,35.52057],[128.69973,35.52066],[128.69568,35.5227],[128.69433,35.5229],[128.69363,35.52286],[128.69347,35.52281],[128.69336,35.52261],[128.69334,35.52202],[128.69327,35.52145],[128.69314,35.52106],[128.6929,35.52035],[128.69274,35.52008],[128.69144,35.51823],[128.69126,35.51807],[128.68918,35.51721],[128.68898,35.51715],[128.68849,35.51785],[128.68726,35.51921],[128.686,35.52038],[128.68591,35.52044],[128.68566,35.52061],[128.68516,35.52086],[128.68384,35.52129],[128.67987,35.52241],[128.67879,35.52257],[128.67815,35.5226],[128.67795,35.52261],[128.67774,35.52262],[128.67661,35.52299],[128.67622,35.52344],[128.6761,35.52361],[128.67596,35.52381],[128.67589,35.52408],[128.67589,35.52444],[128.67673,35.52723],[128.67752,35.52987],[128.67778,35.53113],[128.67775,35.53121],[128.6777,35.53134],[128.67751,35.5318],[128.67751,35.53186],[128.67756,35.53192],[128.67761,35.53197],[128.67785,35.53218],[128.67854,35.53262],[128.67862,35.53265],[128.67869,35.53268],[128.67996,35.53311],[128.68019,35.53318],[128.68045,35.53323],[128.68146,35.53332],[128.68197,35.53334],[128.68204,35.53337],[128.6821,35.53342],[128.68214,35.53345],[128.68218,35.53351],[128.68285,35.53556],[128.68292,35.53589],[128.68293,35.53616],[128.68287,35.53629],[128.68245,35.5369],[128.68148,35.53817],[128.67891,35.5414],[128.67762,35.54273],[128.67651,35.54366],[128.67628,35.54432],[128.67624,35.54566],[128.67628,35.54596],[128.67646,35.54633],[128.67655,35.54655],[128.67661,35.54685],[128.67658,35.54699],[128.67649,35.54723],[128.67632,35.54751],[128.67487,35.54917],[128.67367,35.55039],[128.67365,35.55042],[128.67363,35.55044],[128.67365,35.55065],[128.67368,35.55107],[128.6736,35.55355],[128.67502,35.55702],[128.67512,35.55734],[128.67515,35.55771],[128.67544,35.56239],[128.67555,35.5643],[128.67552,35.56461],[128.67515,35.56592],[128.6749,35.5678],[128.67573,35.56998],[128.67593,35.57032],[128.67616,35.57047],[128.6771,35.5708],[128.679,35.57133],[128.67934,35.57135],[128.67967,35.57131],[128.68246,35.57065],[128.68268,35.57053],[128.68294,35.57023],[128.68319,35.56989],[128.68382,35.56932],[128.6841,35.56916],[128.6844,35.56912],[128.68462,35.56917],[128.68483,35.56926],[128.68589,35.5697],[128.68673,35.5701],[128.68813,35.57083],[128.68825,35.57092],[128.68838,35.57105],[128.68849,35.57124],[128.69034,35.57379],[128.69196,35.57599],[128.69228,35.57641],[128.69249,35.57666],[128.69279,35.57683],[128.69395,35.57738],[128.69574,35.57836],[128.69597,35.57851],[128.69625,35.57883],[128.69654,35.57942],[128.69666,35.57977],[128.69685,35.58034],[128.69741,35.58212],[128.70327,35.57853],[128.70798,35.57884],[128.71182,35.57941],[128.7122,35.5795],[128.71245,35.57955],[128.7127,35.57951],[128.71396,35.57915],[128.71434,35.57897],[128.71521,35.57825]]]]}},{"type":"Feature","properties":{"code":"48270320","name":"상동면","parent":"48270"},"geometry":{"type":"MultiPolygon","coordinates":[[[[128.84301,35.58908],[128.84339,35.58736],[128.84408,35.58503],[128.8441,35.58499],[128.84545,35.5818],[128.84612,35.58014],[128.84615,35.57996],[128.84635,35.57844],[128.84637,35.5783],[128.84645,35.57679],[128.84631,35.57543],[128.84626,35.57533],[128.8447,35.57212],[128.84392,35.57094],[128.84382,35.57079],[128.84262,35.56929],[128.84252,35.56916],[128.84231,35.569],[128.84212,35.56887],[128.84206,35.56879],[128.84196,35.56862],[128.84187,35.56839],[128.84177,35.56802],[128.8417,35.56762],[128.84168,35.56748],[128.84179,35.56709],[128.84253,35.56462],[128.8427,35.56412],[128.84288,35.56364],[128.84307,35.56314],[128.84319,35.56274],[128.84321,35.5625],[128.84313,35.56116],[128.84309,35.56056],[128.84304,35.56007],[128.84299,35.55977],[128.84238,35.5574],[128.84173,35.55552],[128.84143,35.55473],[128.84116,35.55381],[128.84115,35.55372],[128.84178,35.55199],[128.8419,35.5517],[128.83893,35.55148],[128.83878,35.55141],[128.83722,35.55035],[128.83463,35.54913],[128.83261,35.5484],[128.83131,35.54797],[128.83019,35.54748],[128.8296,35.54721],[128.82937,35.54709],[128.82919,35.54698],[128.82908,35.54688],[128.82896,35.54673],[128.82876,35.54636],[128.8286,35.54615],[128.8284,35.54594],[128.82773,35.54528],[128.82762,35.54519],[128.82745,35.54506],[128.82714,35.54486],[128.82689,35.54472],[128.82676,35.54466],[128.82628,35.54447],[128.82612,35.54444],[128.8258,35.5444],[128.82565,35.54438],[128.82548,35.54437],[128.82531,35.54436],[128.82467,35.54434],[128.8246,35.54435],[128.82453,35.54439],[128.82248,35.54616],[128.82134,35.54729],[128.82126,35.54741],[128.82106,35.54757],[128.82076,35.54779],[128.82061,35.54787],[128.81783,35.54906],[128.81772,35.5491],[128.81701,35.54926],[128.81598,35.54942],[128.81103,35.55001],[128.80742,35.55028],[128.80722,35.55029],[128.80695,35.55029],[128.80675,35.55025],[128.80641,35.55007],[128.80527,35.54946],[128.80351,35.54842],[128.80126,35.54697],[128.80124,35.54692],[128.80112,35.54647],[128.80108,35.54627],[128.80107,35.5447],[128.80021,35.54181],[128.79861,35.539],[128.79836,35.53866],[128.79809,35.53832],[128.79805,35.53827],[128.79791,35.5381],[128.79776,35.53796],[128.79694,35.53734],[128.79661,35.5372],[128.79628,35.5371],[128.79594,35.53696],[128.79567,35.53682],[128.79544,35.53661],[128.79525,35.5364],[128.79512,35.53623],[128.79119,35.53011],[128.79075,35.52937],[128.79069,35.52922],[128.7906,35.52895],[128.79034,35.52804],[128.79039,35.52771],[128.79038,35.52759],[128.79007,35.52667],[128.79,35.52651],[128.78868,35.52365],[128.7884,35.52311],[128.78825,35.52286],[128.78458,35.51803],[128.78426,35.51797],[128.78386,35.51795],[128.78365,35.51795],[128.78346,35.51796],[128.78283,35.5181],[128.78251,35.51818],[128.78092,35.51859],[128.77919,35.51906],[128.77841,35.51941],[128.7783,35.51943],[128.77818,35.51943],[128.77588,35.51934],[128.77561,35.51932],[128.77466,35.51924],[128.77418,35.51917],[128.77283,35.51697],[128.77259,35.51703],[128.77153,35.51757],[128.77048,35.51819],[128.76985,35.51861],[128.76899,35.51934],[128.76829,35.51985],[128.76809,35.51996],[128.76791,35.52002],[128.76783,35.52003],[128.76754,35.52007],[128.76711,35.52006],[128.76701,35.52002],[128.76698,35.51996],[128.76683,35.51826],[128.76684,35.51815],[128.76671,35.51426],[128.75859,35.51743],[128.7585,35.5175],[128.75793,35.51812],[128.75733,35.51869],[128.75709,35.51888],[128.75691,35.51895],[128.7567,35.519],[128.7563,35.51898],[128.75508,35.51886],[128.7544,35.51868],[128.75365,35.51849],[128.75345,35.51844],[128.75325,35.51844],[128.75311,35.51847],[128.75296,35.51853],[128.75283,35.51862],[128.75168,35.51969],[128.75127,35.52002],[128.75029,35.52082],[128.75009,35.52099],[128.7499,35.52118],[128.74978,35.52135],[128.74801,35.52575],[128.74799,35.52587],[128.74793,35.52694],[128.74788,35.52841],[128.74794,35.52869],[128.74814,35.52975],[128.74819,35.53014],[128.74825,35.53053],[128.74825,35.53074],[128.74825,35.53084],[128.74821,35.53091],[128.74646,35.53348],[128.74623,35.53365],[128.7456,35.53402],[128.74504,35.53442],[128.74433,35.535],[128.74261,35.53644],[128.74247,35.53658],[128.74233,35.53681],[128.74086,35.53957],[128.74041,35.54124],[128.74062,35.54537],[128.74079,35.54765],[128.7408,35.5477],[128.74085,35.54812],[128.74083,35.5482],[128.74057,35.54886],[128.74049,35.549],[128.73971,35.54965],[128.73889,35.55008],[128.73871,35.55021],[128.7384,35.55056],[128.73823,35.55078],[128.73797,35.55124],[128.73764,35.55212],[128.7374,35.55292],[128.7366,35.55342],[128.73645,35.55347],[128.73088,35.5553],[128.73059,35.55539],[128.73013,35.5554],[128.72924,35.55539],[128.72883,35.55533],[128.72856,35.55534],[128.7284,35.55538],[128.72827,35.55543],[128.72813,35.55552],[128.72577,35.55757],[128.72478,35.55846],[128.72427,35.55892],[128.72336,35.55979],[128.72326,35.55994],[128.72276,35.5608],[128.72273,35.56102],[128.72274,35.56121],[128.72276,35.56139],[128.72282,35.56149],[128.72293,35.56175],[128.72317,35.56229],[128.7232,35.56254],[128.72312,35.56279],[128.72295,35.56301],[128.72276,35.56319],[128.72125,35.56395],[128.72081,35.56409],[128.7204,35.5642],[128.71978,35.56431],[128.71901,35.56456],[128.71878,35.56467],[128.7185,35.56486],[128.71693,35.56611],[128.7168,35.56622],[128.71677,35.5663],[128.71657,35.56714],[128.71591,35.57001],[128.71585,35.57337],[128.71625,35.57553],[128.71632,35.57591],[128.71636,35.57619],[128.71634,35.57631],[128.71521,35.57825],[128.71546,35.57823],[128.71627,35.57832],[128.71655,35.57837],[128.71906,35.57968],[128.72028,35.58048],[128.72044,35.58057],[128.72073,35.58066],[128.7221,35.58087],[128.7226,35.58093],[128.72311,35.58099],[128.72357,35.58103],[128.72405,35.58097],[128.72464,35.58086],[128.72489,35.58076],[128.72511,35.58057],[128.72536,35.58027],[128.72549,35.58007],[128.72562,35.57971],[128.72566,35.57951],[128.72576,35.57942],[128.7271,35.57835],[128.72744,35.57814],[128.72761,35.57803],[128.73108,35.57621],[128.7327,35.57624],[128.73337,35.57637],[128.73426,35.5765],[128.73547,35.5766],[128.73588,35.57662],[128.73621,35.57657],[128.7378,35.57608],[128.74462,35.57332],[128.74628,35.57259],[128.74645,35.57251],[128.74663,35.57236],[128.74679,35.5722],[128.74697,35.57195],[128.74711,35.57173],[128.7473,35.57154],[128.74812,35.57095],[128.74834,35.57081],[128.74896,35.57057],[128.74924,35.57048],[128.7498,35.57032],[128.75015,35.57023],[128.75033,35.57021],[128.75049,35.57024],[128.75084,35.57031],[128.75187,35.5704],[128.75368,35.57027],[128.75386,35.57023],[128.75394,35.57018],[128.75506,35.56909],[128.75584,35.56827],[128.75593,35.56819],[128.75627,35.56802],[128.75743,35.56767],[128.7576,35.56765],[128.76062,35.56793],[128.76128,35.56825],[128.76386,35.56901],[128.76497,35.56867],[128.76635,35.56824],[128.7667,35.5687],[128.76809,35.57051],[128.76887,35.57045],[128.76904,35.57043],[128.76912,35.5704],[128.76925,35.57035],[128.76943,35.57027],[128.77052,35.56969],[128.77063,35.56963],[128.77082,35.56952],[128.77102,35.5694],[128.77153,35.56911],[128.77206,35.5688],[128.77606,35.56847],[128.78224,35.56669],[128.78269,35.56654],[128.78346,35.56632],[128.78462,35.56598],[128.78499,35.56589],[128.78564,35.56584],[128.78631,35.56594],[128.78675,35.56609],[128.78759,35.56667],[128.79547,35.57296],[128.79613,35.57353],[128.79669,35.57423],[128.79691,35.57453],[128.79726,35.57507],[128.79753,35.57553],[128.79761,35.57576],[128.79769,35.57612],[128.79834,35.579],[128.79861,35.58064],[128.79862,35.58108],[128.79867,35.58138],[128.7999,35.58446],[128.8,35.58469],[128.80015,35.58492],[128.80047,35.5854],[128.8006,35.5868],[128.80072,35.58763],[128.80119,35.5882],[128.80151,35.58832],[128.80216,35.58845],[128.80307,35.58853],[128.80391,35.58856],[128.80455,35.58859],[128.80522,35.58851],[128.80582,35.58839],[128.80632,35.58824],[128.80756,35.58849],[128.81099,35.58934],[128.81161,35.58953],[128.81225,35.58979],[128.81379,35.59057],[128.81407,35.59072],[128.81438,35.59094],[128.81472,35.59133],[128.81493,35.5915],[128.81496,35.59152],[128.81507,35.59159],[128.81764,35.59259],[128.81937,35.59303],[128.81984,35.59309],[128.82026,35.59318],[128.82057,35.59327],[128.82126,35.59354],[128.82135,35.59359],[128.82153,35.59389],[128.8217,35.59423],[128.82187,35.59461],[128.82199,35.5949],[128.82229,35.59544],[128.82242,35.5956],[128.8225,35.59567],[128.82321,35.59618],[128.8234,35.59628],[128.82357,35.59632],[128.82619,35.5967],[128.83347,35.59739],[128.83367,35.59739],[128.83379,35.59739],[128.83424,35.59721],[128.83455,35.59705],[128.8358,35.59564],[128.84153,35.59045],[128.84301,35.58908]]]]}},{"type":"Feature","properties":{"code":"48270330","name":"산외면","parent":"48270"},"geometry":{"type":"MultiPolygon","coordinates":[[[[128.87197,35.54471],[128.8721,35.54458],[128.87226,35.54417],[128.87242,35.54355],[128.87243,35.54321],[128.87242,35.54279],[128.87239,35.54267],[128.87225,35.54248],[128.87162,35.54185],[128.87117,35.54144],[128.87092,35.54128],[128.87075,35.54119],[128.87053,35.54111],[128.86842,35.54001],[128.86552,35.53837],[128.86535,35.53827],[128.86522,35.53811],[128.86465,35.53737],[128.86459,35.53729],[128.86457,35.53721],[128.86457,35.53709],[128.86477,35.53682],[128.86491,35.53655],[128.86528,35.5353],[128.8653,35.53502],[128.86528,35.53488],[128.86413,35.53266],[128.86313,35.53113],[128.86264,35.53012],[128.86209,35.52892],[128.8621,35.52867],[128.86205,35.52769],[128.86199,35.52662],[128.86195,35.52651],[128.86141,35.52536],[128.86127,35.5252],[128.861,35.52491],[128.85969,35.52379],[128.85893,35.52316],[128.85863,35.52293],[128.8538,35.52003],[128.85306,35.52028],[128.85287,35.52033],[128.85272,35.52033],[128.85261,35.52031],[128.85256,35.52029],[128.8507,35.51951],[128.85036,35.51936],[128.85001,35.51921],[128.84939,35.51894],[128.84913,35.5188],[128.84863,35.51848],[128.84832,35.51825],[128.84816,35.51812],[128.84792,35.51791],[128.84742,35.51745],[128.8472,35.51725],[128.84702,35.51699],[128.8468,35.51651],[128.84671,35.51619],[128.84657,35.51564],[128.84648,35.51489],[128.8464,35.51395],[128.84637,35.51375],[128.84626,35.51346],[128.84527,35.51148],[128.84509,35.51128],[128.84482,35.51109],[128.84381,35.51056],[128.84346,35.51042],[128.84305,35.5103],[128.84155,35.50967],[128.83834,35.5082],[128.83784,35.50797],[128.83499,35.50623],[128.83455,35.5059],[128.83393,35.50543],[128.83188,35.50386],[128.8274,35.50122],[128.82677,35.50087],[128.82597,35.50037],[128.82559,35.50009],[128.82482,35.49933],[128.82454,35.49901],[128.82421,35.4986],[128.82386,35.49808],[128.8214,35.49416],[128.82044,35.49263],[128.82023,35.49218],[128.82003,35.4918],[128.81973,35.49147],[128.81945,35.49124],[128.81924,35.49108],[128.81901,35.49094],[128.81877,35.49083],[128.8172,35.49009],[128.81638,35.48979],[128.81587,35.48963],[128.81545,35.48954],[128.81526,35.4895],[128.81507,35.48947],[128.813,35.48923],[128.81278,35.48923],[128.8126,35.48923],[128.81209,35.48925],[128.81149,35.48929],[128.81075,35.48935],[128.81055,35.48938],[128.80813,35.48987],[128.8068,35.49016],[128.80539,35.49057],[128.80497,35.49069],[128.80193,35.49166],[128.80154,35.49178],[128.80116,35.4919],[128.80067,35.49214],[128.80034,35.49238],[128.80012,35.49261],[128.79984,35.49298],[128.79845,35.494],[128.79648,35.49452],[128.79239,35.49584],[128.79201,35.49596],[128.7918,35.49603],[128.79123,35.49628],[128.79104,35.49638],[128.79072,35.49654],[128.79046,35.49669],[128.79017,35.49687],[128.78566,35.49963],[128.78473,35.50033],[128.78495,35.5017],[128.78503,35.50221],[128.78505,35.50265],[128.78503,35.50304],[128.78494,35.50329],[128.78484,35.50349],[128.7846,35.50383],[128.78397,35.50451],[128.78384,35.50461],[128.78108,35.50638],[128.78077,35.50658],[128.77808,35.508],[128.77642,35.5088],[128.77544,35.50917],[128.77518,35.50927],[128.77491,35.5094],[128.77472,35.50955],[128.77456,35.50972],[128.77416,35.51014],[128.77294,35.51153],[128.77276,35.5118],[128.77265,35.512],[128.77261,35.51221],[128.77265,35.51247],[128.77269,35.51275],[128.77276,35.51299],[128.77293,35.5135],[128.77283,35.51697],[128.77418,35.51917],[128.77466,35.51924],[128.77561,35.51932],[128.77588,35.51934],[128.77818,35.51943],[128.7783,35.51943],[128.77841,35.51941],[128.77919,35.51906],[128.78092,35.51859],[128.78251,35.51818],[128.78283,35.5181],[128.78346,35.51796],[128.78365,35.51795],[128.78386,35.51795],[128.78426,35.51797],[128.78458,35.51803],[128.78825,35.52286],[128.7884,35.52311],[128.78868,35.52365],[128.79,35.52651],[128.79007,35.52667],[128.79038,35.52759],[128.79039,35.52771],[128.79034,35.52804],[128.7906,35.52895],[128.79069,35.52922],[128.79075,35.52937],[128.79119,35.53011],[128.79512,35.53623],[128.79525,35.5364],[128.79544,35.53661],[128.79567,35.53682],[128.79594,35.53696],[128.79628,35.5371],[128.79661,35.5372],[128.79694,35.53734],[128.79776,35.53796],[128.79791,35.5381],[128.79805,35.53827],[128.79809,35.53832],[128.79836,35.53866],[128.79861,35.539],[128.80021,35.54181],[128.80107,35.5447],[128.80108,35.54627],[128.80112,35.54647],[128.80124,35.54692],[128.80126,35.54697],[128.80351,35.54842],[128.80527,35.54946],[128.80641,35.55007],[128.80675,35.55025],[128.80695,35.55029],[128.80722,35.55029],[128.80742,35.55028],[128.81103,35.55001],[128.81598,35.54942],[128.81701,35.54926],[128.81772,35.5491],[128.81783,35.54906],[128.82061,35.54787],[128.82076,35.54779],[128.82106,35.54757],[128.82126,35.54741],[128.82134,35.54729],[128.82248,35.54616],[128.82453,35.54439],[128.8246,35.54435],[128.82467,35.54434],[128.82531,35.54436],[128.82548,35.54437],[128.82565,35.54438],[128.8258,35.5444],[128.82612,35.54444],[128.82628,35.54447],[128.82676,35.54466],[128.82689,35.54472],[128.82714,35.54486],[128.82745,35.54506],[128.82762,35.54519],[128.82773,35.54528],[128.8284,35.54594],[128.8286,35.54615],[128.82876,35.54636],[128.82896,35.54673],[128.82908,35.54688],[128.82919,35.54698],[128.82937,35.54709],[128.8296,35.54721],[128.83019,35.54748],[128.83131,35.54797],[128.83261,35.5484],[128.83463,35.54913],[128.83722,35.55035],[128.83878,35.55141],[128.83893,35.55148],[128.8419,35.5517],[128.84214,35.55147],[128.84284,35.55076],[128.84306,35.55065],[128.84331,35.55054],[128.84361,35.55043],[128.8446,35.55007],[128.84474,35.55003],[128.845,35.54995],[128.84584,35.54978],[128.84612,35.54973],[128.84642,35.54968],[128.84879,35.54919],[128.85073,35.54876],[128.85089,35.5487],[128.85259,35.54788],[128.85309,35.54761],[128.8534,35.54739],[128.8537,35.54715],[128.85413,35.54674],[128.85859,35.54701],[128.85891,35.54705],[128.85926,35.54705],[128.85967,35.54701],[128.86165,35.54674],[128.86625,35.5459],[128.86814,35.54523],[128.86828,35.54515],[128.86917,35.5448],[128.87077,35.54436],[128.87092,35.54435],[128.87121,35.5444],[128.87171,35.54458],[128.87197,35.54471]]]]}},{"type":"Feature","properties":{"code":"48270340","name":"산내면","parent":"48270"},"geometry":{"type":"MultiPolygon","coordinates":[[[[128.94095,35.63307],[128.94102,35.63299],[128.94118,35.63281],[128.9413,35.63271],[128.94158,35.63255],[128.94217,35.63226],[128.94382,35.63157],[128.94729,35.62974],[128.94907,35.62868],[128.94973,35.62761],[128.95116,35.6259],[128.95355,35.62344],[128.95515,35.62219],[128.95527,35.62211],[128.95562,35.62194],[128.95582,35.62184],[128.95602,35.62175],[128.95611,35.62173],[128.95622,35.62174],[128.95639,35.62177],[128.95675,35.6218],[128.95696,35.62179],[128.95706,35.62174],[128.9586,35.62079],[128.95916,35.62037],[128.96025,35.61933],[128.96029,35.61928],[128.96053,35.61846],[128.96056,35.61831],[128.96055,35.61817],[128.96048,35.61719],[128.96044,35.61692],[128.96039,35.61679],[128.96018,35.61651],[128.96005,35.61639],[128.95998,35.61633],[128.95978,35.61602],[128.95971,35.61574],[128.95971,35.61556],[128.95978,35.61545],[128.95988,35.61535],[128.96002,35.61527],[128.9623,35.6144],[128.96241,35.61437],[128.96251,35.61435],[128.96722,35.61397],[128.96935,35.61401],[128.96958,35.61404],[128.97035,35.6142],[128.9705,35.61426],[128.97064,35.61434],[128.9707,35.61436],[128.97079,35.61434],[128.97166,35.61404],[128.97209,35.61384],[128.9748,35.61215],[128.9773,35.61038],[128.97785,35.60996],[128.97802,35.60981],[128.97842,35.60924],[128.97856,35.60902],[128.9788,35.60866],[128.97895,35.60842],[128.97912,35.60831],[128.98176,35.60757],[128.98192,35.60757],[128.98565,35.60786],[128.98592,35.60792],[128.98613,35.60799],[128.98655,35.60841],[128.98852,35.6101],[128.99011,35.61141],[128.99031,35.61155],[128.99066,35.61173],[128.99113,35.61184],[128.99172,35.61202],[128.99203,35.61213],[128.9928,35.61247],[128.99574,35.61417],[128.99966,35.61661],[129.00137,35.6178],[129.00246,35.61882],[129.00335,35.62014],[129.00415,35.61959],[129.0047,35.61921],[129.00622,35.61796],[129.00628,35.61791],[129.00694,35.61687],[129.00705,35.61667],[129.00709,35.61642],[129.00714,35.61632],[129.00718,35.61623],[129.00742,35.61596],[129.00747,35.61592],[129.00752,35.61589],[129.00829,35.61575],[129.01224,35.61552],[129.01241,35.61551],[129.0126,35.61553],[129.01294,35.61566],[129.01326,35.61581],[129.0135,35.61593],[129.01391,35.61613],[129.01406,35.61619],[129.01437,35.61629],[129.01498,35.61645],[129.01517,35.61649],[129.01541,35.61651],[129.01554,35.6165],[129.01798,35.61604],[129.01938,35.61562],[129.01962,35.61554],[129.02082,35.61506],[129.02097,35.615],[129.02115,35.61489],[129.0213,35.61475],[129.02184,35.614],[129.02186,35.61392],[129.02317,35.60656],[129.02346,35.60354],[129.02349,35.60344],[129.02359,35.60337],[129.02376,35.60328],[129.02491,35.60271],[129.0253,35.60253],[129.02557,35.60239],[129.02568,35.60228],[129.02576,35.6021],[129.02581,35.60191],[129.02601,35.60081],[129.02603,35.60069],[129.0258,35.59979],[129.02566,35.59936],[129.02507,35.59812],[129.02442,35.59672],[129.02438,35.59659],[129.02365,35.59331],[129.0236,35.59306],[129.02356,35.59284],[129.02357,35.59269],[129.02366,35.59243],[129.02366,35.59237],[129.02364,35.59211],[129.02359,35.59171],[129.02324,35.59091],[129.02318,35.59077],[129.023,35.59052],[129.02267,35.59011],[129.02254,35.58997],[129.02116,35.58874],[129.02018,35.58497],[129.01606,35.58301],[129.01129,35.58117],[129.00624,35.57804],[129.00408,35.57595],[129.00038,35.57282],[128.99545,35.56895],[128.99538,35.5689],[128.99533,35.5689],[128.99375,35.56871],[128.9896,35.5677],[128.98952,35.56766],[128.98821,35.56674],[128.98788,35.56649],[128.98736,35.56609],[128.9868,35.56577],[128.98671,35.56573],[128.98658,35.5657],[128.98417,35.5653],[128.97781,35.56397],[128.97592,35.56334],[128.97127,35.56085],[128.9709,35.56064],[128.97075,35.56064],[128.9705,35.56064],[128.96989,35.56065],[128.96423,35.56086],[128.96326,35.56113],[128.96307,35.56125],[128.96294,35.56132],[128.96287,35.56134],[128.96282,35.56135],[128.96269,35.56135],[128.9612,35.56124],[128.96032,35.56106],[128.95988,35.56089],[128.95706,35.5597],[128.95503,35.55876],[128.95405,35.55805],[128.95329,35.55747],[128.95265,35.55693],[128.95256,35.55684],[128.95147,35.55671],[128.95016,35.55662],[128.95003,35.55661],[128.94992,35.55664],[128.94461,35.55997],[128.94444,35.5601],[128.94283,35.5614],[128.94123,35.56271],[128.94105,35.56291],[128.94022,35.56396],[128.94009,35.56421],[128.94002,35.56439],[128.93996,35.56446],[128.93982,35.56459],[128.93837,35.56573],[128.93815,35.56588],[128.93624,35.56688],[128.9361,35.56694],[128.93589,35.56698],[128.93566,35.56702],[128.93548,35.56708],[128.93538,35.56714],[128.93522,35.56729],[128.93502,35.56754],[128.93491,35.56779],[128.93465,35.56865],[128.93454,35.56902],[128.93436,35.56971],[128.93443,35.57244],[128.93414,35.5779],[128.93411,35.57804],[128.9341,35.5781],[128.93389,35.57852],[128.93245,35.58125],[128.9324,35.58135],[128.93235,35.58138],[128.9323,35.58143],[128.92644,35.58333],[128.9246,35.58449],[128.92452,35.58454],[128.92446,35.58456],[128.92388,35.58475],[128.92336,35.5849],[128.92294,35.58499],[128.92275,35.585],[128.92267,35.58499],[128.92201,35.58476],[128.92125,35.58505],[128.92104,35.58512],[128.92079,35.58519],[128.92042,35.58526],[128.91994,35.58529],[128.91943,35.5853],[128.91891,35.58524],[128.91841,35.58517],[128.91826,35.58514],[128.91819,35.58511],[128.91658,35.58411],[128.91639,35.58395],[128.91631,35.58384],[128.91618,35.5836],[128.9161,35.58339],[128.91492,35.58063],[128.91383,35.57831],[128.91244,35.57616],[128.91234,35.57608],[128.9123,35.57601],[128.91196,35.57533],[128.91188,35.57515],[128.91181,35.57493],[128.91159,35.57424],[128.9104,35.56999],[128.91039,35.56993],[128.91057,35.56724],[128.91067,35.56638],[128.91087,35.56508],[128.91107,35.56422],[128.9111,35.56207],[128.91077,35.55938],[128.91075,35.55931],[128.91069,35.55923],[128.90977,35.55859],[128.90947,35.55838],[128.90933,35.55831],[128.90911,35.55823],[128.9088,35.55812],[128.90839,35.55796],[128.90788,35.55773],[128.90745,35.55751],[128.90728,35.55741],[128.90721,35.55733],[128.90491,35.55459],[128.90487,35.55453],[128.90454,35.55373],[128.9045,35.55354],[128.90449,35.55342],[128.90451,35.55304],[128.90455,35.55273],[128.9047,35.55199],[128.9048,35.55165],[128.9048,35.55014],[128.90478,35.54976],[128.90475,35.54962],[128.90428,35.5482],[128.904,35.54756],[128.90392,35.54742],[128.90379,35.5473],[128.90369,35.54724],[128.90307,35.54689],[128.90291,35.54682],[128.9028,35.5468],[128.90157,35.54658],[128.90138,35.54657],[128.89465,35.54665],[128.89457,35.54666],[128.89441,35.54679],[128.89147,35.5496],[128.89127,35.54987],[128.89108,35.55022],[128.89098,35.55043],[128.89097,35.55067],[128.89094,35.55077],[128.8908,35.55096],[128.89056,35.55116],[128.89032,35.55131],[128.8898,35.55155],[128.88967,35.55158],[128.88941,35.55163],[128.88923,35.55165],[128.88485,35.55143],[128.88465,35.55141],[128.88234,35.55059],[128.88207,35.55043],[128.88179,35.55019],[128.88173,35.55014],[128.88164,35.55004],[128.87813,35.54769],[128.87611,35.54674],[128.87237,35.54506],[128.87217,35.54494],[128.87197,35.54471],[128.87171,35.54458],[128.87121,35.5444],[128.87092,35.54435],[128.87077,35.54436],[128.86917,35.5448],[128.86828,35.54515],[128.86814,35.54523],[128.86625,35.5459],[128.86165,35.54674],[128.85967,35.54701],[128.85926,35.54705],[128.85891,35.54705],[128.85859,35.54701],[128.85413,35.54674],[128.8537,35.54715],[128.8534,35.54739],[128.85309,35.54761],[128.85259,35.54788],[128.85089,35.5487],[128.85073,35.54876],[128.84879,35.54919],[128.84642,35.54968],[128.84612,35.54973],[128.84584,35.54978],[128.845,35.54995],[128.84474,35.55003],[128.8446,35.55007],[128.84361,35.55043],[128.84331,35.55054],[128.84306,35.55065],[128.84284,35.55076],[128.84214,35.55147],[128.8419,35.5517],[128.84178,35.55199],[128.84115,35.55372],[128.84116,35.55381],[128.84143,35.55473],[128.84173,35.55552],[128.84238,35.5574],[128.84299,35.55977],[128.84304,35.56007],[128.84309,35.56056],[128.84313,35.56116],[128.84321,35.5625],[128.84319,35.56274],[128.84307,35.56314],[128.84288,35.56364],[128.8427,35.56412],[128.84253,35.56462],[128.84179,35.56709],[128.84168,35.56748],[128.8417,35.56762],[128.84177,35.56802],[128.84187,35.56839],[128.84196,35.56862],[128.84206,35.56879],[128.84212,35.56887],[128.84231,35.569],[128.84252,35.56916],[128.84262,35.56929],[128.84382,35.57079],[128.84392,35.57094],[128.8447,35.57212],[128.84626,35.57533],[128.84631,35.57543],[128.84645,35.57679],[128.84637,35.5783],[128.84635,35.57844],[128.84615,35.57996],[128.84612,35.58014],[128.84545,35.5818],[128.8441,35.58499],[128.84408,35.58503],[128.84339,35.58736],[128.84301,35.58908],[128.84496,35.58972],[128.84634,35.59056],[128.85171,35.5946],[128.85345,35.59639],[128.85365,35.59671],[128.85369,35.59687],[128.85378,35.59731],[128.85383,35.59798],[128.85388,35.59854],[128.85392,35.59874],[128.85415,35.5992],[128.8545,35.59985],[128.85459,35.6],[128.85709,35.60303],[128.85822,35.60584],[128.85835,35.60604],[128.85865,35.6063],[128.85906,35.60662],[128.85911,35.60667],[128.85949,35.60684],[128.85973,35.60692],[128.85995,35.60696],[128.86011,35.60696],[128.86033,35.60694],[128.86072,35.60683],[128.86082,35.60683],[128.86094,35.60687],[128.86189,35.60727],[128.86449,35.60923],[128.8647,35.60944],[128.86478,35.60956],[128.86557,35.61079],[128.86627,35.61243],[128.86666,35.6134],[128.86765,35.61596],[128.8677,35.61606],[128.86778,35.61614],[128.86877,35.61707],[128.86945,35.61769],[128.86986,35.61775],[128.87034,35.61786],[128.87067,35.61796],[128.87099,35.61807],[128.8711,35.61818],[128.87154,35.61896],[128.87236,35.62108],[128.87316,35.62688],[128.87344,35.62969],[128.87325,35.63155],[128.87314,35.63173],[128.87307,35.63201],[128.87291,35.63266],[128.87292,35.63277],[128.87415,35.63438],[128.87438,35.63461],[128.87457,35.6348],[128.87472,35.6349],[128.87631,35.63563],[128.87644,35.63568],[128.87896,35.63586],[128.87919,35.63587],[128.87926,35.63585],[128.87947,35.63581],[128.87983,35.63572],[128.88257,35.63472],[128.88264,35.63465],[128.88269,35.63455],[128.88271,35.63439],[128.88272,35.63421],[128.8827,35.63385],[128.88265,35.63363],[128.88258,35.6331],[128.88256,35.6329],[128.88259,35.63278],[128.88267,35.63266],[128.88534,35.62989],[128.8854,35.62985],[128.88548,35.62984],[128.88555,35.62984],[128.89175,35.63026],[128.8982,35.63182],[128.89956,35.63219],[128.90578,35.63434],[128.90661,35.63466],[128.90741,35.63508],[128.91176,35.63791],[128.91325,35.64028],[128.91408,35.64245],[128.91494,35.64541],[128.91677,35.64532],[128.91932,35.64567],[128.91967,35.64605],[128.91968,35.64658],[128.91975,35.64704],[128.92031,35.64708],[128.92107,35.64709],[128.9231,35.64685],[128.92329,35.64662],[128.92311,35.64607],[128.92271,35.6457],[128.92309,35.64434],[128.92308,35.63785],[128.92415,35.63694],[128.9243,35.63684],[128.9256,35.63633],[128.92599,35.63618],[128.9309,35.63434],[128.93098,35.63432],[128.93288,35.63391],[128.93296,35.63389],[128.93483,35.6339],[128.93508,35.63393],[128.93885,35.63366],[128.94095,35.63307]]]]}},{"type":"Feature","properties":{"code":"48270350","name":"단장면","parent":"48270"},"geometry":{"type":"MultiPolygon","coordinates":[[[[128.9709,35.56064],[128.97177,35.55919],[128.97201,35.55877],[128.97314,35.55543],[128.97364,35.55229],[128.97365,35.55223],[128.9737,35.55219],[128.97452,35.55188],[128.97518,35.55167],[128.9756,35.55161],[128.97614,35.55152],[128.97645,35.55145],[128.97666,35.55136],[128.97679,35.55126],[128.979,35.54927],[128.98094,35.54661],[128.98064,35.54602],[128.98826,35.54704],[128.99008,35.5475],[128.99046,35.54759],[128.99093,35.5477],[128.99121,35.54775],[128.99283,35.54799],[128.99295,35.54798],[128.99304,35.54794],[128.99762,35.5422],[128.99796,35.541],[128.99811,35.53945],[128.99812,35.53936],[128.9981,35.53927],[128.9971,35.53803],[128.99649,35.53744],[128.99448,35.53108],[128.9944,35.53081],[128.9944,35.53047],[128.99441,35.5297],[128.9945,35.52899],[128.993,35.52813],[128.98933,35.52316],[128.98917,35.52291],[128.98883,35.52237],[128.98878,35.52229],[128.98875,35.52221],[128.98873,35.52212],[128.9885,35.52119],[128.98846,35.52099],[128.98845,35.52091],[128.98844,35.52081],[128.98846,35.52062],[128.98848,35.52042],[128.98853,35.52028],[128.98855,35.52021],[128.98861,35.52012],[128.98899,35.51949],[128.9894,35.51852],[128.98956,35.51805],[128.98969,35.51726],[128.98969,35.51723],[128.98966,35.51718],[128.98912,35.51651],[128.98906,35.51648],[128.98897,35.51644],[128.98797,35.51605],[128.9864,35.51552],[128.9803,35.51125],[128.98018,35.51116],[128.9797,35.51064],[128.97948,35.51037],[128.9794,35.51024],[128.97884,35.50923],[128.9779,35.50816],[128.97773,35.508],[128.97763,35.50793],[128.97745,35.50788],[128.97591,35.50792],[128.96955,35.5083],[128.96938,35.50837],[128.96897,35.50859],[128.96875,35.50869],[128.96845,35.50876],[128.9682,35.50881],[128.96137,35.50995],[128.96128,35.50996],[128.96116,35.50991],[128.95978,35.50889],[128.95622,35.50599],[128.95592,35.50569],[128.9557,35.50543],[128.95561,35.50526],[128.9539,35.502],[128.95317,35.50036],[128.9559,35.49903],[128.95722,35.49889],[128.95743,35.49886],[128.95762,35.49883],[128.95776,35.49877],[128.95891,35.49809],[128.95903,35.49801],[128.95911,35.49791],[128.95915,35.4978],[128.95941,35.49667],[128.95949,35.49624],[128.95957,35.49595],[128.9596,35.4959],[128.96103,35.49473],[128.962,35.49416],[128.96369,35.49323],[128.96515,35.49271],[128.96523,35.49264],[128.96534,35.49253],[128.9672,35.49069],[128.96694,35.48987],[128.96666,35.48987],[128.96659,35.48986],[128.96643,35.48983],[128.96635,35.48978],[128.96482,35.48849],[128.96475,35.48843],[128.9647,35.48838],[128.96281,35.48582],[128.96275,35.48573],[128.96265,35.48556],[128.96259,35.48545],[128.96256,35.48533],[128.96256,35.48525],[128.96258,35.48516],[128.96262,35.48507],[128.96272,35.48492],[128.96284,35.48481],[128.963,35.48473],[128.96517,35.48108],[128.96468,35.48008],[128.96464,35.47998],[128.96426,35.47805],[128.96441,35.47736],[128.96447,35.47719],[128.96457,35.47701],[128.96467,35.47683],[128.96478,35.47667],[128.96492,35.4765],[128.96504,35.4764],[128.9651,35.47636],[128.96544,35.47613],[128.96556,35.47607],[128.9657,35.47601],[128.96601,35.47588],[128.96683,35.47556],[128.96727,35.47538],[128.96742,35.47532],[128.96752,35.47524],[128.9676,35.47517],[128.9677,35.47505],[128.96777,35.47494],[128.96783,35.47481],[128.96804,35.47393],[128.96833,35.47259],[128.96833,35.47249],[128.96831,35.47242],[128.96826,35.47231],[128.96799,35.47068],[128.96775,35.46867],[128.96759,35.4655],[128.96767,35.46524],[128.96772,35.46502],[128.96772,35.46485],[128.96763,35.46327],[128.96761,35.46304],[128.96758,35.46281],[128.96751,35.46261],[128.96748,35.46253],[128.96739,35.46233],[128.96733,35.4622],[128.96722,35.46202],[128.96712,35.46189],[128.96704,35.46179],[128.96692,35.46168],[128.96683,35.46161],[128.96619,35.46109],[128.96591,35.46088],[128.96557,35.46063],[128.96534,35.46048],[128.96488,35.4602],[128.96435,35.45993],[128.96411,35.45982],[128.96366,35.45965],[128.96272,35.45938],[128.95778,35.45809],[128.95462,35.45726],[128.95161,35.45565],[128.95151,35.45554],[128.95112,35.45527],[128.95034,35.45474],[128.95022,35.45467],[128.95001,35.45457],[128.94993,35.45454],[128.94988,35.45454],[128.94974,35.45452],[128.94956,35.45452],[128.94905,35.45458],[128.94874,35.45464],[128.94815,35.45477],[128.94775,35.45486],[128.94696,35.45513],[128.94651,35.45529],[128.94469,35.45598],[128.9435,35.45643],[128.94336,35.45651],[128.94321,35.45657],[128.94318,35.45658],[128.94298,35.45659],[128.94231,35.45656],[128.94215,35.45655],[128.93987,35.45602],[128.93958,35.45594],[128.93889,35.45565],[128.93882,35.45561],[128.93873,35.45551],[128.93868,35.4554],[128.93857,35.45505],[128.9385,35.45475],[128.93843,35.45461],[128.93839,35.45456],[128.93828,35.4545],[128.93702,35.45397],[128.93372,35.45289],[128.9326,35.45318],[128.93244,35.45325],[128.93222,35.45337],[128.92803,35.45364],[128.92008,35.45204],[128.91913,35.45183],[128.91893,35.45179],[128.91882,35.45172],[128.91835,35.45134],[128.91829,35.45126],[128.91827,35.45108],[128.91823,35.45086],[128.9182,35.45078],[128.91814,35.45068],[128.9168,35.44896],[128.91346,35.44645],[128.91337,35.44639],[128.91298,35.44617],[128.9127,35.44604],[128.91191,35.44567],[128.91165,35.44555],[128.91143,35.44546],[128.91115,35.44536],[128.91089,35.44524],[128.91016,35.44488],[128.91005,35.44482],[128.90997,35.44473],[128.90985,35.44457],[128.90945,35.44378],[128.90935,35.44356],[128.90926,35.44326],[128.9092,35.44306],[128.90915,35.44279],[128.90912,35.44266],[128.90912,35.44257],[128.90914,35.44251],[128.90918,35.44242],[128.90931,35.44227],[128.90942,35.44216],[128.90948,35.44207],[128.90951,35.44202],[128.90952,35.44196],[128.90949,35.44181],[128.90933,35.44108],[128.90925,35.44081],[128.90922,35.44075],[128.90916,35.4407],[128.90729,35.43971],[128.90714,35.43965],[128.90672,35.43957],[128.90571,35.43966],[128.90554,35.43972],[128.90546,35.43977],[128.90402,35.44113],[128.90189,35.4434],[128.90159,35.44373],[128.90086,35.44467],[128.90019,35.44556],[128.89675,35.44711],[128.89662,35.44715],[128.89646,35.44719],[128.89631,35.44721],[128.89618,35.44719],[128.89447,35.44679],[128.8931,35.4461],[128.89304,35.44599],[128.89298,35.44592],[128.89271,35.44568],[128.89228,35.4453],[128.88949,35.44426],[128.88816,35.44442],[128.88806,35.44448],[128.8879,35.44455],[128.88781,35.44457],[128.88771,35.44457],[128.88757,35.44457],[128.8818,35.444],[128.88111,35.44364],[128.88102,35.44361],[128.88095,35.4436],[128.88088,35.44358],[128.88073,35.44356],[128.88063,35.44356],[128.88052,35.44355],[128.87789,35.44385],[128.87744,35.445],[128.8774,35.4452],[128.87735,35.44544],[128.87725,35.44574],[128.8772,35.44583],[128.87711,35.4459],[128.87698,35.446],[128.87108,35.45008],[128.86753,35.45246],[128.86504,35.45533],[128.86336,35.4578],[128.86117,35.45781],[128.85754,35.45776],[128.85612,35.45755],[128.85581,35.45749],[128.85539,35.4574],[128.85495,35.45729],[128.85488,35.45728],[128.85473,35.45721],[128.85462,35.45716],[128.8544,35.457],[128.85424,35.45689],[128.85405,35.45677],[128.85317,35.45623],[128.85296,35.45611],[128.85264,35.45595],[128.85248,35.45589],[128.85233,35.45587],[128.8522,35.45587],[128.84957,35.45624],[128.84945,35.45627],[128.8493,35.45633],[128.84797,35.45698],[128.8479,35.45701],[128.84777,35.45716],[128.84776,35.4572],[128.84766,35.4574],[128.84749,35.45765],[128.84737,35.45777],[128.84698,35.45803],[128.84468,35.45952],[128.84459,35.45957],[128.84352,35.45942],[128.84333,35.45939],[128.84298,35.45928],[128.8429,35.45925],[128.84278,35.45921],[128.84266,35.45918],[128.84259,35.45918],[128.84248,35.45921],[128.84243,35.45923],[128.84218,35.45935],[128.83905,35.46104],[128.83886,35.46119],[128.83877,35.46129],[128.83868,35.46141],[128.8381,35.46225],[128.83802,35.46238],[128.83771,35.46306],[128.83763,35.4633],[128.83753,35.46367],[128.83745,35.46401],[128.83735,35.46414],[128.83538,35.46589],[128.83509,35.46611],[128.83494,35.46621],[128.83488,35.46622],[128.83482,35.46622],[128.83476,35.46629],[128.83469,35.46643],[128.83443,35.46802],[128.83442,35.4682],[128.83444,35.46831],[128.8345,35.46844],[128.83459,35.46861],[128.83465,35.46867],[128.83516,35.46948],[128.83563,35.47047],[128.83566,35.47059],[128.8357,35.47106],[128.83569,35.47144],[128.83568,35.47157],[128.83564,35.47161],[128.83561,35.47165],[128.83442,35.47318],[128.83345,35.47458],[128.8328,35.47627],[128.83267,35.47789],[128.83252,35.47958],[128.8325,35.47964],[128.83239,35.47975],[128.83104,35.48116],[128.83097,35.4812],[128.83085,35.4812],[128.83062,35.48117],[128.82939,35.48091],[128.82088,35.48132],[128.82082,35.48132],[128.82075,35.48132],[128.81736,35.48219],[128.81704,35.48228],[128.81348,35.48393],[128.80676,35.48859],[128.80673,35.48861],[128.8067,35.48864],[128.80654,35.48885],[128.80619,35.48934],[128.80594,35.4897],[128.80539,35.49057],[128.8068,35.49016],[128.80813,35.48987],[128.81055,35.48938],[128.81075,35.48935],[128.81149,35.48929],[128.81209,35.48925],[128.8126,35.48923],[128.81278,35.48923],[128.813,35.48923],[128.81507,35.48947],[128.81526,35.4895],[128.81545,35.48954],[128.81587,35.48963],[128.81638,35.48979],[128.8172,35.49009],[128.81877,35.49083],[128.81901,35.49094],[128.81924,35.49108],[128.81945,35.49124],[128.81973,35.49147],[128.82003,35.4918],[128.82023,35.49218],[128.82044,35.49263],[128.8214,35.49416],[128.82386,35.49808],[128.82421,35.4986],[128.82454,35.49901],[128.82482,35.49933],[128.82559,35.50009],[128.82597,35.50037],[128.82677,35.50087],[128.8274,35.50122],[128.83188,35.50386],[128.83393,35.50543],[128.83455,35.5059],[128.83499,35.50623],[128.83784,35.50797],[128.83834,35.5082],[128.84155,35.50967],[128.84305,35.5103],[128.84346,35.51042],[128.84381,35.51056],[128.84482,35.51109],[128.84509,35.51128],[128.84527,35.51148],[128.84626,35.51346],[128.84637,35.51375],[128.8464,35.51395],[128.84648,35.51489],[128.84657,35.51564],[128.84671,35.51619],[128.8468,35.51651],[128.84702,35.51699],[128.8472,35.51725],[128.84742,35.51745],[128.84792,35.51791],[128.84816,35.51812],[128.84832,35.51825],[128.84863,35.51848],[128.84913,35.5188],[128.84939,35.51894],[128.85001,35.51921],[128.85036,35.51936],[128.8507,35.51951],[128.85256,35.52029],[128.85261,35.52031],[128.85272,35.52033],[128.85287,35.52033],[128.85306,35.52028],[128.8538,35.52003],[128.85863,35.52293],[128.85893,35.52316],[128.85969,35.52379],[128.861,35.52491],[128.86127,35.5252],[128.86141,35.52536],[128.86195,35.52651],[128.86199,35.52662],[128.86205,35.52769],[128.8621,35.52867],[128.86209,35.52892],[128.86264,35.53012],[128.86313,35.53113],[128.86413,35.53266],[128.86528,35.53488],[128.8653,35.53502],[128.86528,35.5353],[128.86491,35.53655],[128.86477,35.53682],[128.86457,35.53709],[128.86457,35.53721],[128.86459,35.53729],[128.86465,35.53737],[128.86522,35.53811],[128.86535,35.53827],[128.86552,35.53837],[128.86842,35.54001],[128.87053,35.54111],[128.87075,35.54119],[128.87092,35.54128],[128.87117,35.54144],[128.87162,35.54185],[128.87225,35.54248],[128.87239,35.54267],[128.87242,35.54279],[128.87243,35.54321],[128.87242,35.54355],[128.87226,35.54417],[128.8721,35.54458],[128.87197,35.54471],[128.87217,35.54494],[128.87237,35.54506],[128.87611,35.54674],[128.87813,35.54769],[128.88164,35.55004],[128.88173,35.55014],[128.88179,35.55019],[128.88207,35.55043],[128.88234,35.55059],[128.88465,35.55141],[128.88485,35.55143],[128.88923,35.55165],[128.88941,35.55163],[128.88967,35.55158],[128.8898,35.55155],[128.89032,35.55131],[128.89056,35.55116],[128.8908,35.55096],[128.89094,35.55077],[128.89097,35.55067],[128.89098,35.55043],[128.89108,35.55022],[128.89127,35.54987],[128.89147,35.5496],[128.89441,35.54679],[128.89457,35.54666],[128.89465,35.54665],[128.90138,35.54657],[128.90157,35.54658],[128.9028,35.5468],[128.90291,35.54682],[128.90307,35.54689],[128.90369,35.54724],[128.90379,35.5473],[128.90392,35.54742],[128.904,35.54756],[128.90428,35.5482],[128.90475,35.54962],[128.90478,35.54976],[128.9048,35.55014],[128.9048,35.55165],[128.9047,35.55199],[128.90455,35.55273],[128.90451,35.55304],[128.90449,35.55342],[128.9045,35.55354],[128.90454,35.55373],[128.90487,35.55453],[128.90491,35.55459],[128.90721,35.55733],[128.90728,35.55741],[128.90745,35.55751],[128.90788,35.55773],[128.90839,35.55796],[128.9088,35.55812],[128.90911,35.55823],[128.90933,35.55831],[128.90947,35.55838],[128.90977,35.55859],[128.91069,35.55923],[128.91075,35.55931],[128.91077,35.55938],[128.9111,35.56207],[128.91107,35.56422],[128.91087,35.56508],[128.91067,35.56638],[128.91057,35.56724],[128.91039,35.56993],[128.9104,35.56999],[128.91159,35.57424],[128.91181,35.57493],[128.91188,35.57515],[128.91196,35.57533],[128.9123,35.57601],[128.91234,35.57608],[128.91244,35.57616],[128.91383,35.57831],[128.91492,35.58063],[128.9161,35.58339],[128.91618,35.5836],[128.91631,35.58384],[128.91639,35.58395],[128.91658,35.58411],[128.91819,35.58511],[128.91826,35.58514],[128.91841,35.58517],[128.91891,35.58524],[128.91943,35.5853],[128.91994,35.58529],[128.92042,35.58526],[128.92079,35.58519],[128.92104,35.58512],[128.92125,35.58505],[128.92201,35.58476],[128.92267,35.58499],[128.92275,35.585],[128.92294,35.58499],[128.92336,35.5849],[128.92388,35.58475],[128.92446,35.58456],[128.92452,35.58454],[128.9246,35.58449],[128.92644,35.58333],[128.9323,35.58143],[128.93235,35.58138],[128.9324,35.58135],[128.93245,35.58125],[128.93389,35.57852],[128.9341,35.5781],[128.93411,35.57804],[128.93414,35.5779],[128.93443,35.57244],[128.93436,35.56971],[128.93454,35.56902],[128.93465,35.56865],[128.93491,35.56779],[128.93502,35.56754],[128.93522,35.56729],[128.93538,35.56714],[128.93548,35.56708],[128.93566,35.56702],[128.93589,35.56698],[128.9361,35.56694],[128.93624,35.56688],[128.93815,35.56588],[128.93837,35.56573],[128.93982,35.56459],[128.93996,35.56446],[128.94002,35.56439],[128.94009,35.56421],[128.94022,35.56396],[128.94105,35.56291],[128.94123,35.56271],[128.94283,35.5614],[128.94444,35.5601],[128.94461,35.55997],[128.94992,35.55664],[128.95003,35.55661],[128.95016,35.55662],[128.95147,35.55671],[128.95256,35.55684],[128.95265,35.55693],[128.95329,35.55747],[128.95405,35.55805],[128.95503,35.55876],[128.95706,35.5597],[128.95988,35.56089],[128.96032,35.56106],[128.9612,35.56124],[128.96269,35.56135],[128.96282,35.56135],[128.96287,35.56134],[128.96294,35.56132],[128.96307,35.56125],[128.96326,35.56113],[128.96423,35.56086],[128.96989,35.56065],[128.9705,35.56064],[128.97075,35.56064],[128.9709,35.56064]]]]}},{"type":"Feature","properties":{"code":"48270360","name":"상남면","parent":"48270"},"geometry":{"type":"MultiPolygon","coordinates":[[[[128.78521,35.46123],[128.78254,35.4548],[128.78156,35.45253],[128.78053,35.45106],[128.77957,35.44952],[128.7792,35.44849],[128.77913,35.44776],[128.77923,35.44728],[128.77935,35.44675],[128.77989,35.44549],[128.78067,35.44414],[128.78092,35.44379],[128.78113,35.44349],[128.78124,35.44337],[128.78181,35.44274],[128.78792,35.43877],[128.79236,35.4362],[128.79446,35.43509],[128.79556,35.43426],[128.79569,35.43409],[128.7965,35.43299],[128.79729,35.43158],[128.79776,35.43064],[128.79781,35.43049],[128.79789,35.43016],[128.79792,35.42959],[128.79789,35.42886],[128.79781,35.42836],[128.7977,35.42792],[128.79752,35.4278],[128.79736,35.42767],[128.7973,35.42759],[128.79725,35.42754],[128.79712,35.42737],[128.79686,35.42695],[128.7967,35.42646],[128.79662,35.4258],[128.79656,35.42504],[128.79651,35.42437],[128.79648,35.42152],[128.79648,35.41936],[128.79629,35.41566],[128.79608,35.41295],[128.79594,35.41227],[128.79583,35.412],[128.79567,35.4118],[128.79564,35.41176],[128.79551,35.41162],[128.7945,35.41056],[128.79427,35.41032],[128.79365,35.40965],[128.79353,35.4095],[128.79337,35.40931],[128.79223,35.40756],[128.79097,35.40564],[128.79029,35.4046],[128.78819,35.40111],[128.78797,35.40073],[128.78771,35.4],[128.78751,35.39858],[128.78755,35.3973],[128.78771,35.39621],[128.788,35.39564],[128.78845,35.39514],[128.78997,35.39417],[128.79045,35.394],[128.79105,35.39379],[128.79802,35.39111],[128.80726,35.38754],[128.80794,35.38722],[128.80897,35.38672],[128.81111,35.38531],[128.81158,35.38492],[128.81173,35.38477],[128.81188,35.38463],[128.81205,35.3844],[128.81291,35.38283],[128.81324,35.38221],[128.81367,35.38102],[128.81308,35.38082],[128.81139,35.38021],[128.81018,35.37968],[128.8095,35.37936],[128.79969,35.37255],[128.79955,35.37242],[128.79945,35.37231],[128.79726,35.36957],[128.79721,35.36943],[128.79719,35.36936],[128.79723,35.36736],[128.79724,35.36719],[128.79731,35.36691],[128.79748,35.36629],[128.79783,35.36517],[128.79788,35.36501],[128.79794,35.36478],[128.79801,35.36453],[128.79806,35.36432],[128.79881,35.35749],[128.79883,35.35716],[128.79881,35.35685],[128.79871,35.35635],[128.79862,35.35607],[128.79851,35.35582],[128.79835,35.3555],[128.79776,35.35461],[128.7974,35.35416],[128.79589,35.35237],[128.79508,35.35144],[128.79462,35.35098],[128.79373,35.35168],[128.79189,35.35316],[128.7875,35.3574],[128.78702,35.35884],[128.78693,35.35915],[128.78607,35.36088],[128.78517,35.36203],[128.78368,35.36219],[128.78335,35.36269],[128.78332,35.36276],[128.78413,35.36472],[128.78471,35.36612],[128.78568,35.36849],[128.78619,35.36973],[128.78626,35.36996],[128.78625,35.37014],[128.78623,35.37019],[128.78618,35.3702],[128.78606,35.37019],[128.78577,35.37013],[128.78533,35.37004],[128.78518,35.37001],[128.78496,35.37],[128.7847,35.36999],[128.78445,35.37001],[128.78403,35.3701],[128.78331,35.37032],[128.7817,35.37085],[128.78116,35.37105],[128.7805,35.37129],[128.77962,35.37162],[128.77914,35.37181],[128.77886,35.37195],[128.77864,35.37209],[128.77822,35.3724],[128.77754,35.37298],[128.77666,35.37376],[128.77608,35.37427],[128.77554,35.37475],[128.77503,35.3752],[128.77463,35.3755],[128.7744,35.37564],[128.77388,35.37585],[128.77329,35.37605],[128.77276,35.37619],[128.7687,35.37725],[128.76862,35.37725],[128.7686,35.37723],[128.76837,35.37661],[128.76757,35.37459],[128.75977,35.37644],[128.75867,35.37675],[128.75665,35.37889],[128.75651,35.37908],[128.75645,35.37927],[128.7564,35.37961],[128.75642,35.3798],[128.75651,35.37999],[128.7567,35.38022],[128.75687,35.38042],[128.75778,35.38141],[128.75822,35.38187],[128.75863,35.38223],[128.75877,35.38231],[128.75911,35.38249],[128.75934,35.38262],[128.75954,35.38268],[128.75835,35.38536],[128.75702,35.38595],[128.75678,35.38606],[128.75676,35.38845],[128.75689,35.39115],[128.75695,35.39535],[128.75688,35.39685],[128.75668,35.39977],[128.75655,35.40012],[128.75617,35.40105],[128.75567,35.40135],[128.75491,35.40143],[128.75424,35.40142],[128.75266,35.40132],[128.75139,35.40126],[128.75096,35.40134],[128.75086,35.40145],[128.75007,35.40284],[128.74965,35.40358],[128.74914,35.4042],[128.74698,35.40598],[128.74686,35.40606],[128.74677,35.40612],[128.74661,35.40617],[128.74624,35.40618],[128.74593,35.40615],[128.74561,35.40609],[128.74527,35.40604],[128.74514,35.40603],[128.74491,35.406],[128.74458,35.40601],[128.74247,35.40614],[128.74217,35.40619],[128.74188,35.40628],[128.74161,35.40645],[128.74142,35.40663],[128.74126,35.40682],[128.74086,35.40733],[128.74075,35.40748],[128.74074,35.40752],[128.74074,35.40767],[128.74078,35.40791],[128.74081,35.40815],[128.74083,35.4084],[128.74081,35.40857],[128.74075,35.40878],[128.74055,35.40943],[128.74048,35.40965],[128.7404,35.4099],[128.74036,35.41],[128.74031,35.41007],[128.74024,35.41012],[128.73924,35.41083],[128.73899,35.41099],[128.73869,35.41115],[128.73835,35.4113],[128.73808,35.4114],[128.73796,35.41141],[128.73644,35.4115],[128.73604,35.41149],[128.73569,35.41147],[128.73519,35.41158],[128.73456,35.41177],[128.7342,35.41192],[128.73388,35.41211],[128.73338,35.4125],[128.73316,35.41269],[128.73309,35.41279],[128.73308,35.41283],[128.73307,35.41293],[128.73306,35.41323],[128.73306,35.41356],[128.73306,35.41369],[128.73303,35.41411],[128.73297,35.41459],[128.73291,35.41507],[128.73283,35.41555],[128.73273,35.41596],[128.73264,35.41622],[128.73254,35.41648],[128.73237,35.41673],[128.73191,35.41735],[128.73172,35.41759],[128.72986,35.41979],[128.72968,35.41996],[128.72965,35.41998],[128.72945,35.42015],[128.72917,35.42035],[128.72889,35.42054],[128.7286,35.42074],[128.72688,35.42175],[128.72663,35.42186],[128.72612,35.42208],[128.72596,35.42214],[128.72587,35.42217],[128.71944,35.42403],[128.71807,35.42418],[128.71788,35.42418],[128.71776,35.42421],[128.7177,35.42423],[128.71629,35.42496],[128.71609,35.42508],[128.71537,35.42554],[128.71507,35.42577],[128.7149,35.42589],[128.71473,35.42601],[128.7142,35.42632],[128.71402,35.4264],[128.71387,35.42645],[128.71322,35.42664],[128.71303,35.42667],[128.71186,35.4269],[128.70958,35.42835],[128.70892,35.42856],[128.70885,35.42859],[128.70881,35.4286],[128.70868,35.42868],[128.70857,35.4288],[128.7085,35.42895],[128.70847,35.42913],[128.70851,35.43347],[128.70862,35.43486],[128.70978,35.44044],[128.70985,35.44065],[128.7099,35.44079],[128.71014,35.44116],[128.7103,35.44138],[128.71043,35.44156],[128.71048,35.44162],[128.71052,35.44164],[128.71059,35.44166],[128.71066,35.44167],[128.71076,35.44167],[128.71099,35.44163],[128.71279,35.44182],[128.71337,35.44191],[128.71613,35.44244],[128.71623,35.44246],[128.71626,35.44247],[128.71653,35.44264],[128.71675,35.44282],[128.71692,35.44299],[128.71699,35.44309],[128.7171,35.44334],[128.71732,35.44379],[128.7185,35.44536],[128.71858,35.44546],[128.72102,35.44816],[128.72108,35.44819],[128.72213,35.44851],[128.72226,35.44853],[128.72235,35.44853],[128.72244,35.44851],[128.7231,35.4485],[128.72605,35.44953],[128.72705,35.44991],[128.72757,35.45012],[128.73152,35.45223],[128.73558,35.45465],[128.74065,35.45785],[128.74198,35.459],[128.742,35.45902],[128.74203,35.45905],[128.74443,35.46242],[128.74633,35.46346],[128.74649,35.46361],[128.74937,35.46647],[128.75127,35.4688],[128.75166,35.47105],[128.75304,35.47274],[128.75338,35.47276],[128.75366,35.47277],[128.75506,35.47286],[128.75546,35.47289],[128.75634,35.47307],[128.75672,35.47318],[128.75762,35.47346],[128.75787,35.47357],[128.7575,35.47372],[128.75727,35.47381],[128.75701,35.47391],[128.75668,35.47406],[128.75635,35.47421],[128.75493,35.47596],[128.75776,35.47707],[128.75798,35.47727],[128.75824,35.47407],[128.76064,35.47271],[128.76558,35.46992],[128.76748,35.46885],[128.76768,35.46874],[128.76775,35.46873],[128.76829,35.46868],[128.76892,35.46864],[128.77013,35.46856],[128.77159,35.46855],[128.77521,35.4687],[128.77679,35.46883],[128.77824,35.46895],[128.7788,35.469],[128.7825,35.46703],[128.78463,35.46377],[128.78474,35.46328],[128.78475,35.46325],[128.78521,35.46123]]]]}},{"type":"Feature","properties":{"code":"48270370","name":"초동면","parent":"48270"},"geometry":{"type":"MultiPolygon","coordinates":[[[[128.71133,35.46284],[128.71313,35.46177],[128.71335,35.46164],[128.71357,35.4615],[128.71378,35.46135],[128.71448,35.46072],[128.71503,35.4601],[128.71568,35.45936],[128.71578,35.45927],[128.71582,35.45924],[128.71624,35.45908],[128.71644,35.459],[128.71748,35.45864],[128.71811,35.45846],[128.71871,35.4583],[128.71884,35.45827],[128.71894,35.45824],[128.71907,35.45816],[128.71917,35.45809],[128.72132,35.45624],[128.72189,35.45561],[128.72277,35.45463],[128.72294,35.45438],[128.7231,35.45412],[128.72324,35.45387],[128.7234,35.45357],[128.7241,35.45173],[128.72416,35.45151],[128.72419,35.45131],[128.72419,35.45123],[128.72417,35.45106],[128.72415,35.45097],[128.72394,35.45061],[128.7229,35.44904],[128.72282,35.44894],[128.72257,35.44865],[128.72244,35.44851],[128.72235,35.44853],[128.72226,35.44853],[128.72213,35.44851],[128.72108,35.44819],[128.72102,35.44816],[128.71858,35.44546],[128.7185,35.44536],[128.71732,35.44379],[128.7171,35.44334],[128.71699,35.44309],[128.71692,35.44299],[128.71675,35.44282],[128.71653,35.44264],[128.71626,35.44247],[128.71623,35.44246],[128.71613,35.44244],[128.71337,35.44191],[128.71279,35.44182],[128.71099,35.44163],[128.71076,35.44167],[128.71066,35.44167],[128.71059,35.44166],[128.71052,35.44164],[128.71048,35.44162],[128.71043,35.44156],[128.7103,35.44138],[128.71014,35.44116],[128.7099,35.44079],[128.70985,35.44065],[128.70978,35.44044],[128.70862,35.43486],[128.70851,35.43347],[128.70847,35.42913],[128.7085,35.42895],[128.70857,35.4288],[128.70868,35.42868],[128.70881,35.4286],[128.70885,35.42859],[128.70892,35.42856],[128.70958,35.42835],[128.71186,35.4269],[128.71184,35.42656],[128.71183,35.42647],[128.71179,35.42618],[128.71084,35.42116],[128.71082,35.42106],[128.71077,35.42088],[128.7102,35.41908],[128.71016,35.41895],[128.71011,35.4188],[128.71,35.41852],[128.70995,35.41837],[128.70988,35.41821],[128.70968,35.41777],[128.7096,35.41765],[128.7095,35.41752],[128.70919,35.41715],[128.70712,35.41549],[128.70534,35.41165],[128.70547,35.41166],[128.70555,35.41166],[128.7059,35.41158],[128.706,35.41156],[128.70608,35.41154],[128.70626,35.41149],[128.7064,35.4114],[128.70655,35.41125],[128.70681,35.41096],[128.70888,35.40845],[128.70929,35.40753],[128.70933,35.40743],[128.70937,35.40737],[128.71118,35.40566],[128.71125,35.40562],[128.71132,35.40559],[128.71378,35.40457],[128.71385,35.40455],[128.71493,35.40433],[128.71502,35.40432],[128.71511,35.40432],[128.71522,35.40432],[128.71531,35.40432],[128.71565,35.40431],[128.71575,35.40429],[128.71585,35.40428],[128.71603,35.40424],[128.71629,35.4041],[128.71652,35.40399],[128.71677,35.40376],[128.71728,35.40305],[128.71578,35.40074],[128.71512,35.39983],[128.71438,35.3989],[128.71385,35.39826],[128.71377,35.3982],[128.71363,35.3981],[128.71348,35.39801],[128.71095,35.39682],[128.70894,35.39629],[128.70898,35.39549],[128.70929,35.39467],[128.70976,35.39337],[128.71007,35.39252],[128.71017,35.39223],[128.71019,35.39215],[128.71033,35.39136],[128.71071,35.38901],[128.7107,35.38896],[128.71063,35.38883],[128.71037,35.38842],[128.70926,35.38668],[128.70907,35.38637],[128.70895,35.38628],[128.70887,35.38622],[128.70879,35.38617],[128.70776,35.38569],[128.70704,35.38537],[128.70691,35.3853],[128.70683,35.38524],[128.70677,35.38519],[128.70667,35.38503],[128.70658,35.38487],[128.70633,35.38443],[128.70529,35.3825],[128.705,35.38196],[128.70465,35.3813],[128.70458,35.38118],[128.70444,35.38123],[128.70433,35.38127],[128.70395,35.38141],[128.70336,35.38164],[128.7025,35.38196],[128.70111,35.38248],[128.69922,35.38317],[128.69883,35.38332],[128.69765,35.38123],[128.69764,35.38119],[128.69757,35.38103],[128.69753,35.38091],[128.69735,35.38018],[128.69649,35.37665],[128.69633,35.37588],[128.69618,35.37595],[128.69603,35.37601],[128.69577,35.37613],[128.69522,35.37642],[128.69421,35.37695],[128.69291,35.37772],[128.69116,35.37853],[128.6909,35.37862],[128.6901,35.37888],[128.68928,35.37911],[128.68896,35.37919],[128.68873,35.37925],[128.68849,35.3793],[128.68828,35.37934],[128.68783,35.37943],[128.68721,35.37952],[128.68662,35.37959],[128.68544,35.37972],[128.68479,35.37979],[128.68289,35.37997],[128.68235,35.38],[128.68167,35.38003],[128.68091,35.38004],[128.67866,35.38005],[128.6743,35.38006],[128.67333,35.38003],[128.6727,35.38],[128.67239,35.37995],[128.67209,35.37986],[128.66872,35.37861],[128.66621,35.37789],[128.66458,35.37738],[128.66429,35.37728],[128.66397,35.37717],[128.66365,35.37702],[128.66335,35.37687],[128.66304,35.37668],[128.66222,35.37601],[128.66169,35.37556],[128.66103,35.37503],[128.66061,35.37472],[128.66036,35.37457],[128.65984,35.37424],[128.65948,35.37403],[128.65923,35.37391],[128.65877,35.37368],[128.65823,35.37343],[128.65779,35.37325],[128.65734,35.37306],[128.65617,35.37263],[128.65172,35.37506],[128.65093,35.37552],[128.65074,35.37564],[128.65028,35.37592],[128.65002,35.37613],[128.64991,35.37624],[128.64975,35.3764],[128.64962,35.37655],[128.64929,35.37698],[128.64923,35.37706],[128.64758,35.37941],[128.6475,35.37956],[128.64746,35.37971],[128.64744,35.37989],[128.64743,35.38004],[128.64743,35.38019],[128.64746,35.38036],[128.64748,35.38043],[128.64753,35.38052],[128.64762,35.38062],[128.64769,35.38068],[128.64777,35.38072],[128.64782,35.38074],[128.64803,35.3808],[128.6483,35.38087],[128.64889,35.38094],[128.64977,35.38104],[128.65012,35.38109],[128.6504,35.38113],[128.65051,35.38116],[128.65064,35.38119],[128.65078,35.38123],[128.65103,35.38132],[128.65122,35.38143],[128.65135,35.38152],[128.65149,35.38164],[128.6516,35.38179],[128.6517,35.38198],[128.65173,35.38214],[128.65172,35.38228],[128.65168,35.38241],[128.65161,35.38257],[128.64984,35.38517],[128.64375,35.38469],[128.64325,35.38465],[128.64305,35.38463],[128.64274,35.3846],[128.64254,35.38454],[128.64246,35.38451],[128.64231,35.38446],[128.64212,35.38437],[128.64194,35.38427],[128.64175,35.38417],[128.64153,35.38403],[128.64133,35.38389],[128.6411,35.38379],[128.64102,35.38375],[128.64088,35.38372],[128.64072,35.3837],[128.64063,35.38372],[128.64052,35.38374],[128.64033,35.3838],[128.64012,35.38386],[128.63973,35.384],[128.6393,35.38416],[128.63909,35.38425],[128.63898,35.38431],[128.63888,35.38438],[128.6388,35.38444],[128.63867,35.3846],[128.63863,35.38469],[128.63862,35.38482],[128.63866,35.38638],[128.63867,35.38653],[128.63869,35.38655],[128.63876,35.38667],[128.63893,35.38684],[128.63913,35.38697],[128.63922,35.38702],[128.63932,35.38706],[128.6395,35.38712],[128.63958,35.38714],[128.63968,35.38717],[128.63978,35.38719],[128.63987,35.38722],[128.64004,35.38724],[128.64022,35.38726],[128.6404,35.38726],[128.64048,35.38726],[128.64056,35.38726],[128.64072,35.38726],[128.64089,35.38726],[128.64132,35.38726],[128.64149,35.38726],[128.64178,35.38727],[128.64197,35.38728],[128.64217,35.3873],[128.64235,35.38734],[128.64254,35.38737],[128.64265,35.38739],[128.64272,35.3874],[128.64311,35.38749],[128.64333,35.38755],[128.64355,35.38764],[128.64373,35.38772],[128.64393,35.38785],[128.64414,35.38799],[128.64431,35.38814],[128.64445,35.3883],[128.64456,35.38846],[128.64462,35.38862],[128.64466,35.3888],[128.64468,35.38898],[128.64466,35.38915],[128.64464,35.38929],[128.64457,35.38944],[128.64449,35.38958],[128.64431,35.38985],[128.64407,35.39021],[128.64397,35.39037],[128.64388,35.3905],[128.6438,35.39066],[128.64374,35.39081],[128.6437,35.39095],[128.64368,35.39103],[128.64366,35.39112],[128.64366,35.39129],[128.64367,35.39144],[128.6437,35.39175],[128.64374,35.39192],[128.64381,35.39225],[128.64386,35.39242],[128.64391,35.39259],[128.64404,35.39291],[128.64411,35.39305],[128.64421,35.39319],[128.64596,35.39546],[128.64602,35.39554],[128.64611,35.39564],[128.6462,35.39573],[128.64629,35.39581],[128.64684,35.3963],[128.64706,35.39648],[128.64814,35.4006],[128.64726,35.40519],[128.64592,35.41217],[128.64585,35.41244],[128.64582,35.4127],[128.64584,35.41295],[128.64586,35.41313],[128.64595,35.41348],[128.64605,35.41374],[128.64627,35.41426],[128.64648,35.41474],[128.64659,35.41498],[128.64672,35.41524],[128.64698,35.41576],[128.64711,35.416],[128.64739,35.41648],[128.64746,35.41659],[128.64755,35.41673],[128.64765,35.41685],[128.64775,35.41698],[128.64777,35.417],[128.64792,35.41717],[128.64815,35.41744],[128.64825,35.41757],[128.64836,35.41771],[128.64854,35.41796],[128.64888,35.4185],[128.64918,35.41898],[128.65033,35.42085],[128.65047,35.42109],[128.65069,35.42159],[128.65077,35.42182],[128.65083,35.42208],[128.65086,35.42231],[128.65088,35.42253],[128.65107,35.42552],[128.65258,35.42516],[128.65832,35.42766],[128.66313,35.43027],[128.66351,35.43049],[128.66371,35.4306],[128.66385,35.43065],[128.66396,35.43069],[128.66411,35.43074],[128.6645,35.43076],[128.66482,35.43077],[128.66543,35.43074],[128.66581,35.43074],[128.66606,35.4308],[128.66643,35.43089],[128.66664,35.43099],[128.66677,35.43108],[128.6672,35.43138],[128.66976,35.43335],[128.67158,35.43496],[128.67164,35.43503],[128.67167,35.43507],[128.67179,35.4352],[128.67191,35.43532],[128.67198,35.43537],[128.67202,35.4354],[128.67205,35.43542],[128.67387,35.43609],[128.67686,35.43727],[128.67814,35.43854],[128.6764,35.43989],[128.67486,35.44122],[128.67481,35.44133],[128.67482,35.44142],[128.67488,35.44152],[128.67497,35.44161],[128.67513,35.44173],[128.67518,35.44176],[128.67523,35.4418],[128.67528,35.44182],[128.67541,35.44188],[128.67588,35.44219],[128.67846,35.44457],[128.67853,35.44466],[128.67899,35.44556],[128.67916,35.44596],[128.67918,35.44603],[128.67916,35.44607],[128.67913,35.44611],[128.67909,35.44613],[128.67906,35.44615],[128.67734,35.44715],[128.67717,35.44722],[128.67627,35.44749],[128.67538,35.44766],[128.67447,35.44838],[128.67502,35.45059],[128.67699,35.45291],[128.67882,35.45608],[128.68217,35.4626],[128.68221,35.46267],[128.68243,35.46365],[128.68244,35.46373],[128.68244,35.46379],[128.68244,35.46383],[128.68235,35.46528],[128.68233,35.46539],[128.6823,35.46545],[128.68222,35.46565],[128.68215,35.46581],[128.68209,35.46595],[128.68161,35.46916],[128.68119,35.47227],[128.68118,35.47245],[128.68116,35.4728],[128.68117,35.47284],[128.68118,35.4729],[128.68124,35.47302],[128.68208,35.47477],[128.68212,35.47484],[128.68214,35.47486],[128.68219,35.47487],[128.68226,35.47486],[128.68245,35.47481],[128.68256,35.47476],[128.68272,35.47468],[128.68797,35.47373],[128.68804,35.47378],[128.69033,35.4751],[128.69039,35.47511],[128.69194,35.47454],[128.69199,35.47452],[128.69203,35.47449],[128.6921,35.47445],[128.69217,35.47441],[128.6923,35.47433],[128.69274,35.47391],[128.6933,35.47402],[128.69352,35.47399],[128.69796,35.47304],[128.69816,35.473],[128.69836,35.47295],[128.69856,35.47289],[128.69875,35.47282],[128.69916,35.47269],[128.6996,35.4725],[128.69974,35.4724],[128.69994,35.47218],[128.70002,35.47207],[128.70005,35.47201],[128.70009,35.47193],[128.70016,35.47176],[128.70018,35.47169],[128.70019,35.47153],[128.70021,35.47135],[128.70044,35.47042],[128.70076,35.46922],[128.70081,35.46908],[128.70107,35.46832],[128.70111,35.46822],[128.70384,35.46434],[128.70403,35.46408],[128.70411,35.46399],[128.70424,35.46387],[128.70433,35.46381],[128.70445,35.46374],[128.7046,35.46367],[128.7047,35.46364],[128.7048,35.4636],[128.70498,35.46354],[128.70516,35.4635],[128.70552,35.46342],[128.70561,35.46342],[128.7057,35.46342],[128.70676,35.46345],[128.70711,35.46348],[128.71133,35.46284]]]]}},{"type":"Feature","properties":{"code":"48270380","name":"무안면","parent":"48270"},"geometry":{"type":"MultiPolygon","coordinates":[[[[128.67368,35.55107],[128.67365,35.55065],[128.67363,35.55044],[128.67365,35.55042],[128.67367,35.55039],[128.67487,35.54917],[128.67632,35.54751],[128.67649,35.54723],[128.67658,35.54699],[128.67661,35.54685],[128.67655,35.54655],[128.67646,35.54633],[128.67628,35.54596],[128.67624,35.54566],[128.67628,35.54432],[128.67651,35.54366],[128.67762,35.54273],[128.67891,35.5414],[128.68148,35.53817],[128.68245,35.5369],[128.68287,35.53629],[128.68293,35.53616],[128.68292,35.53589],[128.68285,35.53556],[128.68218,35.53351],[128.68214,35.53345],[128.6821,35.53342],[128.68204,35.53337],[128.68197,35.53334],[128.68146,35.53332],[128.68045,35.53323],[128.68019,35.53318],[128.67996,35.53311],[128.67869,35.53268],[128.67862,35.53265],[128.67854,35.53262],[128.67785,35.53218],[128.67761,35.53197],[128.67756,35.53192],[128.67751,35.53186],[128.67751,35.5318],[128.6777,35.53134],[128.67775,35.53121],[128.67778,35.53113],[128.67752,35.52987],[128.67673,35.52723],[128.67589,35.52444],[128.67589,35.52408],[128.67596,35.52381],[128.6761,35.52361],[128.67622,35.52344],[128.67661,35.52299],[128.67774,35.52262],[128.67795,35.52261],[128.67815,35.5226],[128.67879,35.52257],[128.67987,35.52241],[128.68384,35.52129],[128.68516,35.52086],[128.68566,35.52061],[128.68591,35.52044],[128.686,35.52038],[128.68726,35.51921],[128.68849,35.51785],[128.68898,35.51715],[128.68918,35.51721],[128.69126,35.51807],[128.69144,35.51823],[128.69274,35.52008],[128.6929,35.52035],[128.69314,35.52106],[128.69327,35.52145],[128.69334,35.52202],[128.69336,35.52261],[128.69347,35.52281],[128.69363,35.52286],[128.69433,35.5229],[128.69568,35.5227],[128.69973,35.52066],[128.69986,35.52057],[128.69994,35.52047],[128.70113,35.51819],[128.70114,35.51811],[128.7009,35.51802],[128.7005,35.51786],[128.70007,35.51764],[128.70002,35.51757],[128.69993,35.51748],[128.69939,35.5168],[128.69931,35.51668],[128.6992,35.51654],[128.69916,35.51631],[128.69918,35.51545],[128.69923,35.51443],[128.69914,35.51304],[128.69903,35.51262],[128.69871,35.51194],[128.69858,35.51177],[128.69851,35.51173],[128.69839,35.51167],[128.69824,35.51163],[128.69812,35.5116],[128.69796,35.51156],[128.69777,35.51152],[128.69752,35.5115],[128.69705,35.51144],[128.69655,35.51127],[128.6957,35.51079],[128.69342,35.50902],[128.69465,35.50575],[128.69594,35.50304],[128.69614,35.50271],[128.69622,35.5026],[128.69696,35.50206],[128.69777,35.50149],[128.69818,35.50123],[128.699,35.50074],[128.7015,35.49944],[128.70171,35.49936],[128.70215,35.4992],[128.70263,35.49905],[128.70292,35.49896],[128.70313,35.49891],[128.70342,35.49885],[128.70352,35.49883],[128.7036,35.49883],[128.70369,35.49882],[128.70477,35.49883],[128.7057,35.49887],[128.70589,35.49887],[128.70597,35.49886],[128.70603,35.49885],[128.70614,35.49884],[128.70624,35.49882],[128.7066,35.49876],[128.70684,35.49871],[128.707,35.49866],[128.70707,35.49861],[128.7071,35.49857],[128.70787,35.4976],[128.70792,35.49753],[128.70797,35.49744],[128.70804,35.49732],[128.70809,35.49719],[128.70818,35.497],[128.7082,35.49695],[128.70822,35.49689],[128.70824,35.4968],[128.70825,35.49675],[128.70824,35.49665],[128.70834,35.49523],[128.70883,35.49343],[128.70886,35.49334],[128.70892,35.49321],[128.709,35.49309],[128.70911,35.49297],[128.70914,35.49293],[128.70917,35.49289],[128.71015,35.4919],[128.71055,35.49157],[128.71159,35.49054],[128.71214,35.48752],[128.71258,35.48573],[128.71327,35.48312],[128.71436,35.47976],[128.71682,35.47691],[128.71684,35.47688],[128.71685,35.47685],[128.71684,35.47679],[128.71642,35.47293],[128.7164,35.47285],[128.71536,35.47113],[128.71419,35.46955],[128.71334,35.46845],[128.71204,35.46554],[128.712,35.46546],[128.71199,35.46537],[128.71199,35.46528],[128.712,35.46433],[128.71133,35.46284],[128.70711,35.46348],[128.70676,35.46345],[128.7057,35.46342],[128.70561,35.46342],[128.70552,35.46342],[128.70516,35.4635],[128.70498,35.46354],[128.7048,35.4636],[128.7047,35.46364],[128.7046,35.46367],[128.70445,35.46374],[128.70433,35.46381],[128.70424,35.46387],[128.70411,35.46399],[128.70403,35.46408],[128.70384,35.46434],[128.70111,35.46822],[128.70107,35.46832],[128.70081,35.46908],[128.70076,35.46922],[128.70044,35.47042],[128.70021,35.47135],[128.70019,35.47153],[128.70018,35.47169],[128.70016,35.47176],[128.70009,35.47193],[128.70005,35.47201],[128.70002,35.47207],[128.69994,35.47218],[128.69974,35.4724],[128.6996,35.4725],[128.69916,35.47269],[128.69875,35.47282],[128.69856,35.47289],[128.69836,35.47295],[128.69816,35.473],[128.69796,35.47304],[128.69352,35.47399],[128.6933,35.47402],[128.69274,35.47391],[128.6923,35.47433],[128.69217,35.47441],[128.6921,35.47445],[128.69203,35.47449],[128.69199,35.47452],[128.69194,35.47454],[128.69039,35.47511],[128.69033,35.4751],[128.68804,35.47378],[128.68797,35.47373],[128.68272,35.47468],[128.68256,35.47476],[128.68245,35.47481],[128.68226,35.47486],[128.68219,35.47487],[128.68214,35.47486],[128.68212,35.47484],[128.68208,35.47477],[128.68124,35.47302],[128.68118,35.4729],[128.68117,35.47284],[128.68116,35.4728],[128.68118,35.47245],[128.68119,35.47227],[128.68161,35.46916],[128.68209,35.46595],[128.68215,35.46581],[128.68222,35.46565],[128.6823,35.46545],[128.68233,35.46539],[128.68235,35.46528],[128.68244,35.46383],[128.68244,35.46379],[128.68244,35.46373],[128.68243,35.46365],[128.68221,35.46267],[128.68217,35.4626],[128.67882,35.45608],[128.67699,35.45291],[128.67502,35.45059],[128.67447,35.44838],[128.67538,35.44766],[128.67627,35.44749],[128.67717,35.44722],[128.67734,35.44715],[128.67906,35.44615],[128.67909,35.44613],[128.67913,35.44611],[128.67916,35.44607],[128.67918,35.44603],[128.67916,35.44596],[128.67899,35.44556],[128.67853,35.44466],[128.67846,35.44457],[128.67588,35.44219],[128.67541,35.44188],[128.67528,35.44182],[128.67523,35.4418],[128.67518,35.44176],[128.67513,35.44173],[128.67497,35.44161],[128.67488,35.44152],[128.67482,35.44142],[128.67481,35.44133],[128.67486,35.44122],[128.6764,35.43989],[128.67814,35.43854],[128.67686,35.43727],[128.67387,35.43609],[128.67205,35.43542],[128.67202,35.4354],[128.67198,35.43537],[128.67191,35.43532],[128.67179,35.4352],[128.67167,35.43507],[128.67164,35.43503],[128.67158,35.43496],[128.66976,35.43335],[128.6672,35.43138],[128.66677,35.43108],[128.66664,35.43099],[128.66643,35.43089],[128.66606,35.4308],[128.66581,35.43074],[128.66543,35.43074],[128.66482,35.43077],[128.6645,35.43076],[128.66411,35.43074],[128.66396,35.43069],[128.66385,35.43065],[128.66371,35.4306],[128.66351,35.43049],[128.66313,35.43027],[128.65832,35.42766],[128.65258,35.42516],[128.65107,35.42552],[128.64954,35.42671],[128.64726,35.4303],[128.64516,35.4324],[128.64504,35.43251],[128.64467,35.43275],[128.64443,35.4328],[128.64023,35.43379],[128.63614,35.43477],[128.63608,35.4348],[128.63604,35.43484],[128.63565,35.4353],[128.63468,35.43646],[128.63448,35.43671],[128.63443,35.43687],[128.63442,35.4371],[128.63443,35.43728],[128.63447,35.43748],[128.63453,35.43768],[128.63457,35.43789],[128.63459,35.43808],[128.63459,35.43832],[128.63456,35.43885],[128.63443,35.44061],[128.63442,35.44065],[128.6344,35.4408],[128.63435,35.44103],[128.63354,35.44459],[128.63277,35.44641],[128.6325,35.44689],[128.63238,35.4471],[128.63149,35.44852],[128.63135,35.44873],[128.6312,35.44893],[128.6311,35.44902],[128.631,35.44909],[128.62648,35.45149],[128.62621,35.45163],[128.62602,35.45171],[128.62564,35.45178],[128.62516,35.45184],[128.6249,35.45183],[128.62461,35.4518],[128.6243,35.45176],[128.62368,35.45168],[128.62337,35.45164],[128.6232,35.45159],[128.61757,35.44912],[128.61563,35.44703],[128.61558,35.44686],[128.61548,35.44661],[128.61538,35.44636],[128.61521,35.44599],[128.61516,35.44595],[128.61513,35.44594],[128.61508,35.44593],[128.61503,35.44593],[128.61325,35.44634],[128.61314,35.44637],[128.61281,35.44647],[128.60823,35.44799],[128.60809,35.44807],[128.6079,35.44817],[128.60737,35.44851],[128.60708,35.4488],[128.60682,35.44908],[128.60659,35.44935],[128.60636,35.44961],[128.60626,35.44977],[128.60622,35.4499],[128.60613,35.4502],[128.60256,35.45127],[128.59525,35.45303],[128.58899,35.45233],[128.58762,35.45237],[128.58708,35.4528],[128.58662,35.45308],[128.58639,35.4532],[128.58616,35.45328],[128.58596,35.45333],[128.58575,35.45336],[128.58507,35.45342],[128.58471,35.45344],[128.58449,35.45346],[128.58408,35.45352],[128.58378,35.45359],[128.58341,35.45368],[128.58312,35.45376],[128.58305,35.45379],[128.583,35.45382],[128.58109,35.45531],[128.58104,35.45534],[128.58103,35.45538],[128.58104,35.45545],[128.58108,35.45555],[128.5811,35.45568],[128.5811,35.4558],[128.58105,35.45596],[128.58096,35.45614],[128.58079,35.45641],[128.5805,35.45681],[128.5803,35.45703],[128.58006,35.45726],[128.5781,35.45911],[128.57731,35.45978],[128.57725,35.45986],[128.5772,35.45996],[128.57718,35.46008],[128.57718,35.46016],[128.57722,35.46031],[128.57814,35.46362],[128.57819,35.46379],[128.57863,35.46473],[128.57873,35.46496],[128.57884,35.46516],[128.57906,35.46543],[128.57925,35.46571],[128.57932,35.46586],[128.57935,35.46599],[128.57935,35.46615],[128.57931,35.46631],[128.57921,35.46658],[128.57731,35.47035],[128.57728,35.4704],[128.57717,35.47046],[128.57529,35.47119],[128.5737,35.47231],[128.5731,35.47435],[128.57304,35.47455],[128.57287,35.47563],[128.57278,35.47681],[128.57273,35.47763],[128.57276,35.47805],[128.57302,35.47861],[128.57311,35.4788],[128.57319,35.479],[128.57324,35.4792],[128.57324,35.47935],[128.57322,35.47946],[128.57315,35.47973],[128.57301,35.48004],[128.57284,35.48034],[128.57177,35.48484],[128.57165,35.4857],[128.57171,35.48578],[128.57189,35.48602],[128.57244,35.48691],[128.57332,35.48857],[128.57335,35.48879],[128.57338,35.48913],[128.57336,35.48936],[128.57334,35.48944],[128.5733,35.48952],[128.5731,35.48969],[128.57278,35.4899],[128.57265,35.48996],[128.57232,35.49001],[128.57201,35.49008],[128.57154,35.49021],[128.57149,35.49025],[128.57147,35.49034],[128.57107,35.49211],[128.57107,35.49229],[128.57142,35.49328],[128.57151,35.49353],[128.57467,35.5019],[128.57756,35.50574],[128.57778,35.50575],[128.57816,35.50572],[128.5803,35.5055],[128.58064,35.50538],[128.5812,35.50508],[128.58203,35.50463],[128.58221,35.50453],[128.58243,35.50448],[128.58428,35.50438],[128.58456,35.50442],[128.58474,35.50447],[128.58585,35.50506],[128.58617,35.50533],[128.58631,35.50547],[128.58634,35.5056],[128.58621,35.5059],[128.5862,35.50601],[128.58631,35.50666],[128.58637,35.50685],[128.58648,35.50705],[128.58661,35.50727],[128.58671,35.5074],[128.58781,35.50854],[128.58802,35.50873],[128.58833,35.50891],[128.58876,35.50909],[128.589,35.50922],[128.58916,35.50936],[128.58948,35.50983],[128.58975,35.51028],[128.59019,35.51167],[128.59031,35.51282],[128.59035,35.51322],[128.59049,35.51387],[128.59056,35.51405],[128.59062,35.51413],[128.59075,35.51424],[128.59121,35.51449],[128.59149,35.51463],[128.59176,35.51478],[128.59183,35.51488],[128.59183,35.51498],[128.59168,35.51667],[128.59158,35.5169],[128.59227,35.5183],[128.59243,35.51852],[128.59296,35.51901],[128.59302,35.51906],[128.59314,35.51913],[128.59326,35.51921],[128.59351,35.51921],[128.60051,35.51882],[128.60078,35.51879],[128.60226,35.51863],[128.60568,35.51795],[128.6088,35.51772],[128.61272,35.51762],[128.61569,35.51685],[128.61589,35.51676],[128.61708,35.5165],[128.61788,35.51635],[128.61807,35.51634],[128.61819,35.51637],[128.62279,35.51826],[128.62287,35.5183],[128.62314,35.51859],[128.62321,35.51876],[128.62346,35.51989],[128.62349,35.52003],[128.62356,35.52039],[128.62366,35.52101],[128.62381,35.52173],[128.62395,35.52194],[128.62434,35.52253],[128.62528,35.52376],[128.62552,35.524],[128.62563,35.52407],[128.62573,35.52412],[128.62609,35.52419],[128.62901,35.52464],[128.63292,35.525],[128.63313,35.52505],[128.63318,35.52506],[128.63323,35.52508],[128.63335,35.52517],[128.63356,35.52538],[128.63384,35.5256],[128.63411,35.52573],[128.63709,35.52641],[128.63725,35.52644],[128.64003,35.52697],[128.64508,35.52936],[128.64532,35.52948],[128.64807,35.53126],[128.64835,35.53147],[128.65024,35.53314],[128.65039,35.53407],[128.65073,35.53631],[128.65077,35.53644],[128.65081,35.53655],[128.65228,35.53921],[128.65298,35.54042],[128.65305,35.5405],[128.65313,35.54059],[128.65908,35.54518],[128.65944,35.54538],[128.66004,35.54533],[128.6609,35.54515],[128.6618,35.54491],[128.66265,35.54446],[128.66437,35.54697],[128.66484,35.5478],[128.66721,35.54971],[128.6687,35.55073],[128.66906,35.55093],[128.66939,35.55105],[128.67145,35.55113],[128.67203,35.55114],[128.67255,35.55108],[128.67368,35.55107]]]]}},{"type":"Feature","properties":{"code":"48270390","name":"청도면","parent":"48270"},"geometry":{"type":"MultiPolygon","coordinates":[[[[128.69128,35.59442],[128.69163,35.59303],[128.69172,35.59274],[128.69192,35.59239],[128.69216,35.59203],[128.69244,35.5917],[128.69332,35.59047],[128.69401,35.5888],[128.69444,35.58716],[128.69452,35.58683],[128.69502,35.5853],[128.69527,35.58454],[128.69547,35.58399],[128.69565,35.58367],[128.69591,35.58325],[128.69624,35.58288],[128.69713,35.58227],[128.69734,35.58215],[128.69741,35.58212],[128.69685,35.58034],[128.69666,35.57977],[128.69654,35.57942],[128.69625,35.57883],[128.69597,35.57851],[128.69574,35.57836],[128.69395,35.57738],[128.69279,35.57683],[128.69249,35.57666],[128.69228,35.57641],[128.69196,35.57599],[128.69034,35.57379],[128.68849,35.57124],[128.68838,35.57105],[128.68825,35.57092],[128.68813,35.57083],[128.68673,35.5701],[128.68589,35.5697],[128.68483,35.56926],[128.68462,35.56917],[128.6844,35.56912],[128.6841,35.56916],[128.68382,35.56932],[128.68319,35.56989],[128.68294,35.57023],[128.68268,35.57053],[128.68246,35.57065],[128.67967,35.57131],[128.67934,35.57135],[128.679,35.57133],[128.6771,35.5708],[128.67616,35.57047],[128.67593,35.57032],[128.67573,35.56998],[128.6749,35.5678],[128.67515,35.56592],[128.67552,35.56461],[128.67555,35.5643],[128.67544,35.56239],[128.67515,35.55771],[128.67512,35.55734],[128.67502,35.55702],[128.6736,35.55355],[128.67368,35.55107],[128.67255,35.55108],[128.67203,35.55114],[128.67145,35.55113],[128.66939,35.55105],[128.66906,35.55093],[128.6687,35.55073],[128.66721,35.54971],[128.66484,35.5478],[128.66437,35.54697],[128.66265,35.54446],[128.6618,35.54491],[128.6609,35.54515],[128.66004,35.54533],[128.65944,35.54538],[128.65908,35.54518],[128.65313,35.54059],[128.65305,35.5405],[128.65298,35.54042],[128.65228,35.53921],[128.65081,35.53655],[128.65077,35.53644],[128.65073,35.53631],[128.65039,35.53407],[128.65024,35.53314],[128.64835,35.53147],[128.64807,35.53126],[128.64532,35.52948],[128.64508,35.52936],[128.64003,35.52697],[128.63725,35.52644],[128.63709,35.52641],[128.63411,35.52573],[128.63384,35.5256],[128.63356,35.52538],[128.63335,35.52517],[128.63323,35.52508],[128.63318,35.52506],[128.63313,35.52505],[128.63292,35.525],[128.62901,35.52464],[128.62609,35.52419],[128.62573,35.52412],[128.62563,35.52407],[128.62552,35.524],[128.62528,35.52376],[128.62434,35.52253],[128.62395,35.52194],[128.62381,35.52173],[128.62366,35.52101],[128.62356,35.52039],[128.62349,35.52003],[128.62346,35.51989],[128.62321,35.51876],[128.62314,35.51859],[128.62287,35.5183],[128.62279,35.51826],[128.61819,35.51637],[128.61807,35.51634],[128.61788,35.51635],[128.61708,35.5165],[128.61589,35.51676],[128.61569,35.51685],[128.61272,35.51762],[128.6088,35.51772],[128.60568,35.51795],[128.60226,35.51863],[128.60078,35.51879],[128.60051,35.51882],[128.59351,35.51921],[128.59326,35.51921],[128.59314,35.51913],[128.59302,35.51906],[128.59296,35.51901],[128.59243,35.51852],[128.59227,35.5183],[128.59158,35.5169],[128.5906,35.5177],[128.5887,35.51869],[128.5851,35.52072],[128.58497,35.5208],[128.5849,35.52088],[128.58241,35.52427],[128.58229,35.52699],[128.58244,35.52718],[128.58307,35.52804],[128.58374,35.52908],[128.58376,35.52915],[128.58373,35.52923],[128.58193,35.53492],[128.58183,35.53509],[128.58169,35.53525],[128.58124,35.53563],[128.57946,35.5367],[128.57931,35.53677],[128.57916,35.53684],[128.57864,35.53697],[128.5783,35.53702],[128.57776,35.53705],[128.57714,35.53704],[128.57721,35.53717],[128.5777,35.53789],[128.57782,35.53803],[128.57803,35.53819],[128.5783,35.53832],[128.57994,35.53882],[128.58019,35.53885],[128.5834,35.539],[128.58487,35.53903],[128.58514,35.539],[128.58589,35.53891],[128.58613,35.53882],[128.58742,35.53822],[128.5887,35.53741],[128.59097,35.53673],[128.59107,35.53672],[128.59114,35.53673],[128.5912,35.53676],[128.59123,35.53678],[128.59374,35.54049],[128.59287,35.54237],[128.5927,35.54242],[128.5918,35.54273],[128.59172,35.54279],[128.59066,35.54367],[128.58753,35.54772],[128.58774,35.54923],[128.58775,35.54958],[128.58772,35.54979],[128.58769,35.54986],[128.58735,35.55026],[128.58561,35.55386],[128.58546,35.55466],[128.58551,35.55509],[128.58571,35.55536],[128.58634,35.55619],[128.58641,35.55626],[128.58649,35.55632],[128.58775,35.55692],[128.58825,35.55712],[128.58836,35.55718],[128.58853,35.55725],[128.5888,35.55741],[128.5889,35.55764],[128.58952,35.55954],[128.58964,35.55996],[128.58965,35.56034],[128.5896,35.56107],[128.58948,35.56156],[128.58899,35.56298],[128.58889,35.56321],[128.58853,35.56386],[128.5879,35.56456],[128.58776,35.5647],[128.58757,35.56482],[128.58702,35.56497],[128.58642,35.56512],[128.58608,35.56527],[128.584,35.56701],[128.5844,35.56823],[128.58477,35.56895],[128.58502,35.56925],[128.58518,35.56945],[128.58521,35.56951],[128.5853,35.56966],[128.58542,35.56996],[128.58624,35.57247],[128.58626,35.57255],[128.58639,35.57315],[128.58582,35.57803],[128.58575,35.57848],[128.58559,35.57905],[128.58535,35.57968],[128.5853,35.57978],[128.58807,35.58194],[128.58839,35.58217],[128.58861,35.5823],[128.5888,35.5824],[128.59076,35.58339],[128.59202,35.58388],[128.59344,35.58433],[128.5937,35.5845],[128.59414,35.58419],[128.59437,35.58404],[128.59628,35.58281],[128.59792,35.58199],[128.60116,35.58083],[128.60217,35.58073],[128.60469,35.58056],[128.60685,35.58042],[128.61393,35.58221],[128.61609,35.58313],[128.61646,35.58349],[128.61675,35.58374],[128.6175,35.58433],[128.61759,35.58437],[128.62032,35.58445],[128.62631,35.58481],[128.62662,35.58484],[128.6271,35.58498],[128.62745,35.58513],[128.62761,35.58529],[128.62767,35.58551],[128.62835,35.58619],[128.62976,35.58643],[128.63109,35.58666],[128.63129,35.58656],[128.63149,35.5864],[128.63291,35.58527],[128.63589,35.58407],[128.63599,35.58409],[128.63707,35.58615],[128.64062,35.58908],[128.64363,35.59235],[128.64767,35.59406],[128.64777,35.59408],[128.64849,35.59425],[128.65009,35.5948],[128.65036,35.59491],[128.65417,35.59659],[128.65462,35.59682],[128.65479,35.59694],[128.65496,35.5972],[128.65533,35.598],[128.65649,35.5975],[128.65729,35.59761],[128.65784,35.59771],[128.65803,35.59774],[128.65849,35.59763],[128.65908,35.59742],[128.65953,35.59723],[128.66172,35.59604],[128.66205,35.59582],[128.66236,35.59557],[128.66274,35.59525],[128.66351,35.59459],[128.66492,35.59432],[128.66585,35.59424],[128.66622,35.59422],[128.66714,35.59424],[128.66757,35.59425],[128.67036,35.5945],[128.67056,35.59453],[128.67144,35.59505],[128.67182,35.59528],[128.67212,35.59552],[128.67246,35.59585],[128.67936,35.59519],[128.68209,35.59517],[128.68779,35.59511],[128.68876,35.59508],[128.68932,35.59502],[128.68982,35.59493],[128.69027,35.59481],[128.69083,35.59463],[128.69118,35.59448],[128.69128,35.59442]]]]}},{"type":"Feature","properties":{"code":"48270510","name":"내일동","parent":"48270"},"geometry":{"type":"MultiPolygon","coordinates":[[[[128.78473,35.50033],[128.78566,35.49963],[128.79017,35.49687],[128.79046,35.49669],[128.79072,35.49654],[128.79104,35.49638],[128.79123,35.49628],[128.7918,35.49603],[128.79201,35.49596],[128.79239,35.49584],[128.79648,35.49452],[128.79845,35.494],[128.79984,35.49298],[128.80012,35.49261],[128.80034,35.49238],[128.80067,35.49214],[128.80116,35.4919],[128.80154,35.49178],[128.80193,35.49166],[128.80497,35.49069],[128.80539,35.49057],[128.80594,35.4897],[128.80619,35.48934],[128.80654,35.48885],[128.8067,35.48864],[128.80673,35.48861],[128.80676,35.48859],[128.81348,35.48393],[128.81704,35.48228],[128.81736,35.48219],[128.82075,35.48132],[128.82082,35.48132],[128.82088,35.48132],[128.82939,35.48091],[128.83062,35.48117],[128.83085,35.4812],[128.83097,35.4812],[128.83104,35.48116],[128.83239,35.47975],[128.8325,35.47964],[128.83252,35.47958],[128.83267,35.47789],[128.8328,35.47627],[128.83345,35.47458],[128.83442,35.47318],[128.83561,35.47165],[128.83564,35.47161],[128.83568,35.47157],[128.83569,35.47144],[128.8357,35.47106],[128.83566,35.47059],[128.83563,35.47047],[128.83516,35.46948],[128.83465,35.46867],[128.83459,35.46861],[128.8345,35.46844],[128.83444,35.46831],[128.83442,35.4682],[128.83443,35.46802],[128.83469,35.46643],[128.83476,35.46629],[128.83482,35.46622],[128.83258,35.46608],[128.83233,35.46608],[128.83173,35.46608],[128.83163,35.46609],[128.83159,35.46613],[128.83109,35.46669],[128.83102,35.46686],[128.83098,35.46713],[128.83096,35.46748],[128.83092,35.46784],[128.83082,35.4681],[128.83062,35.46859],[128.83059,35.46863],[128.82865,35.46955],[128.82844,35.46962],[128.8282,35.46969],[128.82793,35.46973],[128.82642,35.46994],[128.82636,35.46994],[128.8263,35.46994],[128.82614,35.46992],[128.82601,35.4699],[128.8255,35.46981],[128.82541,35.46977],[128.82532,35.4697],[128.82519,35.46959],[128.82506,35.4695],[128.8248,35.46933],[128.82474,35.46929],[128.82471,35.46927],[128.82453,35.4692],[128.82433,35.46915],[128.82423,35.46913],[128.82191,35.46893],[128.81929,35.46887],[128.81897,35.46888],[128.81876,35.46889],[128.81855,35.4689],[128.8184,35.46892],[128.81823,35.46894],[128.81813,35.46896],[128.81804,35.46897],[128.81792,35.46901],[128.81778,35.46906],[128.81759,35.46917],[128.81745,35.46927],[128.81733,35.46935],[128.8171,35.4695],[128.81702,35.46954],[128.81692,35.4696],[128.81673,35.46968],[128.81648,35.46977],[128.81629,35.46981],[128.8161,35.46982],[128.80925,35.47075],[128.80914,35.47082],[128.80759,35.47152],[128.80356,35.47292],[128.80333,35.47298],[128.80309,35.47303],[128.80281,35.47307],[128.80267,35.47309],[128.80254,35.47311],[128.80156,35.47312],[128.80263,35.47465],[128.80315,35.47655],[128.80135,35.47749],[128.79848,35.47966],[128.7978,35.48168],[128.7938,35.48382],[128.79322,35.48522],[128.79322,35.48536],[128.79315,35.48678],[128.78287,35.48648],[128.7816,35.48443],[128.78102,35.48349],[128.77705,35.48175],[128.77414,35.48067],[128.77132,35.48092],[128.76924,35.4811],[128.76864,35.48115],[128.76625,35.48341],[128.76557,35.48406],[128.76458,35.48421],[128.76276,35.4845],[128.76312,35.48505],[128.76313,35.48547],[128.76293,35.4864],[128.76291,35.48643],[128.76276,35.4868],[128.76203,35.48804],[128.76171,35.48834],[128.76052,35.48944],[128.76002,35.48988],[128.75945,35.49025],[128.75883,35.49043],[128.75832,35.49054],[128.75776,35.49064],[128.75735,35.49065],[128.75628,35.49067],[128.75587,35.49068],[128.75532,35.49067],[128.75528,35.49067],[128.75493,35.49066],[128.75396,35.49064],[128.75337,35.4906],[128.75276,35.49055],[128.75272,35.49055],[128.75242,35.49051],[128.75208,35.49046],[128.75188,35.49041],[128.75184,35.4904],[128.75121,35.49025],[128.7508,35.49015],[128.75068,35.49071],[128.75176,35.49737],[128.75209,35.49917],[128.75213,35.49918],[128.75229,35.49921],[128.75235,35.49921],[128.7524,35.49922],[128.75829,35.49893],[128.75892,35.4989],[128.75911,35.49875],[128.75974,35.49881],[128.7601,35.49888],[128.76047,35.49912],[128.76056,35.49921],[128.7619,35.50152],[128.76193,35.50161],[128.76194,35.50169],[128.76193,35.50174],[128.7619,35.50196],[128.76189,35.50226],[128.76189,35.50233],[128.76193,35.50242],[128.76199,35.50252],[128.76213,35.50267],[128.763,35.50293],[128.76309,35.50295],[128.76314,35.50296],[128.7632,35.50297],[128.76703,35.50333],[128.76709,35.50333],[128.76716,35.50333],[128.76731,35.50332],[128.76774,35.50326],[128.76776,35.50324],[128.7678,35.50323],[128.76878,35.50273],[128.77044,35.5028],[128.77068,35.50273],[128.77354,35.50118],[128.77357,35.50116],[128.7736,35.50113],[128.77373,35.50094],[128.77379,35.50087],[128.77387,35.50077],[128.77413,35.50056],[128.77417,35.50053],[128.77466,35.50027],[128.77613,35.49948],[128.77625,35.49942],[128.77632,35.49939],[128.77638,35.49938],[128.77645,35.49937],[128.78183,35.49878],[128.78213,35.49876],[128.78234,35.49875],[128.78277,35.49872],[128.7836,35.49911],[128.78383,35.49928],[128.78409,35.49949],[128.78435,35.49973],[128.78457,35.49994],[128.78473,35.50033]]]]}},{"type":"Feature","properties":{"code":"48270520","name":"내이동","parent":"48270"},"geometry":{"type":"MultiPolygon","coordinates":[[[[128.74414,35.50525],[128.74457,35.50452],[128.74516,35.50304],[128.74543,35.50225],[128.74545,35.50219],[128.74896,35.50284],[128.74946,35.50295],[128.74955,35.503],[128.74966,35.50304],[128.75064,35.50324],[128.75283,35.50362],[128.75293,35.50363],[128.75298,35.50362],[128.753,35.50355],[128.75298,35.50331],[128.75294,35.50304],[128.75279,35.50218],[128.75276,35.50196],[128.75273,35.50179],[128.7527,35.50164],[128.75262,35.50126],[128.75256,35.50097],[128.75256,35.50094],[128.75253,35.5008],[128.75249,35.50062],[128.75248,35.50058],[128.75245,35.50048],[128.75244,35.50045],[128.75209,35.49917],[128.75176,35.49737],[128.75068,35.49071],[128.7508,35.49015],[128.75071,35.49013],[128.74983,35.48978],[128.74897,35.48942],[128.74844,35.48919],[128.74776,35.48889],[128.74773,35.48887],[128.74768,35.48884],[128.74627,35.48804],[128.74376,35.48659],[128.74283,35.48592],[128.74103,35.48426],[128.74078,35.48445],[128.74055,35.48464],[128.74044,35.48475],[128.74032,35.48488],[128.74009,35.48517],[128.73991,35.48544],[128.7367,35.49111],[128.73647,35.4916],[128.73642,35.49177],[128.73643,35.49193],[128.73671,35.49243],[128.73692,35.4928],[128.73711,35.49307],[128.73746,35.49354],[128.73764,35.49394],[128.73793,35.49487],[128.73797,35.49516],[128.738,35.49553],[128.73798,35.49567],[128.73796,35.49591],[128.73764,35.49727],[128.73716,35.4983],[128.73712,35.49838],[128.73671,35.499],[128.73653,35.49922],[128.73643,35.49934],[128.73621,35.4996],[128.73481,35.50127],[128.73476,35.50132],[128.73466,35.50141],[128.73445,35.50158],[128.73427,35.50171],[128.7341,35.50184],[128.734,35.50189],[128.73392,35.50192],[128.73368,35.50199],[128.73343,35.50209],[128.73324,35.50218],[128.7331,35.50226],[128.73295,35.50233],[128.73281,35.50248],[128.73173,35.50377],[128.73161,35.50394],[128.73149,35.50413],[128.73131,35.50449],[128.73114,35.5051],[128.73101,35.50608],[128.73091,35.50666],[128.7308,35.50698],[128.73061,35.50742],[128.73028,35.50815],[128.72978,35.50869],[128.72938,35.50911],[128.72897,35.50955],[128.72912,35.50984],[128.7292,35.50994],[128.72934,35.51007],[128.7325,35.51212],[128.73262,35.51219],[128.73364,35.51241],[128.73391,35.51226],[128.73423,35.51206],[128.7361,35.51033],[128.73619,35.51027],[128.7389,35.50913],[128.74083,35.50848],[128.74376,35.50692],[128.74414,35.50525]]]]}},{"type":"Feature","properties":{"code":"48270550","name":"교동","parent":"48270"},"geometry":{"type":"MultiPolygon","coordinates":[[[[128.77283,35.51697],[128.77293,35.5135],[128.77276,35.51299],[128.77269,35.51275],[128.77265,35.51247],[128.77261,35.51221],[128.77265,35.512],[128.77276,35.5118],[128.77294,35.51153],[128.77416,35.51014],[128.77456,35.50972],[128.77472,35.50955],[128.77491,35.5094],[128.77518,35.50927],[128.77544,35.50917],[128.77642,35.5088],[128.77808,35.508],[128.78077,35.50658],[128.78108,35.50638],[128.78384,35.50461],[128.78397,35.50451],[128.7846,35.50383],[128.78484,35.50349],[128.78494,35.50329],[128.78503,35.50304],[128.78505,35.50265],[128.78503,35.50221],[128.78495,35.5017],[128.78473,35.50033],[128.78457,35.49994],[128.78435,35.49973],[128.78409,35.49949],[128.78383,35.49928],[128.7836,35.49911],[128.78277,35.49872],[128.78234,35.49875],[128.78213,35.49876],[128.78183,35.49878],[128.77645,35.49937],[128.77638,35.49938],[128.77632,35.49939],[128.77625,35.49942],[128.77613,35.49948],[128.77466,35.50027],[128.77417,35.50053],[128.77413,35.50056],[128.77387,35.50077],[128.77379,35.50087],[128.77373,35.50094],[128.7736,35.50113],[128.77357,35.50116],[128.77354,35.50118],[128.77068,35.50273],[128.77044,35.5028],[128.76878,35.50273],[128.7678,35.50323],[128.76776,35.50324],[128.76774,35.50326],[128.76731,35.50332],[128.76716,35.50333],[128.76709,35.50333],[128.76703,35.50333],[128.7632,35.50297],[128.76314,35.50296],[128.76309,35.50295],[128.763,35.50293],[128.76213,35.50267],[128.76199,35.50252],[128.76193,35.50242],[128.76189,35.50233],[128.76189,35.50226],[128.7619,35.50196],[128.76193,35.50174],[128.76194,35.50169],[128.76193,35.50161],[128.7619,35.50152],[128.76056,35.49921],[128.76047,35.49912],[128.7601,35.49888],[128.75974,35.49881],[128.75911,35.49875],[128.75892,35.4989],[128.75829,35.49893],[128.7524,35.49922],[128.75235,35.49921],[128.75229,35.49921],[128.75213,35.49918],[128.75209,35.49917],[128.75244,35.50045],[128.75245,35.50048],[128.75248,35.50058],[128.75249,35.50062],[128.75253,35.5008],[128.75256,35.50094],[128.75256,35.50097],[128.75262,35.50126],[128.7527,35.50164],[128.75273,35.50179],[128.75276,35.50196],[128.75279,35.50218],[128.75294,35.50304],[128.75298,35.50331],[128.753,35.50355],[128.75298,35.50362],[128.75293,35.50363],[128.75283,35.50362],[128.75064,35.50324],[128.74966,35.50304],[128.74955,35.503],[128.74946,35.50295],[128.74896,35.50284],[128.74545,35.50219],[128.74543,35.50225],[128.74516,35.50304],[128.74457,35.50452],[128.74414,35.50525],[128.7446,35.5061],[128.74506,35.50694],[128.74611,35.5079],[128.74631,35.50805],[128.7464,35.50803],[128.74648,35.508],[128.7466,35.50796],[128.74699,35.50793],[128.74718,35.50792],[128.74742,35.50798],[128.74764,35.50807],[128.74832,35.50836],[128.75125,35.51053],[128.75145,35.51074],[128.75157,35.5109],[128.75214,35.51177],[128.75231,35.51209],[128.75235,35.51218],[128.75234,35.51225],[128.75224,35.51245],[128.75203,35.51273],[128.75183,35.51295],[128.75174,35.51301],[128.75152,35.51315],[128.75137,35.51326],[128.75079,35.51397],[128.7507,35.5141],[128.75057,35.5144],[128.75043,35.51501],[128.75036,35.51539],[128.75016,35.51728],[128.75018,35.51745],[128.75039,35.5183],[128.75048,35.51863],[128.75058,35.51877],[128.75068,35.5189],[128.75168,35.51969],[128.75283,35.51862],[128.75296,35.51853],[128.75311,35.51847],[128.75325,35.51844],[128.75345,35.51844],[128.75365,35.51849],[128.7544,35.51868],[128.75508,35.51886],[128.7563,35.51898],[128.7567,35.519],[128.75691,35.51895],[128.75709,35.51888],[128.75733,35.51869],[128.75793,35.51812],[128.7585,35.5175],[128.75859,35.51743],[128.76671,35.51426],[128.76684,35.51815],[128.76683,35.51826],[128.76698,35.51996],[128.76701,35.52002],[128.76711,35.52006],[128.76754,35.52007],[128.76783,35.52003],[128.76791,35.52002],[128.76809,35.51996],[128.76829,35.51985],[128.76899,35.51934],[128.76985,35.51861],[128.77048,35.51819],[128.77153,35.51757],[128.77259,35.51703],[128.77283,35.51697]]]]}},{"type":"Feature","properties":{"code":"48270530","name":"삼문동","parent":"48270"},"geometry":{"type":"MultiPolygon","coordinates":[[[[128.76276,35.4845],[128.76258,35.48441],[128.7623,35.48424],[128.76204,35.48408],[128.76199,35.48403],[128.76195,35.48398],[128.76031,35.48185],[128.76004,35.48134],[128.75977,35.48084],[128.75897,35.4793],[128.75827,35.47796],[128.75798,35.47727],[128.75776,35.47707],[128.75493,35.47596],[128.75467,35.47608],[128.75398,35.47635],[128.75368,35.47646],[128.7531,35.47662],[128.75276,35.47668],[128.75097,35.47674],[128.75047,35.47676],[128.74868,35.47686],[128.74595,35.47703],[128.74575,35.47705],[128.74558,35.47706],[128.74505,35.47714],[128.74463,35.47725],[128.74445,35.4773],[128.74363,35.47761],[128.74318,35.47781],[128.74274,35.47808],[128.74242,35.47833],[128.74152,35.47915],[128.74121,35.47944],[128.74083,35.47982],[128.74073,35.48003],[128.74065,35.48032],[128.74058,35.48064],[128.74054,35.48098],[128.74054,35.48103],[128.74058,35.48183],[128.74103,35.48426],[128.74283,35.48592],[128.74376,35.48659],[128.74627,35.48804],[128.74768,35.48884],[128.74773,35.48887],[128.74776,35.48889],[128.74844,35.48919],[128.74897,35.48942],[128.74983,35.48978],[128.75071,35.49013],[128.7508,35.49015],[128.75121,35.49025],[128.75184,35.4904],[128.75188,35.49041],[128.75208,35.49046],[128.75242,35.49051],[128.75272,35.49055],[128.75276,35.49055],[128.75337,35.4906],[128.75396,35.49064],[128.75493,35.49066],[128.75528,35.49067],[128.75532,35.49067],[128.75587,35.49068],[128.75628,35.49067],[128.75735,35.49065],[128.75776,35.49064],[128.75832,35.49054],[128.75883,35.49043],[128.75945,35.49025],[128.76002,35.48988],[128.76052,35.48944],[128.76171,35.48834],[128.76203,35.48804],[128.76276,35.4868],[128.76291,35.48643],[128.76293,35.4864],[128.76313,35.48547],[128.76312,35.48505],[128.76276,35.4845]]]]}},{"type":"Feature","properties":{"code":"48270540","name":"가곡동","parent":"48270"},"geometry":{"type":"MultiPolygon","coordinates":[[[[128.80156,35.47312],[128.80122,35.47346],[128.79917,35.47353],[128.79895,35.47352],[128.79827,35.47345],[128.79819,35.47342],[128.79807,35.47335],[128.79581,35.47186],[128.79528,35.47137],[128.79506,35.47113],[128.79484,35.47085],[128.7936,35.46798],[128.79361,35.46782],[128.79378,35.46744],[128.79405,35.46695],[128.79438,35.46567],[128.79449,35.46488],[128.79452,35.46438],[128.7945,35.46426],[128.79285,35.46076],[128.79236,35.46024],[128.79226,35.46016],[128.79209,35.46005],[128.79182,35.46003],[128.78874,35.46005],[128.78836,35.46012],[128.7861,35.46067],[128.78581,35.4608],[128.78567,35.46087],[128.78521,35.46123],[128.78475,35.46325],[128.78474,35.46328],[128.78463,35.46377],[128.7825,35.46703],[128.7788,35.469],[128.77824,35.46895],[128.77679,35.46883],[128.77521,35.4687],[128.77159,35.46855],[128.77013,35.46856],[128.76892,35.46864],[128.76829,35.46868],[128.76775,35.46873],[128.76768,35.46874],[128.76748,35.46885],[128.76558,35.46992],[128.76064,35.47271],[128.75824,35.47407],[128.75798,35.47727],[128.75827,35.47796],[128.75897,35.4793],[128.75977,35.48084],[128.76004,35.48134],[128.76031,35.48185],[128.76195,35.48398],[128.76199,35.48403],[128.76204,35.48408],[128.7623,35.48424],[128.76258,35.48441],[128.76276,35.4845],[128.76458,35.48421],[128.76557,35.48406],[128.76625,35.48341],[128.76864,35.48115],[128.76924,35.4811],[128.77132,35.48092],[128.77414,35.48067],[128.77705,35.48175],[128.78102,35.48349],[128.7816,35.48443],[128.78287,35.48648],[128.79315,35.48678],[128.79322,35.48536],[128.79322,35.48522],[128.7938,35.48382],[128.7978,35.48168],[128.79848,35.47966],[128.80135,35.47749],[128.80315,35.47655],[128.80263,35.47465],[128.80156,35.47312]]]]}}]}