{"type":"FeatureCollection","features":[{"type":"Feature","properties":{"code":"52710250","name":"삼례읍","parent":"52710"},"geometry":{"type":"MultiPolygon","coordinates":[[[[127.13461,35.91024],[127.13366,35.90974],[127.13088,35.90829],[127.12314,35.90433],[127.11918,35.90299],[127.11875,35.90288],[127.11814,35.90271],[127.11762,35.90255],[127.11714,35.90237],[127.11551,35.90164],[127.11424,35.90089],[127.11399,35.90074],[127.11379,35.90053],[127.1123,35.8989],[127.11216,35.89872],[127.11196,35.89836],[127.11174,35.89793],[127.1101,35.8972],[127.1088,35.89673],[127.10863,35.89668],[127.10776,35.89648],[127.10712,35.89634],[127.10677,35.89627],[127.1063,35.89619],[127.10583,35.89612],[127.10464,35.89611],[127.1045,35.89612],[127.1023,35.89621],[127.09992,35.89626],[127.09975,35.89626],[127.09958,35.89625],[127.09944,35.89624],[127.0979,35.89613],[127.09779,35.89609],[127.09771,35.89606],[127.09601,35.89524],[127.09482,35.89455],[127.0946,35.89434],[127.09453,35.89429],[127.09443,35.89427],[127.09431,35.89425],[127.09406,35.89423],[127.08952,35.89348],[127.08864,35.89331],[127.08776,35.89332],[127.08762,35.89334],[127.08699,35.89355],[127.08658,35.89378],[127.08607,35.89415],[127.0858,35.8944],[127.08564,35.89457],[127.08507,35.89538],[127.08487,35.89571],[127.08471,35.89586],[127.0846,35.89594],[127.08429,35.89605],[127.07932,35.89762],[127.07755,35.89798],[127.07668,35.89815],[127.0739,35.89754],[127.07214,35.8978],[127.06421,35.89898],[127.06372,35.89903],[127.06322,35.89901],[127.06242,35.89882],[127.06201,35.89871],[127.0616,35.89858],[127.06084,35.89832],[127.06036,35.89813],[127.06015,35.89792],[127.06013,35.89789],[127.05994,35.89764],[127.05974,35.89734],[127.05939,35.89675],[127.05918,35.89646],[127.05847,35.89556],[127.05773,35.89465],[127.0577,35.89461],[127.05745,35.89434],[127.05678,35.89376],[127.05643,35.89348],[127.056,35.89321],[127.0553,35.89285],[127.05465,35.89255],[127.05428,35.89241],[127.05397,35.89231],[127.05363,35.89223],[127.05328,35.89216],[127.05262,35.89208],[127.05149,35.89203],[127.05133,35.89204],[127.04991,35.89209],[127.04964,35.89214],[127.04534,35.89337],[127.04511,35.89347],[127.0446,35.89375],[127.04454,35.89378],[127.04413,35.89402],[127.04347,35.89448],[127.04328,35.89471],[127.04315,35.89505],[127.04283,35.89559],[127.04262,35.89586],[127.04235,35.89614],[127.04198,35.89644],[127.041,35.89703],[127.04049,35.89724],[127.04027,35.89727],[127.04004,35.89727],[127.0397,35.89721],[127.03955,35.8971],[127.03927,35.89682],[127.03912,35.89664],[127.03895,35.89628],[127.03875,35.89565],[127.03837,35.89483],[127.03799,35.89409],[127.03788,35.8939],[127.03723,35.89346],[127.03689,35.89498],[127.03678,35.89718],[127.03628,35.90185],[127.03617,35.90278],[127.03602,35.90317],[127.03586,35.90358],[127.03569,35.90376],[127.03542,35.90388],[127.0352,35.90385],[127.03511,35.90373],[127.03487,35.90347],[127.03467,35.90346],[127.03453,35.9035],[127.03361,35.90404],[127.03343,35.90417],[127.03298,35.90453],[127.03249,35.90513],[127.03229,35.90554],[127.03223,35.90585],[127.03221,35.90635],[127.03242,35.90736],[127.03301,35.90828],[127.03342,35.90865],[127.03453,35.90878],[127.03532,35.90893],[127.03543,35.90912],[127.03544,35.90931],[127.03522,35.90984],[127.03419,35.91017],[127.03381,35.91024],[127.03238,35.91049],[127.03216,35.91049],[127.03187,35.91065],[127.03061,35.91269],[127.02899,35.9154],[127.02888,35.91731],[127.02972,35.91855],[127.03013,35.91869],[127.03121,35.91902],[127.03177,35.91913],[127.03216,35.9191],[127.03333,35.91894],[127.03592,35.91846],[127.0371,35.91923],[127.03826,35.92042],[127.03852,35.92077],[127.03862,35.9209],[127.03935,35.92187],[127.03977,35.92244],[127.04086,35.9245],[127.04123,35.9253],[127.04172,35.92569],[127.04306,35.92584],[127.04557,35.92486],[127.04967,35.92321],[127.05259,35.92222],[127.05317,35.92229],[127.05435,35.92215],[127.05503,35.92188],[127.05708,35.92091],[127.05752,35.92023],[127.05775,35.9201],[127.06111,35.91829],[127.06535,35.91606],[127.06564,35.91595],[127.06618,35.9158],[127.06621,35.9158],[127.06638,35.91589],[127.06827,35.91713],[127.06844,35.91723],[127.06991,35.91824],[127.07217,35.91969],[127.07522,35.92155],[127.07717,35.92069],[127.07803,35.92081],[127.07822,35.92084],[127.07833,35.92085],[127.07879,35.92093],[127.07887,35.92094],[127.07992,35.92119],[127.08016,35.92128],[127.08042,35.92138],[127.0806,35.92149],[127.08811,35.92711],[127.09148,35.93003],[127.09171,35.93026],[127.09186,35.93042],[127.09214,35.93072],[127.09233,35.93099],[127.09365,35.93406],[127.09421,35.93554],[127.09655,35.93605],[127.10011,35.93615],[127.10367,35.93637],[127.10837,35.93674],[127.1151,35.9368],[127.11539,35.93682],[127.11611,35.93686],[127.11617,35.93687],[127.11753,35.93801],[127.11874,35.93912],[127.12381,35.9391],[127.12406,35.93814],[127.12411,35.93759],[127.12406,35.93712],[127.12388,35.93576],[127.1244,35.92881],[127.12455,35.92735],[127.12546,35.92498],[127.12626,35.92361],[127.12655,35.92319],[127.12832,35.92047],[127.1292,35.91796],[127.13086,35.91355],[127.13097,35.91333],[127.13119,35.91297],[127.1314,35.91264],[127.1316,35.91238],[127.13173,35.91225],[127.13183,35.91219],[127.13201,35.91211],[127.13271,35.9118],[127.13461,35.91024]]]]}},{"type":"Feature","properties":{"code":"52710253","name":"봉동읍","parent":"52710"},"geometry":{"type":"MultiPolygon","coordinates":[[[[127.12516,36.00547],[127.12566,36.00526],[127.12752,36.00399],[127.12767,36.00388],[127.12776,36.00371],[127.12779,36.00357],[127.12778,36.00342],[127.12772,36.00329],[127.12774,36.00177],[127.12797,35.99936],[127.12873,35.99795],[127.12879,35.99785],[127.12913,35.99765],[127.12955,35.9974],[127.12986,35.99717],[127.13009,35.99694],[127.13034,35.99668],[127.13054,35.99645],[127.1307,35.99624],[127.13294,35.99316],[127.13232,35.99134],[127.13193,35.99077],[127.13156,35.9901],[127.13139,35.98977],[127.13069,35.98822],[127.13065,35.98809],[127.13064,35.98796],[127.13057,35.98683],[127.13058,35.98673],[127.13213,35.98452],[127.13221,35.98444],[127.1324,35.98433],[127.13266,35.98419],[127.13289,35.9841],[127.13619,35.98279],[127.13754,35.98237],[127.13766,35.98234],[127.13871,35.98225],[127.13892,35.98225],[127.13897,35.98226],[127.13913,35.98239],[127.13928,35.9825],[127.13948,35.9826],[127.13977,35.9827],[127.14007,35.98276],[127.14022,35.98278],[127.14027,35.98278],[127.1404,35.9828],[127.14057,35.98279],[127.14071,35.98277],[127.14166,35.98259],[127.14176,35.98256],[127.14195,35.98246],[127.14206,35.98238],[127.14251,35.98199],[127.14265,35.98183],[127.14267,35.98173],[127.14286,35.9801],[127.14286,35.97996],[127.14284,35.97983],[127.14278,35.97976],[127.14263,35.97959],[127.14229,35.97924],[127.1431,35.97585],[127.14317,35.97586],[127.14481,35.97578],[127.1451,35.97576],[127.14523,35.97574],[127.14528,35.97573],[127.14545,35.97571],[127.14726,35.97531],[127.14868,35.97499],[127.14888,35.97492],[127.15149,35.97335],[127.15168,35.97322],[127.15201,35.97298],[127.15223,35.97279],[127.15236,35.97258],[127.15244,35.97234],[127.15249,35.9721],[127.15255,35.97178],[127.15258,35.9715],[127.15396,35.97003],[127.15649,35.96864],[127.1582,35.96789],[127.1584,35.96783],[127.15956,35.96781],[127.15973,35.96783],[127.16426,35.96598],[127.16452,35.96584],[127.16597,35.965],[127.16613,35.96491],[127.16832,35.96361],[127.16986,35.96265],[127.17038,35.96211],[127.17047,35.96203],[127.17063,35.96188],[127.17091,35.96167],[127.17109,35.96158],[127.17118,35.96156],[127.1729,35.96136],[127.17309,35.96135],[127.17329,35.96137],[127.17428,35.96138],[127.17571,35.96127],[127.17597,35.96124],[127.17606,35.96122],[127.17626,35.96113],[127.17671,35.96084],[127.17722,35.96062],[127.1774,35.96054],[127.17748,35.96047],[127.17754,35.96039],[127.17764,35.96021],[127.17794,35.95955],[127.17801,35.95938],[127.17907,35.95676],[127.17911,35.95658],[127.17909,35.95639],[127.17898,35.95619],[127.17878,35.95584],[127.17863,35.95551],[127.17863,35.95537],[127.17866,35.95527],[127.17872,35.95518],[127.17884,35.95508],[127.1824,35.95353],[127.18298,35.9535],[127.18348,35.9534],[127.18364,35.95334],[127.18375,35.95319],[127.18419,35.95218],[127.18429,35.95193],[127.18434,35.95168],[127.18434,35.95117],[127.18417,35.95022],[127.18404,35.94957],[127.1838,35.94889],[127.18361,35.94852],[127.18345,35.94828],[127.18296,35.94756],[127.18266,35.94736],[127.18215,35.94715],[127.18169,35.94698],[127.1812,35.94688],[127.17829,35.94616],[127.17746,35.94596],[127.17727,35.94591],[127.17693,35.94576],[127.17519,35.94499],[127.1742,35.94454],[127.17358,35.94422],[127.1729,35.94385],[127.17229,35.94342],[127.17186,35.94292],[127.17143,35.94241],[127.17124,35.94207],[127.17098,35.94139],[127.17078,35.94083],[127.17065,35.94044],[127.16982,35.93634],[127.16978,35.93608],[127.1698,35.93597],[127.17022,35.93487],[127.17032,35.93461],[127.17093,35.93325],[127.17145,35.93213],[127.17155,35.9319],[127.17192,35.93081],[127.17199,35.93058],[127.17203,35.93046],[127.17204,35.93042],[127.17211,35.93012],[127.17207,35.92979],[127.17201,35.92955],[127.17107,35.92698],[127.16959,35.92378],[127.168,35.92106],[127.16645,35.91857],[127.16533,35.9168],[127.16405,35.91478],[127.16374,35.9143],[127.16335,35.91395],[127.16224,35.91307],[127.16088,35.91218],[127.16056,35.91203],[127.16033,35.91188],[127.16012,35.91173],[127.15987,35.91148],[127.15962,35.91119],[127.15689,35.90733],[127.15646,35.90668],[127.15639,35.9065],[127.15664,35.90517],[127.15701,35.9039],[127.15734,35.90299],[127.15744,35.90226],[127.15671,35.9002],[127.15646,35.89973],[127.15602,35.89879],[127.15602,35.89869],[127.15613,35.89813],[127.15636,35.89716],[127.15382,35.89616],[127.1485,35.89735],[127.1484,35.89744],[127.14444,35.90203],[127.14301,35.90429],[127.14234,35.90566],[127.1413,35.90689],[127.14086,35.90681],[127.14037,35.90678],[127.14001,35.90678],[127.13962,35.90679],[127.13932,35.90683],[127.13901,35.90693],[127.13844,35.90713],[127.13807,35.90727],[127.13768,35.90743],[127.1373,35.90762],[127.1365,35.90804],[127.13643,35.9081],[127.13625,35.90823],[127.1356,35.909],[127.13461,35.91024],[127.13271,35.9118],[127.13201,35.91211],[127.13183,35.91219],[127.13173,35.91225],[127.1316,35.91238],[127.1314,35.91264],[127.13119,35.91297],[127.13097,35.91333],[127.13086,35.91355],[127.1292,35.91796],[127.12832,35.92047],[127.12655,35.92319],[127.12626,35.92361],[127.12546,35.92498],[127.12455,35.92735],[127.1244,35.92881],[127.12388,35.93576],[127.12406,35.93712],[127.12411,35.93759],[127.12406,35.93814],[127.12381,35.9391],[127.11874,35.93912],[127.11753,35.93801],[127.11617,35.93687],[127.11611,35.93686],[127.11539,35.93682],[127.1151,35.9368],[127.10837,35.93674],[127.10367,35.93637],[127.10011,35.93615],[127.09655,35.93605],[127.09421,35.93554],[127.09428,35.93616],[127.09441,35.93807],[127.09435,35.93867],[127.09432,35.939],[127.09429,35.93917],[127.09428,35.93923],[127.0943,35.93951],[127.0944,35.93997],[127.09458,35.94034],[127.09758,35.94614],[127.09774,35.94637],[127.09987,35.94917],[127.10225,35.95149],[127.10385,35.95434],[127.10544,35.95728],[127.10548,35.95735],[127.10621,35.95905],[127.10626,35.95923],[127.1063,35.95942],[127.10641,35.96042],[127.10641,35.96056],[127.1064,35.96061],[127.10639,35.96066],[127.10637,35.96074],[127.10589,35.96191],[127.10526,35.9627],[127.10497,35.96303],[127.10484,35.96317],[127.10471,35.96339],[127.1045,35.96377],[127.10444,35.96389],[127.1044,35.96402],[127.10426,35.96451],[127.10424,35.96469],[127.10423,35.96502],[127.10425,35.96519],[127.10427,35.96545],[127.10433,35.96579],[127.10523,35.97057],[127.10631,35.97393],[127.10852,35.98376],[127.10866,35.98849],[127.10829,35.99213],[127.10826,35.99231],[127.10823,35.99251],[127.10816,35.99279],[127.10779,35.99414],[127.10746,35.99527],[127.10734,35.99553],[127.11201,35.99864],[127.11244,35.99892],[127.11267,35.99902],[127.11272,35.99902],[127.11282,35.99902],[127.11285,35.99901],[127.11318,35.99903],[127.11341,35.99907],[127.11384,35.99924],[127.11623,36.00025],[127.11641,36.00036],[127.11975,36.00228],[127.12222,36.00459],[127.12262,36.00497],[127.1229,36.00521],[127.12329,36.00539],[127.12399,36.00552],[127.12452,36.0055],[127.12516,36.00547]]]]}},{"type":"Feature","properties":{"code":"52710256","name":"용진읍","parent":"52710"},"geometry":{"type":"MultiPolygon","coordinates":[[[[127.21868,35.91598],[127.21891,35.91594],[127.2192,35.91586],[127.21957,35.91572],[127.21981,35.91563],[127.22464,35.91293],[127.22631,35.91133],[127.22663,35.91086],[127.22662,35.91061],[127.22656,35.91039],[127.22651,35.91022],[127.22645,35.91014],[127.22625,35.91001],[127.22606,35.90982],[127.22592,35.90959],[127.22571,35.90908],[127.22564,35.90887],[127.2256,35.90868],[127.22546,35.90706],[127.22552,35.90534],[127.22569,35.9045],[127.22612,35.90294],[127.22617,35.90278],[127.2262,35.90269],[127.22657,35.90178],[127.22682,35.9013],[127.22705,35.90098],[127.22706,35.90092],[127.22489,35.9002],[127.21718,35.8986],[127.21684,35.89854],[127.21607,35.89844],[127.21575,35.89842],[127.21535,35.89841],[127.21499,35.89842],[127.2148,35.89844],[127.21458,35.89848],[127.21439,35.89857],[127.21419,35.89869],[127.21401,35.8988],[127.2138,35.89889],[127.21361,35.89893],[127.21135,35.89938],[127.21121,35.89938],[127.20654,35.89753],[127.20646,35.89745],[127.20572,35.89506],[127.20468,35.89135],[127.20506,35.88401],[127.20528,35.88291],[127.2054,35.88265],[127.20554,35.88245],[127.20568,35.88232],[127.20582,35.88222],[127.20612,35.88207],[127.2064,35.88195],[127.20664,35.88186],[127.20675,35.88176],[127.20685,35.88152],[127.20692,35.88132],[127.20691,35.88121],[127.20659,35.88033],[127.20624,35.87937],[127.20612,35.87923],[127.20591,35.87912],[127.20573,35.8791],[127.20537,35.87907],[127.20506,35.87904],[127.20496,35.87907],[127.2046,35.87921],[127.20435,35.87928],[127.20415,35.8793],[127.20262,35.87895],[127.20241,35.87889],[127.20229,35.8788],[127.19988,35.87692],[127.19829,35.87156],[127.19802,35.87144],[127.19775,35.87127],[127.1972,35.87091],[127.19694,35.8707],[127.19689,35.87066],[127.19675,35.87053],[127.19664,35.87042],[127.1947,35.86833],[127.19456,35.86813],[127.19443,35.86788],[127.1922,35.86287],[127.19366,35.85985],[127.19378,35.85962],[127.19412,35.85913],[127.19429,35.85898],[127.19446,35.85885],[127.19457,35.85877],[127.19047,35.8585],[127.18766,35.85699],[127.18682,35.85654],[127.1854,35.85578],[127.17823,35.8551],[127.17405,35.8547],[127.17377,35.85459],[127.17326,35.85439],[127.17228,35.85401],[127.17101,35.85428],[127.16922,35.85501],[127.1676,35.85699],[127.16707,35.85802],[127.16659,35.85898],[127.16315,35.8661],[127.16226,35.86791],[127.16223,35.86796],[127.16171,35.86878],[127.15752,35.87455],[127.15644,35.87594],[127.15587,35.8765],[127.15565,35.87668],[127.15521,35.87701],[127.1548,35.87732],[127.15456,35.87748],[127.1545,35.87752],[127.15428,35.87772],[127.15353,35.87855],[127.15328,35.87884],[127.15291,35.87933],[127.15288,35.87937],[127.15286,35.87939],[127.15197,35.88059],[127.15173,35.88098],[127.15158,35.88125],[127.15137,35.88173],[127.15123,35.8821],[127.15059,35.88393],[127.15019,35.88509],[127.14972,35.88648],[127.14955,35.88694],[127.14938,35.88732],[127.14804,35.88988],[127.1479,35.89014],[127.14622,35.8923],[127.14566,35.89302],[127.14381,35.89513],[127.14346,35.89552],[127.14134,35.89749],[127.14101,35.89775],[127.14055,35.89803],[127.13707,35.90012],[127.13637,35.90046],[127.1359,35.90061],[127.13551,35.90069],[127.13519,35.90076],[127.13497,35.90077],[127.13473,35.90075],[127.12967,35.90121],[127.12763,35.90149],[127.12731,35.90149],[127.1262,35.90141],[127.12484,35.90124],[127.12417,35.90115],[127.12127,35.90063],[127.11914,35.90013],[127.11378,35.89864],[127.11174,35.89793],[127.11196,35.89836],[127.11216,35.89872],[127.1123,35.8989],[127.11379,35.90053],[127.11399,35.90074],[127.11424,35.90089],[127.11551,35.90164],[127.11714,35.90237],[127.11762,35.90255],[127.11814,35.90271],[127.11875,35.90288],[127.11918,35.90299],[127.12314,35.90433],[127.13088,35.90829],[127.13366,35.90974],[127.13461,35.91024],[127.1356,35.909],[127.13625,35.90823],[127.13643,35.9081],[127.1365,35.90804],[127.1373,35.90762],[127.13768,35.90743],[127.13807,35.90727],[127.13844,35.90713],[127.13901,35.90693],[127.13932,35.90683],[127.13962,35.90679],[127.14001,35.90678],[127.14037,35.90678],[127.14086,35.90681],[127.1413,35.90689],[127.14234,35.90566],[127.14301,35.90429],[127.14444,35.90203],[127.1484,35.89744],[127.1485,35.89735],[127.15382,35.89616],[127.15636,35.89716],[127.15613,35.89813],[127.15602,35.89869],[127.15602,35.89879],[127.15646,35.89973],[127.15671,35.9002],[127.15744,35.90226],[127.15734,35.90299],[127.15701,35.9039],[127.15664,35.90517],[127.15639,35.9065],[127.15646,35.90668],[127.15689,35.90733],[127.15962,35.91119],[127.15987,35.91148],[127.16012,35.91173],[127.16033,35.91188],[127.16056,35.91203],[127.16088,35.91218],[127.16224,35.91307],[127.16335,35.91395],[127.16374,35.9143],[127.16405,35.91478],[127.16533,35.9168],[127.16645,35.91857],[127.168,35.92106],[127.16959,35.92378],[127.17107,35.92698],[127.17201,35.92955],[127.17207,35.92979],[127.17211,35.93012],[127.17204,35.93042],[127.17203,35.93046],[127.17199,35.93058],[127.17192,35.93081],[127.17155,35.9319],[127.17145,35.93213],[127.17093,35.93325],[127.17032,35.93461],[127.17022,35.93487],[127.1698,35.93597],[127.16978,35.93608],[127.16982,35.93634],[127.17065,35.94044],[127.17078,35.94083],[127.17098,35.94139],[127.17124,35.94207],[127.17143,35.94241],[127.17186,35.94292],[127.17229,35.94342],[127.1729,35.94385],[127.17358,35.94422],[127.1742,35.94454],[127.17519,35.94499],[127.17693,35.94576],[127.17727,35.94591],[127.17746,35.94596],[127.17829,35.94616],[127.1812,35.94688],[127.18133,35.94651],[127.18238,35.94404],[127.18266,35.94359],[127.18282,35.94338],[127.18315,35.94301],[127.18331,35.94285],[127.1835,35.94268],[127.18361,35.9426],[127.18381,35.94244],[127.18396,35.94234],[127.18406,35.94228],[127.18428,35.94218],[127.18449,35.94212],[127.18507,35.94208],[127.18512,35.94208],[127.18632,35.94246],[127.19081,35.94308],[127.19097,35.94309],[127.19108,35.94306],[127.19113,35.94297],[127.19186,35.94091],[127.1925,35.93754],[127.19105,35.93547],[127.19095,35.93542],[127.19047,35.93471],[127.19041,35.93457],[127.19004,35.93216],[127.19009,35.9298],[127.1902,35.92837],[127.1889,35.92708],[127.18876,35.92707],[127.18856,35.92702],[127.18844,35.92696],[127.18795,35.92647],[127.1879,35.9264],[127.18788,35.92636],[127.18788,35.92631],[127.1892,35.92308],[127.18931,35.92289],[127.18941,35.92275],[127.1895,35.92267],[127.19213,35.92067],[127.19223,35.92061],[127.1958,35.91908],[127.19887,35.91898],[127.19912,35.919],[127.19935,35.91905],[127.19951,35.9191],[127.19975,35.91924],[127.19983,35.91931],[127.19995,35.91942],[127.20011,35.91955],[127.20023,35.91964],[127.20026,35.91964],[127.20036,35.91966],[127.20061,35.91966],[127.20079,35.91965],[127.20086,35.91965],[127.20119,35.91959],[127.2016,35.91947],[127.20172,35.91943],[127.20202,35.91932],[127.20225,35.91916],[127.20236,35.91909],[127.20246,35.91902],[127.20263,35.91888],[127.20282,35.91874],[127.203,35.91856],[127.20355,35.91776],[127.20381,35.91735],[127.20394,35.91715],[127.204,35.91709],[127.20582,35.91578],[127.20591,35.91572],[127.20608,35.91564],[127.20615,35.91563],[127.20799,35.91536],[127.20943,35.91525],[127.21206,35.91508],[127.21236,35.91506],[127.21495,35.91514],[127.21868,35.91598]]]]}},{"type":"Feature","properties":{"code":"52710320","name":"상관면","parent":"52710"},"geometry":{"type":"MultiPolygon","coordinates":[[[[127.27414,35.78945],[127.27359,35.78882],[127.27367,35.7883],[127.27415,35.78598],[127.27467,35.78458],[127.27469,35.7833],[127.27455,35.78239],[127.27419,35.78189],[127.27371,35.78155],[127.2714,35.77875],[127.2708,35.77796],[127.26892,35.77791],[127.26858,35.77795],[127.26741,35.77802],[127.26645,35.77804],[127.26547,35.77783],[127.26476,35.77762],[127.26443,35.77722],[127.26315,35.77476],[127.26309,35.77418],[127.263,35.77292],[127.26272,35.77247],[127.26243,35.77203],[127.26056,35.77006],[127.25895,35.76873],[127.25843,35.76839],[127.25794,35.7682],[127.25681,35.76792],[127.25617,35.76771],[127.25387,35.76682],[127.25326,35.76649],[127.2532,35.76641],[127.25244,35.76546],[127.25211,35.76504],[127.25109,35.76343],[127.24788,35.76091],[127.24744,35.76063],[127.24737,35.76057],[127.24719,35.76044],[127.24704,35.76032],[127.24674,35.76009],[127.24661,35.75995],[127.24653,35.75984],[127.24638,35.75961],[127.2446,35.75658],[127.24451,35.75641],[127.24445,35.75626],[127.24445,35.75619],[127.24456,35.75389],[127.24456,35.75382],[127.24464,35.75303],[127.24646,35.74893],[127.24678,35.74838],[127.24907,35.74589],[127.24994,35.74514],[127.25001,35.74511],[127.25017,35.74503],[127.25108,35.74453],[127.25112,35.7445],[127.25236,35.74353],[127.25355,35.742],[127.25362,35.74191],[127.25367,35.74181],[127.25369,35.74175],[127.25369,35.74167],[127.25369,35.74157],[127.25367,35.74141],[127.25361,35.74117],[127.25353,35.74096],[127.2535,35.74091],[127.25345,35.74083],[127.25342,35.74079],[127.25339,35.74077],[127.25332,35.74073],[127.25318,35.74066],[127.25304,35.74058],[127.25289,35.74049],[127.25283,35.74045],[127.2526,35.74029],[127.25257,35.74026],[127.25254,35.74022],[127.25253,35.7402],[127.25251,35.74014],[127.25182,35.73856],[127.25177,35.73843],[127.25176,35.73839],[127.25175,35.73836],[127.25174,35.73829],[127.25173,35.73823],[127.25143,35.73526],[127.25145,35.73521],[127.25147,35.73518],[127.2515,35.73513],[127.25154,35.7351],[127.25162,35.73503],[127.25218,35.73459],[127.25222,35.73455],[127.25229,35.7345],[127.25234,35.73447],[127.25414,35.73366],[127.2542,35.73364],[127.25425,35.73362],[127.25434,35.73359],[127.25456,35.73354],[127.25468,35.73352],[127.25499,35.73348],[127.25508,35.73348],[127.25518,35.73347],[127.25545,35.73342],[127.25553,35.73341],[127.25561,35.73338],[127.25565,35.73337],[127.25571,35.73334],[127.25579,35.7333],[127.25582,35.73328],[127.25587,35.73324],[127.25592,35.7332],[127.25602,35.73311],[127.25624,35.73286],[127.25627,35.73282],[127.25665,35.72953],[127.25664,35.72949],[127.25519,35.72507],[127.25514,35.72496],[127.25509,35.72489],[127.25505,35.72484],[127.25392,35.72406],[127.25347,35.7238],[127.25271,35.72338],[127.2525,35.72328],[127.25162,35.71891],[127.25224,35.71412],[127.25225,35.71408],[127.25281,35.71183],[127.25282,35.71178],[127.25284,35.71174],[127.25316,35.71095],[127.25322,35.71087],[127.25327,35.71082],[127.25332,35.71078],[127.25341,35.71073],[127.25353,35.71071],[127.25356,35.71073],[127.25362,35.71074],[127.25371,35.71076],[127.25382,35.71075],[127.25386,35.71075],[127.25406,35.7107],[127.25415,35.71067],[127.25493,35.70991],[127.25507,35.70976],[127.25516,35.70965],[127.25518,35.70961],[127.25555,35.70863],[127.25642,35.70585],[127.25644,35.7058],[127.25655,35.7051],[127.25662,35.70386],[127.25663,35.70381],[127.25662,35.70375],[127.25661,35.70357],[127.25657,35.70335],[127.25653,35.70322],[127.25646,35.703],[127.25645,35.70296],[127.25641,35.70292],[127.25637,35.7029],[127.25633,35.70287],[127.25625,35.70284],[127.25613,35.70157],[127.2562,35.69974],[127.25621,35.6996],[127.25623,35.69951],[127.25626,35.69946],[127.25629,35.69942],[127.25632,35.69939],[127.25654,35.69919],[127.25672,35.69907],[127.25758,35.69831],[127.25856,35.69742],[127.25871,35.69725],[127.25902,35.69685],[127.25921,35.69658],[127.25927,35.69648],[127.25928,35.69642],[127.25961,35.69409],[127.25962,35.69396],[127.25961,35.69383],[127.2596,35.6937],[127.25959,35.69356],[127.25955,35.69328],[127.25952,35.69313],[127.25949,35.69308],[127.25759,35.69168],[127.25601,35.69116],[127.2556,35.69133],[127.25546,35.69138],[127.25532,35.69143],[127.25504,35.69148],[127.25491,35.69149],[127.25478,35.69149],[127.2514,35.69157],[127.25136,35.69157],[127.25131,35.69156],[127.25127,35.69156],[127.25032,35.69141],[127.25022,35.69139],[127.25017,35.69137],[127.25008,35.69134],[127.25002,35.69129],[127.24992,35.69121],[127.24925,35.69056],[127.249,35.6903],[127.24885,35.69009],[127.24876,35.69001],[127.2487,35.68997],[127.248,35.68952],[127.24637,35.68861],[127.24576,35.68848],[127.24407,35.68814],[127.24355,35.68812],[127.2432,35.68811],[127.24233,35.68727],[127.24218,35.68707],[127.24124,35.68864],[127.24003,35.69033],[127.23985,35.69063],[127.23995,35.69102],[127.24067,35.69203],[127.24117,35.69306],[127.24157,35.69417],[127.24171,35.69508],[127.24153,35.69698],[127.24122,35.69787],[127.24055,35.6986],[127.23601,35.70349],[127.23513,35.70387],[127.23483,35.70392],[127.23472,35.70393],[127.2343,35.70393],[127.23383,35.70393],[127.23324,35.70403],[127.23223,35.70466],[127.22775,35.70829],[127.22741,35.70862],[127.22706,35.70902],[127.22693,35.70935],[127.22643,35.71004],[127.22396,35.71172],[127.22341,35.71183],[127.22219,35.71166],[127.22023,35.71126],[127.21899,35.71092],[127.21569,35.7102],[127.20953,35.7093],[127.20877,35.70934],[127.20835,35.70952],[127.20794,35.70982],[127.20777,35.71011],[127.20759,35.71094],[127.20763,35.71196],[127.20755,35.71284],[127.20737,35.71331],[127.20685,35.71383],[127.20611,35.71438],[127.20572,35.71479],[127.20553,35.7153],[127.20546,35.71575],[127.20593,35.71697],[127.20639,35.71792],[127.2067,35.71907],[127.20676,35.71952],[127.20669,35.72046],[127.20595,35.72322],[127.20557,35.72378],[127.20452,35.72441],[127.20315,35.72487],[127.20124,35.72537],[127.20063,35.72549],[127.198,35.72764],[127.19785,35.72801],[127.19722,35.7285],[127.19567,35.72923],[127.19515,35.72942],[127.19504,35.72946],[127.19427,35.72976],[127.19032,35.73044],[127.18849,35.73074],[127.18795,35.73088],[127.18788,35.7313],[127.18805,35.73215],[127.18848,35.73311],[127.18835,35.7337],[127.18807,35.73437],[127.18738,35.73526],[127.18631,35.73582],[127.18657,35.73627],[127.18713,35.73702],[127.191,35.74221],[127.19118,35.74239],[127.19147,35.74255],[127.19176,35.74272],[127.19228,35.74296],[127.19314,35.74347],[127.19351,35.74392],[127.1936,35.74442],[127.19318,35.74837],[127.19123,35.75243],[127.19089,35.75301],[127.18983,35.75455],[127.18966,35.75476],[127.18787,35.75664],[127.1876,35.7569],[127.18733,35.75713],[127.1871,35.75724],[127.18616,35.75746],[127.18417,35.75775],[127.18386,35.75775],[127.18363,35.75772],[127.18353,35.7577],[127.18339,35.75769],[127.1833,35.75772],[127.18327,35.75775],[127.18312,35.75789],[127.18293,35.75809],[127.18103,35.76039],[127.1809,35.76193],[127.18093,35.76267],[127.18095,35.76276],[127.1811,35.76304],[127.18133,35.76334],[127.18142,35.76542],[127.18124,35.76715],[127.18089,35.76906],[127.18042,35.77119],[127.18026,35.77168],[127.18019,35.77182],[127.18,35.77197],[127.17885,35.77261],[127.17959,35.77377],[127.17995,35.77427],[127.18157,35.77624],[127.18177,35.77643],[127.18203,35.77664],[127.18236,35.77689],[127.18544,35.77915],[127.18679,35.77926],[127.18684,35.77926],[127.18714,35.7792],[127.18751,35.7791],[127.1877,35.77904],[127.18778,35.779],[127.19228,35.77648],[127.19332,35.77573],[127.19376,35.77524],[127.19452,35.77455],[127.19496,35.77428],[127.19507,35.77423],[127.19524,35.77424],[127.19541,35.77429],[127.19875,35.77569],[127.19918,35.77588],[127.1994,35.77607],[127.20006,35.77831],[127.20009,35.77847],[127.20011,35.77865],[127.20012,35.77879],[127.20013,35.78089],[127.20011,35.78127],[127.19979,35.78558],[127.19974,35.78592],[127.19969,35.78603],[127.20602,35.78968],[127.20662,35.79037],[127.20679,35.79054],[127.20795,35.79165],[127.20868,35.79228],[127.20984,35.79302],[127.211,35.79359],[127.21167,35.79384],[127.21184,35.79392],[127.21194,35.79397],[127.21202,35.79404],[127.21212,35.79416],[127.21227,35.79433],[127.21574,35.79854],[127.21735,35.80092],[127.21741,35.80105],[127.21741,35.80111],[127.21728,35.80164],[127.21753,35.80175],[127.21889,35.8024],[127.21905,35.80248],[127.22244,35.80482],[127.22261,35.80495],[127.22285,35.80515],[127.22358,35.80595],[127.22422,35.80676],[127.22437,35.80692],[127.22451,35.80701],[127.22606,35.80783],[127.22793,35.80848],[127.22805,35.8085],[127.22813,35.80858],[127.22815,35.80861],[127.22822,35.8088],[127.22827,35.8091],[127.22829,35.80948],[127.22831,35.80974],[127.22831,35.81036],[127.22882,35.81326],[127.23039,35.81705],[127.2311,35.81851],[127.23127,35.81878],[127.23141,35.81896],[127.2322,35.81974],[127.23229,35.81981],[127.23247,35.81987],[127.23273,35.81991],[127.23348,35.81999],[127.23478,35.82038],[127.23505,35.8205],[127.23521,35.8206],[127.23548,35.82081],[127.23565,35.82097],[127.2357,35.82107],[127.23566,35.82134],[127.23561,35.82149],[127.24124,35.82154],[127.24162,35.82137],[127.24347,35.82065],[127.24365,35.82063],[127.24392,35.82065],[127.24542,35.82091],[127.24565,35.82106],[127.24583,35.8212],[127.24616,35.8214],[127.24657,35.82156],[127.24686,35.82167],[127.2469,35.82164],[127.24871,35.81991],[127.25106,35.81809],[127.25486,35.81649],[127.25729,35.81474],[127.25754,35.81451],[127.2583,35.81424],[127.26015,35.81374],[127.2606,35.81366],[127.26285,35.8137],[127.26494,35.81382],[127.26554,35.81372],[127.26567,35.8137],[127.26641,35.81338],[127.26699,35.81294],[127.26934,35.80966],[127.26945,35.80923],[127.27046,35.80293],[127.27006,35.80061],[127.26961,35.79925],[127.26921,35.79641],[127.26932,35.79612],[127.26944,35.79589],[127.27226,35.79158],[127.27289,35.79084],[127.27414,35.78945]]]]}},{"type":"Feature","properties":{"code":"52710330","name":"이서면","parent":"52710"},"geometry":{"type":"MultiPolygon","coordinates":[[[[127.04988,35.85387],[127.04986,35.85257],[127.04985,35.85193],[127.04985,35.85181],[127.0537,35.84372],[127.0538,35.84354],[127.05395,35.84327],[127.05399,35.84319],[127.05514,35.84113],[127.05634,35.83915],[127.05675,35.83891],[127.05862,35.83828],[127.05855,35.83296],[127.056,35.83287],[127.05177,35.83331],[127.05109,35.83088],[127.05106,35.83067],[127.05094,35.82995],[127.05092,35.82955],[127.05093,35.82868],[127.05094,35.82864],[127.05116,35.82852],[127.0516,35.82829],[127.05187,35.82814],[127.05328,35.82746],[127.05376,35.82723],[127.05417,35.82704],[127.05469,35.82669],[127.05503,35.82644],[127.05525,35.82626],[127.05553,35.82599],[127.05624,35.82526],[127.05625,35.82523],[127.0563,35.82516],[127.05681,35.82304],[127.05884,35.82176],[127.06074,35.82076],[127.06167,35.82028],[127.06329,35.8207],[127.06553,35.81853],[127.0656,35.81845],[127.06581,35.8181],[127.06639,35.81709],[127.06763,35.81424],[127.06779,35.81161],[127.06764,35.8045],[127.06746,35.80379],[127.0671,35.8037],[127.06689,35.80364],[127.06657,35.80349],[127.06613,35.80329],[127.06601,35.80323],[127.06585,35.80315],[127.06559,35.803],[127.06555,35.80298],[127.06524,35.80255],[127.06518,35.80216],[127.06463,35.79715],[127.06462,35.7952],[127.06567,35.79141],[127.06591,35.79076],[127.0637,35.79181],[127.06309,35.79209],[127.06234,35.79233],[127.06191,35.79244],[127.06159,35.79246],[127.05866,35.79226],[127.05828,35.79222],[127.05801,35.79209],[127.05781,35.7919],[127.05768,35.79172],[127.05751,35.79145],[127.05738,35.79138],[127.05718,35.79128],[127.05695,35.79125],[127.05652,35.79122],[127.05584,35.79126],[127.05543,35.79135],[127.05486,35.79162],[127.0515,35.79329],[127.05105,35.79358],[127.05069,35.79382],[127.0503,35.79413],[127.0499,35.79444],[127.04944,35.79471],[127.04906,35.79483],[127.04881,35.79489],[127.04587,35.79534],[127.04392,35.79518],[127.04324,35.7962],[127.04287,35.7972],[127.04263,35.798],[127.04252,35.79819],[127.04245,35.79829],[127.03985,35.79888],[127.03949,35.79891],[127.03918,35.79891],[127.03896,35.79887],[127.0378,35.79813],[127.0376,35.79795],[127.03722,35.79745],[127.03705,35.79735],[127.03664,35.79732],[127.03638,35.79737],[127.03429,35.79786],[127.03303,35.79842],[127.03283,35.79868],[127.03261,35.79916],[127.03235,35.79958],[127.03055,35.80123],[127.02906,35.80253],[127.02873,35.80278],[127.02851,35.80281],[127.02835,35.80261],[127.028,35.80209],[127.02745,35.80154],[127.02548,35.80053],[127.02164,35.79962],[127.02123,35.79958],[127.02104,35.79959],[127.02047,35.79973],[127.01995,35.79992],[127.01993,35.80002],[127.01996,35.80042],[127.01988,35.80081],[127.01982,35.80098],[127.01964,35.80136],[127.01954,35.80149],[127.01931,35.80171],[127.01912,35.80186],[127.01863,35.80215],[127.01762,35.80253],[127.01731,35.80265],[127.01703,35.80275],[127.01672,35.80286],[127.0165,35.80291],[127.01555,35.80314],[127.0143,35.80351],[127.01381,35.8037],[127.01324,35.80396],[127.01266,35.8043],[127.01245,35.80447],[127.01233,35.80463],[127.01225,35.80481],[127.01217,35.80501],[127.01203,35.80529],[127.01189,35.80549],[127.01172,35.80565],[127.01151,35.80582],[127.01006,35.8069],[127.0099,35.80699],[127.00959,35.80714],[127.0095,35.80718],[127.00926,35.80724],[127.00889,35.80731],[127.00536,35.80873],[127.00164,35.81149],[127.00143,35.81166],[127.00019,35.81273],[126.99969,35.81317],[126.99822,35.81516],[126.99787,35.81828],[126.99823,35.81977],[126.99788,35.82159],[126.99733,35.82353],[126.99698,35.82432],[126.99662,35.825],[126.99635,35.8255],[126.99592,35.82608],[126.99536,35.82713],[126.99465,35.82932],[126.99505,35.82945],[126.99541,35.82954],[126.99554,35.82955],[126.99558,35.82955],[126.99577,35.82957],[126.99588,35.82959],[126.99609,35.82967],[126.99694,35.83008],[126.99708,35.83015],[126.99911,35.83155],[127.00039,35.83327],[127.00112,35.83457],[127.00138,35.83517],[127.00138,35.83525],[127.00138,35.83542],[127.00125,35.83569],[127.00119,35.83598],[127.00115,35.83729],[127.00125,35.83784],[127.00151,35.83869],[127.00156,35.83887],[127.0021,35.83968],[127.00437,35.84231],[127.00459,35.84247],[127.006,35.84338],[127.0068,35.84403],[127.00967,35.84663],[127.00845,35.85736],[127.00553,35.86204],[127.01386,35.85997],[127.01533,35.85922],[127.0162,35.85923],[127.01642,35.86007],[127.01701,35.86094],[127.01929,35.8628],[127.0198,35.86306],[127.02466,35.86471],[127.02489,35.86477],[127.02543,35.86476],[127.02635,35.86418],[127.02846,35.8612],[127.02753,35.85849],[127.02726,35.85779],[127.02653,35.85757],[127.02595,35.85746],[127.02553,35.85713],[127.02769,35.85373],[127.02935,35.85381],[127.02997,35.85351],[127.03051,35.85325],[127.03067,35.85317],[127.03162,35.85247],[127.03226,35.85187],[127.03408,35.85073],[127.03675,35.85068],[127.0378,35.85088],[127.03821,35.85135],[127.03887,35.85176],[127.041,35.85229],[127.04546,35.85328],[127.04684,35.85324],[127.04769,35.85317],[127.04921,35.8536],[127.04988,35.85387]]]]}},{"type":"Feature","properties":{"code":"52710340","name":"소양면","parent":"52710"},"geometry":{"type":"MultiPolygon","coordinates":[[[[127.23904,35.92766],[127.24012,35.92497],[127.24133,35.92323],[127.24155,35.92159],[127.24136,35.92127],[127.24105,35.92066],[127.24102,35.92056],[127.241,35.92041],[127.24107,35.92026],[127.24226,35.9182],[127.24237,35.91801],[127.24442,35.91508],[127.24459,35.91492],[127.24491,35.91469],[127.24511,35.91461],[127.25026,35.91407],[127.25069,35.91452],[127.25187,35.91607],[127.25252,35.91646],[127.25276,35.91646],[127.25743,35.91641],[127.25987,35.91626],[127.26035,35.91616],[127.26062,35.91568],[127.26082,35.91388],[127.26055,35.91214],[127.26074,35.91122],[127.26111,35.9106],[127.26167,35.91003],[127.26282,35.90886],[127.26295,35.90851],[127.26231,35.9074],[127.26177,35.90623],[127.26176,35.90582],[127.2624,35.90306],[127.26314,35.90074],[127.26314,35.90036],[127.26287,35.89995],[127.26209,35.89925],[127.26174,35.89888],[127.26166,35.89853],[127.26179,35.8981],[127.26189,35.89803],[127.26209,35.89789],[127.26535,35.89639],[127.26616,35.89606],[127.26838,35.89583],[127.27019,35.89474],[127.27151,35.89394],[127.27188,35.89343],[127.27253,35.89249],[127.27295,35.89189],[127.27653,35.88768],[127.27709,35.88719],[127.27942,35.88618],[127.28373,35.88511],[127.28421,35.88508],[127.28494,35.8852],[127.28797,35.88548],[127.29301,35.88521],[127.29325,35.8851],[127.29533,35.88152],[127.29527,35.88098],[127.29489,35.88056],[127.29422,35.88039],[127.29398,35.87982],[127.29361,35.8776],[127.29371,35.87673],[127.29455,35.87576],[127.29477,35.87555],[127.29489,35.87544],[127.29574,35.87469],[127.29613,35.87425],[127.29705,35.87229],[127.29785,35.87053],[127.29793,35.87031],[127.29863,35.86866],[127.29928,35.86839],[127.29956,35.86838],[127.30049,35.8684],[127.30106,35.86833],[127.30487,35.86732],[127.30512,35.86725],[127.30848,35.86489],[127.309,35.86439],[127.30922,35.86417],[127.31052,35.86095],[127.31156,35.85787],[127.31192,35.85725],[127.31224,35.85717],[127.31256,35.85724],[127.31291,35.85742],[127.31429,35.8584],[127.31492,35.85896],[127.31523,35.86002],[127.31523,35.86005],[127.3157,35.86081],[127.31685,35.86194],[127.3176,35.86249],[127.31821,35.86286],[127.31985,35.86348],[127.32019,35.8632],[127.32192,35.86218],[127.32327,35.86142],[127.32434,35.86101],[127.32473,35.86069],[127.32562,35.85996],[127.32587,35.85941],[127.32592,35.859],[127.32558,35.85625],[127.32533,35.85547],[127.32485,35.85437],[127.3242,35.85356],[127.32389,35.85339],[127.32267,35.85251],[127.32158,35.85129],[127.32124,35.85074],[127.32004,35.84684],[127.31888,35.84612],[127.31736,35.84507],[127.31286,35.84197],[127.31242,35.84165],[127.31219,35.84134],[127.31191,35.84097],[127.31088,35.8383],[127.31096,35.838],[127.31137,35.83575],[127.31111,35.83473],[127.31047,35.83414],[127.30935,35.83348],[127.30896,35.83304],[127.30884,35.83194],[127.30879,35.83076],[127.31033,35.8264],[127.31069,35.82605],[127.31074,35.8255],[127.31051,35.82498],[127.3084,35.82272],[127.30558,35.82087],[127.30058,35.81848],[127.29989,35.81821],[127.29906,35.81803],[127.29754,35.81782],[127.29728,35.81745],[127.29727,35.81694],[127.29758,35.81639],[127.29854,35.81516],[127.29869,35.81471],[127.29879,35.81326],[127.29865,35.81295],[127.29684,35.81067],[127.29583,35.80983],[127.29539,35.80917],[127.29552,35.80867],[127.29623,35.80788],[127.30017,35.80378],[127.30126,35.80342],[127.30199,35.80311],[127.30275,35.80219],[127.30313,35.80136],[127.3032,35.80084],[127.30277,35.80044],[127.29929,35.79845],[127.29838,35.79805],[127.29683,35.79764],[127.29646,35.79758],[127.29535,35.79763],[127.29501,35.79763],[127.29454,35.79762],[127.29157,35.79688],[127.28842,35.79539],[127.2877,35.79498],[127.28713,35.7944],[127.28702,35.79344],[127.28463,35.79291],[127.28324,35.79279],[127.28103,35.79249],[127.28074,35.79239],[127.27991,35.79206],[127.27764,35.79081],[127.27717,35.79045],[127.27708,35.79024],[127.27681,35.78955],[127.27653,35.78934],[127.27614,35.78933],[127.27547,35.78933],[127.27499,35.78936],[127.27414,35.78945],[127.27289,35.79084],[127.27226,35.79158],[127.26944,35.79589],[127.26932,35.79612],[127.26921,35.79641],[127.26961,35.79925],[127.27006,35.80061],[127.27046,35.80293],[127.26945,35.80923],[127.26934,35.80966],[127.26699,35.81294],[127.26641,35.81338],[127.26567,35.8137],[127.26554,35.81372],[127.26494,35.81382],[127.26285,35.8137],[127.2606,35.81366],[127.26015,35.81374],[127.2583,35.81424],[127.25754,35.81451],[127.25729,35.81474],[127.25486,35.81649],[127.25106,35.81809],[127.24871,35.81991],[127.2469,35.82164],[127.24686,35.82167],[127.24657,35.82156],[127.24616,35.8214],[127.24583,35.8212],[127.24565,35.82106],[127.24542,35.82091],[127.24392,35.82065],[127.24365,35.82063],[127.24347,35.82065],[127.24162,35.82137],[127.24124,35.82154],[127.23561,35.82149],[127.23285,35.82171],[127.22821,35.82216],[127.22777,35.82228],[127.22762,35.82229],[127.22753,35.82228],[127.22431,35.82124],[127.22404,35.8211],[127.22352,35.8208],[127.22303,35.82051],[127.22263,35.82028],[127.22234,35.82015],[127.22212,35.8201],[127.21984,35.81986],[127.21966,35.81986],[127.2195,35.81987],[127.2164,35.82091],[127.21594,35.82109],[127.21559,35.82124],[127.2143,35.82205],[127.21418,35.82212],[127.21405,35.82225],[127.21122,35.82507],[127.21106,35.82523],[127.20992,35.82652],[127.20864,35.82855],[127.20858,35.82868],[127.20853,35.82898],[127.20854,35.8292],[127.20895,35.83109],[127.20898,35.83118],[127.20903,35.83129],[127.20916,35.83143],[127.20999,35.83455],[127.2104,35.83914],[127.21028,35.84104],[127.21026,35.84111],[127.21022,35.84119],[127.21013,35.84128],[127.2082,35.84314],[127.20666,35.84437],[127.20553,35.84467],[127.20541,35.84471],[127.20534,35.84474],[127.2052,35.84484],[127.20511,35.84494],[127.20497,35.84511],[127.20401,35.84661],[127.20256,35.84901],[127.19995,35.85342],[127.19992,35.85347],[127.19954,35.85432],[127.19946,35.85475],[127.19916,35.85525],[127.19841,35.85643],[127.19812,35.85686],[127.19743,35.85766],[127.19703,35.85805],[127.19677,35.85817],[127.19662,35.85822],[127.19538,35.85862],[127.19484,35.85873],[127.19457,35.85877],[127.19446,35.85885],[127.19429,35.85898],[127.19412,35.85913],[127.19378,35.85962],[127.19366,35.85985],[127.1922,35.86287],[127.19443,35.86788],[127.19456,35.86813],[127.1947,35.86833],[127.19664,35.87042],[127.19675,35.87053],[127.19689,35.87066],[127.19694,35.8707],[127.1972,35.87091],[127.19775,35.87127],[127.19802,35.87144],[127.19829,35.87156],[127.19988,35.87692],[127.20229,35.8788],[127.20241,35.87889],[127.20262,35.87895],[127.20415,35.8793],[127.20435,35.87928],[127.2046,35.87921],[127.20496,35.87907],[127.20506,35.87904],[127.20537,35.87907],[127.20573,35.8791],[127.20591,35.87912],[127.20612,35.87923],[127.20624,35.87937],[127.20659,35.88033],[127.20691,35.88121],[127.20692,35.88132],[127.20685,35.88152],[127.20675,35.88176],[127.20664,35.88186],[127.2064,35.88195],[127.20612,35.88207],[127.20582,35.88222],[127.20568,35.88232],[127.20554,35.88245],[127.2054,35.88265],[127.20528,35.88291],[127.20506,35.88401],[127.20468,35.89135],[127.20572,35.89506],[127.20646,35.89745],[127.20654,35.89753],[127.21121,35.89938],[127.21135,35.89938],[127.21361,35.89893],[127.2138,35.89889],[127.21401,35.8988],[127.21419,35.89869],[127.21439,35.89857],[127.21458,35.89848],[127.2148,35.89844],[127.21499,35.89842],[127.21535,35.89841],[127.21575,35.89842],[127.21607,35.89844],[127.21684,35.89854],[127.21718,35.8986],[127.22489,35.9002],[127.22706,35.90092],[127.22705,35.90098],[127.22682,35.9013],[127.22657,35.90178],[127.2262,35.90269],[127.22617,35.90278],[127.22612,35.90294],[127.22569,35.9045],[127.22552,35.90534],[127.22546,35.90706],[127.2256,35.90868],[127.22564,35.90887],[127.22571,35.90908],[127.22592,35.90959],[127.22606,35.90982],[127.22625,35.91001],[127.22645,35.91014],[127.22651,35.91022],[127.22656,35.91039],[127.22662,35.91061],[127.22663,35.91086],[127.22631,35.91133],[127.22464,35.91293],[127.21981,35.91563],[127.21957,35.91572],[127.2192,35.91586],[127.21891,35.91594],[127.21868,35.91598],[127.21868,35.91635],[127.21875,35.91678],[127.21902,35.91854],[127.21911,35.91878],[127.2192,35.91891],[127.21933,35.91898],[127.21956,35.91905],[127.21982,35.91909],[127.22002,35.91914],[127.2202,35.91921],[127.22033,35.91927],[127.22046,35.91934],[127.22106,35.91978],[127.22127,35.91999],[127.2214,35.92014],[127.22247,35.92146],[127.22266,35.9217],[127.22274,35.92183],[127.22278,35.92193],[127.22281,35.92202],[127.22284,35.92237],[127.22286,35.92288],[127.22277,35.92318],[127.22261,35.92341],[127.22248,35.9236],[127.22241,35.9238],[127.22231,35.92417],[127.22227,35.92444],[127.2223,35.92463],[127.22255,35.926],[127.22266,35.9263],[127.22272,35.92643],[127.22282,35.92655],[127.22289,35.92661],[127.22776,35.9281],[127.22885,35.92833],[127.22888,35.92834],[127.22898,35.92835],[127.22996,35.92839],[127.23028,35.92839],[127.2308,35.9283],[127.23336,35.9277],[127.2362,35.92756],[127.23904,35.92766]]]]}},{"type":"Feature","properties":{"code":"52710350","name":"구이면","parent":"52710"},"geometry":{"type":"MultiPolygon","coordinates":[[[[127.17885,35.77261],[127.18,35.77197],[127.18019,35.77182],[127.18026,35.77168],[127.18042,35.77119],[127.18089,35.76906],[127.18124,35.76715],[127.18142,35.76542],[127.18133,35.76334],[127.1811,35.76304],[127.18095,35.76276],[127.18093,35.76267],[127.1809,35.76193],[127.18103,35.76039],[127.18293,35.75809],[127.18312,35.75789],[127.18327,35.75775],[127.1833,35.75772],[127.18339,35.75769],[127.18353,35.7577],[127.18363,35.75772],[127.18386,35.75775],[127.18417,35.75775],[127.18616,35.75746],[127.1871,35.75724],[127.18733,35.75713],[127.1876,35.7569],[127.18787,35.75664],[127.18966,35.75476],[127.18983,35.75455],[127.19089,35.75301],[127.19123,35.75243],[127.19318,35.74837],[127.1936,35.74442],[127.19351,35.74392],[127.19314,35.74347],[127.19228,35.74296],[127.19176,35.74272],[127.19147,35.74255],[127.19118,35.74239],[127.191,35.74221],[127.18713,35.73702],[127.18657,35.73627],[127.18631,35.73582],[127.18384,35.73594],[127.18161,35.73614],[127.18104,35.73627],[127.18026,35.73668],[127.17954,35.7375],[127.17913,35.73804],[127.17905,35.73806],[127.17813,35.73822],[127.17748,35.73791],[127.17707,35.73771],[127.16882,35.73212],[127.16747,35.73112],[127.16533,35.72946],[127.16346,35.7278],[127.1633,35.72709],[127.16367,35.72614],[127.16333,35.7257],[127.16308,35.7254],[127.16283,35.72528],[127.16258,35.72517],[127.15978,35.72397],[127.15964,35.72396],[127.15918,35.72392],[127.15785,35.72446],[127.15678,35.72489],[127.15578,35.72513],[127.15468,35.7252],[127.15368,35.72513],[127.15248,35.725],[127.15124,35.72418],[127.14741,35.72224],[127.14593,35.72186],[127.14309,35.72069],[127.13891,35.71819],[127.13866,35.71801],[127.13909,35.71532],[127.13961,35.71253],[127.13951,35.7122],[127.13895,35.71128],[127.13847,35.71028],[127.13732,35.70606],[127.13722,35.70404],[127.13728,35.70375],[127.13763,35.70212],[127.1384,35.70082],[127.13844,35.70076],[127.13856,35.70056],[127.13907,35.69969],[127.13894,35.69935],[127.13825,35.69869],[127.13764,35.69843],[127.13738,35.69838],[127.13661,35.69822],[127.13632,35.69815],[127.13506,35.69729],[127.13399,35.69593],[127.1333,35.69465],[127.13112,35.69256],[127.13024,35.69174],[127.12945,35.69161],[127.12886,35.69165],[127.12857,35.69166],[127.12831,35.69163],[127.12773,35.69156],[127.126,35.69072],[127.12528,35.69],[127.12509,35.68965],[127.12469,35.68691],[127.12491,35.68478],[127.12497,35.68073],[127.12476,35.67946],[127.12494,35.67898],[127.12548,35.67846],[127.12562,35.67829],[127.12604,35.6778],[127.1262,35.67682],[127.12632,35.67493],[127.12633,35.67429],[127.12635,35.67368],[127.12708,35.67199],[127.12738,35.67177],[127.12768,35.67155],[127.12837,35.67155],[127.12893,35.67155],[127.12981,35.67127],[127.13097,35.66955],[127.131,35.66725],[127.13099,35.66715],[127.13091,35.66597],[127.1309,35.66574],[127.12941,35.66277],[127.12865,35.65981],[127.1284,35.65912],[127.12767,35.65845],[127.12708,35.65799],[127.12706,35.65788],[127.12698,35.65722],[127.12732,35.65694],[127.12756,35.65674],[127.12822,35.6564],[127.12947,35.65546],[127.13076,35.6542],[127.13204,35.65264],[127.13465,35.64928],[127.13537,35.64811],[127.13553,35.6468],[127.13386,35.64597],[127.13328,35.64546],[127.13247,35.64424],[127.13223,35.64354],[127.13227,35.64305],[127.13105,35.64008],[127.12941,35.63733],[127.12891,35.63684],[127.12703,35.63533],[127.12645,35.63516],[127.1258,35.63512],[127.12525,35.63552],[127.12501,35.63575],[127.1247,35.63606],[127.12411,35.63589],[127.12007,35.63348],[127.11834,35.63173],[127.11586,35.62858],[127.11528,35.62741],[127.11244,35.62463],[127.11231,35.62462],[127.11114,35.62422],[127.10879,35.62316],[127.10719,35.62102],[127.10674,35.62014],[127.10655,35.61985],[127.10628,35.61954],[127.10589,35.61933],[127.10518,35.61896],[127.10326,35.61865],[127.10214,35.6189],[127.10146,35.61917],[127.10123,35.61926],[127.10091,35.61956],[127.10048,35.61995],[127.09984,35.6205],[127.09916,35.62072],[127.09727,35.62121],[127.09424,35.62142],[127.09393,35.62143],[127.0936,35.62144],[127.0931,35.62179],[127.09066,35.62493],[127.09051,35.6253],[127.09044,35.62546],[127.08979,35.62699],[127.0907,35.62799],[127.09109,35.62842],[127.09311,35.63169],[127.09388,35.63321],[127.09289,35.63371],[127.09258,35.63405],[127.08938,35.63782],[127.08881,35.63938],[127.08805,35.64306],[127.08745,35.64661],[127.08878,35.64916],[127.08991,35.65147],[127.08959,35.65289],[127.08947,35.65305],[127.08692,35.65551],[127.0857,35.65641],[127.08391,35.65757],[127.08147,35.65857],[127.08036,35.65889],[127.08029,35.65891],[127.0801,35.65931],[127.07899,35.66255],[127.08014,35.66467],[127.08247,35.66616],[127.08045,35.66862],[127.07904,35.67015],[127.07751,35.67174],[127.07676,35.67208],[127.07641,35.67224],[127.07465,35.67167],[127.07404,35.67161],[127.07095,35.67398],[127.0684,35.67613],[127.06412,35.67772],[127.06359,35.67906],[127.06359,35.67922],[127.06364,35.68024],[127.06439,35.6825],[127.06469,35.68269],[127.06498,35.68287],[127.06522,35.68314],[127.06646,35.6849],[127.06887,35.68942],[127.06891,35.68985],[127.06879,35.69368],[127.06872,35.69414],[127.06856,35.6944],[127.06833,35.69463],[127.06799,35.6948],[127.06674,35.69538],[127.06602,35.69584],[127.06392,35.69735],[127.06059,35.70155],[127.06042,35.70188],[127.06106,35.70426],[127.06126,35.70468],[127.06177,35.70516],[127.06788,35.71076],[127.0686,35.71102],[127.07006,35.71236],[127.07018,35.71325],[127.07052,35.71469],[127.07136,35.71716],[127.07151,35.71744],[127.07181,35.71786],[127.07469,35.72012],[127.07512,35.72033],[127.07577,35.72064],[127.07761,35.72115],[127.07944,35.7215],[127.07991,35.72154],[127.08071,35.72157],[127.0811,35.72164],[127.08298,35.7226],[127.08357,35.72294],[127.08549,35.72444],[127.08598,35.72484],[127.08631,35.72517],[127.08642,35.72528],[127.08661,35.72567],[127.08657,35.72618],[127.08642,35.7265],[127.08618,35.72698],[127.08568,35.7279],[127.08518,35.72843],[127.08513,35.7285],[127.08581,35.73034],[127.08727,35.73201],[127.08971,35.73455],[127.09147,35.73625],[127.09244,35.73657],[127.09337,35.73673],[127.09449,35.73649],[127.09478,35.73673],[127.09507,35.73697],[127.09542,35.73732],[127.09586,35.73895],[127.096,35.7401],[127.09601,35.74241],[127.09567,35.74356],[127.09621,35.74535],[127.10118,35.75126],[127.10206,35.75187],[127.10251,35.75226],[127.10289,35.75245],[127.10317,35.7525],[127.10356,35.75246],[127.10518,35.75222],[127.10651,35.7519],[127.11092,35.75059],[127.11587,35.74943],[127.1167,35.74958],[127.11686,35.74976],[127.11771,35.75108],[127.11836,35.7531],[127.11882,35.75313],[127.12144,35.75307],[127.12085,35.75224],[127.12049,35.75172],[127.12081,35.75167],[127.12182,35.75154],[127.12401,35.75223],[127.12553,35.7551],[127.12967,35.75551],[127.12985,35.75555],[127.13007,35.75563],[127.13035,35.75578],[127.13054,35.75589],[127.13396,35.75825],[127.13412,35.75838],[127.13548,35.75976],[127.13666,35.76097],[127.13681,35.76103],[127.13718,35.76108],[127.13748,35.76111],[127.13915,35.76121],[127.13948,35.76119],[127.13989,35.76113],[127.14175,35.76069],[127.14205,35.7606],[127.14372,35.76008],[127.1463,35.7595],[127.14651,35.75953],[127.14637,35.76037],[127.14627,35.7606],[127.14585,35.76125],[127.14571,35.76146],[127.14571,35.76161],[127.14622,35.76371],[127.14636,35.76392],[127.14724,35.76516],[127.14739,35.76526],[127.14763,35.76537],[127.1479,35.76547],[127.14969,35.76879],[127.14885,35.77015],[127.14893,35.77318],[127.14954,35.77424],[127.14978,35.77438],[127.15008,35.77451],[127.1506,35.77467],[127.15088,35.7748],[127.15113,35.77497],[127.15327,35.77688],[127.15336,35.77706],[127.15337,35.77736],[127.15342,35.77857],[127.15426,35.7788],[127.16033,35.7817],[127.1604,35.78175],[127.16056,35.78189],[127.16107,35.78245],[127.16242,35.78394],[127.16365,35.78188],[127.16406,35.78191],[127.16426,35.78192],[127.16451,35.78191],[127.1652,35.78181],[127.16535,35.78178],[127.16675,35.78141],[127.17158,35.7797],[127.1729,35.77917],[127.17305,35.77909],[127.17326,35.77894],[127.17337,35.77886],[127.17341,35.77882],[127.17352,35.77873],[127.17356,35.77869],[127.17363,35.77863],[127.17374,35.77853],[127.17384,35.77843],[127.17392,35.77831],[127.17401,35.7781],[127.1746,35.77663],[127.17505,35.77548],[127.17509,35.77535],[127.17517,35.77517],[127.17529,35.77497],[127.17539,35.7748],[127.17552,35.77464],[127.1782,35.77274],[127.17834,35.77267],[127.17885,35.77261]]]]}},{"type":"Feature","properties":{"code":"52710360","name":"고산면","parent":"52710"},"geometry":{"type":"MultiPolygon","coordinates":[[[[127.33162,36.01356],[127.33079,36.01268],[127.329,36.01096],[127.32766,36.00971],[127.3214,36.00422],[127.32129,36.00412],[127.32074,36.00365],[127.32049,36.00346],[127.32018,36.00328],[127.32008,36.00324],[127.31888,36.00273],[127.31473,36.00107],[127.3138,36.0007],[127.3107,35.99987],[127.3094,35.99964],[127.30854,35.99967],[127.30807,35.99976],[127.3067,36.00056],[127.30584,36.00095],[127.30493,36.00125],[127.30389,36.0015],[127.30369,36.00149],[127.30351,36.0014],[127.30311,36.00099],[127.30156,35.99923],[127.30058,35.99792],[127.29907,35.99566],[127.29772,35.99291],[127.29748,35.9924],[127.29716,35.99185],[127.29644,35.99114],[127.29599,35.99081],[127.29276,35.98965],[127.29184,35.98944],[127.2886,35.98886],[127.28812,35.98879],[127.28637,35.98874],[127.28536,35.98872],[127.28279,35.9888],[127.28078,35.98905],[127.28029,35.98966],[127.27975,35.99004],[127.27827,35.99081],[127.27751,35.99111],[127.27654,35.99127],[127.27375,35.99143],[127.27275,35.99136],[127.27169,35.99122],[127.2682,35.99069],[127.26758,35.99056],[127.267,35.99016],[127.2664,35.98953],[127.26617,35.98876],[127.26622,35.98808],[127.26636,35.98734],[127.26663,35.9865],[127.26662,35.98603],[127.2666,35.98546],[127.26647,35.98489],[127.26622,35.9841],[127.26479,35.98224],[127.26361,35.98189],[127.26105,35.98208],[127.26091,35.98243],[127.26063,35.98258],[127.26027,35.98253],[127.26005,35.98244],[127.25965,35.98089],[127.25971,35.98006],[127.25982,35.97951],[127.26018,35.97857],[127.26053,35.97781],[127.26057,35.97733],[127.26048,35.97715],[127.26011,35.9769],[127.25929,35.97654],[127.25857,35.97601],[127.25841,35.97582],[127.25841,35.97551],[127.26008,35.97363],[127.26078,35.97309],[127.26159,35.97252],[127.26311,35.97166],[127.26431,35.971],[127.2647,35.97067],[127.2649,35.97023],[127.26519,35.96817],[127.26523,35.96764],[127.26523,35.96754],[127.26507,35.96692],[127.26468,35.9662],[127.2644,35.96591],[127.2637,35.96525],[127.26284,35.96451],[127.26158,35.96323],[127.26133,35.9622],[127.26133,35.96162],[127.26093,35.96029],[127.26066,35.95998],[127.25975,35.95965],[127.2587,35.95941],[127.25749,35.95933],[127.25667,35.95933],[127.25609,35.95937],[127.25586,35.95945],[127.25546,35.9597],[127.25498,35.95973],[127.25477,35.95961],[127.25455,35.95913],[127.25445,35.95832],[127.25472,35.95715],[127.25483,35.95674],[127.25491,35.9558],[127.25489,35.95467],[127.25466,35.9545],[127.25456,35.95445],[127.25422,35.9543],[127.25344,35.95402],[127.25196,35.95327],[127.25134,35.95283],[127.25132,35.95278],[127.25104,35.9523],[127.25082,35.95163],[127.25027,35.95075],[127.24908,35.94926],[127.24789,35.94809],[127.24739,35.94765],[127.24724,35.94754],[127.24708,35.94744],[127.24679,35.94729],[127.24671,35.94726],[127.24668,35.94722],[127.24663,35.94717],[127.24579,35.94579],[127.24546,35.94523],[127.24441,35.94339],[127.24419,35.94287],[127.24557,35.93638],[127.24648,35.93212],[127.24652,35.93201],[127.24651,35.93187],[127.24641,35.93],[127.24641,35.92994],[127.24638,35.9299],[127.24627,35.92982],[127.24516,35.92908],[127.24503,35.92901],[127.24492,35.92897],[127.24438,35.92882],[127.24334,35.92857],[127.24298,35.92849],[127.24276,35.92846],[127.24266,35.92846],[127.24255,35.92846],[127.24242,35.9285],[127.24225,35.92855],[127.24139,35.92869],[127.24036,35.92875],[127.24022,35.92873],[127.24009,35.92871],[127.23999,35.92866],[127.23993,35.92863],[127.23979,35.92852],[127.23968,35.9284],[127.23955,35.92826],[127.23904,35.92766],[127.2362,35.92756],[127.23336,35.9277],[127.2308,35.9283],[127.23028,35.92839],[127.22996,35.92839],[127.22898,35.92835],[127.22888,35.92834],[127.22885,35.92833],[127.22776,35.9281],[127.22289,35.92661],[127.22282,35.92655],[127.22272,35.92643],[127.22266,35.9263],[127.22255,35.926],[127.2223,35.92463],[127.22227,35.92444],[127.22231,35.92417],[127.22241,35.9238],[127.22248,35.9236],[127.22261,35.92341],[127.22277,35.92318],[127.22286,35.92288],[127.22284,35.92237],[127.22281,35.92202],[127.22278,35.92193],[127.22274,35.92183],[127.22266,35.9217],[127.22247,35.92146],[127.2214,35.92014],[127.22127,35.91999],[127.22106,35.91978],[127.22046,35.91934],[127.22033,35.91927],[127.2202,35.91921],[127.22002,35.91914],[127.21982,35.91909],[127.21956,35.91905],[127.21933,35.91898],[127.2192,35.91891],[127.21911,35.91878],[127.21902,35.91854],[127.21875,35.91678],[127.21868,35.91635],[127.21868,35.91598],[127.21495,35.91514],[127.21236,35.91506],[127.21206,35.91508],[127.20943,35.91525],[127.20799,35.91536],[127.20615,35.91563],[127.20608,35.91564],[127.20591,35.91572],[127.20582,35.91578],[127.204,35.91709],[127.20394,35.91715],[127.20381,35.91735],[127.20355,35.91776],[127.203,35.91856],[127.20282,35.91874],[127.20263,35.91888],[127.20246,35.91902],[127.20236,35.91909],[127.20225,35.91916],[127.20202,35.91932],[127.20172,35.91943],[127.2016,35.91947],[127.20119,35.91959],[127.20086,35.91965],[127.20079,35.91965],[127.20061,35.91966],[127.20036,35.91966],[127.20026,35.91964],[127.20023,35.91964],[127.20011,35.91955],[127.19995,35.91942],[127.19983,35.91931],[127.19975,35.91924],[127.19951,35.9191],[127.19935,35.91905],[127.19912,35.919],[127.19887,35.91898],[127.1958,35.91908],[127.19223,35.92061],[127.19213,35.92067],[127.1895,35.92267],[127.18941,35.92275],[127.18931,35.92289],[127.1892,35.92308],[127.18788,35.92631],[127.18788,35.92636],[127.1879,35.9264],[127.18795,35.92647],[127.18844,35.92696],[127.18856,35.92702],[127.18876,35.92707],[127.1889,35.92708],[127.1902,35.92837],[127.19009,35.9298],[127.19004,35.93216],[127.19041,35.93457],[127.19047,35.93471],[127.19095,35.93542],[127.19105,35.93547],[127.1925,35.93754],[127.19186,35.94091],[127.19113,35.94297],[127.19108,35.94306],[127.19097,35.94309],[127.19081,35.94308],[127.18632,35.94246],[127.18512,35.94208],[127.18507,35.94208],[127.18449,35.94212],[127.18428,35.94218],[127.18406,35.94228],[127.18396,35.94234],[127.18381,35.94244],[127.18361,35.9426],[127.1835,35.94268],[127.18331,35.94285],[127.18315,35.94301],[127.18282,35.94338],[127.18266,35.94359],[127.18238,35.94404],[127.18133,35.94651],[127.1812,35.94688],[127.18169,35.94698],[127.18215,35.94715],[127.18266,35.94736],[127.18296,35.94756],[127.18345,35.94828],[127.18361,35.94852],[127.1838,35.94889],[127.18404,35.94957],[127.18417,35.95022],[127.18434,35.95117],[127.18434,35.95168],[127.18429,35.95193],[127.18419,35.95218],[127.18375,35.95319],[127.18364,35.95334],[127.18348,35.9534],[127.18298,35.9535],[127.1824,35.95353],[127.17884,35.95508],[127.17872,35.95518],[127.17866,35.95527],[127.17863,35.95537],[127.17863,35.95551],[127.17878,35.95584],[127.17898,35.95619],[127.17909,35.95639],[127.17911,35.95658],[127.17907,35.95676],[127.17801,35.95938],[127.17794,35.95955],[127.17764,35.96021],[127.17754,35.96039],[127.17748,35.96047],[127.1774,35.96054],[127.17722,35.96062],[127.17671,35.96084],[127.17543,35.96256],[127.17634,35.96618],[127.1757,35.9672],[127.17534,35.96836],[127.17552,35.97028],[127.17558,35.97045],[127.17596,35.97094],[127.17612,35.97113],[127.17625,35.97123],[127.17662,35.9716],[127.17664,35.9717],[127.17658,35.97176],[127.17655,35.97179],[127.17408,35.97371],[127.17281,35.97467],[127.17275,35.97471],[127.17264,35.9748],[127.17242,35.97492],[127.17232,35.97497],[127.16964,35.97639],[127.16936,35.97648],[127.1692,35.97649],[127.16893,35.97648],[127.16862,35.97645],[127.16823,35.97639],[127.16804,35.97639],[127.16787,35.97642],[127.16657,35.97674],[127.16652,35.97676],[127.16639,35.97682],[127.16507,35.97784],[127.16494,35.97798],[127.16399,35.98084],[127.16397,35.98098],[127.164,35.98109],[127.16408,35.98126],[127.16444,35.98166],[127.16485,35.98209],[127.16488,35.9821],[127.16499,35.98214],[127.16507,35.98215],[127.16517,35.98213],[127.16521,35.98213],[127.16545,35.98203],[127.16593,35.98176],[127.16605,35.98166],[127.1664,35.98146],[127.16669,35.9813],[127.16692,35.98121],[127.16899,35.98052],[127.16908,35.98052],[127.17015,35.9809],[127.17123,35.98144],[127.17423,35.98424],[127.17608,35.98599],[127.17611,35.98603],[127.17612,35.98613],[127.17546,35.98731],[127.17471,35.98852],[127.17465,35.98867],[127.17467,35.9888],[127.17483,35.98915],[127.17493,35.98929],[127.17504,35.98939],[127.17521,35.98947],[127.18156,35.99137],[127.18186,35.99145],[127.18214,35.9915],[127.18225,35.99152],[127.18234,35.99152],[127.18262,35.99154],[127.18303,35.99156],[127.18472,35.99196],[127.18931,35.99337],[127.19126,35.99489],[127.1936,35.99644],[127.1938,35.99657],[127.19404,35.99671],[127.19433,35.99679],[127.19453,35.9968],[127.1947,35.99679],[127.19667,35.99663],[127.19806,35.99637],[127.1981,35.99612],[127.19823,35.99588],[127.19827,35.99584],[127.19838,35.99571],[127.19846,35.99569],[127.19913,35.99577],[127.20089,35.99608],[127.20117,35.99615],[127.20177,35.99636],[127.20299,35.99679],[127.20347,35.99703],[127.2035,35.99709],[127.20353,35.99716],[127.2037,35.9982],[127.20369,35.99825],[127.20365,35.99833],[127.20361,35.99844],[127.20358,35.99865],[127.20356,35.99882],[127.20356,35.99903],[127.20361,35.99921],[127.20371,35.99931],[127.20441,35.99979],[127.20457,35.99986],[127.20467,35.99989],[127.20476,35.99992],[127.20615,36.00016],[127.207,35.9988],[127.20987,35.99383],[127.20993,35.99383],[127.20999,35.99385],[127.21064,35.99414],[127.21201,35.99486],[127.21231,35.9951],[127.21275,35.99551],[127.21311,35.99577],[127.21341,35.99597],[127.21366,35.99613],[127.21396,35.99628],[127.21547,35.99699],[127.22018,35.99864],[127.22071,35.9988],[127.22119,35.9989],[127.22137,35.99893],[127.22186,35.99892],[127.22201,35.99892],[127.22243,35.99889],[127.2226,35.99888],[127.22266,35.99887],[127.2229,35.99879],[127.22293,35.99878],[127.22302,35.99874],[127.22305,35.99872],[127.2257,35.99731],[127.23139,35.99456],[127.23251,35.99409],[127.23278,35.99399],[127.23293,35.99395],[127.23317,35.99391],[127.2333,35.99392],[127.23505,35.99441],[127.23535,35.9945],[127.23552,35.99457],[127.23592,35.99476],[127.23717,35.99539],[127.23756,35.99567],[127.23768,35.99576],[127.23779,35.99588],[127.23889,35.99697],[127.24171,35.99922],[127.24519,36.00165],[127.24694,36.00312],[127.24802,36.00298],[127.25362,36.00208],[127.25446,36.00179],[127.25486,36.00137],[127.25875,36.00161],[127.25935,36.00172],[127.2642,36.00364],[127.26825,36.00461],[127.27375,36.0077],[127.27383,36.00774],[127.27412,36.00803],[127.27427,36.00817],[127.27436,36.00828],[127.27452,36.00846],[127.27488,36.00895],[127.27519,36.00938],[127.27544,36.00973],[127.27553,36.00987],[127.27562,36.01],[127.27582,36.01034],[127.27592,36.01056],[127.27619,36.01124],[127.27624,36.01141],[127.27624,36.01156],[127.27622,36.01165],[127.27619,36.0118],[127.27609,36.01199],[127.27604,36.01215],[127.27599,36.01229],[127.27598,36.01244],[127.27601,36.01267],[127.27604,36.01282],[127.27611,36.0129],[127.27637,36.01304],[127.27661,36.01317],[127.27687,36.01329],[127.27713,36.0134],[127.27808,36.01376],[127.27832,36.01385],[127.27873,36.01398],[127.28599,36.01622],[127.28899,36.01739],[127.28914,36.01742],[127.28929,36.01746],[127.28938,36.01748],[127.28969,36.01754],[127.29086,36.01771],[127.29093,36.01771],[127.29495,36.0176],[127.29502,36.01759],[127.29506,36.01758],[127.29511,36.01755],[127.29524,36.01744],[127.29531,36.01739],[127.2957,36.0171],[127.29603,36.0169],[127.29623,36.01679],[127.29642,36.01669],[127.29662,36.0166],[127.29686,36.01658],[127.29813,36.01654],[127.30077,36.01673],[127.30089,36.01676],[127.30099,36.0168],[127.3012,36.01691],[127.30174,36.01738],[127.30275,36.0183],[127.30339,36.0189],[127.30365,36.01916],[127.30388,36.01932],[127.30419,36.01949],[127.30441,36.01958],[127.30456,36.01962],[127.30468,36.01962],[127.30472,36.01962],[127.30477,36.01962],[127.30491,36.01961],[127.30934,36.01939],[127.3096,36.01933],[127.30967,36.0193],[127.30985,36.01924],[127.31012,36.01912],[127.31042,36.01894],[127.31055,36.01887],[127.31087,36.01871],[127.31104,36.01866],[127.31115,36.01863],[127.31126,36.01862],[127.31146,36.01864],[127.31185,36.01869],[127.31274,36.01883],[127.31564,36.01954],[127.32072,36.02013],[127.32092,36.02011],[127.32099,36.02011],[127.32118,36.02011],[127.32131,36.02011],[127.32144,36.02014],[127.32262,36.02035],[127.32489,36.02084],[127.32521,36.02105],[127.32573,36.02092],[127.32837,36.02041],[127.32841,36.02038],[127.33026,36.01767],[127.33039,36.01747],[127.33103,36.01559],[127.33162,36.01356]]]]}},{"type":"Feature","properties":{"code":"52710370","name":"비봉면","parent":"52710"},"geometry":{"type":"MultiPolygon","coordinates":[[[[127.20615,36.00016],[127.20476,35.99992],[127.20467,35.99989],[127.20457,35.99986],[127.20441,35.99979],[127.20371,35.99931],[127.20361,35.99921],[127.20356,35.99903],[127.20356,35.99882],[127.20358,35.99865],[127.20361,35.99844],[127.20365,35.99833],[127.20369,35.99825],[127.2037,35.9982],[127.20353,35.99716],[127.2035,35.99709],[127.20347,35.99703],[127.20299,35.99679],[127.20177,35.99636],[127.20117,35.99615],[127.20089,35.99608],[127.19913,35.99577],[127.19846,35.99569],[127.19838,35.99571],[127.19827,35.99584],[127.19823,35.99588],[127.1981,35.99612],[127.19806,35.99637],[127.19667,35.99663],[127.1947,35.99679],[127.19453,35.9968],[127.19433,35.99679],[127.19404,35.99671],[127.1938,35.99657],[127.1936,35.99644],[127.19126,35.99489],[127.18931,35.99337],[127.18472,35.99196],[127.18303,35.99156],[127.18262,35.99154],[127.18234,35.99152],[127.18225,35.99152],[127.18214,35.9915],[127.18186,35.99145],[127.18156,35.99137],[127.17521,35.98947],[127.17504,35.98939],[127.17493,35.98929],[127.17483,35.98915],[127.17467,35.9888],[127.17465,35.98867],[127.17471,35.98852],[127.17546,35.98731],[127.17612,35.98613],[127.17611,35.98603],[127.17608,35.98599],[127.17423,35.98424],[127.17123,35.98144],[127.17015,35.9809],[127.16908,35.98052],[127.16899,35.98052],[127.16692,35.98121],[127.16669,35.9813],[127.1664,35.98146],[127.16605,35.98166],[127.16593,35.98176],[127.16545,35.98203],[127.16521,35.98213],[127.16517,35.98213],[127.16507,35.98215],[127.16499,35.98214],[127.16488,35.9821],[127.16485,35.98209],[127.16444,35.98166],[127.16408,35.98126],[127.164,35.98109],[127.16397,35.98098],[127.16399,35.98084],[127.16494,35.97798],[127.16507,35.97784],[127.16639,35.97682],[127.16652,35.97676],[127.16657,35.97674],[127.16787,35.97642],[127.16804,35.97639],[127.16823,35.97639],[127.16862,35.97645],[127.16893,35.97648],[127.1692,35.97649],[127.16936,35.97648],[127.16964,35.97639],[127.17232,35.97497],[127.17242,35.97492],[127.17264,35.9748],[127.17275,35.97471],[127.17281,35.97467],[127.17408,35.97371],[127.17655,35.97179],[127.17658,35.97176],[127.17664,35.9717],[127.17662,35.9716],[127.17625,35.97123],[127.17612,35.97113],[127.17596,35.97094],[127.17558,35.97045],[127.17552,35.97028],[127.17534,35.96836],[127.1757,35.9672],[127.17634,35.96618],[127.17543,35.96256],[127.17671,35.96084],[127.17626,35.96113],[127.17606,35.96122],[127.17597,35.96124],[127.17571,35.96127],[127.17428,35.96138],[127.17329,35.96137],[127.17309,35.96135],[127.1729,35.96136],[127.17118,35.96156],[127.17109,35.96158],[127.17091,35.96167],[127.17063,35.96188],[127.17047,35.96203],[127.17038,35.96211],[127.16986,35.96265],[127.16832,35.96361],[127.16613,35.96491],[127.16597,35.965],[127.16452,35.96584],[127.16426,35.96598],[127.15973,35.96783],[127.15956,35.96781],[127.1584,35.96783],[127.1582,35.96789],[127.15649,35.96864],[127.15396,35.97003],[127.15258,35.9715],[127.15255,35.97178],[127.15249,35.9721],[127.15244,35.97234],[127.15236,35.97258],[127.15223,35.97279],[127.15201,35.97298],[127.15168,35.97322],[127.15149,35.97335],[127.14888,35.97492],[127.14868,35.97499],[127.14726,35.97531],[127.14545,35.97571],[127.14528,35.97573],[127.14523,35.97574],[127.1451,35.97576],[127.14481,35.97578],[127.14317,35.97586],[127.1431,35.97585],[127.14229,35.97924],[127.14263,35.97959],[127.14278,35.97976],[127.14284,35.97983],[127.14286,35.97996],[127.14286,35.9801],[127.14267,35.98173],[127.14265,35.98183],[127.14251,35.98199],[127.14206,35.98238],[127.14195,35.98246],[127.14176,35.98256],[127.14166,35.98259],[127.14071,35.98277],[127.14057,35.98279],[127.1404,35.9828],[127.14027,35.98278],[127.14022,35.98278],[127.14007,35.98276],[127.13977,35.9827],[127.13948,35.9826],[127.13928,35.9825],[127.13913,35.98239],[127.13897,35.98226],[127.13892,35.98225],[127.13871,35.98225],[127.13766,35.98234],[127.13754,35.98237],[127.13619,35.98279],[127.13289,35.9841],[127.13266,35.98419],[127.1324,35.98433],[127.13221,35.98444],[127.13213,35.98452],[127.13058,35.98673],[127.13057,35.98683],[127.13064,35.98796],[127.13065,35.98809],[127.13069,35.98822],[127.13139,35.98977],[127.13156,35.9901],[127.13193,35.99077],[127.13232,35.99134],[127.13294,35.99316],[127.1307,35.99624],[127.13054,35.99645],[127.13034,35.99668],[127.13009,35.99694],[127.12986,35.99717],[127.12955,35.9974],[127.12913,35.99765],[127.12879,35.99785],[127.12873,35.99795],[127.12797,35.99936],[127.12774,36.00177],[127.12772,36.00329],[127.12778,36.00342],[127.12779,36.00357],[127.12776,36.00371],[127.12767,36.00388],[127.12752,36.00399],[127.12566,36.00526],[127.12516,36.00547],[127.12475,36.0083],[127.12472,36.00872],[127.12478,36.00893],[127.12502,36.00937],[127.12517,36.00955],[127.12539,36.00973],[127.12555,36.00993],[127.12559,36.01002],[127.12563,36.01122],[127.12561,36.0113],[127.12557,36.0114],[127.12493,36.01243],[127.12477,36.01264],[127.12454,36.01284],[127.12255,36.01517],[127.12257,36.01631],[127.12148,36.02007],[127.12143,36.02014],[127.12134,36.02025],[127.12119,36.02039],[127.12067,36.0208],[127.12038,36.02099],[127.11833,36.0224],[127.11604,36.02411],[127.11601,36.02414],[127.1164,36.0247],[127.11685,36.02517],[127.11742,36.02575],[127.11749,36.0258],[127.11754,36.02583],[127.1178,36.02595],[127.11808,36.02605],[127.11812,36.02606],[127.11824,36.02621],[127.11825,36.02627],[127.11824,36.02632],[127.11821,36.0264],[127.11777,36.02743],[127.11768,36.02763],[127.11762,36.02775],[127.11759,36.02781],[127.11749,36.02792],[127.11614,36.03056],[127.11662,36.03069],[127.11688,36.03077],[127.11765,36.031],[127.11778,36.03108],[127.1179,36.03117],[127.11835,36.03153],[127.12049,36.03373],[127.12605,36.03993],[127.12816,36.04172],[127.12913,36.04263],[127.1317,36.0455],[127.13186,36.04571],[127.13203,36.04595],[127.1324,36.04651],[127.13298,36.04751],[127.13387,36.04916],[127.13389,36.04923],[127.13413,36.04986],[127.13416,36.04995],[127.1342,36.05014],[127.13426,36.05059],[127.13434,36.05085],[127.13443,36.05107],[127.13532,36.05272],[127.13549,36.0529],[127.13556,36.05297],[127.13569,36.05311],[127.1393,36.0565],[127.1401,36.05711],[127.14239,36.05583],[127.14617,36.05403],[127.14752,36.05383],[127.14977,36.05513],[127.15004,36.05526],[127.15036,36.05539],[127.15269,36.05599],[127.15281,36.05602],[127.15291,36.05602],[127.15301,36.05597],[127.15491,36.05363],[127.15537,36.05225],[127.15634,36.04938],[127.15643,36.04923],[127.15655,36.04915],[127.15687,36.04902],[127.15707,36.049],[127.15725,36.04899],[127.15778,36.04905],[127.15857,36.0492],[127.16106,36.0496],[127.16477,36.04981],[127.16501,36.04981],[127.16529,36.04977],[127.16561,36.04971],[127.16619,36.04959],[127.16637,36.04952],[127.16748,36.04898],[127.16764,36.04888],[127.16858,36.04785],[127.16862,36.04779],[127.16961,36.04595],[127.16975,36.04568],[127.17125,36.04443],[127.17401,36.04227],[127.17483,36.04168],[127.17523,36.04149],[127.17574,36.04129],[127.17652,36.04111],[127.17719,36.04098],[127.17798,36.04083],[127.18166,36.04054],[127.18335,36.0407],[127.18396,36.04083],[127.18402,36.04082],[127.18408,36.04078],[127.18425,36.04058],[127.18432,36.04042],[127.18435,36.04019],[127.18434,36.03997],[127.18419,36.0397],[127.18373,36.03925],[127.18327,36.03881],[127.18164,36.03723],[127.18144,36.03714],[127.17945,36.03634],[127.17939,36.03634],[127.17933,36.03637],[127.17562,36.03714],[127.17083,36.03803],[127.16723,36.03794],[127.16701,36.03787],[127.16548,36.03755],[127.16539,36.03753],[127.16517,36.03754],[127.1649,36.0376],[127.16342,36.03802],[127.16101,36.03867],[127.16026,36.0387],[127.15857,36.03869],[127.15827,36.03867],[127.15818,36.03863],[127.15812,36.03859],[127.15779,36.03805],[127.15647,36.03649],[127.15526,36.03514],[127.1552,36.03511],[127.15508,36.03508],[127.15435,36.03496],[127.15417,36.03495],[127.15395,36.03495],[127.15355,36.03508],[127.15324,36.03517],[127.15299,36.0352],[127.15282,36.03517],[127.15271,36.03511],[127.15182,36.03464],[127.15169,36.03456],[127.15094,36.03379],[127.15084,36.03364],[127.1501,36.03147],[127.15006,36.03125],[127.15008,36.03062],[127.15009,36.03042],[127.1502,36.03025],[127.15028,36.03022],[127.15107,36.02998],[127.15124,36.02994],[127.15131,36.02998],[127.15179,36.03036],[127.15193,36.03044],[127.15222,36.03049],[127.15265,36.03049],[127.15324,36.03046],[127.15714,36.03014],[127.15747,36.03008],[127.15756,36.02998],[127.15762,36.02978],[127.15769,36.02937],[127.15777,36.02917],[127.1579,36.02898],[127.15935,36.02751],[127.16001,36.02699],[127.16056,36.02678],[127.16154,36.02741],[127.16162,36.02748],[127.16172,36.02762],[127.16187,36.02792],[127.16189,36.02797],[127.1619,36.02804],[127.16188,36.02811],[127.16184,36.02823],[127.1618,36.02834],[127.1618,36.02844],[127.1619,36.02868],[127.1631,36.02997],[127.16324,36.03007],[127.16432,36.03083],[127.16453,36.03092],[127.16481,36.03103],[127.16524,36.03115],[127.1665,36.03136],[127.16787,36.03108],[127.16814,36.03101],[127.1686,36.03082],[127.16875,36.03064],[127.16899,36.03037],[127.16914,36.03025],[127.17039,36.02948],[127.17071,36.0293],[127.17093,36.02917],[127.17405,36.02762],[127.1741,36.0276],[127.17416,36.0276],[127.17449,36.02772],[127.17487,36.02792],[127.17493,36.02797],[127.17528,36.02839],[127.17553,36.02865],[127.17572,36.02876],[127.17576,36.02877],[127.1817,36.02674],[127.18174,36.02672],[127.18913,36.02227],[127.19149,36.0208],[127.19402,36.0174],[127.19768,36.01354],[127.19778,36.01346],[127.19789,36.01339],[127.19799,36.01336],[127.19807,36.01334],[127.19939,36.01307],[127.20032,36.01314],[127.20041,36.01321],[127.20065,36.01335],[127.20083,36.01345],[127.201,36.01351],[127.20107,36.01353],[127.20113,36.01354],[127.2012,36.01353],[127.20336,36.01319],[127.20381,36.01304],[127.20407,36.01291],[127.20422,36.01282],[127.20432,36.01272],[127.20687,36.00983],[127.20791,36.00827],[127.20801,36.00815],[127.20809,36.00807],[127.20815,36.00805],[127.20826,36.00805],[127.20833,36.00805],[127.21058,36.00826],[127.21068,36.00827],[127.2108,36.0083],[127.2109,36.00834],[127.21115,36.00844],[127.21127,36.00851],[127.21145,36.00862],[127.21202,36.00887],[127.21211,36.00889],[127.21221,36.00888],[127.21228,36.00885],[127.21236,36.00877],[127.2125,36.00858],[127.21293,36.00792],[127.21294,36.00784],[127.21293,36.00777],[127.21287,36.00765],[127.21177,36.00569],[127.21168,36.00555],[127.21075,36.00417],[127.21066,36.00405],[127.21051,36.00388],[127.20988,36.0032],[127.20983,36.00315],[127.20978,36.00312],[127.2097,36.00309],[127.20961,36.00306],[127.20952,36.00305],[127.20938,36.00303],[127.2093,36.00301],[127.20615,36.00016]]]]}},{"type":"Feature","properties":{"code":"52710380","name":"운주면","parent":"52710"},"geometry":{"type":"MultiPolygon","coordinates":[[[[127.36,36.08951],[127.35959,36.08823],[127.35837,36.0875],[127.35716,36.08676],[127.35724,36.08316],[127.35817,36.08138],[127.35912,36.08068],[127.36005,36.07978],[127.3613,36.07712],[127.36173,36.07618],[127.36116,36.07359],[127.36084,36.07281],[127.36014,36.07236],[127.35971,36.07203],[127.35939,36.07127],[127.35931,36.0708],[127.35927,36.07057],[127.35978,36.06944],[127.36029,36.06831],[127.36147,36.06841],[127.36265,36.06851],[127.36382,36.06861],[127.36394,36.06833],[127.36409,36.06798],[127.36455,36.06592],[127.36431,36.06513],[127.36333,36.06452],[127.36234,36.06392],[127.36118,36.06202],[127.36063,36.06114],[127.3606,36.06107],[127.36125,36.06051],[127.36147,36.06033],[127.36175,36.05886],[127.36131,36.0579],[127.36086,36.05695],[127.36041,36.056],[127.36066,36.0551],[127.3609,36.0542],[127.36114,36.05331],[127.36366,36.05201],[127.36561,36.05113],[127.36699,36.04897],[127.36972,36.04615],[127.37308,36.04352],[127.37444,36.0393],[127.37412,36.03894],[127.37346,36.03819],[127.37438,36.03427],[127.37681,36.03275],[127.37935,36.03041],[127.37932,36.03035],[127.37901,36.02963],[127.37801,36.02867],[127.37764,36.0235],[127.37783,36.02282],[127.3773,36.02211],[127.37722,36.02202],[127.37646,36.0213],[127.37633,36.02121],[127.37425,36.02023],[127.37414,36.0202],[127.37397,36.02016],[127.37385,36.02014],[127.37376,36.02015],[127.37367,36.02026],[127.37353,36.02046],[127.37337,36.0207],[127.37327,36.02081],[127.37298,36.02107],[127.37288,36.02115],[127.37263,36.02132],[127.37244,36.02141],[127.37224,36.0215],[127.37207,36.02155],[127.37191,36.02156],[127.3717,36.02157],[127.37155,36.02156],[127.37136,36.02153],[127.37105,36.02146],[127.36935,36.02097],[127.36925,36.02092],[127.36918,36.02087],[127.36658,36.01792],[127.36646,36.01778],[127.36633,36.01756],[127.36622,36.01732],[127.36618,36.01713],[127.36544,36.015],[127.36377,36.0123],[127.36361,36.01205],[127.36355,36.01197],[127.36347,36.0119],[127.36335,36.01185],[127.3631,36.0118],[127.3628,36.01176],[127.36273,36.01176],[127.3627,36.01174],[127.36264,36.01172],[127.36223,36.01125],[127.36221,36.01116],[127.36199,36.00536],[127.36199,36.00534],[127.36334,36.00192],[127.3638,36.00098],[127.3642,36.00042],[127.36447,36.00007],[127.36469,35.99973],[127.36473,35.99944],[127.3646,35.999],[127.36406,35.99788],[127.36356,35.99685],[127.36305,35.99522],[127.36306,35.99404],[127.36318,35.99362],[127.36347,35.99278],[127.36397,35.99178],[127.36463,35.99094],[127.36556,35.99012],[127.36293,35.98996],[127.36175,35.99012],[127.36058,35.99011],[127.35926,35.98995],[127.3577,35.98972],[127.35701,35.9896],[127.35669,35.98951],[127.35632,35.98921],[127.35579,35.98883],[127.35555,35.98874],[127.35325,35.98889],[127.35311,35.98894],[127.35206,35.98975],[127.35058,35.99096],[127.35017,35.99136],[127.34945,35.99219],[127.34926,35.99249],[127.3489,35.99293],[127.34878,35.99299],[127.34866,35.99306],[127.34824,35.99329],[127.34581,35.99412],[127.34491,35.99437],[127.34457,35.99447],[127.34377,35.99481],[127.34354,35.99503],[127.34362,35.99533],[127.34402,35.99571],[127.34462,35.99608],[127.3457,35.99672],[127.34671,35.99732],[127.34766,35.99794],[127.348,35.99836],[127.34828,35.99889],[127.34826,35.99942],[127.34781,36.00127],[127.34761,36.00188],[127.34583,36.00366],[127.34348,36.00576],[127.3384,36.01088],[127.33309,36.01325],[127.33263,36.0134],[127.33251,36.01343],[127.3322,36.01352],[127.33194,36.01356],[127.33184,36.01358],[127.33162,36.01356],[127.33103,36.01559],[127.33039,36.01747],[127.33026,36.01767],[127.32841,36.02038],[127.32837,36.02041],[127.32573,36.02092],[127.32521,36.02105],[127.32545,36.02227],[127.32451,36.02452],[127.32429,36.02487],[127.32223,36.02556],[127.3216,36.02612],[127.32108,36.0275],[127.32074,36.02891],[127.3204,36.02947],[127.31652,36.03543],[127.31606,36.03587],[127.31296,36.0372],[127.3125,36.03738],[127.31146,36.04183],[127.31102,36.04521],[127.31104,36.04638],[127.3103,36.04649],[127.31011,36.04653],[127.30938,36.04679],[127.30765,36.04829],[127.30704,36.04883],[127.30662,36.04936],[127.30606,36.05009],[127.30602,36.05073],[127.30473,36.05165],[127.29847,36.05599],[127.29792,36.05617],[127.29691,36.05617],[127.29594,36.05604],[127.29571,36.05612],[127.2957,36.05638],[127.29586,36.0572],[127.29644,36.05985],[127.29653,36.06021],[127.29545,36.06095],[127.29378,36.06106],[127.29082,36.06226],[127.29133,36.06332],[127.29158,36.0635],[127.29168,36.06386],[127.29189,36.06571],[127.29087,36.06751],[127.29078,36.06766],[127.28912,36.06813],[127.28658,36.06916],[127.28499,36.07004],[127.28446,36.0713],[127.28416,36.07163],[127.28,36.07452],[127.27668,36.07477],[127.27616,36.07479],[127.27506,36.07494],[127.27369,36.07613],[127.2713,36.0759],[127.26053,36.07073],[127.26002,36.07039],[127.259,36.06756],[127.25771,36.06614],[127.25716,36.06599],[127.25676,36.06593],[127.2559,36.06583],[127.25504,36.06665],[127.25469,36.06685],[127.25443,36.06691],[127.25297,36.06663],[127.24898,36.06459],[127.24414,36.06184],[127.24406,36.06179],[127.24361,36.06155],[127.24177,36.06127],[127.24071,36.06145],[127.23869,36.06251],[127.23714,36.06396],[127.23684,36.06449],[127.23567,36.06642],[127.23527,36.06707],[127.23509,36.06729],[127.23486,36.0675],[127.23463,36.06768],[127.23448,36.06778],[127.23416,36.06795],[127.23368,36.06817],[127.23313,36.06835],[127.23253,36.06864],[127.2324,36.06872],[127.2306,36.07049],[127.23053,36.07057],[127.22915,36.07213],[127.22902,36.07229],[127.22874,36.07282],[127.2284,36.07594],[127.22841,36.07607],[127.22731,36.07765],[127.22689,36.07797],[127.22422,36.08013],[127.22402,36.08031],[127.224,36.08033],[127.2238,36.08055],[127.22377,36.08059],[127.22373,36.08066],[127.22365,36.0808],[127.22364,36.08083],[127.22364,36.08088],[127.22364,36.08093],[127.22366,36.08113],[127.22366,36.08119],[127.22368,36.08129],[127.22371,36.08136],[127.22381,36.08159],[127.22417,36.08233],[127.22421,36.08238],[127.22555,36.08408],[127.2256,36.08414],[127.22639,36.08942],[127.22639,36.08951],[127.22598,36.09134],[127.22594,36.09138],[127.22426,36.09237],[127.22371,36.09269],[127.22217,36.09356],[127.22091,36.09429],[127.22066,36.09448],[127.21945,36.09558],[127.21927,36.0958],[127.21925,36.0959],[127.21924,36.09601],[127.21932,36.09679],[127.21936,36.09696],[127.22062,36.09724],[127.2228,36.09867],[127.22289,36.0987],[127.22323,36.09879],[127.22533,36.0992],[127.22549,36.09923],[127.22552,36.09923],[127.22556,36.09922],[127.22767,36.09841],[127.2282,36.09821],[127.23008,36.09722],[127.23432,36.09464],[127.23441,36.09458],[127.2345,36.0945],[127.23537,36.09385],[127.23543,36.0938],[127.2355,36.09373],[127.23558,36.09367],[127.23563,36.09361],[127.23581,36.09339],[127.23592,36.09322],[127.23597,36.09312],[127.236,36.09306],[127.23602,36.09292],[127.23601,36.09279],[127.23601,36.09276],[127.23601,36.09271],[127.23598,36.0926],[127.23724,36.09059],[127.23919,36.08841],[127.24175,36.0858],[127.2418,36.08577],[127.24285,36.08503],[127.24291,36.08499],[127.243,36.08494],[127.24321,36.08481],[127.24335,36.08474],[127.24341,36.08471],[127.24627,36.08362],[127.24635,36.0836],[127.24642,36.08358],[127.24778,36.0833],[127.24882,36.08327],[127.25073,36.08334],[127.25114,36.08338],[127.25405,36.08366],[127.25417,36.08369],[127.25527,36.08427],[127.25542,36.08438],[127.25555,36.08451],[127.25557,36.08454],[127.25571,36.08474],[127.25586,36.085],[127.25602,36.08533],[127.257,36.0873],[127.25703,36.08739],[127.25702,36.08747],[127.25698,36.08752],[127.25551,36.08869],[127.25456,36.08938],[127.24947,36.09286],[127.24917,36.09306],[127.2484,36.09343],[127.24823,36.0935],[127.24806,36.09355],[127.24789,36.09357],[127.24781,36.09358],[127.24768,36.09358],[127.2476,36.09359],[127.24749,36.09362],[127.24733,36.09368],[127.2473,36.0937],[127.24723,36.09375],[127.2472,36.09378],[127.24642,36.09457],[127.24639,36.09461],[127.24631,36.0947],[127.24628,36.09475],[127.24626,36.09478],[127.24601,36.09657],[127.24572,36.10081],[127.24575,36.10211],[127.24603,36.10413],[127.24608,36.10446],[127.24613,36.10453],[127.24615,36.10457],[127.24627,36.10475],[127.24643,36.10486],[127.24656,36.10493],[127.24661,36.10496],[127.2475,36.10547],[127.24817,36.10589],[127.25019,36.10741],[127.25012,36.10858],[127.25007,36.10869],[127.25,36.10886],[127.24998,36.10902],[127.25025,36.11005],[127.25161,36.11226],[127.25685,36.11409],[127.25712,36.11413],[127.25741,36.11416],[127.25764,36.11416],[127.25776,36.11411],[127.25958,36.113],[127.25985,36.11282],[127.26008,36.11263],[127.26022,36.11246],[127.26028,36.11228],[127.26033,36.11211],[127.26037,36.1119],[127.2604,36.11168],[127.26046,36.11145],[127.26056,36.11125],[127.26071,36.11108],[127.26095,36.11085],[127.26115,36.1107],[127.26149,36.1105],[127.26428,36.10907],[127.26454,36.10901],[127.26651,36.10851],[127.26656,36.1085],[127.26684,36.10845],[127.27099,36.10782],[127.27348,36.10757],[127.27376,36.10758],[127.27499,36.10774],[127.28146,36.11005],[127.2817,36.11015],[127.28198,36.1103],[127.28204,36.11033],[127.28224,36.11045],[127.28247,36.11059],[127.28379,36.11162],[127.28404,36.11184],[127.28412,36.11193],[127.28418,36.11201],[127.28526,36.11242],[127.28763,36.11269],[127.28787,36.11272],[127.28791,36.11271],[127.2881,36.11271],[127.28828,36.11268],[127.28838,36.11264],[127.28852,36.11258],[127.28872,36.11249],[127.28896,36.11237],[127.28918,36.11227],[127.28962,36.11204],[127.2897,36.11197],[127.28984,36.11178],[127.2899,36.11175],[127.29205,36.11203],[127.2923,36.11207],[127.2934,36.11227],[127.29354,36.1123],[127.29377,36.11239],[127.29402,36.11253],[127.29424,36.11273],[127.29447,36.11297],[127.29454,36.11312],[127.29492,36.11438],[127.29528,36.11593],[127.2959,36.11882],[127.29589,36.12008],[127.29803,36.12238],[127.29816,36.12232],[127.2983,36.12225],[127.29837,36.12224],[127.29868,36.12223],[127.29886,36.12222],[127.29894,36.12222],[127.29898,36.12224],[127.30058,36.12292],[127.30069,36.12297],[127.3008,36.12303],[127.30094,36.12315],[127.30151,36.12384],[127.30156,36.12391],[127.30162,36.124],[127.30237,36.12545],[127.30506,36.12548],[127.30648,36.1252],[127.30906,36.12388],[127.30918,36.1238],[127.31017,36.123],[127.31026,36.12292],[127.31189,36.12121],[127.31213,36.12094],[127.31218,36.12089],[127.31232,36.12072],[127.31246,36.12054],[127.31255,36.12038],[127.31258,36.12026],[127.31261,36.12014],[127.31264,36.11995],[127.31268,36.11977],[127.31273,36.1197],[127.31278,36.11966],[127.31343,36.11923],[127.31438,36.11863],[127.31588,36.11917],[127.31664,36.11961],[127.31768,36.12031],[127.31778,36.12038],[127.31784,36.12043],[127.31786,36.12048],[127.31784,36.12054],[127.31782,36.12061],[127.3178,36.12067],[127.31774,36.12081],[127.31771,36.12089],[127.31771,36.12094],[127.31773,36.121],[127.31918,36.12399],[127.31925,36.12409],[127.31936,36.12419],[127.31944,36.12426],[127.32057,36.12506],[127.32063,36.12508],[127.32075,36.1251],[127.32085,36.1251],[127.32095,36.12509],[127.32148,36.12502],[127.32161,36.12499],[127.3217,36.12495],[127.32173,36.12496],[127.32215,36.12521],[127.32224,36.12527],[127.32288,36.12584],[127.32291,36.12589],[127.32375,36.12835],[127.32376,36.12838],[127.3236,36.12963],[127.32358,36.12967],[127.32355,36.12971],[127.32351,36.12975],[127.32326,36.12994],[127.32312,36.13002],[127.323,36.13009],[127.32595,36.13074],[127.32709,36.13074],[127.32824,36.13073],[127.33043,36.12958],[127.33252,36.12978],[127.33484,36.12959],[127.33546,36.12966],[127.33617,36.13011],[127.33711,36.13048],[127.33848,36.13049],[127.33912,36.1299],[127.34002,36.12884],[127.34,36.12844],[127.33998,36.12807],[127.34021,36.1271],[127.34068,36.12516],[127.34092,36.12419],[127.34444,36.11807],[127.34804,36.1169],[127.35094,36.11642],[127.35338,36.11341],[127.35497,36.10831],[127.35417,36.10668],[127.35326,36.10578],[127.35039,36.10254],[127.34789,36.09839],[127.34966,36.09523],[127.35034,36.0948],[127.35139,36.09417],[127.35376,36.09321],[127.35508,36.09283],[127.35651,36.09241],[127.35743,36.09175],[127.35834,36.09109],[127.35976,36.08989],[127.36,36.08951]]]]}},{"type":"Feature","properties":{"code":"52710390","name":"화산면","parent":"52710"},"geometry":{"type":"MultiPolygon","coordinates":[[[[127.21936,36.09696],[127.21932,36.09679],[127.21924,36.09601],[127.21925,36.0959],[127.21927,36.0958],[127.21945,36.09558],[127.22066,36.09448],[127.22091,36.09429],[127.22217,36.09356],[127.22371,36.09269],[127.22426,36.09237],[127.22594,36.09138],[127.22598,36.09134],[127.22639,36.08951],[127.22639,36.08942],[127.2256,36.08414],[127.22555,36.08408],[127.22421,36.08238],[127.22417,36.08233],[127.22381,36.08159],[127.22371,36.08136],[127.22368,36.08129],[127.22366,36.08119],[127.22366,36.08113],[127.22364,36.08093],[127.22364,36.08088],[127.22364,36.08083],[127.22365,36.0808],[127.22373,36.08066],[127.22377,36.08059],[127.2238,36.08055],[127.224,36.08033],[127.22402,36.08031],[127.22422,36.08013],[127.22689,36.07797],[127.22731,36.07765],[127.22841,36.07607],[127.2284,36.07594],[127.22874,36.07282],[127.22902,36.07229],[127.22915,36.07213],[127.23053,36.07057],[127.2306,36.07049],[127.2324,36.06872],[127.23253,36.06864],[127.23313,36.06835],[127.23368,36.06817],[127.23416,36.06795],[127.23448,36.06778],[127.23463,36.06768],[127.23486,36.0675],[127.23509,36.06729],[127.23527,36.06707],[127.23567,36.06642],[127.23684,36.06449],[127.23714,36.06396],[127.23716,36.06262],[127.23715,36.06235],[127.23712,36.06219],[127.23668,36.0606],[127.23623,36.05975],[127.23559,36.05846],[127.23504,36.05681],[127.23531,36.05547],[127.23621,36.0538],[127.2406,36.04712],[127.24064,36.04707],[127.24076,36.04704],[127.24086,36.04705],[127.24493,36.04501],[127.24978,36.04258],[127.25324,36.03855],[127.25329,36.03848],[127.25333,36.03837],[127.25348,36.03781],[127.25351,36.03757],[127.25351,36.03746],[127.25334,36.03323],[127.25328,36.03252],[127.25304,36.03101],[127.25219,36.02669],[127.25156,36.02423],[127.25151,36.02412],[127.25145,36.02402],[127.25135,36.02393],[127.25124,36.02388],[127.24749,36.02353],[127.24607,36.02359],[127.24563,36.02361],[127.24467,36.02366],[127.24425,36.02374],[127.24405,36.02374],[127.24392,36.0237],[127.24374,36.02357],[127.24221,36.02213],[127.24141,36.02131],[127.24057,36.02018],[127.24048,36.01988],[127.24045,36.01963],[127.24054,36.01947],[127.24071,36.01922],[127.24086,36.01905],[127.24122,36.01885],[127.24145,36.01873],[127.24152,36.01869],[127.24183,36.01854],[127.24211,36.01843],[127.24605,36.0159],[127.24624,36.01576],[127.24644,36.01556],[127.24658,36.01536],[127.24781,36.01348],[127.24789,36.01332],[127.24792,36.01323],[127.24792,36.01314],[127.24756,36.01077],[127.24716,36.00948],[127.24705,36.00904],[127.24737,36.00757],[127.24757,36.00698],[127.24774,36.00663],[127.24789,36.00641],[127.24792,36.00636],[127.24796,36.00621],[127.248,36.00595],[127.24801,36.00578],[127.24801,36.0056],[127.24799,36.00546],[127.24796,36.00537],[127.24714,36.00348],[127.24694,36.00312],[127.24519,36.00165],[127.24171,35.99922],[127.23889,35.99697],[127.23779,35.99588],[127.23768,35.99576],[127.23756,35.99567],[127.23717,35.99539],[127.23592,35.99476],[127.23552,35.99457],[127.23535,35.9945],[127.23505,35.99441],[127.2333,35.99392],[127.23317,35.99391],[127.23293,35.99395],[127.23278,35.99399],[127.23251,35.99409],[127.23139,35.99456],[127.2257,35.99731],[127.22305,35.99872],[127.22302,35.99874],[127.22293,35.99878],[127.2229,35.99879],[127.22266,35.99887],[127.2226,35.99888],[127.22243,35.99889],[127.22201,35.99892],[127.22186,35.99892],[127.22137,35.99893],[127.22119,35.9989],[127.22071,35.9988],[127.22018,35.99864],[127.21547,35.99699],[127.21396,35.99628],[127.21366,35.99613],[127.21341,35.99597],[127.21311,35.99577],[127.21275,35.99551],[127.21231,35.9951],[127.21201,35.99486],[127.21064,35.99414],[127.20999,35.99385],[127.20993,35.99383],[127.20987,35.99383],[127.207,35.9988],[127.20615,36.00016],[127.2093,36.00301],[127.20938,36.00303],[127.20952,36.00305],[127.20961,36.00306],[127.2097,36.00309],[127.20978,36.00312],[127.20983,36.00315],[127.20988,36.0032],[127.21051,36.00388],[127.21066,36.00405],[127.21075,36.00417],[127.21168,36.00555],[127.21177,36.00569],[127.21287,36.00765],[127.21293,36.00777],[127.21294,36.00784],[127.21293,36.00792],[127.2125,36.00858],[127.21236,36.00877],[127.21228,36.00885],[127.21221,36.00888],[127.21211,36.00889],[127.21202,36.00887],[127.21145,36.00862],[127.21127,36.00851],[127.21115,36.00844],[127.2109,36.00834],[127.2108,36.0083],[127.21068,36.00827],[127.21058,36.00826],[127.20833,36.00805],[127.20826,36.00805],[127.20815,36.00805],[127.20809,36.00807],[127.20801,36.00815],[127.20791,36.00827],[127.20687,36.00983],[127.20432,36.01272],[127.20422,36.01282],[127.20407,36.01291],[127.20381,36.01304],[127.20336,36.01319],[127.2012,36.01353],[127.20113,36.01354],[127.20107,36.01353],[127.201,36.01351],[127.20083,36.01345],[127.20065,36.01335],[127.20041,36.01321],[127.20032,36.01314],[127.19939,36.01307],[127.19807,36.01334],[127.19799,36.01336],[127.19789,36.01339],[127.19778,36.01346],[127.19768,36.01354],[127.19402,36.0174],[127.19149,36.0208],[127.18913,36.02227],[127.18174,36.02672],[127.1817,36.02674],[127.17576,36.02877],[127.17572,36.02876],[127.17553,36.02865],[127.17528,36.02839],[127.17493,36.02797],[127.17487,36.02792],[127.17449,36.02772],[127.17416,36.0276],[127.1741,36.0276],[127.17405,36.02762],[127.17093,36.02917],[127.17071,36.0293],[127.17039,36.02948],[127.16914,36.03025],[127.16899,36.03037],[127.16875,36.03064],[127.1686,36.03082],[127.16814,36.03101],[127.16787,36.03108],[127.1665,36.03136],[127.16524,36.03115],[127.16481,36.03103],[127.16453,36.03092],[127.16432,36.03083],[127.16324,36.03007],[127.1631,36.02997],[127.1619,36.02868],[127.1618,36.02844],[127.1618,36.02834],[127.16184,36.02823],[127.16188,36.02811],[127.1619,36.02804],[127.16189,36.02797],[127.16187,36.02792],[127.16172,36.02762],[127.16162,36.02748],[127.16154,36.02741],[127.16056,36.02678],[127.16001,36.02699],[127.15935,36.02751],[127.1579,36.02898],[127.15777,36.02917],[127.15769,36.02937],[127.15762,36.02978],[127.15756,36.02998],[127.15747,36.03008],[127.15714,36.03014],[127.15324,36.03046],[127.15265,36.03049],[127.15222,36.03049],[127.15193,36.03044],[127.15179,36.03036],[127.15131,36.02998],[127.15124,36.02994],[127.15107,36.02998],[127.15028,36.03022],[127.1502,36.03025],[127.15009,36.03042],[127.15008,36.03062],[127.15006,36.03125],[127.1501,36.03147],[127.15084,36.03364],[127.15094,36.03379],[127.15169,36.03456],[127.15182,36.03464],[127.15271,36.03511],[127.15282,36.03517],[127.15299,36.0352],[127.15324,36.03517],[127.15355,36.03508],[127.15395,36.03495],[127.15417,36.03495],[127.15435,36.03496],[127.15508,36.03508],[127.1552,36.03511],[127.15526,36.03514],[127.15647,36.03649],[127.15779,36.03805],[127.15812,36.03859],[127.15818,36.03863],[127.15827,36.03867],[127.15857,36.03869],[127.16026,36.0387],[127.16101,36.03867],[127.16342,36.03802],[127.1649,36.0376],[127.16517,36.03754],[127.16539,36.03753],[127.16548,36.03755],[127.16701,36.03787],[127.16723,36.03794],[127.17083,36.03803],[127.17562,36.03714],[127.17933,36.03637],[127.17939,36.03634],[127.17945,36.03634],[127.18144,36.03714],[127.18164,36.03723],[127.18327,36.03881],[127.18373,36.03925],[127.18419,36.0397],[127.18434,36.03997],[127.18435,36.04019],[127.18432,36.04042],[127.18425,36.04058],[127.18408,36.04078],[127.18402,36.04082],[127.18396,36.04083],[127.18335,36.0407],[127.18166,36.04054],[127.17798,36.04083],[127.17719,36.04098],[127.17652,36.04111],[127.17574,36.04129],[127.17523,36.04149],[127.17483,36.04168],[127.17401,36.04227],[127.17125,36.04443],[127.16975,36.04568],[127.16961,36.04595],[127.16862,36.04779],[127.16858,36.04785],[127.16764,36.04888],[127.16748,36.04898],[127.16637,36.04952],[127.16619,36.04959],[127.16561,36.04971],[127.16529,36.04977],[127.16501,36.04981],[127.16477,36.04981],[127.16106,36.0496],[127.15857,36.0492],[127.15778,36.04905],[127.15725,36.04899],[127.15707,36.049],[127.15687,36.04902],[127.15655,36.04915],[127.15643,36.04923],[127.15634,36.04938],[127.15537,36.05225],[127.15491,36.05363],[127.15301,36.05597],[127.15291,36.05602],[127.15281,36.05602],[127.15269,36.05599],[127.15036,36.05539],[127.15004,36.05526],[127.14977,36.05513],[127.14752,36.05383],[127.14617,36.05403],[127.14239,36.05583],[127.1401,36.05711],[127.13906,36.0575],[127.13844,36.05774],[127.13808,36.05794],[127.13378,36.06136],[127.1304,36.06495],[127.12999,36.06549],[127.12991,36.06565],[127.13109,36.06579],[127.13194,36.0668],[127.13362,36.06951],[127.13366,36.06958],[127.1337,36.06968],[127.13445,36.07378],[127.1345,36.07621],[127.13438,36.07797],[127.1343,36.07806],[127.134,36.07841],[127.13381,36.07932],[127.13351,36.08134],[127.13516,36.08445],[127.13643,36.0861],[127.13716,36.08685],[127.13857,36.08741],[127.14033,36.08805],[127.14172,36.08757],[127.1424,36.08785],[127.14416,36.08919],[127.14595,36.09044],[127.14626,36.09044],[127.14698,36.09044],[127.14926,36.09031],[127.15085,36.09008],[127.15118,36.08997],[127.15125,36.08992],[127.15271,36.08575],[127.15279,36.08556],[127.15286,36.08546],[127.15303,36.0853],[127.15319,36.08514],[127.15341,36.08497],[127.15354,36.08489],[127.15368,36.08482],[127.15377,36.08479],[127.15777,36.08369],[127.15926,36.08353],[127.16107,36.08371],[127.16119,36.08373],[127.16131,36.08379],[127.16148,36.08389],[127.16217,36.08431],[127.16285,36.08478],[127.16297,36.08487],[127.16307,36.08493],[127.16311,36.08494],[127.16318,36.08497],[127.16443,36.08523],[127.16452,36.08524],[127.16461,36.08525],[127.16473,36.08523],[127.16658,36.0847],[127.16745,36.08439],[127.16763,36.08433],[127.16786,36.08422],[127.16823,36.08406],[127.16849,36.08399],[127.16868,36.08394],[127.16889,36.08391],[127.16906,36.0839],[127.1692,36.08391],[127.16943,36.08397],[127.17004,36.08415],[127.17054,36.08431],[127.17124,36.08454],[127.17133,36.08458],[127.1714,36.08462],[127.17145,36.08467],[127.17147,36.08472],[127.17301,36.08715],[127.17584,36.08922],[127.17595,36.0893],[127.17767,36.0909],[127.17788,36.09114],[127.178,36.09132],[127.17807,36.09146],[127.17812,36.09158],[127.17815,36.09166],[127.1782,36.09194],[127.17832,36.09242],[127.17917,36.09391],[127.17924,36.09404],[127.1793,36.09411],[127.17934,36.09416],[127.17939,36.09418],[127.18072,36.0945],[127.1808,36.09452],[127.1809,36.09454],[127.18126,36.09455],[127.18159,36.09457],[127.18287,36.09447],[127.18305,36.09445],[127.18345,36.0944],[127.1839,36.09435],[127.18884,36.09245],[127.18905,36.09228],[127.19096,36.0907],[127.19122,36.09044],[127.19126,36.09041],[127.19225,36.08937],[127.19227,36.08933],[127.19229,36.08928],[127.19232,36.08915],[127.19234,36.08905],[127.19237,36.08859],[127.19235,36.0883],[127.19239,36.08818],[127.19247,36.08808],[127.19256,36.08801],[127.19585,36.08602],[127.19601,36.08595],[127.1961,36.08594],[127.19916,36.086],[127.19933,36.08601],[127.19949,36.08607],[127.19957,36.0861],[127.20147,36.08729],[127.20161,36.0874],[127.20168,36.08748],[127.20173,36.08778],[127.20183,36.08835],[127.20187,36.08864],[127.20186,36.08867],[127.20182,36.08885],[127.20161,36.08916],[127.20092,36.08977],[127.20054,36.0901],[127.20041,36.09026],[127.20039,36.0904],[127.2005,36.09154],[127.2006,36.09187],[127.20061,36.0919],[127.20079,36.09235],[127.20095,36.0925],[127.20262,36.09339],[127.20298,36.09353],[127.20329,36.09374],[127.20345,36.0939],[127.20349,36.09394],[127.20358,36.0942],[127.20368,36.09569],[127.20377,36.09739],[127.2039,36.09821],[127.2046,36.10025],[127.20473,36.10039],[127.20497,36.10048],[127.20547,36.10054],[127.20935,36.10062],[127.21037,36.10044],[127.21151,36.10059],[127.21184,36.10063],[127.21206,36.10063],[127.21213,36.10062],[127.21219,36.10061],[127.21229,36.10057],[127.21241,36.10044],[127.21275,36.10001],[127.21291,36.09969],[127.21303,36.0994],[127.21694,36.09771],[127.21936,36.09696]]]]}},{"type":"Feature","properties":{"code":"52710400","name":"동상면","parent":"52710"},"geometry":{"type":"MultiPolygon","coordinates":[[[[127.35325,35.98889],[127.35292,35.98696],[127.35276,35.98641],[127.35254,35.98598],[127.35028,35.98357],[127.34962,35.98325],[127.34915,35.98308],[127.34824,35.98277],[127.34754,35.98256],[127.34555,35.98149],[127.34377,35.98045],[127.34349,35.98006],[127.34321,35.97938],[127.34139,35.97438],[127.34135,35.97422],[127.34188,35.97206],[127.34338,35.97073],[127.34432,35.96998],[127.34466,35.96971],[127.34492,35.96934],[127.34502,35.969],[127.34508,35.96844],[127.34557,35.96403],[127.34557,35.96366],[127.34555,35.96336],[127.34487,35.96131],[127.34453,35.96072],[127.3443,35.96041],[127.34416,35.96013],[127.34418,35.95976],[127.34459,35.95896],[127.34507,35.95825],[127.34589,35.95735],[127.34686,35.95635],[127.34778,35.95514],[127.34797,35.95487],[127.3496,35.95258],[127.35013,35.95171],[127.35057,35.95081],[127.35085,35.95006],[127.35093,35.94948],[127.3508,35.949],[127.35061,35.94868],[127.34841,35.94585],[127.3461,35.94347],[127.34592,35.94332],[127.34584,35.94325],[127.34559,35.94287],[127.34552,35.94263],[127.34549,35.94228],[127.34555,35.94165],[127.34577,35.94106],[127.34609,35.94051],[127.34749,35.93881],[127.34789,35.93835],[127.34852,35.93769],[127.3488,35.9373],[127.34927,35.93659],[127.34947,35.93622],[127.34978,35.93547],[127.3498,35.93511],[127.34913,35.93154],[127.34906,35.93118],[127.34882,35.9308],[127.34854,35.93043],[127.3473,35.92881],[127.34723,35.92666],[127.34745,35.92642],[127.34947,35.92292],[127.34952,35.92247],[127.34938,35.92177],[127.34932,35.92135],[127.3493,35.92066],[127.34937,35.91851],[127.34963,35.91786],[127.35247,35.91417],[127.35284,35.91382],[127.35322,35.91357],[127.35207,35.91371],[127.35018,35.9137],[127.34858,35.91397],[127.3481,35.91401],[127.34748,35.91391],[127.34703,35.91366],[127.34625,35.91285],[127.34515,35.91219],[127.34196,35.91035],[127.3411,35.90993],[127.33982,35.90948],[127.33914,35.9093],[127.33788,35.90906],[127.33652,35.90901],[127.33593,35.90886],[127.33261,35.90791],[127.33216,35.90774],[127.33195,35.90762],[127.33183,35.90754],[127.33157,35.90715],[127.33159,35.90692],[127.33225,35.90606],[127.33267,35.90574],[127.33298,35.9051],[127.3331,35.90434],[127.33304,35.90276],[127.33293,35.90082],[127.33233,35.89897],[127.333,35.89341],[127.3331,35.89151],[127.33306,35.8903],[127.333,35.88905],[127.33288,35.88794],[127.33249,35.88724],[127.33152,35.88592],[127.33105,35.88528],[127.33098,35.88486],[127.33123,35.88418],[127.33183,35.88349],[127.33232,35.88311],[127.33325,35.88238],[127.33339,35.88214],[127.33339,35.88211],[127.3334,35.8818],[127.33331,35.88107],[127.33289,35.87967],[127.33218,35.87848],[127.33194,35.87801],[127.33199,35.87771],[127.33209,35.8772],[127.33237,35.87668],[127.33295,35.87617],[127.33322,35.87594],[127.33344,35.87551],[127.33334,35.87491],[127.33302,35.87425],[127.3326,35.87372],[127.33178,35.87316],[127.33083,35.87282],[127.33017,35.87264],[127.32989,35.8726],[127.32862,35.87242],[127.3281,35.87238],[127.32704,35.87231],[127.32687,35.8723],[127.32633,35.87228],[127.32578,35.87211],[127.32541,35.872],[127.32498,35.87177],[127.32469,35.87143],[127.32435,35.87072],[127.32376,35.86966],[127.32373,35.86962],[127.32337,35.86898],[127.32275,35.86852],[127.32147,35.86793],[127.32113,35.86757],[127.32095,35.86727],[127.32045,35.86569],[127.32061,35.86459],[127.32047,35.86416],[127.31985,35.86348],[127.31821,35.86286],[127.3176,35.86249],[127.31685,35.86194],[127.3157,35.86081],[127.31523,35.86005],[127.31523,35.86002],[127.31492,35.85896],[127.31429,35.8584],[127.31291,35.85742],[127.31256,35.85724],[127.31224,35.85717],[127.31192,35.85725],[127.31156,35.85787],[127.31052,35.86095],[127.30922,35.86417],[127.309,35.86439],[127.30848,35.86489],[127.30512,35.86725],[127.30487,35.86732],[127.30106,35.86833],[127.30049,35.8684],[127.29956,35.86838],[127.29928,35.86839],[127.29863,35.86866],[127.29793,35.87031],[127.29785,35.87053],[127.29705,35.87229],[127.29613,35.87425],[127.29574,35.87469],[127.29489,35.87544],[127.29477,35.87555],[127.29455,35.87576],[127.29371,35.87673],[127.29361,35.8776],[127.29398,35.87982],[127.29422,35.88039],[127.29489,35.88056],[127.29527,35.88098],[127.29533,35.88152],[127.29325,35.8851],[127.29301,35.88521],[127.28797,35.88548],[127.28494,35.8852],[127.28421,35.88508],[127.28373,35.88511],[127.27942,35.88618],[127.27709,35.88719],[127.27653,35.88768],[127.27295,35.89189],[127.27253,35.89249],[127.27188,35.89343],[127.27151,35.89394],[127.27019,35.89474],[127.26838,35.89583],[127.26616,35.89606],[127.26535,35.89639],[127.26209,35.89789],[127.26189,35.89803],[127.26179,35.8981],[127.26166,35.89853],[127.26174,35.89888],[127.26209,35.89925],[127.26287,35.89995],[127.26314,35.90036],[127.26314,35.90074],[127.2624,35.90306],[127.26176,35.90582],[127.26177,35.90623],[127.26231,35.9074],[127.26295,35.90851],[127.26282,35.90886],[127.26167,35.91003],[127.26111,35.9106],[127.26074,35.91122],[127.26055,35.91214],[127.26082,35.91388],[127.26062,35.91568],[127.26035,35.91616],[127.25987,35.91626],[127.25743,35.91641],[127.25276,35.91646],[127.25252,35.91646],[127.25187,35.91607],[127.25069,35.91452],[127.25026,35.91407],[127.24511,35.91461],[127.24491,35.91469],[127.24459,35.91492],[127.24442,35.91508],[127.24237,35.91801],[127.24226,35.9182],[127.24107,35.92026],[127.241,35.92041],[127.24102,35.92056],[127.24105,35.92066],[127.24136,35.92127],[127.24155,35.92159],[127.24133,35.92323],[127.24012,35.92497],[127.23904,35.92766],[127.23955,35.92826],[127.23968,35.9284],[127.23979,35.92852],[127.23993,35.92863],[127.23999,35.92866],[127.24009,35.92871],[127.24022,35.92873],[127.24036,35.92875],[127.24139,35.92869],[127.24225,35.92855],[127.24242,35.9285],[127.24255,35.92846],[127.24266,35.92846],[127.24276,35.92846],[127.24298,35.92849],[127.24334,35.92857],[127.24438,35.92882],[127.24492,35.92897],[127.24503,35.92901],[127.24516,35.92908],[127.24627,35.92982],[127.24638,35.9299],[127.24641,35.92994],[127.24641,35.93],[127.24651,35.93187],[127.24652,35.93201],[127.24648,35.93212],[127.24557,35.93638],[127.24419,35.94287],[127.24441,35.94339],[127.24546,35.94523],[127.24579,35.94579],[127.24663,35.94717],[127.24668,35.94722],[127.24671,35.94726],[127.24679,35.94729],[127.24708,35.94744],[127.24724,35.94754],[127.24739,35.94765],[127.24789,35.94809],[127.24908,35.94926],[127.25027,35.95075],[127.25082,35.95163],[127.25104,35.9523],[127.25132,35.95278],[127.25134,35.95283],[127.25196,35.95327],[127.25344,35.95402],[127.25422,35.9543],[127.25456,35.95445],[127.25466,35.9545],[127.25489,35.95467],[127.25491,35.9558],[127.25483,35.95674],[127.25472,35.95715],[127.25445,35.95832],[127.25455,35.95913],[127.25477,35.95961],[127.25498,35.95973],[127.25546,35.9597],[127.25586,35.95945],[127.25609,35.95937],[127.25667,35.95933],[127.25749,35.95933],[127.2587,35.95941],[127.25975,35.95965],[127.26066,35.95998],[127.26093,35.96029],[127.26133,35.96162],[127.26133,35.9622],[127.26158,35.96323],[127.26284,35.96451],[127.2637,35.96525],[127.2644,35.96591],[127.26468,35.9662],[127.26507,35.96692],[127.26523,35.96754],[127.26523,35.96764],[127.26519,35.96817],[127.2649,35.97023],[127.2647,35.97067],[127.26431,35.971],[127.26311,35.97166],[127.26159,35.97252],[127.26078,35.97309],[127.26008,35.97363],[127.25841,35.97551],[127.25841,35.97582],[127.25857,35.97601],[127.25929,35.97654],[127.26011,35.9769],[127.26048,35.97715],[127.26057,35.97733],[127.26053,35.97781],[127.26018,35.97857],[127.25982,35.97951],[127.25971,35.98006],[127.25965,35.98089],[127.26005,35.98244],[127.26027,35.98253],[127.26063,35.98258],[127.26091,35.98243],[127.26105,35.98208],[127.26361,35.98189],[127.26479,35.98224],[127.26622,35.9841],[127.26647,35.98489],[127.2666,35.98546],[127.26662,35.98603],[127.26663,35.9865],[127.26636,35.98734],[127.26622,35.98808],[127.26617,35.98876],[127.2664,35.98953],[127.267,35.99016],[127.26758,35.99056],[127.2682,35.99069],[127.27169,35.99122],[127.27275,35.99136],[127.27375,35.99143],[127.27654,35.99127],[127.27751,35.99111],[127.27827,35.99081],[127.27975,35.99004],[127.28029,35.98966],[127.28078,35.98905],[127.28279,35.9888],[127.28536,35.98872],[127.28637,35.98874],[127.28812,35.98879],[127.2886,35.98886],[127.29184,35.98944],[127.29276,35.98965],[127.29599,35.99081],[127.29644,35.99114],[127.29716,35.99185],[127.29748,35.9924],[127.29772,35.99291],[127.29907,35.99566],[127.30058,35.99792],[127.30156,35.99923],[127.30311,36.00099],[127.30351,36.0014],[127.30369,36.00149],[127.30389,36.0015],[127.30493,36.00125],[127.30584,36.00095],[127.3067,36.00056],[127.30807,35.99976],[127.30854,35.99967],[127.3094,35.99964],[127.3107,35.99987],[127.3138,36.0007],[127.31473,36.00107],[127.31888,36.00273],[127.32008,36.00324],[127.32018,36.00328],[127.32049,36.00346],[127.32074,36.00365],[127.32129,36.00412],[127.3214,36.00422],[127.32766,36.00971],[127.329,36.01096],[127.33079,36.01268],[127.33162,36.01356],[127.33184,36.01358],[127.33194,36.01356],[127.3322,36.01352],[127.33251,36.01343],[127.33263,36.0134],[127.33309,36.01325],[127.3384,36.01088],[127.34348,36.00576],[127.34583,36.00366],[127.34761,36.00188],[127.34781,36.00127],[127.34826,35.99942],[127.34828,35.99889],[127.348,35.99836],[127.34766,35.99794],[127.34671,35.99732],[127.3457,35.99672],[127.34462,35.99608],[127.34402,35.99571],[127.34362,35.99533],[127.34354,35.99503],[127.34377,35.99481],[127.34457,35.99447],[127.34491,35.99437],[127.34581,35.99412],[127.34824,35.99329],[127.34866,35.99306],[127.34878,35.99299],[127.3489,35.99293],[127.34926,35.99249],[127.34945,35.99219],[127.35017,35.99136],[127.35058,35.99096],[127.35206,35.98975],[127.35311,35.98894],[127.35325,35.98889]]]]}},{"type":"Feature","properties":{"code":"52710410","name":"경천면","parent":"52710"},"geometry":{"type":"MultiPolygon","coordinates":[[[[127.32521,36.02105],[127.32489,36.02084],[127.32262,36.02035],[127.32144,36.02014],[127.32131,36.02011],[127.32118,36.02011],[127.32099,36.02011],[127.32092,36.02011],[127.32072,36.02013],[127.31564,36.01954],[127.31274,36.01883],[127.31185,36.01869],[127.31146,36.01864],[127.31126,36.01862],[127.31115,36.01863],[127.31104,36.01866],[127.31087,36.01871],[127.31055,36.01887],[127.31042,36.01894],[127.31012,36.01912],[127.30985,36.01924],[127.30967,36.0193],[127.3096,36.01933],[127.30934,36.01939],[127.30491,36.01961],[127.30477,36.01962],[127.30472,36.01962],[127.30468,36.01962],[127.30456,36.01962],[127.30441,36.01958],[127.30419,36.01949],[127.30388,36.01932],[127.30365,36.01916],[127.30339,36.0189],[127.30275,36.0183],[127.30174,36.01738],[127.3012,36.01691],[127.30099,36.0168],[127.30089,36.01676],[127.30077,36.01673],[127.29813,36.01654],[127.29686,36.01658],[127.29662,36.0166],[127.29642,36.01669],[127.29623,36.01679],[127.29603,36.0169],[127.2957,36.0171],[127.29531,36.01739],[127.29524,36.01744],[127.29511,36.01755],[127.29506,36.01758],[127.29502,36.01759],[127.29495,36.0176],[127.29093,36.01771],[127.29086,36.01771],[127.28969,36.01754],[127.28938,36.01748],[127.28929,36.01746],[127.28914,36.01742],[127.28899,36.01739],[127.28599,36.01622],[127.27873,36.01398],[127.27832,36.01385],[127.27808,36.01376],[127.27713,36.0134],[127.27687,36.01329],[127.27661,36.01317],[127.27637,36.01304],[127.27611,36.0129],[127.27604,36.01282],[127.27601,36.01267],[127.27598,36.01244],[127.27599,36.01229],[127.27604,36.01215],[127.27609,36.01199],[127.27619,36.0118],[127.27622,36.01165],[127.27624,36.01156],[127.27624,36.01141],[127.27619,36.01124],[127.27592,36.01056],[127.27582,36.01034],[127.27562,36.01],[127.27553,36.00987],[127.27544,36.00973],[127.27519,36.00938],[127.27488,36.00895],[127.27452,36.00846],[127.27436,36.00828],[127.27427,36.00817],[127.27412,36.00803],[127.27383,36.00774],[127.27375,36.0077],[127.26825,36.00461],[127.2642,36.00364],[127.25935,36.00172],[127.25875,36.00161],[127.25486,36.00137],[127.25446,36.00179],[127.25362,36.00208],[127.24802,36.00298],[127.24694,36.00312],[127.24714,36.00348],[127.24796,36.00537],[127.24799,36.00546],[127.24801,36.0056],[127.24801,36.00578],[127.248,36.00595],[127.24796,36.00621],[127.24792,36.00636],[127.24789,36.00641],[127.24774,36.00663],[127.24757,36.00698],[127.24737,36.00757],[127.24705,36.00904],[127.24716,36.00948],[127.24756,36.01077],[127.24792,36.01314],[127.24792,36.01323],[127.24789,36.01332],[127.24781,36.01348],[127.24658,36.01536],[127.24644,36.01556],[127.24624,36.01576],[127.24605,36.0159],[127.24211,36.01843],[127.24183,36.01854],[127.24152,36.01869],[127.24145,36.01873],[127.24122,36.01885],[127.24086,36.01905],[127.24071,36.01922],[127.24054,36.01947],[127.24045,36.01963],[127.24048,36.01988],[127.24057,36.02018],[127.24141,36.02131],[127.24221,36.02213],[127.24374,36.02357],[127.24392,36.0237],[127.24405,36.02374],[127.24425,36.02374],[127.24467,36.02366],[127.24563,36.02361],[127.24607,36.02359],[127.24749,36.02353],[127.25124,36.02388],[127.25135,36.02393],[127.25145,36.02402],[127.25151,36.02412],[127.25156,36.02423],[127.25219,36.02669],[127.25304,36.03101],[127.25328,36.03252],[127.25334,36.03323],[127.25351,36.03746],[127.25351,36.03757],[127.25348,36.03781],[127.25333,36.03837],[127.25329,36.03848],[127.25324,36.03855],[127.24978,36.04258],[127.24493,36.04501],[127.24086,36.04705],[127.24076,36.04704],[127.24064,36.04707],[127.2406,36.04712],[127.23621,36.0538],[127.23531,36.05547],[127.23504,36.05681],[127.23559,36.05846],[127.23623,36.05975],[127.23668,36.0606],[127.23712,36.06219],[127.23715,36.06235],[127.23716,36.06262],[127.23714,36.06396],[127.23869,36.06251],[127.24071,36.06145],[127.24177,36.06127],[127.24361,36.06155],[127.24406,36.06179],[127.24414,36.06184],[127.24898,36.06459],[127.25297,36.06663],[127.25443,36.06691],[127.25469,36.06685],[127.25504,36.06665],[127.2559,36.06583],[127.25676,36.06593],[127.25716,36.06599],[127.25771,36.06614],[127.259,36.06756],[127.26002,36.07039],[127.26053,36.07073],[127.2713,36.0759],[127.27369,36.07613],[127.27506,36.07494],[127.27616,36.07479],[127.27668,36.07477],[127.28,36.07452],[127.28416,36.07163],[127.28446,36.0713],[127.28499,36.07004],[127.28658,36.06916],[127.28912,36.06813],[127.29078,36.06766],[127.29087,36.06751],[127.29189,36.06571],[127.29168,36.06386],[127.29158,36.0635],[127.29133,36.06332],[127.29082,36.06226],[127.29378,36.06106],[127.29545,36.06095],[127.29653,36.06021],[127.29644,36.05985],[127.29586,36.0572],[127.2957,36.05638],[127.29571,36.05612],[127.29594,36.05604],[127.29691,36.05617],[127.29792,36.05617],[127.29847,36.05599],[127.30473,36.05165],[127.30602,36.05073],[127.30606,36.05009],[127.30662,36.04936],[127.30704,36.04883],[127.30765,36.04829],[127.30938,36.04679],[127.31011,36.04653],[127.3103,36.04649],[127.31104,36.04638],[127.31102,36.04521],[127.31146,36.04183],[127.3125,36.03738],[127.31296,36.0372],[127.31606,36.03587],[127.31652,36.03543],[127.3204,36.02947],[127.32074,36.02891],[127.32108,36.0275],[127.3216,36.02612],[127.32223,36.02556],[127.32429,36.02487],[127.32451,36.02452],[127.32545,36.02227],[127.32521,36.02105]]]]}}]}