{"type":"FeatureCollection","features":[{"type":"Feature","properties":{"code":"41670250","name":"가남읍","parent":"41670"},"geometry":{"type":"MultiPolygon","coordinates":[[[[127.599,37.25106],[127.59917,37.2511],[127.60018,37.251],[127.60107,37.25065],[127.60256,37.24976],[127.60278,37.24961],[127.60409,37.24659],[127.60421,37.24612],[127.60417,37.24582],[127.60366,37.24491],[127.60319,37.24471],[127.60301,37.24457],[127.60225,37.24396],[127.60215,37.24342],[127.60215,37.2433],[127.6022,37.24323],[127.60258,37.24282],[127.60279,37.24269],[127.60293,37.2425],[127.60326,37.24196],[127.60339,37.24172],[127.60363,37.24126],[127.60374,37.24104],[127.60407,37.24035],[127.60548,37.23868],[127.60727,37.23711],[127.61011,37.23826],[127.61026,37.23811],[127.6104,37.2378],[127.61026,37.23591],[127.61005,37.23533],[127.60978,37.23465],[127.60945,37.23434],[127.60954,37.23343],[127.61225,37.23324],[127.61496,37.23329],[127.61532,37.23342],[127.61563,37.23339],[127.61585,37.23338],[127.61596,37.23329],[127.61635,37.23299],[127.61656,37.23251],[127.61788,37.22927],[127.61858,37.22736],[127.61865,37.22685],[127.61865,37.22652],[127.61859,37.2263],[127.61857,37.22622],[127.61853,37.22608],[127.61853,37.22589],[127.61853,37.22582],[127.61867,37.22494],[127.61932,37.2217],[127.62063,37.21997],[127.62496,37.2171],[127.62624,37.2164],[127.62662,37.21625],[127.62702,37.21609],[127.62828,37.2158],[127.62902,37.21579],[127.63041,37.21584],[127.63103,37.21568],[127.63227,37.21517],[127.63355,37.21459],[127.63846,37.21243],[127.64116,37.21217],[127.64157,37.20799],[127.64152,37.20742],[127.64085,37.20456],[127.64,37.20262],[127.63988,37.20257],[127.63966,37.20243],[127.63824,37.20153],[127.63806,37.20109],[127.63803,37.20092],[127.63799,37.1993],[127.63799,37.19924],[127.6389,37.19706],[127.63897,37.19692],[127.63904,37.19681],[127.63964,37.19589],[127.63972,37.19581],[127.6398,37.19575],[127.6419,37.19428],[127.64344,37.1935],[127.64558,37.19225],[127.64635,37.19177],[127.64696,37.19136],[127.64713,37.19118],[127.64892,37.1872],[127.64897,37.18699],[127.64882,37.18617],[127.64866,37.18578],[127.64845,37.1853],[127.64838,37.18501],[127.64852,37.18406],[127.64861,37.18363],[127.64899,37.18256],[127.64921,37.18204],[127.6493,37.18197],[127.64938,37.18193],[127.64964,37.18185],[127.64979,37.18178],[127.64988,37.18172],[127.64996,37.18162],[127.64999,37.18149],[127.65001,37.1812],[127.64886,37.17757],[127.64807,37.17384],[127.64809,37.17379],[127.64815,37.17368],[127.64824,37.17348],[127.64826,37.17334],[127.64826,37.17321],[127.64813,37.17262],[127.64805,37.17252],[127.64674,37.17116],[127.64605,37.17076],[127.64584,37.17075],[127.64377,37.17051],[127.64277,37.17027],[127.6424,37.17],[127.64192,37.16916],[127.64145,37.16837],[127.64118,37.16809],[127.64113,37.16806],[127.641,37.16799],[127.63889,37.16791],[127.63722,37.16794],[127.63686,37.16785],[127.63271,37.16644],[127.63077,37.16567],[127.63074,37.16578],[127.63067,37.16592],[127.63059,37.16603],[127.6305,37.1661],[127.63036,37.16619],[127.63009,37.1663],[127.62988,37.16637],[127.62965,37.16642],[127.62951,37.16642],[127.62929,37.16641],[127.62665,37.16598],[127.62659,37.16596],[127.62651,37.16591],[127.62626,37.16575],[127.62612,37.16564],[127.62593,37.16546],[127.62584,37.16535],[127.62577,37.16527],[127.62573,37.16522],[127.62561,37.16508],[127.62548,37.16496],[127.62533,37.16488],[127.62406,37.16428],[127.624,37.16425],[127.61947,37.16244],[127.61823,37.16252],[127.61602,37.16326],[127.6158,37.16334],[127.61564,37.16346],[127.61554,37.16353],[127.61551,37.16356],[127.61547,37.16361],[127.61543,37.16366],[127.61539,37.16372],[127.61533,37.16382],[127.61522,37.16403],[127.61518,37.16413],[127.61516,37.1642],[127.61458,37.16597],[127.61408,37.16766],[127.61408,37.16774],[127.61409,37.16785],[127.61409,37.16805],[127.61409,37.16819],[127.61409,37.16897],[127.61408,37.16911],[127.61408,37.16918],[127.614,37.16999],[127.61398,37.17011],[127.61398,37.17015],[127.61392,37.17028],[127.61239,37.17338],[127.61231,37.17347],[127.61146,37.17432],[127.61139,37.17438],[127.61125,37.17446],[127.6098,37.17497],[127.60484,37.17891],[127.60356,37.18037],[127.60254,37.18228],[127.60167,37.18337],[127.60157,37.18342],[127.60145,37.18344],[127.60138,37.18345],[127.6013,37.18344],[127.60061,37.18325],[127.60053,37.18321],[127.60023,37.18309],[127.59981,37.18291],[127.59976,37.1829],[127.59969,37.18291],[127.59948,37.18298],[127.59941,37.18303],[127.5993,37.18311],[127.59923,37.1832],[127.59918,37.18328],[127.59915,37.18335],[127.59881,37.1845],[127.5986,37.18548],[127.59852,37.18613],[127.59822,37.1876],[127.59818,37.18776],[127.5981,37.18793],[127.59795,37.18815],[127.59769,37.18838],[127.596,37.18963],[127.59526,37.18974],[127.59303,37.18963],[127.59233,37.18916],[127.59221,37.18906],[127.59208,37.18889],[127.59189,37.18867],[127.59175,37.18856],[127.59163,37.18847],[127.59081,37.18801],[127.59071,37.18797],[127.59062,37.18794],[127.59049,37.1879],[127.587,37.18727],[127.58496,37.18701],[127.58473,37.18699],[127.58381,37.18696],[127.58367,37.18695],[127.58354,37.18696],[127.58163,37.18712],[127.58068,37.1874],[127.58048,37.18747],[127.58015,37.18764],[127.58003,37.18771],[127.57986,37.18781],[127.57972,37.18789],[127.57878,37.18854],[127.5786,37.18868],[127.57855,37.18873],[127.57844,37.18885],[127.57836,37.18898],[127.5783,37.18921],[127.57828,37.18929],[127.57822,37.18945],[127.57818,37.18949],[127.57815,37.1895],[127.57809,37.18951],[127.57797,37.1895],[127.57661,37.18923],[127.57647,37.1892],[127.57643,37.18918],[127.57637,37.18916],[127.5732,37.18599],[127.57314,37.18592],[127.57238,37.18486],[127.57235,37.18474],[127.57236,37.18458],[127.57238,37.18453],[127.5724,37.18444],[127.57273,37.18367],[127.57279,37.1836],[127.57282,37.18359],[127.57289,37.18356],[127.57304,37.18349],[127.57329,37.18337],[127.57346,37.18328],[127.57374,37.18306],[127.57377,37.18304],[127.57408,37.18278],[127.57425,37.18263],[127.57431,37.18258],[127.57438,37.18251],[127.57445,37.18243],[127.57754,37.17728],[127.5776,37.17718],[127.57763,37.17707],[127.57762,37.17633],[127.57761,37.17623],[127.57756,37.17609],[127.57718,37.17522],[127.57715,37.17516],[127.57708,37.17507],[127.57696,37.17499],[127.57681,37.17492],[127.57606,37.17458],[127.57559,37.17446],[127.57532,37.1743],[127.57515,37.17416],[127.57448,37.17356],[127.57278,37.17202],[127.57271,37.17193],[127.5727,37.1719],[127.57259,37.17139],[127.57252,37.1713],[127.57083,37.17035],[127.57051,37.17023],[127.56957,37.17167],[127.56902,37.17342],[127.56892,37.17358],[127.56888,37.17365],[127.56872,37.17386],[127.56849,37.17411],[127.56717,37.17549],[127.56618,37.1764],[127.56439,37.17761],[127.56039,37.18022],[127.56031,37.18027],[127.56008,37.18041],[127.55969,37.18057],[127.55964,37.18059],[127.55928,37.18072],[127.55908,37.18078],[127.5589,37.18084],[127.5588,37.18087],[127.55876,37.18088],[127.5587,37.18086],[127.55863,37.18083],[127.5579,37.17976],[127.55764,37.17905],[127.55782,37.17837],[127.55779,37.17828],[127.55777,37.1782],[127.55771,37.17813],[127.55692,37.17728],[127.55669,37.17704],[127.55616,37.17666],[127.55548,37.17636],[127.55538,37.17633],[127.55338,37.17559],[127.55283,37.17544],[127.55271,37.17541],[127.55203,37.17533],[127.55192,37.17534],[127.55179,37.17537],[127.54879,37.17471],[127.54681,37.17419],[127.54339,37.17394],[127.5379,37.17366],[127.53137,37.1732],[127.53005,37.17293],[127.52992,37.17292],[127.52789,37.17296],[127.52782,37.17298],[127.52727,37.17316],[127.52718,37.17319],[127.52699,37.17331],[127.52688,37.17339],[127.52679,37.17346],[127.52676,37.17354],[127.52675,37.17357],[127.52675,37.17362],[127.52675,37.17365],[127.52676,37.17373],[127.52689,37.17434],[127.52691,37.17481],[127.5269,37.17498],[127.5269,37.17502],[127.52676,37.17564],[127.52659,37.17602],[127.52655,37.17609],[127.52383,37.17991],[127.52286,37.18124],[127.51975,37.18205],[127.51805,37.18216],[127.51794,37.18217],[127.51776,37.18216],[127.51755,37.18213],[127.51727,37.18328],[127.51743,37.18473],[127.51741,37.18481],[127.51734,37.18485],[127.51704,37.18497],[127.51683,37.18504],[127.51665,37.1851],[127.51597,37.18532],[127.51796,37.18672],[127.51859,37.18689],[127.519,37.18709],[127.51929,37.1873],[127.5196,37.18761],[127.5257,37.19373],[127.52589,37.19394],[127.52601,37.19415],[127.5261,37.19447],[127.5261,37.19465],[127.5261,37.19474],[127.52611,37.19489],[127.52617,37.19509],[127.52624,37.19523],[127.52793,37.19699],[127.52829,37.1973],[127.52881,37.1976],[127.5291,37.19771],[127.52962,37.19784],[127.53042,37.19802],[127.53109,37.19813],[127.53129,37.19979],[127.53128,37.19999],[127.53089,37.20083],[127.53026,37.20216],[127.53008,37.20276],[127.5308,37.20501],[127.53119,37.20512],[127.53147,37.20535],[127.53152,37.20555],[127.53154,37.20564],[127.53156,37.20622],[127.53147,37.20823],[127.53121,37.20869],[127.5311,37.20887],[127.53069,37.20959],[127.52987,37.21177],[127.52972,37.21378],[127.52973,37.21503],[127.53008,37.21779],[127.5287,37.22228],[127.52777,37.22685],[127.52761,37.22739],[127.5255,37.22757],[127.52696,37.22946],[127.52685,37.23138],[127.52606,37.23522],[127.5252,37.23923],[127.52519,37.23927],[127.52517,37.23933],[127.52521,37.23975],[127.52555,37.24049],[127.52737,37.24161],[127.52969,37.24293],[127.52991,37.24299],[127.53004,37.24303],[127.53163,37.24331],[127.53281,37.24354],[127.53301,37.24364],[127.53484,37.24468],[127.53577,37.24521],[127.53737,37.24663],[127.53927,37.24762],[127.54329,37.24979],[127.54629,37.25299],[127.54639,37.25312],[127.54683,37.254],[127.54828,37.25853],[127.54834,37.25992],[127.54835,37.26122],[127.5483,37.26187],[127.54848,37.26252],[127.54857,37.26272],[127.54866,37.26292],[127.54953,37.26402],[127.5507,37.2649],[127.55098,37.26504],[127.55102,37.26505],[127.55115,37.26506],[127.55155,37.26507],[127.5517,37.26503],[127.55174,37.26498],[127.55178,37.26489],[127.55178,37.26479],[127.55176,37.26474],[127.55172,37.26462],[127.55162,37.26451],[127.55153,37.26441],[127.55126,37.2641],[127.55125,37.264],[127.55123,37.26387],[127.55129,37.2623],[127.55139,37.2601],[127.55281,37.25417],[127.55288,37.25395],[127.55302,37.25353],[127.55312,37.25344],[127.55526,37.25165],[127.55785,37.24941],[127.558,37.25061],[127.55709,37.2524],[127.55699,37.25248],[127.55642,37.253],[127.55641,37.2532],[127.55679,37.25369],[127.55743,37.25445],[127.55775,37.25458],[127.5581,37.25472],[127.56452,37.25546],[127.56633,37.25516],[127.56674,37.25508],[127.567,37.25503],[127.56708,37.25499],[127.5671,37.25498],[127.5672,37.25494],[127.56745,37.25477],[127.56748,37.25475],[127.56761,37.25464],[127.56782,37.25444],[127.56795,37.25429],[127.56808,37.25409],[127.56825,37.25369],[127.56837,37.25352],[127.56845,37.25346],[127.57067,37.25196],[127.57072,37.25193],[127.5708,37.25189],[127.57091,37.25187],[127.57104,37.25186],[127.5712,37.25187],[127.57128,37.25189],[127.57145,37.25193],[127.57173,37.25203],[127.57184,37.25207],[127.5719,37.25207],[127.57194,37.25206],[127.57198,37.25205],[127.57281,37.25166],[127.57342,37.25133],[127.57398,37.25078],[127.57405,37.25068],[127.57407,37.25065],[127.5741,37.25061],[127.5741,37.25053],[127.57408,37.25034],[127.57407,37.25028],[127.57405,37.25014],[127.57404,37.25003],[127.57405,37.24997],[127.5741,37.24987],[127.57422,37.24976],[127.5743,37.24971],[127.57438,37.24966],[127.57458,37.24956],[127.57464,37.24954],[127.57577,37.249],[127.5788,37.24832],[127.57962,37.24814],[127.57968,37.24813],[127.58624,37.24941],[127.5865,37.24947],[127.58662,37.2495],[127.58685,37.24955],[127.58706,37.24962],[127.58717,37.24968],[127.58728,37.24978],[127.58777,37.2503],[127.58896,37.25104],[127.58904,37.25107],[127.58909,37.25109],[127.58914,37.25109],[127.58924,37.2511],[127.58947,37.25111],[127.59007,37.25104],[127.59025,37.251],[127.59054,37.25094],[127.59086,37.25086],[127.591,37.25082],[127.59111,37.25074],[127.59114,37.25071],[127.59122,37.25062],[127.59128,37.25054],[127.59133,37.25043],[127.59134,37.2504],[127.59134,37.25036],[127.59137,37.25028],[127.59143,37.25023],[127.59182,37.24987],[127.59193,37.2498],[127.59214,37.24971],[127.5925,37.24957],[127.59278,37.24949],[127.59339,37.24933],[127.59343,37.24932],[127.59355,37.24929],[127.59365,37.24929],[127.59681,37.24954],[127.59779,37.25005],[127.59824,37.25038],[127.599,37.25106]]]]}},{"type":"Feature","properties":{"code":"41670310","name":"점동면","parent":"41670"},"geometry":{"type":"MultiPolygon","coordinates":[[[[127.7464,37.22963],[127.74664,37.22949],[127.74688,37.22935],[127.747,37.22928],[127.74751,37.22898],[127.74793,37.22871],[127.74808,37.22862],[127.74829,37.22848],[127.74853,37.22831],[127.74859,37.22827],[127.74863,37.22824],[127.74884,37.22808],[127.74901,37.22793],[127.74905,37.2279],[127.74925,37.22772],[127.74931,37.22765],[127.74942,37.22753],[127.74958,37.22735],[127.74962,37.22731],[127.74973,37.22716],[127.74987,37.22697],[127.75,37.22678],[127.75012,37.2266],[127.75019,37.22647],[127.75022,37.22642],[127.75032,37.22625],[127.75034,37.2262],[127.75037,37.22615],[127.7504,37.22608],[127.75048,37.22591],[127.75051,37.22585],[127.75055,37.22576],[127.7506,37.22564],[127.75061,37.22561],[127.75065,37.22551],[127.75067,37.22546],[127.75072,37.22532],[127.75076,37.22519],[127.7508,37.22506],[127.75084,37.22494],[127.75087,37.22482],[127.7509,37.2247],[127.75091,37.22464],[127.75092,37.22458],[127.75094,37.22446],[127.75096,37.22433],[127.75097,37.22424],[127.75097,37.22418],[127.75098,37.22403],[127.75098,37.22386],[127.75097,37.22367],[127.75096,37.22348],[127.75095,37.22329],[127.75094,37.22309],[127.75093,37.22302],[127.75092,37.2229],[127.7509,37.22272],[127.75089,37.22254],[127.75088,37.22241],[127.75086,37.22224],[127.75085,37.22211],[127.75083,37.22198],[127.75081,37.22186],[127.75078,37.22175],[127.75075,37.22164],[127.7507,37.22153],[127.75068,37.22147],[127.75065,37.22141],[127.7506,37.2213],[127.75057,37.22125],[127.75053,37.22117],[127.75045,37.22104],[127.75036,37.2209],[127.75026,37.22076],[127.75016,37.22062],[127.75014,37.2206],[127.75003,37.22044],[127.74991,37.22026],[127.7498,37.22012],[127.74977,37.22008],[127.74962,37.21987],[127.74948,37.21967],[127.74936,37.2195],[127.74933,37.21945],[127.74908,37.21907],[127.74825,37.21737],[127.74792,37.21668],[127.74779,37.21684],[127.74774,37.21692],[127.74703,37.21681],[127.74695,37.2168],[127.7469,37.21679],[127.74687,37.21678],[127.7468,37.21676],[127.74672,37.21673],[127.74666,37.2167],[127.74662,37.21667],[127.74658,37.21665],[127.74653,37.21662],[127.74647,37.21657],[127.74641,37.21652],[127.74635,37.21647],[127.7463,37.21642],[127.74623,37.21635],[127.74617,37.21629],[127.7461,37.21622],[127.74603,37.21615],[127.74599,37.21612],[127.74595,37.21608],[127.74587,37.216],[127.74583,37.21596],[127.74578,37.21592],[127.74572,37.21586],[127.74569,37.21584],[127.74564,37.21579],[127.7456,37.21575],[127.7455,37.21567],[127.74548,37.21564],[127.74541,37.21558],[127.74531,37.2155],[127.74521,37.21541],[127.74514,37.21536],[127.74511,37.21533],[127.74501,37.21525],[127.74491,37.21517],[127.74484,37.21512],[127.74481,37.21509],[127.74475,37.21506],[127.74471,37.21503],[127.74461,37.21496],[127.74452,37.21491],[127.74441,37.21485],[127.74437,37.21483],[127.74433,37.21482],[127.74426,37.21478],[127.7442,37.21476],[127.74416,37.21474],[127.74409,37.21472],[127.74077,37.21195],[127.73963,37.21147],[127.73798,37.21071],[127.73793,37.21069],[127.73789,37.21067],[127.73783,37.21063],[127.73779,37.21061],[127.73774,37.21059],[127.73771,37.21057],[127.73767,37.21055],[127.73762,37.21051],[127.73755,37.21047],[127.73748,37.21044],[127.73742,37.2104],[127.73736,37.21036],[127.73711,37.21022],[127.73705,37.21018],[127.737,37.21015],[127.73696,37.21013],[127.73691,37.2101],[127.73687,37.21007],[127.73684,37.21005],[127.7368,37.21003],[127.73677,37.21],[127.73675,37.20998],[127.73673,37.20996],[127.7367,37.20992],[127.73668,37.2099],[127.73541,37.20807],[127.73539,37.20803],[127.73538,37.20801],[127.73536,37.20798],[127.73535,37.20794],[127.73534,37.2079],[127.73529,37.20715],[127.73529,37.20712],[127.73529,37.20708],[127.7353,37.20703],[127.73531,37.207],[127.73532,37.20697],[127.73534,37.20695],[127.73537,37.20692],[127.7354,37.20689],[127.73542,37.20686],[127.73545,37.20684],[127.73547,37.2068],[127.7355,37.20676],[127.73551,37.20671],[127.73557,37.20557],[127.73557,37.20555],[127.73556,37.20552],[127.73555,37.20548],[127.73553,37.20544],[127.7346,37.20332],[127.73376,37.20211],[127.73373,37.20208],[127.73371,37.20205],[127.73369,37.20202],[127.73366,37.20199],[127.73364,37.20196],[127.73362,37.20194],[127.7336,37.20191],[127.73358,37.20189],[127.73355,37.20186],[127.73352,37.20183],[127.7335,37.20181],[127.73347,37.20178],[127.73344,37.20175],[127.73341,37.20173],[127.73338,37.20171],[127.73334,37.20169],[127.73329,37.20168],[127.73322,37.20167],[127.73319,37.20167],[127.73314,37.20166],[127.7331,37.20166],[127.73257,37.19964],[127.73281,37.19838],[127.7329,37.19673],[127.7329,37.19666],[127.7329,37.1966],[127.7329,37.19653],[127.73289,37.19649],[127.73289,37.19644],[127.73288,37.19639],[127.73288,37.19635],[127.73287,37.19631],[127.73286,37.19627],[127.73284,37.19622],[127.73283,37.19619],[127.73281,37.19615],[127.7328,37.19613],[127.73276,37.19609],[127.73062,37.19402],[127.72862,37.19187],[127.72858,37.19181],[127.72854,37.19175],[127.72851,37.19171],[127.7285,37.19168],[127.72846,37.19161],[127.72843,37.19154],[127.7284,37.19145],[127.72837,37.19137],[127.72834,37.19125],[127.72831,37.19114],[127.72827,37.19102],[127.72823,37.19087],[127.72819,37.19073],[127.72815,37.19058],[127.72812,37.19044],[127.72808,37.19029],[127.72805,37.19015],[127.72802,37.19003],[127.72799,37.18991],[127.72796,37.1898],[127.72795,37.18971],[127.72793,37.18962],[127.72792,37.18955],[127.72791,37.18947],[127.7279,37.18944],[127.7279,37.1894],[127.7279,37.18935],[127.72789,37.18928],[127.72789,37.18922],[127.72789,37.18916],[127.72789,37.18911],[127.7279,37.18906],[127.72791,37.18901],[127.72792,37.18896],[127.72794,37.18891],[127.72795,37.18888],[127.72796,37.18885],[127.72799,37.1888],[127.72801,37.18877],[127.72804,37.18874],[127.72806,37.18871],[127.72808,37.18867],[127.7281,37.18864],[127.72812,37.18862],[127.72814,37.18858],[127.72815,37.18856],[127.72816,37.18852],[127.72817,37.18849],[127.72817,37.18846],[127.72817,37.18843],[127.72816,37.18694],[127.72815,37.18689],[127.72815,37.18682],[127.72814,37.18677],[127.72813,37.1867],[127.72812,37.18664],[127.72811,37.18658],[127.72809,37.18654],[127.72767,37.18541],[127.72762,37.18531],[127.72669,37.183],[127.72667,37.18296],[127.72665,37.18291],[127.7266,37.18282],[127.72655,37.18274],[127.7265,37.18268],[127.72647,37.18264],[127.72645,37.18261],[127.72638,37.18256],[127.72631,37.18251],[127.72624,37.18246],[127.72618,37.18243],[127.72615,37.18241],[127.72605,37.18236],[127.72595,37.18231],[127.72584,37.18226],[127.72572,37.18222],[127.7256,37.18218],[127.72556,37.18217],[127.72546,37.18214],[127.72535,37.18211],[127.72522,37.18209],[127.72508,37.18206],[127.72496,37.18204],[127.72331,37.18178],[127.72323,37.18177],[127.72315,37.18176],[127.7231,37.18176],[127.72304,37.18175],[127.72299,37.18175],[127.72296,37.18175],[127.72292,37.18176],[127.72288,37.18176],[127.72283,37.18178],[127.72278,37.18179],[127.72273,37.18182],[127.72268,37.18185],[127.72263,37.18188],[127.7226,37.18191],[127.72257,37.18193],[127.72254,37.18196],[127.72249,37.182],[127.72245,37.18204],[127.72241,37.18209],[127.72238,37.18212],[127.72236,37.18214],[127.72233,37.18218],[127.72231,37.1822],[127.72226,37.18227],[127.72221,37.18233],[127.72217,37.18238],[127.72215,37.18241],[127.72212,37.18244],[127.72209,37.18248],[127.72207,37.18251],[127.72203,37.18256],[127.72196,37.18264],[127.72193,37.18268],[127.72191,37.1827],[127.7219,37.18272],[127.72187,37.18276],[127.72183,37.1828],[127.72175,37.18289],[127.72168,37.18297],[127.72161,37.18304],[127.72154,37.18311],[127.7215,37.18316],[127.72147,37.18318],[127.72142,37.18323],[127.72136,37.18328],[127.72131,37.18332],[127.72126,37.18335],[127.72122,37.18337],[127.72118,37.18339],[127.72114,37.1834],[127.72111,37.18341],[127.72107,37.18342],[127.72102,37.18344],[127.72098,37.18344],[127.72094,37.18345],[127.7209,37.18346],[127.72085,37.18347],[127.72081,37.18347],[127.7183,37.18382],[127.71826,37.18382],[127.71823,37.18382],[127.71818,37.18382],[127.71814,37.18382],[127.71811,37.18381],[127.71807,37.18381],[127.71803,37.18379],[127.71799,37.18377],[127.71797,37.18376],[127.7173,37.18326],[127.71725,37.18322],[127.71721,37.18319],[127.71717,37.18316],[127.71713,37.18313],[127.7171,37.18311],[127.71707,37.18308],[127.71704,37.18306],[127.71699,37.18302],[127.71696,37.183],[127.71692,37.18295],[127.71688,37.18291],[127.71685,37.18287],[127.71684,37.18285],[127.71682,37.1828],[127.7168,37.18276],[127.71678,37.18272],[127.71566,37.18164],[127.71561,37.18162],[127.71556,37.1816],[127.71552,37.18158],[127.71548,37.18157],[127.7146,37.18107],[127.71458,37.18104],[127.71458,37.18099],[127.71458,37.18096],[127.71458,37.18092],[127.71459,37.18088],[127.7146,37.18085],[127.71461,37.18083],[127.71462,37.18079],[127.71464,37.18076],[127.71465,37.18073],[127.71467,37.18071],[127.71469,37.18068],[127.71472,37.18065],[127.71476,37.18061],[127.71478,37.18057],[127.71479,37.18055],[127.71481,37.18052],[127.71482,37.18048],[127.71483,37.18045],[127.71484,37.18041],[127.71484,37.18037],[127.71485,37.18033],[127.71484,37.18029],[127.71484,37.18026],[127.71482,37.18023],[127.7138,37.17843],[127.71228,37.1768],[127.71226,37.17678],[127.71223,37.17676],[127.7122,37.17674],[127.71217,37.17672],[127.71214,37.1767],[127.7121,37.17668],[127.71206,37.17665],[127.71201,37.17663],[127.71196,37.17661],[127.71191,37.1766],[127.71186,37.1766],[127.71181,37.1766],[127.71155,37.17659],[127.71101,37.17643],[127.71097,37.17642],[127.71062,37.17589],[127.71025,37.17455],[127.70972,37.17271],[127.70972,37.17238],[127.70972,37.17233],[127.70972,37.1723],[127.70972,37.17225],[127.70971,37.17222],[127.70971,37.17219],[127.70969,37.17215],[127.70967,37.17211],[127.70884,37.17092],[127.70881,37.17089],[127.70878,37.17086],[127.70875,37.17083],[127.70871,37.17079],[127.70868,37.17077],[127.70865,37.17074],[127.70861,37.17072],[127.70858,37.17071],[127.70853,37.1707],[127.70848,37.1707],[127.70842,37.17071],[127.70836,37.17072],[127.70831,37.17073],[127.70825,37.17075],[127.70804,37.17083],[127.708,37.17085],[127.70795,37.17086],[127.70791,37.17088],[127.70787,37.1709],[127.70782,37.17092],[127.70777,37.17092],[127.70773,37.17091],[127.70767,37.1709],[127.70764,37.17089],[127.7076,37.17088],[127.70757,37.17087],[127.70753,37.17085],[127.70748,37.17084],[127.70745,37.17083],[127.70741,37.17081],[127.70721,37.17072],[127.70716,37.17069],[127.70713,37.17066],[127.7071,37.17063],[127.70699,37.17048],[127.70696,37.17044],[127.70579,37.16867],[127.70577,37.16865],[127.70575,37.16862],[127.70572,37.16858],[127.70487,37.1674],[127.70485,37.16736],[127.70483,37.16732],[127.70482,37.16729],[127.70458,37.16664],[127.70458,37.16661],[127.70458,37.16658],[127.70457,37.16654],[127.70458,37.1665],[127.7046,37.16645],[127.70463,37.16642],[127.70465,37.1664],[127.70467,37.16637],[127.7047,37.16635],[127.70472,37.16633],[127.70475,37.1663],[127.70477,37.16627],[127.70479,37.16624],[127.70481,37.1662],[127.70483,37.16615],[127.70499,37.16555],[127.705,37.16551],[127.70501,37.16547],[127.70502,37.16544],[127.70503,37.16538],[127.70504,37.16533],[127.70504,37.16529],[127.70505,37.16526],[127.70505,37.16522],[127.70516,37.16378],[127.70516,37.16374],[127.70514,37.16314],[127.70514,37.16311],[127.70513,37.16307],[127.70513,37.16304],[127.70513,37.163],[127.70513,37.16297],[127.70512,37.16294],[127.70512,37.16291],[127.70512,37.16287],[127.70511,37.16283],[127.7051,37.16278],[127.7051,37.16275],[127.70509,37.16272],[127.70508,37.16269],[127.70508,37.16266],[127.70506,37.16262],[127.70505,37.16257],[127.70504,37.16254],[127.70503,37.16248],[127.70502,37.16245],[127.70501,37.16243],[127.705,37.16239],[127.705,37.16237],[127.70498,37.16233],[127.70497,37.16229],[127.70496,37.16226],[127.70462,37.15926],[127.70399,37.15649],[127.70263,37.15513],[127.70259,37.15509],[127.70255,37.15505],[127.70252,37.15503],[127.70249,37.15501],[127.70247,37.15499],[127.70244,37.15497],[127.70241,37.15494],[127.70237,37.15491],[127.70183,37.1545],[127.70173,37.15443],[127.70167,37.15438],[127.70164,37.15435],[127.70154,37.15428],[127.70146,37.15422],[127.70135,37.15414],[127.70125,37.15407],[127.7012,37.15403],[127.70116,37.15401],[127.70106,37.15394],[127.70095,37.15387],[127.70084,37.15381],[127.70071,37.15375],[127.70057,37.15368],[127.70042,37.15362],[127.70025,37.15355],[127.70007,37.15349],[127.69989,37.15343],[127.6997,37.15337],[127.69953,37.15331],[127.69945,37.15329],[127.69935,37.15326],[127.69917,37.15321],[127.69901,37.15316],[127.69894,37.15314],[127.69885,37.15312],[127.6987,37.15308],[127.69855,37.15304],[127.69841,37.15301],[127.69827,37.15298],[127.69814,37.15294],[127.69804,37.15292],[127.698,37.15291],[127.69791,37.15289],[127.69787,37.15288],[127.69772,37.15284],[127.69758,37.15281],[127.69748,37.15278],[127.69743,37.15277],[127.69731,37.15273],[127.69717,37.1527],[127.69705,37.15266],[127.69701,37.15265],[127.69697,37.15264],[127.69693,37.15263],[127.69681,37.15259],[127.69677,37.15258],[127.6967,37.15256],[127.6966,37.15252],[127.69657,37.15251],[127.69651,37.15249],[127.69642,37.15245],[127.69633,37.15241],[127.69626,37.15236],[127.69618,37.15232],[127.69612,37.15227],[127.69609,37.15225],[127.69605,37.15222],[127.69603,37.15219],[127.69599,37.15216],[127.69594,37.1521],[127.69589,37.15205],[127.69584,37.15198],[127.6958,37.15192],[127.69486,37.15059],[127.69441,37.14964],[127.69442,37.1496],[127.69442,37.14955],[127.69443,37.14949],[127.69443,37.14944],[127.69443,37.1494],[127.69444,37.14935],[127.69444,37.14931],[127.69444,37.14924],[127.69444,37.1492],[127.69444,37.14916],[127.69444,37.14752],[127.69444,37.14746],[127.69444,37.14742],[127.69444,37.14738],[127.69444,37.14734],[127.69443,37.1473],[127.69443,37.14726],[127.69443,37.14723],[127.69442,37.14719],[127.69442,37.14716],[127.69441,37.14712],[127.6944,37.14708],[127.69439,37.14705],[127.69438,37.14702],[127.69437,37.14698],[127.69435,37.14694],[127.69434,37.14691],[127.69432,37.14687],[127.69431,37.14684],[127.69429,37.14681],[127.69428,37.14677],[127.69426,37.14674],[127.69424,37.1467],[127.69422,37.14666],[127.6942,37.14661],[127.69418,37.14657],[127.69416,37.14655],[127.69414,37.14652],[127.69407,37.14509],[127.69403,37.14407],[127.69431,37.14301],[127.69467,37.14219],[127.69543,37.14045],[127.69542,37.14041],[127.6954,37.14037],[127.69538,37.14034],[127.69536,37.14031],[127.69533,37.14027],[127.6953,37.14024],[127.69526,37.14021],[127.69523,37.14018],[127.6952,37.14015],[127.69259,37.13804],[127.6921,37.13766],[127.69205,37.13763],[127.69202,37.1376],[127.69199,37.13759],[127.69195,37.13757],[127.6919,37.13755],[127.69184,37.13753],[127.6918,37.13752],[127.69177,37.13751],[127.69173,37.1375],[127.6917,37.13749],[127.69164,37.13748],[127.69158,37.13747],[127.69152,37.13747],[127.69147,37.13747],[127.6914,37.13747],[127.69136,37.13747],[127.69131,37.13747],[127.69126,37.13746],[127.69122,37.13746],[127.69116,37.13745],[127.691,37.13742],[127.69097,37.13741],[127.69093,37.1374],[127.69037,37.13724],[127.69034,37.13723],[127.6903,37.13722],[127.69027,37.1372],[127.69024,37.13719],[127.69021,37.13716],[127.69018,37.13713],[127.69014,37.13709],[127.69013,37.13707],[127.68912,37.13627],[127.68791,37.13531],[127.68787,37.13528],[127.68784,37.13526],[127.68781,37.13524],[127.68777,37.13522],[127.68774,37.1352],[127.68771,37.13518],[127.68767,37.13516],[127.68761,37.13514],[127.68755,37.13512],[127.68749,37.13511],[127.68743,37.1351],[127.6868,37.13504],[127.68677,37.13503],[127.68674,37.13503],[127.68669,37.13503],[127.68664,37.13503],[127.68658,37.13502],[127.68654,37.13502],[127.68647,37.13502],[127.68642,37.13503],[127.68637,37.13504],[127.68631,37.13505],[127.68627,37.13506],[127.68226,37.13616],[127.67973,37.13654],[127.67616,37.13676],[127.67612,37.13674],[127.67607,37.13672],[127.67603,37.13671],[127.67599,37.1367],[127.67596,37.13669],[127.67513,37.13656],[127.67508,37.13655],[127.67067,37.13631],[127.67063,37.1363],[127.67057,37.1363],[127.67052,37.13631],[127.67044,37.13631],[127.67036,37.13632],[127.67027,37.13632],[127.67016,37.13634],[127.67004,37.13635],[127.6699,37.13637],[127.66976,37.13638],[127.66968,37.1364],[127.66961,37.13641],[127.66944,37.13643],[127.66927,37.13646],[127.66924,37.13646],[127.6691,37.13648],[127.66893,37.13651],[127.66878,37.13653],[127.66863,37.13656],[127.66849,37.13658],[127.66839,37.1366],[127.66829,37.13663],[127.66822,37.13665],[127.66816,37.13667],[127.6681,37.1367],[127.66807,37.13673],[127.66805,37.13675],[127.66799,37.1368],[127.66793,37.13687],[127.66787,37.13696],[127.66784,37.137],[127.6678,37.13706],[127.66775,37.13712],[127.66772,37.13717],[127.66764,37.13728],[127.66756,37.1374],[127.66749,37.13753],[127.66741,37.13764],[127.66734,37.13776],[127.66727,37.13786],[127.6672,37.13795],[127.66714,37.13804],[127.66708,37.13812],[127.66703,37.1382],[127.66697,37.13827],[127.66691,37.13834],[127.66685,37.1384],[127.66679,37.13847],[127.66676,37.1385],[127.66672,37.13854],[127.66665,37.13861],[127.66659,37.13867],[127.66652,37.13873],[127.66646,37.13879],[127.66639,37.13884],[127.66633,37.1389],[127.66627,37.13895],[127.66622,37.13898],[127.66617,37.13902],[127.66612,37.13906],[127.66607,37.13909],[127.66602,37.13912],[127.66597,37.13915],[127.66592,37.13917],[127.66587,37.1392],[127.66582,37.13922],[127.66576,37.13924],[127.66571,37.13926],[127.66565,37.13928],[127.66561,37.13929],[127.66558,37.13929],[127.66552,37.1393],[127.66544,37.13931],[127.66537,37.13932],[127.66528,37.13932],[127.66519,37.13932],[127.66509,37.13932],[127.66499,37.13931],[127.66488,37.1393],[127.66483,37.1393],[127.66477,37.13929],[127.66465,37.13928],[127.66461,37.13928],[127.66453,37.13927],[127.6644,37.13926],[127.66427,37.13924],[127.66413,37.13923],[127.66399,37.13921],[127.66385,37.1392],[127.66376,37.13919],[127.66371,37.13918],[127.66357,37.13916],[127.66343,37.13914],[127.66329,37.13913],[127.66315,37.13911],[127.66301,37.13909],[127.66288,37.13908],[127.66275,37.13907],[127.66262,37.13906],[127.66255,37.13906],[127.6625,37.13906],[127.66238,37.13905],[127.66232,37.13906],[127.66226,37.13906],[127.66215,37.13907],[127.66204,37.13908],[127.66192,37.1391],[127.6618,37.13913],[127.66168,37.13916],[127.66155,37.13919],[127.66142,37.13924],[127.66127,37.13929],[127.66113,37.13934],[127.66099,37.1394],[127.66092,37.13942],[127.66085,37.13945],[127.66071,37.13951],[127.66059,37.13956],[127.66048,37.1396],[127.66045,37.13962],[127.66039,37.13964],[127.66031,37.13968],[127.66028,37.13969],[127.66024,37.13971],[127.66019,37.13974],[127.66014,37.13977],[127.6601,37.1398],[127.66007,37.13983],[127.66003,37.13987],[127.66,37.13991],[127.65999,37.13994],[127.65997,37.13997],[127.65994,37.14002],[127.65991,37.14008],[127.65989,37.14014],[127.65752,37.14201],[127.65567,37.14505],[127.65563,37.1451],[127.6556,37.14515],[127.65556,37.14519],[127.65553,37.14523],[127.65514,37.14562],[127.65506,37.1457],[127.65496,37.14579],[127.65486,37.14588],[127.65473,37.14599],[127.65458,37.14611],[127.65455,37.14613],[127.65442,37.14623],[127.65425,37.14637],[127.65406,37.1465],[127.65386,37.14664],[127.65365,37.14679],[127.64791,37.15058],[127.64782,37.15064],[127.64772,37.1507],[127.64761,37.15075],[127.6475,37.1508],[127.64739,37.15084],[127.64728,37.15088],[127.64717,37.15091],[127.64713,37.15093],[127.64707,37.15094],[127.64697,37.15097],[127.64689,37.15099],[127.64679,37.15101],[127.6467,37.15103],[127.64662,37.15104],[127.64655,37.15105],[127.64647,37.15106],[127.64419,37.15126],[127.64181,37.15138],[127.63942,37.15283],[127.63939,37.15286],[127.63937,37.15289],[127.63934,37.15291],[127.63931,37.15292],[127.63927,37.15294],[127.63922,37.15296],[127.63918,37.15297],[127.63914,37.15298],[127.6391,37.15299],[127.63906,37.153],[127.63902,37.15301],[127.63898,37.15302],[127.63883,37.15305],[127.6388,37.15306],[127.63876,37.15307],[127.63873,37.15307],[127.6387,37.15308],[127.63866,37.15308],[127.63861,37.15309],[127.63857,37.15309],[127.63853,37.1531],[127.63846,37.1531],[127.63839,37.15311],[127.63833,37.15311],[127.63826,37.15311],[127.63669,37.15315],[127.63381,37.15317],[127.63377,37.15317],[127.63372,37.15316],[127.63368,37.15315],[127.63364,37.15314],[127.6336,37.15312],[127.63356,37.1531],[127.63263,37.15251],[127.62876,37.1538],[127.62872,37.15403],[127.62864,37.15445],[127.62857,37.15496],[127.62857,37.15506],[127.62857,37.15535],[127.62858,37.15553],[127.62861,37.15583],[127.62868,37.15618],[127.6289,37.15693],[127.62898,37.1572],[127.62908,37.15748],[127.62913,37.15762],[127.6293,37.15795],[127.62943,37.15819],[127.62959,37.15847],[127.62975,37.15871],[127.6299,37.15893],[127.62992,37.15897],[127.63008,37.15919],[127.63019,37.15932],[127.63117,37.16391],[127.63077,37.16567],[127.63271,37.16644],[127.63686,37.16785],[127.63722,37.16794],[127.63889,37.16791],[127.641,37.16799],[127.64113,37.16806],[127.64118,37.16809],[127.64145,37.16837],[127.64192,37.16916],[127.6424,37.17],[127.64277,37.17027],[127.64377,37.17051],[127.64584,37.17075],[127.64605,37.17076],[127.64674,37.17116],[127.64805,37.17252],[127.64813,37.17262],[127.64826,37.17321],[127.64826,37.17334],[127.64824,37.17348],[127.64815,37.17368],[127.64809,37.17379],[127.64807,37.17384],[127.64886,37.17757],[127.65001,37.1812],[127.64999,37.18149],[127.64996,37.18162],[127.64988,37.18172],[127.64979,37.18178],[127.64964,37.18185],[127.64938,37.18193],[127.6493,37.18197],[127.64921,37.18204],[127.64899,37.18256],[127.64861,37.18363],[127.64852,37.18406],[127.64838,37.18501],[127.64845,37.1853],[127.64866,37.18578],[127.64882,37.18617],[127.64897,37.18699],[127.64892,37.1872],[127.64713,37.19118],[127.64696,37.19136],[127.64635,37.19177],[127.64558,37.19225],[127.64344,37.1935],[127.6419,37.19428],[127.6398,37.19575],[127.63972,37.19581],[127.63964,37.19589],[127.63904,37.19681],[127.63897,37.19692],[127.6389,37.19706],[127.63799,37.19924],[127.63799,37.1993],[127.63803,37.20092],[127.63806,37.20109],[127.63824,37.20153],[127.63966,37.20243],[127.63988,37.20257],[127.64,37.20262],[127.64085,37.20456],[127.64152,37.20742],[127.64157,37.20799],[127.64116,37.21217],[127.64165,37.21224],[127.64195,37.21242],[127.64234,37.21292],[127.64222,37.21385],[127.64227,37.2141],[127.64271,37.2143],[127.64367,37.21456],[127.64399,37.21457],[127.6445,37.21459],[127.64481,37.2146],[127.6451,37.21461],[127.64637,37.21465],[127.64675,37.21467],[127.64689,37.21469],[127.64705,37.21476],[127.64722,37.21486],[127.64731,37.21495],[127.64747,37.2151],[127.64756,37.21516],[127.64772,37.21525],[127.64789,37.21533],[127.64799,37.21534],[127.64815,37.21535],[127.64823,37.21535],[127.64828,37.21535],[127.64831,37.21536],[127.64837,37.21538],[127.64843,37.21542],[127.64857,37.21555],[127.64863,37.21561],[127.64881,37.21573],[127.64902,37.21581],[127.64907,37.21584],[127.64907,37.21591],[127.64894,37.21651],[127.64883,37.21709],[127.64879,37.2172],[127.64846,37.21882],[127.64815,37.22176],[127.64815,37.22181],[127.64815,37.22184],[127.64853,37.22232],[127.64913,37.22287],[127.6497,37.22336],[127.64976,37.22341],[127.65107,37.22423],[127.65193,37.22478],[127.65667,37.22661],[127.66559,37.23137],[127.66727,37.23391],[127.66732,37.23401],[127.66737,37.23424],[127.66739,37.23434],[127.66739,37.23452],[127.66736,37.23479],[127.66717,37.2352],[127.66672,37.23596],[127.66659,37.23618],[127.66639,37.23649],[127.66633,37.23659],[127.6663,37.23663],[127.6662,37.23681],[127.66619,37.23684],[127.66615,37.23694],[127.66613,37.23706],[127.66613,37.23719],[127.66616,37.2373],[127.66617,37.23734],[127.66619,37.23737],[127.66628,37.2375],[127.66722,37.23862],[127.66967,37.24119],[127.67185,37.24247],[127.6719,37.24244],[127.67195,37.24242],[127.6724,37.24232],[127.67274,37.24225],[127.6752,37.24201],[127.67748,37.24242],[127.67775,37.24253],[127.6782,37.24262],[127.67827,37.24263],[127.67955,37.24278],[127.68057,37.24269],[127.683,37.24283],[127.68531,37.24332],[127.68635,37.24129],[127.68661,37.24077],[127.6881,37.23742],[127.68885,37.23524],[127.68902,37.23474],[127.69064,37.23255],[127.69256,37.23066],[127.69261,37.23061],[127.69481,37.2294],[127.69598,37.22914],[127.6971,37.22889],[127.6979,37.22872],[127.7016,37.22809],[127.70285,37.22808],[127.70325,37.22813],[127.70388,37.22821],[127.7052,37.22843],[127.70664,37.22879],[127.70732,37.22895],[127.71023,37.22954],[127.71102,37.22962],[127.71186,37.2297],[127.71391,37.22962],[127.71586,37.22954],[127.71874,37.22957],[127.72117,37.22976],[127.72312,37.23002],[127.7232,37.23003],[127.72337,37.23005],[127.7246,37.23025],[127.72576,37.23043],[127.72632,37.23049],[127.72704,37.23042],[127.72883,37.22972],[127.7293,37.22947],[127.7295,37.22936],[127.72976,37.22922],[127.73116,37.22877],[127.73271,37.22835],[127.73279,37.22833],[127.73745,37.22793],[127.7394,37.22788],[127.741,37.22789],[127.7413,37.22789],[127.74315,37.22815],[127.74336,37.22823],[127.74462,37.22873],[127.7464,37.22963]]]]}},{"type":"Feature","properties":{"code":"41670345","name":"세종대왕면","parent":"41670"},"geometry":{"type":"MultiPolygon","coordinates":[[[[127.61996,37.31979],[127.6195,37.31686],[127.61931,37.31558],[127.61916,37.31525],[127.61848,37.31374],[127.61843,37.31364],[127.61836,37.31347],[127.61777,37.30988],[127.61794,37.30918],[127.61814,37.30893],[127.61821,37.30823],[127.61833,37.3059],[127.61818,37.30489],[127.61805,37.30439],[127.61797,37.3041],[127.61778,37.30353],[127.61786,37.30217],[127.61817,37.30147],[127.61837,37.30105],[127.62102,37.29971],[127.62621,37.29704],[127.62362,37.29456],[127.62259,37.29385],[127.62236,37.2938],[127.62219,37.29393],[127.62217,37.29402],[127.62214,37.29408],[127.62202,37.29412],[127.62184,37.29406],[127.62123,37.29383],[127.62076,37.29363],[127.61876,37.29262],[127.61855,37.29249],[127.6183,37.29229],[127.61817,37.29213],[127.61813,37.29207],[127.61723,37.29087],[127.61718,37.29064],[127.61719,37.29051],[127.61723,37.29041],[127.61731,37.29031],[127.61745,37.29015],[127.61756,37.29004],[127.61757,37.28979],[127.61755,37.28974],[127.61748,37.28962],[127.61732,37.28952],[127.61729,37.28951],[127.61712,37.28944],[127.61692,37.28938],[127.61679,37.28934],[127.61542,37.28896],[127.61463,37.28876],[127.61434,37.2887],[127.61429,37.28869],[127.61404,37.28867],[127.61367,37.28864],[127.60881,37.28832],[127.60562,37.28935],[127.60371,37.28956],[127.6023,37.28958],[127.60179,37.28958],[127.60095,37.28958],[127.5995,37.28942],[127.59913,37.2893],[127.59711,37.28676],[127.59694,37.28534],[127.59743,37.28524],[127.59772,37.28504],[127.59779,37.28494],[127.59801,37.28461],[127.59964,37.28061],[127.59964,37.28038],[127.59952,37.28016],[127.59932,37.28008],[127.59921,37.28004],[127.59873,37.27992],[127.59835,37.27954],[127.59828,37.27898],[127.59797,37.27546],[127.59796,37.27371],[127.59802,37.27294],[127.59873,37.27133],[127.59878,37.27125],[127.59887,37.27112],[127.59909,37.2708],[127.59932,37.27053],[127.60001,37.27008],[127.60071,37.26943],[127.60088,37.26829],[127.60089,37.26818],[127.60054,37.26733],[127.60051,37.26727],[127.59984,37.26617],[127.59981,37.26418],[127.59984,37.26387],[127.60011,37.26332],[127.60029,37.26316],[127.60048,37.26302],[127.60073,37.26283],[127.6011,37.26257],[127.60126,37.26242],[127.60136,37.26225],[127.60137,37.26197],[127.60132,37.26158],[127.60075,37.25795],[127.60069,37.25776],[127.6006,37.25757],[127.59997,37.2566],[127.59927,37.25563],[127.59916,37.25529],[127.59916,37.25499],[127.59916,37.25455],[127.5992,37.25437],[127.59925,37.25405],[127.59933,37.25363],[127.59938,37.25333],[127.59946,37.25309],[127.59954,37.25284],[127.5995,37.25243],[127.59923,37.25146],[127.599,37.25106],[127.59824,37.25038],[127.59779,37.25005],[127.59681,37.24954],[127.59365,37.24929],[127.59355,37.24929],[127.59343,37.24932],[127.59339,37.24933],[127.59278,37.24949],[127.5925,37.24957],[127.59214,37.24971],[127.59193,37.2498],[127.59182,37.24987],[127.59143,37.25023],[127.59137,37.25028],[127.59134,37.25036],[127.59134,37.2504],[127.59133,37.25043],[127.59128,37.25054],[127.59122,37.25062],[127.59114,37.25071],[127.59111,37.25074],[127.591,37.25082],[127.59086,37.25086],[127.59054,37.25094],[127.59025,37.251],[127.59007,37.25104],[127.58947,37.25111],[127.58924,37.2511],[127.58914,37.25109],[127.58909,37.25109],[127.58904,37.25107],[127.58896,37.25104],[127.58777,37.2503],[127.58728,37.24978],[127.58717,37.24968],[127.58706,37.24962],[127.58685,37.24955],[127.58662,37.2495],[127.5865,37.24947],[127.58624,37.24941],[127.57968,37.24813],[127.57962,37.24814],[127.5788,37.24832],[127.57577,37.249],[127.57464,37.24954],[127.57458,37.24956],[127.57438,37.24966],[127.5743,37.24971],[127.57422,37.24976],[127.5741,37.24987],[127.57405,37.24997],[127.57404,37.25003],[127.57405,37.25014],[127.57407,37.25028],[127.57408,37.25034],[127.5741,37.25053],[127.5741,37.25061],[127.57407,37.25065],[127.57405,37.25068],[127.57398,37.25078],[127.57342,37.25133],[127.57281,37.25166],[127.57198,37.25205],[127.57194,37.25206],[127.5719,37.25207],[127.57184,37.25207],[127.57173,37.25203],[127.57145,37.25193],[127.57128,37.25189],[127.5712,37.25187],[127.57104,37.25186],[127.57091,37.25187],[127.5708,37.25189],[127.57072,37.25193],[127.57067,37.25196],[127.56845,37.25346],[127.56837,37.25352],[127.56825,37.25369],[127.56808,37.25409],[127.56795,37.25429],[127.56782,37.25444],[127.56761,37.25464],[127.56748,37.25475],[127.56745,37.25477],[127.5672,37.25494],[127.5671,37.25498],[127.56708,37.25499],[127.567,37.25503],[127.56674,37.25508],[127.56633,37.25516],[127.56452,37.25546],[127.5581,37.25472],[127.55775,37.25458],[127.55743,37.25445],[127.55679,37.25369],[127.55641,37.2532],[127.55642,37.253],[127.55699,37.25248],[127.55709,37.2524],[127.558,37.25061],[127.55785,37.24941],[127.55526,37.25165],[127.55312,37.25344],[127.55302,37.25353],[127.55288,37.25395],[127.55281,37.25417],[127.55139,37.2601],[127.55129,37.2623],[127.55123,37.26387],[127.55125,37.264],[127.55126,37.2641],[127.55153,37.26441],[127.55162,37.26451],[127.55172,37.26462],[127.55176,37.26474],[127.55178,37.26479],[127.55178,37.26489],[127.55174,37.26498],[127.5517,37.26503],[127.55155,37.26507],[127.55115,37.26506],[127.55102,37.26505],[127.55098,37.26504],[127.5507,37.2649],[127.54953,37.26402],[127.54866,37.26292],[127.54857,37.26272],[127.54848,37.26252],[127.5483,37.26187],[127.54835,37.26122],[127.54834,37.25992],[127.54828,37.25853],[127.54683,37.254],[127.54639,37.25312],[127.54629,37.25299],[127.54329,37.24979],[127.53927,37.24762],[127.53737,37.24663],[127.53728,37.24842],[127.53707,37.25161],[127.53629,37.25325],[127.53602,37.25347],[127.53591,37.25356],[127.53318,37.2562],[127.53293,37.25668],[127.53274,37.2573],[127.53257,37.25787],[127.53246,37.25838],[127.53242,37.25905],[127.53238,37.25967],[127.53236,37.26066],[127.53151,37.26338],[127.53097,37.2648],[127.53027,37.26662],[127.53012,37.26699],[127.53005,37.2672],[127.52996,37.26747],[127.52988,37.26795],[127.52928,37.27173],[127.52919,37.27352],[127.53067,37.27924],[127.53121,37.28076],[127.53438,37.28928],[127.53457,37.28952],[127.53472,37.2895],[127.5353,37.28944],[127.53552,37.28936],[127.53681,37.2897],[127.53854,37.29139],[127.5417,37.29395],[127.54273,37.29475],[127.54372,37.29591],[127.54398,37.29619],[127.54421,37.29637],[127.54436,37.29646],[127.54445,37.29651],[127.54479,37.29664],[127.54533,37.29676],[127.54627,37.29696],[127.54684,37.29704],[127.54881,37.29714],[127.55882,37.29927],[127.56164,37.30022],[127.56474,37.30213],[127.56579,37.30286],[127.56607,37.30324],[127.56704,37.30522],[127.56717,37.3058],[127.56716,37.30622],[127.56707,37.30646],[127.56706,37.30649],[127.56692,37.30683],[127.56688,37.30715],[127.56813,37.31123],[127.56821,37.3114],[127.5684,37.31177],[127.57072,37.31587],[127.5719,37.31894],[127.57398,37.32232],[127.57435,37.32283],[127.57441,37.32291],[127.5747,37.32426],[127.5748,37.3247],[127.57494,37.32667],[127.57498,37.32733],[127.57469,37.33102],[127.57455,37.33159],[127.57431,37.33182],[127.574,37.33187],[127.57362,37.33188],[127.57312,37.33196],[127.57212,37.33248],[127.57193,37.33279],[127.57185,37.33316],[127.5719,37.33417],[127.57207,37.33481],[127.57209,37.33485],[127.57234,37.33537],[127.57258,37.3383],[127.5721,37.34347],[127.5709,37.34599],[127.56957,37.34877],[127.56786,37.353],[127.56778,37.35381],[127.56764,37.35429],[127.56753,37.35466],[127.5673,37.35522],[127.56705,37.35557],[127.56397,37.35889],[127.56259,37.36149],[127.56692,37.35994],[127.57237,37.35809],[127.57298,37.35788],[127.57382,37.35759],[127.57684,37.35595],[127.57731,37.3557],[127.5777,37.35549],[127.58221,37.35328],[127.58379,37.35271],[127.58928,37.34974],[127.59066,37.34894],[127.59104,37.34872],[127.59124,37.3486],[127.59474,37.347],[127.59793,37.34611],[127.59892,37.34594],[127.60004,37.34601],[127.60025,37.34604],[127.60054,37.34609],[127.6011,37.34605],[127.60318,37.34545],[127.60427,37.34489],[127.60474,37.34448],[127.60735,37.33969],[127.60757,37.33912],[127.60756,37.33878],[127.60626,37.33469],[127.60584,37.33343],[127.60563,37.32916],[127.60577,37.32863],[127.60592,37.32807],[127.60905,37.32554],[127.60922,37.32548],[127.6112,37.32479],[127.61996,37.31979]]]]}},{"type":"Feature","properties":{"code":"41670320","name":"흥천면","parent":"41670"},"geometry":{"type":"MultiPolygon","coordinates":[[[[127.56259,37.36149],[127.56397,37.35889],[127.56705,37.35557],[127.5673,37.35522],[127.56753,37.35466],[127.56764,37.35429],[127.56778,37.35381],[127.56786,37.353],[127.56957,37.34877],[127.5709,37.34599],[127.5721,37.34347],[127.57258,37.3383],[127.57234,37.33537],[127.57209,37.33485],[127.57207,37.33481],[127.5719,37.33417],[127.57185,37.33316],[127.57193,37.33279],[127.57212,37.33248],[127.57312,37.33196],[127.57362,37.33188],[127.574,37.33187],[127.57431,37.33182],[127.57455,37.33159],[127.57469,37.33102],[127.57498,37.32733],[127.57494,37.32667],[127.5748,37.3247],[127.5747,37.32426],[127.57441,37.32291],[127.57435,37.32283],[127.57398,37.32232],[127.5719,37.31894],[127.57072,37.31587],[127.5684,37.31177],[127.56821,37.3114],[127.56813,37.31123],[127.56688,37.30715],[127.56692,37.30683],[127.56706,37.30649],[127.56707,37.30646],[127.56716,37.30622],[127.56717,37.3058],[127.56704,37.30522],[127.56607,37.30324],[127.56579,37.30286],[127.56474,37.30213],[127.56164,37.30022],[127.55882,37.29927],[127.54881,37.29714],[127.54684,37.29704],[127.54627,37.29696],[127.54533,37.29676],[127.54479,37.29664],[127.54445,37.29651],[127.54436,37.29646],[127.54421,37.29637],[127.54398,37.29619],[127.54372,37.29591],[127.54273,37.29475],[127.5428,37.29532],[127.54305,37.29644],[127.54485,37.2993],[127.54639,37.30143],[127.54644,37.30181],[127.54636,37.30994],[127.54634,37.31003],[127.54607,37.31092],[127.54518,37.31179],[127.54472,37.31224],[127.54261,37.31306],[127.54181,37.31316],[127.53835,37.31352],[127.5373,37.3136],[127.53673,37.31359],[127.53629,37.31349],[127.53608,37.31345],[127.53556,37.31353],[127.53387,37.314],[127.53359,37.31408],[127.5288,37.3162],[127.52876,37.31626],[127.52876,37.31639],[127.52905,37.31707],[127.5297,37.31955],[127.5297,37.31981],[127.52965,37.32018],[127.52954,37.32047],[127.52947,37.32057],[127.52938,37.32072],[127.52912,37.32106],[127.52895,37.32124],[127.52856,37.32148],[127.52839,37.32156],[127.52813,37.32166],[127.52762,37.32178],[127.52717,37.32192],[127.52697,37.32204],[127.52676,37.32218],[127.5266,37.32236],[127.52654,37.32247],[127.52655,37.3225],[127.52656,37.32256],[127.5266,37.32267],[127.52663,37.32273],[127.52688,37.32317],[127.52696,37.32331],[127.52719,37.32365],[127.5278,37.32455],[127.52808,37.32496],[127.52818,37.32505],[127.52838,37.32525],[127.52855,37.32539],[127.52878,37.32557],[127.5288,37.32559],[127.52889,37.32569],[127.52915,37.32609],[127.52926,37.32627],[127.52927,37.32636],[127.52927,37.32646],[127.5292,37.32659],[127.52919,37.32661],[127.52716,37.32934],[127.52694,37.32953],[127.52675,37.32963],[127.52668,37.32966],[127.52637,37.32976],[127.52601,37.32982],[127.52563,37.32983],[127.5243,37.32979],[127.52285,37.32972],[127.5221,37.32966],[127.522,37.32966],[127.5218,37.32966],[127.52151,37.32969],[127.52143,37.32972],[127.52133,37.32975],[127.52108,37.32986],[127.52085,37.33001],[127.52071,37.33012],[127.52054,37.33026],[127.5203,37.33051],[127.52009,37.33074],[127.5169,37.3345],[127.51675,37.33472],[127.51662,37.33497],[127.51616,37.33608],[127.51584,37.3369],[127.51563,37.33744],[127.51557,37.33756],[127.51548,37.33767],[127.5147,37.33852],[127.5143,37.33889],[127.51408,37.33908],[127.51376,37.33931],[127.51367,37.33935],[127.5136,37.33939],[127.51271,37.33967],[127.51258,37.33969],[127.51031,37.33958],[127.51024,37.33956],[127.51014,37.33951],[127.5101,37.33948],[127.51003,37.33943],[127.50933,37.33892],[127.50861,37.33839],[127.5085,37.33833],[127.50838,37.33828],[127.50825,37.33824],[127.50811,37.33822],[127.50797,37.33819],[127.50406,37.33793],[127.5026,37.33788],[127.50252,37.33788],[127.50244,37.33788],[127.50225,37.3379],[127.50218,37.3379],[127.50209,37.33791],[127.50197,37.33794],[127.50184,37.33799],[127.50169,37.33804],[127.50156,37.33813],[127.50138,37.33826],[127.50129,37.33833],[127.5002,37.33933],[127.49979,37.33973],[127.49504,37.34097],[127.49482,37.34095],[127.49467,37.34094],[127.49453,37.34095],[127.49438,37.34096],[127.49411,37.341],[127.4939,37.34105],[127.48969,37.3423],[127.48952,37.34236],[127.48951,37.3424],[127.48855,37.3445],[127.48853,37.34456],[127.48851,37.34461],[127.48795,37.3462],[127.48776,37.34688],[127.48756,37.34769],[127.48754,37.34776],[127.48752,37.34786],[127.48754,37.3481],[127.48755,37.34825],[127.48753,37.34836],[127.48731,37.34892],[127.48724,37.34905],[127.48526,37.35028],[127.48387,37.35057],[127.48111,37.35292],[127.47835,37.35576],[127.47827,37.35583],[127.47818,37.35592],[127.47705,37.35677],[127.47691,37.35687],[127.47669,37.35693],[127.47656,37.35694],[127.4764,37.35691],[127.47627,37.35688],[127.47614,37.35685],[127.47604,37.35683],[127.47577,37.35684],[127.47542,37.35702],[127.47517,37.35718],[127.47491,37.35737],[127.47393,37.35827],[127.47049,37.36152],[127.47086,37.36196],[127.47205,37.36393],[127.47226,37.36527],[127.47235,37.36546],[127.47239,37.36555],[127.47343,37.36656],[127.47482,37.3675],[127.47608,37.36838],[127.47614,37.36844],[127.47629,37.36856],[127.47633,37.36864],[127.47662,37.36919],[127.47681,37.37022],[127.47709,37.37093],[127.47719,37.3711],[127.47725,37.3712],[127.47737,37.37128],[127.47741,37.37128],[127.47749,37.37127],[127.47787,37.37107],[127.48021,37.36906],[127.48032,37.36895],[127.48079,37.36841],[127.48084,37.36829],[127.48086,37.36812],[127.48089,37.36794],[127.48098,37.36779],[127.48113,37.36764],[127.48126,37.36752],[127.48132,37.36749],[127.48136,37.36748],[127.48146,37.36747],[127.48577,37.36785],[127.48593,37.36793],[127.48637,37.36822],[127.48651,37.36832],[127.48654,37.36835],[127.48662,37.36846],[127.48664,37.3685],[127.48677,37.36865],[127.48694,37.36873],[127.48778,37.36894],[127.48797,37.36898],[127.48856,37.369],[127.48877,37.36899],[127.48894,37.36896],[127.49173,37.36842],[127.49192,37.36833],[127.493,37.3678],[127.49358,37.36748],[127.4941,37.36715],[127.49422,37.36707],[127.4947,37.36677],[127.49622,37.36713],[127.49693,37.36755],[127.49713,37.3677],[127.49822,37.36831],[127.49837,37.36836],[127.49863,37.36835],[127.49998,37.36789],[127.50046,37.36758],[127.50116,37.36722],[127.50286,37.367],[127.50296,37.36699],[127.50304,37.36699],[127.50756,37.36757],[127.50763,37.36759],[127.5083,37.36794],[127.51091,37.3698],[127.51099,37.36988],[127.51103,37.36994],[127.51248,37.37271],[127.51253,37.37281],[127.51355,37.37521],[127.51368,37.37621],[127.51366,37.37629],[127.51367,37.37631],[127.51368,37.37641],[127.51495,37.37831],[127.51524,37.37873],[127.51637,37.37919],[127.51686,37.37931],[127.51797,37.37936],[127.51799,37.37932],[127.51808,37.3792],[127.51831,37.37908],[127.51837,37.37905],[127.51862,37.37903],[127.52013,37.37903],[127.52068,37.37906],[127.52083,37.37908],[127.52127,37.37913],[127.52542,37.37986],[127.52578,37.38005],[127.52777,37.38194],[127.5279,37.38214],[127.52807,37.38241],[127.52822,37.38272],[127.52828,37.38285],[127.52848,37.38314],[127.52858,37.38329],[127.52869,37.38334],[127.52902,37.38338],[127.52908,37.38339],[127.52977,37.38343],[127.53002,37.38343],[127.53013,37.38341],[127.53034,37.3833],[127.53058,37.38307],[127.53228,37.38212],[127.5344,37.38266],[127.53444,37.38268],[127.53462,37.38279],[127.53473,37.38294],[127.5348,37.38303],[127.53525,37.38366],[127.53525,37.38378],[127.53524,37.38388],[127.5351,37.38411],[127.535,37.38421],[127.53484,37.3843],[127.53466,37.38432],[127.53443,37.38437],[127.5343,37.38443],[127.53419,37.38459],[127.53276,37.38864],[127.53273,37.3888],[127.53274,37.38891],[127.53313,37.38972],[127.53315,37.38975],[127.53325,37.38988],[127.53347,37.38996],[127.53627,37.39078],[127.53909,37.39143],[127.53963,37.38994],[127.54145,37.38704],[127.54321,37.3837],[127.54346,37.38321],[127.54383,37.38059],[127.54474,37.37402],[127.54485,37.37201],[127.54473,37.37179],[127.54453,37.37145],[127.54341,37.37086],[127.54337,37.37084],[127.54203,37.36994],[127.54196,37.36977],[127.54183,37.36943],[127.54189,37.36831],[127.54227,37.36785],[127.54361,37.36754],[127.5489,37.36634],[127.55221,37.36592],[127.55591,37.36478],[127.55713,37.36391],[127.55812,37.36319],[127.55877,37.36273],[127.56259,37.36149]]]]}},{"type":"Feature","properties":{"code":"41670330","name":"금사면","parent":"41670"},"geometry":{"type":"MultiPolygon","coordinates":[[[[127.53696,37.41131],[127.53655,37.41099],[127.53575,37.41036],[127.53602,37.40897],[127.53754,37.40719],[127.53888,37.40572],[127.53898,37.4056],[127.53925,37.40485],[127.53938,37.4045],[127.53942,37.40353],[127.53928,37.40153],[127.53921,37.40046],[127.53896,37.39516],[127.53896,37.39484],[127.53893,37.39199],[127.53909,37.39143],[127.53627,37.39078],[127.53347,37.38996],[127.53325,37.38988],[127.53315,37.38975],[127.53313,37.38972],[127.53274,37.38891],[127.53273,37.3888],[127.53276,37.38864],[127.53419,37.38459],[127.5343,37.38443],[127.53443,37.38437],[127.53466,37.38432],[127.53484,37.3843],[127.535,37.38421],[127.5351,37.38411],[127.53524,37.38388],[127.53525,37.38378],[127.53525,37.38366],[127.5348,37.38303],[127.53473,37.38294],[127.53462,37.38279],[127.53444,37.38268],[127.5344,37.38266],[127.53228,37.38212],[127.53058,37.38307],[127.53034,37.3833],[127.53013,37.38341],[127.53002,37.38343],[127.52977,37.38343],[127.52908,37.38339],[127.52902,37.38338],[127.52869,37.38334],[127.52858,37.38329],[127.52848,37.38314],[127.52828,37.38285],[127.52822,37.38272],[127.52807,37.38241],[127.5279,37.38214],[127.52777,37.38194],[127.52578,37.38005],[127.52542,37.37986],[127.52127,37.37913],[127.52083,37.37908],[127.52068,37.37906],[127.52013,37.37903],[127.51862,37.37903],[127.51837,37.37905],[127.51831,37.37908],[127.51808,37.3792],[127.51799,37.37932],[127.51797,37.37936],[127.51686,37.37931],[127.51637,37.37919],[127.51524,37.37873],[127.51495,37.37831],[127.51368,37.37641],[127.51367,37.37631],[127.51366,37.37629],[127.51368,37.37621],[127.51355,37.37521],[127.51253,37.37281],[127.51248,37.37271],[127.51103,37.36994],[127.51099,37.36988],[127.51091,37.3698],[127.5083,37.36794],[127.50763,37.36759],[127.50756,37.36757],[127.50304,37.36699],[127.50296,37.36699],[127.50286,37.367],[127.50116,37.36722],[127.50046,37.36758],[127.49998,37.36789],[127.49863,37.36835],[127.49837,37.36836],[127.49822,37.36831],[127.49713,37.3677],[127.49693,37.36755],[127.49622,37.36713],[127.4947,37.36677],[127.49422,37.36707],[127.4941,37.36715],[127.49358,37.36748],[127.493,37.3678],[127.49192,37.36833],[127.49173,37.36842],[127.48894,37.36896],[127.48877,37.36899],[127.48856,37.369],[127.48797,37.36898],[127.48778,37.36894],[127.48694,37.36873],[127.48677,37.36865],[127.48664,37.3685],[127.48662,37.36846],[127.48654,37.36835],[127.48651,37.36832],[127.48637,37.36822],[127.48593,37.36793],[127.48577,37.36785],[127.48146,37.36747],[127.48136,37.36748],[127.48132,37.36749],[127.48126,37.36752],[127.48113,37.36764],[127.48098,37.36779],[127.48089,37.36794],[127.48086,37.36812],[127.48084,37.36829],[127.48079,37.36841],[127.48032,37.36895],[127.48021,37.36906],[127.47787,37.37107],[127.47749,37.37127],[127.47741,37.37128],[127.47737,37.37128],[127.47725,37.3712],[127.47719,37.3711],[127.47709,37.37093],[127.47681,37.37022],[127.47662,37.36919],[127.47633,37.36864],[127.47629,37.36856],[127.47614,37.36844],[127.47608,37.36838],[127.47482,37.3675],[127.47343,37.36656],[127.47239,37.36555],[127.47235,37.36546],[127.47226,37.36527],[127.47205,37.36393],[127.47086,37.36196],[127.47049,37.36152],[127.46901,37.36102],[127.46654,37.35928],[127.46558,37.35875],[127.46513,37.35854],[127.46468,37.35836],[127.46405,37.35816],[127.46401,37.35816],[127.46384,37.35815],[127.46377,37.35814],[127.46332,37.35842],[127.46298,37.35864],[127.46276,37.35874],[127.46267,37.35876],[127.46252,37.35879],[127.46223,37.35875],[127.46191,37.35867],[127.46022,37.3582],[127.45628,37.35606],[127.4561,37.35595],[127.45543,37.35532],[127.45517,37.35483],[127.45487,37.35416],[127.4548,37.35412],[127.45081,37.35251],[127.45045,37.35243],[127.44988,37.35232],[127.44913,37.35219],[127.44899,37.35217],[127.44884,37.35219],[127.44866,37.35247],[127.44746,37.35383],[127.44385,37.35769],[127.4436,37.3579],[127.44294,37.35823],[127.44246,37.35844],[127.44336,37.35927],[127.44475,37.36035],[127.44584,37.36072],[127.44588,37.36075],[127.44597,37.36082],[127.44603,37.36091],[127.44596,37.36273],[127.44592,37.36342],[127.44689,37.36391],[127.45035,37.36567],[127.45091,37.36601],[127.45456,37.36843],[127.45469,37.36853],[127.45729,37.3706],[127.45744,37.37084],[127.45821,37.37287],[127.45821,37.37303],[127.45776,37.37426],[127.46087,37.37811],[127.45999,37.38084],[127.46,37.38101],[127.46019,37.38236],[127.46022,37.38252],[127.4603,37.38267],[127.46131,37.38449],[127.46163,37.38481],[127.46198,37.385],[127.46316,37.38555],[127.46531,37.38724],[127.46453,37.38812],[127.46443,37.38828],[127.46431,37.38858],[127.46413,37.3895],[127.46378,37.39191],[127.46378,37.39198],[127.46379,37.39201],[127.46384,37.3921],[127.46638,37.39598],[127.46988,37.39851],[127.46741,37.40414],[127.46601,37.40631],[127.46577,37.40671],[127.4657,37.40686],[127.46568,37.40691],[127.46499,37.40898],[127.46681,37.41035],[127.47107,37.41209],[127.4712,37.41214],[127.47132,37.41214],[127.47236,37.41217],[127.47253,37.41216],[127.47285,37.41216],[127.47424,37.41227],[127.47634,37.41246],[127.47644,37.41248],[127.47661,37.41252],[127.47672,37.41257],[127.47758,37.41306],[127.47774,37.41316],[127.47906,37.4141],[127.47913,37.41418],[127.47918,37.41425],[127.47993,37.4156],[127.48059,37.41696],[127.48301,37.41968],[127.4836,37.42033],[127.48369,37.4204],[127.48372,37.42043],[127.48391,37.42055],[127.4841,37.42067],[127.48419,37.42071],[127.48428,37.42076],[127.48439,37.42085],[127.48448,37.42093],[127.48452,37.42097],[127.48454,37.42102],[127.48456,37.42111],[127.48457,37.42123],[127.48458,37.42126],[127.48461,37.42129],[127.48466,37.42133],[127.48478,37.4214],[127.48509,37.42155],[127.48531,37.42166],[127.48547,37.42176],[127.48604,37.42211],[127.48615,37.42219],[127.48627,37.42235],[127.48631,37.42244],[127.48639,37.42259],[127.48646,37.42272],[127.48665,37.42303],[127.4867,37.42311],[127.4868,37.4232],[127.48689,37.42324],[127.48692,37.42326],[127.48736,37.42342],[127.48746,37.42345],[127.48864,37.42387],[127.49008,37.42407],[127.49489,37.42472],[127.49649,37.42493],[127.49683,37.4251],[127.49694,37.42517],[127.49716,37.42541],[127.49723,37.42551],[127.49725,37.42557],[127.49729,37.42566],[127.49728,37.42572],[127.49728,37.42577],[127.49726,37.42586],[127.49724,37.4259],[127.4972,37.426],[127.49665,37.42733],[127.49664,37.42741],[127.49673,37.42758],[127.49772,37.42916],[127.49994,37.43238],[127.49996,37.4324],[127.49998,37.43243],[127.50019,37.43269],[127.50117,37.43375],[127.50195,37.43452],[127.50245,37.4348],[127.50375,37.43581],[127.5041,37.43613],[127.50552,37.43762],[127.50554,37.43778],[127.50555,37.43812],[127.50801,37.43981],[127.50981,37.43896],[127.51019,37.43879],[127.51037,37.43871],[127.51049,37.43869],[127.51207,37.43834],[127.51482,37.43801],[127.51536,37.43789],[127.51643,37.43765],[127.51873,37.43674],[127.51907,37.43661],[127.52102,37.43576],[127.52286,37.43474],[127.5239,37.43385],[127.52438,37.43344],[127.52498,37.43293],[127.52674,37.43119],[127.52773,37.43006],[127.52789,37.42987],[127.52815,37.42952],[127.52882,37.42863],[127.52952,37.42751],[127.52958,37.42741],[127.5305,37.42592],[127.53152,37.42427],[127.53444,37.41932],[127.5354,37.4171],[127.5356,37.41636],[127.53572,37.4159],[127.53577,37.41569],[127.53633,37.41344],[127.53672,37.41213],[127.53696,37.41131]]]]}},{"type":"Feature","properties":{"code":"41670380","name":"산북면","parent":"41670"},"geometry":{"type":"MultiPolygon","coordinates":[[[[127.42645,37.43774],[127.42748,37.43703],[127.42761,37.43698],[127.42862,37.43666],[127.42889,37.43663],[127.429,37.43661],[127.4292,37.43663],[127.42956,37.43676],[127.42974,37.43683],[127.43007,37.43688],[127.43047,37.43689],[127.43069,37.43685],[127.43162,37.4366],[127.43204,37.43647],[127.43244,37.43634],[127.43264,37.43627],[127.43269,37.43625],[127.43289,37.43617],[127.43311,37.43604],[127.43422,37.43527],[127.43876,37.43433],[127.4417,37.43427],[127.44222,37.43419],[127.4426,37.43408],[127.44562,37.43302],[127.4499,37.43132],[127.45108,37.43067],[127.45416,37.42903],[127.45427,37.42898],[127.45431,37.42895],[127.45548,37.42855],[127.46011,37.42726],[127.46289,37.42673],[127.46371,37.4266],[127.46409,37.42673],[127.46418,37.42676],[127.46447,37.42683],[127.4652,37.42685],[127.46816,37.4262],[127.47093,37.42537],[127.47171,37.42497],[127.47258,37.42372],[127.47304,37.42299],[127.473,37.42282],[127.47287,37.42278],[127.4723,37.42261],[127.47307,37.42247],[127.47431,37.42233],[127.47924,37.42351],[127.47965,37.42366],[127.47991,37.42396],[127.48084,37.4252],[127.48093,37.42535],[127.48144,37.42639],[127.48158,37.4267],[127.48169,37.4271],[127.4816,37.42755],[127.48173,37.42781],[127.48233,37.42881],[127.48243,37.42897],[127.48474,37.43183],[127.48523,37.43223],[127.48645,37.43284],[127.48836,37.43365],[127.48854,37.43368],[127.48919,37.43381],[127.48975,37.43377],[127.49069,37.43365],[127.49104,37.43359],[127.49137,37.4333],[127.49177,37.43317],[127.49374,37.43281],[127.49425,37.43276],[127.49445,37.43274],[127.49628,37.43277],[127.4971,37.43289],[127.49811,37.43313],[127.49821,37.43318],[127.49838,37.43326],[127.50393,37.43692],[127.50555,37.43812],[127.50554,37.43778],[127.50552,37.43762],[127.5041,37.43613],[127.50375,37.43581],[127.50245,37.4348],[127.50195,37.43452],[127.50117,37.43375],[127.50019,37.43269],[127.49998,37.43243],[127.49996,37.4324],[127.49994,37.43238],[127.49772,37.42916],[127.49673,37.42758],[127.49664,37.42741],[127.49665,37.42733],[127.4972,37.426],[127.49724,37.4259],[127.49726,37.42586],[127.49728,37.42577],[127.49728,37.42572],[127.49729,37.42566],[127.49725,37.42557],[127.49723,37.42551],[127.49716,37.42541],[127.49694,37.42517],[127.49683,37.4251],[127.49649,37.42493],[127.49489,37.42472],[127.49008,37.42407],[127.48864,37.42387],[127.48746,37.42345],[127.48736,37.42342],[127.48692,37.42326],[127.48689,37.42324],[127.4868,37.4232],[127.4867,37.42311],[127.48665,37.42303],[127.48646,37.42272],[127.48639,37.42259],[127.48631,37.42244],[127.48627,37.42235],[127.48615,37.42219],[127.48604,37.42211],[127.48547,37.42176],[127.48531,37.42166],[127.48509,37.42155],[127.48478,37.4214],[127.48466,37.42133],[127.48461,37.42129],[127.48458,37.42126],[127.48457,37.42123],[127.48456,37.42111],[127.48454,37.42102],[127.48452,37.42097],[127.48448,37.42093],[127.48439,37.42085],[127.48428,37.42076],[127.48419,37.42071],[127.4841,37.42067],[127.48391,37.42055],[127.48372,37.42043],[127.48369,37.4204],[127.4836,37.42033],[127.48301,37.41968],[127.48059,37.41696],[127.47993,37.4156],[127.47918,37.41425],[127.47913,37.41418],[127.47906,37.4141],[127.47774,37.41316],[127.47758,37.41306],[127.47672,37.41257],[127.47661,37.41252],[127.47644,37.41248],[127.47634,37.41246],[127.47424,37.41227],[127.47285,37.41216],[127.47253,37.41216],[127.47236,37.41217],[127.47132,37.41214],[127.4712,37.41214],[127.47107,37.41209],[127.46681,37.41035],[127.46499,37.40898],[127.46568,37.40691],[127.4657,37.40686],[127.46577,37.40671],[127.46601,37.40631],[127.46741,37.40414],[127.46988,37.39851],[127.46638,37.39598],[127.46384,37.3921],[127.46379,37.39201],[127.46378,37.39198],[127.46378,37.39191],[127.46413,37.3895],[127.46431,37.38858],[127.46443,37.38828],[127.46453,37.38812],[127.46531,37.38724],[127.46316,37.38555],[127.46198,37.385],[127.46163,37.38481],[127.46131,37.38449],[127.4603,37.38267],[127.46022,37.38252],[127.46019,37.38236],[127.46,37.38101],[127.45999,37.38084],[127.46087,37.37811],[127.45776,37.37426],[127.45821,37.37303],[127.45821,37.37287],[127.45744,37.37084],[127.45729,37.3706],[127.45469,37.36853],[127.45456,37.36843],[127.45091,37.36601],[127.45035,37.36567],[127.44689,37.36391],[127.44592,37.36342],[127.44551,37.36484],[127.44439,37.36794],[127.44391,37.36908],[127.44376,37.36979],[127.44367,37.37613],[127.44369,37.3763],[127.44412,37.37811],[127.44528,37.38133],[127.44453,37.38541],[127.44448,37.38552],[127.4436,37.3865],[127.44301,37.3871],[127.44272,37.38725],[127.4425,37.38738],[127.44014,37.38708],[127.43879,37.38684],[127.43682,37.38643],[127.43543,37.38642],[127.43528,37.38644],[127.4351,37.38649],[127.43244,37.38728],[127.42974,37.38803],[127.42939,37.38795],[127.42889,37.38752],[127.42689,37.38645],[127.42516,37.38577],[127.42456,37.38575],[127.42439,37.38576],[127.42244,37.38581],[127.42157,37.38592],[127.42028,37.38661],[127.41742,37.38949],[127.41496,37.39361],[127.41486,37.39379],[127.41479,37.39393],[127.41281,37.3982],[127.41272,37.3984],[127.41244,37.39933],[127.41235,37.40042],[127.41232,37.40077],[127.4126,37.40213],[127.4129,37.40274],[127.4129,37.40286],[127.41283,37.40319],[127.41217,37.40471],[127.41197,37.40517],[127.41074,37.40666],[127.40964,37.40776],[127.40953,37.40782],[127.40942,37.40785],[127.40932,37.40787],[127.40855,37.40811],[127.40636,37.40895],[127.4057,37.40926],[127.40406,37.41008],[127.40343,37.41055],[127.40018,37.41311],[127.39882,37.41455],[127.39831,37.41533],[127.39823,37.41569],[127.39821,37.41575],[127.39998,37.41713],[127.40054,37.4178],[127.40084,37.41822],[127.40098,37.4185],[127.40104,37.41871],[127.40105,37.41882],[127.40105,37.41892],[127.40103,37.41904],[127.40063,37.42138],[127.4007,37.42137],[127.40113,37.42141],[127.40158,37.42169],[127.40192,37.42218],[127.40202,37.4224],[127.40219,37.42276],[127.40219,37.4232],[127.40219,37.42329],[127.40219,37.42357],[127.40259,37.42453],[127.4043,37.42663],[127.40557,37.42817],[127.40738,37.43009],[127.40856,37.43083],[127.40977,37.43131],[127.40987,37.43133],[127.41082,37.43155],[127.4117,37.43169],[127.41242,37.43166],[127.41304,37.43164],[127.41462,37.43217],[127.41808,37.43538],[127.41957,37.43701],[127.42024,37.43765],[127.42266,37.43941],[127.42287,37.43951],[127.42324,37.43935],[127.42426,37.43887],[127.42645,37.43774]]]]}},{"type":"Feature","properties":{"code":"41670350","name":"대신면","parent":"41670"},"geometry":{"type":"MultiPolygon","coordinates":[[[[127.64624,37.40461],[127.64633,37.40272],[127.64597,37.39959],[127.64584,37.39553],[127.64584,37.3954],[127.64585,37.39529],[127.64819,37.38912],[127.64847,37.38878],[127.64874,37.38867],[127.6498,37.38843],[127.6499,37.38843],[127.64997,37.38843],[127.65049,37.38864],[127.65156,37.38891],[127.65166,37.38892],[127.65179,37.38887],[127.6528,37.38797],[127.65311,37.38644],[127.65304,37.38617],[127.65309,37.38591],[127.65329,37.38554],[127.6541,37.38447],[127.65469,37.38403],[127.65623,37.38341],[127.65678,37.38324],[127.65713,37.3805],[127.6571,37.38007],[127.65702,37.37973],[127.65693,37.37935],[127.65672,37.37895],[127.65666,37.37884],[127.65517,37.37675],[127.65379,37.37211],[127.65264,37.36999],[127.65337,37.3624],[127.65367,37.36141],[127.6543,37.36035],[127.65558,37.35874],[127.65588,37.35838],[127.65916,37.35515],[127.66032,37.35418],[127.66241,37.35309],[127.6635,37.35285],[127.66379,37.3523],[127.66388,37.3516],[127.66384,37.3513],[127.66378,37.35077],[127.66368,37.3502],[127.66366,37.35008],[127.66344,37.34985],[127.66164,37.34779],[127.66145,37.34676],[127.65936,37.34664],[127.6573,37.34732],[127.65534,37.34814],[127.65287,37.34601],[127.65203,37.34348],[127.65184,37.34316],[127.6518,37.34309],[127.64875,37.3413],[127.64843,37.34128],[127.64837,37.3413],[127.64827,37.34134],[127.64792,37.34144],[127.64773,37.34144],[127.64745,37.3413],[127.64742,37.34128],[127.64719,37.34113],[127.64685,37.34073],[127.64668,37.34053],[127.64588,37.33944],[127.64568,37.33886],[127.64554,37.33844],[127.64551,37.33769],[127.64534,37.33742],[127.64495,37.33714],[127.64353,37.33646],[127.64335,37.33643],[127.64283,37.33638],[127.64271,37.33638],[127.64055,37.33683],[127.64002,37.33696],[127.63944,37.33726],[127.63893,37.33735],[127.63847,37.33736],[127.6383,37.33723],[127.63491,37.33427],[127.63327,37.33229],[127.63072,37.32822],[127.62904,37.32479],[127.62895,37.32465],[127.62844,37.32394],[127.62809,37.32361],[127.62789,37.32343],[127.62745,37.32332],[127.6266,37.32326],[127.6259,37.32327],[127.62516,37.32328],[127.62451,37.32323],[127.62344,37.32315],[127.62284,37.32304],[127.62223,37.32282],[127.62185,37.32239],[127.62176,37.3223],[127.62172,37.32211],[127.62161,37.32159],[127.61996,37.31979],[127.6112,37.32479],[127.60922,37.32548],[127.60905,37.32554],[127.60592,37.32807],[127.60577,37.32863],[127.60563,37.32916],[127.60584,37.33343],[127.60626,37.33469],[127.60756,37.33878],[127.60757,37.33912],[127.60735,37.33969],[127.60474,37.34448],[127.60427,37.34489],[127.60318,37.34545],[127.6011,37.34605],[127.60054,37.34609],[127.60025,37.34604],[127.60004,37.34601],[127.59892,37.34594],[127.59793,37.34611],[127.59474,37.347],[127.59124,37.3486],[127.59104,37.34872],[127.59066,37.34894],[127.58928,37.34974],[127.58379,37.35271],[127.58221,37.35328],[127.5777,37.35549],[127.57731,37.3557],[127.57684,37.35595],[127.57382,37.35759],[127.57298,37.35788],[127.57237,37.35809],[127.56692,37.35994],[127.56259,37.36149],[127.55877,37.36273],[127.55812,37.36319],[127.55713,37.36391],[127.55591,37.36478],[127.55221,37.36592],[127.5489,37.36634],[127.54361,37.36754],[127.54227,37.36785],[127.54189,37.36831],[127.54183,37.36943],[127.54196,37.36977],[127.54203,37.36994],[127.54337,37.37084],[127.54341,37.37086],[127.54453,37.37145],[127.54473,37.37179],[127.54485,37.37201],[127.54474,37.37402],[127.54383,37.38059],[127.54346,37.38321],[127.54321,37.3837],[127.54145,37.38704],[127.53963,37.38994],[127.53909,37.39143],[127.53893,37.39199],[127.53896,37.39484],[127.53896,37.39516],[127.53921,37.40046],[127.53928,37.40153],[127.53942,37.40353],[127.53938,37.4045],[127.53925,37.40485],[127.53898,37.4056],[127.53888,37.40572],[127.53754,37.40719],[127.53602,37.40897],[127.53575,37.41036],[127.53655,37.41099],[127.53696,37.41131],[127.53853,37.41159],[127.53933,37.41173],[127.53955,37.41174],[127.5397,37.41174],[127.54017,37.41166],[127.54067,37.41153],[127.54241,37.41103],[127.54395,37.41002],[127.54662,37.40988],[127.54737,37.40987],[127.54748,37.40988],[127.5481,37.40997],[127.54917,37.41025],[127.5497,37.41051],[127.55022,37.41089],[127.55075,37.4114],[127.55103,37.41185],[127.55122,37.41228],[127.55123,37.41239],[127.5511,37.41267],[127.55107,37.41274],[127.55117,37.41367],[127.55145,37.41413],[127.55416,37.41728],[127.55491,37.41747],[127.55613,37.41776],[127.55656,37.41776],[127.55714,37.41777],[127.55854,37.41769],[127.56004,37.41753],[127.5625,37.41625],[127.56272,37.41602],[127.56362,37.41504],[127.56629,37.41382],[127.57116,37.41291],[127.57175,37.41164],[127.57679,37.41434],[127.57963,37.41593],[127.58186,37.41687],[127.58193,37.41688],[127.58302,37.41697],[127.5832,37.41696],[127.58377,37.41609],[127.58392,37.41512],[127.58396,37.41488],[127.58419,37.41424],[127.58446,37.41399],[127.58544,37.4141],[127.58556,37.41412],[127.58649,37.41463],[127.58811,37.41656],[127.5884,37.41701],[127.58851,37.41732],[127.58829,37.41861],[127.58768,37.41959],[127.58748,37.41985],[127.59035,37.42212],[127.59042,37.42225],[127.59056,37.42279],[127.59123,37.42196],[127.59271,37.42058],[127.59354,37.4198],[127.59413,37.42037],[127.59429,37.42067],[127.59567,37.42071],[127.59622,37.42073],[127.60012,37.42063],[127.60898,37.41725],[127.60915,37.41673],[127.61114,37.41552],[127.61446,37.41475],[127.61694,37.41485],[127.61823,37.41316],[127.61908,37.4114],[127.61907,37.41133],[127.61906,37.41128],[127.61905,37.41114],[127.61906,37.41107],[127.61906,37.41103],[127.61918,37.41068],[127.6202,37.40909],[127.62026,37.40901],[127.62116,37.40915],[127.62129,37.4092],[127.62141,37.40925],[127.62185,37.40944],[127.62199,37.40951],[127.6223,37.40968],[127.62307,37.41024],[127.62356,37.41062],[127.62365,37.4107],[127.62369,37.41074],[127.62375,37.41081],[127.62377,37.41085],[127.6238,37.41091],[127.62392,37.41121],[127.624,37.41137],[127.62407,37.41148],[127.62423,37.41164],[127.62426,37.41166],[127.62435,37.41173],[127.62621,37.41309],[127.62639,37.41321],[127.6265,37.41327],[127.62657,37.41331],[127.62661,37.41332],[127.62705,37.4134],[127.63223,37.4136],[127.63382,37.41362],[127.63405,37.41361],[127.63488,37.41355],[127.63509,37.41353],[127.63527,37.41351],[127.63538,37.41347],[127.64144,37.40857],[127.64224,37.40761],[127.6422,37.40752],[127.64219,37.40741],[127.64218,37.40727],[127.64219,37.40685],[127.64222,37.40673],[127.64226,37.40664],[127.64238,37.40649],[127.64245,37.40642],[127.64272,37.40619],[127.64293,37.40602],[127.64309,37.40593],[127.6449,37.405],[127.64508,37.40492],[127.64513,37.4049],[127.6452,37.40487],[127.6454,37.40478],[127.6455,37.40475],[127.64567,37.40471],[127.64595,37.40464],[127.64602,37.40462],[127.64624,37.40461]]]]}},{"type":"Feature","properties":{"code":"41670360","name":"북내면","parent":"41670"},"geometry":{"type":"MultiPolygon","coordinates":[[[[127.70779,37.41067],[127.70955,37.40813],[127.71037,37.40662],[127.7104,37.40658],[127.71052,37.40652],[127.71075,37.40645],[127.71089,37.40642],[127.71099,37.40639],[127.71161,37.40629],[127.71228,37.40618],[127.71236,37.40616],[127.71248,37.40611],[127.71354,37.40544],[127.71359,37.4054],[127.71366,37.40531],[127.71369,37.40527],[127.7157,37.40164],[127.71436,37.39849],[127.70768,37.39426],[127.7046,37.39255],[127.70401,37.39081],[127.70391,37.39037],[127.70383,37.39002],[127.70336,37.38803],[127.70336,37.38788],[127.70371,37.38588],[127.706,37.3832],[127.70523,37.38273],[127.70439,37.38222],[127.70334,37.38104],[127.70294,37.38059],[127.70146,37.37615],[127.70131,37.37388],[127.70269,37.37285],[127.70729,37.37015],[127.70742,37.37009],[127.70748,37.37009],[127.70753,37.37008],[127.7077,37.37008],[127.70797,37.37011],[127.70807,37.37016],[127.70876,37.37072],[127.70892,37.37097],[127.71102,37.37173],[127.71287,37.37113],[127.71413,37.37073],[127.71647,37.36998],[127.71713,37.37038],[127.71749,37.37062],[127.71778,37.37083],[127.71802,37.37099],[127.71811,37.37103],[127.71828,37.37108],[127.71921,37.3712],[127.71935,37.37119],[127.71954,37.37115],[127.71982,37.37108],[127.72063,37.36832],[127.72198,37.36432],[127.72385,37.35941],[127.7251,37.35769],[127.72677,37.35702],[127.7287,37.35533],[127.72912,37.35431],[127.72915,37.35407],[127.72959,37.35168],[127.73128,37.34694],[127.73363,37.34493],[127.73469,37.34404],[127.7358,37.34387],[127.73589,37.34385],[127.73794,37.34263],[127.73819,37.34245],[127.73851,37.3422],[127.7391,37.34168],[127.73921,37.34155],[127.73926,37.3414],[127.73953,37.34061],[127.73964,37.33935],[127.73995,37.33456],[127.73992,37.33439],[127.73966,37.33317],[127.73952,37.33265],[127.73946,37.33252],[127.73894,37.3317],[127.73891,37.33166],[127.73884,37.33158],[127.73811,37.33099],[127.73803,37.33094],[127.73709,37.33],[127.7362,37.32876],[127.73607,37.32858],[127.73535,37.32465],[127.73502,37.32188],[127.73575,37.31992],[127.73628,37.31962],[127.73653,37.31963],[127.73691,37.31966],[127.73699,37.31964],[127.73708,37.31961],[127.73721,37.31932],[127.73729,37.31908],[127.7376,37.31804],[127.7376,37.31796],[127.73755,37.31781],[127.7374,37.31764],[127.73595,37.31631],[127.73584,37.31621],[127.73576,37.31616],[127.73556,37.31609],[127.73536,37.31603],[127.73517,37.31601],[127.73451,37.31607],[127.73213,37.31668],[127.7283,37.3159],[127.72824,37.31586],[127.72778,37.31563],[127.72542,37.31453],[127.72502,37.31449],[127.72469,37.31446],[127.72448,37.31446],[127.71494,37.31531],[127.71263,37.31558],[127.71248,37.31563],[127.71237,37.3157],[127.71188,37.316],[127.71172,37.31609],[127.71124,37.31647],[127.71116,37.31654],[127.71102,37.3167],[127.71091,37.31686],[127.71083,37.31695],[127.71069,37.31706],[127.71058,37.31711],[127.71037,37.31716],[127.71013,37.3172],[127.70974,37.31723],[127.70959,37.31721],[127.70934,37.31713],[127.70872,37.31687],[127.70842,37.31665],[127.70785,37.31623],[127.70738,37.31545],[127.70647,37.31422],[127.70547,37.31291],[127.70331,37.31234],[127.70214,37.31222],[127.70164,37.31225],[127.70143,37.31215],[127.69942,37.31028],[127.69884,37.30943],[127.6976,37.30599],[127.69744,37.30328],[127.69707,37.30252],[127.69531,37.30172],[127.69294,37.29852],[127.6929,37.29842],[127.69285,37.29836],[127.69277,37.29827],[127.6927,37.2982],[127.69238,37.29796],[127.69213,37.29779],[127.69047,37.29672],[127.69039,37.29668],[127.69033,37.29665],[127.69019,37.2966],[127.69005,37.29656],[127.68991,37.29653],[127.68971,37.29651],[127.6889,37.29645],[127.6882,37.29647],[127.68817,37.29648],[127.6881,37.29648],[127.688,37.29649],[127.68774,37.29651],[127.68722,37.29654],[127.68703,37.29655],[127.68689,37.29655],[127.68681,37.29654],[127.6867,37.29652],[127.68663,37.29651],[127.68636,37.29646],[127.68633,37.29646],[127.68621,37.29643],[127.68089,37.29507],[127.67991,37.29467],[127.67984,37.29462],[127.67977,37.29457],[127.67961,37.29442],[127.67957,37.29433],[127.67956,37.29408],[127.67959,37.29375],[127.67933,37.29393],[127.67812,37.29476],[127.67772,37.29504],[127.67684,37.29589],[127.67655,37.29631],[127.67641,37.29656],[127.67625,37.29691],[127.67597,37.29762],[127.67591,37.2978],[127.67588,37.29789],[127.67585,37.29801],[127.67582,37.2997],[127.67595,37.30004],[127.6765,37.30075],[127.67685,37.30117],[127.67697,37.30136],[127.67701,37.3015],[127.67704,37.30161],[127.67624,37.30645],[127.67618,37.30682],[127.67613,37.30698],[127.67562,37.30845],[127.67558,37.30854],[127.67554,37.30865],[127.67513,37.30944],[127.67373,37.31192],[127.6714,37.31303],[127.6699,37.31359],[127.66863,37.31511],[127.66771,37.31665],[127.66548,37.31845],[127.66377,37.31973],[127.66251,37.3203],[127.65889,37.32409],[127.65745,37.32581],[127.65726,37.32611],[127.65722,37.32622],[127.65699,37.32744],[127.65698,37.32747],[127.65698,37.32753],[127.65701,37.32767],[127.65718,37.3281],[127.6572,37.32814],[127.65836,37.32961],[127.65893,37.33007],[127.65914,37.33323],[127.6591,37.33447],[127.6593,37.33669],[127.66005,37.3386],[127.66079,37.33867],[127.66083,37.33868],[127.66178,37.33885],[127.66182,37.33886],[127.66188,37.3389],[127.66412,37.34143],[127.66498,37.34273],[127.66485,37.34269],[127.6646,37.34268],[127.66437,37.34269],[127.66424,37.34272],[127.66401,37.34281],[127.66387,37.34288],[127.66378,37.34295],[127.6637,37.34301],[127.66321,37.3435],[127.6617,37.34526],[127.66145,37.34676],[127.66164,37.34779],[127.66344,37.34985],[127.66366,37.35008],[127.66368,37.3502],[127.66378,37.35077],[127.66384,37.3513],[127.66388,37.3516],[127.66379,37.3523],[127.6635,37.35285],[127.66241,37.35309],[127.66032,37.35418],[127.65916,37.35515],[127.65588,37.35838],[127.65558,37.35874],[127.6543,37.36035],[127.65367,37.36141],[127.65337,37.3624],[127.65264,37.36999],[127.65379,37.37211],[127.65517,37.37675],[127.65666,37.37884],[127.65672,37.37895],[127.65693,37.37935],[127.65702,37.37973],[127.6571,37.38007],[127.65713,37.3805],[127.65678,37.38324],[127.65623,37.38341],[127.65469,37.38403],[127.6541,37.38447],[127.65329,37.38554],[127.65309,37.38591],[127.65304,37.38617],[127.65311,37.38644],[127.6528,37.38797],[127.65179,37.38887],[127.65166,37.38892],[127.65156,37.38891],[127.65049,37.38864],[127.64997,37.38843],[127.6499,37.38843],[127.6498,37.38843],[127.64874,37.38867],[127.64847,37.38878],[127.64819,37.38912],[127.64585,37.39529],[127.64584,37.3954],[127.64584,37.39553],[127.64597,37.39959],[127.64633,37.40272],[127.64624,37.40461],[127.64635,37.40462],[127.64655,37.40467],[127.64684,37.40478],[127.64702,37.40486],[127.64729,37.405],[127.65207,37.40759],[127.65213,37.40764],[127.65216,37.40768],[127.65219,37.40771],[127.65303,37.40902],[127.65307,37.40911],[127.65308,37.4092],[127.65308,37.40928],[127.65306,37.40935],[127.65296,37.40965],[127.65289,37.40979],[127.65283,37.4099],[127.65279,37.41003],[127.65275,37.41014],[127.65275,37.41023],[127.65276,37.41028],[127.65276,37.41031],[127.6528,37.4104],[127.65376,37.41212],[127.65413,37.41269],[127.65752,37.41651],[127.65842,37.41747],[127.65847,37.41749],[127.65854,37.41747],[127.66018,37.41575],[127.66065,37.41573],[127.66096,37.41571],[127.66116,37.41569],[127.6614,37.41566],[127.66167,37.4156],[127.66207,37.41552],[127.66216,37.4155],[127.66238,37.41543],[127.66523,37.41434],[127.66664,37.41312],[127.66727,37.41245],[127.66844,37.41189],[127.67122,37.41231],[127.67628,37.4128],[127.68445,37.41266],[127.68477,37.41264],[127.68515,37.41256],[127.68569,37.4124],[127.68609,37.41227],[127.68619,37.41223],[127.68631,37.41218],[127.68659,37.41206],[127.68673,37.41199],[127.68683,37.41192],[127.6869,37.41187],[127.68695,37.41183],[127.68729,37.41156],[127.68742,37.41134],[127.68747,37.41123],[127.68723,37.41058],[127.68666,37.40589],[127.68616,37.40166],[127.68614,37.40068],[127.68625,37.39952],[127.68639,37.39944],[127.68682,37.39947],[127.687,37.39953],[127.69151,37.40161],[127.69491,37.40341],[127.69495,37.40343],[127.69501,37.40348],[127.69627,37.40444],[127.6963,37.40446],[127.69651,37.40464],[127.69663,37.40474],[127.69749,37.40562],[127.69759,37.40577],[127.69766,37.40592],[127.69769,37.40606],[127.69771,37.40615],[127.69775,37.40623],[127.69778,37.40627],[127.69779,37.4063],[127.69783,37.40633],[127.69787,37.40637],[127.698,37.40652],[127.69815,37.40669],[127.69817,37.40671],[127.69829,37.40686],[127.69837,37.40697],[127.69845,37.40713],[127.69857,37.40729],[127.69861,37.40734],[127.6987,37.40741],[127.69874,37.40742],[127.69881,37.40745],[127.69888,37.40747],[127.69901,37.4075],[127.69933,37.40751],[127.6996,37.4075],[127.69977,37.40749],[127.69995,37.40746],[127.70008,37.40744],[127.70228,37.40808],[127.70329,37.40857],[127.70332,37.40862],[127.70338,37.40869],[127.70344,37.40872],[127.70541,37.40993],[127.70548,37.40996],[127.70708,37.41057],[127.70717,37.41059],[127.70731,37.41061],[127.70779,37.41067]]]]}},{"type":"Feature","properties":{"code":"41670370","name":"강천면","parent":"41670"},"geometry":{"type":"MultiPolygon","coordinates":[[[[127.75948,37.36704],[127.76117,37.36379],[127.76072,37.36301],[127.76061,37.36281],[127.75929,37.35986],[127.75963,37.35545],[127.75983,37.35448],[127.75871,37.3511],[127.75833,37.35044],[127.75781,37.34636],[127.7578,37.34631],[127.75779,37.34621],[127.75779,37.34599],[127.75781,37.3458],[127.75782,37.34574],[127.75845,37.34288],[127.759,37.34153],[127.75902,37.34149],[127.75905,37.34148],[127.75912,37.34146],[127.75924,37.34145],[127.75951,37.34143],[127.75962,37.34142],[127.75968,37.34142],[127.75993,37.34139],[127.75996,37.34139],[127.76005,37.34137],[127.76069,37.34072],[127.76136,37.33656],[127.76157,37.33369],[127.76036,37.32912],[127.76037,37.3291],[127.76283,37.32324],[127.76289,37.32305],[127.7629,37.32241],[127.76284,37.32224],[127.76279,37.32217],[127.76267,37.32198],[127.76242,37.32169],[127.76237,37.3216],[127.76228,37.32146],[127.76225,37.32129],[127.76218,37.32083],[127.76219,37.32078],[127.76546,37.31335],[127.76634,37.31203],[127.76658,37.31167],[127.76689,37.31126],[127.76721,37.31099],[127.76723,37.31097],[127.76727,37.31094],[127.76757,37.31073],[127.76772,37.31055],[127.7678,37.31036],[127.76848,37.3085],[127.76856,37.30826],[127.76856,37.30812],[127.76857,37.30783],[127.76848,37.30766],[127.76793,37.30696],[127.76736,37.30611],[127.76724,37.30572],[127.76727,37.30538],[127.7676,37.30339],[127.76768,37.30289],[127.76807,37.30248],[127.76715,37.3018],[127.76654,37.30152],[127.76567,37.30141],[127.76274,37.30191],[127.76267,37.30193],[127.7626,37.30195],[127.76255,37.302],[127.76249,37.30207],[127.76239,37.30212],[127.76218,37.30215],[127.76203,37.30213],[127.76192,37.30211],[127.75965,37.30124],[127.75938,37.30112],[127.75763,37.30006],[127.7575,37.29998],[127.75554,37.29842],[127.75544,37.29834],[127.755,37.29793],[127.75477,37.29769],[127.75521,37.2972],[127.75589,37.29645],[127.75596,37.29634],[127.75598,37.2963],[127.75604,37.29612],[127.7565,37.29469],[127.75633,37.29367],[127.75622,37.29355],[127.75613,37.29346],[127.75556,37.29239],[127.7538,37.28901],[127.75382,37.28867],[127.75385,37.28825],[127.75499,37.28525],[127.75578,37.28284],[127.75574,37.28277],[127.7557,37.28271],[127.7553,37.28207],[127.7547,37.27852],[127.75529,37.2721],[127.75533,37.27187],[127.75677,37.26644],[127.75732,37.26482],[127.75768,37.26378],[127.75816,37.25945],[127.75818,37.25926],[127.75831,37.25803],[127.75549,37.25368],[127.7553,37.25342],[127.75476,37.25268],[127.75422,37.25196],[127.75367,37.25124],[127.75264,37.25047],[127.75138,37.24955],[127.75012,37.24862],[127.74886,37.24748],[127.74765,37.24347],[127.74745,37.2421],[127.74709,37.23965],[127.74705,37.23906],[127.747,37.23847],[127.74675,37.23512],[127.74672,37.23477],[127.74678,37.23376],[127.7468,37.23337],[127.74689,37.23197],[127.7469,37.23178],[127.7464,37.22963],[127.74462,37.22873],[127.74336,37.22823],[127.74315,37.22815],[127.7413,37.22789],[127.741,37.22789],[127.7394,37.22788],[127.73745,37.22793],[127.73279,37.22833],[127.73271,37.22835],[127.73116,37.22877],[127.72976,37.22922],[127.7295,37.22936],[127.7293,37.22947],[127.72883,37.22972],[127.72704,37.23042],[127.72632,37.23049],[127.72576,37.23043],[127.7246,37.23025],[127.72337,37.23005],[127.7232,37.23003],[127.72312,37.23002],[127.72117,37.22976],[127.71874,37.22957],[127.71586,37.22954],[127.71391,37.22962],[127.71186,37.2297],[127.71102,37.22962],[127.71023,37.22954],[127.70732,37.22895],[127.70664,37.22879],[127.7052,37.22843],[127.70388,37.22821],[127.70325,37.22813],[127.70285,37.22808],[127.7016,37.22809],[127.6979,37.22872],[127.6971,37.22889],[127.69598,37.22914],[127.69481,37.2294],[127.69261,37.23061],[127.69256,37.23066],[127.69064,37.23255],[127.68902,37.23474],[127.68885,37.23524],[127.6881,37.23742],[127.68661,37.24077],[127.68635,37.24129],[127.68531,37.24332],[127.68481,37.24444],[127.68466,37.24477],[127.683,37.24771],[127.68258,37.24942],[127.68172,37.2609],[127.6817,37.26115],[127.68225,37.26603],[127.68227,37.26607],[127.68301,37.26796],[127.68433,37.27039],[127.68506,37.27274],[127.68514,37.27298],[127.68547,37.27502],[127.6851,37.2768],[127.68261,37.28307],[127.68118,37.28637],[127.67997,37.28843],[127.67747,37.29292],[127.67959,37.29375],[127.67956,37.29408],[127.67957,37.29433],[127.67961,37.29442],[127.67977,37.29457],[127.67984,37.29462],[127.67991,37.29467],[127.68089,37.29507],[127.68621,37.29643],[127.68633,37.29646],[127.68636,37.29646],[127.68663,37.29651],[127.6867,37.29652],[127.68681,37.29654],[127.68689,37.29655],[127.68703,37.29655],[127.68722,37.29654],[127.68774,37.29651],[127.688,37.29649],[127.6881,37.29648],[127.68817,37.29648],[127.6882,37.29647],[127.6889,37.29645],[127.68971,37.29651],[127.68991,37.29653],[127.69005,37.29656],[127.69019,37.2966],[127.69033,37.29665],[127.69039,37.29668],[127.69047,37.29672],[127.69213,37.29779],[127.69238,37.29796],[127.6927,37.2982],[127.69277,37.29827],[127.69285,37.29836],[127.6929,37.29842],[127.69294,37.29852],[127.69531,37.30172],[127.69707,37.30252],[127.69744,37.30328],[127.6976,37.30599],[127.69884,37.30943],[127.69942,37.31028],[127.70143,37.31215],[127.70164,37.31225],[127.70214,37.31222],[127.70331,37.31234],[127.70547,37.31291],[127.70647,37.31422],[127.70738,37.31545],[127.70785,37.31623],[127.70842,37.31665],[127.70872,37.31687],[127.70934,37.31713],[127.70959,37.31721],[127.70974,37.31723],[127.71013,37.3172],[127.71037,37.31716],[127.71058,37.31711],[127.71069,37.31706],[127.71083,37.31695],[127.71091,37.31686],[127.71102,37.3167],[127.71116,37.31654],[127.71124,37.31647],[127.71172,37.31609],[127.71188,37.316],[127.71237,37.3157],[127.71248,37.31563],[127.71263,37.31558],[127.71494,37.31531],[127.72448,37.31446],[127.72469,37.31446],[127.72502,37.31449],[127.72542,37.31453],[127.72778,37.31563],[127.72824,37.31586],[127.7283,37.3159],[127.73213,37.31668],[127.73451,37.31607],[127.73517,37.31601],[127.73536,37.31603],[127.73556,37.31609],[127.73576,37.31616],[127.73584,37.31621],[127.73595,37.31631],[127.7374,37.31764],[127.73755,37.31781],[127.7376,37.31796],[127.7376,37.31804],[127.73729,37.31908],[127.73721,37.31932],[127.73708,37.31961],[127.73699,37.31964],[127.73691,37.31966],[127.73653,37.31963],[127.73628,37.31962],[127.73575,37.31992],[127.73502,37.32188],[127.73535,37.32465],[127.73607,37.32858],[127.7362,37.32876],[127.73709,37.33],[127.73803,37.33094],[127.73811,37.33099],[127.73884,37.33158],[127.73891,37.33166],[127.73894,37.3317],[127.73946,37.33252],[127.73952,37.33265],[127.73966,37.33317],[127.73992,37.33439],[127.73995,37.33456],[127.73964,37.33935],[127.73953,37.34061],[127.73926,37.3414],[127.73921,37.34155],[127.7391,37.34168],[127.73851,37.3422],[127.73819,37.34245],[127.73794,37.34263],[127.73589,37.34385],[127.7358,37.34387],[127.73469,37.34404],[127.73363,37.34493],[127.73128,37.34694],[127.72959,37.35168],[127.72915,37.35407],[127.72912,37.35431],[127.7287,37.35533],[127.72677,37.35702],[127.7251,37.35769],[127.72385,37.35941],[127.72198,37.36432],[127.72063,37.36832],[127.71982,37.37108],[127.72056,37.37141],[127.72293,37.37158],[127.723,37.37156],[127.72344,37.37139],[127.72347,37.37138],[127.7235,37.37136],[127.72352,37.37131],[127.72357,37.37127],[127.72364,37.37123],[127.72377,37.3712],[127.72391,37.37119],[127.72401,37.37121],[127.72446,37.37134],[127.72451,37.37136],[127.72553,37.37186],[127.72568,37.37196],[127.72585,37.37208],[127.72754,37.37344],[127.72762,37.37353],[127.72821,37.37434],[127.72824,37.37447],[127.72828,37.37465],[127.72828,37.37479],[127.73205,37.37567],[127.73867,37.3714],[127.73973,37.37095],[127.74578,37.3689],[127.7492,37.36888],[127.75241,37.36923],[127.75361,37.36843],[127.75447,37.36806],[127.75948,37.36704]]]]}},{"type":"Feature","properties":{"code":"41670510","name":"여흥동","parent":"41670"},"geometry":{"type":"MultiPolygon","coordinates":[[[[127.67747,37.29292],[127.67997,37.28843],[127.68118,37.28637],[127.68261,37.28307],[127.6851,37.2768],[127.68547,37.27502],[127.68514,37.27298],[127.68506,37.27274],[127.68433,37.27039],[127.68301,37.26796],[127.68227,37.26607],[127.68225,37.26603],[127.6817,37.26115],[127.68172,37.2609],[127.68258,37.24942],[127.683,37.24771],[127.68466,37.24477],[127.68481,37.24444],[127.68531,37.24332],[127.683,37.24283],[127.68057,37.24269],[127.67955,37.24278],[127.67827,37.24263],[127.6782,37.24262],[127.67775,37.24253],[127.67748,37.24242],[127.6752,37.24201],[127.67274,37.24225],[127.6724,37.24232],[127.67195,37.24242],[127.6719,37.24244],[127.67185,37.24247],[127.66967,37.24119],[127.66722,37.23862],[127.66628,37.2375],[127.66619,37.23737],[127.66617,37.23734],[127.66616,37.2373],[127.66613,37.23719],[127.66613,37.23706],[127.66615,37.23694],[127.66619,37.23684],[127.6662,37.23681],[127.6663,37.23663],[127.66633,37.23659],[127.66639,37.23649],[127.66659,37.23618],[127.66672,37.23596],[127.66717,37.2352],[127.66736,37.23479],[127.66739,37.23452],[127.66739,37.23434],[127.66737,37.23424],[127.66732,37.23401],[127.66727,37.23391],[127.66559,37.23137],[127.65667,37.22661],[127.65193,37.22478],[127.65107,37.22423],[127.64976,37.22341],[127.6497,37.22336],[127.64913,37.22287],[127.64853,37.22232],[127.64815,37.22184],[127.64815,37.22181],[127.64815,37.22176],[127.64846,37.21882],[127.64879,37.2172],[127.64883,37.21709],[127.64894,37.21651],[127.64907,37.21591],[127.64907,37.21584],[127.64902,37.21581],[127.64881,37.21573],[127.64863,37.21561],[127.64857,37.21555],[127.64843,37.21542],[127.64837,37.21538],[127.64831,37.21536],[127.64828,37.21535],[127.64823,37.21535],[127.64815,37.21535],[127.64799,37.21534],[127.64789,37.21533],[127.64772,37.21525],[127.64756,37.21516],[127.64747,37.2151],[127.64731,37.21495],[127.64722,37.21486],[127.64705,37.21476],[127.64689,37.21469],[127.64675,37.21467],[127.64637,37.21465],[127.6451,37.21461],[127.64481,37.2146],[127.6445,37.21459],[127.64399,37.21457],[127.64367,37.21456],[127.64271,37.2143],[127.64227,37.2141],[127.64222,37.21385],[127.64234,37.21292],[127.64195,37.21242],[127.64165,37.21224],[127.64116,37.21217],[127.63846,37.21243],[127.63355,37.21459],[127.63227,37.21517],[127.63103,37.21568],[127.63041,37.21584],[127.62902,37.21579],[127.62828,37.2158],[127.62702,37.21609],[127.62662,37.21625],[127.62624,37.2164],[127.62496,37.2171],[127.62063,37.21997],[127.61932,37.2217],[127.61867,37.22494],[127.61853,37.22582],[127.61853,37.22589],[127.61853,37.22608],[127.61857,37.22622],[127.61859,37.2263],[127.61865,37.22652],[127.61865,37.22685],[127.61858,37.22736],[127.61788,37.22927],[127.61656,37.23251],[127.61635,37.23299],[127.61596,37.23329],[127.61585,37.23338],[127.61563,37.23339],[127.61532,37.23342],[127.61496,37.23329],[127.61225,37.23324],[127.60954,37.23343],[127.60945,37.23434],[127.60978,37.23465],[127.61005,37.23533],[127.61026,37.23591],[127.6104,37.2378],[127.61026,37.23811],[127.61011,37.23826],[127.60727,37.23711],[127.60548,37.23868],[127.60407,37.24035],[127.60374,37.24104],[127.60363,37.24126],[127.60339,37.24172],[127.60326,37.24196],[127.60293,37.2425],[127.60279,37.24269],[127.60258,37.24282],[127.60488,37.2441],[127.60761,37.24538],[127.60847,37.24588],[127.61192,37.24851],[127.61284,37.24957],[127.61299,37.24976],[127.61303,37.24996],[127.61311,37.2507],[127.6131,37.25084],[127.61303,37.25105],[127.61297,37.25122],[127.61297,37.2513],[127.61306,37.25174],[127.61312,37.25206],[127.61375,37.25282],[127.61412,37.25314],[127.61559,37.25397],[127.61606,37.25423],[127.61622,37.2543],[127.61649,37.25441],[127.61694,37.25458],[127.61756,37.25474],[127.61807,37.25482],[127.61824,37.25482],[127.61853,37.25489],[127.61908,37.25508],[127.62442,37.25785],[127.6243,37.25856],[127.62417,37.25893],[127.62411,37.25912],[127.62385,37.25974],[127.62369,37.25996],[127.62343,37.26018],[127.62333,37.26034],[127.62329,37.26049],[127.62324,37.26063],[127.62297,37.26339],[127.62299,37.26343],[127.62304,37.26351],[127.62378,37.26364],[127.62389,37.26365],[127.62432,37.26361],[127.62445,37.26355],[127.62464,37.26348],[127.62486,37.26341],[127.62562,37.26326],[127.62597,37.26319],[127.62612,37.26319],[127.6262,37.26321],[127.62626,37.26322],[127.6264,37.26333],[127.62862,37.26558],[127.63018,37.26676],[127.63364,37.26775],[127.63522,37.26806],[127.63535,37.26807],[127.63556,37.26809],[127.63593,37.26808],[127.63603,37.26807],[127.63688,37.26776],[127.63802,37.26738],[127.64351,37.26941],[127.64374,37.2695],[127.64394,37.26966],[127.64408,37.26982],[127.64487,37.27125],[127.645,37.2715],[127.64467,37.27258],[127.64554,37.27739],[127.64554,37.27753],[127.64554,37.27758],[127.6455,37.27783],[127.64537,37.27811],[127.64516,37.27856],[127.64504,37.27874],[127.64493,37.27885],[127.63739,37.27833],[127.63735,37.27854],[127.63722,37.27895],[127.63718,37.27909],[127.63681,37.28002],[127.63507,37.28397],[127.63298,37.2854],[127.63285,37.28548],[127.63276,37.28552],[127.6327,37.28554],[127.63234,37.28567],[127.63211,37.28575],[127.63192,37.28585],[127.63176,37.28595],[127.63167,37.28601],[127.63165,37.28603],[127.63162,37.28606],[127.63158,37.28614],[127.63186,37.28686],[127.63187,37.28688],[127.63421,37.29095],[127.63573,37.29439],[127.63587,37.29653],[127.63669,37.2988],[127.6375,37.30045],[127.64375,37.29812],[127.64488,37.29772],[127.64559,37.29747],[127.64583,37.29738],[127.64782,37.29661],[127.6479,37.29658],[127.64971,37.29584],[127.64974,37.29583],[127.65146,37.29531],[127.65385,37.2946],[127.65432,37.29464],[127.65464,37.29467],[127.65923,37.29507],[127.66208,37.29587],[127.66455,37.29721],[127.66465,37.29722],[127.6677,37.29763],[127.67005,37.29757],[127.67288,37.29742],[127.6749,37.29635],[127.67747,37.29292]]]]}},{"type":"Feature","properties":{"code":"41670520","name":"중앙동","parent":"41670"},"geometry":{"type":"MultiPolygon","coordinates":[[[[127.6375,37.30045],[127.63669,37.2988],[127.63587,37.29653],[127.63573,37.29439],[127.63421,37.29095],[127.63187,37.28688],[127.63186,37.28686],[127.63158,37.28614],[127.63162,37.28606],[127.63165,37.28603],[127.63167,37.28601],[127.63176,37.28595],[127.63192,37.28585],[127.63211,37.28575],[127.63234,37.28567],[127.6327,37.28554],[127.63276,37.28552],[127.63285,37.28548],[127.63298,37.2854],[127.63507,37.28397],[127.63681,37.28002],[127.63718,37.27909],[127.63722,37.27895],[127.63735,37.27854],[127.63739,37.27833],[127.64493,37.27885],[127.64504,37.27874],[127.64516,37.27856],[127.64537,37.27811],[127.6455,37.27783],[127.64554,37.27758],[127.64554,37.27753],[127.64554,37.27739],[127.64467,37.27258],[127.645,37.2715],[127.64487,37.27125],[127.64408,37.26982],[127.64394,37.26966],[127.64374,37.2695],[127.64351,37.26941],[127.63802,37.26738],[127.63688,37.26776],[127.63603,37.26807],[127.63593,37.26808],[127.63556,37.26809],[127.63535,37.26807],[127.63522,37.26806],[127.63364,37.26775],[127.63018,37.26676],[127.62862,37.26558],[127.6264,37.26333],[127.62626,37.26322],[127.6262,37.26321],[127.62612,37.26319],[127.62597,37.26319],[127.62562,37.26326],[127.62486,37.26341],[127.62464,37.26348],[127.62445,37.26355],[127.62432,37.26361],[127.62389,37.26365],[127.62378,37.26364],[127.62304,37.26351],[127.62299,37.26343],[127.62297,37.26339],[127.62324,37.26063],[127.62329,37.26049],[127.62333,37.26034],[127.62343,37.26018],[127.62369,37.25996],[127.62385,37.25974],[127.62411,37.25912],[127.62417,37.25893],[127.6243,37.25856],[127.62442,37.25785],[127.61908,37.25508],[127.61853,37.25489],[127.61824,37.25482],[127.61807,37.25482],[127.61756,37.25474],[127.61694,37.25458],[127.61649,37.25441],[127.61622,37.2543],[127.61606,37.25423],[127.61559,37.25397],[127.61412,37.25314],[127.61375,37.25282],[127.61312,37.25206],[127.61306,37.25174],[127.61297,37.2513],[127.61297,37.25122],[127.61303,37.25105],[127.6131,37.25084],[127.61311,37.2507],[127.61303,37.24996],[127.61299,37.24976],[127.61284,37.24957],[127.61192,37.24851],[127.60847,37.24588],[127.60761,37.24538],[127.60488,37.2441],[127.60258,37.24282],[127.6022,37.24323],[127.60215,37.2433],[127.60215,37.24342],[127.60225,37.24396],[127.60301,37.24457],[127.60319,37.24471],[127.60366,37.24491],[127.60417,37.24582],[127.60421,37.24612],[127.60409,37.24659],[127.60278,37.24961],[127.60256,37.24976],[127.60107,37.25065],[127.60018,37.251],[127.59917,37.2511],[127.599,37.25106],[127.59923,37.25146],[127.5995,37.25243],[127.59954,37.25284],[127.59946,37.25309],[127.59938,37.25333],[127.59933,37.25363],[127.59925,37.25405],[127.5992,37.25437],[127.59916,37.25455],[127.59916,37.25499],[127.59916,37.25529],[127.59927,37.25563],[127.59997,37.2566],[127.6006,37.25757],[127.60069,37.25776],[127.60075,37.25795],[127.60132,37.26158],[127.60137,37.26197],[127.60136,37.26225],[127.60126,37.26242],[127.6011,37.26257],[127.60073,37.26283],[127.60048,37.26302],[127.60029,37.26316],[127.60011,37.26332],[127.59984,37.26387],[127.59981,37.26418],[127.59984,37.26617],[127.60051,37.26727],[127.60054,37.26733],[127.60089,37.26818],[127.60088,37.26829],[127.60071,37.26943],[127.60001,37.27008],[127.59932,37.27053],[127.59909,37.2708],[127.59887,37.27112],[127.59878,37.27125],[127.59873,37.27133],[127.59802,37.27294],[127.59796,37.27371],[127.59797,37.27546],[127.59828,37.27898],[127.59835,37.27954],[127.59873,37.27992],[127.59921,37.28004],[127.59932,37.28008],[127.59952,37.28016],[127.59964,37.28038],[127.59964,37.28061],[127.59801,37.28461],[127.59779,37.28494],[127.59772,37.28504],[127.59743,37.28524],[127.59694,37.28534],[127.59711,37.28676],[127.59913,37.2893],[127.5995,37.28942],[127.60095,37.28958],[127.60179,37.28958],[127.6023,37.28958],[127.60371,37.28956],[127.60562,37.28935],[127.60881,37.28832],[127.61367,37.28864],[127.61404,37.28867],[127.61429,37.28869],[127.61434,37.2887],[127.61463,37.28876],[127.61542,37.28896],[127.61679,37.28934],[127.61692,37.28938],[127.61712,37.28944],[127.61729,37.28951],[127.61732,37.28952],[127.61748,37.28962],[127.61755,37.28974],[127.61757,37.28979],[127.61756,37.29004],[127.61745,37.29015],[127.61731,37.29031],[127.61723,37.29041],[127.61719,37.29051],[127.61718,37.29064],[127.61723,37.29087],[127.61813,37.29207],[127.61817,37.29213],[127.6183,37.29229],[127.61855,37.29249],[127.61876,37.29262],[127.62076,37.29363],[127.62123,37.29383],[127.62184,37.29406],[127.62202,37.29412],[127.62214,37.29408],[127.62217,37.29402],[127.62219,37.29393],[127.62236,37.2938],[127.62259,37.29385],[127.62362,37.29456],[127.62621,37.29704],[127.62102,37.29971],[127.61837,37.30105],[127.61817,37.30147],[127.61786,37.30217],[127.61778,37.30353],[127.61797,37.3041],[127.61805,37.30439],[127.61818,37.30489],[127.61833,37.3059],[127.61821,37.30823],[127.61814,37.30893],[127.61794,37.30918],[127.61777,37.30988],[127.61836,37.31347],[127.61843,37.31364],[127.61848,37.31374],[127.61916,37.31525],[127.61931,37.31558],[127.6195,37.31686],[127.61996,37.31979],[127.62174,37.31947],[127.62466,37.31734],[127.62583,37.31648],[127.62687,37.31373],[127.62792,37.31094],[127.62801,37.31072],[127.62838,37.30974],[127.62941,37.30702],[127.63612,37.301],[127.6375,37.30045]]]]}},{"type":"Feature","properties":{"code":"41670530","name":"오학동","parent":"41670"},"geometry":{"type":"MultiPolygon","coordinates":[[[[127.66145,37.34676],[127.6617,37.34526],[127.66321,37.3435],[127.6637,37.34301],[127.66378,37.34295],[127.66387,37.34288],[127.66401,37.34281],[127.66424,37.34272],[127.66437,37.34269],[127.6646,37.34268],[127.66485,37.34269],[127.66498,37.34273],[127.66412,37.34143],[127.66188,37.3389],[127.66182,37.33886],[127.66178,37.33885],[127.66083,37.33868],[127.66079,37.33867],[127.66005,37.3386],[127.6593,37.33669],[127.6591,37.33447],[127.65914,37.33323],[127.65893,37.33007],[127.65836,37.32961],[127.6572,37.32814],[127.65718,37.3281],[127.65701,37.32767],[127.65698,37.32753],[127.65698,37.32747],[127.65699,37.32744],[127.65722,37.32622],[127.65726,37.32611],[127.65745,37.32581],[127.65889,37.32409],[127.66251,37.3203],[127.66377,37.31973],[127.66548,37.31845],[127.66771,37.31665],[127.66863,37.31511],[127.6699,37.31359],[127.6714,37.31303],[127.67373,37.31192],[127.67513,37.30944],[127.67554,37.30865],[127.67558,37.30854],[127.67562,37.30845],[127.67613,37.30698],[127.67618,37.30682],[127.67624,37.30645],[127.67704,37.30161],[127.67701,37.3015],[127.67697,37.30136],[127.67685,37.30117],[127.6765,37.30075],[127.67595,37.30004],[127.67582,37.2997],[127.67585,37.29801],[127.67588,37.29789],[127.67591,37.2978],[127.67597,37.29762],[127.67625,37.29691],[127.67641,37.29656],[127.67655,37.29631],[127.67684,37.29589],[127.67772,37.29504],[127.67812,37.29476],[127.67933,37.29393],[127.67959,37.29375],[127.67747,37.29292],[127.6749,37.29635],[127.67288,37.29742],[127.67005,37.29757],[127.6677,37.29763],[127.66465,37.29722],[127.66455,37.29721],[127.66208,37.29587],[127.65923,37.29507],[127.65464,37.29467],[127.65432,37.29464],[127.65385,37.2946],[127.65146,37.29531],[127.64974,37.29583],[127.64971,37.29584],[127.6479,37.29658],[127.64782,37.29661],[127.64583,37.29738],[127.64559,37.29747],[127.64488,37.29772],[127.64375,37.29812],[127.6375,37.30045],[127.63612,37.301],[127.62941,37.30702],[127.62838,37.30974],[127.62801,37.31072],[127.62792,37.31094],[127.62687,37.31373],[127.62583,37.31648],[127.62466,37.31734],[127.62174,37.31947],[127.61996,37.31979],[127.62161,37.32159],[127.62172,37.32211],[127.62176,37.3223],[127.62185,37.32239],[127.62223,37.32282],[127.62284,37.32304],[127.62344,37.32315],[127.62451,37.32323],[127.62516,37.32328],[127.6259,37.32327],[127.6266,37.32326],[127.62745,37.32332],[127.62789,37.32343],[127.62809,37.32361],[127.62844,37.32394],[127.62895,37.32465],[127.62904,37.32479],[127.63072,37.32822],[127.63327,37.33229],[127.63491,37.33427],[127.6383,37.33723],[127.63847,37.33736],[127.63893,37.33735],[127.63944,37.33726],[127.64002,37.33696],[127.64055,37.33683],[127.64271,37.33638],[127.64283,37.33638],[127.64335,37.33643],[127.64353,37.33646],[127.64495,37.33714],[127.64534,37.33742],[127.64551,37.33769],[127.64554,37.33844],[127.64568,37.33886],[127.64588,37.33944],[127.64668,37.34053],[127.64685,37.34073],[127.64719,37.34113],[127.64742,37.34128],[127.64745,37.3413],[127.64773,37.34144],[127.64792,37.34144],[127.64827,37.34134],[127.64837,37.3413],[127.64843,37.34128],[127.64875,37.3413],[127.6518,37.34309],[127.65184,37.34316],[127.65203,37.34348],[127.65287,37.34601],[127.65534,37.34814],[127.6573,37.34732],[127.65936,37.34664],[127.66145,37.34676]]]]}}]}