{"type":"FeatureCollection","features":[{"type":"Feature","properties":{"code":"47920250","name":"봉화읍","parent":"47920"},"geometry":{"type":"MultiPolygon","coordinates":[[[[128.77426,36.93651],[128.77497,36.93597],[128.7766,36.93299],[128.77669,36.93257],[128.77637,36.93105],[128.77623,36.93077],[128.77566,36.92994],[128.77561,36.9294],[128.77599,36.9285],[128.77651,36.92737],[128.77668,36.92613],[128.77696,36.92317],[128.77699,36.92267],[128.77653,36.92202],[128.77607,36.92141],[128.77578,36.9191],[128.77736,36.91596],[128.7778,36.91312],[128.77799,36.9124],[128.77808,36.91224],[128.77828,36.9119],[128.77832,36.91187],[128.77832,36.91158],[128.77786,36.9111],[128.77648,36.91049],[128.7754,36.91003],[128.7721,36.90804],[128.77173,36.90474],[128.77126,36.90199],[128.77021,36.89953],[128.76993,36.89942],[128.76853,36.89831],[128.76845,36.89805],[128.76854,36.89452],[128.76857,36.89406],[128.76936,36.89102],[128.76947,36.89061],[128.77205,36.88778],[128.77257,36.88737],[128.77292,36.88722],[128.77392,36.88726],[128.77449,36.8872],[128.77625,36.88659],[128.7766,36.88635],[128.77634,36.88533],[128.77587,36.88525],[128.77547,36.88501],[128.77301,36.88337],[128.7725,36.88298],[128.77131,36.88106],[128.77118,36.88065],[128.77167,36.88002],[128.77172,36.87965],[128.77143,36.87915],[128.7708,36.87876],[128.7701,36.87862],[128.76138,36.87815],[128.76098,36.87826],[128.76046,36.87858],[128.75962,36.87878],[128.75797,36.87895],[128.75756,36.87873],[128.75556,36.87663],[128.75541,36.87644],[128.75537,36.87627],[128.7557,36.87338],[128.75464,36.8699],[128.75392,36.86517],[128.75388,36.86506],[128.75384,36.86494],[128.7528,36.86247],[128.75269,36.86229],[128.7525,36.86207],[128.75227,36.86193],[128.75207,36.86184],[128.75189,36.86183],[128.75162,36.86185],[128.75145,36.8619],[128.75129,36.86196],[128.75057,36.86219],[128.74731,36.86225],[128.74323,36.8605],[128.7401,36.85936],[128.73751,36.85861],[128.73543,36.85736],[128.73526,36.85723],[128.73443,36.85651],[128.73359,36.85525],[128.73469,36.85303],[128.73477,36.85289],[128.73534,36.85215],[128.7365,36.85097],[128.73705,36.85053],[128.73714,36.85046],[128.73721,36.85043],[128.73736,36.85042],[128.73757,36.85042],[128.73785,36.85041],[128.73805,36.85039],[128.73816,36.85035],[128.73839,36.8502],[128.7387,36.84998],[128.73877,36.84989],[128.73906,36.84911],[128.73908,36.84901],[128.73918,36.8479],[128.73916,36.84782],[128.73907,36.84757],[128.739,36.84743],[128.73803,36.8455],[128.7377,36.84499],[128.7376,36.84491],[128.73664,36.84422],[128.73555,36.84521],[128.73533,36.84535],[128.73346,36.84634],[128.73242,36.84689],[128.73015,36.85053],[128.72715,36.856],[128.72557,36.86041],[128.72625,36.86128],[128.72668,36.86119],[128.72677,36.86119],[128.72731,36.86145],[128.72739,36.86149],[128.72755,36.86161],[128.72858,36.86271],[128.72862,36.86276],[128.72861,36.86285],[128.72835,36.86395],[128.72827,36.86406],[128.72656,36.86617],[128.72644,36.8662],[128.72619,36.86617],[128.72599,36.86613],[128.72546,36.86597],[128.72469,36.86573],[128.72317,36.86676],[128.72297,36.86689],[128.72039,36.86763],[128.71996,36.86769],[128.7199,36.86769],[128.71732,36.86702],[128.71639,36.86659],[128.71619,36.86649],[128.71608,36.86641],[128.71602,36.86628],[128.71601,36.86623],[128.71598,36.86605],[128.71596,36.86576],[128.71592,36.8657],[128.71473,36.86454],[128.71469,36.86453],[128.71436,36.86453],[128.71412,36.86454],[128.71401,36.86457],[128.71302,36.86484],[128.71263,36.86495],[128.71248,36.865],[128.71218,36.86513],[128.71163,36.86537],[128.71145,36.86551],[128.7113,36.86568],[128.71123,36.86578],[128.71112,36.86598],[128.71106,36.86611],[128.71088,36.86629],[128.7107,36.86638],[128.71045,36.86649],[128.71035,36.86651],[128.70666,36.86718],[128.70639,36.8672],[128.70629,36.86719],[128.70555,36.8671],[128.70543,36.86706],[128.70476,36.86645],[128.70469,36.86638],[128.70457,36.86623],[128.70364,36.86506],[128.7033,36.8645],[128.70329,36.86442],[128.70333,36.86425],[128.70338,36.86398],[128.70337,36.86385],[128.70325,36.86291],[128.70321,36.86272],[128.7031,36.86258],[128.70139,36.86075],[128.70128,36.8607],[128.70114,36.86066],[128.70066,36.86058],[128.70061,36.86058],[128.70054,36.86063],[128.70045,36.86073],[128.70033,36.86093],[128.70011,36.86119],[128.69972,36.86155],[128.6996,36.86164],[128.69943,36.86171],[128.69446,36.8623],[128.69284,36.86194],[128.69251,36.86186],[128.68758,36.86338],[128.68748,36.8634],[128.68674,36.86341],[128.68638,36.8634],[128.68617,36.86332],[128.68284,36.86091],[128.68232,36.86034],[128.68216,36.85996],[128.68203,36.85953],[128.682,36.85945],[128.68182,36.85865],[128.68165,36.85809],[128.68162,36.85797],[128.68146,36.8575],[128.67957,36.85646],[128.67835,36.85591],[128.67728,36.8556],[128.67718,36.85555],[128.67715,36.85552],[128.67712,36.85543],[128.67706,36.85516],[128.67706,36.8545],[128.67708,36.85433],[128.67731,36.85391],[128.67747,36.85366],[128.67787,36.8528],[128.67834,36.85168],[128.67836,36.85162],[128.67836,36.85154],[128.67793,36.85029],[128.67789,36.85026],[128.67763,36.85018],[128.67715,36.85008],[128.67674,36.85002],[128.67548,36.84938],[128.67342,36.84792],[128.67338,36.84787],[128.67337,36.84782],[128.6734,36.84763],[128.67428,36.84509],[128.67456,36.84472],[128.67463,36.84464],[128.67473,36.84429],[128.67474,36.84419],[128.6747,36.84384],[128.67439,36.84226],[128.67431,36.84215],[128.67422,36.84209],[128.67331,36.84174],[128.67297,36.84163],[128.67285,36.84161],[128.67255,36.84166],[128.6724,36.8417],[128.67098,36.84223],[128.67092,36.84226],[128.66941,36.84342],[128.66944,36.84352],[128.66941,36.84359],[128.66934,36.84367],[128.6691,36.84383],[128.66885,36.84398],[128.66813,36.84439],[128.66752,36.8447],[128.66744,36.84468],[128.66739,36.84464],[128.66637,36.84361],[128.66485,36.84212],[128.66445,36.84175],[128.66431,36.84163],[128.66424,36.84158],[128.66418,36.84156],[128.66413,36.84156],[128.66409,36.84159],[128.66287,36.84255],[128.66216,36.84353],[128.66121,36.84668],[128.65987,36.84951],[128.65673,36.85196],[128.65659,36.85203],[128.6556,36.85247],[128.65517,36.85263],[128.6496,36.85423],[128.6471,36.85483],[128.64697,36.85477],[128.6466,36.85462],[128.64648,36.85457],[128.64627,36.85455],[128.64572,36.8546],[128.64566,36.8546],[128.64551,36.85462],[128.64529,36.85468],[128.64333,36.85564],[128.64313,36.85577],[128.64215,36.85676],[128.64209,36.85683],[128.64201,36.85696],[128.64194,36.85713],[128.64194,36.85721],[128.64194,36.85732],[128.64338,36.86147],[128.64432,36.8634],[128.64437,36.86348],[128.64456,36.86364],[128.64557,36.86444],[128.64571,36.86453],[128.64856,36.86598],[128.65,36.86668],[128.65018,36.86675],[128.65043,36.86685],[128.65203,36.86705],[128.65311,36.86711],[128.65432,36.86796],[128.65568,36.86915],[128.65577,36.86924],[128.6558,36.86935],[128.65592,36.86971],[128.65599,36.87007],[128.65598,36.87022],[128.65596,36.87031],[128.65561,36.87161],[128.65532,36.87263],[128.65411,36.87439],[128.65337,36.87537],[128.65333,36.87542],[128.65316,36.87552],[128.65276,36.87573],[128.65205,36.87614],[128.65178,36.87632],[128.65007,36.87793],[128.65003,36.87797],[128.65,36.87806],[128.64997,36.87815],[128.64999,36.87826],[128.65002,36.87836],[128.65052,36.87981],[128.65086,36.88052],[128.65096,36.88062],[128.65108,36.88071],[128.65135,36.88081],[128.65149,36.8809],[128.65186,36.8812],[128.65193,36.88129],[128.65197,36.88139],[128.65198,36.88148],[128.65192,36.8816],[128.65178,36.88178],[128.65171,36.8818],[128.6511,36.88175],[128.64976,36.88163],[128.64955,36.88158],[128.64938,36.88152],[128.64875,36.88126],[128.64832,36.88106],[128.64784,36.88084],[128.64776,36.88077],[128.6476,36.8806],[128.64748,36.88046],[128.64725,36.88027],[128.64697,36.88014],[128.64675,36.88005],[128.64564,36.87965],[128.64495,36.87947],[128.64476,36.87946],[128.64468,36.87948],[128.64442,36.8801],[128.64429,36.88023],[128.64339,36.88075],[128.64279,36.88105],[128.64249,36.88116],[128.64225,36.88129],[128.64204,36.88143],[128.64094,36.88236],[128.63816,36.88505],[128.63803,36.88522],[128.63796,36.88534],[128.63792,36.88544],[128.63736,36.88768],[128.64101,36.8913],[128.64112,36.89145],[128.64118,36.89157],[128.64125,36.89252],[128.64124,36.89263],[128.64178,36.89465],[128.6428,36.89609],[128.6436,36.89793],[128.64803,36.90525],[128.64911,36.90946],[128.64913,36.90952],[128.64958,36.91018],[128.64971,36.91036],[128.65105,36.91096],[128.65129,36.91101],[128.65446,36.91152],[128.6546,36.91152],[128.65479,36.91145],[128.65504,36.911],[128.65508,36.9108],[128.65498,36.91052],[128.65492,36.91026],[128.65493,36.90995],[128.65506,36.90973],[128.65517,36.90962],[128.65536,36.90957],[128.65742,36.90931],[128.65857,36.90931],[128.65867,36.90932],[128.65888,36.90952],[128.65909,36.90979],[128.65913,36.90995],[128.65913,36.91012],[128.65917,36.91018],[128.66632,36.91782],[128.66728,36.91828],[128.66751,36.91837],[128.66783,36.91842],[128.66798,36.91843],[128.66813,36.91839],[128.66832,36.91829],[128.66847,36.91815],[128.66855,36.91811],[128.66861,36.91811],[128.66871,36.91819],[128.66948,36.91915],[128.66949,36.91923],[128.66942,36.91942],[128.66933,36.9195],[128.66907,36.91962],[128.66843,36.91983],[128.67035,36.92044],[128.67211,36.92047],[128.67697,36.92037],[128.6785,36.92007],[128.6794,36.91981],[128.68177,36.91884],[128.6849,36.91744],[128.68562,36.91732],[128.68571,36.91731],[128.68766,36.91757],[128.68788,36.91763],[128.68893,36.9182],[128.69357,36.92065],[128.69449,36.92065],[128.69456,36.92067],[128.69459,36.92071],[128.69604,36.92478],[128.69619,36.92614],[128.69613,36.92627],[128.69493,36.92788],[128.69383,36.93065],[128.69383,36.93071],[128.69385,36.93077],[128.69416,36.93134],[128.69425,36.93151],[128.69558,36.93287],[128.69707,36.93402],[128.69719,36.93411],[128.69764,36.93444],[128.69768,36.93444],[128.69775,36.93445],[128.69888,36.93427],[128.69897,36.93425],[128.70225,36.93319],[128.70321,36.93286],[128.70534,36.93206],[128.70539,36.93204],[128.70547,36.932],[128.70552,36.93192],[128.70559,36.93177],[128.70626,36.92865],[128.70646,36.92667],[128.70645,36.92657],[128.70652,36.92646],[128.70666,36.92627],[128.70693,36.92591],[128.71074,36.92121],[128.71098,36.921],[128.7112,36.9208],[128.71135,36.92074],[128.71174,36.92063],[128.71209,36.92056],[128.71237,36.92049],[128.71248,36.92044],[128.71256,36.92035],[128.71403,36.91839],[128.71477,36.91719],[128.71509,36.91615],[128.71511,36.91605],[128.71508,36.91597],[128.71494,36.91579],[128.71468,36.91554],[128.71464,36.91547],[128.71458,36.91534],[128.71426,36.91382],[128.71426,36.91362],[128.71426,36.91347],[128.71435,36.91294],[128.71441,36.91281],[128.71446,36.91273],[128.71481,36.91238],[128.71883,36.90962],[128.71889,36.90959],[128.71913,36.90952],[128.71921,36.9095],[128.71928,36.9095],[128.71952,36.90956],[128.71967,36.90963],[128.71981,36.90972],[128.71987,36.90981],[128.7203,36.91044],[128.72039,36.91057],[128.72056,36.91112],[128.72059,36.91127],[128.72057,36.91135],[128.72054,36.91145],[128.72049,36.91152],[128.72037,36.91163],[128.72026,36.9117],[128.72018,36.91174],[128.72016,36.91177],[128.72016,36.91182],[128.72026,36.91193],[128.7235,36.91405],[128.72565,36.91418],[128.7257,36.91418],[128.7284,36.91388],[128.7285,36.91376],[128.73065,36.91011],[128.73005,36.90728],[128.73005,36.90721],[128.7301,36.90715],[128.73024,36.90705],[128.73037,36.90697],[128.73043,36.90693],[128.73047,36.90691],[128.73069,36.90679],[128.73081,36.90672],[128.73097,36.90665],[128.73118,36.90657],[128.73141,36.9065],[128.73235,36.90636],[128.73245,36.90637],[128.73334,36.9067],[128.7334,36.90675],[128.73608,36.90904],[128.73546,36.91093],[128.73534,36.91101],[128.7353,36.91107],[128.73528,36.91131],[128.73527,36.91145],[128.73532,36.91218],[128.73533,36.91224],[128.7367,36.91395],[128.73679,36.91402],[128.73705,36.91414],[128.73819,36.91462],[128.73852,36.91471],[128.73874,36.91474],[128.73909,36.91473],[128.73921,36.91474],[128.73936,36.91475],[128.74035,36.91521],[128.74507,36.91794],[128.74512,36.91798],[128.74915,36.92206],[128.74929,36.92235],[128.74915,36.92276],[128.74869,36.92308],[128.7482,36.92354],[128.7481,36.92392],[128.74847,36.92428],[128.74974,36.92507],[128.75047,36.92533],[128.75174,36.92566],[128.75272,36.92575],[128.75565,36.92375],[128.75649,36.92295],[128.75739,36.92217],[128.75796,36.92193],[128.75828,36.92199],[128.75909,36.92278],[128.75993,36.9238],[128.76017,36.92391],[128.76302,36.92446],[128.76304,36.92531],[128.76441,36.92936],[128.76627,36.93115],[128.76722,36.93156],[128.76765,36.93198],[128.76795,36.93239],[128.76789,36.93416],[128.76783,36.93466],[128.76767,36.93507],[128.76721,36.93559],[128.76713,36.93587],[128.76734,36.93633],[128.76742,36.93646],[128.76813,36.93662],[128.76837,36.93664],[128.76943,36.93633],[128.77426,36.93651]]]]}},{"type":"Feature","properties":{"code":"47920310","name":"물야면","parent":"47920"},"geometry":{"type":"MultiPolygon","coordinates":[[[[128.75137,37.02832],[128.75607,37.02816],[128.75647,37.02814],[128.76166,37.02655],[128.76203,37.02641],[128.76282,37.02589],[128.76305,37.02554],[128.76344,37.02508],[128.7637,37.02492],[128.766,37.02404],[128.76638,37.02392],[128.77099,37.02358],[128.77315,37.02346],[128.77435,37.02342],[128.77459,37.02344],[128.77499,37.02344],[128.77535,37.02332],[128.77828,37.02216],[128.77973,37.02143],[128.78006,37.02115],[128.7801,37.02082],[128.77993,37.01942],[128.77954,37.0182],[128.77921,37.01736],[128.77777,37.01682],[128.77734,37.01653],[128.77725,37.01625],[128.77736,37.01419],[128.77735,37.01092],[128.7773,37.01056],[128.77615,37.00768],[128.77599,37.00732],[128.77442,37.00592],[128.77402,37.00563],[128.77372,37.00542],[128.77352,37.00531],[128.77314,37.00483],[128.77256,37.0038],[128.77245,37.00349],[128.77237,37.00311],[128.77253,37.00288],[128.77764,36.99854],[128.77911,36.99776],[128.78047,36.99696],[128.78077,36.99642],[128.78093,36.99552],[128.7811,36.99507],[128.78194,36.99463],[128.7834,36.99431],[128.78446,36.99414],[128.7856,36.99418],[128.78736,36.9948],[128.79026,36.99576],[128.79064,36.99576],[128.79727,36.99218],[128.80142,36.9899],[128.80186,36.98955],[128.80463,36.98656],[128.80735,36.98386],[128.81107,36.981],[128.81083,36.98013],[128.81064,36.9796],[128.81013,36.97856],[128.80967,36.97795],[128.80902,36.9774],[128.80607,36.97622],[128.80569,36.97618],[128.80466,36.97611],[128.80403,36.97618],[128.80352,36.97607],[128.79984,36.97425],[128.798,36.97242],[128.79748,36.97166],[128.79703,36.97101],[128.79654,36.97066],[128.79586,36.97037],[128.79212,36.97013],[128.79068,36.97021],[128.78987,36.97012],[128.78909,36.96982],[128.7839,36.96496],[128.78395,36.96467],[128.78485,36.96298],[128.78534,36.96246],[128.78599,36.96163],[128.78613,36.96072],[128.78624,36.95991],[128.78431,36.95395],[128.78267,36.94966],[128.78207,36.94848],[128.78188,36.94807],[128.78202,36.9478],[128.78283,36.94713],[128.78406,36.94522],[128.78414,36.94461],[128.78406,36.94417],[128.78366,36.94376],[128.78295,36.94343],[128.78233,36.94334],[128.78141,36.94336],[128.781,36.94323],[128.77852,36.94053],[128.77703,36.9389],[128.77544,36.93683],[128.77426,36.93651],[128.76943,36.93633],[128.76837,36.93664],[128.76813,36.93662],[128.76742,36.93646],[128.76734,36.93633],[128.76713,36.93587],[128.76721,36.93559],[128.76767,36.93507],[128.76783,36.93466],[128.76789,36.93416],[128.76795,36.93239],[128.76765,36.93198],[128.76722,36.93156],[128.76627,36.93115],[128.76441,36.92936],[128.76304,36.92531],[128.76302,36.92446],[128.76017,36.92391],[128.75993,36.9238],[128.75909,36.92278],[128.75828,36.92199],[128.75796,36.92193],[128.75739,36.92217],[128.75649,36.92295],[128.75565,36.92375],[128.75272,36.92575],[128.75174,36.92566],[128.75047,36.92533],[128.74974,36.92507],[128.74847,36.92428],[128.7481,36.92392],[128.7482,36.92354],[128.74869,36.92308],[128.74915,36.92276],[128.74929,36.92235],[128.74915,36.92206],[128.74512,36.91798],[128.74507,36.91794],[128.74035,36.91521],[128.73936,36.91475],[128.73921,36.91474],[128.73909,36.91473],[128.73874,36.91474],[128.73852,36.91471],[128.73819,36.91462],[128.73705,36.91414],[128.73679,36.91402],[128.7367,36.91395],[128.73533,36.91224],[128.73532,36.91218],[128.73527,36.91145],[128.73528,36.91131],[128.7353,36.91107],[128.73534,36.91101],[128.73546,36.91093],[128.73608,36.90904],[128.7334,36.90675],[128.73334,36.9067],[128.73245,36.90637],[128.73235,36.90636],[128.73141,36.9065],[128.73118,36.90657],[128.73097,36.90665],[128.73081,36.90672],[128.73069,36.90679],[128.73047,36.90691],[128.73043,36.90693],[128.73037,36.90697],[128.73024,36.90705],[128.7301,36.90715],[128.73005,36.90721],[128.73005,36.90728],[128.73065,36.91011],[128.7285,36.91376],[128.7284,36.91388],[128.7257,36.91418],[128.72565,36.91418],[128.7235,36.91405],[128.72026,36.91193],[128.72016,36.91182],[128.72016,36.91177],[128.72018,36.91174],[128.72026,36.9117],[128.72037,36.91163],[128.72049,36.91152],[128.72054,36.91145],[128.72057,36.91135],[128.72059,36.91127],[128.72056,36.91112],[128.72039,36.91057],[128.7203,36.91044],[128.71987,36.90981],[128.71981,36.90972],[128.71967,36.90963],[128.71952,36.90956],[128.71928,36.9095],[128.71921,36.9095],[128.71913,36.90952],[128.71889,36.90959],[128.71883,36.90962],[128.71481,36.91238],[128.71446,36.91273],[128.71441,36.91281],[128.71435,36.91294],[128.71426,36.91347],[128.71426,36.91362],[128.71426,36.91382],[128.71458,36.91534],[128.71464,36.91547],[128.71468,36.91554],[128.71494,36.91579],[128.71508,36.91597],[128.71511,36.91605],[128.71509,36.91615],[128.71477,36.91719],[128.71403,36.91839],[128.71256,36.92035],[128.71248,36.92044],[128.71237,36.92049],[128.71209,36.92056],[128.71174,36.92063],[128.71135,36.92074],[128.7112,36.9208],[128.71098,36.921],[128.71074,36.92121],[128.70693,36.92591],[128.70666,36.92627],[128.70652,36.92646],[128.70645,36.92657],[128.70646,36.92667],[128.70626,36.92865],[128.70559,36.93177],[128.70552,36.93192],[128.70547,36.932],[128.70539,36.93204],[128.70534,36.93206],[128.70321,36.93286],[128.70225,36.93319],[128.69897,36.93425],[128.69888,36.93427],[128.69775,36.93445],[128.69768,36.93444],[128.69764,36.93444],[128.69719,36.93411],[128.69707,36.93402],[128.69558,36.93287],[128.69425,36.93151],[128.69416,36.93134],[128.69385,36.93077],[128.69383,36.93071],[128.69383,36.93065],[128.69493,36.92788],[128.69613,36.92627],[128.69619,36.92614],[128.69604,36.92478],[128.69459,36.92071],[128.69456,36.92067],[128.69449,36.92065],[128.69357,36.92065],[128.68893,36.9182],[128.68788,36.91763],[128.68766,36.91757],[128.68571,36.91731],[128.68562,36.91732],[128.6849,36.91744],[128.68177,36.91884],[128.6794,36.91981],[128.6785,36.92007],[128.67697,36.92037],[128.67211,36.92047],[128.67035,36.92044],[128.66843,36.91983],[128.66714,36.9198],[128.66542,36.9214],[128.66573,36.92199],[128.66629,36.9231],[128.66639,36.92338],[128.66639,36.92341],[128.66467,36.9249],[128.6632,36.92593],[128.66235,36.92619],[128.66228,36.92623],[128.66215,36.92634],[128.66011,36.9284],[128.65989,36.92875],[128.65885,36.93077],[128.65883,36.9309],[128.65896,36.93219],[128.65901,36.93236],[128.65907,36.9324],[128.65924,36.93242],[128.6595,36.9324],[128.65977,36.9324],[128.65987,36.93241],[128.66067,36.93268],[128.66074,36.93275],[128.66095,36.93372],[128.66096,36.93381],[128.66173,36.93801],[128.66248,36.93938],[128.66428,36.94103],[128.6665,36.94246],[128.66658,36.94245],[128.67044,36.94388],[128.67515,36.9457],[128.67529,36.9458],[128.67538,36.94588],[128.67547,36.94605],[128.67608,36.94733],[128.67624,36.94772],[128.67651,36.94853],[128.67662,36.94919],[128.67644,36.95075],[128.67715,36.95293],[128.67723,36.95309],[128.67734,36.95328],[128.67742,36.95334],[128.67816,36.95375],[128.67829,36.95377],[128.67839,36.95377],[128.67849,36.95377],[128.67929,36.95372],[128.67956,36.95368],[128.67963,36.95363],[128.67982,36.95353],[128.68017,36.9534],[128.68029,36.95337],[128.68133,36.95339],[128.68145,36.9534],[128.68152,36.95342],[128.68161,36.9535],[128.68168,36.9537],[128.68172,36.95387],[128.68363,36.95754],[128.68467,36.9593],[128.68479,36.95938],[128.68499,36.95949],[128.68508,36.9595],[128.68526,36.95941],[128.68536,36.95935],[128.68542,36.95934],[128.68553,36.95936],[128.68583,36.95951],[128.68623,36.95972],[128.68626,36.95977],[128.68639,36.96188],[128.6865,36.96349],[128.68687,36.96889],[128.68703,36.96945],[128.68707,36.96955],[128.68717,36.96964],[128.68871,36.9711],[128.69047,36.97224],[128.69191,36.97311],[128.69201,36.97312],[128.69212,36.97315],[128.69229,36.97325],[128.69299,36.97378],[128.69302,36.97385],[128.69329,36.97662],[128.69329,36.97671],[128.6932,36.97691],[128.69136,36.97836],[128.6913,36.97839],[128.69099,36.97845],[128.69018,36.97934],[128.69048,36.98148],[128.69087,36.98268],[128.69128,36.98313],[128.69148,36.98333],[128.69172,36.98616],[128.69193,36.98894],[128.69204,36.99161],[128.69297,36.99367],[128.69317,36.99371],[128.69331,36.99378],[128.69341,36.99387],[128.69365,36.99408],[128.69379,36.99433],[128.69411,36.99587],[128.69419,36.99704],[128.6942,36.99845],[128.69407,36.99928],[128.69406,36.99939],[128.69402,36.99953],[128.69393,36.99983],[128.69336,37.00142],[128.69314,37.00203],[128.69294,37.00253],[128.69281,37.00275],[128.69279,37.0033],[128.69281,37.00356],[128.69285,37.00388],[128.69303,37.0041],[128.69591,37.00713],[128.69768,37.00859],[128.70033,37.01111],[128.70052,37.01133],[128.70132,37.01245],[128.70145,37.01275],[128.70141,37.01293],[128.70115,37.01323],[128.70067,37.01412],[128.70056,37.01452],[128.7006,37.01471],[128.70103,37.01615],[128.7011,37.01894],[128.70098,37.02041],[128.70043,37.02245],[128.7001,37.02453],[128.70008,37.02485],[128.70074,37.029],[128.70083,37.02931],[128.70199,37.03178],[128.70227,37.03223],[128.70271,37.03256],[128.703,37.03276],[128.70345,37.03294],[128.70558,37.03408],[128.70574,37.03427],[128.70602,37.03475],[128.70661,37.03654],[128.70685,37.03694],[128.70827,37.0387],[128.70894,37.03923],[128.71212,37.04221],[128.71248,37.04252],[128.71296,37.04273],[128.71411,37.04302],[128.7186,37.04396],[128.71912,37.04394],[128.72016,37.04371],[128.72577,37.04234],[128.72588,37.04231],[128.72616,37.04222],[128.72812,37.04115],[128.72919,37.04123],[128.72937,37.04122],[128.73368,37.04041],[128.73428,37.04028],[128.7347,37.04015],[128.73474,37.04014],[128.73522,37.03991],[128.7362,37.03932],[128.73837,37.03793],[128.73923,37.03731],[128.73999,37.03677],[128.7443,37.03358],[128.74542,37.03225],[128.74775,37.02996],[128.74939,37.02891],[128.75102,37.02838],[128.75137,37.02832]]]]}},{"type":"Feature","properties":{"code":"47920320","name":"봉성면","parent":"47920"},"geometry":{"type":"MultiPolygon","coordinates":[[[[128.85116,36.94331],[128.85135,36.94127],[128.85128,36.93951],[128.851,36.93861],[128.8505,36.9383],[128.84925,36.93806],[128.84879,36.93788],[128.84841,36.9374],[128.8478,36.93583],[128.84769,36.93523],[128.84822,36.93454],[128.84831,36.93405],[128.84759,36.93333],[128.84509,36.93201],[128.84429,36.93163],[128.84385,36.93148],[128.84129,36.93039],[128.83849,36.92883],[128.83823,36.92868],[128.83827,36.9284],[128.83851,36.92809],[128.83877,36.92774],[128.84013,36.92646],[128.84101,36.92549],[128.8411,36.92504],[128.84044,36.92311],[128.8399,36.92237],[128.83856,36.92133],[128.83734,36.9202],[128.83704,36.91974],[128.83652,36.91818],[128.83652,36.91785],[128.83693,36.91766],[128.83766,36.91756],[128.83963,36.91657],[128.83995,36.91636],[128.84193,36.91421],[128.84227,36.91312],[128.84227,36.91269],[128.84208,36.91218],[128.84156,36.91161],[128.84113,36.91134],[128.84043,36.91118],[128.83968,36.9111],[128.83888,36.91099],[128.83786,36.91084],[128.83721,36.91071],[128.83689,36.91059],[128.83661,36.91029],[128.83654,36.91017],[128.8361,36.90778],[128.83468,36.89959],[128.83712,36.89794],[128.8367,36.8971],[128.83542,36.8945],[128.83536,36.89374],[128.83524,36.89327],[128.83427,36.8918],[128.83384,36.89141],[128.83273,36.89134],[128.83104,36.88987],[128.83093,36.88939],[128.83095,36.88934],[128.83124,36.88879],[128.83126,36.88873],[128.8316,36.88832],[128.83177,36.8872],[128.83185,36.88595],[128.83166,36.88534],[128.83101,36.88404],[128.83026,36.88214],[128.83005,36.88157],[128.83022,36.88057],[128.83099,36.87973],[128.83197,36.87881],[128.83201,36.87855],[128.83261,36.8728],[128.83262,36.87257],[128.83257,36.87231],[128.83238,36.87194],[128.83231,36.87182],[128.83217,36.87162],[128.82933,36.86849],[128.82918,36.86838],[128.82903,36.86833],[128.82849,36.86825],[128.82817,36.86832],[128.82643,36.86943],[128.82482,36.87114],[128.8245,36.87133],[128.82386,36.87171],[128.82336,36.87191],[128.82259,36.87214],[128.81753,36.86765],[128.81623,36.86697],[128.81383,36.86272],[128.81264,36.86042],[128.81259,36.86011],[128.81255,36.85954],[128.81261,36.85908],[128.81272,36.85882],[128.81292,36.85864],[128.81322,36.8585],[128.81361,36.85839],[128.81832,36.85727],[128.81863,36.85726],[128.81888,36.85727],[128.81906,36.85732],[128.81969,36.8576],[128.82005,36.85772],[128.82037,36.85782],[128.82055,36.85783],[128.82068,36.85779],[128.82083,36.85769],[128.82093,36.85761],[128.82412,36.85269],[128.82582,36.84722],[128.82399,36.84763],[128.82364,36.84763],[128.82059,36.8472],[128.81994,36.84703],[128.81904,36.84674],[128.81837,36.84639],[128.81734,36.84575],[128.8164,36.84512],[128.81616,36.8449],[128.81596,36.8445],[128.81576,36.84422],[128.81547,36.844],[128.81319,36.84265],[128.81306,36.84265],[128.80612,36.84777],[128.80574,36.84809],[128.80533,36.84861],[128.80495,36.84921],[128.80469,36.84996],[128.80454,36.8506],[128.80452,36.85092],[128.80455,36.85172],[128.80446,36.85273],[128.80431,36.85305],[128.80406,36.85335],[128.80386,36.85347],[128.80367,36.85352],[128.80345,36.85351],[128.8027,36.85331],[128.80151,36.85301],[128.80083,36.85285],[128.80059,36.8528],[128.79965,36.85264],[128.7991,36.85261],[128.79875,36.85266],[128.79842,36.85281],[128.79799,36.85306],[128.79751,36.85358],[128.79728,36.85395],[128.79724,36.85412],[128.79724,36.85432],[128.79725,36.85456],[128.79789,36.85864],[128.79895,36.86129],[128.79904,36.86142],[128.79908,36.86148],[128.79909,36.86176],[128.79906,36.86203],[128.79771,36.86516],[128.79762,36.86525],[128.79751,36.86531],[128.79735,36.86535],[128.7916,36.86604],[128.79145,36.86601],[128.79117,36.8659],[128.79092,36.8657],[128.79037,36.86509],[128.79011,36.86478],[128.78931,36.86388],[128.78806,36.86262],[128.78768,36.86227],[128.78742,36.86211],[128.78732,36.86205],[128.78716,36.86195],[128.78688,36.86178],[128.7864,36.86162],[128.78618,36.86158],[128.78568,36.86163],[128.78534,36.86166],[128.78472,36.86177],[128.78209,36.86268],[128.78188,36.86281],[128.78178,36.86291],[128.78043,36.86469],[128.78017,36.86507],[128.77938,36.86644],[128.77919,36.86684],[128.77911,36.86735],[128.77914,36.86797],[128.77921,36.86875],[128.77924,36.86887],[128.77931,36.86899],[128.77945,36.86913],[128.77963,36.86925],[128.78142,36.87032],[128.7816,36.87039],[128.78186,36.87047],[128.78232,36.87056],[128.78479,36.87102],[128.78949,36.87264],[128.78967,36.87274],[128.7898,36.8729],[128.78986,36.87307],[128.78991,36.87354],[128.78993,36.87406],[128.79191,36.8779],[128.79338,36.88036],[128.79356,36.8835],[128.79342,36.884],[128.79296,36.88469],[128.79269,36.88487],[128.79196,36.88532],[128.7909,36.88708],[128.79073,36.88748],[128.79081,36.888],[128.79108,36.88867],[128.7913,36.88935],[128.79124,36.8898],[128.79112,36.88996],[128.79102,36.89009],[128.79067,36.89017],[128.79002,36.89017],[128.78737,36.8893],[128.78437,36.88801],[128.78367,36.88759],[128.78315,36.88666],[128.78264,36.88542],[128.78265,36.88507],[128.78284,36.8848],[128.78293,36.88455],[128.78284,36.88426],[128.7819,36.88265],[128.78168,36.88265],[128.77986,36.88271],[128.77918,36.88293],[128.7781,36.88351],[128.77753,36.88403],[128.77634,36.88533],[128.7766,36.88635],[128.77625,36.88659],[128.77449,36.8872],[128.77392,36.88726],[128.77292,36.88722],[128.77257,36.88737],[128.77205,36.88778],[128.76947,36.89061],[128.76936,36.89102],[128.76857,36.89406],[128.76854,36.89452],[128.76845,36.89805],[128.76853,36.89831],[128.76993,36.89942],[128.77021,36.89953],[128.77126,36.90199],[128.77173,36.90474],[128.7721,36.90804],[128.7754,36.91003],[128.77648,36.91049],[128.77786,36.9111],[128.77832,36.91158],[128.77832,36.91187],[128.77828,36.9119],[128.77808,36.91224],[128.77799,36.9124],[128.7778,36.91312],[128.77736,36.91596],[128.77578,36.9191],[128.77607,36.92141],[128.77653,36.92202],[128.77699,36.92267],[128.77696,36.92317],[128.77668,36.92613],[128.77651,36.92737],[128.77599,36.9285],[128.77561,36.9294],[128.77566,36.92994],[128.77623,36.93077],[128.77637,36.93105],[128.77669,36.93257],[128.7766,36.93299],[128.77497,36.93597],[128.77426,36.93651],[128.77544,36.93683],[128.77703,36.9389],[128.77852,36.94053],[128.781,36.94323],[128.78141,36.94336],[128.78233,36.94334],[128.78295,36.94343],[128.78366,36.94376],[128.78406,36.94417],[128.78414,36.94461],[128.78406,36.94522],[128.78283,36.94713],[128.78202,36.9478],[128.78188,36.94807],[128.78207,36.94848],[128.78267,36.94966],[128.78431,36.95395],[128.78624,36.95991],[128.78613,36.96072],[128.78599,36.96163],[128.78534,36.96246],[128.78485,36.96298],[128.78395,36.96467],[128.7839,36.96496],[128.78909,36.96982],[128.78987,36.97012],[128.79068,36.97021],[128.79212,36.97013],[128.79586,36.97037],[128.79654,36.97066],[128.79703,36.97101],[128.79748,36.97166],[128.798,36.97242],[128.79984,36.97425],[128.80352,36.97607],[128.80403,36.97618],[128.80466,36.97611],[128.80569,36.97618],[128.80607,36.97622],[128.80902,36.9774],[128.80967,36.97795],[128.81013,36.97856],[128.81064,36.9796],[128.81083,36.98013],[128.81107,36.981],[128.81233,36.9805],[128.81502,36.97945],[128.81607,36.97871],[128.8165,36.97833],[128.8204,36.97626],[128.82387,36.97289],[128.82435,36.97226],[128.82443,36.97148],[128.82473,36.9711],[128.82536,36.97077],[128.82574,36.97071],[128.82741,36.97043],[128.82872,36.97005],[128.82956,36.96968],[128.83105,36.96892],[128.83161,36.96855],[128.83217,36.96804],[128.83308,36.96764],[128.83344,36.96749],[128.83485,36.96724],[128.83534,36.96719],[128.8363,36.96724],[128.83727,36.96705],[128.83847,36.96663],[128.84104,36.96557],[128.84596,36.96257],[128.84622,36.96233],[128.84621,36.96204],[128.8462,36.96202],[128.84619,36.96175],[128.84611,36.96139],[128.84593,36.96097],[128.84531,36.96031],[128.84467,36.95933],[128.84428,36.95831],[128.84414,36.95166],[128.84418,36.95113],[128.84442,36.95067],[128.84519,36.95006],[128.84578,36.9497],[128.84962,36.94763],[128.84927,36.94637],[128.84948,36.94549],[128.85116,36.94331]]]]}},{"type":"Feature","properties":{"code":"47920330","name":"법전면","parent":"47920"},"geometry":{"type":"MultiPolygon","coordinates":[[[[128.98047,36.8735],[128.98008,36.87251],[128.97968,36.87158],[128.9792,36.87075],[128.97855,36.87003],[128.97786,36.86941],[128.97751,36.86925],[128.97719,36.86921],[128.97675,36.86923],[128.97614,36.86944],[128.97507,36.87],[128.97414,36.8708],[128.97363,36.87143],[128.97318,36.87222],[128.97274,36.8734],[128.97266,36.87381],[128.97265,36.87399],[128.97265,36.87439],[128.97275,36.87509],[128.97291,36.87602],[128.97302,36.87668],[128.97299,36.87688],[128.97293,36.87701],[128.97259,36.87737],[128.97059,36.87914],[128.96982,36.8796],[128.96941,36.87976],[128.96888,36.87981],[128.96795,36.87969],[128.96713,36.87918],[128.96668,36.87842],[128.96673,36.8779],[128.96699,36.87746],[128.96715,36.87692],[128.96722,36.87656],[128.96731,36.87558],[128.96731,36.87494],[128.96725,36.8738],[128.96703,36.87257],[128.96667,36.87191],[128.96594,36.87093],[128.96288,36.8735],[128.96213,36.87386],[128.96132,36.87422],[128.96083,36.87438],[128.95977,36.87465],[128.95859,36.87498],[128.95781,36.87526],[128.95738,36.87549],[128.95707,36.87574],[128.95645,36.87625],[128.9558,36.87682],[128.95554,36.8771],[128.95549,36.8772],[128.95546,36.87739],[128.9554,36.87781],[128.95539,36.8779],[128.95518,36.87819],[128.95267,36.88076],[128.95072,36.88228],[128.95008,36.88263],[128.94957,36.88293],[128.94938,36.88311],[128.94752,36.88527],[128.94708,36.88582],[128.94681,36.88661],[128.94675,36.88733],[128.94692,36.88779],[128.94691,36.88849],[128.94687,36.88866],[128.94649,36.8891],[128.94552,36.88982],[128.94478,36.89014],[128.94367,36.89037],[128.94288,36.89064],[128.94252,36.89084],[128.94231,36.89104],[128.94205,36.89152],[128.94206,36.89323],[128.94222,36.89382],[128.94246,36.89456],[128.94251,36.89505],[128.9424,36.89542],[128.942,36.8961],[128.94129,36.89663],[128.93984,36.89763],[128.93659,36.89785],[128.93637,36.89783],[128.93617,36.89779],[128.93582,36.89755],[128.93559,36.89733],[128.93476,36.89671],[128.93373,36.89644],[128.93296,36.89628],[128.9321,36.89617],[128.93148,36.89617],[128.93071,36.89628],[128.93034,36.89616],[128.93003,36.89598],[128.92994,36.89578],[128.92995,36.89525],[128.92939,36.89312],[128.92807,36.88982],[128.9256,36.8845],[128.9252,36.88399],[128.92486,36.88365],[128.92173,36.88081],[128.92142,36.88066],[128.92063,36.88045],[128.92016,36.88054],[128.91993,36.88075],[128.91955,36.88114],[128.91926,36.88176],[128.91914,36.88223],[128.91951,36.88395],[128.91965,36.88509],[128.91964,36.88564],[128.91939,36.88688],[128.91918,36.8872],[128.9161,36.88979],[128.91593,36.88984],[128.91396,36.88899],[128.91356,36.88881],[128.91309,36.88847],[128.91258,36.88816],[128.91229,36.88815],[128.91198,36.88815],[128.90959,36.88897],[128.90945,36.8891],[128.90939,36.88938],[128.90905,36.89015],[128.90845,36.89088],[128.90709,36.89185],[128.90659,36.89209],[128.90645,36.89209],[128.90631,36.89194],[128.90632,36.89164],[128.90648,36.89127],[128.90662,36.8905],[128.90667,36.89011],[128.90653,36.88997],[128.9063,36.88982],[128.90603,36.88994],[128.90584,36.89011],[128.90352,36.89248],[128.90322,36.89312],[128.90292,36.89325],[128.90258,36.89327],[128.90226,36.89317],[128.89957,36.89148],[128.89902,36.89103],[128.89826,36.89033],[128.8966,36.88861],[128.89604,36.88762],[128.89593,36.88737],[128.89446,36.88561],[128.89401,36.88527],[128.89373,36.88513],[128.8935,36.8851],[128.89299,36.88519],[128.89028,36.88638],[128.88957,36.88677],[128.88879,36.88732],[128.88846,36.88762],[128.88808,36.88812],[128.8878,36.88851],[128.8861,36.88938],[128.88495,36.88962],[128.88378,36.88962],[128.88324,36.88978],[128.88295,36.89003],[128.88294,36.89028],[128.8832,36.89043],[128.88355,36.89063],[128.88397,36.89084],[128.88417,36.89108],[128.88426,36.89134],[128.8846,36.89257],[128.88445,36.89296],[128.88236,36.89755],[128.88186,36.89788],[128.8776,36.8997],[128.87635,36.89983],[128.87461,36.89798],[128.87451,36.89781],[128.87451,36.89737],[128.87478,36.89583],[128.87515,36.894],[128.87587,36.89111],[128.87391,36.88694],[128.87331,36.88635],[128.87274,36.88611],[128.87202,36.88639],[128.86939,36.88847],[128.86727,36.8902],[128.86693,36.89069],[128.86502,36.89144],[128.86053,36.89212],[128.85982,36.89171],[128.85899,36.891],[128.85737,36.88968],[128.85706,36.88954],[128.85518,36.88876],[128.85185,36.88831],[128.85064,36.88838],[128.84993,36.88849],[128.84984,36.8887],[128.84937,36.88949],[128.84874,36.89012],[128.84287,36.89168],[128.83536,36.89374],[128.83542,36.8945],[128.8367,36.8971],[128.83712,36.89794],[128.83468,36.89959],[128.8361,36.90778],[128.83654,36.91017],[128.83661,36.91029],[128.83689,36.91059],[128.83721,36.91071],[128.83786,36.91084],[128.83888,36.91099],[128.83968,36.9111],[128.84043,36.91118],[128.84113,36.91134],[128.84156,36.91161],[128.84208,36.91218],[128.84227,36.91269],[128.84227,36.91312],[128.84193,36.91421],[128.83995,36.91636],[128.83963,36.91657],[128.83766,36.91756],[128.83693,36.91766],[128.83652,36.91785],[128.83652,36.91818],[128.83704,36.91974],[128.83734,36.9202],[128.83856,36.92133],[128.8399,36.92237],[128.84044,36.92311],[128.8411,36.92504],[128.84101,36.92549],[128.84013,36.92646],[128.83877,36.92774],[128.83851,36.92809],[128.83827,36.9284],[128.83823,36.92868],[128.83849,36.92883],[128.84129,36.93039],[128.84385,36.93148],[128.84429,36.93163],[128.84509,36.93201],[128.84759,36.93333],[128.84831,36.93405],[128.84822,36.93454],[128.84769,36.93523],[128.8478,36.93583],[128.84841,36.9374],[128.84879,36.93788],[128.84925,36.93806],[128.8505,36.9383],[128.851,36.93861],[128.85128,36.93951],[128.85135,36.94127],[128.85116,36.94331],[128.85303,36.94368],[128.85372,36.9437],[128.85435,36.94351],[128.85484,36.94324],[128.85536,36.94273],[128.85579,36.94217],[128.8559,36.94204],[128.86024,36.94015],[128.86128,36.94037],[128.86206,36.94051],[128.8648,36.94043],[128.86542,36.94014],[128.86626,36.93972],[128.86687,36.9394],[128.86738,36.93919],[128.86751,36.93914],[128.86858,36.93918],[128.87087,36.93948],[128.87531,36.93988],[128.87573,36.93991],[128.87885,36.9391],[128.88338,36.93875],[128.88627,36.93863],[128.88756,36.93871],[128.88844,36.9386],[128.8894,36.93833],[128.88966,36.93811],[128.89253,36.93451],[128.89305,36.9333],[128.89397,36.93184],[128.89475,36.93063],[128.89551,36.92962],[128.89723,36.92834],[128.8997,36.92753],[128.90017,36.9275],[128.90044,36.92763],[128.90359,36.93004],[128.90663,36.92793],[128.9118,36.9254],[128.91255,36.925],[128.91417,36.92396],[128.91442,36.9236],[128.91484,36.92281],[128.9148,36.92205],[128.9145,36.92106],[128.9142,36.91952],[128.91427,36.91885],[128.91435,36.9184],[128.91474,36.91786],[128.9166,36.91694],[128.91967,36.91417],[128.92148,36.91247],[128.92159,36.91245],[128.92193,36.9124],[128.92218,36.9127],[128.92251,36.91367],[128.92285,36.91467],[128.92319,36.91571],[128.9235,36.9165],[128.9239,36.91721],[128.92438,36.91781],[128.9247,36.91821],[128.92518,36.91859],[128.92866,36.92111],[128.92935,36.92234],[128.93057,36.92438],[128.93077,36.92468],[128.93115,36.9251],[128.9325,36.92652],[128.93285,36.92676],[128.93353,36.92694],[128.93429,36.92725],[128.93463,36.92743],[128.93745,36.93062],[128.93748,36.93093],[128.93718,36.9318],[128.93701,36.93255],[128.93707,36.93281],[128.93835,36.9345],[128.9386,36.9347],[128.93903,36.93503],[128.93913,36.93519],[128.93983,36.93644],[128.93992,36.93683],[128.93973,36.93736],[128.93946,36.93784],[128.93918,36.9382],[128.93909,36.93839],[128.94103,36.93874],[128.94277,36.9385],[128.94366,36.93806],[128.94386,36.93787],[128.94425,36.93765],[128.94471,36.93759],[128.94791,36.93768],[128.94933,36.9379],[128.95042,36.9381],[128.95079,36.93828],[128.95215,36.93999],[128.95218,36.94041],[128.9521,36.94109],[128.95196,36.94156],[128.95201,36.94192],[128.95262,36.94299],[128.9531,36.94335],[128.95355,36.9436],[128.95439,36.94404],[128.95613,36.94752],[128.95796,36.94657],[128.96202,36.94453],[128.96392,36.94372],[128.96601,36.94304],[128.96924,36.94167],[128.97243,36.9394],[128.97275,36.93909],[128.97358,36.93761],[128.97485,36.93569],[128.97726,36.93359],[128.97774,36.93319],[128.97835,36.93282],[128.98184,36.93118],[128.98409,36.93021],[128.98453,36.92995],[128.98635,36.92835],[128.98754,36.92691],[128.98758,36.9267],[128.98744,36.92598],[128.98746,36.92572],[128.98803,36.92412],[128.98907,36.92116],[128.98946,36.92049],[128.98985,36.92007],[128.99033,36.91972],[128.99061,36.91942],[128.98972,36.91585],[128.98935,36.91551],[128.9882,36.91481],[128.98578,36.91339],[128.98552,36.91324],[128.98476,36.91316],[128.98399,36.91314],[128.98359,36.91306],[128.98322,36.91279],[128.98292,36.9124],[128.98271,36.91189],[128.98276,36.91133],[128.98268,36.91039],[128.98227,36.90882],[128.98094,36.90754],[128.98008,36.90678],[128.97949,36.90636],[128.97921,36.90579],[128.97992,36.90331],[128.98025,36.90231],[128.98247,36.8983],[128.98378,36.89711],[128.98567,36.89546],[128.98691,36.89462],[128.98729,36.89438],[128.98803,36.89421],[128.98898,36.89427],[128.98922,36.8942],[128.98944,36.89398],[128.99041,36.89298],[128.99078,36.89122],[128.99085,36.8874],[128.99064,36.88582],[128.99017,36.88501],[128.99013,36.88337],[128.99032,36.88219],[128.99114,36.8809],[128.99236,36.88011],[128.99274,36.87942],[128.9925,36.87906],[128.98792,36.87705],[128.98496,36.87614],[128.98261,36.87518],[128.98117,36.87434],[128.98047,36.8735]]]]}},{"type":"Feature","properties":{"code":"47920340","name":"춘양면","parent":"47920"},"geometry":{"type":"MultiPolygon","coordinates":[[[[128.89573,37.0449],[128.89565,37.04466],[128.89549,37.04408],[128.89573,37.04315],[128.89605,37.04212],[128.89671,37.04127],[128.89758,37.0405],[128.89834,37.04003],[128.89899,37.03934],[128.89996,37.03779],[128.90019,37.03725],[128.90177,37.03318],[128.90185,37.03291],[128.90187,37.03249],[128.90162,37.03043],[128.90148,37.02972],[128.90117,37.02883],[128.9009,37.02753],[128.90076,37.02661],[128.90077,37.02499],[128.90079,37.02196],[128.90069,37.01944],[128.90065,37.01902],[128.89947,37.01642],[128.89886,37.01507],[128.89889,37.01443],[128.89928,37.01246],[128.8996,37.01192],[128.90032,37.01073],[128.90076,37.01018],[128.90231,37.00836],[128.90429,37.00592],[128.90436,37.00564],[128.90435,37.00556],[128.90432,37.00522],[128.90423,37.00435],[128.90432,37.00397],[128.9046,37.00289],[128.90475,37.00279],[128.90499,37.00263],[128.90694,37.00236],[128.9111,37.00122],[128.91371,36.99987],[128.91457,36.99932],[128.915,36.99903],[128.91758,36.99546],[128.91875,36.99319],[128.9197,36.99136],[128.91995,36.99097],[128.92058,36.99045],[128.92152,36.98989],[128.92223,36.98957],[128.92301,36.98957],[128.92392,36.98983],[128.92449,36.99002],[128.925,36.99057],[128.9254,36.9908],[128.92788,36.99124],[128.92893,36.99113],[128.92919,36.99104],[128.9295,36.99095],[128.93275,36.98936],[128.93368,36.98883],[128.93559,36.98755],[128.93722,36.98602],[128.93917,36.98374],[128.94025,36.98203],[128.94137,36.98069],[128.94412,36.97769],[128.94464,36.97751],[128.94566,36.97729],[128.94739,36.97691],[128.94928,36.97643],[128.9496,36.97625],[128.94982,36.97586],[128.95074,36.97371],[128.95238,36.97084],[128.95462,36.9675],[128.95582,36.96593],[128.95597,36.9651],[128.95592,36.96428],[128.95588,36.96385],[128.95638,36.96271],[128.95675,36.96205],[128.95718,36.96156],[128.95793,36.9612],[128.95866,36.96099],[128.96001,36.9604],[128.96101,36.95972],[128.962,36.95825],[128.96228,36.95459],[128.96222,36.95425],[128.96154,36.95353],[128.96066,36.95291],[128.95994,36.95246],[128.95892,36.95211],[128.95835,36.95196],[128.9576,36.95133],[128.95716,36.95068],[128.95579,36.94787],[128.95613,36.94752],[128.95439,36.94404],[128.95355,36.9436],[128.9531,36.94335],[128.95262,36.94299],[128.95201,36.94192],[128.95196,36.94156],[128.9521,36.94109],[128.95218,36.94041],[128.95215,36.93999],[128.95079,36.93828],[128.95042,36.9381],[128.94933,36.9379],[128.94791,36.93768],[128.94471,36.93759],[128.94425,36.93765],[128.94386,36.93787],[128.94366,36.93806],[128.94277,36.9385],[128.94103,36.93874],[128.93909,36.93839],[128.93918,36.9382],[128.93946,36.93784],[128.93973,36.93736],[128.93992,36.93683],[128.93983,36.93644],[128.93913,36.93519],[128.93903,36.93503],[128.9386,36.9347],[128.93835,36.9345],[128.93707,36.93281],[128.93701,36.93255],[128.93718,36.9318],[128.93748,36.93093],[128.93745,36.93062],[128.93463,36.92743],[128.93429,36.92725],[128.93353,36.92694],[128.93285,36.92676],[128.9325,36.92652],[128.93115,36.9251],[128.93077,36.92468],[128.93057,36.92438],[128.92935,36.92234],[128.92866,36.92111],[128.92518,36.91859],[128.9247,36.91821],[128.92438,36.91781],[128.9239,36.91721],[128.9235,36.9165],[128.92319,36.91571],[128.92285,36.91467],[128.92251,36.91367],[128.92218,36.9127],[128.92193,36.9124],[128.92159,36.91245],[128.92148,36.91247],[128.91967,36.91417],[128.9166,36.91694],[128.91474,36.91786],[128.91435,36.9184],[128.91427,36.91885],[128.9142,36.91952],[128.9145,36.92106],[128.9148,36.92205],[128.91484,36.92281],[128.91442,36.9236],[128.91417,36.92396],[128.91255,36.925],[128.9118,36.9254],[128.90663,36.92793],[128.90359,36.93004],[128.90044,36.92763],[128.90017,36.9275],[128.8997,36.92753],[128.89723,36.92834],[128.89551,36.92962],[128.89475,36.93063],[128.89397,36.93184],[128.89305,36.9333],[128.89253,36.93451],[128.88966,36.93811],[128.8894,36.93833],[128.88844,36.9386],[128.88756,36.93871],[128.88627,36.93863],[128.88338,36.93875],[128.87885,36.9391],[128.87573,36.93991],[128.87531,36.93988],[128.87087,36.93948],[128.86858,36.93918],[128.86751,36.93914],[128.86738,36.93919],[128.86687,36.9394],[128.86626,36.93972],[128.86542,36.94014],[128.8648,36.94043],[128.86206,36.94051],[128.86128,36.94037],[128.86024,36.94015],[128.8559,36.94204],[128.85579,36.94217],[128.85536,36.94273],[128.85484,36.94324],[128.85435,36.94351],[128.85372,36.9437],[128.85303,36.94368],[128.85116,36.94331],[128.84948,36.94549],[128.84927,36.94637],[128.84962,36.94763],[128.84578,36.9497],[128.84519,36.95006],[128.84442,36.95067],[128.84418,36.95113],[128.84414,36.95166],[128.84428,36.95831],[128.84467,36.95933],[128.84531,36.96031],[128.84593,36.96097],[128.84611,36.96139],[128.84619,36.96175],[128.8462,36.96202],[128.84621,36.96204],[128.84622,36.96233],[128.84596,36.96257],[128.84104,36.96557],[128.83847,36.96663],[128.83727,36.96705],[128.8363,36.96724],[128.83534,36.96719],[128.83485,36.96724],[128.83344,36.96749],[128.83308,36.96764],[128.83217,36.96804],[128.83161,36.96855],[128.83105,36.96892],[128.82956,36.96968],[128.82872,36.97005],[128.82741,36.97043],[128.82574,36.97071],[128.82536,36.97077],[128.82473,36.9711],[128.82443,36.97148],[128.82435,36.97226],[128.82387,36.97289],[128.8204,36.97626],[128.8165,36.97833],[128.81607,36.97871],[128.81502,36.97945],[128.81233,36.9805],[128.81107,36.981],[128.80735,36.98386],[128.80463,36.98656],[128.80186,36.98955],[128.80142,36.9899],[128.79727,36.99218],[128.79064,36.99576],[128.79026,36.99576],[128.78736,36.9948],[128.7856,36.99418],[128.78446,36.99414],[128.7834,36.99431],[128.78194,36.99463],[128.7811,36.99507],[128.78093,36.99552],[128.78077,36.99642],[128.78047,36.99696],[128.77911,36.99776],[128.77764,36.99854],[128.77253,37.00288],[128.77237,37.00311],[128.77245,37.00349],[128.77256,37.0038],[128.77314,37.00483],[128.77352,37.00531],[128.77372,37.00542],[128.77402,37.00563],[128.77442,37.00592],[128.77599,37.00732],[128.77615,37.00768],[128.7773,37.01056],[128.77735,37.01092],[128.77736,37.01419],[128.77725,37.01625],[128.77734,37.01653],[128.77777,37.01682],[128.77921,37.01736],[128.77954,37.0182],[128.77993,37.01942],[128.7801,37.02082],[128.78006,37.02115],[128.77973,37.02143],[128.77828,37.02216],[128.77535,37.02332],[128.77499,37.02344],[128.77459,37.02344],[128.77435,37.02342],[128.77315,37.02346],[128.77099,37.02358],[128.76638,37.02392],[128.766,37.02404],[128.7637,37.02492],[128.76344,37.02508],[128.76305,37.02554],[128.76282,37.02589],[128.76203,37.02641],[128.76166,37.02655],[128.75647,37.02814],[128.75607,37.02816],[128.75137,37.02832],[128.75158,37.02836],[128.7519,37.02847],[128.75235,37.02884],[128.75257,37.02911],[128.753,37.02976],[128.75321,37.03027],[128.75359,37.03095],[128.75382,37.03131],[128.75453,37.03204],[128.7548,37.03218],[128.75958,37.03457],[128.76061,37.03497],[128.76133,37.03513],[128.76172,37.03523],[128.76189,37.03546],[128.76209,37.03669],[128.76212,37.0371],[128.76146,37.04076],[128.76138,37.04116],[128.7611,37.04243],[128.76084,37.04347],[128.76014,37.04477],[128.75675,37.04873],[128.75501,37.05076],[128.75251,37.05451],[128.75222,37.05525],[128.75211,37.05584],[128.752,37.0564],[128.75198,37.05712],[128.75202,37.05754],[128.75209,37.05766],[128.75215,37.05777],[128.7537,37.06137],[128.75586,37.06656],[128.75647,37.06829],[128.75659,37.06872],[128.75666,37.06892],[128.75667,37.06895],[128.75707,37.07006],[128.75733,37.07001],[128.75789,37.06969],[128.75844,37.06929],[128.75886,37.06889],[128.759,37.06854],[128.75911,37.06824],[128.75924,37.06784],[128.75942,37.06728],[128.7595,37.06714],[128.75956,37.06705],[128.7633,37.06444],[128.76412,37.06395],[128.76465,37.0638],[128.76501,37.06399],[128.76634,37.06561],[128.76853,37.06847],[128.76851,37.06864],[128.76823,37.06917],[128.76823,37.06933],[128.76866,37.07242],[128.77006,37.07499],[128.77123,37.07614],[128.77357,37.07806],[128.77404,37.0783],[128.77484,37.0783],[128.7752,37.07835],[128.77727,37.07878],[128.77764,37.07886],[128.77793,37.07896],[128.77809,37.07919],[128.77752,37.08304],[128.77713,37.08354],[128.77595,37.08486],[128.77322,37.08735],[128.77523,37.08828],[128.77559,37.08847],[128.77588,37.08879],[128.77596,37.08897],[128.77604,37.08918],[128.77598,37.08964],[128.77598,37.08985],[128.77617,37.09002],[128.77978,37.09232],[128.78005,37.09235],[128.78017,37.09236],[128.78093,37.09189],[128.78259,37.09059],[128.78261,37.09056],[128.7829,37.09015],[128.78324,37.08948],[128.78428,37.08833],[128.78476,37.08787],[128.78506,37.08772],[128.78557,37.08769],[128.78616,37.08768],[128.78779,37.08766],[128.78918,37.08761],[128.79152,37.08741],[128.79438,37.08705],[128.79592,37.08707],[128.79596,37.08707],[128.79834,37.0869],[128.80121,37.08616],[128.80287,37.08536],[128.80335,37.08475],[128.80368,37.08421],[128.80381,37.084],[128.80409,37.08343],[128.80448,37.08263],[128.80498,37.08191],[128.80674,37.07969],[128.80836,37.07778],[128.80859,37.07753],[128.80898,37.07752],[128.81,37.07808],[128.81072,37.07845],[128.81239,37.07882],[128.81334,37.07879],[128.81614,37.07807],[128.82036,37.07766],[128.82164,37.07761],[128.82262,37.07761],[128.82343,37.07767],[128.82473,37.07796],[128.82698,37.0781],[128.82764,37.07796],[128.82836,37.07773],[128.83142,37.07623],[128.83178,37.07602],[128.83222,37.07577],[128.83253,37.07559],[128.83253,37.07555],[128.83254,37.0753],[128.83231,37.075],[128.83217,37.07488],[128.83208,37.07481],[128.83175,37.07432],[128.83154,37.07252],[128.83152,37.07157],[128.83149,37.07059],[128.83157,37.07002],[128.83176,37.06856],[128.83197,37.06799],[128.8322,37.06778],[128.83238,37.06774],[128.83397,37.06741],[128.83618,37.06639],[128.8399,37.0625],[128.84047,37.06174],[128.8407,37.06077],[128.84467,37.05472],[128.84491,37.05439],[128.84663,37.05216],[128.84709,37.05186],[128.8478,37.05154],[128.85084,37.05059],[128.85721,37.04934],[128.85748,37.04948],[128.8579,37.04974],[128.858,37.0498],[128.85865,37.05005],[128.85937,37.05009],[128.8601,37.04994],[128.8627,37.04938],[128.86364,37.04917],[128.86643,37.04834],[128.86681,37.04812],[128.86705,37.04798],[128.86717,37.04773],[128.86892,37.04639],[128.87103,37.04526],[128.87173,37.04497],[128.87273,37.04459],[128.87533,37.04477],[128.87545,37.0448],[128.87563,37.04485],[128.87621,37.04588],[128.8764,37.04622],[128.8766,37.04732],[128.87696,37.04961],[128.87757,37.05264],[128.87802,37.05344],[128.87832,37.05358],[128.87867,37.05334],[128.8795,37.05267],[128.88062,37.05194],[128.8814,37.05169],[128.88353,37.05119],[128.88489,37.05103],[128.88521,37.05099],[128.88582,37.05079],[128.88591,37.05072],[128.88621,37.05045],[128.88697,37.04929],[128.88711,37.04858],[128.88752,37.0481],[128.88801,37.04766],[128.88873,37.04713],[128.89247,37.04549],[128.89383,37.0449],[128.89573,37.0449]]]]}},{"type":"Feature","properties":{"code":"47920350","name":"소천면","parent":"47920"},"geometry":{"type":"MultiPolygon","coordinates":[[[[129.09093,36.99757],[129.09244,36.996],[129.0929,36.99526],[129.09302,36.99478],[129.09308,36.99388],[129.09311,36.99258],[129.0931,36.98973],[129.09305,36.98904],[129.09301,36.98878],[129.09291,36.98854],[129.0925,36.98812],[129.09094,36.9868],[129.09056,36.98636],[129.09044,36.98618],[129.09035,36.98597],[129.09017,36.98528],[129.09009,36.98453],[129.09014,36.98433],[129.09028,36.98403],[129.09085,36.9833],[129.09235,36.98144],[129.09466,36.97816],[129.09481,36.97784],[129.09502,36.97709],[129.09475,36.97469],[129.09456,36.97412],[129.09389,36.97293],[129.09241,36.97122],[129.09211,36.9706],[129.09195,36.97012],[129.09195,36.96983],[129.09203,36.9694],[129.0922,36.96854],[129.09222,36.96815],[129.09219,36.96572],[129.09203,36.96394],[129.09153,36.9626],[129.09119,36.96212],[129.09073,36.96174],[129.09,36.96132],[129.08931,36.96098],[129.08883,36.96093],[129.0881,36.96097],[129.08745,36.96117],[129.08711,36.96137],[129.08649,36.96203],[129.08619,36.96223],[129.0849,36.96293],[129.08419,36.96326],[129.08383,36.96336],[129.08297,36.96337],[129.08224,36.96323],[129.08186,36.96303],[129.08155,36.96274],[129.07789,36.95868],[129.0777,36.95826],[129.07759,36.95785],[129.07761,36.95754],[129.0778,36.95692],[129.07825,36.95629],[129.07896,36.95567],[129.07958,36.95527],[129.08006,36.95503],[129.08026,36.95503],[129.0807,36.95513],[129.08122,36.95532],[129.08198,36.95535],[129.08267,36.95532],[129.08347,36.95508],[129.08389,36.95493],[129.08415,36.95453],[129.08419,36.95403],[129.08424,36.95348],[129.08433,36.95313],[129.08454,36.95262],[129.08474,36.95242],[129.08504,36.95225],[129.08538,36.95219],[129.08623,36.95223],[129.08719,36.9522],[129.08751,36.95211],[129.08783,36.95183],[129.08812,36.95119],[129.08821,36.95049],[129.08803,36.94977],[129.08768,36.9493],[129.08707,36.94888],[129.08574,36.9482],[129.08437,36.94732],[129.08377,36.94686],[129.08366,36.94663],[129.08364,36.94643],[129.08373,36.94622],[129.084,36.94602],[129.09107,36.94494],[129.09152,36.94497],[129.09374,36.94548],[129.09586,36.94603],[129.09624,36.94612],[129.09652,36.9461],[129.09679,36.94601],[129.09725,36.94561],[129.09761,36.94526],[129.09796,36.94492],[129.09852,36.94444],[129.09921,36.94399],[129.09978,36.94366],[129.10026,36.94349],[129.10063,36.94345],[129.10093,36.9435],[129.10132,36.94364],[129.10169,36.94393],[129.10231,36.94475],[129.10276,36.94507],[129.10313,36.94514],[129.10372,36.94512],[129.10457,36.94492],[129.10576,36.94438],[129.10761,36.94352],[129.10797,36.94322],[129.10809,36.94306],[129.10807,36.94284],[129.1077,36.94213],[129.10692,36.94104],[129.10614,36.94018],[129.10523,36.9392],[129.10489,36.93882],[129.10472,36.93851],[129.10463,36.93828],[129.10461,36.93803],[129.1047,36.93782],[129.10507,36.9375],[129.11065,36.93408],[129.11117,36.93388],[129.11188,36.93369],[129.11272,36.93376],[129.11352,36.93398],[129.11439,36.93449],[129.11521,36.93477],[129.11824,36.93559],[129.11885,36.93564],[129.1194,36.93559],[129.11986,36.9355],[129.12316,36.9337],[129.12328,36.93363],[129.12344,36.93347],[129.12366,36.93322],[129.12391,36.93285],[129.12401,36.9327],[129.12418,36.93242],[129.12439,36.93198],[129.1245,36.93163],[129.12453,36.93099],[129.12463,36.93053],[129.12475,36.93029],[129.1249,36.93015],[129.12521,36.92998],[129.12619,36.92976],[129.12703,36.92957],[129.12784,36.92943],[129.12855,36.92935],[129.12979,36.9293],[129.13066,36.92923],[129.1316,36.92913],[129.13195,36.92908],[129.13226,36.92899],[129.13271,36.92883],[129.13662,36.92704],[129.13674,36.92694],[129.13683,36.9268],[129.1371,36.92594],[129.13725,36.92526],[129.1373,36.92496],[129.13745,36.92366],[129.13749,36.92324],[129.13751,36.9231],[129.13755,36.92277],[129.1376,36.92263],[129.13773,36.92238],[129.13791,36.92216],[129.1382,36.92195],[129.13833,36.92189],[129.13862,36.92183],[129.13906,36.92179],[129.13957,36.92179],[129.14021,36.92181],[129.14088,36.92187],[129.14142,36.92188],[129.14164,36.92186],[129.14185,36.92182],[129.14204,36.92173],[129.14228,36.92155],[129.14256,36.92115],[129.14312,36.92023],[129.14343,36.91924],[129.14355,36.91873],[129.14367,36.91814],[129.14381,36.91721],[129.14397,36.91631],[129.14434,36.91513],[129.1444,36.91496],[129.14464,36.91465],[129.14487,36.91446],[129.14541,36.91426],[129.147,36.91364],[129.14727,36.91347],[129.14753,36.91312],[129.14761,36.91288],[129.14764,36.91261],[129.1476,36.91243],[129.14747,36.91218],[129.14734,36.912],[129.14671,36.91158],[129.14601,36.91107],[129.1454,36.91061],[129.14513,36.91035],[129.14499,36.91017],[129.14495,36.90999],[129.14495,36.90975],[129.14505,36.90954],[129.14512,36.90941],[129.14529,36.90926],[129.14656,36.90869],[129.14755,36.90844],[129.14781,36.90836],[129.1479,36.90825],[129.14797,36.90807],[129.1484,36.90517],[129.14838,36.90503],[129.14809,36.90431],[129.14781,36.90392],[129.14721,36.90327],[129.14616,36.90219],[129.14488,36.90043],[129.1447,36.89995],[129.14466,36.89934],[129.1447,36.89887],[129.14478,36.89854],[129.14493,36.89834],[129.14524,36.89811],[129.14601,36.89772],[129.14659,36.89755],[129.14726,36.89728],[129.14819,36.8968],[129.14873,36.8965],[129.14903,36.89616],[129.14913,36.89589],[129.14918,36.89556],[129.14908,36.89191],[129.14894,36.8913],[129.14881,36.89092],[129.14905,36.89058],[129.14927,36.89032],[129.1499,36.88978],[129.15108,36.88907],[129.15298,36.88848],[129.15326,36.88842],[129.15375,36.88847],[129.15487,36.88878],[129.15493,36.88879],[129.15505,36.88875],[129.15519,36.88857],[129.15551,36.88772],[129.15566,36.88699],[129.1561,36.88428],[129.15608,36.8839],[129.15595,36.88365],[129.15559,36.88308],[129.15525,36.88228],[129.15521,36.88213],[129.15491,36.87943],[129.15491,36.87891],[129.15496,36.87846],[129.155,36.87831],[129.15513,36.87821],[129.155,36.87727],[129.15479,36.87673],[129.15406,36.87512],[129.15381,36.87478],[129.1533,36.87419],[129.15316,36.87409],[129.1529,36.87395],[129.15262,36.87384],[129.15065,36.87348],[129.15037,36.8735],[129.14896,36.87369],[129.14865,36.87379],[129.14784,36.87407],[129.14283,36.87361],[129.1383,36.87288],[129.13684,36.872],[129.13702,36.87155],[129.13696,36.87138],[129.13576,36.86928],[129.13555,36.86911],[129.13181,36.86614],[129.13099,36.86597],[129.13062,36.86585],[129.13008,36.8656],[129.12936,36.86501],[129.1286,36.86312],[129.12844,36.86208],[129.12848,36.86175],[129.12865,36.86121],[129.12849,36.85927],[129.12842,36.85887],[129.12834,36.85854],[129.12804,36.85827],[129.1276,36.85797],[129.12738,36.8579],[129.1262,36.85787],[129.12583,36.85781],[129.1254,36.85763],[129.12488,36.85721],[129.12462,36.85677],[129.12448,36.85626],[129.12436,36.85537],[129.12432,36.85429],[129.1243,36.85331],[129.12413,36.85265],[129.12382,36.85196],[129.12198,36.84803],[129.12188,36.84792],[129.11882,36.84472],[129.11803,36.84422],[129.11765,36.84413],[129.11699,36.84409],[129.11669,36.84409],[129.11624,36.84452],[129.11532,36.84596],[129.11207,36.85101],[129.11032,36.85209],[129.10926,36.85266],[129.10622,36.85388],[129.10524,36.85426],[129.10452,36.85451],[129.10423,36.85457],[129.10393,36.85455],[129.10372,36.85454],[129.10258,36.85428],[129.10203,36.85412],[129.10173,36.85402],[129.09819,36.8528],[129.09451,36.85161],[129.09373,36.8514],[129.08753,36.85024],[129.08713,36.85019],[129.08541,36.85025],[129.08449,36.85038],[129.08333,36.8506],[129.08146,36.85108],[129.08103,36.85124],[129.08069,36.85143],[129.08013,36.85177],[129.07903,36.8522],[129.07786,36.85251],[129.0755,36.85304],[129.07342,36.85347],[129.07187,36.85384],[129.07095,36.85412],[129.06969,36.85457],[129.06926,36.85487],[129.06814,36.85584],[129.06775,36.85614],[129.06746,36.85635],[129.06481,36.85759],[129.06366,36.85811],[129.06339,36.85821],[129.06148,36.85846],[129.06101,36.85838],[129.06032,36.85831],[129.05893,36.85842],[129.05813,36.85859],[129.057,36.85894],[129.05608,36.85939],[129.05554,36.85962],[129.05525,36.85969],[129.05506,36.85971],[129.05475,36.85968],[129.05109,36.85916],[129.04982,36.85885],[129.0491,36.85859],[129.04627,36.85635],[129.04587,36.85598],[129.04462,36.85475],[129.04392,36.85386],[129.04383,36.85365],[129.04377,36.85287],[129.04371,36.85271],[129.04356,36.85255],[129.04248,36.85182],[129.04217,36.85169],[129.04172,36.85151],[129.04003,36.85126],[129.03946,36.85142],[129.03915,36.85158],[129.03883,36.85196],[129.03872,36.85247],[129.03874,36.85292],[129.03867,36.85318],[129.03844,36.85342],[129.03643,36.85478],[129.03548,36.85522],[129.03349,36.85557],[129.03324,36.85556],[129.03153,36.85514],[129.03121,36.85512],[129.03085,36.85515],[129.03025,36.85533],[129.02918,36.85574],[129.02715,36.85651],[129.02658,36.85674],[129.02635,36.85691],[129.02623,36.85721],[129.02623,36.8574],[129.02636,36.8576],[129.02453,36.85957],[129.02007,36.85953],[129.0156,36.8621],[129.00965,36.86424],[129.00274,36.86704],[129.00255,36.86716],[129.00243,36.8673],[129.00233,36.86758],[129.00231,36.868],[129.00225,36.86828],[129.00215,36.8684],[129.00189,36.86855],[129.00162,36.86866],[129.00141,36.86874],[128.99964,36.86913],[128.99714,36.8697],[128.99685,36.86978],[128.99652,36.86992],[128.99637,36.87009],[128.99625,36.87036],[128.99619,36.8715],[128.99621,36.87242],[128.99619,36.87269],[128.99619,36.87277],[128.9961,36.87299],[128.996,36.87307],[128.99577,36.87315],[128.99553,36.87318],[128.99516,36.87316],[128.99478,36.87313],[128.99165,36.87259],[128.99142,36.87252],[128.99122,36.8724],[128.99109,36.87224],[128.99107,36.8721],[128.99112,36.87181],[128.99112,36.87166],[128.99104,36.87145],[128.99097,36.87135],[128.99083,36.87124],[128.99063,36.87114],[128.99048,36.87109],[128.98421,36.87035],[128.98394,36.87037],[128.98371,36.87042],[128.98341,36.87058],[128.98315,36.87085],[128.98308,36.87103],[128.98308,36.87126],[128.98312,36.87144],[128.9834,36.872],[128.98352,36.87225],[128.98352,36.87249],[128.98346,36.87272],[128.98331,36.87286],[128.98304,36.87302],[128.98266,36.87314],[128.98231,36.8732],[128.98047,36.8735],[128.98117,36.87434],[128.98261,36.87518],[128.98496,36.87614],[128.98792,36.87705],[128.9925,36.87906],[128.99274,36.87942],[128.99236,36.88011],[128.99114,36.8809],[128.99032,36.88219],[128.99013,36.88337],[128.99017,36.88501],[128.99064,36.88582],[128.99085,36.8874],[128.99078,36.89122],[128.99041,36.89298],[128.98944,36.89398],[128.98922,36.8942],[128.98898,36.89427],[128.98803,36.89421],[128.98729,36.89438],[128.98691,36.89462],[128.98567,36.89546],[128.98378,36.89711],[128.98247,36.8983],[128.98025,36.90231],[128.97992,36.90331],[128.97921,36.90579],[128.97949,36.90636],[128.98008,36.90678],[128.98094,36.90754],[128.98227,36.90882],[128.98268,36.91039],[128.98276,36.91133],[128.98271,36.91189],[128.98292,36.9124],[128.98322,36.91279],[128.98359,36.91306],[128.98399,36.91314],[128.98476,36.91316],[128.98552,36.91324],[128.98578,36.91339],[128.9882,36.91481],[128.98935,36.91551],[128.98972,36.91585],[128.99061,36.91942],[128.99033,36.91972],[128.98985,36.92007],[128.98946,36.92049],[128.98907,36.92116],[128.98803,36.92412],[128.98746,36.92572],[128.98744,36.92598],[128.98758,36.9267],[128.98754,36.92691],[128.98635,36.92835],[128.98453,36.92995],[128.98409,36.93021],[128.98184,36.93118],[128.97835,36.93282],[128.97774,36.93319],[128.97726,36.93359],[128.97485,36.93569],[128.97358,36.93761],[128.97275,36.93909],[128.97243,36.9394],[128.96924,36.94167],[128.96601,36.94304],[128.96392,36.94372],[128.96202,36.94453],[128.95796,36.94657],[128.95613,36.94752],[128.95579,36.94787],[128.95716,36.95068],[128.9576,36.95133],[128.95835,36.95196],[128.95892,36.95211],[128.95994,36.95246],[128.96066,36.95291],[128.96154,36.95353],[128.96222,36.95425],[128.96228,36.95459],[128.962,36.95825],[128.96101,36.95972],[128.96001,36.9604],[128.95866,36.96099],[128.95793,36.9612],[128.95718,36.96156],[128.95675,36.96205],[128.95638,36.96271],[128.95588,36.96385],[128.95592,36.96428],[128.95597,36.9651],[128.95582,36.96593],[128.95462,36.9675],[128.95238,36.97084],[128.95074,36.97371],[128.94982,36.97586],[128.9496,36.97625],[128.94928,36.97643],[128.94739,36.97691],[128.94566,36.97729],[128.94464,36.97751],[128.94412,36.97769],[128.94137,36.98069],[128.94025,36.98203],[128.93917,36.98374],[128.93722,36.98602],[128.93559,36.98755],[128.93368,36.98883],[128.93275,36.98936],[128.9295,36.99095],[128.92919,36.99104],[128.92893,36.99113],[128.92788,36.99124],[128.9254,36.9908],[128.925,36.99057],[128.92449,36.99002],[128.92392,36.98983],[128.92301,36.98957],[128.92223,36.98957],[128.92152,36.98989],[128.92058,36.99045],[128.91995,36.99097],[128.9197,36.99136],[128.91875,36.99319],[128.91758,36.99546],[128.915,36.99903],[128.91457,36.99932],[128.91371,36.99987],[128.9111,37.00122],[128.90694,37.00236],[128.90499,37.00263],[128.90475,37.00279],[128.9046,37.00289],[128.90432,37.00397],[128.90423,37.00435],[128.90432,37.00522],[128.90435,37.00556],[128.90436,37.00564],[128.90429,37.00592],[128.90231,37.00836],[128.90076,37.01018],[128.90032,37.01073],[128.8996,37.01192],[128.89928,37.01246],[128.89889,37.01443],[128.89886,37.01507],[128.89947,37.01642],[128.90065,37.01902],[128.90069,37.01944],[128.90079,37.02196],[128.90077,37.02499],[128.90076,37.02661],[128.9009,37.02753],[128.90117,37.02883],[128.90148,37.02972],[128.90162,37.03043],[128.90187,37.03249],[128.90185,37.03291],[128.90177,37.03318],[128.90019,37.03725],[128.89996,37.03779],[128.89899,37.03934],[128.89834,37.04003],[128.89758,37.0405],[128.89671,37.04127],[128.89605,37.04212],[128.89573,37.04315],[128.89549,37.04408],[128.89565,37.04466],[128.89573,37.0449],[128.89617,37.0449],[128.89696,37.04532],[128.89727,37.04575],[128.89713,37.04651],[128.8967,37.04887],[128.896,37.05522],[128.89606,37.05547],[128.89611,37.05566],[128.89737,37.05787],[128.89804,37.05849],[128.90061,37.05995],[128.90371,37.06206],[128.90407,37.06301],[128.90421,37.06325],[128.90442,37.06363],[128.90509,37.06416],[128.90537,37.06438],[128.9063,37.06511],[128.90973,37.06687],[128.91004,37.06689],[128.91314,37.06594],[128.91379,37.06542],[128.9143,37.06475],[128.91439,37.06438],[128.91459,37.06373],[128.91505,37.06253],[128.91533,37.0621],[128.91627,37.06109],[128.91682,37.06062],[128.91817,37.05991],[128.92021,37.0597],[128.92135,37.05937],[128.92628,37.05759],[128.92664,37.05732],[128.92682,37.05705],[128.92691,37.05646],[128.92731,37.05522],[128.92764,37.0544],[128.92863,37.05317],[128.92979,37.05221],[128.93038,37.05182],[128.93091,37.05123],[128.93104,37.0502],[128.93147,37.04889],[128.93169,37.04829],[128.9333,37.04795],[128.93687,37.04752],[128.93856,37.04731],[128.94052,37.04702],[128.94121,37.04676],[128.94272,37.04604],[128.94341,37.04562],[128.94448,37.04481],[128.94548,37.04403],[128.94672,37.04343],[128.94792,37.04336],[128.94893,37.04352],[128.95043,37.04399],[128.95342,37.04368],[128.95461,37.0434],[128.9585,37.04304],[128.96231,37.04331],[128.9645,37.04326],[128.96568,37.0431],[128.96688,37.04287],[128.96794,37.0426],[128.96819,37.04242],[128.96803,37.04197],[128.9675,37.0411],[128.96717,37.04025],[128.96722,37.03977],[128.96746,37.03879],[128.96763,37.03819],[128.96812,37.03769],[128.96877,37.03721],[128.97028,37.03628],[128.97293,37.0344],[128.97312,37.03425],[128.97338,37.03358],[128.97334,37.03287],[128.97361,37.03166],[128.9751,37.02904],[128.97577,37.02821],[128.97849,37.02602],[128.97944,37.02538],[128.98515,37.02503],[128.98888,37.0259],[128.99218,37.0267],[128.99261,37.02656],[128.99283,37.02648],[128.99495,37.02376],[128.99551,37.02264],[128.99596,37.02215],[128.99901,37.01987],[129.00066,37.01906],[129.00309,37.01923],[129.00316,37.02011],[129.00318,37.02049],[129.00327,37.02079],[129.00347,37.0214],[129.00355,37.02158],[129.00426,37.02298],[129.00435,37.02317],[129.00444,37.02334],[129.006,37.02483],[129.00606,37.02489],[129.00648,37.02523],[129.00677,37.02541],[129.00708,37.02558],[129.00753,37.02583],[129.00909,37.02664],[129.00915,37.02667],[129.00931,37.02671],[129.00938,37.02672],[129.01405,37.02717],[129.0151,37.02706],[129.01784,37.02529],[129.02071,37.02421],[129.02381,37.02366],[129.02486,37.02277],[129.02688,37.01977],[129.02701,37.01957],[129.02707,37.01945],[129.0271,37.01936],[129.02714,37.01922],[129.02716,37.0191],[129.02717,37.01873],[129.02715,37.01859],[129.02708,37.01834],[129.02701,37.01813],[129.027,37.01805],[129.02704,37.01728],[129.02705,37.01724],[129.02708,37.01719],[129.02723,37.01702],[129.02744,37.01687],[129.0276,37.01679],[129.02914,37.01637],[129.02983,37.01621],[129.03005,37.01617],[129.03034,37.0162],[129.03064,37.01623],[129.03075,37.01624],[129.03083,37.01622],[129.03414,37.0145],[129.0342,37.01444],[129.0348,37.01364],[129.03422,37.01281],[129.03365,37.01201],[129.03352,37.0118],[129.03348,37.01174],[129.03347,37.01169],[129.03347,37.01162],[129.0337,37.01083],[129.03426,37.00976],[129.0343,37.00973],[129.03755,37.00741],[129.03958,37.00596],[129.04016,37.00535],[129.0402,37.0053],[129.04035,37.00422],[129.04035,37.00414],[129.04034,37.00409],[129.04029,37.00395],[129.0402,37.00371],[129.04005,37.00337],[129.03975,37.00288],[129.04015,37.00222],[129.04244,36.99853],[129.0427,36.99813],[129.04312,36.99767],[129.04342,36.99742],[129.04373,36.99723],[129.04419,36.99706],[129.04502,36.99679],[129.04594,36.99652],[129.04664,36.99637],[129.04737,36.99633],[129.04797,36.99633],[129.04881,36.99633],[129.04952,36.99642],[129.04998,36.99653],[129.05038,36.99657],[129.05085,36.99653],[129.05155,36.99646],[129.05299,36.99629],[129.05432,36.99603],[129.05501,36.99586],[129.0619,36.9935],[129.06254,36.99327],[129.06371,36.99286],[129.06456,36.99252],[129.06605,36.99185],[129.06744,36.9909],[129.06812,36.99059],[129.07125,36.98944],[129.07205,36.98919],[129.07236,36.9891],[129.07269,36.98912],[129.07386,36.98943],[129.07598,36.99017],[129.07945,36.99137],[129.08006,36.99152],[129.08085,36.9916],[129.08257,36.99168],[129.08409,36.99167],[129.08464,36.99158],[129.08471,36.99156],[129.08513,36.99147],[129.08569,36.99146],[129.08631,36.99153],[129.08704,36.99175],[129.08766,36.99209],[129.08809,36.99247],[129.08893,36.99339],[129.08918,36.99377],[129.08925,36.99415],[129.08923,36.99439],[129.08908,36.99489],[129.08892,36.9952],[129.08887,36.99556],[129.08898,36.9961],[129.08936,36.997],[129.08969,36.99744],[129.09017,36.99772],[129.09093,36.99757]]]]}},{"type":"Feature","properties":{"code":"47920390","name":"석포면","parent":"47920"},"geometry":{"type":"MultiPolygon","coordinates":[[[[129.18544,37.04209],[129.18526,37.04184],[129.18422,37.03929],[129.18393,37.03848],[129.18009,37.03593],[129.17827,37.03323],[129.17816,37.03196],[129.17814,37.03185],[129.17771,37.03055],[129.1776,37.03033],[129.17742,37.03005],[129.17655,37.02885],[129.1764,37.02868],[129.17531,37.02771],[129.17141,37.02435],[129.17017,37.02351],[129.17007,37.02344],[129.16709,37.02179],[129.15973,37.01959],[129.1596,37.01956],[129.15954,37.01956],[129.15947,37.01954],[129.15937,37.01956],[129.1581,37.02028],[129.15664,37.02118],[129.15636,37.02142],[129.1563,37.02147],[129.15625,37.02158],[129.15623,37.02173],[129.15619,37.02192],[129.15615,37.02203],[129.15606,37.02214],[129.15597,37.02226],[129.15538,37.0227],[129.15471,37.02316],[129.15135,37.02358],[129.151,37.02359],[129.15085,37.02357],[129.15076,37.02353],[129.14982,37.0235],[129.149,37.02396],[129.14771,37.02471],[129.14718,37.02586],[129.14705,37.02612],[129.1459,37.02787],[129.14584,37.02794],[129.14473,37.02864],[129.14064,37.0315],[129.13968,37.03289],[129.13341,37.03454],[129.13327,37.03456],[129.13248,37.03459],[129.13235,37.03456],[129.1318,37.03437],[129.13156,37.03429],[129.12998,37.0337],[129.12976,37.03359],[129.1296,37.03348],[129.12946,37.03335],[129.12769,37.03131],[129.12758,37.03117],[129.12752,37.03105],[129.12624,37.03],[129.12278,37.029],[129.12271,37.029],[129.12177,37.02899],[129.12166,37.02899],[129.12151,37.029],[129.12141,37.02903],[129.12132,37.02905],[129.11972,37.02965],[129.11968,37.02977],[129.1196,37.02998],[129.11955,37.03008],[129.11951,37.03016],[129.11944,37.03026],[129.11937,37.03033],[129.11931,37.03037],[129.11926,37.03039],[129.11922,37.03039],[129.11916,37.03038],[129.1191,37.03035],[129.1126,37.02605],[129.10835,37.02504],[129.10651,37.02393],[129.10653,37.02386],[129.10653,37.02381],[129.10653,37.02375],[129.10651,37.02343],[129.10649,37.02338],[129.10647,37.02332],[129.10641,37.02323],[129.10375,37.02008],[129.1024,37.01895],[129.10232,37.01897],[129.10224,37.01898],[129.10212,37.01898],[129.1019,37.01898],[129.10182,37.01896],[129.10171,37.01893],[129.10129,37.01883],[129.10118,37.0188],[129.09772,37.01779],[129.09761,37.01775],[129.09749,37.0177],[129.09242,37.01449],[129.09194,37.01415],[129.09112,37.01343],[129.09078,37.01307],[129.09043,37.01261],[129.09041,37.01258],[129.0904,37.01253],[129.0904,37.01248],[129.09037,37.01236],[129.09033,37.01226],[129.09027,37.01218],[129.09004,37.01192],[129.08948,37.0113],[129.08903,37.0109],[129.08892,37.01082],[129.08776,37.01003],[129.08739,37.00985],[129.08722,37.00976],[129.08703,37.00969],[129.08661,37.00953],[129.08378,37.00819],[129.08365,37.00813],[129.08359,37.00809],[129.08356,37.00806],[129.08354,37.008],[129.08355,37.00794],[129.08364,37.00771],[129.08372,37.00762],[129.08506,37.00689],[129.08628,37.00636],[129.08637,37.00634],[129.08645,37.00634],[129.08657,37.00636],[129.08667,37.00639],[129.0868,37.00646],[129.08695,37.00661],[129.0871,37.00679],[129.08715,37.00682],[129.08723,37.00689],[129.08833,37.00769],[129.09025,37.00904],[129.09035,37.00908],[129.09052,37.00909],[129.09083,37.00905],[129.0933,37.00876],[129.09398,37.00854],[129.09471,37.00827],[129.0952,37.00801],[129.09557,37.00779],[129.09561,37.00776],[129.09563,37.00773],[129.09544,37.00773],[129.09532,37.00772],[129.09516,37.00767],[129.09506,37.00761],[129.09496,37.00754],[129.09359,37.00606],[129.0934,37.00582],[129.0933,37.00567],[129.09176,37.0029],[129.09096,36.99856],[129.09087,36.99796],[129.09093,36.99757],[129.09017,36.99772],[129.08969,36.99744],[129.08936,36.997],[129.08898,36.9961],[129.08887,36.99556],[129.08892,36.9952],[129.08908,36.99489],[129.08923,36.99439],[129.08925,36.99415],[129.08918,36.99377],[129.08893,36.99339],[129.08809,36.99247],[129.08766,36.99209],[129.08704,36.99175],[129.08631,36.99153],[129.08569,36.99146],[129.08513,36.99147],[129.08471,36.99156],[129.08464,36.99158],[129.08409,36.99167],[129.08257,36.99168],[129.08085,36.9916],[129.08006,36.99152],[129.07945,36.99137],[129.07598,36.99017],[129.07386,36.98943],[129.07269,36.98912],[129.07236,36.9891],[129.07205,36.98919],[129.07125,36.98944],[129.06812,36.99059],[129.06744,36.9909],[129.06605,36.99185],[129.06456,36.99252],[129.06371,36.99286],[129.06254,36.99327],[129.0619,36.9935],[129.05501,36.99586],[129.05432,36.99603],[129.05299,36.99629],[129.05155,36.99646],[129.05085,36.99653],[129.05038,36.99657],[129.04998,36.99653],[129.04952,36.99642],[129.04881,36.99633],[129.04797,36.99633],[129.04737,36.99633],[129.04664,36.99637],[129.04594,36.99652],[129.04502,36.99679],[129.04419,36.99706],[129.04373,36.99723],[129.04342,36.99742],[129.04312,36.99767],[129.0427,36.99813],[129.04244,36.99853],[129.04015,37.00222],[129.03975,37.00288],[129.04005,37.00337],[129.0402,37.00371],[129.04029,37.00395],[129.04034,37.00409],[129.04035,37.00414],[129.04035,37.00422],[129.0402,37.0053],[129.04016,37.00535],[129.03958,37.00596],[129.03755,37.00741],[129.0343,37.00973],[129.03426,37.00976],[129.0337,37.01083],[129.03347,37.01162],[129.03347,37.01169],[129.03348,37.01174],[129.03352,37.0118],[129.03365,37.01201],[129.03422,37.01281],[129.0348,37.01364],[129.0342,37.01444],[129.03414,37.0145],[129.03083,37.01622],[129.03075,37.01624],[129.03064,37.01623],[129.03034,37.0162],[129.03005,37.01617],[129.02983,37.01621],[129.02914,37.01637],[129.0276,37.01679],[129.02744,37.01687],[129.02723,37.01702],[129.02708,37.01719],[129.02705,37.01724],[129.02704,37.01728],[129.027,37.01805],[129.02701,37.01813],[129.02708,37.01834],[129.02715,37.01859],[129.02717,37.01873],[129.02716,37.0191],[129.02714,37.01922],[129.0271,37.01936],[129.02707,37.01945],[129.02701,37.01957],[129.02688,37.01977],[129.02486,37.02277],[129.02381,37.02366],[129.02071,37.02421],[129.01784,37.02529],[129.0151,37.02706],[129.01405,37.02717],[129.00938,37.02672],[129.00931,37.02671],[129.00915,37.02667],[129.00909,37.02664],[129.00753,37.02583],[129.00708,37.02558],[129.00677,37.02541],[129.00648,37.02523],[129.00606,37.02489],[129.006,37.02483],[129.00444,37.02334],[129.00435,37.02317],[129.00426,37.02298],[129.00355,37.02158],[129.00347,37.0214],[129.00327,37.02079],[129.00318,37.02049],[129.00316,37.02011],[129.00309,37.01923],[129.00066,37.01906],[128.99901,37.01987],[128.99596,37.02215],[128.99551,37.02264],[128.99495,37.02376],[128.99283,37.02648],[128.99261,37.02656],[128.99218,37.0267],[128.98888,37.0259],[128.98515,37.02503],[128.97944,37.02538],[128.97849,37.02602],[128.97577,37.02821],[128.9751,37.02904],[128.97361,37.03166],[128.97334,37.03287],[128.97338,37.03358],[128.97312,37.03425],[128.97293,37.0344],[128.97028,37.03628],[128.96877,37.03721],[128.96812,37.03769],[128.96763,37.03819],[128.96746,37.03879],[128.96722,37.03977],[128.96717,37.04025],[128.9675,37.0411],[128.96803,37.04197],[128.96819,37.04242],[128.96794,37.0426],[128.96688,37.04287],[128.96568,37.0431],[128.9645,37.04326],[128.96231,37.04331],[128.9585,37.04304],[128.95461,37.0434],[128.95342,37.04368],[128.95043,37.04399],[128.94893,37.04352],[128.94792,37.04336],[128.94672,37.04343],[128.94548,37.04403],[128.94448,37.04481],[128.94341,37.04562],[128.94272,37.04604],[128.94121,37.04676],[128.94052,37.04702],[128.93856,37.04731],[128.93687,37.04752],[128.9333,37.04795],[128.93169,37.04829],[128.93147,37.04889],[128.93104,37.0502],[128.93091,37.05123],[128.93038,37.05182],[128.92979,37.05221],[128.92863,37.05317],[128.92764,37.0544],[128.92731,37.05522],[128.92691,37.05646],[128.92682,37.05705],[128.92664,37.05732],[128.92628,37.05759],[128.92135,37.05937],[128.92021,37.0597],[128.91817,37.05991],[128.91682,37.06062],[128.91627,37.06109],[128.91533,37.0621],[128.91505,37.06253],[128.91459,37.06373],[128.91439,37.06438],[128.9143,37.06475],[128.91379,37.06542],[128.91314,37.06594],[128.91004,37.06689],[128.90973,37.06687],[128.90978,37.0697],[128.9098,37.0705],[128.90995,37.07134],[128.9106,37.07198],[128.91096,37.07218],[128.91109,37.07226],[128.91221,37.07285],[128.9127,37.07338],[128.91423,37.07592],[128.91648,37.07843],[128.91678,37.07872],[128.91727,37.07993],[128.91723,37.08061],[128.91656,37.08233],[128.91648,37.08333],[128.91652,37.08436],[128.91671,37.08487],[128.91896,37.08858],[128.91963,37.08955],[128.92054,37.09066],[128.9215,37.09151],[128.92232,37.09207],[128.9242,37.09245],[128.92529,37.09238],[128.92596,37.09223],[128.92719,37.09194],[128.9283,37.09182],[128.93011,37.09194],[128.93204,37.09225],[128.93643,37.09322],[128.93931,37.09493],[128.93975,37.09505],[128.94014,37.09515],[128.94163,37.09529],[128.94379,37.09525],[128.94459,37.09508],[128.94463,37.09506],[128.94553,37.09424],[128.94726,37.09263],[128.94875,37.09102],[128.94902,37.09044],[128.94934,37.08976],[128.95017,37.08816],[128.95054,37.08745],[128.95102,37.08664],[128.95169,37.08598],[128.95329,37.08487],[128.9536,37.08436],[128.9533,37.08348],[128.95306,37.08215],[128.95312,37.08165],[128.95361,37.08099],[128.9541,37.08052],[128.95548,37.07934],[128.95978,37.0775],[128.96031,37.07744],[128.9647,37.0788],[128.96571,37.07916],[128.96618,37.07937],[128.96656,37.08019],[128.96734,37.08081],[128.96862,37.08171],[128.96956,37.08213],[128.97235,37.08239],[128.97347,37.08244],[128.97387,37.08221],[128.97418,37.08203],[128.97605,37.08199],[128.97715,37.082],[128.98155,37.08306],[128.98204,37.0834],[128.98231,37.08365],[128.98306,37.08433],[128.98352,37.08451],[128.99169,37.08472],[128.9931,37.08456],[128.99315,37.0845],[128.99339,37.08425],[128.99363,37.08374],[128.99372,37.08355],[128.99459,37.08197],[128.99485,37.08152],[128.99522,37.08122],[128.99907,37.08037],[129.00327,37.07954],[129.00841,37.07867],[129.00852,37.07864],[129.00859,37.07859],[129.00887,37.07835],[129.00915,37.07816],[129.00926,37.07812],[129.01205,37.07806],[129.01327,37.07811],[129.01342,37.07814],[129.01354,37.07828],[129.01368,37.07846],[129.01441,37.07907],[129.01447,37.07908],[129.01452,37.07909],[129.01463,37.07906],[129.01484,37.07898],[129.01521,37.0788],[129.01747,37.07763],[129.01761,37.07755],[129.01771,37.07749],[129.01778,37.07744],[129.01781,37.07742],[129.01829,37.07707],[129.01863,37.07681],[129.01887,37.07661],[129.01896,37.07654],[129.01902,37.07649],[129.01915,37.0764],[129.01924,37.07635],[129.01948,37.07624],[129.01959,37.0762],[129.01968,37.07618],[129.01987,37.07616],[129.02003,37.07616],[129.02025,37.07618],[129.02068,37.07621],[129.0214,37.07627],[129.02164,37.07633],[129.02169,37.07634],[129.0218,37.07638],[129.02212,37.07653],[129.02223,37.0766],[129.02238,37.07671],[129.0225,37.07682],[129.02261,37.07695],[129.02272,37.0771],[129.02284,37.07715],[129.03431,37.07576],[129.03857,37.07418],[129.04054,37.07229],[129.04062,37.07225],[129.04073,37.07219],[129.04085,37.07212],[129.0413,37.07192],[129.05029,37.06842],[129.05049,37.06836],[129.05077,37.0683],[129.051,37.06827],[129.05114,37.06828],[129.05122,37.06828],[129.05139,37.0683],[129.05166,37.06837],[129.05184,37.06842],[129.05191,37.06845],[129.05196,37.06849],[129.05201,37.06855],[129.05207,37.06867],[129.05209,37.06873],[129.05215,37.06894],[129.05222,37.06916],[129.05227,37.06921],[129.05238,37.0693],[129.05268,37.06946],[129.05288,37.06953],[129.05294,37.06955],[129.05329,37.06964],[129.05369,37.06968],[129.05385,37.06968],[129.05411,37.06968],[129.05435,37.06965],[129.05458,37.06959],[129.05479,37.0695],[129.05489,37.06945],[129.05495,37.06942],[129.05509,37.06934],[129.05654,37.06834],[129.05755,37.06763],[129.05764,37.06757],[129.0577,37.06748],[129.0577,37.06743],[129.05768,37.06737],[129.05764,37.0673],[129.05755,37.06721],[129.05731,37.06702],[129.05728,37.067],[129.05722,37.06695],[129.05713,37.06685],[129.05707,37.06672],[129.05705,37.06664],[129.05704,37.06657],[129.05703,37.06646],[129.05716,37.06504],[129.05719,37.06496],[129.0572,37.06492],[129.05724,37.06486],[129.05733,37.06476],[129.05746,37.06468],[129.05759,37.06463],[129.05775,37.06459],[129.05797,37.06457],[129.05807,37.06457],[129.05824,37.06459],[129.06009,37.06479],[129.06161,37.06553],[129.06169,37.06557],[129.06514,37.06906],[129.06776,37.07429],[129.06778,37.07436],[129.0678,37.07448],[129.06777,37.07609],[129.06776,37.07613],[129.06774,37.07618],[129.06711,37.07723],[129.06709,37.07726],[129.06704,37.07734],[129.06693,37.07745],[129.06648,37.0777],[129.06628,37.0778],[129.06621,37.07787],[129.06575,37.07842],[129.06573,37.07846],[129.06573,37.07851],[129.06575,37.0786],[129.06576,37.07863],[129.06579,37.0787],[129.06581,37.07877],[129.06589,37.07893],[129.06669,37.08024],[129.06681,37.08045],[129.06692,37.08058],[129.06703,37.08071],[129.06712,37.08078],[129.06722,37.08086],[129.06877,37.08209],[129.07088,37.08411],[129.07094,37.08418],[129.07098,37.08432],[129.07102,37.08452],[129.07103,37.08462],[129.07104,37.08479],[129.07104,37.08497],[129.07103,37.08505],[129.07057,37.08625],[129.07039,37.08671],[129.07032,37.08678],[129.07022,37.08686],[129.07018,37.0869],[129.07007,37.08704],[129.07003,37.08711],[129.07,37.08722],[129.06999,37.08726],[129.06999,37.08729],[129.07,37.08736],[129.07044,37.0884],[129.07048,37.08846],[129.07294,37.09088],[129.07298,37.0909],[129.07718,37.09302],[129.07738,37.09302],[129.07761,37.09303],[129.07829,37.09309],[129.07856,37.09313],[129.07879,37.09316],[129.07895,37.09319],[129.08209,37.09398],[129.08227,37.09406],[129.08351,37.09479],[129.08365,37.09488],[129.08378,37.09497],[129.08395,37.09515],[129.08424,37.09544],[129.08501,37.096],[129.08515,37.0961],[129.08682,37.09704],[129.08696,37.09712],[129.08702,37.09715],[129.08723,37.09723],[129.08736,37.09727],[129.08756,37.09732],[129.08772,37.09734],[129.08786,37.09735],[129.08795,37.09735],[129.08806,37.09736],[129.08852,37.09729],[129.08883,37.09723],[129.08907,37.09722],[129.08919,37.09722],[129.08929,37.09723],[129.08935,37.09724],[129.08943,37.09725],[129.09151,37.09768],[129.09157,37.09769],[129.09163,37.09772],[129.09489,37.09986],[129.0958,37.10046],[129.09743,37.09968],[129.09811,37.09984],[129.10182,37.0995],[129.10426,37.09829],[129.10475,37.09783],[129.10598,37.09645],[129.10618,37.09611],[129.1068,37.09539],[129.10693,37.09525],[129.10711,37.09505],[129.10859,37.09352],[129.11293,37.09252],[129.11341,37.09244],[129.11415,37.09237],[129.115,37.09239],[129.11572,37.09256],[129.11618,37.09281],[129.11848,37.09297],[129.11878,37.09292],[129.12367,37.09118],[129.12744,37.08894],[129.12751,37.08869],[129.12744,37.08813],[129.12722,37.08781],[129.12722,37.08768],[129.12722,37.08753],[129.12741,37.08483],[129.12808,37.08421],[129.13459,37.08135],[129.13876,37.08092],[129.13965,37.08107],[129.13982,37.0811],[129.14008,37.08116],[129.14044,37.08144],[129.14072,37.08167],[129.14166,37.0814],[129.1423,37.08114],[129.14257,37.08091],[129.14351,37.07995],[129.14452,37.07775],[129.1437,37.07785],[129.14366,37.07731],[129.14375,37.07694],[129.14446,37.07643],[129.14597,37.07622],[129.14671,37.07613],[129.14824,37.07594],[129.14873,37.07594],[129.14927,37.07594],[129.15313,37.07366],[129.15433,37.07259],[129.15464,37.07204],[129.15491,37.07112],[129.15523,37.07002],[129.15546,37.06948],[129.15581,37.06918],[129.15682,37.06924],[129.1569,37.0693],[129.15777,37.06989],[129.15812,37.07012],[129.15868,37.07011],[129.15905,37.07011],[129.16522,37.06975],[129.16625,37.06959],[129.16644,37.06947],[129.16645,37.06939],[129.16646,37.06921],[129.16644,37.06899],[129.16639,37.06836],[129.16613,37.06787],[129.16604,37.06771],[129.16675,37.0661],[129.17051,37.0607],[129.17097,37.06007],[129.17274,37.05881],[129.17369,37.05845],[129.17383,37.05843],[129.17483,37.05811],[129.1761,37.05762],[129.18028,37.0537],[129.1837,37.04928],[129.18538,37.0468],[129.18541,37.04584],[129.18531,37.04531],[129.18527,37.04509],[129.18515,37.04455],[129.18509,37.04443],[129.18485,37.04399],[129.18488,37.04366],[129.18544,37.04209]]]]}},{"type":"Feature","properties":{"code":"47920360","name":"재산면","parent":"47920"},"geometry":{"type":"MultiPolygon","coordinates":[[[[128.98047,36.8735],[128.98231,36.8732],[128.98266,36.87314],[128.98304,36.87302],[128.98331,36.87286],[128.98346,36.87272],[128.98352,36.87249],[128.98352,36.87225],[128.9834,36.872],[128.98312,36.87144],[128.98308,36.87126],[128.98308,36.87103],[128.98315,36.87085],[128.98341,36.87058],[128.98371,36.87042],[128.98394,36.87037],[128.98421,36.87035],[128.99048,36.87109],[128.99063,36.87114],[128.99083,36.87124],[128.99097,36.87135],[128.99104,36.87145],[128.99112,36.87166],[128.99112,36.87181],[128.99107,36.8721],[128.99109,36.87224],[128.99122,36.8724],[128.99142,36.87252],[128.99165,36.87259],[128.99478,36.87313],[128.99516,36.87316],[128.99553,36.87318],[128.99577,36.87315],[128.996,36.87307],[128.9961,36.87299],[128.99619,36.87277],[128.99619,36.87269],[128.99621,36.87242],[128.99619,36.8715],[128.99625,36.87036],[128.99637,36.87009],[128.99652,36.86992],[128.99685,36.86978],[128.99714,36.8697],[128.99964,36.86913],[129.00141,36.86874],[129.00162,36.86866],[129.00189,36.86855],[129.00215,36.8684],[129.00225,36.86828],[129.00231,36.868],[129.00233,36.86758],[129.00243,36.8673],[129.00255,36.86716],[129.00274,36.86704],[129.00965,36.86424],[129.0156,36.8621],[129.02007,36.85953],[129.02453,36.85957],[129.02636,36.8576],[129.02623,36.8574],[129.02623,36.85721],[129.02635,36.85691],[129.02658,36.85674],[129.02715,36.85651],[129.02918,36.85574],[129.03025,36.85533],[129.03085,36.85515],[129.03121,36.85512],[129.03153,36.85514],[129.03324,36.85556],[129.03349,36.85557],[129.03548,36.85522],[129.03643,36.85478],[129.03844,36.85342],[129.03867,36.85318],[129.03874,36.85292],[129.03872,36.85247],[129.03883,36.85196],[129.03915,36.85158],[129.03946,36.85142],[129.04003,36.85126],[129.04172,36.85151],[129.04217,36.85169],[129.04248,36.85182],[129.04356,36.85255],[129.04371,36.85271],[129.04377,36.85287],[129.04383,36.85365],[129.04392,36.85386],[129.04462,36.85475],[129.04587,36.85598],[129.04627,36.85635],[129.0491,36.85859],[129.04982,36.85885],[129.05109,36.85916],[129.05475,36.85968],[129.05506,36.85971],[129.05525,36.85969],[129.05554,36.85962],[129.05608,36.85939],[129.057,36.85894],[129.05813,36.85859],[129.05893,36.85842],[129.06032,36.85831],[129.06101,36.85838],[129.06148,36.85846],[129.06339,36.85821],[129.06366,36.85811],[129.06481,36.85759],[129.06746,36.85635],[129.06775,36.85614],[129.06814,36.85584],[129.06926,36.85487],[129.06969,36.85457],[129.07095,36.85412],[129.07187,36.85384],[129.07342,36.85347],[129.0755,36.85304],[129.07786,36.85251],[129.07903,36.8522],[129.08013,36.85177],[129.08069,36.85143],[129.08103,36.85124],[129.08146,36.85108],[129.08333,36.8506],[129.08449,36.85038],[129.08541,36.85025],[129.08713,36.85019],[129.08753,36.85024],[129.09373,36.8514],[129.09451,36.85161],[129.09819,36.8528],[129.10173,36.85402],[129.10203,36.85412],[129.10258,36.85428],[129.10372,36.85454],[129.10393,36.85455],[129.10423,36.85457],[129.10452,36.85451],[129.10524,36.85426],[129.10622,36.85388],[129.10926,36.85266],[129.11032,36.85209],[129.11207,36.85101],[129.11532,36.84596],[129.11624,36.84452],[129.11549,36.84447],[129.11497,36.84423],[129.1142,36.8437],[129.11382,36.84337],[129.11357,36.84296],[129.11336,36.84207],[129.11307,36.84152],[129.11292,36.84141],[129.11267,36.84127],[129.10878,36.83914],[129.10433,36.83657],[129.10322,36.83587],[129.10176,36.83459],[129.1015,36.83433],[129.1008,36.83258],[129.10109,36.83095],[129.10103,36.83041],[129.10094,36.83009],[129.10077,36.82974],[129.10024,36.82914],[129.09994,36.82885],[129.09879,36.82801],[129.0982,36.82768],[129.0966,36.82687],[129.09635,36.82676],[129.09303,36.82601],[129.09248,36.82598],[129.09165,36.82618],[129.09104,36.82649],[129.09073,36.82661],[129.09039,36.82663],[129.09001,36.82659],[129.08978,36.82654],[129.08955,36.8264],[129.08876,36.82493],[129.08722,36.82406],[129.08651,36.82354],[129.08594,36.82295],[129.08553,36.82246],[129.08481,36.8219],[129.08318,36.82071],[129.08225,36.82006],[129.08024,36.81889],[129.07846,36.82005],[129.07803,36.82025],[129.07719,36.82053],[129.0768,36.82057],[129.07643,36.82056],[129.07442,36.82028],[129.07357,36.82076],[129.07323,36.82087],[129.07237,36.82093],[129.07045,36.82082],[129.06914,36.82074],[129.06867,36.82064],[129.0647,36.81896],[129.06425,36.81856],[129.06396,36.81827],[129.06366,36.81767],[129.06328,36.81656],[129.06282,36.8148],[129.06243,36.81372],[129.06224,36.81321],[129.06215,36.81304],[129.06171,36.81256],[129.05679,36.80813],[129.05328,36.80634],[129.05318,36.80634],[129.053,36.80634],[129.0529,36.80631],[129.05285,36.80629],[129.0527,36.80619],[129.05088,36.8041],[129.04909,36.80189],[129.04788,36.79999],[129.04484,36.79794],[129.04457,36.79796],[129.0442,36.79798],[129.04397,36.79794],[129.04365,36.79786],[129.0433,36.79771],[129.03865,36.79538],[129.03834,36.79518],[129.03743,36.7943],[129.03724,36.79396],[129.03712,36.79328],[129.03705,36.7925],[129.03686,36.79087],[129.03674,36.79061],[129.03578,36.78905],[129.03569,36.78893],[129.0356,36.78888],[129.03487,36.78887],[129.03452,36.78884],[129.03436,36.78879],[129.03329,36.78823],[129.02739,36.78532],[129.02723,36.78527],[129.02154,36.78365],[129.0212,36.78358],[129.02089,36.78358],[129.02072,36.78361],[129.02036,36.78379],[129.01959,36.78432],[129.01928,36.78447],[129.01906,36.78453],[129.01783,36.78456],[129.01684,36.78456],[129.01661,36.78454],[129.01578,36.78428],[129.01177,36.78296],[129.01162,36.78291],[129.01138,36.78283],[129.01077,36.78245],[129.01019,36.78185],[129.01008,36.78175],[129.00996,36.78164],[129.0074,36.7799],[129.00721,36.77982],[129.00701,36.77982],[129.00393,36.78002],[129.0025,36.78042],[129.0019,36.78055],[129.00124,36.78057],[129.00069,36.78053],[128.99975,36.7803],[128.99838,36.77992],[128.99802,36.7798],[128.99728,36.77935],[128.99709,36.77919],[128.99497,36.77827],[128.99428,36.77818],[128.99046,36.77709],[128.99033,36.77705],[128.9901,36.77695],[128.98407,36.7729],[128.98395,36.77278],[128.9839,36.77258],[128.98357,36.76552],[128.98357,36.76498],[128.98359,36.76471],[128.98365,36.76448],[128.98373,36.76428],[128.98387,36.7641],[128.984,36.76396],[128.98427,36.76377],[128.98508,36.76326],[128.98637,36.76233],[128.98647,36.76218],[128.98658,36.76194],[128.98683,36.76118],[128.98698,36.76055],[128.98709,36.76022],[128.98722,36.75993],[128.98753,36.7594],[128.98786,36.75903],[128.98819,36.75872],[128.98842,36.75854],[128.98859,36.75845],[128.98876,36.75839],[128.98947,36.75828],[128.98999,36.75823],[128.99038,36.75819],[128.99048,36.75813],[128.99062,36.75803],[128.99216,36.75627],[128.99227,36.75604],[128.99232,36.75591],[128.99232,36.75579],[128.99232,36.75563],[128.99227,36.75499],[128.99224,36.75473],[128.9922,36.75459],[128.99214,36.75448],[128.99204,36.75436],[128.99196,36.7543],[128.99166,36.75417],[128.99142,36.75403],[128.99124,36.75389],[128.99099,36.75363],[128.99075,36.75333],[128.98958,36.7515],[128.98939,36.75115],[128.98931,36.75098],[128.98927,36.75084],[128.98926,36.7508],[128.98926,36.75074],[128.98928,36.7507],[128.99013,36.74961],[128.99016,36.74707],[128.98975,36.74721],[128.98847,36.74762],[128.98748,36.74762],[128.98736,36.74762],[128.98561,36.74734],[128.98462,36.74695],[128.98341,36.74643],[128.98253,36.74606],[128.97916,36.74624],[128.97561,36.7471],[128.96979,36.74723],[128.96975,36.74729],[128.96862,36.7493],[128.96846,36.74978],[128.96819,36.75057],[128.96815,36.75062],[128.96809,36.75069],[128.96737,36.7514],[128.96726,36.75149],[128.96719,36.75156],[128.96712,36.7516],[128.96703,36.75165],[128.96691,36.75169],[128.96675,36.75174],[128.96661,36.75175],[128.96639,36.75175],[128.96614,36.75175],[128.96563,36.75177],[128.96459,36.75192],[128.96441,36.75197],[128.96424,36.75203],[128.96408,36.75209],[128.96401,36.75216],[128.96398,36.75221],[128.96392,36.75234],[128.96367,36.7529],[128.96293,36.75462],[128.96236,36.75616],[128.96103,36.75943],[128.95903,36.76221],[128.9588,36.76254],[128.95867,36.76282],[128.95861,36.76308],[128.95857,36.76335],[128.95863,36.76449],[128.95873,36.76519],[128.95876,36.76551],[128.95874,36.76573],[128.9585,36.76632],[128.95697,36.7684],[128.95455,36.77031],[128.95435,36.77043],[128.9523,36.77141],[128.94662,36.77355],[128.94544,36.7735],[128.9424,36.77379],[128.94227,36.77406],[128.94221,36.77428],[128.94217,36.77453],[128.94218,36.77477],[128.9424,36.77622],[128.94233,36.77825],[128.94222,36.77948],[128.9422,36.77968],[128.94209,36.77995],[128.94134,36.78194],[128.94101,36.78265],[128.94081,36.78294],[128.94054,36.78319],[128.9404,36.78332],[128.94029,36.78337],[128.94012,36.78342],[128.93983,36.78341],[128.93948,36.78336],[128.9393,36.78338],[128.93913,36.78342],[128.93901,36.7835],[128.93866,36.78375],[128.93845,36.78392],[128.93683,36.7853],[128.93668,36.78545],[128.93659,36.78563],[128.93646,36.78591],[128.93635,36.78616],[128.93618,36.78638],[128.93596,36.78659],[128.93578,36.78675],[128.93106,36.78972],[128.93081,36.78985],[128.93057,36.78993],[128.92838,36.79067],[128.92821,36.79067],[128.92688,36.79396],[128.92721,36.7944],[128.92759,36.79506],[128.92767,36.79541],[128.92878,36.80141],[128.92878,36.80153],[128.92884,36.80162],[128.92894,36.80167],[128.92916,36.80171],[128.93083,36.80186],[128.93177,36.80192],[128.93252,36.8019],[128.93293,36.80192],[128.93598,36.80287],[128.93616,36.80304],[128.93964,36.80824],[128.93967,36.80839],[128.9401,36.81109],[128.94004,36.81126],[128.93792,36.81688],[128.93769,36.81724],[128.93737,36.81748],[128.93706,36.8176],[128.93335,36.81961],[128.93132,36.82125],[128.92871,36.82698],[128.92866,36.82716],[128.92863,36.82747],[128.92865,36.8277],[128.92888,36.82867],[128.92898,36.82883],[128.93141,36.83081],[128.93178,36.83093],[128.93493,36.83195],[128.93691,36.83237],[128.93827,36.83266],[128.93854,36.83277],[128.9388,36.83301],[128.93918,36.8334],[128.93934,36.83361],[128.93943,36.8338],[128.94005,36.83543],[128.94005,36.83555],[128.94002,36.83571],[128.93944,36.83871],[128.9394,36.83887],[128.9378,36.84407],[128.93764,36.84425],[128.93612,36.84544],[128.93544,36.84587],[128.9346,36.84585],[128.93414,36.84588],[128.9339,36.84594],[128.93035,36.84718],[128.93014,36.84726],[128.93009,36.84737],[128.93015,36.8475],[128.93193,36.84881],[128.93336,36.84962],[128.9336,36.84974],[128.93372,36.84988],[128.93505,36.85156],[128.93517,36.85173],[128.93524,36.85186],[128.93535,36.8522],[128.93537,36.85251],[128.93533,36.85274],[128.93528,36.85293],[128.93509,36.85323],[128.93492,36.85349],[128.93393,36.85607],[128.93305,36.85907],[128.93256,36.86168],[128.9325,36.86261],[128.93248,36.86354],[128.93253,36.86405],[128.9326,36.86435],[128.93288,36.86482],[128.9332,36.86529],[128.93373,36.86579],[128.93474,36.86651],[128.93523,36.86679],[128.93591,36.86708],[128.93712,36.86745],[128.93771,36.86755],[128.93836,36.86763],[128.93869,36.86761],[128.93873,36.8676],[128.9398,36.86742],[128.94094,36.86717],[128.94242,36.86672],[128.94276,36.86657],[128.94328,36.86633],[128.9442,36.86574],[128.94457,36.8654],[128.94504,36.865],[128.94543,36.86484],[128.9457,36.86479],[128.94576,36.86478],[128.94607,36.8648],[128.94656,36.86488],[128.95141,36.86624],[128.95199,36.86648],[128.9524,36.86673],[128.95331,36.86761],[128.95444,36.86866],[128.95514,36.86905],[128.95625,36.86949],[128.95712,36.86972],[128.95782,36.86982],[128.95818,36.86985],[128.95884,36.86981],[128.95966,36.86966],[128.96089,36.86938],[128.96138,36.86927],[128.96186,36.86922],[128.96222,36.86923],[128.9627,36.86931],[128.9631,36.8694],[128.96415,36.86984],[128.96547,36.87055],[128.96579,36.87076],[128.96594,36.87093],[128.96667,36.87191],[128.96703,36.87257],[128.96725,36.8738],[128.96731,36.87494],[128.96731,36.87558],[128.96722,36.87656],[128.96715,36.87692],[128.96699,36.87746],[128.96673,36.8779],[128.96668,36.87842],[128.96713,36.87918],[128.96795,36.87969],[128.96888,36.87981],[128.96941,36.87976],[128.96982,36.8796],[128.97059,36.87914],[128.97259,36.87737],[128.97293,36.87701],[128.97299,36.87688],[128.97302,36.87668],[128.97291,36.87602],[128.97275,36.87509],[128.97265,36.87439],[128.97265,36.87399],[128.97266,36.87381],[128.97274,36.8734],[128.97318,36.87222],[128.97363,36.87143],[128.97414,36.8708],[128.97507,36.87],[128.97614,36.86944],[128.97675,36.86923],[128.97719,36.86921],[128.97751,36.86925],[128.97786,36.86941],[128.97855,36.87003],[128.9792,36.87075],[128.97968,36.87158],[128.98008,36.87251],[128.98047,36.8735]]]]}},{"type":"Feature","properties":{"code":"47920370","name":"명호면","parent":"47920"},"geometry":{"type":"MultiPolygon","coordinates":[[[[128.96594,36.87093],[128.96579,36.87076],[128.96547,36.87055],[128.96415,36.86984],[128.9631,36.8694],[128.9627,36.86931],[128.96222,36.86923],[128.96186,36.86922],[128.96138,36.86927],[128.96089,36.86938],[128.95966,36.86966],[128.95884,36.86981],[128.95818,36.86985],[128.95782,36.86982],[128.95712,36.86972],[128.95625,36.86949],[128.95514,36.86905],[128.95444,36.86866],[128.95331,36.86761],[128.9524,36.86673],[128.95199,36.86648],[128.95141,36.86624],[128.94656,36.86488],[128.94607,36.8648],[128.94576,36.86478],[128.9457,36.86479],[128.94543,36.86484],[128.94504,36.865],[128.94457,36.8654],[128.9442,36.86574],[128.94328,36.86633],[128.94276,36.86657],[128.94242,36.86672],[128.94094,36.86717],[128.9398,36.86742],[128.93873,36.8676],[128.93869,36.86761],[128.93836,36.86763],[128.93771,36.86755],[128.93712,36.86745],[128.93591,36.86708],[128.93523,36.86679],[128.93474,36.86651],[128.93373,36.86579],[128.9332,36.86529],[128.93288,36.86482],[128.9326,36.86435],[128.93253,36.86405],[128.93248,36.86354],[128.9325,36.86261],[128.93256,36.86168],[128.93305,36.85907],[128.93393,36.85607],[128.93492,36.85349],[128.93509,36.85323],[128.93528,36.85293],[128.93533,36.85274],[128.93537,36.85251],[128.93535,36.8522],[128.93524,36.85186],[128.93517,36.85173],[128.93505,36.85156],[128.93372,36.84988],[128.9336,36.84974],[128.93336,36.84962],[128.93193,36.84881],[128.93015,36.8475],[128.93009,36.84737],[128.93014,36.84726],[128.93035,36.84718],[128.9339,36.84594],[128.93414,36.84588],[128.9346,36.84585],[128.93544,36.84587],[128.93612,36.84544],[128.93764,36.84425],[128.9378,36.84407],[128.9394,36.83887],[128.93944,36.83871],[128.94002,36.83571],[128.94005,36.83555],[128.94005,36.83543],[128.93943,36.8338],[128.93934,36.83361],[128.93918,36.8334],[128.9388,36.83301],[128.93854,36.83277],[128.93827,36.83266],[128.93691,36.83237],[128.93493,36.83195],[128.93178,36.83093],[128.93141,36.83081],[128.92898,36.82883],[128.92888,36.82867],[128.92865,36.8277],[128.92863,36.82747],[128.92866,36.82716],[128.92871,36.82698],[128.93132,36.82125],[128.93335,36.81961],[128.93706,36.8176],[128.93737,36.81748],[128.93769,36.81724],[128.93792,36.81688],[128.94004,36.81126],[128.9401,36.81109],[128.93967,36.80839],[128.93964,36.80824],[128.93616,36.80304],[128.93598,36.80287],[128.93293,36.80192],[128.93252,36.8019],[128.93177,36.80192],[128.93083,36.80186],[128.92916,36.80171],[128.92894,36.80167],[128.92884,36.80162],[128.92878,36.80153],[128.92878,36.80141],[128.92767,36.79541],[128.92759,36.79506],[128.92721,36.7944],[128.92688,36.79396],[128.92821,36.79067],[128.92838,36.79067],[128.93057,36.78993],[128.93081,36.78985],[128.93106,36.78972],[128.93578,36.78675],[128.93596,36.78659],[128.93618,36.78638],[128.93635,36.78616],[128.93646,36.78591],[128.93659,36.78563],[128.93668,36.78545],[128.93683,36.7853],[128.93845,36.78392],[128.93866,36.78375],[128.93901,36.7835],[128.93913,36.78342],[128.9393,36.78338],[128.93948,36.78336],[128.93983,36.78341],[128.94012,36.78342],[128.94029,36.78337],[128.9404,36.78332],[128.94054,36.78319],[128.94081,36.78294],[128.94101,36.78265],[128.94134,36.78194],[128.94209,36.77995],[128.9422,36.77968],[128.94222,36.77948],[128.94233,36.77825],[128.9424,36.77622],[128.94218,36.77477],[128.94217,36.77453],[128.94221,36.77428],[128.94227,36.77406],[128.9424,36.77379],[128.9422,36.77369],[128.94184,36.77348],[128.93893,36.77169],[128.93815,36.77119],[128.93705,36.77045],[128.93567,36.76977],[128.93466,36.76935],[128.93128,36.76795],[128.93085,36.76781],[128.93033,36.76772],[128.92998,36.76772],[128.92925,36.76781],[128.92843,36.76801],[128.92793,36.76822],[128.92722,36.76864],[128.92652,36.76903],[128.92628,36.76912],[128.92605,36.76912],[128.92579,36.76904],[128.92523,36.76882],[128.92218,36.7677],[128.92064,36.76725],[128.92037,36.76735],[128.91988,36.76759],[128.91732,36.76908],[128.91708,36.76924],[128.91639,36.76979],[128.91479,36.77109],[128.91452,36.77134],[128.91429,36.77163],[128.91371,36.77277],[128.91367,36.77288],[128.91263,36.77388],[128.90973,36.775],[128.90943,36.77508],[128.90904,36.7751],[128.9043,36.77531],[128.90408,36.77529],[128.90387,36.77522],[128.90361,36.77508],[128.90173,36.77433],[128.89947,36.77348],[128.89137,36.77353],[128.89059,36.77359],[128.89029,36.77362],[128.88998,36.77376],[128.88975,36.77389],[128.88959,36.77403],[128.88942,36.7742],[128.8871,36.77683],[128.88635,36.77769],[128.88604,36.77805],[128.88555,36.77898],[128.88524,36.77969],[128.88459,36.78147],[128.88456,36.78172],[128.88459,36.7819],[128.88465,36.78211],[128.88475,36.78225],[128.88489,36.7824],[128.88508,36.78252],[128.88536,36.7827],[128.88552,36.78283],[128.88562,36.78293],[128.88565,36.78306],[128.88563,36.78314],[128.88559,36.78323],[128.88539,36.78351],[128.885,36.78383],[128.88475,36.78396],[128.88456,36.78399],[128.88079,36.78426],[128.87854,36.78394],[128.87553,36.78468],[128.87479,36.78492],[128.87369,36.7854],[128.87331,36.78564],[128.87301,36.78596],[128.87274,36.78626],[128.87229,36.78681],[128.87214,36.78716],[128.87205,36.78745],[128.87201,36.78813],[128.87199,36.78861],[128.86837,36.79092],[128.86822,36.79097],[128.86805,36.79112],[128.86497,36.79379],[128.86472,36.79405],[128.86445,36.79442],[128.86442,36.79459],[128.86446,36.79487],[128.86462,36.79539],[128.86471,36.79563],[128.86467,36.79583],[128.86393,36.79871],[128.86383,36.79893],[128.86355,36.79915],[128.86322,36.79932],[128.86286,36.79947],[128.85568,36.80182],[128.85527,36.80192],[128.85431,36.80177],[128.85354,36.8017],[128.85269,36.8017],[128.8516,36.80174],[128.84608,36.80227],[128.84556,36.80235],[128.84475,36.80263],[128.84398,36.80306],[128.84338,36.8035],[128.84276,36.80441],[128.84172,36.80621],[128.84137,36.80779],[128.84121,36.80924],[128.8417,36.80992],[128.84236,36.8109],[128.84271,36.81163],[128.84274,36.81194],[128.84269,36.81223],[128.84239,36.81359],[128.84184,36.81512],[128.84153,36.81573],[128.841,36.81742],[128.84079,36.81814],[128.8408,36.81821],[128.8408,36.81831],[128.84084,36.81852],[128.84131,36.81966],[128.84155,36.82001],[128.84158,36.82016],[128.84152,36.8203],[128.83809,36.82361],[128.83781,36.82377],[128.83736,36.82388],[128.83666,36.82389],[128.83566,36.82385],[128.83495,36.82392],[128.83464,36.82404],[128.83437,36.82426],[128.83412,36.82464],[128.8325,36.82777],[128.83062,36.8329],[128.83017,36.83421],[128.82999,36.83697],[128.83013,36.83798],[128.83041,36.83965],[128.83049,36.83982],[128.83058,36.83989],[128.8308,36.83996],[128.83105,36.84001],[128.83129,36.84006],[128.83156,36.84021],[128.8318,36.84037],[128.83193,36.84054],[128.83193,36.84066],[128.83193,36.84085],[128.83173,36.84112],[128.8308,36.84197],[128.82985,36.84279],[128.82953,36.84294],[128.82891,36.8432],[128.82846,36.84353],[128.8282,36.84381],[128.82789,36.84417],[128.82678,36.84552],[128.82655,36.8459],[128.82582,36.84722],[128.82412,36.85269],[128.82093,36.85761],[128.82083,36.85769],[128.82068,36.85779],[128.82055,36.85783],[128.82037,36.85782],[128.82005,36.85772],[128.81969,36.8576],[128.81906,36.85732],[128.81888,36.85727],[128.81863,36.85726],[128.81832,36.85727],[128.81361,36.85839],[128.81322,36.8585],[128.81292,36.85864],[128.81272,36.85882],[128.81261,36.85908],[128.81255,36.85954],[128.81259,36.86011],[128.81264,36.86042],[128.81383,36.86272],[128.81623,36.86697],[128.81753,36.86765],[128.82259,36.87214],[128.82336,36.87191],[128.82386,36.87171],[128.8245,36.87133],[128.82482,36.87114],[128.82643,36.86943],[128.82817,36.86832],[128.82849,36.86825],[128.82903,36.86833],[128.82918,36.86838],[128.82933,36.86849],[128.83217,36.87162],[128.83231,36.87182],[128.83238,36.87194],[128.83257,36.87231],[128.83262,36.87257],[128.83261,36.8728],[128.83201,36.87855],[128.83197,36.87881],[128.83099,36.87973],[128.83022,36.88057],[128.83005,36.88157],[128.83026,36.88214],[128.83101,36.88404],[128.83166,36.88534],[128.83185,36.88595],[128.83177,36.8872],[128.8316,36.88832],[128.83126,36.88873],[128.83124,36.88879],[128.83095,36.88934],[128.83093,36.88939],[128.83104,36.88987],[128.83273,36.89134],[128.83384,36.89141],[128.83427,36.8918],[128.83524,36.89327],[128.83536,36.89374],[128.84287,36.89168],[128.84874,36.89012],[128.84937,36.88949],[128.84984,36.8887],[128.84993,36.88849],[128.85064,36.88838],[128.85185,36.88831],[128.85518,36.88876],[128.85706,36.88954],[128.85737,36.88968],[128.85899,36.891],[128.85982,36.89171],[128.86053,36.89212],[128.86502,36.89144],[128.86693,36.89069],[128.86727,36.8902],[128.86939,36.88847],[128.87202,36.88639],[128.87274,36.88611],[128.87331,36.88635],[128.87391,36.88694],[128.87587,36.89111],[128.87515,36.894],[128.87478,36.89583],[128.87451,36.89737],[128.87451,36.89781],[128.87461,36.89798],[128.87635,36.89983],[128.8776,36.8997],[128.88186,36.89788],[128.88236,36.89755],[128.88445,36.89296],[128.8846,36.89257],[128.88426,36.89134],[128.88417,36.89108],[128.88397,36.89084],[128.88355,36.89063],[128.8832,36.89043],[128.88294,36.89028],[128.88295,36.89003],[128.88324,36.88978],[128.88378,36.88962],[128.88495,36.88962],[128.8861,36.88938],[128.8878,36.88851],[128.88808,36.88812],[128.88846,36.88762],[128.88879,36.88732],[128.88957,36.88677],[128.89028,36.88638],[128.89299,36.88519],[128.8935,36.8851],[128.89373,36.88513],[128.89401,36.88527],[128.89446,36.88561],[128.89593,36.88737],[128.89604,36.88762],[128.8966,36.88861],[128.89826,36.89033],[128.89902,36.89103],[128.89957,36.89148],[128.90226,36.89317],[128.90258,36.89327],[128.90292,36.89325],[128.90322,36.89312],[128.90352,36.89248],[128.90584,36.89011],[128.90603,36.88994],[128.9063,36.88982],[128.90653,36.88997],[128.90667,36.89011],[128.90662,36.8905],[128.90648,36.89127],[128.90632,36.89164],[128.90631,36.89194],[128.90645,36.89209],[128.90659,36.89209],[128.90709,36.89185],[128.90845,36.89088],[128.90905,36.89015],[128.90939,36.88938],[128.90945,36.8891],[128.90959,36.88897],[128.91198,36.88815],[128.91229,36.88815],[128.91258,36.88816],[128.91309,36.88847],[128.91356,36.88881],[128.91396,36.88899],[128.91593,36.88984],[128.9161,36.88979],[128.91918,36.8872],[128.91939,36.88688],[128.91964,36.88564],[128.91965,36.88509],[128.91951,36.88395],[128.91914,36.88223],[128.91926,36.88176],[128.91955,36.88114],[128.91993,36.88075],[128.92016,36.88054],[128.92063,36.88045],[128.92142,36.88066],[128.92173,36.88081],[128.92486,36.88365],[128.9252,36.88399],[128.9256,36.8845],[128.92807,36.88982],[128.92939,36.89312],[128.92995,36.89525],[128.92994,36.89578],[128.93003,36.89598],[128.93034,36.89616],[128.93071,36.89628],[128.93148,36.89617],[128.9321,36.89617],[128.93296,36.89628],[128.93373,36.89644],[128.93476,36.89671],[128.93559,36.89733],[128.93582,36.89755],[128.93617,36.89779],[128.93637,36.89783],[128.93659,36.89785],[128.93984,36.89763],[128.94129,36.89663],[128.942,36.8961],[128.9424,36.89542],[128.94251,36.89505],[128.94246,36.89456],[128.94222,36.89382],[128.94206,36.89323],[128.94205,36.89152],[128.94231,36.89104],[128.94252,36.89084],[128.94288,36.89064],[128.94367,36.89037],[128.94478,36.89014],[128.94552,36.88982],[128.94649,36.8891],[128.94687,36.88866],[128.94691,36.88849],[128.94692,36.88779],[128.94675,36.88733],[128.94681,36.88661],[128.94708,36.88582],[128.94752,36.88527],[128.94938,36.88311],[128.94957,36.88293],[128.95008,36.88263],[128.95072,36.88228],[128.95267,36.88076],[128.95518,36.87819],[128.95539,36.8779],[128.9554,36.87781],[128.95546,36.87739],[128.95549,36.8772],[128.95554,36.8771],[128.9558,36.87682],[128.95645,36.87625],[128.95707,36.87574],[128.95738,36.87549],[128.95781,36.87526],[128.95859,36.87498],[128.95977,36.87465],[128.96083,36.87438],[128.96132,36.87422],[128.96213,36.87386],[128.96288,36.8735],[128.96594,36.87093]]]]}},{"type":"Feature","properties":{"code":"47920380","name":"상운면","parent":"47920"},"geometry":{"type":"MultiPolygon","coordinates":[[[[128.82582,36.84722],[128.82655,36.8459],[128.82678,36.84552],[128.82789,36.84417],[128.8282,36.84381],[128.82846,36.84353],[128.82891,36.8432],[128.82953,36.84294],[128.82985,36.84279],[128.8308,36.84197],[128.83173,36.84112],[128.83193,36.84085],[128.83193,36.84066],[128.83193,36.84054],[128.8318,36.84037],[128.83156,36.84021],[128.83129,36.84006],[128.83105,36.84001],[128.8308,36.83996],[128.83058,36.83989],[128.83049,36.83982],[128.83041,36.83965],[128.83013,36.83798],[128.82999,36.83697],[128.83017,36.83421],[128.83062,36.8329],[128.8325,36.82777],[128.83412,36.82464],[128.83437,36.82426],[128.83464,36.82404],[128.83495,36.82392],[128.83566,36.82385],[128.83666,36.82389],[128.83736,36.82388],[128.83781,36.82377],[128.83809,36.82361],[128.84152,36.8203],[128.84158,36.82016],[128.84155,36.82001],[128.84131,36.81966],[128.84084,36.81852],[128.8408,36.81831],[128.8408,36.81821],[128.84079,36.81814],[128.841,36.81742],[128.84153,36.81573],[128.84184,36.81512],[128.84239,36.81359],[128.84269,36.81223],[128.84274,36.81194],[128.84271,36.81163],[128.84236,36.8109],[128.8417,36.80992],[128.84121,36.80924],[128.8399,36.80915],[128.82982,36.80969],[128.82724,36.80985],[128.82681,36.80997],[128.82628,36.81019],[128.8253,36.81071],[128.82464,36.81087],[128.82428,36.81088],[128.82403,36.81087],[128.82058,36.81064],[128.81995,36.81047],[128.81969,36.81027],[128.81955,36.80999],[128.81952,36.80968],[128.82003,36.80744],[128.82052,36.80624],[128.82067,36.80583],[128.82064,36.80546],[128.82051,36.80516],[128.81893,36.80184],[128.81778,36.80034],[128.81334,36.79596],[128.81302,36.79568],[128.81263,36.79552],[128.81236,36.7955],[128.81206,36.79562],[128.81172,36.7959],[128.81166,36.79595],[128.80841,36.79934],[128.80719,36.80062],[128.80702,36.80093],[128.80688,36.80133],[128.80683,36.80181],[128.80675,36.80206],[128.80594,36.80387],[128.80579,36.8042],[128.80541,36.80485],[128.80504,36.80523],[128.80478,36.80539],[128.80447,36.80552],[128.80374,36.80584],[128.80355,36.806],[128.80345,36.80621],[128.80276,36.80785],[128.80274,36.80805],[128.80274,36.80811],[128.80274,36.8082],[128.80311,36.81075],[128.80326,36.81124],[128.80367,36.81251],[128.80472,36.81459],[128.80485,36.81587],[128.80519,36.81639],[128.80562,36.81686],[128.80617,36.81746],[128.80629,36.81773],[128.80643,36.82056],[128.80638,36.82089],[128.80618,36.82124],[128.80583,36.82169],[128.80515,36.82232],[128.80478,36.82259],[128.80424,36.82288],[128.80416,36.82292],[128.80382,36.82306],[128.80327,36.82314],[128.80274,36.82316],[128.80208,36.82309],[128.80143,36.82295],[128.8009,36.82266],[128.80052,36.82238],[128.80016,36.82196],[128.79883,36.82012],[128.79415,36.81491],[128.79367,36.81445],[128.79332,36.81418],[128.79297,36.81407],[128.79277,36.81406],[128.79049,36.81425],[128.78678,36.81247],[128.78214,36.80963],[128.78198,36.80952],[128.78184,36.80926],[128.78177,36.80855],[128.78167,36.80777],[128.78159,36.8076],[128.78131,36.8074],[128.77699,36.80506],[128.77327,36.80597],[128.77261,36.80605],[128.77134,36.806],[128.77047,36.80582],[128.76992,36.80561],[128.76936,36.80536],[128.76874,36.80499],[128.76764,36.80399],[128.76618,36.80277],[128.76518,36.80211],[128.7647,36.80187],[128.76444,36.80174],[128.76394,36.8016],[128.76369,36.80158],[128.76343,36.80168],[128.76331,36.80181],[128.76318,36.80208],[128.76318,36.80244],[128.76333,36.80311],[128.76344,36.80381],[128.7634,36.80441],[128.76315,36.80607],[128.76313,36.80614],[128.7631,36.80624],[128.76219,36.8074],[128.76207,36.80753],[128.76083,36.80853],[128.76006,36.80913],[128.75869,36.81002],[128.75844,36.8101],[128.75841,36.81011],[128.75802,36.81012],[128.75768,36.81009],[128.75697,36.80997],[128.7565,36.80985],[128.75608,36.80959],[128.75572,36.80928],[128.75559,36.80901],[128.75549,36.80839],[128.75547,36.808],[128.75517,36.80765],[128.75509,36.80761],[128.75497,36.80755],[128.7525,36.80712],[128.75196,36.80714],[128.75147,36.80729],[128.75115,36.80751],[128.75063,36.80799],[128.75005,36.80846],[128.74958,36.80877],[128.74904,36.80897],[128.74862,36.80902],[128.74813,36.80906],[128.74775,36.80874],[128.74652,36.80706],[128.74641,36.80672],[128.74631,36.80635],[128.74628,36.80607],[128.74625,36.80581],[128.74605,36.80445],[128.74604,36.8044],[128.746,36.80411],[128.74547,36.80206],[128.74542,36.80186],[128.7449,36.80067],[128.74489,36.80065],[128.74479,36.8005],[128.74454,36.80024],[128.74434,36.80003],[128.74381,36.7994],[128.7436,36.79909],[128.74338,36.79874],[128.74327,36.79856],[128.74324,36.79842],[128.74323,36.7983],[128.74323,36.79818],[128.74338,36.79613],[128.74266,36.79657],[128.74207,36.79725],[128.74195,36.79732],[128.74003,36.79833],[128.73717,36.80138],[128.73681,36.80194],[128.73678,36.80197],[128.73673,36.802],[128.73667,36.802],[128.73661,36.802],[128.73632,36.80197],[128.73605,36.80194],[128.73601,36.80193],[128.73597,36.80189],[128.73452,36.79859],[128.7344,36.79749],[128.7344,36.79744],[128.73443,36.79735],[128.73479,36.79683],[128.73387,36.79495],[128.73214,36.79155],[128.73174,36.791],[128.73167,36.79093],[128.73159,36.7909],[128.73056,36.7906],[128.73041,36.79058],[128.72998,36.79055],[128.72983,36.79055],[128.7297,36.79055],[128.72951,36.79057],[128.72943,36.79059],[128.72936,36.79062],[128.72932,36.79064],[128.7291,36.79075],[128.72563,36.79282],[128.72561,36.79284],[128.72269,36.79816],[128.72263,36.79829],[128.7226,36.79842],[128.72258,36.7986],[128.72259,36.79871],[128.72263,36.7988],[128.7227,36.7989],[128.72275,36.79896],[128.72282,36.79901],[128.72209,36.80045],[128.72125,36.80084],[128.72258,36.80143],[128.72267,36.80147],[128.72275,36.80153],[128.72295,36.80165],[128.72306,36.80172],[128.72352,36.80212],[128.72361,36.80221],[128.72368,36.80307],[128.72368,36.8034],[128.7235,36.80353],[128.7231,36.80393],[128.72303,36.80403],[128.72297,36.80414],[128.72297,36.80421],[128.72451,36.80804],[128.72467,36.80834],[128.72475,36.80845],[128.72478,36.80848],[128.72486,36.80851],[128.72495,36.80854],[128.72521,36.80859],[128.72534,36.80862],[128.72551,36.80868],[128.72557,36.80872],[128.72611,36.80939],[128.7262,36.8095],[128.7273,36.81111],[128.72735,36.81119],[128.72752,36.81162],[128.72802,36.81336],[128.72805,36.81402],[128.72807,36.81494],[128.72806,36.81503],[128.72801,36.81514],[128.72794,36.81522],[128.72784,36.81533],[128.72768,36.81545],[128.72728,36.81668],[128.7276,36.81883],[128.72763,36.81894],[128.72789,36.81946],[128.72794,36.81952],[128.72885,36.82049],[128.72893,36.82055],[128.729,36.82057],[128.72912,36.82056],[128.72932,36.82055],[128.72945,36.82056],[128.72974,36.82062],[128.72997,36.82069],[128.7301,36.82075],[128.73164,36.82191],[128.73167,36.82196],[128.73168,36.82203],[128.73166,36.82224],[128.73161,36.82247],[128.73159,36.82255],[128.73156,36.82258],[128.73077,36.8228],[128.7307,36.82281],[128.7306,36.8228],[128.73001,36.82266],[128.72974,36.82257],[128.72968,36.82253],[128.72956,36.82243],[128.72944,36.82235],[128.72934,36.8223],[128.72817,36.82189],[128.72804,36.82185],[128.72444,36.82128],[128.72439,36.82128],[128.7239,36.82143],[128.72384,36.82145],[128.72381,36.82148],[128.72348,36.82253],[128.72347,36.82256],[128.72051,36.82434],[128.72021,36.82412],[128.71997,36.82395],[128.71931,36.82365],[128.71925,36.82364],[128.71847,36.82444],[128.71837,36.82459],[128.71834,36.82471],[128.71822,36.82764],[128.71822,36.82789],[128.71838,36.82898],[128.71843,36.82913],[128.71852,36.82928],[128.71859,36.82934],[128.7205,36.83084],[128.72053,36.83086],[128.72058,36.83089],[128.72081,36.83096],[128.72142,36.83115],[128.72163,36.83119],[128.72352,36.83148],[128.7237,36.83148],[128.7244,36.83146],[128.72466,36.83143],[128.72477,36.83138],[128.72487,36.83133],[128.72504,36.83118],[128.7251,36.83112],[128.7252,36.83105],[128.7253,36.83101],[128.72548,36.83099],[128.72563,36.83098],[128.72581,36.83099],[128.72592,36.83101],[128.72851,36.83197],[128.72863,36.83203],[128.72881,36.83215],[128.72905,36.83234],[128.7291,36.83241],[128.73119,36.83524],[128.73389,36.83684],[128.73404,36.83675],[128.73418,36.83668],[128.73435,36.83662],[128.7345,36.83658],[128.7346,36.83657],[128.73471,36.83659],[128.73478,36.83664],[128.7357,36.83769],[128.73593,36.83801],[128.7362,36.83844],[128.73667,36.83933],[128.73691,36.84011],[128.73706,36.84065],[128.73709,36.84144],[128.73701,36.84204],[128.73664,36.84422],[128.7376,36.84491],[128.7377,36.84499],[128.73803,36.8455],[128.739,36.84743],[128.73907,36.84757],[128.73916,36.84782],[128.73918,36.8479],[128.73908,36.84901],[128.73906,36.84911],[128.73877,36.84989],[128.7387,36.84998],[128.73839,36.8502],[128.73816,36.85035],[128.73805,36.85039],[128.73785,36.85041],[128.73757,36.85042],[128.73736,36.85042],[128.73721,36.85043],[128.73714,36.85046],[128.73705,36.85053],[128.7365,36.85097],[128.73534,36.85215],[128.73477,36.85289],[128.73469,36.85303],[128.73359,36.85525],[128.73443,36.85651],[128.73526,36.85723],[128.73543,36.85736],[128.73751,36.85861],[128.7401,36.85936],[128.74323,36.8605],[128.74731,36.86225],[128.75057,36.86219],[128.75129,36.86196],[128.75145,36.8619],[128.75162,36.86185],[128.75189,36.86183],[128.75207,36.86184],[128.75227,36.86193],[128.7525,36.86207],[128.75269,36.86229],[128.7528,36.86247],[128.75384,36.86494],[128.75388,36.86506],[128.75392,36.86517],[128.75464,36.8699],[128.7557,36.87338],[128.75537,36.87627],[128.75541,36.87644],[128.75556,36.87663],[128.75756,36.87873],[128.75797,36.87895],[128.75962,36.87878],[128.76046,36.87858],[128.76098,36.87826],[128.76138,36.87815],[128.7701,36.87862],[128.7708,36.87876],[128.77143,36.87915],[128.77172,36.87965],[128.77167,36.88002],[128.77118,36.88065],[128.77131,36.88106],[128.7725,36.88298],[128.77301,36.88337],[128.77547,36.88501],[128.77587,36.88525],[128.77634,36.88533],[128.77753,36.88403],[128.7781,36.88351],[128.77918,36.88293],[128.77986,36.88271],[128.78168,36.88265],[128.7819,36.88265],[128.78284,36.88426],[128.78293,36.88455],[128.78284,36.8848],[128.78265,36.88507],[128.78264,36.88542],[128.78315,36.88666],[128.78367,36.88759],[128.78437,36.88801],[128.78737,36.8893],[128.79002,36.89017],[128.79067,36.89017],[128.79102,36.89009],[128.79112,36.88996],[128.79124,36.8898],[128.7913,36.88935],[128.79108,36.88867],[128.79081,36.888],[128.79073,36.88748],[128.7909,36.88708],[128.79196,36.88532],[128.79269,36.88487],[128.79296,36.88469],[128.79342,36.884],[128.79356,36.8835],[128.79338,36.88036],[128.79191,36.8779],[128.78993,36.87406],[128.78991,36.87354],[128.78986,36.87307],[128.7898,36.8729],[128.78967,36.87274],[128.78949,36.87264],[128.78479,36.87102],[128.78232,36.87056],[128.78186,36.87047],[128.7816,36.87039],[128.78142,36.87032],[128.77963,36.86925],[128.77945,36.86913],[128.77931,36.86899],[128.77924,36.86887],[128.77921,36.86875],[128.77914,36.86797],[128.77911,36.86735],[128.77919,36.86684],[128.77938,36.86644],[128.78017,36.86507],[128.78043,36.86469],[128.78178,36.86291],[128.78188,36.86281],[128.78209,36.86268],[128.78472,36.86177],[128.78534,36.86166],[128.78568,36.86163],[128.78618,36.86158],[128.7864,36.86162],[128.78688,36.86178],[128.78716,36.86195],[128.78732,36.86205],[128.78742,36.86211],[128.78768,36.86227],[128.78806,36.86262],[128.78931,36.86388],[128.79011,36.86478],[128.79037,36.86509],[128.79092,36.8657],[128.79117,36.8659],[128.79145,36.86601],[128.7916,36.86604],[128.79735,36.86535],[128.79751,36.86531],[128.79762,36.86525],[128.79771,36.86516],[128.79906,36.86203],[128.79909,36.86176],[128.79908,36.86148],[128.79904,36.86142],[128.79895,36.86129],[128.79789,36.85864],[128.79725,36.85456],[128.79724,36.85432],[128.79724,36.85412],[128.79728,36.85395],[128.79751,36.85358],[128.79799,36.85306],[128.79842,36.85281],[128.79875,36.85266],[128.7991,36.85261],[128.79965,36.85264],[128.80059,36.8528],[128.80083,36.85285],[128.80151,36.85301],[128.8027,36.85331],[128.80345,36.85351],[128.80367,36.85352],[128.80386,36.85347],[128.80406,36.85335],[128.80431,36.85305],[128.80446,36.85273],[128.80455,36.85172],[128.80452,36.85092],[128.80454,36.8506],[128.80469,36.84996],[128.80495,36.84921],[128.80533,36.84861],[128.80574,36.84809],[128.80612,36.84777],[128.81306,36.84265],[128.81319,36.84265],[128.81547,36.844],[128.81576,36.84422],[128.81596,36.8445],[128.81616,36.8449],[128.8164,36.84512],[128.81734,36.84575],[128.81837,36.84639],[128.81904,36.84674],[128.81994,36.84703],[128.82059,36.8472],[128.82364,36.84763],[128.82399,36.84763],[128.82582,36.84722]]]]}}]}