{"type":"FeatureCollection","features":[{"type":"Feature","properties":{"code":"47170250","name":"풍산읍","parent":"47170"},"geometry":{"type":"MultiPolygon","coordinates":[[[[128.67332,36.5777],[128.67345,36.57732],[128.67355,36.57705],[128.67366,36.57658],[128.67378,36.57571],[128.67377,36.57526],[128.67367,36.57389],[128.67361,36.57357],[128.6735,36.57328],[128.67334,36.57294],[128.67333,36.57291],[128.67253,36.57127],[128.67199,36.57027],[128.6718,36.56994],[128.67156,36.5695],[128.67147,36.56928],[128.67138,36.56894],[128.67134,36.56875],[128.67133,36.56858],[128.67134,36.56826],[128.67135,36.56794],[128.67136,36.56774],[128.67189,36.56442],[128.67192,36.56426],[128.67197,36.56414],[128.67199,36.5641],[128.67224,36.56406],[128.67236,36.56079],[128.67027,36.56],[128.67022,36.55989],[128.67006,36.5595],[128.67,36.55937],[128.6688,36.55607],[128.66791,36.55292],[128.66777,36.55248],[128.66751,36.55194],[128.66738,36.55168],[128.66723,36.55142],[128.66659,36.5504],[128.66626,36.54989],[128.66584,36.54925],[128.66567,36.54903],[128.66554,36.54886],[128.66526,36.54858],[128.66514,36.54846],[128.66491,36.54829],[128.66471,36.54817],[128.6643,36.54796],[128.6637,36.54766],[128.6634,36.54752],[128.66273,36.54723],[128.6625,36.54714],[128.66222,36.54706],[128.66196,36.54697],[128.66137,36.54682],[128.65794,36.54624],[128.65418,36.54645],[128.65369,36.54647],[128.6535,36.54647],[128.65216,36.54633],[128.6492,36.54592],[128.64539,36.5454],[128.64473,36.54533],[128.64464,36.54534],[128.63799,36.54643],[128.6372,36.54658],[128.63638,36.54684],[128.63592,36.54703],[128.63549,36.54727],[128.63505,36.54755],[128.6346,36.54786],[128.63415,36.54828],[128.63384,36.54868],[128.63369,36.54899],[128.63357,36.5493],[128.63341,36.55003],[128.63324,36.55059],[128.63293,36.55263],[128.63293,36.55275],[128.63327,36.55422],[128.6335,36.55525],[128.63352,36.5553],[128.6336,36.55583],[128.63358,36.55604],[128.63351,36.55625],[128.63338,36.55649],[128.63303,36.55707],[128.63176,36.55868],[128.63169,36.55877],[128.63126,36.55924],[128.631,36.55947],[128.63057,36.55981],[128.63009,36.56014],[128.62952,36.56047],[128.62842,36.56102],[128.62761,36.56142],[128.62296,36.5637],[128.62286,36.56373],[128.62276,36.56377],[128.62222,36.56385],[128.62219,36.56386],[128.62149,36.56396],[128.61677,36.56463],[128.61468,36.56491],[128.61377,36.56495],[128.61139,36.56505],[128.60973,36.56506],[128.60793,36.56508],[128.60625,36.56506],[128.60464,36.56499],[128.60428,36.56496],[128.6039,36.56493],[128.60369,36.56489],[128.60344,36.56483],[128.60319,36.56475],[128.60143,36.56384],[128.60094,36.56356],[128.60004,36.56303],[128.59889,36.56224],[128.59875,36.56213],[128.59855,36.56197],[128.59842,36.56185],[128.59833,36.56172],[128.59827,36.56162],[128.59821,36.56146],[128.59814,36.5611],[128.59795,36.55974],[128.59789,36.55913],[128.59783,36.55874],[128.59777,36.55843],[128.59632,36.55304],[128.59629,36.55292],[128.59621,36.55272],[128.596,36.55238],[128.59577,36.55204],[128.59561,36.55185],[128.59527,36.55154],[128.59446,36.55083],[128.59404,36.55048],[128.59366,36.55024],[128.59332,36.55011],[128.59283,36.55003],[128.59254,36.55],[128.59198,36.54996],[128.59144,36.54995],[128.58971,36.54999],[128.58958,36.55001],[128.58827,36.55038],[128.58795,36.55049],[128.58755,36.55066],[128.58711,36.55085],[128.58689,36.55095],[128.58667,36.55105],[128.58434,36.55218],[128.58338,36.5527],[128.57694,36.55648],[128.57289,36.55939],[128.57277,36.55956],[128.57172,36.56024],[128.5712,36.56055],[128.57026,36.56102],[128.56916,36.56143],[128.56805,36.56179],[128.56486,36.56265],[128.56273,36.56318],[128.56204,36.5633],[128.5614,36.56333],[128.55975,36.56326],[128.55895,36.56314],[128.55826,36.56301],[128.55694,36.56269],[128.55489,36.56194],[128.55175,36.56078],[128.5511,36.56049],[128.55019,36.56001],[128.55013,36.55998],[128.54964,36.55965],[128.54886,36.55899],[128.54843,36.55858],[128.54823,36.55823],[128.54815,36.55789],[128.5481,36.5573],[128.54814,36.55681],[128.54827,36.55619],[128.54847,36.55572],[128.54903,36.55489],[128.54448,36.55606],[128.54204,36.55853],[128.54189,36.55891],[128.54226,36.56255],[128.54309,36.56399],[128.54405,36.56489],[128.54448,36.56548],[128.54497,36.5664],[128.54502,36.56696],[128.54481,36.567],[128.5437,36.56666],[128.54135,36.56628],[128.54078,36.56632],[128.53946,36.56683],[128.53782,36.56811],[128.53636,36.56952],[128.53525,36.57063],[128.53521,36.57087],[128.53524,36.57144],[128.53542,36.57214],[128.53661,36.57299],[128.53651,36.57314],[128.53447,36.57479],[128.53429,36.57487],[128.53402,36.57492],[128.53337,36.57497],[128.53288,36.57506],[128.53259,36.57522],[128.53261,36.57691],[128.53289,36.57778],[128.53296,36.57833],[128.53195,36.57927],[128.5305,36.5793],[128.52769,36.57917],[128.52761,36.57917],[128.5274,36.57914],[128.52625,36.57889],[128.52526,36.57863],[128.52358,36.57971],[128.52106,36.58204],[128.51938,36.58408],[128.51743,36.58406],[128.50999,36.58338],[128.50896,36.58322],[128.50691,36.58291],[128.50581,36.58242],[128.50434,36.58227],[128.50094,36.58262],[128.49952,36.58382],[128.49917,36.58436],[128.49893,36.58506],[128.49885,36.58521],[128.49877,36.58528],[128.49861,36.58534],[128.49853,36.58537],[128.49719,36.58571],[128.49696,36.58574],[128.49674,36.58573],[128.49636,36.5856],[128.49609,36.5855],[128.49601,36.58547],[128.49577,36.5854],[128.4956,36.58537],[128.49518,36.58542],[128.49468,36.58552],[128.49413,36.5857],[128.49362,36.58591],[128.49224,36.58651],[128.49208,36.58659],[128.4912,36.58803],[128.491,36.58847],[128.49094,36.5886],[128.49094,36.58868],[128.49242,36.59403],[128.49238,36.59584],[128.4924,36.59616],[128.49312,36.59849],[128.49314,36.59854],[128.49386,36.59971],[128.494,36.59984],[128.49556,36.60131],[128.49573,36.60145],[128.49582,36.60152],[128.50184,36.6059],[128.50207,36.60605],[128.5022,36.60614],[128.50241,36.60624],[128.50256,36.60631],[128.50271,36.60636],[128.50288,36.60637],[128.50303,36.60636],[128.5032,36.60632],[128.50346,36.60623],[128.50379,36.60608],[128.5039,36.60602],[128.50499,36.60507],[128.50535,36.60474],[128.5055,36.60459],[128.5056,36.60449],[128.50566,36.60442],[128.5057,36.60434],[128.50616,36.60308],[128.50616,36.60303],[128.5061,36.60292],[128.50604,36.60284],[128.50602,36.60277],[128.50603,36.60272],[128.50607,36.60266],[128.50649,36.60215],[128.50653,36.60212],[128.50664,36.60209],[128.50791,36.60181],[128.51322,36.60068],[128.51698,36.60128],[128.51967,36.60167],[128.5214,36.60171],[128.52182,36.60142],[128.52214,36.6012],[128.5225,36.60104],[128.52331,36.60081],[128.52345,36.60078],[128.5236,36.60077],[128.52631,36.60068],[128.52647,36.6007],[128.52789,36.60084],[128.528,36.60086],[128.52811,36.60091],[128.52946,36.60178],[128.52953,36.60186],[128.5321,36.60682],[128.53282,36.60948],[128.53444,36.61317],[128.5347,36.61331],[128.53508,36.61353],[128.53512,36.61357],[128.53512,36.61371],[128.53505,36.61391],[128.53497,36.61407],[128.53486,36.61419],[128.52939,36.61798],[128.52525,36.61883],[128.52197,36.6196],[128.52178,36.61964],[128.52167,36.61968],[128.52164,36.61972],[128.52166,36.61978],[128.52198,36.62011],[128.52225,36.62031],[128.52351,36.62117],[128.52421,36.62249],[128.52427,36.62265],[128.52431,36.62286],[128.52433,36.62305],[128.52433,36.62309],[128.52445,36.62457],[128.52446,36.6247],[128.52441,36.62483],[128.52426,36.62548],[128.52406,36.62651],[128.52402,36.62686],[128.52402,36.6271],[128.52403,36.62736],[128.52441,36.62832],[128.52443,36.62837],[128.5245,36.6284],[128.52486,36.62838],[128.52522,36.6283],[128.52628,36.62827],[128.53241,36.62981],[128.53404,36.63131],[128.53799,36.63378],[128.53807,36.63381],[128.53876,36.63383],[128.53891,36.63383],[128.53973,36.63362],[128.54014,36.63338],[128.54045,36.63319],[128.54067,36.63307],[128.5409,36.63297],[128.54108,36.63289],[128.54227,36.63245],[128.54286,36.63227],[128.54386,36.63197],[128.54406,36.63193],[128.54431,36.63192],[128.54581,36.63188],[128.54599,36.63188],[128.54616,36.63192],[128.54648,36.63203],[128.54666,36.63212],[128.54688,36.63224],[128.54708,36.63241],[128.54865,36.63418],[128.54946,36.63521],[128.54984,36.6359],[128.54992,36.63603],[128.54998,36.63612],[128.55142,36.63713],[128.5515,36.63718],[128.5516,36.63721],[128.55174,36.63723],[128.55195,36.63725],[128.55215,36.63724],[128.55222,36.63722],[128.55398,36.6363],[128.55444,36.63606],[128.55473,36.63587],[128.5549,36.63575],[128.55497,36.63565],[128.55501,36.63557],[128.55508,36.63547],[128.55511,36.63543],[128.55516,36.63539],[128.5552,36.63537],[128.55526,36.63537],[128.55533,36.63538],[128.55783,36.63589],[128.55864,36.63621],[128.5597,36.63675],[128.5599,36.63686],[128.56063,36.63735],[128.56501,36.64064],[128.56512,36.64073],[128.56517,36.64081],[128.56547,36.64143],[128.5655,36.6415],[128.56552,36.64161],[128.56551,36.64175],[128.56548,36.64195],[128.56539,36.64222],[128.56524,36.64259],[128.56512,36.64296],[128.5651,36.64316],[128.5651,36.64345],[128.56557,36.64516],[128.56624,36.64602],[128.5707,36.64817],[128.57696,36.64988],[128.57701,36.64989],[128.57707,36.64989],[128.57714,36.64986],[128.57741,36.64971],[128.57773,36.64954],[128.5779,36.64943],[128.57798,36.64937],[128.57804,36.6493],[128.57914,36.64798],[128.57971,36.64723],[128.57975,36.6472],[128.57981,36.64714],[128.57986,36.64712],[128.57995,36.6471],[128.58001,36.64709],[128.58147,36.647],[128.58176,36.64699],[128.58184,36.647],[128.58189,36.64701],[128.58324,36.64785],[128.5839,36.64837],[128.58488,36.64923],[128.58493,36.64927],[128.58501,36.64935],[128.58667,36.65034],[128.58896,36.65071],[128.59154,36.65068],[128.59369,36.6512],[128.5938,36.65131],[128.5941,36.65157],[128.5943,36.65172],[128.59449,36.65185],[128.59497,36.6521],[128.59529,36.65225],[128.59549,36.65232],[128.59575,36.65241],[128.59594,36.65246],[128.59625,36.65251],[128.59641,36.65253],[128.5967,36.65254],[128.5969,36.65253],[128.59705,36.65251],[128.59809,36.65234],[128.59934,36.65195],[128.59944,36.65187],[128.59981,36.65168],[128.59989,36.65167],[128.59998,36.65168],[128.6022,36.65187],[128.60297,36.65195],[128.60427,36.65236],[128.6044,36.6524],[128.60449,36.65244],[128.60455,36.65247],[128.6049,36.65189],[128.60619,36.65029],[128.60754,36.65016],[128.60985,36.64938],[128.61002,36.64931],[128.61016,36.64921],[128.61037,36.64904],[128.61048,36.64891],[128.61056,36.6488],[128.61059,36.64871],[128.61048,36.64706],[128.61045,36.64699],[128.6101,36.64631],[128.60951,36.64421],[128.60846,36.63726],[128.60761,36.6304],[128.60872,36.62446],[128.60869,36.62421],[128.60864,36.62403],[128.60862,36.62397],[128.60832,36.62351],[128.60826,36.62344],[128.60732,36.62225],[128.60701,36.6219],[128.60649,36.62111],[128.60593,36.61971],[128.60591,36.61956],[128.60601,36.61854],[128.60637,36.61778],[128.60728,36.61646],[128.60745,36.61337],[128.60705,36.61207],[128.60638,36.60961],[128.60609,36.60843],[128.60608,36.60826],[128.60613,36.60743],[128.60614,36.6074],[128.60678,36.60625],[128.60684,36.60623],[128.60712,36.6061],[128.60672,36.60449],[128.60633,36.60379],[128.60482,36.60226],[128.60272,36.60056],[128.60081,36.60109],[128.59848,36.60075],[128.59783,36.5992],[128.59791,36.59896],[128.59811,36.59878],[128.59822,36.59868],[128.59977,36.59836],[128.60171,36.59882],[128.60369,36.59622],[128.60841,36.59999],[128.61025,36.60138],[128.61422,36.60347],[128.6145,36.60366],[128.62027,36.60776],[128.62035,36.60786],[128.62042,36.60791],[128.6209,36.6081],[128.62098,36.60813],[128.62672,36.60815],[128.62685,36.60814],[128.62714,36.60809],[128.62738,36.60802],[128.62749,36.60795],[128.62951,36.60642],[128.63322,36.60325],[128.63872,36.59854],[128.64028,36.59471],[128.64083,36.59071],[128.64082,36.59064],[128.64081,36.59059],[128.64082,36.59009],[128.64085,36.59001],[128.64642,36.58863],[128.64846,36.58817],[128.65077,36.58766],[128.65104,36.5876],[128.65134,36.58752],[128.65226,36.58727],[128.65265,36.58715],[128.65279,36.58711],[128.65301,36.58703],[128.65328,36.58693],[128.65358,36.58681],[128.65381,36.5867],[128.654,36.58656],[128.65426,36.58636],[128.6545,36.58616],[128.65466,36.58602],[128.65489,36.58581],[128.65545,36.58541],[128.65584,36.58516],[128.656,36.58508],[128.65605,36.58505],[128.65733,36.58477],[128.66014,36.58427],[128.66179,36.58388],[128.6654,36.58284],[128.66553,36.58278],[128.66573,36.58266],[128.66592,36.58253],[128.66797,36.58084],[128.66876,36.58019],[128.66902,36.57996],[128.66916,36.57982],[128.67014,36.57901],[128.67037,36.57883],[128.67107,36.57833],[128.67125,36.57821],[128.67182,36.57783],[128.67186,36.57781],[128.67201,36.57774],[128.6722,36.57766],[128.67246,36.57763],[128.67332,36.5777]]]]}},{"type":"Feature","properties":{"code":"47170310","name":"와룡면","parent":"47170"},"geometry":{"type":"MultiPolygon","coordinates":[[[[128.81868,36.69226],[128.81882,36.69215],[128.8189,36.69205],[128.81906,36.69181],[128.81913,36.69169],[128.81919,36.69156],[128.81932,36.69125],[128.81935,36.69112],[128.81938,36.69101],[128.81944,36.69062],[128.81974,36.68575],[128.81986,36.68313],[128.81996,36.68109],[128.8199,36.68089],[128.8198,36.68064],[128.81945,36.68023],[128.81903,36.67999],[128.81828,36.67967],[128.81752,36.67944],[128.81735,36.67938],[128.81725,36.67933],[128.81713,36.67926],[128.81701,36.67915],[128.81692,36.67906],[128.81685,36.67893],[128.81678,36.67874],[128.81675,36.67861],[128.81672,36.67837],[128.81671,36.67825],[128.81672,36.67816],[128.81674,36.67805],[128.8168,36.67791],[128.81694,36.67773],[128.81764,36.67685],[128.81865,36.67558],[128.81886,36.67534],[128.8191,36.67514],[128.81954,36.67485],[128.81976,36.67472],[128.82117,36.67404],[128.82138,36.674],[128.82222,36.67389],[128.82245,36.67386],[128.82258,36.67386],[128.82268,36.67386],[128.82274,36.67387],[128.82361,36.67401],[128.82428,36.67412],[128.82478,36.6742],[128.82532,36.67428],[128.82581,36.67434],[128.82601,36.67436],[128.82739,36.67448],[128.82814,36.6745],[128.82887,36.67445],[128.82934,36.67439],[128.82998,36.6743],[128.83041,36.67423],[128.83073,36.67416],[128.83122,36.67401],[128.83159,36.67386],[128.83196,36.67367],[128.83246,36.6734],[128.8329,36.67302],[128.8332,36.67259],[128.83339,36.67213],[128.83363,36.67133],[128.83373,36.67086],[128.8339,36.6702],[128.83396,36.66999],[128.83403,36.6697],[128.83417,36.66921],[128.8343,36.66877],[128.83447,36.66828],[128.83515,36.66663],[128.83596,36.66472],[128.83638,36.66385],[128.83669,36.66326],[128.83682,36.66304],[128.83685,36.66299],[128.83741,36.6621],[128.83787,36.66147],[128.8383,36.66095],[128.83852,36.66076],[128.83884,36.6605],[128.83919,36.66025],[128.83984,36.65987],[128.8402,36.65968],[128.84047,36.65954],[128.84093,36.65933],[128.8413,36.65919],[128.84228,36.65888],[128.84353,36.65865],[128.84483,36.65853],[128.84606,36.65841],[128.84774,36.65824],[128.84787,36.65822],[128.84803,36.65819],[128.84852,36.65808],[128.84933,36.65788],[128.84955,36.65781],[128.84984,36.65767],[128.85026,36.65744],[128.85053,36.65726],[128.85072,36.6571],[128.85083,36.65697],[128.85092,36.65685],[128.85103,36.65666],[128.85112,36.65646],[128.85119,36.65625],[128.85124,36.65598],[128.85125,36.65578],[128.85126,36.65473],[128.85125,36.65432],[128.85124,36.65405],[128.85122,36.65386],[128.85118,36.65359],[128.85111,36.65303],[128.85105,36.65245],[128.85093,36.6512],[128.85082,36.64993],[128.8508,36.64963],[128.85079,36.64935],[128.85079,36.64922],[128.85079,36.64912],[128.85085,36.64783],[128.85086,36.6475],[128.85089,36.64702],[128.85101,36.64497],[128.85107,36.64395],[128.85109,36.6437],[128.85118,36.6425],[128.85123,36.64183],[128.85127,36.64104],[128.85126,36.64054],[128.8512,36.63994],[128.85117,36.63972],[128.85112,36.63945],[128.85104,36.63915],[128.85096,36.63891],[128.85078,36.63848],[128.85055,36.63807],[128.85032,36.63777],[128.85,36.63745],[128.84989,36.63735],[128.84974,36.63725],[128.84961,36.63717],[128.84945,36.63711],[128.84929,36.63704],[128.84918,36.63701],[128.849,36.63697],[128.84873,36.6369],[128.84843,36.63685],[128.84805,36.63678],[128.84774,36.63673],[128.84759,36.63671],[128.84738,36.63671],[128.84707,36.63673],[128.84676,36.63678],[128.8441,36.63718],[128.84203,36.6375],[128.84121,36.63762],[128.83953,36.63788],[128.83858,36.63798],[128.83764,36.63799],[128.83697,36.63795],[128.8368,36.63793],[128.83651,36.63786],[128.83629,36.63779],[128.83613,36.63772],[128.83593,36.63757],[128.83581,36.63743],[128.83574,36.63735],[128.83565,36.6372],[128.8356,36.63707],[128.83558,36.63699],[128.83555,36.63678],[128.83555,36.63657],[128.83556,36.63637],[128.83567,36.63542],[128.83586,36.6343],[128.83593,36.63404],[128.83606,36.6336],[128.83634,36.6327],[128.83641,36.63246],[128.83737,36.62991],[128.83747,36.62972],[128.83758,36.62958],[128.83772,36.62942],[128.83954,36.62784],[128.84003,36.62747],[128.84084,36.62694],[128.84234,36.62603],[128.84533,36.62463],[128.84748,36.62363],[128.84774,36.6235],[128.84823,36.62307],[128.84848,36.62275],[128.84858,36.62204],[128.84856,36.62184],[128.84837,36.62135],[128.84807,36.6209],[128.8476,36.62033],[128.84737,36.62009],[128.84695,36.61979],[128.84653,36.61951],[128.84628,36.61932],[128.84618,36.61917],[128.84614,36.61904],[128.84615,36.61893],[128.84619,36.61883],[128.84625,36.61877],[128.84634,36.61869],[128.84661,36.61859],[128.84694,36.61847],[128.84721,36.61839],[128.84747,36.61832],[128.84774,36.61828],[128.84854,36.61828],[128.84993,36.61833],[128.85114,36.61838],[128.85288,36.61852],[128.85357,36.61856],[128.85441,36.61858],[128.8547,36.61858],[128.85549,36.61853],[128.85601,36.61846],[128.8566,36.61822],[128.85688,36.61803],[128.8571,36.61787],[128.85735,36.61761],[128.85746,36.61748],[128.8576,36.61717],[128.85766,36.61664],[128.85767,36.61659],[128.85772,36.61616],[128.85771,36.61602],[128.85763,36.61549],[128.85631,36.60968],[128.85491,36.60463],[128.85424,36.60292],[128.85408,36.60226],[128.85399,36.60174],[128.85392,36.60085],[128.85395,36.60011],[128.85404,36.5996],[128.85422,36.599],[128.85452,36.59817],[128.85482,36.59761],[128.85538,36.59679],[128.85603,36.59604],[128.8567,36.59534],[128.85693,36.59517],[128.85709,36.59508],[128.85728,36.59501],[128.85749,36.595],[128.85768,36.59501],[128.85786,36.59506],[128.85802,36.59511],[128.85884,36.59537],[128.8626,36.59608],[128.86902,36.59636],[128.86946,36.59632],[128.86994,36.59627],[128.85981,36.57765],[128.85963,36.57739],[128.85767,36.57564],[128.85552,36.57378],[128.85496,36.5734],[128.85462,36.57326],[128.85422,36.57318],[128.85333,36.5732],[128.85244,36.57322],[128.84825,36.57426],[128.84774,36.57441],[128.84755,36.57446],[128.84598,36.57493],[128.84582,36.57499],[128.84508,36.5753],[128.84465,36.57551],[128.84436,36.57567],[128.84407,36.57583],[128.84331,36.57635],[128.8426,36.57687],[128.84227,36.57717],[128.84151,36.57792],[128.8412,36.57821],[128.84108,36.5783],[128.84078,36.57848],[128.84058,36.5786],[128.84041,36.57868],[128.8401,36.5788],[128.83947,36.57894],[128.83834,36.57911],[128.83817,36.5791],[128.83756,36.57909],[128.83726,36.57907],[128.837,36.57905],[128.83668,36.57901],[128.83638,36.57895],[128.83579,36.57881],[128.83477,36.57855],[128.83441,36.57843],[128.8338,36.57819],[128.83329,36.57798],[128.83318,36.57792],[128.83272,36.57767],[128.83173,36.57703],[128.83136,36.57678],[128.83095,36.57638],[128.83071,36.57612],[128.83061,36.57583],[128.83058,36.57544],[128.83063,36.57479],[128.83067,36.57468],[128.83097,36.57417],[128.83128,36.57369],[128.83216,36.57242],[128.83228,36.5722],[128.83251,36.57174],[128.83266,36.57126],[128.83272,36.57103],[128.83273,36.57078],[128.83264,36.57052],[128.83232,36.57003],[128.83212,36.56985],[128.83188,36.56968],[128.83157,36.56955],[128.83127,36.5695],[128.83097,36.56951],[128.83071,36.56953],[128.83028,36.56961],[128.8292,36.56991],[128.82892,36.57001],[128.8282,36.57026],[128.82739,36.57061],[128.82635,36.57112],[128.82575,36.57146],[128.82526,36.57176],[128.82509,36.57189],[128.82449,36.57243],[128.82401,36.57288],[128.82383,36.57308],[128.82361,36.57335],[128.82275,36.57448],[128.82257,36.57514],[128.82238,36.57585],[128.8222,36.57661],[128.82214,36.57725],[128.82211,36.57792],[128.82214,36.578],[128.82206,36.57876],[128.82202,36.57898],[128.82194,36.57925],[128.82177,36.57971],[128.82134,36.58055],[128.82069,36.58144],[128.8198,36.58257],[128.8195,36.583],[128.81912,36.58338],[128.8188,36.5837],[128.81797,36.58433],[128.8164,36.58522],[128.81569,36.58548],[128.81414,36.58588],[128.81305,36.5861],[128.8111,36.58628],[128.81002,36.5863],[128.80932,36.58628],[128.80834,36.58621],[128.80715,36.58603],[128.80638,36.58591],[128.80496,36.58564],[128.80404,36.58544],[128.80077,36.58466],[128.79912,36.58419],[128.79831,36.58394],[128.79775,36.58376],[128.79745,36.58366],[128.79702,36.58347],[128.7966,36.58328],[128.79572,36.58294],[128.79403,36.58228],[128.79347,36.58207],[128.79221,36.58162],[128.79129,36.58134],[128.79081,36.58123],[128.78801,36.58064],[128.78566,36.58029],[128.78491,36.58026],[128.78445,36.58028],[128.78406,36.58034],[128.78382,36.5804],[128.78313,36.5807],[128.78181,36.58142],[128.78142,36.58169],[128.7798,36.58281],[128.77947,36.58308],[128.77935,36.58321],[128.77935,36.58325],[128.78172,36.5838],[128.78185,36.58385],[128.78201,36.58393],[128.78217,36.58403],[128.78242,36.58424],[128.78393,36.58553],[128.78407,36.58566],[128.78422,36.58581],[128.78437,36.58605],[128.78441,36.58615],[128.78442,36.58641],[128.78439,36.58655],[128.78433,36.58674],[128.78423,36.58698],[128.78412,36.58719],[128.78402,36.58739],[128.78354,36.5882],[128.78259,36.58941],[128.7825,36.58949],[128.78239,36.58958],[128.78051,36.59077],[128.78032,36.59089],[128.78009,36.59102],[128.77994,36.59109],[128.77964,36.59119],[128.77921,36.59131],[128.77861,36.59124],[128.77751,36.59112],[128.77598,36.59112],[128.77505,36.59116],[128.77319,36.59176],[128.77273,36.59186],[128.77203,36.59201],[128.77151,36.5921],[128.771,36.59214],[128.77049,36.59218],[128.76974,36.59216],[128.7696,36.59211],[128.76883,36.59179],[128.76866,36.5917],[128.76836,36.59149],[128.76821,36.59135],[128.76807,36.59109],[128.76794,36.59063],[128.76788,36.59042],[128.76787,36.59028],[128.76581,36.58818],[128.76308,36.58641],[128.75942,36.58497],[128.75937,36.58495],[128.75919,36.58485],[128.75838,36.58401],[128.75409,36.58332],[128.7539,36.5833],[128.75381,36.58331],[128.7537,36.58334],[128.75233,36.584],[128.75225,36.58404],[128.75215,36.58412],[128.75201,36.58424],[128.75193,36.58435],[128.75184,36.58447],[128.75166,36.58478],[128.74998,36.5883],[128.75073,36.58962],[128.75096,36.58969],[128.75406,36.59123],[128.75416,36.59129],[128.75419,36.59136],[128.75421,36.59143],[128.7542,36.59148],[128.75281,36.59369],[128.74891,36.59564],[128.74633,36.59372],[128.74569,36.59339],[128.74502,36.59324],[128.74459,36.59333],[128.744,36.59361],[128.74293,36.59427],[128.74239,36.59474],[128.74076,36.59655],[128.74047,36.59688],[128.74041,36.59702],[128.74037,36.59715],[128.74035,36.59729],[128.74033,36.59753],[128.74031,36.59772],[128.74027,36.59801],[128.74021,36.59808],[128.73985,36.59825],[128.73968,36.59833],[128.73945,36.59843],[128.73921,36.59852],[128.73908,36.59854],[128.73898,36.59856],[128.73891,36.59856],[128.7388,36.59857],[128.73588,36.59794],[128.7348,36.59766],[128.73407,36.59746],[128.73382,36.59738],[128.73337,36.59721],[128.73326,36.59716],[128.73293,36.59696],[128.73271,36.59682],[128.73262,36.59672],[128.73083,36.59473],[128.72856,36.59609],[128.72848,36.59616],[128.72844,36.59625],[128.72834,36.59653],[128.7283,36.59666],[128.72824,36.59691],[128.7282,36.59718],[128.72819,36.59728],[128.72818,36.59748],[128.72814,36.5977],[128.72808,36.59797],[128.72794,36.59846],[128.72786,36.59856],[128.72777,36.59862],[128.72768,36.59862],[128.72696,36.59848],[128.7255,36.59885],[128.72544,36.60054],[128.72539,36.60066],[128.72529,36.6008],[128.72508,36.60102],[128.72472,36.60138],[128.72461,36.60149],[128.72457,36.6016],[128.72456,36.60169],[128.72457,36.60185],[128.72504,36.60335],[128.72654,36.61059],[128.72604,36.61054],[128.72483,36.61037],[128.72202,36.61262],[128.72149,36.61276],[128.72002,36.6129],[128.71993,36.6129],[128.71974,36.61286],[128.71902,36.61267],[128.71891,36.61263],[128.71881,36.61259],[128.71866,36.61252],[128.71845,36.61242],[128.7181,36.61219],[128.71705,36.6115],[128.71693,36.61142],[128.7168,36.61124],[128.71639,36.61065],[128.71628,36.61071],[128.71615,36.61079],[128.71595,36.61093],[128.71586,36.611],[128.71572,36.61116],[128.71566,36.61124],[128.71557,36.61138],[128.71554,36.61143],[128.71547,36.61159],[128.71412,36.61524],[128.71409,36.61533],[128.71405,36.61552],[128.71404,36.61565],[128.71404,36.61587],[128.71419,36.61686],[128.71423,36.61698],[128.71426,36.61704],[128.71435,36.6172],[128.71464,36.61764],[128.71469,36.61771],[128.71483,36.61786],[128.71487,36.61791],[128.71498,36.61799],[128.71605,36.61874],[128.71679,36.61922],[128.71686,36.61925],[128.71689,36.61927],[128.717,36.6194],[128.71704,36.61944],[128.71706,36.61948],[128.719,36.62336],[128.72058,36.62638],[128.72061,36.62642],[128.72065,36.62649],[128.72076,36.62665],[128.72083,36.6267],[128.72097,36.62681],[128.72126,36.62699],[128.72148,36.62712],[128.72158,36.62715],[128.72162,36.62715],[128.72166,36.62712],[128.72324,36.62556],[128.72463,36.62414],[128.72469,36.624],[128.72476,36.62394],[128.72488,36.62391],[128.72519,36.62383],[128.72567,36.62377],[128.72589,36.62378],[128.72602,36.62383],[128.72775,36.62479],[128.72898,36.62563],[128.72903,36.62569],[128.7291,36.62587],[128.72915,36.62612],[128.72918,36.62638],[128.72925,36.62714],[128.72926,36.62746],[128.72922,36.62777],[128.72917,36.6281],[128.72916,36.6282],[128.72913,36.62831],[128.72906,36.62844],[128.72901,36.62852],[128.72894,36.62858],[128.72881,36.62866],[128.72865,36.62871],[128.72846,36.62877],[128.72814,36.62884],[128.72804,36.62888],[128.72795,36.62893],[128.72789,36.62903],[128.72786,36.62915],[128.72786,36.62928],[128.72788,36.62944],[128.72792,36.62955],[128.72934,36.632],[128.73061,36.63383],[128.73341,36.63539],[128.73725,36.63742],[128.73713,36.6376],[128.73682,36.6381],[128.73654,36.63856],[128.7364,36.63879],[128.73637,36.6389],[128.73638,36.63897],[128.73677,36.64048],[128.73884,36.64615],[128.74015,36.64801],[128.74018,36.6481],[128.74006,36.64832],[128.73997,36.64846],[128.73928,36.6494],[128.73876,36.65029],[128.7387,36.65043],[128.73868,36.65054],[128.73866,36.6508],[128.73864,36.65119],[128.73864,36.65149],[128.73865,36.65183],[128.73867,36.65212],[128.73878,36.65258],[128.74119,36.65865],[128.74232,36.66112],[128.74383,36.66496],[128.7442,36.666],[128.74422,36.6661],[128.74368,36.66934],[128.74234,36.67362],[128.74224,36.67379],[128.74211,36.67399],[128.74065,36.67537],[128.73881,36.67682],[128.73867,36.67701],[128.73861,36.67713],[128.7386,36.67808],[128.73861,36.67816],[128.73904,36.67904],[128.73914,36.67924],[128.73966,36.67975],[128.74002,36.68009],[128.74049,36.68045],[128.74067,36.68058],[128.74083,36.68066],[128.741,36.68072],[128.7442,36.68218],[128.74744,36.68515],[128.74752,36.68525],[128.74826,36.68636],[128.74837,36.68667],[128.74856,36.68781],[128.74861,36.68779],[128.74872,36.68772],[128.74923,36.68737],[128.75011,36.68657],[128.75017,36.68651],[128.75021,36.68646],[128.75038,36.68604],[128.75041,36.68596],[128.75042,36.68586],[128.7508,36.68514],[128.75188,36.68382],[128.75196,36.68374],[128.75209,36.68364],[128.75221,36.68356],[128.75226,36.68353],[128.75289,36.68325],[128.75293,36.68324],[128.76044,36.68116],[128.76061,36.68112],[128.76072,36.6811],[128.76083,36.68109],[128.76207,36.68104],[128.76227,36.68105],[128.76238,36.68107],[128.76242,36.68108],[128.76246,36.68112],[128.76296,36.68198],[128.76314,36.68242],[128.76316,36.68253],[128.7632,36.68256],[128.76323,36.68258],[128.76327,36.68259],[128.76429,36.68271],[128.76434,36.68271],[128.76438,36.68271],[128.76447,36.68267],[128.76614,36.68182],[128.7664,36.68168],[128.76644,36.68166],[128.76646,36.68163],[128.76647,36.68156],[128.76647,36.68143],[128.76646,36.68139],[128.76644,36.68132],[128.76638,36.68112],[128.76631,36.68096],[128.76621,36.68073],[128.76617,36.68058],[128.76616,36.6805],[128.76618,36.68043],[128.76622,36.68038],[128.76628,36.68033],[128.76638,36.68028],[128.76776,36.67976],[128.77188,36.67857],[128.77197,36.67854],[128.77211,36.67853],[128.77224,36.67854],[128.77389,36.67878],[128.77395,36.67879],[128.77403,36.67881],[128.77543,36.67964],[128.77552,36.67973],[128.77742,36.68287],[128.77743,36.6829],[128.77743,36.68294],[128.77713,36.68367],[128.77705,36.68387],[128.77698,36.68401],[128.77691,36.68408],[128.77681,36.68418],[128.77672,36.68428],[128.77665,36.68438],[128.77658,36.68452],[128.77637,36.68519],[128.77634,36.68529],[128.77633,36.68549],[128.77633,36.68597],[128.77634,36.686],[128.77637,36.68602],[128.77823,36.68674],[128.77837,36.6868],[128.7785,36.68683],[128.77857,36.68684],[128.78123,36.68674],[128.78268,36.68652],[128.7835,36.68746],[128.78465,36.68951],[128.78472,36.68966],[128.78475,36.68975],[128.7851,36.69284],[128.78631,36.69341],[128.78658,36.69353],[128.78682,36.69361],[128.7875,36.69382],[128.78774,36.69387],[128.78832,36.69401],[128.78909,36.69414],[128.78989,36.69423],[128.79057,36.69423],[128.79091,36.69416],[128.79116,36.69408],[128.79132,36.69401],[128.79151,36.69391],[128.79182,36.69372],[128.79196,36.6936],[128.79211,36.69347],[128.79226,36.69331],[128.79238,36.69314],[128.79249,36.693],[128.7926,36.69288],[128.79319,36.69231],[128.79383,36.69169],[128.79414,36.69141],[128.7945,36.69132],[128.7951,36.69129],[128.79538,36.69128],[128.7957,36.69129],[128.79656,36.69131],[128.7968,36.69132],[128.79691,36.69134],[128.79707,36.69139],[128.79735,36.69154],[128.79762,36.6917],[128.79775,36.6918],[128.7979,36.69199],[128.79808,36.69221],[128.79826,36.69242],[128.79862,36.69285],[128.79881,36.69307],[128.79895,36.69322],[128.79913,36.6934],[128.7993,36.69358],[128.80147,36.69544],[128.80195,36.69583],[128.80209,36.69593],[128.80226,36.69601],[128.80246,36.69609],[128.80258,36.69612],[128.80268,36.69613],[128.80287,36.69611],[128.80306,36.69607],[128.80323,36.69602],[128.80347,36.69589],[128.80361,36.6958],[128.80377,36.69567],[128.80384,36.69559],[128.80397,36.69546],[128.80413,36.69525],[128.80429,36.69502],[128.80462,36.69454],[128.80634,36.69161],[128.80644,36.6915],[128.80652,36.69144],[128.80675,36.69133],[128.80691,36.69128],[128.81044,36.69159],[128.81268,36.69186],[128.81358,36.69196],[128.81795,36.69245],[128.81868,36.69226]]]]}},{"type":"Feature","properties":{"code":"47170320","name":"북후면","parent":"47170"},"geometry":{"type":"MultiPolygon","coordinates":[[[[128.73444,36.70042],[128.73572,36.70033],[128.73587,36.70031],[128.73607,36.70029],[128.73625,36.70027],[128.73647,36.70025],[128.73655,36.70023],[128.73806,36.6998],[128.74034,36.69809],[128.74039,36.69804],[128.74042,36.69801],[128.74087,36.69746],[128.7409,36.69741],[128.74108,36.69698],[128.74111,36.69692],[128.74112,36.69678],[128.74112,36.6966],[128.74279,36.69388],[128.74431,36.69344],[128.7444,36.69341],[128.74451,36.69337],[128.74457,36.69333],[128.74491,36.69311],[128.745,36.69304],[128.74507,36.69297],[128.74528,36.6927],[128.74539,36.69254],[128.74545,36.69244],[128.74547,36.6924],[128.74551,36.69234],[128.7455,36.69228],[128.74548,36.69217],[128.74543,36.6919],[128.74541,36.69184],[128.74522,36.69127],[128.74506,36.69099],[128.74504,36.69093],[128.74505,36.69085],[128.74515,36.69073],[128.74521,36.69066],[128.74801,36.68799],[128.74856,36.68781],[128.74837,36.68667],[128.74826,36.68636],[128.74752,36.68525],[128.74744,36.68515],[128.7442,36.68218],[128.741,36.68072],[128.74083,36.68066],[128.74067,36.68058],[128.74049,36.68045],[128.74002,36.68009],[128.73966,36.67975],[128.73914,36.67924],[128.73904,36.67904],[128.73861,36.67816],[128.7386,36.67808],[128.73861,36.67713],[128.73867,36.67701],[128.73881,36.67682],[128.74065,36.67537],[128.74211,36.67399],[128.74224,36.67379],[128.74234,36.67362],[128.74368,36.66934],[128.74422,36.6661],[128.7442,36.666],[128.74383,36.66496],[128.74232,36.66112],[128.74119,36.65865],[128.73878,36.65258],[128.73867,36.65212],[128.73865,36.65183],[128.73864,36.65149],[128.73864,36.65119],[128.73866,36.6508],[128.73868,36.65054],[128.7387,36.65043],[128.73876,36.65029],[128.73928,36.6494],[128.73997,36.64846],[128.74006,36.64832],[128.74018,36.6481],[128.74015,36.64801],[128.73884,36.64615],[128.73677,36.64048],[128.73638,36.63897],[128.73637,36.6389],[128.7364,36.63879],[128.73654,36.63856],[128.73682,36.6381],[128.73713,36.6376],[128.73725,36.63742],[128.73341,36.63539],[128.73061,36.63383],[128.72934,36.632],[128.72792,36.62955],[128.72788,36.62944],[128.72786,36.62928],[128.72786,36.62915],[128.72789,36.62903],[128.72795,36.62893],[128.72804,36.62888],[128.72814,36.62884],[128.72846,36.62877],[128.72865,36.62871],[128.72881,36.62866],[128.72894,36.62858],[128.72901,36.62852],[128.72906,36.62844],[128.72913,36.62831],[128.72916,36.6282],[128.72917,36.6281],[128.72922,36.62777],[128.72926,36.62746],[128.72925,36.62714],[128.72918,36.62638],[128.72915,36.62612],[128.7291,36.62587],[128.72903,36.62569],[128.72898,36.62563],[128.72775,36.62479],[128.72602,36.62383],[128.72589,36.62378],[128.72567,36.62377],[128.72519,36.62383],[128.72488,36.62391],[128.72476,36.62394],[128.72469,36.624],[128.72463,36.62414],[128.72324,36.62556],[128.72166,36.62712],[128.72162,36.62715],[128.72158,36.62715],[128.72148,36.62712],[128.72126,36.62699],[128.72097,36.62681],[128.72083,36.6267],[128.72076,36.62665],[128.72065,36.62649],[128.72061,36.62642],[128.72058,36.62638],[128.719,36.62336],[128.71706,36.61948],[128.71704,36.61944],[128.717,36.6194],[128.71689,36.61927],[128.71686,36.61925],[128.71679,36.61922],[128.71605,36.61874],[128.71498,36.61799],[128.71487,36.61791],[128.71483,36.61786],[128.71469,36.61771],[128.71464,36.61764],[128.71435,36.6172],[128.71426,36.61704],[128.71423,36.61698],[128.71419,36.61686],[128.71404,36.61587],[128.71404,36.61565],[128.71405,36.61552],[128.71409,36.61533],[128.71412,36.61524],[128.71547,36.61159],[128.71554,36.61143],[128.71557,36.61138],[128.71566,36.61124],[128.71572,36.61116],[128.71586,36.611],[128.71595,36.61093],[128.71615,36.61079],[128.71628,36.61071],[128.71639,36.61065],[128.71605,36.60946],[128.716,36.60932],[128.71595,36.60922],[128.71587,36.60912],[128.7158,36.60905],[128.71573,36.60903],[128.71559,36.60901],[128.71549,36.60901],[128.71535,36.60903],[128.71436,36.60919],[128.70839,36.6096],[128.70834,36.6096],[128.70824,36.60959],[128.70813,36.60957],[128.70801,36.60954],[128.70778,36.60948],[128.70747,36.60934],[128.70557,36.60765],[128.70425,36.6072],[128.70346,36.60749],[128.70329,36.60756],[128.70312,36.60767],[128.70305,36.60772],[128.70299,36.60778],[128.70291,36.60788],[128.70282,36.608],[128.70278,36.60808],[128.70273,36.60822],[128.70271,36.60835],[128.70265,36.60867],[128.70222,36.61159],[128.70221,36.61169],[128.70222,36.61184],[128.70225,36.61201],[128.70231,36.61234],[128.70236,36.6125],[128.70238,36.61256],[128.70243,36.61268],[128.70252,36.61285],[128.7026,36.613],[128.7036,36.61469],[128.70484,36.6166],[128.70665,36.61887],[128.70797,36.62028],[128.70802,36.62038],[128.70798,36.62064],[128.70793,36.62071],[128.7071,36.62185],[128.70686,36.62213],[128.70674,36.62225],[128.70669,36.62231],[128.70664,36.62235],[128.70651,36.62242],[128.70635,36.62251],[128.70622,36.62256],[128.70603,36.62454],[128.70584,36.62779],[128.70614,36.6284],[128.70723,36.63257],[128.70712,36.63272],[128.7063,36.63427],[128.70627,36.63438],[128.70607,36.63518],[128.70602,36.63538],[128.70602,36.6356],[128.70606,36.63572],[128.70654,36.63693],[128.70744,36.63747],[128.70972,36.6394],[128.70975,36.63944],[128.70975,36.63949],[128.70975,36.63956],[128.70973,36.63961],[128.70626,36.64568],[128.70456,36.64697],[128.70452,36.647],[128.70449,36.64704],[128.70446,36.64709],[128.70444,36.64716],[128.70409,36.65023],[128.70409,36.65029],[128.70411,36.65036],[128.70429,36.65066],[128.70436,36.65075],[128.7047,36.65116],[128.70518,36.65169],[128.70558,36.65214],[128.70561,36.65218],[128.70622,36.65381],[128.70622,36.65385],[128.70621,36.65389],[128.70619,36.65396],[128.70616,36.65402],[128.70612,36.6541],[128.70605,36.6542],[128.70474,36.65584],[128.70297,36.65761],[128.70294,36.65763],[128.69933,36.65892],[128.69927,36.65893],[128.6992,36.65895],[128.69908,36.65896],[128.69902,36.65896],[128.69895,36.65895],[128.69815,36.65864],[128.69805,36.65859],[128.69797,36.65853],[128.6977,36.65835],[128.69759,36.65827],[128.69748,36.65815],[128.69743,36.65804],[128.6974,36.65793],[128.69738,36.65772],[128.69736,36.65749],[128.69728,36.6572],[128.69721,36.65701],[128.69714,36.6569],[128.69693,36.65674],[128.69613,36.65608],[128.69603,36.65602],[128.69585,36.65594],[128.69568,36.65587],[128.69553,36.65582],[128.69532,36.65579],[128.69088,36.65509],[128.69006,36.65504],[128.6846,36.65535],[128.6844,36.65537],[128.68418,36.65541],[128.68244,36.65586],[128.6813,36.65619],[128.67682,36.65749],[128.66929,36.65933],[128.66625,36.66031],[128.66503,36.66072],[128.66487,36.66078],[128.6647,36.66087],[128.66452,36.661],[128.66442,36.66111],[128.66403,36.66203],[128.66357,36.665],[128.66345,36.66627],[128.66343,36.66659],[128.66347,36.66686],[128.66355,36.66712],[128.66368,36.66738],[128.65858,36.67226],[128.65848,36.67233],[128.65818,36.67245],[128.65796,36.6725],[128.65597,36.6729],[128.6558,36.67292],[128.6557,36.67291],[128.65355,36.6724],[128.65297,36.67326],[128.6529,36.67336],[128.6528,36.67344],[128.65236,36.67365],[128.65194,36.67382],[128.65071,36.67425],[128.65039,36.67434],[128.64946,36.67456],[128.64939,36.67456],[128.64931,36.67455],[128.64926,36.67451],[128.64918,36.67438],[128.64915,36.67429],[128.64916,36.67422],[128.64919,36.67418],[128.6499,36.6736],[128.65067,36.67274],[128.65105,36.67202],[128.65109,36.67187],[128.6517,36.66896],[128.6517,36.66891],[128.65168,36.66885],[128.65163,36.66878],[128.65158,36.66873],[128.65116,36.66845],[128.64867,36.66742],[128.64856,36.66739],[128.64786,36.66722],[128.64181,36.666],[128.64012,36.6658],[128.63736,36.66432],[128.63627,36.66281],[128.63516,36.6615],[128.63342,36.66147],[128.63332,36.66148],[128.63325,36.6615],[128.63314,36.66156],[128.63303,36.66166],[128.63292,36.66182],[128.63286,36.66199],[128.63282,36.66206],[128.63271,36.6622],[128.63264,36.6623],[128.63248,36.66243],[128.63223,36.66258],[128.63207,36.66265],[128.63188,36.66271],[128.63172,36.66272],[128.63161,36.66271],[128.63035,36.66243],[128.63023,36.6624],[128.62732,36.66095],[128.62721,36.66085],[128.62706,36.66067],[128.62685,36.66036],[128.62679,36.66026],[128.62672,36.66016],[128.62645,36.6598],[128.62632,36.6597],[128.62619,36.65959],[128.62605,36.65952],[128.62556,36.65932],[128.62527,36.65921],[128.62171,36.65852],[128.6215,36.65848],[128.62134,36.65848],[128.62111,36.65849],[128.62091,36.65852],[128.6208,36.65855],[128.61938,36.65928],[128.61546,36.66069],[128.60962,36.66232],[128.6057,36.66253],[128.60495,36.66305],[128.60349,36.66665],[128.60345,36.66679],[128.60324,36.66895],[128.60323,36.6691],[128.60324,36.6692],[128.60325,36.66924],[128.60327,36.66926],[128.60332,36.66933],[128.60351,36.66948],[128.60371,36.6696],[128.60384,36.66971],[128.60395,36.66984],[128.60399,36.6699],[128.60481,36.67124],[128.60491,36.67144],[128.60503,36.67216],[128.60504,36.67224],[128.60502,36.67231],[128.6037,36.67562],[128.60201,36.67831],[128.60186,36.67858],[128.60182,36.67871],[128.60184,36.67886],[128.6019,36.67896],[128.60605,36.68264],[128.60826,36.68427],[128.60976,36.6858],[128.61008,36.68938],[128.60916,36.69246],[128.60914,36.69252],[128.60907,36.69256],[128.60888,36.69263],[128.60853,36.69268],[128.60814,36.69274],[128.60794,36.69276],[128.60752,36.69274],[128.6064,36.69267],[128.60604,36.6926],[128.60579,36.69252],[128.60563,36.69246],[128.60553,36.69245],[128.60539,36.69245],[128.60524,36.69246],[128.60506,36.69249],[128.60493,36.69251],[128.60482,36.69257],[128.60332,36.69417],[128.60266,36.69492],[128.60263,36.69497],[128.60222,36.69577],[128.60218,36.69586],[128.6022,36.69599],[128.60228,36.69617],[128.60241,36.69643],[128.60245,36.69653],[128.60244,36.69662],[128.60213,36.69767],[128.60207,36.69777],[128.59975,36.70179],[128.59967,36.70186],[128.59863,36.70242],[128.59846,36.70251],[128.59838,36.70254],[128.59801,36.70268],[128.59763,36.70277],[128.59769,36.70336],[128.59771,36.70403],[128.59763,36.70493],[128.59752,36.7052],[128.59699,36.7064],[128.59646,36.70742],[128.59601,36.7084],[128.59569,36.70917],[128.59553,36.70982],[128.59543,36.7106],[128.59545,36.71134],[128.59554,36.7117],[128.59564,36.71205],[128.59579,36.71229],[128.59583,36.71235],[128.59669,36.71297],[128.59983,36.71513],[128.60019,36.71533],[128.60088,36.71555],[128.6016,36.71575],[128.60233,36.71591],[128.60253,36.71595],[128.60834,36.71687],[128.60868,36.71689],[128.60903,36.71688],[128.60933,36.71684],[128.60994,36.71669],[128.6105,36.71649],[128.61099,36.71626],[128.61122,36.71612],[128.6115,36.71584],[128.61179,36.71525],[128.6123,36.7144],[128.61324,36.71285],[128.61335,36.71267],[128.61345,36.71258],[128.61359,36.71248],[128.61376,36.71237],[128.61415,36.71221],[128.61463,36.71208],[128.61521,36.71194],[128.61546,36.71189],[128.61568,36.71188],[128.61596,36.71191],[128.616,36.71192],[128.61614,36.71197],[128.61646,36.71208],[128.61672,36.71226],[128.61697,36.71245],[128.61724,36.71269],[128.61818,36.71374],[128.61849,36.71413],[128.61891,36.71465],[128.61914,36.71486],[128.6194,36.71504],[128.61989,36.71536],[128.62078,36.71572],[128.62313,36.71631],[128.62362,36.71632],[128.62434,36.71639],[128.62597,36.71659],[128.62709,36.71675],[128.62741,36.7168],[128.62765,36.71687],[128.62786,36.71694],[128.62827,36.71715],[128.62845,36.71736],[128.62865,36.71766],[128.6288,36.71791],[128.62892,36.71825],[128.62901,36.71855],[128.62903,36.71873],[128.62904,36.71882],[128.62906,36.71914],[128.62911,36.7194],[128.62912,36.71942],[128.62919,36.71952],[128.62939,36.71962],[128.6296,36.71968],[128.62989,36.71972],[128.63033,36.71977],[128.63037,36.71977],[128.63452,36.71925],[128.6374,36.71886],[128.63747,36.71885],[128.63802,36.71882],[128.63814,36.71883],[128.63821,36.71885],[128.63826,36.71886],[128.63883,36.71953],[128.63894,36.71968],[128.63899,36.71983],[128.63902,36.71995],[128.63907,36.72025],[128.63894,36.7186],[128.63967,36.71806],[128.63977,36.71799],[128.63987,36.71794],[128.63992,36.71793],[128.63996,36.71793],[128.64083,36.71786],[128.64196,36.71775],[128.64212,36.71773],[128.64232,36.71769],[128.64246,36.71765],[128.64256,36.71758],[128.64269,36.71748],[128.64305,36.71715],[128.6431,36.71709],[128.64315,36.71699],[128.64418,36.71557],[128.64588,36.71492],[128.64956,36.71302],[128.64973,36.7129],[128.65032,36.71213],[128.6506,36.71174],[128.65073,36.71149],[128.65074,36.71139],[128.65199,36.71075],[128.65954,36.71251],[128.65963,36.71255],[128.65976,36.71263],[128.65988,36.71275],[128.65996,36.71287],[128.66018,36.71327],[128.6603,36.71341],[128.66044,36.71353],[128.66196,36.71434],[128.66284,36.7148],[128.66297,36.71484],[128.66309,36.71485],[128.6637,36.71468],[128.66402,36.71458],[128.66431,36.71448],[128.66446,36.71439],[128.66642,36.71304],[128.66653,36.71294],[128.66656,36.71292],[128.66808,36.71093],[128.6711,36.70891],[128.67292,36.70774],[128.67287,36.70743],[128.67277,36.70671],[128.67277,36.7066],[128.67281,36.70498],[128.67284,36.70494],[128.67301,36.70475],[128.677,36.7006],[128.6782,36.69949],[128.67858,36.69924],[128.67862,36.69923],[128.67869,36.69922],[128.67878,36.69923],[128.67894,36.69926],[128.67907,36.69932],[128.67916,36.69938],[128.67949,36.69974],[128.67972,36.69995],[128.67995,36.7001],[128.6809,36.70053],[128.68167,36.70083],[128.68177,36.70086],[128.68192,36.70088],[128.682,36.70088],[128.68301,36.70094],[128.6832,36.70094],[128.68344,36.70092],[128.68361,36.70087],[128.68396,36.70074],[128.6842,36.70063],[128.68441,36.70052],[128.68463,36.70035],[128.6847,36.70031],[128.68481,36.70027],[128.68494,36.70029],[128.68533,36.70038],[128.68564,36.70047],[128.69198,36.70252],[128.69526,36.70468],[128.69548,36.70483],[128.6957,36.70502],[128.69579,36.70512],[128.69582,36.70526],[128.69582,36.70552],[128.69585,36.70562],[128.69589,36.70567],[128.69603,36.70582],[128.69612,36.70588],[128.69762,36.70669],[128.69767,36.70669],[128.69775,36.70667],[128.6982,36.70654],[128.69836,36.70644],[128.70103,36.70432],[128.70126,36.70413],[128.70155,36.70387],[128.70206,36.70334],[128.70235,36.70299],[128.70269,36.70256],[128.70292,36.70216],[128.70301,36.70208],[128.70447,36.7011],[128.70459,36.70102],[128.70473,36.70096],[128.70615,36.70046],[128.7063,36.70041],[128.70696,36.70024],[128.70903,36.69978],[128.70908,36.69977],[128.71055,36.70014],[128.71063,36.70017],[128.71077,36.70028],[128.71098,36.70052],[128.71118,36.70075],[128.71121,36.70079],[128.71142,36.70098],[128.71172,36.70124],[128.71225,36.70156],[128.71322,36.7021],[128.71362,36.70231],[128.71504,36.70304],[128.71533,36.70318],[128.71561,36.70328],[128.7159,36.70338],[128.71611,36.70342],[128.71628,36.70339],[128.72062,36.70253],[128.72083,36.70247],[128.72096,36.7024],[128.72102,36.70235],[128.72108,36.70227],[128.72212,36.7002],[128.72214,36.70014],[128.72219,36.6997],[128.72216,36.69956],[128.72212,36.6994],[128.72213,36.69928],[128.72216,36.69922],[128.72237,36.69898],[128.72257,36.69877],[128.72309,36.69827],[128.72338,36.69803],[128.72375,36.69775],[128.72407,36.69753],[128.72744,36.69564],[128.72753,36.69561],[128.72852,36.69551],[128.72873,36.69556],[128.73055,36.69602],[128.73066,36.69609],[128.73473,36.6998],[128.73444,36.70042]]]]}},{"type":"Feature","properties":{"code":"47170330","name":"서후면","parent":"47170"},"geometry":{"type":"MultiPolygon","coordinates":[[[[128.70425,36.6072],[128.70602,36.60412],[128.70597,36.60369],[128.70584,36.6028],[128.70536,36.60176],[128.70446,36.60157],[128.70428,36.60154],[128.70196,36.60136],[128.69892,36.60205],[128.69852,36.60216],[128.69822,36.60247],[128.69783,36.60332],[128.69775,36.60339],[128.69614,36.60366],[128.69588,36.60363],[128.69567,36.60352],[128.69477,36.60278],[128.6943,36.60199],[128.69417,36.60161],[128.69401,36.60107],[128.69364,36.60039],[128.69335,36.60004],[128.69315,36.59987],[128.69288,36.59975],[128.69263,36.59971],[128.69207,36.59972],[128.69188,36.59984],[128.6912,36.5999],[128.69073,36.59992],[128.69047,36.59991],[128.69022,36.59988],[128.68978,36.59975],[128.68951,36.59962],[128.68881,36.59927],[128.68854,36.59911],[128.6884,36.59901],[128.68834,36.59893],[128.68815,36.59856],[128.68814,36.5985],[128.68814,36.5984],[128.68819,36.59827],[128.68825,36.59815],[128.68838,36.59795],[128.68852,36.59773],[128.68859,36.59747],[128.68861,36.59732],[128.68863,36.59695],[128.68856,36.59628],[128.6885,36.59613],[128.68843,36.59603],[128.68834,36.59595],[128.68818,36.59586],[128.68784,36.59576],[128.68685,36.59549],[128.68617,36.59534],[128.68582,36.59529],[128.68562,36.5953],[128.68543,36.59534],[128.68505,36.59545],[128.68483,36.59554],[128.68459,36.59568],[128.68451,36.59574],[128.68438,36.59596],[128.68436,36.59603],[128.68437,36.59606],[128.68448,36.59639],[128.68464,36.59678],[128.68467,36.597],[128.68467,36.59714],[128.68464,36.59729],[128.68458,36.59752],[128.6844,36.59792],[128.6842,36.59819],[128.68372,36.59869],[128.68352,36.59886],[128.68329,36.59896],[128.68284,36.59906],[128.68252,36.59907],[128.68235,36.59905],[128.68215,36.59901],[128.68195,36.59895],[128.68181,36.59887],[128.68162,36.59872],[128.68154,36.59863],[128.6815,36.59853],[128.68144,36.59821],[128.68139,36.59796],[128.68139,36.59791],[128.68141,36.59777],[128.68142,36.59764],[128.68137,36.59746],[128.68112,36.59669],[128.68102,36.59641],[128.68083,36.59597],[128.68025,36.59486],[128.67987,36.59426],[128.67949,36.59373],[128.67844,36.5923],[128.67772,36.5914],[128.67757,36.59125],[128.67671,36.59025],[128.67552,36.58885],[128.67493,36.58812],[128.67481,36.58793],[128.67456,36.58745],[128.67434,36.58686],[128.67425,36.5866],[128.67411,36.58613],[128.67398,36.58571],[128.67334,36.58351],[128.67323,36.58313],[128.67319,36.58296],[128.67273,36.5801],[128.67272,36.57947],[128.67273,36.57909],[128.67276,36.57879],[128.67332,36.5777],[128.67246,36.57763],[128.6722,36.57766],[128.67201,36.57774],[128.67186,36.57781],[128.67182,36.57783],[128.67125,36.57821],[128.67107,36.57833],[128.67037,36.57883],[128.67014,36.57901],[128.66916,36.57982],[128.66902,36.57996],[128.66876,36.58019],[128.66797,36.58084],[128.66592,36.58253],[128.66573,36.58266],[128.66553,36.58278],[128.6654,36.58284],[128.66179,36.58388],[128.66014,36.58427],[128.65733,36.58477],[128.65605,36.58505],[128.656,36.58508],[128.65584,36.58516],[128.65545,36.58541],[128.65489,36.58581],[128.65466,36.58602],[128.6545,36.58616],[128.65426,36.58636],[128.654,36.58656],[128.65381,36.5867],[128.65358,36.58681],[128.65328,36.58693],[128.65301,36.58703],[128.65279,36.58711],[128.65265,36.58715],[128.65226,36.58727],[128.65134,36.58752],[128.65104,36.5876],[128.65077,36.58766],[128.64846,36.58817],[128.64642,36.58863],[128.64085,36.59001],[128.64082,36.59009],[128.64081,36.59059],[128.64082,36.59064],[128.64083,36.59071],[128.64028,36.59471],[128.63872,36.59854],[128.63322,36.60325],[128.62951,36.60642],[128.62749,36.60795],[128.62738,36.60802],[128.62714,36.60809],[128.62685,36.60814],[128.62672,36.60815],[128.62098,36.60813],[128.6209,36.6081],[128.62042,36.60791],[128.62035,36.60786],[128.62027,36.60776],[128.6145,36.60366],[128.61422,36.60347],[128.61025,36.60138],[128.60841,36.59999],[128.60369,36.59622],[128.60171,36.59882],[128.59977,36.59836],[128.59822,36.59868],[128.59811,36.59878],[128.59791,36.59896],[128.59783,36.5992],[128.59848,36.60075],[128.60081,36.60109],[128.60272,36.60056],[128.60482,36.60226],[128.60633,36.60379],[128.60672,36.60449],[128.60712,36.6061],[128.60684,36.60623],[128.60678,36.60625],[128.60614,36.6074],[128.60613,36.60743],[128.60608,36.60826],[128.60609,36.60843],[128.60638,36.60961],[128.60705,36.61207],[128.60745,36.61337],[128.60728,36.61646],[128.60637,36.61778],[128.60601,36.61854],[128.60591,36.61956],[128.60593,36.61971],[128.60649,36.62111],[128.60701,36.6219],[128.60732,36.62225],[128.60826,36.62344],[128.60832,36.62351],[128.60862,36.62397],[128.60864,36.62403],[128.60869,36.62421],[128.60872,36.62446],[128.60761,36.6304],[128.60846,36.63726],[128.60951,36.64421],[128.6101,36.64631],[128.61045,36.64699],[128.61048,36.64706],[128.61059,36.64871],[128.61056,36.6488],[128.61048,36.64891],[128.61037,36.64904],[128.61016,36.64921],[128.61002,36.64931],[128.60985,36.64938],[128.60754,36.65016],[128.60619,36.65029],[128.6049,36.65189],[128.60455,36.65247],[128.60445,36.65499],[128.60444,36.65524],[128.60461,36.65759],[128.60517,36.66084],[128.6057,36.66253],[128.60962,36.66232],[128.61546,36.66069],[128.61938,36.65928],[128.6208,36.65855],[128.62091,36.65852],[128.62111,36.65849],[128.62134,36.65848],[128.6215,36.65848],[128.62171,36.65852],[128.62527,36.65921],[128.62556,36.65932],[128.62605,36.65952],[128.62619,36.65959],[128.62632,36.6597],[128.62645,36.6598],[128.62672,36.66016],[128.62679,36.66026],[128.62685,36.66036],[128.62706,36.66067],[128.62721,36.66085],[128.62732,36.66095],[128.63023,36.6624],[128.63035,36.66243],[128.63161,36.66271],[128.63172,36.66272],[128.63188,36.66271],[128.63207,36.66265],[128.63223,36.66258],[128.63248,36.66243],[128.63264,36.6623],[128.63271,36.6622],[128.63282,36.66206],[128.63286,36.66199],[128.63292,36.66182],[128.63303,36.66166],[128.63314,36.66156],[128.63325,36.6615],[128.63332,36.66148],[128.63342,36.66147],[128.63516,36.6615],[128.63627,36.66281],[128.63736,36.66432],[128.64012,36.6658],[128.64181,36.666],[128.64786,36.66722],[128.64856,36.66739],[128.64867,36.66742],[128.65116,36.66845],[128.65158,36.66873],[128.65163,36.66878],[128.65168,36.66885],[128.6517,36.66891],[128.6517,36.66896],[128.65109,36.67187],[128.65105,36.67202],[128.65067,36.67274],[128.6499,36.6736],[128.64919,36.67418],[128.64916,36.67422],[128.64915,36.67429],[128.64918,36.67438],[128.64926,36.67451],[128.64931,36.67455],[128.64939,36.67456],[128.64946,36.67456],[128.65039,36.67434],[128.65071,36.67425],[128.65194,36.67382],[128.65236,36.67365],[128.6528,36.67344],[128.6529,36.67336],[128.65297,36.67326],[128.65355,36.6724],[128.6557,36.67291],[128.6558,36.67292],[128.65597,36.6729],[128.65796,36.6725],[128.65818,36.67245],[128.65848,36.67233],[128.65858,36.67226],[128.66368,36.66738],[128.66355,36.66712],[128.66347,36.66686],[128.66343,36.66659],[128.66345,36.66627],[128.66357,36.665],[128.66403,36.66203],[128.66442,36.66111],[128.66452,36.661],[128.6647,36.66087],[128.66487,36.66078],[128.66503,36.66072],[128.66625,36.66031],[128.66929,36.65933],[128.67682,36.65749],[128.6813,36.65619],[128.68244,36.65586],[128.68418,36.65541],[128.6844,36.65537],[128.6846,36.65535],[128.69006,36.65504],[128.69088,36.65509],[128.69532,36.65579],[128.69553,36.65582],[128.69568,36.65587],[128.69585,36.65594],[128.69603,36.65602],[128.69613,36.65608],[128.69693,36.65674],[128.69714,36.6569],[128.69721,36.65701],[128.69728,36.6572],[128.69736,36.65749],[128.69738,36.65772],[128.6974,36.65793],[128.69743,36.65804],[128.69748,36.65815],[128.69759,36.65827],[128.6977,36.65835],[128.69797,36.65853],[128.69805,36.65859],[128.69815,36.65864],[128.69895,36.65895],[128.69902,36.65896],[128.69908,36.65896],[128.6992,36.65895],[128.69927,36.65893],[128.69933,36.65892],[128.70294,36.65763],[128.70297,36.65761],[128.70474,36.65584],[128.70605,36.6542],[128.70612,36.6541],[128.70616,36.65402],[128.70619,36.65396],[128.70621,36.65389],[128.70622,36.65385],[128.70622,36.65381],[128.70561,36.65218],[128.70558,36.65214],[128.70518,36.65169],[128.7047,36.65116],[128.70436,36.65075],[128.70429,36.65066],[128.70411,36.65036],[128.70409,36.65029],[128.70409,36.65023],[128.70444,36.64716],[128.70446,36.64709],[128.70449,36.64704],[128.70452,36.647],[128.70456,36.64697],[128.70626,36.64568],[128.70973,36.63961],[128.70975,36.63956],[128.70975,36.63949],[128.70975,36.63944],[128.70972,36.6394],[128.70744,36.63747],[128.70654,36.63693],[128.70606,36.63572],[128.70602,36.6356],[128.70602,36.63538],[128.70607,36.63518],[128.70627,36.63438],[128.7063,36.63427],[128.70712,36.63272],[128.70723,36.63257],[128.70614,36.6284],[128.70584,36.62779],[128.70603,36.62454],[128.70622,36.62256],[128.70635,36.62251],[128.70651,36.62242],[128.70664,36.62235],[128.70669,36.62231],[128.70674,36.62225],[128.70686,36.62213],[128.7071,36.62185],[128.70793,36.62071],[128.70798,36.62064],[128.70802,36.62038],[128.70797,36.62028],[128.70665,36.61887],[128.70484,36.6166],[128.7036,36.61469],[128.7026,36.613],[128.70252,36.61285],[128.70243,36.61268],[128.70238,36.61256],[128.70236,36.6125],[128.70231,36.61234],[128.70225,36.61201],[128.70222,36.61184],[128.70221,36.61169],[128.70222,36.61159],[128.70265,36.60867],[128.70271,36.60835],[128.70273,36.60822],[128.70278,36.60808],[128.70282,36.608],[128.70291,36.60788],[128.70299,36.60778],[128.70305,36.60772],[128.70312,36.60767],[128.70329,36.60756],[128.70346,36.60749],[128.70425,36.6072]]]]}},{"type":"Feature","properties":{"code":"47170340","name":"풍천면","parent":"47170"},"geometry":{"type":"MultiPolygon","coordinates":[[[[128.54903,36.55489],[128.54958,36.55478],[128.55026,36.55459],[128.55094,36.55428],[128.55211,36.55355],[128.55299,36.55292],[128.55405,36.55198],[128.55576,36.55052],[128.55639,36.55007],[128.55834,36.54883],[128.5588,36.54871],[128.55943,36.54857],[128.56039,36.54835],[128.56052,36.54827],[128.56305,36.5453],[128.56442,36.54267],[128.56449,36.54254],[128.56542,36.53957],[128.56523,36.53636],[128.56522,36.53627],[128.56522,36.53554],[128.56522,36.53549],[128.56792,36.53064],[128.5705,36.52499],[128.57205,36.52234],[128.57579,36.51873],[128.57559,36.51684],[128.5756,36.51678],[128.57567,36.51667],[128.5781,36.51321],[128.57947,36.51152],[128.57962,36.51134],[128.58007,36.51089],[128.58029,36.51069],[128.58042,36.51061],[128.58059,36.51053],[128.58066,36.51049],[128.58073,36.51045],[128.58078,36.51041],[128.58083,36.51035],[128.58148,36.50939],[128.58202,36.50844],[128.58272,36.50617],[128.5841,36.50318],[128.5848,36.50256],[128.58487,36.5025],[128.58588,36.50206],[128.58769,36.50143],[128.58908,36.50002],[128.58901,36.49985],[128.58889,36.49957],[128.58838,36.49852],[128.58831,36.49839],[128.58764,36.49767],[128.58745,36.49752],[128.58727,36.49743],[128.58694,36.49734],[128.58681,36.49731],[128.5867,36.49723],[128.58648,36.49695],[128.58626,36.49658],[128.58619,36.49634],[128.58617,36.49593],[128.58669,36.49369],[128.58675,36.49351],[128.58686,36.49339],[128.58711,36.49325],[128.58738,36.4931],[128.58755,36.493],[128.58761,36.49293],[128.58803,36.49181],[128.58801,36.4917],[128.58729,36.48976],[128.58719,36.48962],[128.58696,36.48941],[128.5866,36.48916],[128.5864,36.48909],[128.58628,36.48906],[128.58621,36.48907],[128.58585,36.48921],[128.58572,36.48924],[128.58544,36.48923],[128.58524,36.48922],[128.58462,36.48919],[128.5843,36.48912],[128.58403,36.48905],[128.58382,36.48893],[128.58281,36.48819],[128.57918,36.48519],[128.5784,36.48312],[128.57756,36.4792],[128.57756,36.47899],[128.57756,36.47864],[128.57759,36.47852],[128.57766,36.47839],[128.57925,36.47657],[128.57949,36.47648],[128.58014,36.47641],[128.58058,36.47648],[128.58088,36.47648],[128.58107,36.47642],[128.5813,36.47625],[128.582,36.47535],[128.5832,36.47374],[128.58331,36.47352],[128.58346,36.47254],[128.58349,36.47228],[128.58353,36.46677],[128.5835,36.46668],[128.58339,36.46654],[128.58156,36.46448],[128.58143,36.46439],[128.58117,36.46433],[128.58085,36.4643],[128.58044,36.46424],[128.58001,36.46408],[128.57989,36.464],[128.57936,36.46341],[128.5789,36.46271],[128.57883,36.46251],[128.57854,36.45993],[128.5787,36.4591],[128.57879,36.45889],[128.579,36.45859],[128.57905,36.45842],[128.57899,36.45826],[128.57809,36.45667],[128.57798,36.45663],[128.57626,36.45604],[128.57427,36.45536],[128.57413,36.45527],[128.57221,36.45379],[128.57208,36.45367],[128.57157,36.45293],[128.57033,36.45105],[128.56677,36.45208],[128.56693,36.45214],[128.56634,36.45773],[128.56616,36.459],[128.56557,36.45922],[128.56498,36.45956],[128.56193,36.4622],[128.56122,36.46289],[128.56013,36.46479],[128.55858,36.46921],[128.55853,36.4697],[128.5587,36.47086],[128.55942,36.47219],[128.55938,36.47234],[128.55851,36.47275],[128.55699,36.47331],[128.55402,36.47449],[128.55265,36.47573],[128.55262,36.47896],[128.5527,36.48192],[128.55295,36.48327],[128.55253,36.48555],[128.552,36.48823],[128.55181,36.48871],[128.5511,36.48931],[128.54944,36.49018],[128.54677,36.49064],[128.54594,36.49047],[128.54522,36.49032],[128.54479,36.49017],[128.54414,36.49026],[128.54385,36.4904],[128.54146,36.49263],[128.53988,36.4946],[128.5393,36.4953],[128.53816,36.4954],[128.53785,36.49536],[128.53733,36.49497],[128.53502,36.49508],[128.53462,36.49524],[128.53422,36.4954],[128.5339,36.49587],[128.53371,36.49648],[128.53285,36.49765],[128.53182,36.49808],[128.52695,36.49842],[128.52619,36.49835],[128.51811,36.49764],[128.51431,36.49759],[128.50766,36.49883],[128.50697,36.49904],[128.50393,36.50084],[128.50353,36.50108],[128.50335,36.50135],[128.50202,36.50497],[128.50203,36.50529],[128.50218,36.50552],[128.50225,36.50585],[128.50162,36.50742],[128.499,36.51331],[128.49887,36.51358],[128.49795,36.51467],[128.49647,36.51616],[128.49589,36.51661],[128.49579,36.51666],[128.49561,36.51672],[128.49303,36.51726],[128.49287,36.51738],[128.4927,36.5175],[128.49259,36.51756],[128.49242,36.51767],[128.49204,36.51779],[128.49185,36.51783],[128.49172,36.51783],[128.4913,36.51785],[128.49116,36.51785],[128.491,36.51782],[128.48923,36.51734],[128.48836,36.51658],[128.48733,36.51563],[128.4868,36.51529],[128.48309,36.51376],[128.48285,36.51387],[128.48266,36.51402],[128.48259,36.51407],[128.48241,36.51422],[128.48229,36.51432],[128.48214,36.51439],[128.48191,36.51448],[128.48175,36.51453],[128.48086,36.51451],[128.47775,36.51431],[128.47628,36.51394],[128.47582,36.51345],[128.47578,36.51341],[128.47562,36.51321],[128.47533,36.51275],[128.47521,36.51245],[128.47517,36.51224],[128.47516,36.5119],[128.47515,36.51177],[128.47528,36.51161],[128.47571,36.51133],[128.47621,36.51107],[128.47643,36.5107],[128.47659,36.51024],[128.47667,36.50991],[128.47638,36.50626],[128.47629,36.50607],[128.47608,36.50592],[128.47573,36.50573],[128.47551,36.50554],[128.47529,36.50535],[128.47522,36.50512],[128.47513,36.50425],[128.47505,36.50326],[128.475,36.50267],[128.47514,36.50193],[128.47516,36.50178],[128.47516,36.5015],[128.47514,36.50113],[128.47479,36.49872],[128.47473,36.49854],[128.47465,36.49843],[128.47449,36.49831],[128.47432,36.49827],[128.47415,36.49828],[128.4735,36.49847],[128.47329,36.49858],[128.47098,36.49878],[128.4693,36.49891],[128.46805,36.49894],[128.46436,36.49876],[128.46305,36.49797],[128.46268,36.49773],[128.46234,36.49749],[128.46218,36.49722],[128.46199,36.49683],[128.46155,36.49573],[128.46168,36.49554],[128.46336,36.4934],[128.46377,36.49294],[128.46407,36.49268],[128.46432,36.49233],[128.46456,36.49197],[128.46421,36.49071],[128.46397,36.49033],[128.46369,36.49001],[128.46276,36.4892],[128.46248,36.48901],[128.46178,36.48872],[128.4615,36.48865],[128.45989,36.48835],[128.45922,36.48839],[128.45888,36.48847],[128.4586,36.48866],[128.45842,36.48887],[128.45737,36.48958],[128.45638,36.49003],[128.45453,36.49082],[128.4531,36.49102],[128.45057,36.49235],[128.4457,36.49506],[128.44542,36.49531],[128.44527,36.4955],[128.44514,36.49577],[128.4444,36.49694],[128.44417,36.49724],[128.44337,36.49783],[128.43849,36.50083],[128.43458,36.50239],[128.43436,36.50244],[128.43389,36.50265],[128.43373,36.50273],[128.43356,36.50281],[128.4334,36.50305],[128.43255,36.50965],[128.43243,36.5108],[128.43246,36.511],[128.4325,36.51108],[128.43342,36.51231],[128.43361,36.51255],[128.43497,36.51378],[128.43595,36.51497],[128.43693,36.51624],[128.43694,36.51641],[128.43559,36.51811],[128.43427,36.51927],[128.43372,36.51961],[128.43314,36.5198],[128.43293,36.51984],[128.43246,36.51991],[128.43188,36.52006],[128.4313,36.5202],[128.43093,36.52033],[128.43056,36.52054],[128.43038,36.52069],[128.42922,36.52197],[128.43021,36.5222],[128.4307,36.52232],[128.43165,36.52255],[128.43222,36.52271],[128.43257,36.52286],[128.43306,36.52313],[128.43413,36.52394],[128.43583,36.52562],[128.43603,36.52585],[128.43608,36.52591],[128.44001,36.52806],[128.44089,36.52818],[128.44144,36.52829],[128.44199,36.5284],[128.44256,36.52856],[128.44288,36.52868],[128.44324,36.52882],[128.44339,36.52888],[128.44394,36.5291],[128.44496,36.52952],[128.44546,36.52975],[128.4457,36.52987],[128.44589,36.52999],[128.44612,36.53016],[128.45003,36.53349],[128.45132,36.53504],[128.45136,36.53512],[128.4518,36.53586],[128.45187,36.53597],[128.45214,36.53631],[128.45345,36.53773],[128.45379,36.53799],[128.45426,36.53829],[128.45465,36.53849],[128.45515,36.53862],[128.45692,36.53897],[128.46132,36.53957],[128.46316,36.53975],[128.46454,36.53991],[128.46468,36.54122],[128.46361,36.54218],[128.46321,36.54241],[128.46075,36.5458],[128.46044,36.54646],[128.46038,36.54652],[128.45896,36.54709],[128.45758,36.54768],[128.45735,36.54782],[128.45705,36.54803],[128.45685,36.54824],[128.45607,36.54921],[128.45594,36.54943],[128.45571,36.55008],[128.45573,36.55011],[128.45589,36.55018],[128.45625,36.55033],[128.45723,36.5532],[128.4555,36.55416],[128.45531,36.55448],[128.45791,36.55561],[128.45833,36.55575],[128.45865,36.55585],[128.4589,36.55591],[128.45919,36.55595],[128.46014,36.55609],[128.46125,36.55678],[128.46147,36.55777],[128.46333,36.5603],[128.46536,36.56039],[128.46916,36.56193],[128.4768,36.56535],[128.48052,36.56736],[128.48148,36.56795],[128.48315,36.56818],[128.48562,36.56851],[128.48639,36.56834],[128.48725,36.56828],[128.48853,36.56831],[128.4909,36.56911],[128.49252,36.56978],[128.49289,36.57036],[128.49331,36.57128],[128.49304,36.57163],[128.49285,36.57194],[128.49261,36.57262],[128.49301,36.57401],[128.49477,36.57789],[128.49459,36.57976],[128.49522,36.58153],[128.49578,36.58243],[128.49664,36.58296],[128.49917,36.58436],[128.49952,36.58382],[128.50094,36.58262],[128.50434,36.58227],[128.50581,36.58242],[128.50691,36.58291],[128.50896,36.58322],[128.50999,36.58338],[128.51743,36.58406],[128.51938,36.58408],[128.52106,36.58204],[128.52358,36.57971],[128.52526,36.57863],[128.52625,36.57889],[128.5274,36.57914],[128.52761,36.57917],[128.52769,36.57917],[128.5305,36.5793],[128.53195,36.57927],[128.53296,36.57833],[128.53289,36.57778],[128.53261,36.57691],[128.53259,36.57522],[128.53288,36.57506],[128.53337,36.57497],[128.53402,36.57492],[128.53429,36.57487],[128.53447,36.57479],[128.53651,36.57314],[128.53661,36.57299],[128.53542,36.57214],[128.53524,36.57144],[128.53521,36.57087],[128.53525,36.57063],[128.53636,36.56952],[128.53782,36.56811],[128.53946,36.56683],[128.54078,36.56632],[128.54135,36.56628],[128.5437,36.56666],[128.54481,36.567],[128.54502,36.56696],[128.54497,36.5664],[128.54448,36.56548],[128.54405,36.56489],[128.54309,36.56399],[128.54226,36.56255],[128.54189,36.55891],[128.54204,36.55853],[128.54448,36.55606],[128.54903,36.55489]]]]}},{"type":"Feature","properties":{"code":"47170350","name":"일직면","parent":"47170"},"geometry":{"type":"MultiPolygon","coordinates":[[[[128.69502,36.49685],[128.6954,36.49575],[128.69541,36.49559],[128.69542,36.49539],[128.69536,36.49455],[128.69502,36.49128],[128.69477,36.48964],[128.69463,36.48891],[128.69458,36.4887],[128.69454,36.48856],[128.69452,36.48836],[128.69454,36.48804],[128.69469,36.48719],[128.69473,36.48709],[128.69523,36.48624],[128.69564,36.48558],[128.69594,36.48514],[128.69603,36.48501],[128.69625,36.48478],[128.69639,36.48465],[128.69678,36.48445],[128.69734,36.48418],[128.69742,36.48414],[128.69913,36.48403],[128.69919,36.48403],[128.69926,36.48405],[128.69952,36.48418],[128.69991,36.48435],[128.69999,36.48438],[128.70006,36.48439],[128.70014,36.48438],[128.70259,36.48283],[128.7074,36.47976],[128.70756,36.47963],[128.70932,36.47775],[128.70953,36.4775],[128.70977,36.47704],[128.70934,36.47651],[128.70924,36.47633],[128.70921,36.47618],[128.7092,36.47564],[128.70924,36.4754],[128.70928,36.47519],[128.70947,36.47482],[128.70952,36.47462],[128.70964,36.47329],[128.70958,36.47291],[128.70944,36.47267],[128.7086,36.47021],[128.70777,36.4671],[128.70769,36.46661],[128.70744,36.46423],[128.70598,36.45982],[128.70436,36.45483],[128.70426,36.45447],[128.70428,36.45429],[128.70434,36.45415],[128.70447,36.45404],[128.70523,36.45306],[128.70567,36.45213],[128.70618,36.4509],[128.70623,36.45071],[128.70627,36.45052],[128.70666,36.44868],[128.70669,36.44848],[128.7067,36.44829],[128.70668,36.4481],[128.70664,36.44802],[128.70579,36.44739],[128.70471,36.4469],[128.70459,36.44685],[128.70449,36.44682],[128.7039,36.44668],[128.70353,36.44661],[128.70348,36.4466],[128.70135,36.4468],[128.70052,36.44711],[128.69966,36.4474],[128.69959,36.4474],[128.69448,36.44559],[128.69314,36.44472],[128.692,36.44433],[128.69118,36.44406],[128.69003,36.44385],[128.6898,36.44384],[128.68845,36.44378],[128.68766,36.44379],[128.68579,36.44415],[128.68527,36.4443],[128.68499,36.44449],[128.68467,36.44472],[128.68425,36.44504],[128.68386,36.44547],[128.6835,36.44594],[128.68331,36.44607],[128.68294,36.4462],[128.68283,36.44621],[128.68273,36.44615],[128.68256,36.44603],[128.68091,36.44472],[128.68045,36.44407],[128.67989,36.44318],[128.6787,36.44113],[128.67842,36.44057],[128.67842,36.44044],[128.67857,36.43997],[128.67865,36.43958],[128.67858,36.43941],[128.67806,36.43842],[128.67782,36.43817],[128.6772,36.43761],[128.67682,36.43736],[128.67592,36.4368],[128.67553,36.4366],[128.67493,36.43645],[128.67452,36.43635],[128.67395,36.43637],[128.6736,36.43649],[128.67276,36.43696],[128.6726,36.43706],[128.67214,36.43737],[128.67173,36.43768],[128.67122,36.43796],[128.67087,36.43812],[128.66907,36.43876],[128.66878,36.43886],[128.66854,36.43885],[128.66346,36.43776],[128.66312,36.43767],[128.66288,36.43755],[128.66248,36.43727],[128.66091,36.43616],[128.65534,36.43215],[128.65486,36.431],[128.65484,36.43079],[128.65469,36.43044],[128.65452,36.43005],[128.65435,36.42975],[128.65414,36.42964],[128.65381,36.42955],[128.6536,36.42953],[128.65323,36.42956],[128.65284,36.42964],[128.65241,36.42974],[128.65202,36.42986],[128.65157,36.43001],[128.65109,36.43014],[128.65066,36.43024],[128.65044,36.43028],[128.65009,36.43031],[128.64965,36.43026],[128.6494,36.43019],[128.64903,36.43001],[128.64776,36.42939],[128.64746,36.42918],[128.64726,36.42907],[128.64691,36.42889],[128.64659,36.42876],[128.64584,36.42847],[128.64212,36.42739],[128.6405,36.4271],[128.63809,36.42712],[128.63343,36.42564],[128.63033,36.42602],[128.6282,36.42389],[128.6284,36.42374],[128.62853,36.42361],[128.62858,36.42354],[128.62862,36.4234],[128.62902,36.42093],[128.62902,36.42087],[128.62893,36.42066],[128.62879,36.42048],[128.62867,36.42038],[128.6286,36.42034],[128.62827,36.4202],[128.62816,36.42016],[128.62358,36.41909],[128.62346,36.41908],[128.62329,36.41908],[128.62312,36.41912],[128.62304,36.41914],[128.62284,36.41922],[128.62038,36.4194],[128.61545,36.4195],[128.6153,36.4195],[128.61522,36.4195],[128.61473,36.41947],[128.61461,36.41944],[128.61447,36.41941],[128.61185,36.41865],[128.61039,36.41794],[128.61029,36.41787],[128.61025,36.41782],[128.60903,36.41608],[128.60894,36.41593],[128.60927,36.4148],[128.60909,36.41429],[128.60864,36.4133],[128.6069,36.41004],[128.60677,36.40988],[128.6065,36.40962],[128.60637,36.4095],[128.60633,36.40948],[128.60471,36.40903],[128.60465,36.40902],[128.60393,36.40889],[128.60387,36.40889],[128.6006,36.40911],[128.60048,36.40912],[128.60018,36.40916],[128.59966,36.40925],[128.59949,36.40929],[128.59938,36.40932],[128.59913,36.40939],[128.59903,36.40943],[128.59897,36.40946],[128.59872,36.40966],[128.59756,36.41061],[128.59737,36.41076],[128.59715,36.41098],[128.59695,36.41123],[128.59688,36.41135],[128.59678,36.41152],[128.59674,36.41165],[128.59665,36.41201],[128.59662,36.41226],[128.59662,36.4124],[128.59676,36.41392],[128.59633,36.41704],[128.59578,36.41913],[128.59523,36.42182],[128.59521,36.42201],[128.59521,36.42223],[128.59523,36.42235],[128.59526,36.42247],[128.59546,36.42287],[128.59558,36.42303],[128.59568,36.42314],[128.59595,36.42343],[128.59619,36.42369],[128.59626,36.42379],[128.59635,36.42396],[128.59649,36.42427],[128.59669,36.42472],[128.59673,36.42495],[128.59676,36.4251],[128.59676,36.42517],[128.5967,36.4253],[128.59536,36.4275],[128.59531,36.42755],[128.59517,36.42767],[128.59481,36.42787],[128.59462,36.43186],[128.59477,36.43249],[128.59489,36.43426],[128.59488,36.43452],[128.59478,36.43506],[128.59463,36.43542],[128.59441,36.43576],[128.59415,36.43611],[128.59391,36.4363],[128.59303,36.43687],[128.5925,36.4372],[128.59169,36.43766],[128.58867,36.43933],[128.58826,36.4395],[128.5864,36.44012],[128.58332,36.44045],[128.58318,36.44043],[128.58059,36.44004],[128.58023,36.43996],[128.57992,36.43982],[128.5794,36.43951],[128.57914,36.4393],[128.57909,36.43928],[128.57735,36.43992],[128.57727,36.44],[128.57415,36.44492],[128.57265,36.4465],[128.5725,36.44666],[128.57219,36.44711],[128.5709,36.44935],[128.57031,36.45081],[128.57025,36.45099],[128.57033,36.45105],[128.57157,36.45293],[128.57208,36.45367],[128.57221,36.45379],[128.57413,36.45527],[128.57427,36.45536],[128.57626,36.45604],[128.57798,36.45663],[128.57809,36.45667],[128.57899,36.45826],[128.57905,36.45842],[128.579,36.45859],[128.57879,36.45889],[128.5787,36.4591],[128.57854,36.45993],[128.57883,36.46251],[128.5789,36.46271],[128.57936,36.46341],[128.57989,36.464],[128.58001,36.46408],[128.58044,36.46424],[128.58085,36.4643],[128.58117,36.46433],[128.58143,36.46439],[128.58156,36.46448],[128.58339,36.46654],[128.5835,36.46668],[128.58353,36.46677],[128.58349,36.47228],[128.58346,36.47254],[128.58331,36.47352],[128.5832,36.47374],[128.582,36.47535],[128.5813,36.47625],[128.58107,36.47642],[128.58088,36.47648],[128.58058,36.47648],[128.58014,36.47641],[128.57949,36.47648],[128.57925,36.47657],[128.57766,36.47839],[128.57759,36.47852],[128.57756,36.47864],[128.57756,36.47899],[128.57756,36.4792],[128.5784,36.48312],[128.57918,36.48519],[128.58281,36.48819],[128.58382,36.48893],[128.58403,36.48905],[128.5843,36.48912],[128.58462,36.48919],[128.58524,36.48922],[128.58544,36.48923],[128.58572,36.48924],[128.58585,36.48921],[128.58621,36.48907],[128.58628,36.48906],[128.5864,36.48909],[128.5866,36.48916],[128.58696,36.48941],[128.58719,36.48962],[128.58729,36.48976],[128.58801,36.4917],[128.58803,36.49181],[128.58761,36.49293],[128.58755,36.493],[128.58738,36.4931],[128.58711,36.49325],[128.58686,36.49339],[128.58675,36.49351],[128.58669,36.49369],[128.58617,36.49593],[128.58619,36.49634],[128.58626,36.49658],[128.58648,36.49695],[128.5867,36.49723],[128.58681,36.49731],[128.58694,36.49734],[128.58727,36.49743],[128.58745,36.49752],[128.58764,36.49767],[128.58831,36.49839],[128.58838,36.49852],[128.58889,36.49957],[128.58901,36.49985],[128.58908,36.50002],[128.5903,36.50001],[128.59061,36.50001],[128.59081,36.49996],[128.59097,36.49985],[128.5912,36.49964],[128.59151,36.49928],[128.59187,36.49889],[128.59262,36.49808],[128.59281,36.49791],[128.59361,36.49722],[128.59691,36.49446],[128.59911,36.49264],[128.5992,36.49261],[128.59957,36.49253],[128.60127,36.49229],[128.60173,36.49258],[128.60193,36.49302],[128.60205,36.49327],[128.60217,36.49342],[128.60354,36.4947],[128.60892,36.49672],[128.61318,36.49872],[128.61361,36.49892],[128.61371,36.49896],[128.61381,36.49897],[128.61546,36.49909],[128.61563,36.49908],[128.61574,36.49904],[128.61593,36.49892],[128.61602,36.49891],[128.61619,36.49892],[128.6186,36.49956],[128.61873,36.49961],[128.61884,36.49967],[128.62097,36.50126],[128.62101,36.5013],[128.62106,36.50141],[128.62112,36.50171],[128.62118,36.50217],[128.6212,36.50255],[128.62422,36.5045],[128.62562,36.50495],[128.62658,36.50527],[128.62813,36.50653],[128.6282,36.5066],[128.62843,36.507],[128.62865,36.50743],[128.62874,36.50759],[128.62962,36.50962],[128.62966,36.50975],[128.63243,36.51154],[128.63472,36.514],[128.63611,36.51539],[128.6375,36.51617],[128.63908,36.51681],[128.63913,36.51682],[128.63919,36.51682],[128.6393,36.51678],[128.63943,36.51667],[128.63955,36.51653],[128.63966,36.51634],[128.63988,36.51548],[128.63994,36.51524],[128.63999,36.51509],[128.64028,36.51463],[128.64042,36.51444],[128.64047,36.51439],[128.64382,36.51149],[128.64874,36.50518],[128.64945,36.50466],[128.64968,36.50445],[128.65363,36.5007],[128.65367,36.50064],[128.65371,36.50048],[128.65369,36.50014],[128.65371,36.5],[128.65378,36.49977],[128.65389,36.4995],[128.65404,36.49929],[128.65417,36.49923],[128.65472,36.49911],[128.65493,36.49909],[128.65508,36.49914],[128.65603,36.49961],[128.65717,36.50023],[128.65743,36.50031],[128.65764,36.50032],[128.65827,36.50025],[128.65846,36.50022],[128.66138,36.49919],[128.66202,36.49878],[128.66238,36.49848],[128.66266,36.49829],[128.66289,36.49823],[128.66421,36.49824],[128.66606,36.49832],[128.66782,36.49842],[128.66841,36.49848],[128.66868,36.49864],[128.66887,36.49886],[128.66902,36.49902],[128.66932,36.49951],[128.66946,36.49963],[128.6711,36.5006],[128.67164,36.50085],[128.67228,36.50102],[128.67276,36.50103],[128.67335,36.50075],[128.67879,36.49798],[128.6789,36.4979],[128.679,36.49774],[128.67902,36.49771],[128.67913,36.49747],[128.67932,36.49699],[128.67962,36.49627],[128.67969,36.49611],[128.67977,36.49604],[128.68003,36.4959],[128.68028,36.49583],[128.6825,36.49566],[128.68262,36.49568],[128.68273,36.49569],[128.68307,36.49585],[128.68833,36.49769],[128.68848,36.49762],[128.69098,36.49689],[128.69116,36.49686],[128.6934,36.49659],[128.69349,36.49658],[128.69418,36.49668],[128.69502,36.49685]]]]}},{"type":"Feature","properties":{"code":"47170360","name":"남후면","parent":"47170"},"geometry":{"type":"MultiPolygon","coordinates":[[[[128.65794,36.54624],[128.65811,36.54577],[128.6586,36.54534],[128.65872,36.54524],[128.6589,36.54518],[128.65904,36.54515],[128.66367,36.5451],[128.66612,36.54561],[128.66727,36.54629],[128.66751,36.54643],[128.6679,36.54648],[128.66813,36.54645],[128.66836,36.54641],[128.6686,36.54636],[128.66885,36.54631],[128.66938,36.54607],[128.67037,36.54556],[128.67146,36.54498],[128.67182,36.54455],[128.67205,36.54424],[128.67223,36.54386],[128.67228,36.5437],[128.67222,36.54343],[128.67222,36.54314],[128.67229,36.54294],[128.67304,36.54257],[128.67727,36.54062],[128.6794,36.54018],[128.68077,36.54045],[128.68376,36.53917],[128.6839,36.5391],[128.68404,36.53897],[128.68453,36.5385],[128.68463,36.53838],[128.68467,36.53831],[128.68489,36.5378],[128.68514,36.53699],[128.68516,36.5369],[128.685,36.53621],[128.68488,36.53564],[128.68483,36.53559],[128.68478,36.53552],[128.68476,36.5353],[128.68475,36.535],[128.68476,36.53475],[128.68481,36.53459],[128.68489,36.53443],[128.68528,36.5338],[128.6855,36.53345],[128.68685,36.53178],[128.68696,36.53167],[128.68736,36.5313],[128.68745,36.53122],[128.6875,36.53119],[128.68817,36.53088],[128.6884,36.53083],[128.68848,36.53082],[128.68852,36.53083],[128.68858,36.53085],[128.68875,36.5309],[128.68889,36.53097],[128.69052,36.52917],[128.69262,36.52645],[128.69301,36.52551],[128.69223,36.52524],[128.69244,36.52393],[128.69247,36.52387],[128.69257,36.52367],[128.69484,36.52039],[128.69492,36.52032],[128.69602,36.51968],[128.69698,36.51876],[128.69786,36.51782],[128.69792,36.51772],[128.69796,36.51736],[128.69797,36.51718],[128.69796,36.51693],[128.69795,36.51686],[128.6979,36.51672],[128.69755,36.51599],[128.69748,36.51589],[128.69735,36.51574],[128.69723,36.51569],[128.69699,36.51556],[128.69689,36.51553],[128.69661,36.51543],[128.69646,36.51531],[128.69626,36.51514],[128.69608,36.51497],[128.69571,36.51455],[128.69492,36.5134],[128.69492,36.51336],[128.69494,36.5133],[128.69828,36.50882],[128.69881,36.50833],[128.69887,36.50832],[128.69953,36.50829],[128.7001,36.50822],[128.70052,36.50813],[128.70063,36.5081],[128.70074,36.50803],[128.70083,36.50789],[128.7009,36.50762],[128.70092,36.50746],[128.70092,36.50716],[128.7009,36.50689],[128.70084,36.50641],[128.70082,36.50628],[128.70079,36.50619],[128.70057,36.50586],[128.70035,36.5056],[128.70015,36.50536],[128.69986,36.50498],[128.69982,36.50491],[128.69978,36.50482],[128.69972,36.50344],[128.69973,36.50312],[128.69975,36.50297],[128.69996,36.50243],[128.7001,36.50208],[128.7002,36.50191],[128.70047,36.50166],[128.70084,36.50148],[128.70107,36.50133],[128.70127,36.50121],[128.70145,36.50103],[128.70155,36.50087],[128.70158,36.50066],[128.70157,36.50048],[128.70151,36.50027],[128.70133,36.49974],[128.70125,36.49963],[128.70118,36.49956],[128.70098,36.4994],[128.70027,36.49897],[128.70007,36.49886],[128.69976,36.49872],[128.6994,36.49867],[128.69828,36.49865],[128.69738,36.49871],[128.69692,36.4987],[128.69659,36.49868],[128.69648,36.49866],[128.69636,36.49863],[128.69601,36.4985],[128.6957,36.49832],[128.69551,36.49817],[128.69536,36.498],[128.6953,36.49784],[128.69502,36.49685],[128.69418,36.49668],[128.69349,36.49658],[128.6934,36.49659],[128.69116,36.49686],[128.69098,36.49689],[128.68848,36.49762],[128.68833,36.49769],[128.68307,36.49585],[128.68273,36.49569],[128.68262,36.49568],[128.6825,36.49566],[128.68028,36.49583],[128.68003,36.4959],[128.67977,36.49604],[128.67969,36.49611],[128.67962,36.49627],[128.67932,36.49699],[128.67913,36.49747],[128.67902,36.49771],[128.679,36.49774],[128.6789,36.4979],[128.67879,36.49798],[128.67335,36.50075],[128.67276,36.50103],[128.67228,36.50102],[128.67164,36.50085],[128.6711,36.5006],[128.66946,36.49963],[128.66932,36.49951],[128.66902,36.49902],[128.66887,36.49886],[128.66868,36.49864],[128.66841,36.49848],[128.66782,36.49842],[128.66606,36.49832],[128.66421,36.49824],[128.66289,36.49823],[128.66266,36.49829],[128.66238,36.49848],[128.66202,36.49878],[128.66138,36.49919],[128.65846,36.50022],[128.65827,36.50025],[128.65764,36.50032],[128.65743,36.50031],[128.65717,36.50023],[128.65603,36.49961],[128.65508,36.49914],[128.65493,36.49909],[128.65472,36.49911],[128.65417,36.49923],[128.65404,36.49929],[128.65389,36.4995],[128.65378,36.49977],[128.65371,36.5],[128.65369,36.50014],[128.65371,36.50048],[128.65367,36.50064],[128.65363,36.5007],[128.64968,36.50445],[128.64945,36.50466],[128.64874,36.50518],[128.64382,36.51149],[128.64047,36.51439],[128.64042,36.51444],[128.64028,36.51463],[128.63999,36.51509],[128.63994,36.51524],[128.63988,36.51548],[128.63966,36.51634],[128.63955,36.51653],[128.63943,36.51667],[128.6393,36.51678],[128.63919,36.51682],[128.63913,36.51682],[128.63908,36.51681],[128.6375,36.51617],[128.63611,36.51539],[128.63472,36.514],[128.63243,36.51154],[128.62966,36.50975],[128.62962,36.50962],[128.62874,36.50759],[128.62865,36.50743],[128.62843,36.507],[128.6282,36.5066],[128.62813,36.50653],[128.62658,36.50527],[128.62562,36.50495],[128.62422,36.5045],[128.6212,36.50255],[128.62118,36.50217],[128.62112,36.50171],[128.62106,36.50141],[128.62101,36.5013],[128.62097,36.50126],[128.61884,36.49967],[128.61873,36.49961],[128.6186,36.49956],[128.61619,36.49892],[128.61602,36.49891],[128.61593,36.49892],[128.61574,36.49904],[128.61563,36.49908],[128.61546,36.49909],[128.61381,36.49897],[128.61371,36.49896],[128.61361,36.49892],[128.61318,36.49872],[128.60892,36.49672],[128.60354,36.4947],[128.60217,36.49342],[128.60205,36.49327],[128.60193,36.49302],[128.60173,36.49258],[128.60127,36.49229],[128.59957,36.49253],[128.5992,36.49261],[128.59911,36.49264],[128.59691,36.49446],[128.59361,36.49722],[128.59281,36.49791],[128.59262,36.49808],[128.59187,36.49889],[128.59151,36.49928],[128.5912,36.49964],[128.59097,36.49985],[128.59081,36.49996],[128.59061,36.50001],[128.5903,36.50001],[128.58908,36.50002],[128.58769,36.50143],[128.58588,36.50206],[128.58487,36.5025],[128.5848,36.50256],[128.5841,36.50318],[128.58272,36.50617],[128.58202,36.50844],[128.58148,36.50939],[128.58083,36.51035],[128.58078,36.51041],[128.58073,36.51045],[128.58066,36.51049],[128.58059,36.51053],[128.58042,36.51061],[128.58029,36.51069],[128.58007,36.51089],[128.57962,36.51134],[128.57947,36.51152],[128.5781,36.51321],[128.57567,36.51667],[128.5756,36.51678],[128.57559,36.51684],[128.57579,36.51873],[128.57205,36.52234],[128.5705,36.52499],[128.56792,36.53064],[128.56522,36.53549],[128.56522,36.53554],[128.56522,36.53627],[128.56523,36.53636],[128.56542,36.53957],[128.56449,36.54254],[128.56442,36.54267],[128.56305,36.5453],[128.56052,36.54827],[128.56039,36.54835],[128.55943,36.54857],[128.5588,36.54871],[128.55834,36.54883],[128.55639,36.55007],[128.55576,36.55052],[128.55405,36.55198],[128.55299,36.55292],[128.55211,36.55355],[128.55094,36.55428],[128.55026,36.55459],[128.54958,36.55478],[128.54903,36.55489],[128.54847,36.55572],[128.54827,36.55619],[128.54814,36.55681],[128.5481,36.5573],[128.54815,36.55789],[128.54823,36.55823],[128.54843,36.55858],[128.54886,36.55899],[128.54964,36.55965],[128.55013,36.55998],[128.55019,36.56001],[128.5511,36.56049],[128.55175,36.56078],[128.55489,36.56194],[128.55694,36.56269],[128.55826,36.56301],[128.55895,36.56314],[128.55975,36.56326],[128.5614,36.56333],[128.56204,36.5633],[128.56273,36.56318],[128.56486,36.56265],[128.56805,36.56179],[128.56916,36.56143],[128.57026,36.56102],[128.5712,36.56055],[128.57172,36.56024],[128.57277,36.55956],[128.57289,36.55939],[128.57694,36.55648],[128.58338,36.5527],[128.58434,36.55218],[128.58667,36.55105],[128.58689,36.55095],[128.58711,36.55085],[128.58755,36.55066],[128.58795,36.55049],[128.58827,36.55038],[128.58958,36.55001],[128.58971,36.54999],[128.59144,36.54995],[128.59198,36.54996],[128.59254,36.55],[128.59283,36.55003],[128.59332,36.55011],[128.59366,36.55024],[128.59404,36.55048],[128.59446,36.55083],[128.59527,36.55154],[128.59561,36.55185],[128.59577,36.55204],[128.596,36.55238],[128.59621,36.55272],[128.59629,36.55292],[128.59632,36.55304],[128.59777,36.55843],[128.59783,36.55874],[128.59789,36.55913],[128.59795,36.55974],[128.59814,36.5611],[128.59821,36.56146],[128.59827,36.56162],[128.59833,36.56172],[128.59842,36.56185],[128.59855,36.56197],[128.59875,36.56213],[128.59889,36.56224],[128.60004,36.56303],[128.60094,36.56356],[128.60143,36.56384],[128.60319,36.56475],[128.60344,36.56483],[128.60369,36.56489],[128.6039,36.56493],[128.60428,36.56496],[128.60464,36.56499],[128.60625,36.56506],[128.60793,36.56508],[128.60973,36.56506],[128.61139,36.56505],[128.61377,36.56495],[128.61468,36.56491],[128.61677,36.56463],[128.62149,36.56396],[128.62219,36.56386],[128.62222,36.56385],[128.62276,36.56377],[128.62286,36.56373],[128.62296,36.5637],[128.62761,36.56142],[128.62842,36.56102],[128.62952,36.56047],[128.63009,36.56014],[128.63057,36.55981],[128.631,36.55947],[128.63126,36.55924],[128.63169,36.55877],[128.63176,36.55868],[128.63303,36.55707],[128.63338,36.55649],[128.63351,36.55625],[128.63358,36.55604],[128.6336,36.55583],[128.63352,36.5553],[128.6335,36.55525],[128.63327,36.55422],[128.63293,36.55275],[128.63293,36.55263],[128.63324,36.55059],[128.63341,36.55003],[128.63357,36.5493],[128.63369,36.54899],[128.63384,36.54868],[128.63415,36.54828],[128.6346,36.54786],[128.63505,36.54755],[128.63549,36.54727],[128.63592,36.54703],[128.63638,36.54684],[128.6372,36.54658],[128.63799,36.54643],[128.64464,36.54534],[128.64473,36.54533],[128.64539,36.5454],[128.6492,36.54592],[128.65216,36.54633],[128.6535,36.54647],[128.65369,36.54647],[128.65418,36.54645],[128.65794,36.54624]]]]}},{"type":"Feature","properties":{"code":"47170370","name":"남선면","parent":"47170"},"geometry":{"type":"MultiPolygon","coordinates":[[[[128.81121,36.53613],[128.81206,36.5337],[128.81208,36.53276],[128.81041,36.532],[128.80964,36.52935],[128.80948,36.52614],[128.80949,36.52531],[128.80954,36.5246],[128.80965,36.52394],[128.80977,36.52358],[128.81012,36.52253],[128.8102,36.52238],[128.81109,36.51876],[128.80958,36.51799],[128.80934,36.51784],[128.8081,36.51705],[128.8077,36.51677],[128.80634,36.51574],[128.80616,36.51557],[128.80595,36.51535],[128.80583,36.51521],[128.80577,36.51505],[128.80577,36.5149],[128.80581,36.5147],[128.80595,36.51447],[128.80612,36.51413],[128.80609,36.51404],[128.80601,36.51386],[128.80593,36.51375],[128.80228,36.51069],[128.8019,36.51039],[128.80168,36.51028],[128.80146,36.51019],[128.8012,36.51014],[128.80099,36.51014],[128.8006,36.51014],[128.80024,36.51014],[128.79989,36.51006],[128.79969,36.51001],[128.7996,36.50994],[128.7996,36.50986],[128.79963,36.5097],[128.79966,36.50959],[128.80057,36.5069],[128.80068,36.50133],[128.80072,36.49982],[128.80072,36.4997],[128.80126,36.49601],[128.80126,36.49593],[128.80109,36.49579],[128.79867,36.49463],[128.79648,36.49383],[128.79629,36.49386],[128.79614,36.49387],[128.79605,36.49385],[128.79597,36.49381],[128.79593,36.49377],[128.79584,36.49364],[128.79477,36.49179],[128.79471,36.49169],[128.79467,36.49161],[128.79397,36.48942],[128.79394,36.48921],[128.79393,36.48911],[128.7939,36.48883],[128.79387,36.48844],[128.79387,36.48797],[128.79389,36.48777],[128.79393,36.48744],[128.79239,36.48506],[128.79076,36.48364],[128.79065,36.48351],[128.79062,36.48345],[128.79058,36.48328],[128.7905,36.48246],[128.79051,36.48215],[128.79057,36.48103],[128.79058,36.48096],[128.79072,36.48078],[128.79141,36.48013],[128.79172,36.47991],[128.79199,36.4797],[128.79213,36.47954],[128.79221,36.47944],[128.79241,36.4791],[128.7925,36.47893],[128.79252,36.47881],[128.7925,36.47866],[128.79211,36.47674],[128.792,36.47639],[128.7918,36.47576],[128.7917,36.47552],[128.79278,36.47314],[128.79409,36.47],[128.79411,36.46987],[128.79407,36.46972],[128.79395,36.46936],[128.79388,36.46922],[128.79381,36.46912],[128.7937,36.469],[128.79357,36.46884],[128.79349,36.46872],[128.79335,36.46847],[128.79318,36.46809],[128.79298,36.46761],[128.79288,36.46738],[128.7928,36.46697],[128.79271,36.46648],[128.79267,36.46623],[128.79262,36.46577],[128.79232,36.46564],[128.79208,36.4656],[128.78924,36.46523],[128.78314,36.4648],[128.78278,36.46479],[128.78252,36.4648],[128.78246,36.46483],[128.78229,36.46558],[128.78223,36.46581],[128.7822,36.4659],[128.7821,36.46607],[128.78206,36.46611],[128.78198,36.4662],[128.78187,36.46631],[128.78094,36.46704],[128.78082,36.46712],[128.7802,36.46741],[128.77988,36.46754],[128.77957,36.46764],[128.7794,36.46766],[128.77914,36.46766],[128.77876,36.46764],[128.77823,36.4676],[128.77791,36.4676],[128.77766,36.46761],[128.776,36.4688],[128.77472,36.47117],[128.7735,36.47371],[128.77302,36.47548],[128.77297,36.47561],[128.77007,36.47854],[128.768,36.48048],[128.76781,36.48063],[128.76769,36.48072],[128.76747,36.48087],[128.76739,36.48089],[128.76713,36.48091],[128.76699,36.48092],[128.76654,36.48101],[128.76618,36.4811],[128.76596,36.48117],[128.76582,36.48122],[128.76523,36.48143],[128.76504,36.4815],[128.76477,36.48163],[128.76282,36.48275],[128.75925,36.48459],[128.75917,36.48462],[128.75677,36.48502],[128.75504,36.48519],[128.75394,36.48512],[128.75258,36.48588],[128.74981,36.48773],[128.74922,36.48814],[128.74775,36.48891],[128.74714,36.48918],[128.74256,36.48503],[128.73856,36.48256],[128.73838,36.48235],[128.73823,36.48214],[128.73803,36.48187],[128.73789,36.48155],[128.73667,36.48023],[128.73418,36.47838],[128.73385,36.4782],[128.73331,36.47793],[128.73268,36.47768],[128.73217,36.47747],[128.73166,36.4773],[128.72783,36.47636],[128.72778,36.47637],[128.72772,36.47641],[128.72665,36.47735],[128.72357,36.47959],[128.71788,36.48194],[128.71498,36.4816],[128.71494,36.48158],[128.71112,36.47798],[128.70977,36.47704],[128.70953,36.4775],[128.70932,36.47775],[128.70756,36.47963],[128.7074,36.47976],[128.70259,36.48283],[128.70014,36.48438],[128.70006,36.48439],[128.69999,36.48438],[128.69991,36.48435],[128.69952,36.48418],[128.69926,36.48405],[128.69919,36.48403],[128.69913,36.48403],[128.69742,36.48414],[128.69734,36.48418],[128.69678,36.48445],[128.69639,36.48465],[128.69625,36.48478],[128.69603,36.48501],[128.69594,36.48514],[128.69564,36.48558],[128.69523,36.48624],[128.69473,36.48709],[128.69469,36.48719],[128.69454,36.48804],[128.69452,36.48836],[128.69454,36.48856],[128.69458,36.4887],[128.69463,36.48891],[128.69477,36.48964],[128.69502,36.49128],[128.69536,36.49455],[128.69542,36.49539],[128.69541,36.49559],[128.6954,36.49575],[128.69502,36.49685],[128.6953,36.49784],[128.69536,36.498],[128.69551,36.49817],[128.6957,36.49832],[128.69601,36.4985],[128.69636,36.49863],[128.69648,36.49866],[128.69659,36.49868],[128.69692,36.4987],[128.69738,36.49871],[128.69828,36.49865],[128.6994,36.49867],[128.69976,36.49872],[128.70007,36.49886],[128.70027,36.49897],[128.70098,36.4994],[128.70118,36.49956],[128.70125,36.49963],[128.70133,36.49974],[128.70151,36.50027],[128.70157,36.50048],[128.70158,36.50066],[128.70155,36.50087],[128.70145,36.50103],[128.70127,36.50121],[128.70107,36.50133],[128.70084,36.50148],[128.70047,36.50166],[128.7002,36.50191],[128.7001,36.50208],[128.69996,36.50243],[128.69975,36.50297],[128.69973,36.50312],[128.69972,36.50344],[128.69978,36.50482],[128.69982,36.50491],[128.69986,36.50498],[128.70015,36.50536],[128.70035,36.5056],[128.70057,36.50586],[128.70079,36.50619],[128.70082,36.50628],[128.70084,36.50641],[128.7009,36.50689],[128.70092,36.50716],[128.70092,36.50746],[128.7009,36.50762],[128.70083,36.50789],[128.70074,36.50803],[128.70063,36.5081],[128.70052,36.50813],[128.7001,36.50822],[128.69953,36.50829],[128.69887,36.50832],[128.69881,36.50833],[128.69828,36.50882],[128.69494,36.5133],[128.69492,36.51336],[128.69492,36.5134],[128.69571,36.51455],[128.69608,36.51497],[128.69626,36.51514],[128.69646,36.51531],[128.69661,36.51543],[128.69689,36.51553],[128.69699,36.51556],[128.69723,36.51569],[128.69735,36.51574],[128.69748,36.51589],[128.69755,36.51599],[128.6979,36.51672],[128.69795,36.51686],[128.69796,36.51693],[128.69797,36.51718],[128.69796,36.51736],[128.69792,36.51772],[128.69786,36.51782],[128.69698,36.51876],[128.69602,36.51968],[128.69492,36.52032],[128.69484,36.52039],[128.69257,36.52367],[128.69247,36.52387],[128.69244,36.52393],[128.69223,36.52524],[128.69301,36.52551],[128.69776,36.52525],[128.69782,36.52528],[128.6979,36.52535],[128.69822,36.52566],[128.69832,36.5258],[128.70094,36.52821],[128.70511,36.53004],[128.70516,36.53013],[128.70693,36.53236],[128.71101,36.53566],[128.71105,36.53568],[128.71305,36.53654],[128.71315,36.53658],[128.71323,36.53661],[128.71335,36.5366],[128.71352,36.5366],[128.71366,36.53659],[128.71373,36.53656],[128.71482,36.5355],[128.71492,36.53538],[128.71493,36.53531],[128.71497,36.53499],[128.71497,36.53491],[128.71495,36.53483],[128.71487,36.53456],[128.71483,36.53446],[128.71484,36.53433],[128.71486,36.53427],[128.71543,36.5336],[128.71731,36.53179],[128.71738,36.53173],[128.71748,36.53164],[128.71762,36.53154],[128.71774,36.53149],[128.71787,36.53144],[128.71803,36.53139],[128.71993,36.53087],[128.72004,36.53084],[128.72028,36.53081],[128.72142,36.53084],[128.72147,36.53084],[128.72152,36.53085],[128.72157,36.53087],[128.72178,36.53116],[128.72298,36.53261],[128.72576,36.53383],[128.72587,36.53386],[128.726,36.53389],[128.72613,36.53388],[128.72634,36.53383],[128.72681,36.53364],[128.7275,36.53327],[128.72773,36.53313],[128.72778,36.53307],[128.72778,36.53298],[128.72778,36.53267],[128.72778,36.53247],[128.72781,36.5323],[128.7279,36.53198],[128.72803,36.53165],[128.72808,36.53157],[128.72831,36.53134],[128.73063,36.52954],[128.7327,36.52837],[128.7328,36.52833],[128.73288,36.52833],[128.73304,36.52837],[128.73362,36.52859],[128.7357,36.52995],[128.74232,36.53164],[128.74242,36.53164],[128.74288,36.53159],[128.74305,36.53152],[128.74321,36.53144],[128.74338,36.5313],[128.7436,36.53112],[128.74386,36.53094],[128.74412,36.53076],[128.74457,36.53054],[128.74466,36.5305],[128.7448,36.5305],[128.74502,36.5305],[128.74523,36.53053],[128.74541,36.53057],[128.74551,36.53061],[128.748,36.53186],[128.74806,36.5319],[128.74814,36.53195],[128.74822,36.53202],[128.74827,36.53209],[128.74838,36.53225],[128.74847,36.53243],[128.74946,36.53463],[128.75273,36.5351],[128.75337,36.53487],[128.75362,36.53478],[128.75375,36.53477],[128.75381,36.53476],[128.75391,36.53475],[128.75504,36.53475],[128.75525,36.53478],[128.75539,36.5348],[128.75979,36.5355],[128.76419,36.53643],[128.7672,36.5379],[128.76729,36.53795],[128.76745,36.53808],[128.76758,36.53821],[128.76791,36.53858],[128.76797,36.53867],[128.76803,36.53881],[128.76845,36.53993],[128.76705,36.5447],[128.76781,36.54453],[128.76932,36.54482],[128.77611,36.54891],[128.77676,36.5493],[128.77937,36.55085],[128.78016,36.55102],[128.78143,36.55066],[128.78145,36.55064],[128.78279,36.54922],[128.78282,36.54872],[128.7829,36.54743],[128.78266,36.54613],[128.78212,36.54521],[128.78192,36.54433],[128.78272,36.54309],[128.78549,36.54107],[128.78936,36.53847],[128.79074,36.53798],[128.79184,36.53768],[128.79856,36.53604],[128.80288,36.53577],[128.80436,36.53573],[128.80488,36.53571],[128.80547,36.5357],[128.80767,36.53569],[128.80826,36.53569],[128.80876,36.53569],[128.80967,36.53578],[128.81121,36.53613]]]]}},{"type":"Feature","properties":{"code":"47170380","name":"임하면","parent":"47170"},"geometry":{"type":"MultiPolygon","coordinates":[[[[128.85981,36.57765],[128.86005,36.57752],[128.86035,36.57733],[128.86056,36.57705],[128.86226,36.57227],[128.86231,36.57205],[128.86259,36.57062],[128.8626,36.57048],[128.8626,36.56999],[128.86256,36.56985],[128.86249,36.56958],[128.86235,36.56901],[128.86224,36.5683],[128.86228,36.56822],[128.86239,36.56811],[128.86381,36.56687],[128.86413,36.56673],[128.86431,36.56672],[128.86537,36.56659],[128.86598,36.5654],[128.86577,36.56441],[128.86574,36.56436],[128.86566,36.56427],[128.86444,36.56303],[128.86366,36.56233],[128.86356,36.56228],[128.86308,36.56218],[128.86272,36.56213],[128.86255,36.56208],[128.86241,36.56197],[128.86233,36.56184],[128.86223,36.56159],[128.86157,36.55964],[128.86152,36.55939],[128.86125,36.55729],[128.86126,36.55713],[128.86138,36.55692],[128.86151,36.55679],[128.86233,36.55611],[128.8625,36.55599],[128.86417,36.55567],[128.86631,36.55395],[128.86648,36.55379],[128.86717,36.55307],[128.86777,36.55229],[128.86786,36.55081],[128.86835,36.54831],[128.86866,36.54689],[128.86874,36.54676],[128.87022,36.54583],[128.87405,36.54255],[128.87446,36.54132],[128.87453,36.54116],[128.87463,36.54101],[128.87478,36.54085],[128.87491,36.54074],[128.87498,36.54068],[128.87507,36.54064],[128.87605,36.54034],[128.87613,36.54032],[128.87624,36.5403],[128.87831,36.53996],[128.88241,36.53987],[128.88287,36.53791],[128.88466,36.53803],[128.88587,36.53806],[128.88595,36.53806],[128.88605,36.53805],[128.88616,36.53801],[128.88624,36.53797],[128.88634,36.53792],[128.88716,36.5374],[128.88746,36.53563],[128.88864,36.5286],[128.88801,36.52203],[128.885,36.51791],[128.88274,36.51481],[128.88089,36.50996],[128.88156,36.50748],[128.88158,36.50743],[128.88439,36.50594],[128.88821,36.50499],[128.89132,36.50567],[128.8959,36.50859],[128.90291,36.51476],[128.91533,36.51639],[128.9143,36.51503],[128.91162,36.51215],[128.91154,36.51208],[128.91144,36.51196],[128.9113,36.51174],[128.91051,36.5096],[128.91049,36.50949],[128.91048,36.50922],[128.91054,36.50902],[128.91066,36.50865],[128.91083,36.50826],[128.91092,36.50809],[128.91101,36.50785],[128.91103,36.50776],[128.91102,36.50763],[128.91082,36.5068],[128.9105,36.50593],[128.91047,36.50586],[128.91039,36.50581],[128.90901,36.50476],[128.90808,36.50404],[128.90681,36.50293],[128.90586,36.50078],[128.90572,36.50047],[128.90522,36.49641],[128.90799,36.49458],[128.90772,36.49052],[128.90928,36.48692],[128.90935,36.48679],[128.90941,36.4865],[128.90987,36.48335],[128.90979,36.48276],[128.9082,36.47752],[128.9081,36.4773],[128.90799,36.47712],[128.90788,36.47701],[128.90771,36.47689],[128.90577,36.47483],[128.9048,36.47157],[128.90237,36.46521],[128.90231,36.46509],[128.90217,36.46497],[128.902,36.46489],[128.90146,36.46475],[128.90118,36.46468],[128.9001,36.46454],[128.8999,36.46454],[128.89933,36.46458],[128.89833,36.4647],[128.89795,36.46476],[128.89774,36.46481],[128.89759,36.46485],[128.8968,36.4653],[128.89615,36.4657],[128.89595,36.46583],[128.89571,36.46598],[128.8955,36.46621],[128.89504,36.46673],[128.89482,36.467],[128.89093,36.46861],[128.88848,36.46944],[128.88829,36.46953],[128.88588,36.47121],[128.88569,36.47153],[128.88509,36.47328],[128.88475,36.47462],[128.88215,36.47478],[128.88073,36.47328],[128.87775,36.47152],[128.87766,36.47149],[128.87756,36.47151],[128.8761,36.47275],[128.87357,36.47482],[128.86856,36.477],[128.86708,36.47754],[128.86603,36.47751],[128.85986,36.47609],[128.85989,36.47598],[128.85821,36.47329],[128.8573,36.46987],[128.85731,36.46972],[128.85724,36.46873],[128.85715,36.46859],[128.85711,36.46854],[128.85522,36.46779],[128.85505,36.46772],[128.8539,36.4678],[128.85358,36.46785],[128.85326,36.46794],[128.85202,36.46794],[128.84995,36.4673],[128.84808,36.46649],[128.8461,36.46517],[128.84352,36.46308],[128.84205,36.46279],[128.84183,36.46277],[128.84106,36.46277],[128.84095,36.46277],[128.84086,36.46278],[128.84062,36.46287],[128.8405,36.46295],[128.84038,36.46304],[128.84022,36.46322],[128.84005,36.4634],[128.83997,36.46355],[128.83988,36.46365],[128.83981,36.46368],[128.83842,36.46376],[128.83625,36.46357],[128.83586,36.46143],[128.8352,36.45881],[128.83317,36.4543],[128.83313,36.45422],[128.83299,36.45399],[128.83235,36.45294],[128.83209,36.45254],[128.83192,36.45239],[128.83021,36.45185],[128.83013,36.45194],[128.82982,36.45201],[128.82912,36.45204],[128.82826,36.45204],[128.82742,36.45203],[128.82668,36.45201],[128.82631,36.45194],[128.82518,36.45184],[128.82336,36.45194],[128.82317,36.45201],[128.82305,36.45209],[128.82294,36.45227],[128.82276,36.45294],[128.82275,36.45297],[128.82267,36.45307],[128.82257,36.45317],[128.82019,36.45395],[128.82003,36.45398],[128.81866,36.45408],[128.81858,36.45407],[128.81556,36.45377],[128.81389,36.45405],[128.81254,36.45505],[128.81077,36.45628],[128.81068,36.45639],[128.81063,36.45652],[128.81068,36.45684],[128.81062,36.45741],[128.81054,36.4577],[128.81008,36.45849],[128.80963,36.45907],[128.80959,36.4591],[128.80953,36.45915],[128.80423,36.4593],[128.80242,36.45934],[128.80223,36.45933],[128.80214,36.45927],[128.80195,36.4591],[128.8016,36.45892],[128.80129,36.45885],[128.80038,36.45878],[128.80008,36.45877],[128.79994,36.45879],[128.79985,36.45892],[128.79952,36.45979],[128.79926,36.46054],[128.79887,36.46134],[128.79869,36.46159],[128.79842,36.46181],[128.79397,36.465],[128.79262,36.46577],[128.79267,36.46623],[128.79271,36.46648],[128.7928,36.46697],[128.79288,36.46738],[128.79298,36.46761],[128.79318,36.46809],[128.79335,36.46847],[128.79349,36.46872],[128.79357,36.46884],[128.7937,36.469],[128.79381,36.46912],[128.79388,36.46922],[128.79395,36.46936],[128.79407,36.46972],[128.79411,36.46987],[128.79409,36.47],[128.79278,36.47314],[128.7917,36.47552],[128.7918,36.47576],[128.792,36.47639],[128.79211,36.47674],[128.7925,36.47866],[128.79252,36.47881],[128.7925,36.47893],[128.79241,36.4791],[128.79221,36.47944],[128.79213,36.47954],[128.79199,36.4797],[128.79172,36.47991],[128.79141,36.48013],[128.79072,36.48078],[128.79058,36.48096],[128.79057,36.48103],[128.79051,36.48215],[128.7905,36.48246],[128.79058,36.48328],[128.79062,36.48345],[128.79065,36.48351],[128.79076,36.48364],[128.79239,36.48506],[128.79393,36.48744],[128.79389,36.48777],[128.79387,36.48797],[128.79387,36.48844],[128.7939,36.48883],[128.79393,36.48911],[128.79394,36.48921],[128.79397,36.48942],[128.79467,36.49161],[128.79471,36.49169],[128.79477,36.49179],[128.79584,36.49364],[128.79593,36.49377],[128.79597,36.49381],[128.79605,36.49385],[128.79614,36.49387],[128.79629,36.49386],[128.79648,36.49383],[128.79867,36.49463],[128.80109,36.49579],[128.80126,36.49593],[128.80126,36.49601],[128.80072,36.4997],[128.80072,36.49982],[128.80068,36.50133],[128.80057,36.5069],[128.79966,36.50959],[128.79963,36.5097],[128.7996,36.50986],[128.7996,36.50994],[128.79969,36.51001],[128.79989,36.51006],[128.80024,36.51014],[128.8006,36.51014],[128.80099,36.51014],[128.8012,36.51014],[128.80146,36.51019],[128.80168,36.51028],[128.8019,36.51039],[128.80228,36.51069],[128.80593,36.51375],[128.80601,36.51386],[128.80609,36.51404],[128.80612,36.51413],[128.80595,36.51447],[128.80581,36.5147],[128.80577,36.5149],[128.80577,36.51505],[128.80583,36.51521],[128.80595,36.51535],[128.80616,36.51557],[128.80634,36.51574],[128.8077,36.51677],[128.8081,36.51705],[128.80934,36.51784],[128.80958,36.51799],[128.81109,36.51876],[128.8102,36.52238],[128.81012,36.52253],[128.80977,36.52358],[128.80965,36.52394],[128.80954,36.5246],[128.80949,36.52531],[128.80948,36.52614],[128.80964,36.52935],[128.81041,36.532],[128.81208,36.53276],[128.81206,36.5337],[128.81121,36.53613],[128.81387,36.53711],[128.81478,36.53744],[128.81821,36.53856],[128.81935,36.53887],[128.82026,36.53911],[128.82049,36.53922],[128.82064,36.53935],[128.82072,36.53958],[128.82073,36.53967],[128.82075,36.53976],[128.82082,36.54016],[128.82087,36.5408],[128.82097,36.54175],[128.82121,36.54248],[128.82143,36.54295],[128.82159,36.5431],[128.82177,36.54323],[128.82202,36.54338],[128.82216,36.54342],[128.8223,36.54344],[128.82242,36.54343],[128.82264,36.5434],[128.82275,36.54337],[128.82285,36.54335],[128.82305,36.54335],[128.82319,36.54337],[128.82336,36.54343],[128.82387,36.54365],[128.82438,36.54397],[128.82456,36.54409],[128.82586,36.54712],[128.8259,36.5473],[128.82605,36.54824],[128.82603,36.54829],[128.82597,36.54834],[128.82529,36.54898],[128.825,36.54916],[128.8248,36.54925],[128.82469,36.54927],[128.82454,36.54925],[128.82442,36.54922],[128.82419,36.54916],[128.82372,36.54897],[128.82353,36.54889],[128.82275,36.54844],[128.82246,36.54827],[128.82225,36.54821],[128.82195,36.54817],[128.81944,36.54811],[128.81923,36.54816],[128.81912,36.54822],[128.81898,36.54835],[128.8189,36.54849],[128.81883,36.54863],[128.81868,36.5489],[128.81854,36.54904],[128.81837,36.54917],[128.81819,36.54925],[128.81336,36.55053],[128.81307,36.55057],[128.81282,36.55056],[128.81269,36.55055],[128.81207,36.55045],[128.81188,36.55042],[128.81162,36.55041],[128.8113,36.55049],[128.81074,36.55067],[128.81017,36.5509],[128.80931,36.5513],[128.80888,36.55154],[128.80882,36.55162],[128.80688,36.55473],[128.80709,36.55955],[128.80713,36.55965],[128.80826,36.56151],[128.8085,36.56184],[128.80894,36.56382],[128.80872,36.56629],[128.81124,36.56815],[128.81351,36.57107],[128.81411,36.57204],[128.81417,36.57217],[128.81526,36.57473],[128.81529,36.57481],[128.81616,36.57743],[128.81626,36.57823],[128.81808,36.58028],[128.8198,36.58257],[128.82069,36.58144],[128.82134,36.58055],[128.82177,36.57971],[128.82194,36.57925],[128.82202,36.57898],[128.82206,36.57876],[128.82214,36.578],[128.82211,36.57792],[128.82214,36.57725],[128.8222,36.57661],[128.82238,36.57585],[128.82257,36.57514],[128.82275,36.57448],[128.82361,36.57335],[128.82383,36.57308],[128.82401,36.57288],[128.82449,36.57243],[128.82509,36.57189],[128.82526,36.57176],[128.82575,36.57146],[128.82635,36.57112],[128.82739,36.57061],[128.8282,36.57026],[128.82892,36.57001],[128.8292,36.56991],[128.83028,36.56961],[128.83071,36.56953],[128.83097,36.56951],[128.83127,36.5695],[128.83157,36.56955],[128.83188,36.56968],[128.83212,36.56985],[128.83232,36.57003],[128.83264,36.57052],[128.83273,36.57078],[128.83272,36.57103],[128.83266,36.57126],[128.83251,36.57174],[128.83228,36.5722],[128.83216,36.57242],[128.83128,36.57369],[128.83097,36.57417],[128.83067,36.57468],[128.83063,36.57479],[128.83058,36.57544],[128.83061,36.57583],[128.83071,36.57612],[128.83095,36.57638],[128.83136,36.57678],[128.83173,36.57703],[128.83272,36.57767],[128.83318,36.57792],[128.83329,36.57798],[128.8338,36.57819],[128.83441,36.57843],[128.83477,36.57855],[128.83579,36.57881],[128.83638,36.57895],[128.83668,36.57901],[128.837,36.57905],[128.83726,36.57907],[128.83756,36.57909],[128.83817,36.5791],[128.83834,36.57911],[128.83947,36.57894],[128.8401,36.5788],[128.84041,36.57868],[128.84058,36.5786],[128.84078,36.57848],[128.84108,36.5783],[128.8412,36.57821],[128.84151,36.57792],[128.84227,36.57717],[128.8426,36.57687],[128.84331,36.57635],[128.84407,36.57583],[128.84436,36.57567],[128.84465,36.57551],[128.84508,36.5753],[128.84582,36.57499],[128.84598,36.57493],[128.84755,36.57446],[128.84774,36.57441],[128.84825,36.57426],[128.85244,36.57322],[128.85333,36.5732],[128.85422,36.57318],[128.85462,36.57326],[128.85496,36.5734],[128.85552,36.57378],[128.85767,36.57564],[128.85963,36.57739],[128.85981,36.57765]]]]}},{"type":"Feature","properties":{"code":"47170390","name":"길안면","parent":"47170"},"geometry":{"type":"MultiPolygon","coordinates":[[[[128.99564,36.50025],[128.99563,36.50022],[128.99551,36.49979],[128.99535,36.49933],[128.99521,36.49909],[128.99487,36.4987],[128.99359,36.49786],[128.99209,36.49697],[128.99136,36.49664],[128.99072,36.49623],[128.99042,36.49603],[128.99007,36.49575],[128.98972,36.49545],[128.98932,36.49488],[128.98905,36.49424],[128.989,36.49391],[128.98898,36.49352],[128.98901,36.49318],[128.98833,36.49091],[128.98601,36.4901],[128.98583,36.49003],[128.98553,36.48983],[128.98543,36.48976],[128.98461,36.48838],[128.98439,36.48801],[128.98418,36.48759],[128.98414,36.48748],[128.98399,36.48722],[128.98395,36.48716],[128.98384,36.48703],[128.98374,36.48692],[128.98356,36.48677],[128.98335,36.48662],[128.9828,36.48623],[128.98271,36.48619],[128.98253,36.48614],[128.98136,36.48588],[128.98124,36.48586],[128.98068,36.48585],[128.98045,36.48586],[128.98023,36.48586],[128.9801,36.48585],[128.98001,36.48582],[128.97933,36.48562],[128.97646,36.48466],[128.97565,36.48424],[128.97554,36.48417],[128.97528,36.48352],[128.97511,36.48302],[128.97507,36.48289],[128.97494,36.47973],[128.9766,36.47816],[128.97832,36.47706],[128.98039,36.47597],[128.98061,36.47587],[128.97976,36.47249],[128.9789,36.47131],[128.97882,36.47116],[128.97871,36.47078],[128.97945,36.46882],[128.97949,36.46875],[128.97956,36.46866],[128.98068,36.4678],[128.98147,36.46721],[128.98176,36.46712],[128.98204,36.46704],[128.98239,36.46693],[128.98255,36.46684],[128.98495,36.46537],[128.98519,36.46521],[128.98524,36.4651],[128.98536,36.4634],[128.98536,36.46317],[128.98535,36.46293],[128.98535,36.46284],[128.98529,36.46276],[128.98524,36.46274],[128.98506,36.46277],[128.9808,36.46443],[128.97708,36.46599],[128.97647,36.46649],[128.97567,36.46699],[128.97557,36.46701],[128.97545,36.46701],[128.97478,36.46706],[128.97462,36.46707],[128.97407,36.46708],[128.97391,36.46707],[128.97374,36.46704],[128.97357,36.46696],[128.97351,36.46693],[128.97341,36.46688],[128.96883,36.46315],[128.96773,36.46205],[128.96763,36.46192],[128.96762,36.46165],[128.96779,36.46123],[128.96853,36.46003],[128.96916,36.45936],[128.96926,36.45915],[128.96987,36.45611],[128.96986,36.45581],[128.97026,36.45226],[128.97056,36.45216],[128.9709,36.45198],[128.97202,36.45135],[128.97236,36.45114],[128.97277,36.4503],[128.97282,36.44906],[128.97359,36.44671],[128.97407,36.4459],[128.9747,36.44498],[128.97497,36.44469],[128.97552,36.44407],[128.97582,36.44374],[128.97593,36.44352],[128.976,36.4431],[128.97598,36.44302],[128.97481,36.44106],[128.97438,36.44052],[128.97398,36.44017],[128.97394,36.44014],[128.97338,36.43951],[128.97331,36.43939],[128.97327,36.43932],[128.97321,36.43913],[128.97369,36.43445],[128.97363,36.43438],[128.97315,36.43342],[128.97311,36.43333],[128.97306,36.43313],[128.97297,36.43275],[128.97295,36.43265],[128.9729,36.4322],[128.97289,36.43208],[128.97291,36.43199],[128.97295,36.43183],[128.97301,36.43162],[128.97307,36.43149],[128.97452,36.42949],[128.97644,36.42775],[128.97729,36.42719],[128.97747,36.42713],[128.9776,36.42709],[128.97773,36.42708],[128.97802,36.42701],[128.97816,36.42697],[128.97831,36.42691],[128.97855,36.42677],[128.97871,36.42667],[128.97892,36.4265],[128.98146,36.42428],[128.98158,36.42413],[128.98166,36.42397],[128.9824,36.42168],[128.98256,36.42102],[128.98259,36.42084],[128.98256,36.42068],[128.98249,36.42058],[128.98239,36.42047],[128.98181,36.41757],[128.98264,36.41647],[128.98319,36.41567],[128.98326,36.41554],[128.98376,36.41362],[128.98395,36.4096],[128.98401,36.40751],[128.984,36.40733],[128.98396,36.40721],[128.98391,36.40707],[128.98367,36.4064],[128.98386,36.40456],[128.98315,36.40449],[128.98305,36.40447],[128.9829,36.40444],[128.98251,36.40437],[128.98219,36.40428],[128.98208,36.40424],[128.98163,36.40404],[128.98128,36.40385],[128.98076,36.40356],[128.97986,36.40294],[128.97962,36.40276],[128.97953,36.40267],[128.97951,36.40265],[128.97948,36.4026],[128.97947,36.40256],[128.97953,36.40247],[128.9796,36.4024],[128.97976,36.40233],[128.9802,36.40221],[128.98042,36.40216],[128.98065,36.4021],[128.98077,36.40202],[128.98088,36.40187],[128.98093,36.40177],[128.98094,36.40167],[128.98068,36.39996],[128.98064,36.39974],[128.98057,36.39952],[128.97902,36.39705],[128.9777,36.39561],[128.97681,36.39455],[128.97582,36.39309],[128.97577,36.39294],[128.97573,36.39277],[128.97576,36.39263],[128.97586,36.39239],[128.9761,36.39188],[128.97632,36.3914],[128.97637,36.39124],[128.97659,36.39053],[128.97658,36.39033],[128.97651,36.39001],[128.97474,36.38672],[128.9743,36.38613],[128.97366,36.38528],[128.97343,36.38507],[128.97213,36.38393],[128.97017,36.38142],[128.96743,36.37779],[128.96734,36.37765],[128.96696,36.37677],[128.96664,36.37561],[128.96613,36.37366],[128.96554,36.37154],[128.96534,36.37085],[128.96485,36.36949],[128.96477,36.3693],[128.96467,36.36917],[128.96365,36.36811],[128.96341,36.36789],[128.96258,36.36723],[128.96246,36.36713],[128.96229,36.36706],[128.96197,36.36696],[128.96177,36.3669],[128.9617,36.36687],[128.96157,36.3668],[128.96162,36.36668],[128.96291,36.36412],[128.96323,36.36361],[128.96347,36.3633],[128.96371,36.36307],[128.96405,36.36274],[128.96435,36.36248],[128.96456,36.36229],[128.96478,36.36213],[128.9651,36.36192],[128.96547,36.36169],[128.96583,36.3615],[128.96603,36.36139],[128.96621,36.36122],[128.96622,36.36114],[128.96623,36.35918],[128.96619,36.35878],[128.96588,36.35652],[128.96584,36.35641],[128.9655,36.35579],[128.96539,36.35568],[128.96529,36.3556],[128.96513,36.35552],[128.96484,36.35543],[128.96455,36.35534],[128.96423,36.35518],[128.96357,36.35471],[128.96332,36.35453],[128.96324,36.35443],[128.96282,36.35287],[128.96278,36.35159],[128.9628,36.35149],[128.96339,36.35088],[128.96361,36.3507],[128.96371,36.35062],[128.96403,36.35028],[128.96461,36.3495],[128.9652,36.34869],[128.96562,36.34811],[128.9657,36.34798],[128.96579,36.34784],[128.96585,36.34768],[128.96599,36.34723],[128.96607,36.34699],[128.9661,36.34672],[128.9661,36.34657],[128.9661,36.34651],[128.96609,36.34647],[128.96482,36.34434],[128.96454,36.34397],[128.96438,36.34382],[128.96423,36.34372],[128.96387,36.3435],[128.96372,36.34342],[128.96351,36.34324],[128.96333,36.34304],[128.96318,36.34285],[128.96309,36.34267],[128.96201,36.34031],[128.96195,36.34015],[128.96194,36.34],[128.96195,36.33986],[128.96198,36.33962],[128.96203,36.33938],[128.9621,36.33911],[128.9622,36.33881],[128.96226,36.33863],[128.96228,36.33857],[128.96227,36.3385],[128.96222,36.33845],[128.96213,36.33839],[128.95915,36.33675],[128.95902,36.33668],[128.95891,36.33664],[128.95708,36.33618],[128.9569,36.33616],[128.95659,36.33617],[128.95631,36.33623],[128.95506,36.33662],[128.95417,36.33692],[128.95395,36.33697],[128.9538,36.33699],[128.95367,36.337],[128.95356,36.33699],[128.95116,36.33616],[128.95084,36.33599],[128.95072,36.33589],[128.95066,36.33582],[128.94881,36.33248],[128.94763,36.32941],[128.94591,36.32708],[128.94515,36.32626],[128.945,36.32613],[128.94483,36.32599],[128.94468,36.32592],[128.94449,36.32591],[128.94434,36.3259],[128.9439,36.32588],[128.9433,36.32582],[128.94074,36.32553],[128.94056,36.3255],[128.94043,36.32546],[128.94039,36.32545],[128.94034,36.32538],[128.93937,36.32374],[128.93902,36.32298],[128.93858,36.32235],[128.93834,36.32207],[128.93782,36.32161],[128.93718,36.32116],[128.93659,36.32089],[128.93626,36.32079],[128.93574,36.32064],[128.93544,36.32051],[128.93508,36.32028],[128.93378,36.31935],[128.93368,36.31927],[128.93359,36.31915],[128.93309,36.31814],[128.93305,36.31802],[128.93266,36.31247],[128.93274,36.31067],[128.93274,36.31056],[128.9325,36.30934],[128.93228,36.30831],[128.93116,36.30629],[128.93078,36.30569],[128.92667,36.30659],[128.91947,36.30487],[128.9159,36.30265],[128.91579,36.30254],[128.91561,36.30233],[128.91553,36.30217],[128.91551,36.30205],[128.91551,36.30141],[128.9152,36.3005],[128.9151,36.30041],[128.91284,36.29849],[128.90656,36.29684],[128.90628,36.29679],[128.90455,36.29656],[128.90338,36.29641],[128.89841,36.2959],[128.89829,36.29589],[128.89336,36.29621],[128.89218,36.29641],[128.89203,36.29644],[128.89168,36.29653],[128.89101,36.29671],[128.89054,36.29684],[128.88985,36.29704],[128.8896,36.29713],[128.88947,36.29724],[128.88939,36.29732],[128.88931,36.29742],[128.88926,36.29751],[128.88923,36.2976],[128.8892,36.29778],[128.88926,36.29799],[128.89103,36.3033],[128.89148,36.30409],[128.89137,36.30552],[128.89009,36.30834],[128.89004,36.30842],[128.88998,36.30852],[128.88985,36.30867],[128.8897,36.30882],[128.88873,36.30979],[128.88866,36.30983],[128.88862,36.30985],[128.88744,36.31191],[128.88739,36.31595],[128.88741,36.31621],[128.88745,36.31634],[128.88747,36.31639],[128.88752,36.31644],[128.88776,36.31668],[128.88951,36.31831],[128.89106,36.31936],[128.89145,36.31947],[128.89178,36.3196],[128.89209,36.31976],[128.89237,36.31991],[128.89244,36.31997],[128.89269,36.32045],[128.89279,36.32069],[128.89283,36.3208],[128.89284,36.32087],[128.893,36.32486],[128.893,36.325],[128.89295,36.32537],[128.8929,36.32566],[128.89287,36.32579],[128.89136,36.32813],[128.89107,36.32858],[128.89056,36.32917],[128.89045,36.32929],[128.89032,36.32943],[128.8902,36.32952],[128.89008,36.32958],[128.88981,36.32965],[128.88953,36.32972],[128.88924,36.3298],[128.88905,36.32989],[128.88897,36.32999],[128.88871,36.33035],[128.88855,36.33059],[128.88855,36.33069],[128.88909,36.33211],[128.88949,36.33302],[128.88962,36.33329],[128.88968,36.33356],[128.88971,36.33381],[128.88953,36.33433],[128.8893,36.33498],[128.88919,36.33522],[128.88905,36.33545],[128.88884,36.33572],[128.88853,36.3361],[128.88795,36.33683],[128.88778,36.33705],[128.88767,36.33722],[128.88705,36.33969],[128.88695,36.34022],[128.88677,36.34118],[128.88674,36.34152],[128.88678,36.34165],[128.88681,36.34181],[128.88682,36.34206],[128.88681,36.34221],[128.88672,36.34239],[128.88655,36.34255],[128.88567,36.3433],[128.88558,36.34337],[128.88151,36.34409],[128.88028,36.3443],[128.87987,36.34435],[128.87904,36.34443],[128.87695,36.3447],[128.87662,36.34476],[128.87657,36.3448],[128.87654,36.34483],[128.87655,36.3449],[128.87715,36.3485],[128.87811,36.34991],[128.8794,36.35282],[128.88081,36.35623],[128.8811,36.35821],[128.88111,36.35835],[128.88112,36.3584],[128.8811,36.35849],[128.88102,36.35865],[128.88089,36.35889],[128.88081,36.35903],[128.88072,36.35915],[128.88068,36.35921],[128.87624,36.36469],[128.87617,36.36476],[128.87612,36.36479],[128.87587,36.36486],[128.87553,36.36496],[128.87504,36.3651],[128.87418,36.36534],[128.87401,36.36539],[128.87362,36.36552],[128.87322,36.36566],[128.87274,36.36583],[128.87231,36.36601],[128.87223,36.36606],[128.87214,36.36611],[128.87209,36.36624],[128.87196,36.36671],[128.87192,36.36695],[128.87191,36.36742],[128.87194,36.3676],[128.87202,36.36765],[128.87222,36.3677],[128.87294,36.36786],[128.87305,36.36788],[128.87338,36.36789],[128.87758,36.37508],[128.87274,36.37715],[128.87117,36.37824],[128.8702,36.37911],[128.86784,36.38132],[128.86544,36.38367],[128.86393,36.38502],[128.86389,36.38505],[128.8596,36.38775],[128.85951,36.38777],[128.85936,36.38777],[128.85875,36.38777],[128.85836,36.38776],[128.85707,36.38767],[128.85684,36.38765],[128.85668,36.38761],[128.85462,36.38752],[128.85217,36.38743],[128.85213,36.38744],[128.85201,36.38749],[128.85042,36.38827],[128.85041,36.38829],[128.85024,36.39034],[128.85026,36.39068],[128.85047,36.39258],[128.85053,36.39281],[128.8506,36.39293],[128.85085,36.39334],[128.85097,36.39345],[128.85118,36.39354],[128.85134,36.39362],[128.85153,36.39375],[128.85167,36.39387],[128.85182,36.39403],[128.85192,36.39414],[128.852,36.39426],[128.852,36.3944],[128.85137,36.39913],[128.85134,36.39928],[128.85127,36.39943],[128.85061,36.40071],[128.85057,36.40077],[128.85046,36.40092],[128.84974,36.40179],[128.84969,36.40182],[128.84954,36.40184],[128.84931,36.40187],[128.84905,36.4019],[128.84885,36.40192],[128.84877,36.40194],[128.84871,36.40197],[128.84746,36.40273],[128.84713,36.40294],[128.84531,36.40504],[128.84427,36.40789],[128.84425,36.40806],[128.84427,36.40848],[128.8443,36.40869],[128.84437,36.409],[128.84483,36.41094],[128.84495,36.41117],[128.84515,36.41137],[128.84531,36.41213],[128.84497,36.41319],[128.84488,36.41346],[128.8448,36.41362],[128.84378,36.41477],[128.84295,36.41591],[128.84179,36.4182],[128.84182,36.41836],[128.84193,36.41861],[128.84204,36.4188],[128.84225,36.41911],[128.84248,36.41937],[128.84265,36.4196],[128.84282,36.41991],[128.84294,36.42018],[128.84295,36.42037],[128.84293,36.42054],[128.84286,36.42073],[128.84266,36.42104],[128.84184,36.42179],[128.84146,36.4221],[128.84113,36.42237],[128.84066,36.42257],[128.84009,36.42277],[128.83928,36.42305],[128.83868,36.42316],[128.83824,36.42319],[128.83798,36.42317],[128.83736,36.42322],[128.83708,36.42338],[128.83571,36.42466],[128.83561,36.42482],[128.83432,36.42763],[128.83408,36.42877],[128.83354,36.43211],[128.83356,36.43233],[128.83386,36.43394],[128.83441,36.43557],[128.83453,36.43578],[128.83201,36.44033],[128.82983,36.44366],[128.83091,36.44755],[128.83091,36.44991],[128.83078,36.45028],[128.83021,36.45185],[128.83192,36.45239],[128.83209,36.45254],[128.83235,36.45294],[128.83299,36.45399],[128.83313,36.45422],[128.83317,36.4543],[128.8352,36.45881],[128.83586,36.46143],[128.83625,36.46357],[128.83842,36.46376],[128.83981,36.46368],[128.83988,36.46365],[128.83997,36.46355],[128.84005,36.4634],[128.84022,36.46322],[128.84038,36.46304],[128.8405,36.46295],[128.84062,36.46287],[128.84086,36.46278],[128.84095,36.46277],[128.84106,36.46277],[128.84183,36.46277],[128.84205,36.46279],[128.84352,36.46308],[128.8461,36.46517],[128.84808,36.46649],[128.84995,36.4673],[128.85202,36.46794],[128.85326,36.46794],[128.85358,36.46785],[128.8539,36.4678],[128.85505,36.46772],[128.85522,36.46779],[128.85711,36.46854],[128.85715,36.46859],[128.85724,36.46873],[128.85731,36.46972],[128.8573,36.46987],[128.85821,36.47329],[128.85989,36.47598],[128.85986,36.47609],[128.86603,36.47751],[128.86708,36.47754],[128.86856,36.477],[128.87357,36.47482],[128.8761,36.47275],[128.87756,36.47151],[128.87766,36.47149],[128.87775,36.47152],[128.88073,36.47328],[128.88215,36.47478],[128.88475,36.47462],[128.88509,36.47328],[128.88569,36.47153],[128.88588,36.47121],[128.88829,36.46953],[128.88848,36.46944],[128.89093,36.46861],[128.89482,36.467],[128.89504,36.46673],[128.8955,36.46621],[128.89571,36.46598],[128.89595,36.46583],[128.89615,36.4657],[128.8968,36.4653],[128.89759,36.46485],[128.89774,36.46481],[128.89795,36.46476],[128.89833,36.4647],[128.89933,36.46458],[128.8999,36.46454],[128.9001,36.46454],[128.90118,36.46468],[128.90146,36.46475],[128.902,36.46489],[128.90217,36.46497],[128.90231,36.46509],[128.90237,36.46521],[128.9048,36.47157],[128.90577,36.47483],[128.90771,36.47689],[128.90788,36.47701],[128.90799,36.47712],[128.9081,36.4773],[128.9082,36.47752],[128.90979,36.48276],[128.90987,36.48335],[128.90941,36.4865],[128.90935,36.48679],[128.90928,36.48692],[128.90772,36.49052],[128.90799,36.49458],[128.90522,36.49641],[128.90572,36.50047],[128.90586,36.50078],[128.90681,36.50293],[128.90808,36.50404],[128.90901,36.50476],[128.91039,36.50581],[128.91047,36.50586],[128.9105,36.50593],[128.91082,36.5068],[128.91102,36.50763],[128.91103,36.50776],[128.91101,36.50785],[128.91092,36.50809],[128.91083,36.50826],[128.91066,36.50865],[128.91054,36.50902],[128.91048,36.50922],[128.91049,36.50949],[128.91051,36.5096],[128.9113,36.51174],[128.91144,36.51196],[128.91154,36.51208],[128.91162,36.51215],[128.9143,36.51503],[128.91533,36.51639],[128.91863,36.51668],[128.91907,36.51674],[128.91928,36.51675],[128.91974,36.51673],[128.91988,36.51673],[128.92031,36.51669],[128.92052,36.51668],[128.92375,36.51635],[128.92383,36.51632],[128.92609,36.5138],[128.92628,36.51357],[128.92672,36.51296],[128.92677,36.51287],[128.92678,36.51281],[128.92678,36.51276],[128.92674,36.51268],[128.92669,36.51264],[128.92665,36.51259],[128.92655,36.5124],[128.9265,36.51226],[128.92634,36.51169],[128.9263,36.51146],[128.92628,36.51125],[128.9263,36.51105],[128.92632,36.51097],[128.92664,36.50982],[128.9267,36.50966],[128.92764,36.50747],[128.9289,36.50926],[128.92888,36.51074],[128.92959,36.51222],[128.93106,36.51411],[128.9326,36.51472],[128.93438,36.51453],[128.93508,36.51416],[128.93805,36.51083],[128.93993,36.50799],[128.94116,36.5065],[128.94409,36.50392],[128.9464,36.50309],[128.9481,36.50292],[128.9519,36.5032],[128.95414,36.5035],[128.9551,36.50385],[128.95683,36.50478],[128.95718,36.50536],[128.9578,36.50971],[128.95805,36.51108],[128.96206,36.51373],[128.96319,36.51398],[128.96462,36.51393],[128.96572,36.5137],[128.96664,36.51326],[128.96706,36.51267],[128.96699,36.51221],[128.96636,36.51071],[128.96577,36.50937],[128.96589,36.50878],[128.96673,36.50749],[128.96745,36.50657],[128.96799,36.50589],[128.96919,36.50387],[128.96874,36.50284],[128.96906,36.50193],[128.97273,36.49749],[128.9747,36.49629],[128.97578,36.49575],[128.97703,36.49521],[128.97928,36.49484],[128.9802,36.49481],[128.98121,36.49495],[128.98227,36.49513],[128.98293,36.4954],[128.98355,36.49594],[128.98423,36.49668],[128.98505,36.49764],[128.98565,36.49817],[128.98659,36.49876],[128.98739,36.49918],[128.98866,36.49965],[128.99008,36.5],[128.99161,36.50026],[128.99425,36.50043],[128.99522,36.50036],[128.99564,36.50025]]]]}},{"type":"Feature","properties":{"code":"47170400","name":"임동면","parent":"47170"},"geometry":{"type":"MultiPolygon","coordinates":[[[[128.9918,36.68891],[128.99229,36.68853],[128.9936,36.68681],[128.99363,36.68677],[128.99364,36.68674],[128.99366,36.68669],[128.99436,36.68246],[128.9945,36.68151],[128.99449,36.68144],[128.99445,36.68125],[128.99323,36.67786],[128.99318,36.67782],[128.99305,36.67768],[128.99281,36.67748],[128.99252,36.67724],[128.99231,36.67707],[128.99224,36.67703],[128.99211,36.67703],[128.99171,36.67697],[128.99089,36.67667],[128.99084,36.67665],[128.9908,36.67657],[128.99037,36.67554],[128.99012,36.6745],[128.99012,36.67439],[128.99013,36.67434],[128.99017,36.67423],[128.99036,36.67387],[128.99066,36.67337],[128.99086,36.67306],[128.99096,36.67292],[128.99187,36.67164],[128.99265,36.67074],[128.99282,36.67058],[128.99337,36.67008],[128.99368,36.66979],[128.99373,36.66973],[128.99378,36.66967],[128.99379,36.66961],[128.99378,36.66955],[128.99377,36.66951],[128.99374,36.66946],[128.99178,36.6667],[128.99171,36.66664],[128.99163,36.6666],[128.99142,36.66651],[128.99088,36.66632],[128.99066,36.66627],[128.99057,36.66625],[128.99037,36.66618],[128.99021,36.66609],[128.99003,36.66594],[128.98991,36.66579],[128.98985,36.66565],[128.98982,36.66548],[128.98982,36.66544],[128.98984,36.66539],[128.99035,36.66432],[128.99051,36.66402],[128.99065,36.66384],[128.99078,36.66374],[128.9921,36.66292],[128.99219,36.66288],[128.99223,36.66287],[128.99253,36.66287],[128.99287,36.66288],[128.99321,36.66288],[128.99355,36.66285],[128.99378,36.66283],[128.99389,36.66282],[128.99411,36.66275],[128.99439,36.66264],[128.99446,36.66259],[128.99449,36.66256],[128.99516,36.6618],[128.99519,36.66175],[128.99522,36.66161],[128.99538,36.66005],[128.99539,36.65999],[128.99558,36.65711],[128.99554,36.65631],[128.99555,36.65623],[128.99556,36.6562],[128.99596,36.65563],[128.996,36.65558],[128.99633,36.65528],[128.99639,36.65523],[128.99354,36.65305],[128.99177,36.65061],[128.98994,36.64803],[128.99022,36.6468],[128.99073,36.64529],[128.99083,36.64509],[128.9909,36.64497],[128.99095,36.6449],[128.99191,36.64433],[128.99248,36.64399],[128.99332,36.64321],[128.99467,36.64186],[128.99467,36.64174],[128.99466,36.64166],[128.99464,36.64159],[128.99463,36.64154],[128.9946,36.64149],[128.99449,36.64137],[128.99444,36.64133],[128.99384,36.64077],[128.99316,36.63959],[128.99178,36.6369],[128.9917,36.63671],[128.99158,36.63638],[128.99152,36.63618],[128.99148,36.63605],[128.9914,36.63569],[128.99134,36.63542],[128.99119,36.63455],[128.99113,36.63342],[128.9912,36.63195],[128.99147,36.631],[128.99182,36.6302],[128.99146,36.62765],[128.99118,36.62703],[128.99084,36.62608],[128.99074,36.62499],[128.99076,36.62474],[128.99085,36.62399],[128.99088,36.62381],[128.99093,36.62355],[128.99097,36.62346],[128.99107,36.62335],[128.99122,36.62327],[128.99183,36.62295],[128.99235,36.62273],[128.99252,36.62266],[128.99273,36.62261],[128.99328,36.62249],[128.9937,36.62237],[128.99412,36.62222],[128.99425,36.62214],[128.99429,36.62208],[128.99661,36.61853],[128.99664,36.61844],[128.99693,36.61721],[128.99785,36.61188],[128.99786,36.61165],[128.99784,36.61151],[128.99724,36.60979],[128.99714,36.60966],[128.99693,36.60949],[128.9967,36.60932],[128.99661,36.60927],[128.99608,36.60877],[128.99609,36.6081],[128.9961,36.608],[128.99613,36.60787],[128.99734,36.60472],[128.99839,36.60351],[128.99848,36.60342],[128.99861,36.60331],[128.9987,36.60324],[128.99878,36.60319],[128.99887,36.60317],[128.99899,36.60315],[128.99911,36.60317],[128.99922,36.60323],[128.9994,36.6033],[128.99959,36.60337],[128.99978,36.60339],[128.99991,36.60339],[129.00023,36.60335],[129.00123,36.60311],[129.0013,36.60309],[129.00135,36.60301],[129.00138,36.60292],[129.00137,36.60277],[129.00129,36.60257],[129.0011,36.60231],[129.00019,36.60127],[128.99966,36.60075],[128.99922,36.59862],[128.99882,36.59424],[128.99893,36.5937],[128.99903,36.59347],[128.99908,36.59206],[128.99957,36.59006],[128.9998,36.58939],[128.99988,36.58914],[128.99997,36.58882],[129.00005,36.58851],[129.00007,36.58828],[129.00007,36.58812],[129.00006,36.5879],[129.00001,36.5878],[128.99945,36.58686],[128.99494,36.58242],[128.99436,36.58235],[128.9942,36.58232],[128.99222,36.58152],[128.9921,36.58146],[128.99208,36.58141],[128.99163,36.5797],[128.99078,36.57749],[128.99059,36.57705],[128.98682,36.57425],[128.98554,36.57364],[128.98535,36.57355],[128.98523,36.57352],[128.985,36.57347],[128.98474,36.57344],[128.98456,36.57341],[128.98423,36.57334],[128.98411,36.57329],[128.98407,36.57326],[128.98406,36.5732],[128.98389,36.57063],[128.98383,36.56952],[128.98387,36.56871],[128.9839,36.56861],[128.9839,36.56791],[128.98389,36.56783],[128.98383,36.56772],[128.98371,36.56762],[128.98211,36.56649],[128.9809,36.56572],[128.98057,36.56552],[128.97991,36.56512],[128.97975,36.56502],[128.9797,36.56496],[128.97968,36.56492],[128.9794,36.56138],[128.97937,36.56081],[128.97994,36.56027],[128.98,36.56024],[128.98007,36.56024],[128.98146,36.56036],[128.98154,36.56038],[128.98159,36.56039],[128.98167,36.56043],[128.98206,36.56073],[128.98239,36.56099],[128.98257,36.56112],[128.98265,36.56117],[128.9827,36.56119],[128.98368,36.561],[128.98385,36.56096],[128.98408,36.56089],[128.98429,36.56075],[128.98714,36.55841],[128.98777,36.55783],[128.98819,36.55734],[128.98878,36.55662],[128.98914,36.55602],[128.98951,36.55533],[128.99016,36.55366],[128.99173,36.54934],[128.99182,36.54901],[128.99182,36.54884],[128.99174,36.5486],[128.99167,36.5485],[128.99154,36.54836],[128.99138,36.54829],[128.99118,36.54823],[128.99103,36.5482],[128.99068,36.54816],[128.99044,36.54815],[128.99033,36.54815],[128.98908,36.54821],[128.98845,36.54825],[128.98785,36.54828],[128.98703,36.54831],[128.98677,36.54831],[128.98638,36.5483],[128.98553,36.54822],[128.98537,36.54819],[128.98503,36.5481],[128.98467,36.54792],[128.9842,36.54766],[128.98396,36.54751],[128.98346,36.5472],[128.98329,36.54703],[128.98324,36.54694],[128.98306,36.54673],[128.98296,36.54665],[128.98276,36.54651],[128.98257,36.54643],[128.98251,36.5464],[128.98218,36.54627],[128.98196,36.5462],[128.98181,36.54615],[128.98041,36.54572],[128.98022,36.54566],[128.98003,36.54562],[128.97976,36.54559],[128.97947,36.5456],[128.97932,36.54562],[128.97919,36.54566],[128.97914,36.54569],[128.97743,36.5472],[128.97728,36.54736],[128.97701,36.54773],[128.97688,36.54806],[128.97685,36.54818],[128.97679,36.54827],[128.97668,36.54838],[128.97662,36.54843],[128.97646,36.5485],[128.97633,36.54856],[128.97614,36.5486],[128.97492,36.54862],[128.9748,36.5486],[128.97418,36.54845],[128.97415,36.54843],[128.97413,36.5484],[128.97412,36.54835],[128.97477,36.54391],[128.97496,36.54324],[128.97553,36.54054],[128.97554,36.54044],[128.97298,36.53265],[128.97192,36.53117],[128.97264,36.53021],[128.97536,36.52727],[128.97632,36.52667],[128.97659,36.52652],[128.97685,36.5264],[128.97705,36.52635],[128.97749,36.52637],[128.97797,36.5264],[128.97859,36.52647],[128.97912,36.5266],[128.9794,36.52669],[128.97978,36.5269],[128.97995,36.52696],[128.9801,36.52699],[128.98033,36.52695],[128.98056,36.52682],[128.98079,36.52662],[128.98109,36.52633],[128.98192,36.52532],[128.98214,36.52501],[128.9822,36.52488],[128.9828,36.52272],[128.98281,36.52247],[128.98273,36.52216],[128.98262,36.52184],[128.98257,36.52161],[128.98258,36.52139],[128.98263,36.52117],[128.98329,36.519],[128.98365,36.51787],[128.98374,36.51769],[128.9845,36.51655],[128.98461,36.51638],[128.98481,36.5162],[128.98529,36.51579],[128.98548,36.51568],[128.98569,36.51567],[128.98833,36.51566],[128.9885,36.51567],[128.98868,36.5157],[128.98878,36.51574],[128.98967,36.5162],[128.98988,36.51632],[128.99089,36.51677],[128.99199,36.51724],[128.99315,36.51712],[128.99308,36.51659],[128.99311,36.51616],[128.99359,36.51422],[128.99374,36.51376],[128.99389,36.51334],[128.99405,36.51309],[128.99443,36.51276],[128.99538,36.51234],[128.99579,36.51215],[128.99634,36.51187],[128.99672,36.51158],[128.99706,36.51118],[128.99724,36.51075],[128.99727,36.51052],[128.99719,36.51023],[128.99714,36.51009],[128.99673,36.50915],[128.9951,36.50513],[128.99521,36.50293],[128.99547,36.50232],[128.99567,36.50151],[128.99575,36.5009],[128.99564,36.50025],[128.99522,36.50036],[128.99425,36.50043],[128.99161,36.50026],[128.99008,36.5],[128.98866,36.49965],[128.98739,36.49918],[128.98659,36.49876],[128.98565,36.49817],[128.98505,36.49764],[128.98423,36.49668],[128.98355,36.49594],[128.98293,36.4954],[128.98227,36.49513],[128.98121,36.49495],[128.9802,36.49481],[128.97928,36.49484],[128.97703,36.49521],[128.97578,36.49575],[128.9747,36.49629],[128.97273,36.49749],[128.96906,36.50193],[128.96874,36.50284],[128.96919,36.50387],[128.96799,36.50589],[128.96745,36.50657],[128.96673,36.50749],[128.96589,36.50878],[128.96577,36.50937],[128.96636,36.51071],[128.96699,36.51221],[128.96706,36.51267],[128.96664,36.51326],[128.96572,36.5137],[128.96462,36.51393],[128.96319,36.51398],[128.96206,36.51373],[128.95805,36.51108],[128.9578,36.50971],[128.95718,36.50536],[128.95683,36.50478],[128.9551,36.50385],[128.95414,36.5035],[128.9519,36.5032],[128.9481,36.50292],[128.9464,36.50309],[128.94409,36.50392],[128.94116,36.5065],[128.93993,36.50799],[128.93805,36.51083],[128.93508,36.51416],[128.93438,36.51453],[128.9326,36.51472],[128.93106,36.51411],[128.92959,36.51222],[128.92888,36.51074],[128.9289,36.50926],[128.92764,36.50747],[128.9267,36.50966],[128.92664,36.50982],[128.92632,36.51097],[128.9263,36.51105],[128.92628,36.51125],[128.9263,36.51146],[128.92634,36.51169],[128.9265,36.51226],[128.92655,36.5124],[128.92665,36.51259],[128.92669,36.51264],[128.92674,36.51268],[128.92678,36.51276],[128.92678,36.51281],[128.92677,36.51287],[128.92672,36.51296],[128.92628,36.51357],[128.92609,36.5138],[128.92383,36.51632],[128.92375,36.51635],[128.92052,36.51668],[128.92031,36.51669],[128.91988,36.51673],[128.91974,36.51673],[128.91928,36.51675],[128.91907,36.51674],[128.91863,36.51668],[128.91533,36.51639],[128.90291,36.51476],[128.8959,36.50859],[128.89132,36.50567],[128.88821,36.50499],[128.88439,36.50594],[128.88158,36.50743],[128.88156,36.50748],[128.88089,36.50996],[128.88274,36.51481],[128.885,36.51791],[128.88801,36.52203],[128.88864,36.5286],[128.88746,36.53563],[128.88716,36.5374],[128.88634,36.53792],[128.88624,36.53797],[128.88616,36.53801],[128.88605,36.53805],[128.88595,36.53806],[128.88587,36.53806],[128.88466,36.53803],[128.88287,36.53791],[128.88241,36.53987],[128.87831,36.53996],[128.87624,36.5403],[128.87613,36.54032],[128.87605,36.54034],[128.87507,36.54064],[128.87498,36.54068],[128.87491,36.54074],[128.87478,36.54085],[128.87463,36.54101],[128.87453,36.54116],[128.87446,36.54132],[128.87405,36.54255],[128.87022,36.54583],[128.86874,36.54676],[128.86866,36.54689],[128.86835,36.54831],[128.86786,36.55081],[128.86777,36.55229],[128.86717,36.55307],[128.86648,36.55379],[128.86631,36.55395],[128.86417,36.55567],[128.8625,36.55599],[128.86233,36.55611],[128.86151,36.55679],[128.86138,36.55692],[128.86126,36.55713],[128.86125,36.55729],[128.86152,36.55939],[128.86157,36.55964],[128.86223,36.56159],[128.86233,36.56184],[128.86241,36.56197],[128.86255,36.56208],[128.86272,36.56213],[128.86308,36.56218],[128.86356,36.56228],[128.86366,36.56233],[128.86444,36.56303],[128.86566,36.56427],[128.86574,36.56436],[128.86577,36.56441],[128.86598,36.5654],[128.86537,36.56659],[128.86431,36.56672],[128.86413,36.56673],[128.86381,36.56687],[128.86239,36.56811],[128.86228,36.56822],[128.86224,36.5683],[128.86235,36.56901],[128.86249,36.56958],[128.86256,36.56985],[128.8626,36.56999],[128.8626,36.57048],[128.86259,36.57062],[128.86231,36.57205],[128.86226,36.57227],[128.86056,36.57705],[128.86035,36.57733],[128.86005,36.57752],[128.85981,36.57765],[128.86994,36.59627],[128.86967,36.59672],[128.86924,36.59736],[128.86877,36.59782],[128.8685,36.59803],[128.86789,36.59841],[128.86754,36.5986],[128.86716,36.59875],[128.86615,36.59912],[128.86544,36.59934],[128.86439,36.59965],[128.86374,36.5999],[128.86333,36.60012],[128.86299,36.60036],[128.8629,36.60049],[128.86284,36.60061],[128.86284,36.60079],[128.86294,36.60136],[128.86297,36.60144],[128.86358,36.60292],[128.8652,36.60689],[128.86542,36.6072],[128.86578,36.6075],[128.86633,36.60776],[128.86686,36.60799],[128.86748,36.6082],[128.86805,36.60833],[128.87782,36.60935],[128.88118,36.60932],[128.88227,36.60909],[128.8826,36.60904],[128.88368,36.60889],[128.88418,36.60889],[128.8844,36.60897],[128.88601,36.60964],[128.88625,36.60977],[128.88734,36.61039],[128.88789,36.61078],[128.88799,36.61085],[128.88812,36.61087],[128.88822,36.61087],[128.88865,36.61081],[128.88877,36.61077],[128.89039,36.60988],[128.89052,36.60979],[128.89089,36.60947],[128.89129,36.60903],[128.89142,36.60897],[128.89154,36.60892],[128.89172,36.6089],[128.89183,36.60891],[128.8925,36.6091],[128.89263,36.60919],[128.89349,36.60986],[128.89361,36.60996],[128.89692,36.61288],[128.89903,36.61583],[128.89913,36.61595],[128.89979,36.61641],[128.90005,36.61658],[128.90041,36.61678],[128.90065,36.61691],[128.90415,36.61873],[128.90504,36.61902],[128.90718,36.61953],[128.90887,36.61927],[128.91228,36.62099],[128.91249,36.62117],[128.9128,36.62143],[128.91341,36.6218],[128.91613,36.62327],[128.91747,36.62367],[128.91805,36.62378],[128.91853,36.62382],[128.91874,36.62384],[128.91886,36.62383],[128.91898,36.6238],[128.92154,36.62215],[128.92158,36.62209],[128.92158,36.62202],[128.92152,36.62191],[128.92112,36.62147],[128.92101,36.62129],[128.92097,36.62115],[128.92096,36.62099],[128.92094,36.61929],[128.92097,36.6188],[128.92114,36.61832],[128.92137,36.61768],[128.92145,36.61751],[128.9216,36.61735],[128.92186,36.61719],[128.92226,36.61698],[128.92253,36.61685],[128.92274,36.61678],[128.92284,36.61683],[128.92478,36.61777],[128.92498,36.6179],[128.92511,36.61803],[128.9252,36.61824],[128.92563,36.61944],[128.92954,36.62195],[128.9298,36.62201],[128.92989,36.62204],[128.93282,36.62299],[128.93291,36.62303],[128.93443,36.62402],[128.93462,36.62417],[128.93469,36.62427],[128.93714,36.62904],[128.93777,36.63032],[128.93802,36.63182],[128.93823,36.63242],[128.94106,36.63394],[128.94402,36.63542],[128.94672,36.63673],[128.95142,36.63873],[128.9515,36.63876],[128.95177,36.63882],[128.95188,36.63883],[128.95201,36.63884],[128.95344,36.63886],[128.95355,36.63885],[128.95364,36.63883],[128.95377,36.6388],[128.95386,36.63877],[128.954,36.6387],[128.95407,36.63866],[128.95418,36.63862],[128.95425,36.63864],[128.95434,36.63867],[128.95441,36.63869],[128.95582,36.63935],[128.95586,36.63937],[128.95594,36.63942],[128.95837,36.6416],[128.95839,36.64163],[128.95841,36.64168],[128.95859,36.64308],[128.9586,36.6432],[128.95861,36.64329],[128.95861,36.64337],[128.9586,36.64361],[128.95859,36.64369],[128.95857,36.64387],[128.95855,36.64397],[128.95852,36.64408],[128.95848,36.64421],[128.95846,36.64425],[128.95842,36.64431],[128.95831,36.64441],[128.95757,36.64611],[128.95678,36.64802],[128.95727,36.64909],[128.95733,36.64918],[128.95769,36.64967],[128.95849,36.65067],[128.95855,36.65075],[128.95863,36.65085],[128.95878,36.65102],[128.95883,36.65106],[128.95896,36.65115],[128.95905,36.65122],[128.95913,36.65127],[128.95926,36.65134],[128.95935,36.65138],[128.95951,36.65144],[128.95964,36.65148],[128.95978,36.65154],[128.9599,36.6516],[128.95997,36.65163],[128.96012,36.65176],[128.96024,36.65189],[128.96026,36.65194],[128.96025,36.65205],[128.95974,36.65393],[128.95917,36.65521],[128.95913,36.65526],[128.95847,36.65605],[128.9584,36.65612],[128.95835,36.65614],[128.95829,36.65613],[128.95825,36.65613],[128.95816,36.65614],[128.95809,36.65616],[128.95793,36.6562],[128.95768,36.65629],[128.9569,36.65662],[128.95682,36.65667],[128.95681,36.65672],[128.95681,36.65679],[128.95682,36.65689],[128.95684,36.65696],[128.9578,36.65956],[128.95784,36.65964],[128.95869,36.66076],[128.95933,36.6616],[128.96048,36.66723],[128.96049,36.66743],[128.96049,36.66752],[128.96037,36.66817],[128.96035,36.6683],[128.9603,36.66846],[128.96027,36.66853],[128.96018,36.66867],[128.96012,36.66876],[128.96005,36.66882],[128.95998,36.66888],[128.95934,36.66942],[128.95919,36.66951],[128.95911,36.66956],[128.95791,36.67057],[128.9579,36.6706],[128.95792,36.67066],[128.958,36.67076],[128.95914,36.67227],[128.96382,36.67794],[128.96385,36.67796],[128.96388,36.67798],[128.96454,36.67832],[128.96485,36.67839],[128.96496,36.67842],[128.96505,36.67843],[128.96513,36.67842],[128.96548,36.6784],[128.96636,36.67834],[128.96641,36.67832],[128.96647,36.6783],[128.96915,36.6788],[128.97312,36.68086],[128.97327,36.68098],[128.97332,36.68102],[128.97409,36.68176],[128.97413,36.6818],[128.97483,36.68279],[128.97521,36.68482],[128.97633,36.68649],[128.97752,36.68794],[128.97762,36.68803],[128.9777,36.68808],[128.97838,36.68836],[128.97904,36.68862],[128.98496,36.68921],[128.98726,36.68895],[128.98855,36.68815],[128.9918,36.68891]]]]}},{"type":"Feature","properties":{"code":"47170410","name":"예안면","parent":"47170"},"geometry":{"type":"MultiPolygon","coordinates":[[[[128.99016,36.74707],[128.99022,36.74703],[128.99033,36.7469],[128.9904,36.74679],[128.99097,36.74578],[128.99099,36.74572],[128.99101,36.74568],[128.99103,36.74516],[128.99105,36.74482],[128.99105,36.74469],[128.99105,36.74462],[128.99104,36.74453],[128.99058,36.74127],[128.99027,36.74031],[128.98959,36.73837],[128.98956,36.73829],[128.98952,36.73822],[128.98949,36.73817],[128.98941,36.73811],[128.98933,36.73805],[128.98919,36.73797],[128.9891,36.73792],[128.98895,36.73787],[128.98876,36.73779],[128.98868,36.73776],[128.9886,36.73771],[128.98848,36.73765],[128.9884,36.7376],[128.98831,36.73753],[128.98774,36.73705],[128.98769,36.737],[128.98763,36.73695],[128.98759,36.73689],[128.98757,36.7368],[128.98745,36.73623],[128.98737,36.7358],[128.98737,36.73577],[128.98737,36.7357],[128.98741,36.73562],[128.98937,36.73217],[128.9899,36.73193],[128.9908,36.73167],[128.99088,36.73165],[128.99097,36.73164],[128.99152,36.73159],[128.99248,36.7314],[128.99252,36.73138],[128.99257,36.73135],[128.99503,36.72954],[128.99511,36.72947],[128.99522,36.72937],[128.99718,36.72737],[128.9972,36.72732],[128.99722,36.72728],[128.99722,36.72724],[128.99691,36.72418],[128.99663,36.72386],[128.99653,36.72373],[128.99646,36.72364],[128.99643,36.72358],[128.99622,36.72307],[128.99608,36.72268],[128.99607,36.72262],[128.99607,36.72259],[128.99608,36.72254],[128.9961,36.72247],[128.99616,36.72234],[128.99621,36.72227],[128.9973,36.72098],[128.9985,36.71976],[128.99948,36.71907],[128.99953,36.71901],[128.99974,36.71751],[128.99974,36.7174],[128.99948,36.71441],[128.99639,36.70615],[128.99495,36.70505],[128.99483,36.70495],[128.99474,36.70485],[128.99458,36.70463],[128.99452,36.70454],[128.99442,36.70436],[128.99439,36.70429],[128.99438,36.70425],[128.99439,36.70417],[128.99443,36.704],[128.99467,36.7033],[128.99481,36.70291],[128.99483,36.70287],[128.99487,36.70281],[128.99496,36.70271],[128.99506,36.70263],[128.99523,36.70249],[128.99542,36.70238],[128.99569,36.70223],[128.99577,36.7022],[128.99648,36.70189],[128.99662,36.70184],[128.9967,36.70181],[128.99751,36.69606],[128.99751,36.696],[128.99747,36.6956],[128.99746,36.69554],[128.99744,36.69539],[128.99742,36.69535],[128.99738,36.69533],[128.99725,36.69528],[128.99714,36.69526],[128.99693,36.6952],[128.99655,36.69504],[128.9965,36.69501],[128.99566,36.69457],[128.99269,36.6928],[128.99262,36.69274],[128.99204,36.69215],[128.99202,36.69212],[128.99199,36.69203],[128.99188,36.69161],[128.99186,36.69149],[128.9918,36.68891],[128.98855,36.68815],[128.98726,36.68895],[128.98496,36.68921],[128.97904,36.68862],[128.97838,36.68836],[128.9777,36.68808],[128.97762,36.68803],[128.97752,36.68794],[128.97633,36.68649],[128.97521,36.68482],[128.97483,36.68279],[128.97413,36.6818],[128.97409,36.68176],[128.97332,36.68102],[128.97327,36.68098],[128.97312,36.68086],[128.96915,36.6788],[128.96647,36.6783],[128.96641,36.67832],[128.96636,36.67834],[128.96548,36.6784],[128.96513,36.67842],[128.96505,36.67843],[128.96496,36.67842],[128.96485,36.67839],[128.96454,36.67832],[128.96388,36.67798],[128.96385,36.67796],[128.96382,36.67794],[128.95914,36.67227],[128.958,36.67076],[128.95792,36.67066],[128.9579,36.6706],[128.95791,36.67057],[128.95911,36.66956],[128.95919,36.66951],[128.95934,36.66942],[128.95998,36.66888],[128.96005,36.66882],[128.96012,36.66876],[128.96018,36.66867],[128.96027,36.66853],[128.9603,36.66846],[128.96035,36.6683],[128.96037,36.66817],[128.96049,36.66752],[128.96049,36.66743],[128.96048,36.66723],[128.95933,36.6616],[128.95869,36.66076],[128.95784,36.65964],[128.9578,36.65956],[128.95684,36.65696],[128.95682,36.65689],[128.95681,36.65679],[128.95681,36.65672],[128.95682,36.65667],[128.9569,36.65662],[128.95768,36.65629],[128.95793,36.6562],[128.95809,36.65616],[128.95816,36.65614],[128.95825,36.65613],[128.95829,36.65613],[128.95835,36.65614],[128.9584,36.65612],[128.95847,36.65605],[128.95913,36.65526],[128.95917,36.65521],[128.95974,36.65393],[128.96025,36.65205],[128.96026,36.65194],[128.96024,36.65189],[128.96012,36.65176],[128.95997,36.65163],[128.9599,36.6516],[128.95978,36.65154],[128.95964,36.65148],[128.95951,36.65144],[128.95935,36.65138],[128.95926,36.65134],[128.95913,36.65127],[128.95905,36.65122],[128.95896,36.65115],[128.95883,36.65106],[128.95878,36.65102],[128.95863,36.65085],[128.95855,36.65075],[128.95849,36.65067],[128.95769,36.64967],[128.95733,36.64918],[128.95727,36.64909],[128.95678,36.64802],[128.95757,36.64611],[128.95831,36.64441],[128.95842,36.64431],[128.95846,36.64425],[128.95848,36.64421],[128.95852,36.64408],[128.95855,36.64397],[128.95857,36.64387],[128.95859,36.64369],[128.9586,36.64361],[128.95861,36.64337],[128.95861,36.64329],[128.9586,36.6432],[128.95859,36.64308],[128.95841,36.64168],[128.95839,36.64163],[128.95837,36.6416],[128.95594,36.63942],[128.95586,36.63937],[128.95582,36.63935],[128.95441,36.63869],[128.95434,36.63867],[128.95425,36.63864],[128.95418,36.63862],[128.95407,36.63866],[128.954,36.6387],[128.95386,36.63877],[128.95377,36.6388],[128.95364,36.63883],[128.95355,36.63885],[128.95344,36.63886],[128.95201,36.63884],[128.95188,36.63883],[128.95177,36.63882],[128.9515,36.63876],[128.95142,36.63873],[128.94672,36.63673],[128.94402,36.63542],[128.94106,36.63394],[128.93823,36.63242],[128.93802,36.63182],[128.93777,36.63032],[128.93714,36.62904],[128.93469,36.62427],[128.93462,36.62417],[128.93443,36.62402],[128.93291,36.62303],[128.93282,36.62299],[128.92989,36.62204],[128.9298,36.62201],[128.92954,36.62195],[128.92563,36.61944],[128.9252,36.61824],[128.92511,36.61803],[128.92498,36.6179],[128.92478,36.61777],[128.92284,36.61683],[128.92274,36.61678],[128.92253,36.61685],[128.92226,36.61698],[128.92186,36.61719],[128.9216,36.61735],[128.92145,36.61751],[128.92137,36.61768],[128.92114,36.61832],[128.92097,36.6188],[128.92094,36.61929],[128.92096,36.62099],[128.92097,36.62115],[128.92101,36.62129],[128.92112,36.62147],[128.92152,36.62191],[128.92158,36.62202],[128.92158,36.62209],[128.92154,36.62215],[128.91898,36.6238],[128.91886,36.62383],[128.91874,36.62384],[128.91853,36.62382],[128.91805,36.62378],[128.91747,36.62367],[128.91613,36.62327],[128.91341,36.6218],[128.9128,36.62143],[128.91249,36.62117],[128.91228,36.62099],[128.90887,36.61927],[128.90718,36.61953],[128.90504,36.61902],[128.90415,36.61873],[128.90065,36.61691],[128.90041,36.61678],[128.90005,36.61658],[128.89979,36.61641],[128.89913,36.61595],[128.89903,36.61583],[128.89692,36.61288],[128.89361,36.60996],[128.89349,36.60986],[128.89263,36.60919],[128.8925,36.6091],[128.89183,36.60891],[128.89172,36.6089],[128.89154,36.60892],[128.89142,36.60897],[128.89129,36.60903],[128.89089,36.60947],[128.89052,36.60979],[128.89039,36.60988],[128.88877,36.61077],[128.88865,36.61081],[128.88822,36.61087],[128.88812,36.61087],[128.88799,36.61085],[128.88789,36.61078],[128.88734,36.61039],[128.88625,36.60977],[128.88601,36.60964],[128.8844,36.60897],[128.88418,36.60889],[128.88368,36.60889],[128.8826,36.60904],[128.88227,36.60909],[128.88118,36.60932],[128.87782,36.60935],[128.86805,36.60833],[128.86748,36.6082],[128.86686,36.60799],[128.86633,36.60776],[128.86578,36.6075],[128.86542,36.6072],[128.8652,36.60689],[128.86358,36.60292],[128.86297,36.60144],[128.86294,36.60136],[128.86284,36.60079],[128.86284,36.60061],[128.8629,36.60049],[128.86299,36.60036],[128.86333,36.60012],[128.86374,36.5999],[128.86439,36.59965],[128.86544,36.59934],[128.86615,36.59912],[128.86716,36.59875],[128.86754,36.5986],[128.86789,36.59841],[128.8685,36.59803],[128.86877,36.59782],[128.86924,36.59736],[128.86967,36.59672],[128.86994,36.59627],[128.86946,36.59632],[128.86902,36.59636],[128.8626,36.59608],[128.85884,36.59537],[128.85802,36.59511],[128.85786,36.59506],[128.85768,36.59501],[128.85749,36.595],[128.85728,36.59501],[128.85709,36.59508],[128.85693,36.59517],[128.8567,36.59534],[128.85603,36.59604],[128.85538,36.59679],[128.85482,36.59761],[128.85452,36.59817],[128.85422,36.599],[128.85404,36.5996],[128.85395,36.60011],[128.85392,36.60085],[128.85399,36.60174],[128.85408,36.60226],[128.85424,36.60292],[128.85491,36.60463],[128.85631,36.60968],[128.85763,36.61549],[128.85771,36.61602],[128.85772,36.61616],[128.85767,36.61659],[128.85766,36.61664],[128.8576,36.61717],[128.85746,36.61748],[128.85735,36.61761],[128.8571,36.61787],[128.85688,36.61803],[128.8566,36.61822],[128.85601,36.61846],[128.85549,36.61853],[128.8547,36.61858],[128.85441,36.61858],[128.85357,36.61856],[128.85288,36.61852],[128.85114,36.61838],[128.84993,36.61833],[128.84854,36.61828],[128.84774,36.61828],[128.84747,36.61832],[128.84721,36.61839],[128.84694,36.61847],[128.84661,36.61859],[128.84634,36.61869],[128.84625,36.61877],[128.84619,36.61883],[128.84615,36.61893],[128.84614,36.61904],[128.84618,36.61917],[128.84628,36.61932],[128.84653,36.61951],[128.84695,36.61979],[128.84737,36.62009],[128.8476,36.62033],[128.84807,36.6209],[128.84837,36.62135],[128.84856,36.62184],[128.84858,36.62204],[128.84848,36.62275],[128.84823,36.62307],[128.84774,36.6235],[128.84748,36.62363],[128.84533,36.62463],[128.84234,36.62603],[128.84084,36.62694],[128.84003,36.62747],[128.83954,36.62784],[128.83772,36.62942],[128.83758,36.62958],[128.83747,36.62972],[128.83737,36.62991],[128.83641,36.63246],[128.83634,36.6327],[128.83606,36.6336],[128.83593,36.63404],[128.83586,36.6343],[128.83567,36.63542],[128.83556,36.63637],[128.83555,36.63657],[128.83555,36.63678],[128.83558,36.63699],[128.8356,36.63707],[128.83565,36.6372],[128.83574,36.63735],[128.83581,36.63743],[128.83593,36.63757],[128.83613,36.63772],[128.83629,36.63779],[128.83651,36.63786],[128.8368,36.63793],[128.83697,36.63795],[128.83764,36.63799],[128.83858,36.63798],[128.83953,36.63788],[128.84121,36.63762],[128.84203,36.6375],[128.8441,36.63718],[128.84676,36.63678],[128.84707,36.63673],[128.84738,36.63671],[128.84759,36.63671],[128.84774,36.63673],[128.84805,36.63678],[128.84843,36.63685],[128.84873,36.6369],[128.849,36.63697],[128.84918,36.63701],[128.84929,36.63704],[128.84945,36.63711],[128.84961,36.63717],[128.84974,36.63725],[128.84989,36.63735],[128.85,36.63745],[128.85032,36.63777],[128.85055,36.63807],[128.85078,36.63848],[128.85096,36.63891],[128.85104,36.63915],[128.85112,36.63945],[128.85117,36.63972],[128.8512,36.63994],[128.85126,36.64054],[128.85127,36.64104],[128.85123,36.64183],[128.85118,36.6425],[128.85109,36.6437],[128.85107,36.64395],[128.85101,36.64497],[128.85089,36.64702],[128.85086,36.6475],[128.85085,36.64783],[128.85079,36.64912],[128.85079,36.64922],[128.85079,36.64935],[128.8508,36.64963],[128.85082,36.64993],[128.85093,36.6512],[128.85105,36.65245],[128.85111,36.65303],[128.85118,36.65359],[128.85122,36.65386],[128.85124,36.65405],[128.85125,36.65432],[128.85126,36.65473],[128.85125,36.65578],[128.85124,36.65598],[128.85119,36.65625],[128.85112,36.65646],[128.85103,36.65666],[128.85092,36.65685],[128.85083,36.65697],[128.85072,36.6571],[128.85053,36.65726],[128.85026,36.65744],[128.84984,36.65767],[128.84955,36.65781],[128.84933,36.65788],[128.84852,36.65808],[128.84803,36.65819],[128.84787,36.65822],[128.84774,36.65824],[128.84606,36.65841],[128.84483,36.65853],[128.84353,36.65865],[128.84228,36.65888],[128.8413,36.65919],[128.84093,36.65933],[128.84047,36.65954],[128.8402,36.65968],[128.83984,36.65987],[128.83919,36.66025],[128.83884,36.6605],[128.83852,36.66076],[128.8383,36.66095],[128.83787,36.66147],[128.83741,36.6621],[128.83685,36.66299],[128.83682,36.66304],[128.83669,36.66326],[128.83638,36.66385],[128.83596,36.66472],[128.83515,36.66663],[128.83447,36.66828],[128.8343,36.66877],[128.83417,36.66921],[128.83403,36.6697],[128.83396,36.66999],[128.8339,36.6702],[128.83373,36.67086],[128.83363,36.67133],[128.83339,36.67213],[128.8332,36.67259],[128.8329,36.67302],[128.83246,36.6734],[128.83196,36.67367],[128.83159,36.67386],[128.83122,36.67401],[128.83073,36.67416],[128.83041,36.67423],[128.82998,36.6743],[128.82934,36.67439],[128.82887,36.67445],[128.82814,36.6745],[128.82739,36.67448],[128.82601,36.67436],[128.82581,36.67434],[128.82532,36.67428],[128.82478,36.6742],[128.82428,36.67412],[128.82361,36.67401],[128.82274,36.67387],[128.82268,36.67386],[128.82258,36.67386],[128.82245,36.67386],[128.82222,36.67389],[128.82138,36.674],[128.82117,36.67404],[128.81976,36.67472],[128.81954,36.67485],[128.8191,36.67514],[128.81886,36.67534],[128.81865,36.67558],[128.81764,36.67685],[128.81694,36.67773],[128.8168,36.67791],[128.81674,36.67805],[128.81672,36.67816],[128.81671,36.67825],[128.81672,36.67837],[128.81675,36.67861],[128.81678,36.67874],[128.81685,36.67893],[128.81692,36.67906],[128.81701,36.67915],[128.81713,36.67926],[128.81725,36.67933],[128.81735,36.67938],[128.81752,36.67944],[128.81828,36.67967],[128.81903,36.67999],[128.81945,36.68023],[128.8198,36.68064],[128.8199,36.68089],[128.81996,36.68109],[128.81986,36.68313],[128.81974,36.68575],[128.81944,36.69062],[128.81938,36.69101],[128.81935,36.69112],[128.81932,36.69125],[128.81919,36.69156],[128.81913,36.69169],[128.81906,36.69181],[128.8189,36.69205],[128.81882,36.69215],[128.81868,36.69226],[128.81955,36.69275],[128.8197,36.69284],[128.81984,36.69291],[128.82005,36.69298],[128.82026,36.69306],[128.82063,36.69318],[128.8208,36.69323],[128.82098,36.69329],[128.82115,36.69334],[128.82153,36.69344],[128.82171,36.69349],[128.82192,36.69354],[128.82211,36.69357],[128.82229,36.6936],[128.82301,36.69371],[128.82327,36.69374],[128.82352,36.69377],[128.82376,36.6938],[128.824,36.69381],[128.82423,36.69382],[128.82449,36.69383],[128.82473,36.69382],[128.82579,36.69381],[128.8273,36.69373],[128.82823,36.69364],[128.82852,36.6936],[128.82893,36.69354],[128.82969,36.69342],[128.83064,36.69324],[128.83268,36.6928],[128.83401,36.69247],[128.83488,36.69224],[128.83666,36.69176],[128.83841,36.69125],[128.83867,36.69116],[128.83974,36.69077],[128.84082,36.69036],[128.84109,36.69026],[128.84246,36.68974],[128.84677,36.68816],[128.8499,36.68702],[128.85184,36.68654],[128.85235,36.68646],[128.8527,36.68648],[128.85276,36.68649],[128.8528,36.68649],[128.85291,36.68653],[128.8531,36.68662],[128.85333,36.68675],[128.85348,36.68685],[128.85371,36.68702],[128.85394,36.6872],[128.85416,36.68739],[128.85457,36.68775],[128.85478,36.68794],[128.85536,36.68855],[128.85584,36.68917],[128.85641,36.69008],[128.85677,36.69116],[128.85678,36.69122],[128.85678,36.69133],[128.85678,36.69147],[128.85677,36.69164],[128.85675,36.69177],[128.85672,36.69186],[128.8566,36.69211],[128.85648,36.69237],[128.85524,36.69479],[128.85433,36.69606],[128.8542,36.69622],[128.854,36.69644],[128.85367,36.69677],[128.85351,36.69692],[128.85334,36.69706],[128.85317,36.69719],[128.85301,36.6973],[128.85284,36.6974],[128.85268,36.6975],[128.85009,36.69901],[128.84986,36.69913],[128.84963,36.69924],[128.8494,36.69935],[128.84892,36.69957],[128.84817,36.6999],[128.8479,36.70002],[128.8463,36.70054],[128.84601,36.70064],[128.84572,36.70073],[128.84213,36.7018],[128.84129,36.70206],[128.84072,36.70227],[128.84053,36.70236],[128.84042,36.70243],[128.84015,36.7026],[128.83997,36.70276],[128.83991,36.70283],[128.83986,36.70291],[128.84034,36.70941],[128.84069,36.71198],[128.84079,36.71255],[128.84085,36.71272],[128.84123,36.71352],[128.84185,36.71434],[128.84265,36.7154],[128.84269,36.71543],[128.84273,36.71546],[128.8428,36.7155],[128.84388,36.71583],[128.84435,36.71597],[128.84453,36.71599],[128.84465,36.71599],[128.84576,36.71594],[128.84581,36.71593],[128.84583,36.71591],[128.84588,36.71587],[128.84991,36.71242],[128.8505,36.71216],[128.85064,36.71212],[128.85399,36.71153],[128.85588,36.71137],[128.8582,36.71257],[128.86015,36.71362],[128.86019,36.71374],[128.86041,36.71442],[128.86045,36.71453],[128.8605,36.71459],[128.86056,36.71463],[128.86131,36.71505],[128.86141,36.71507],[128.86398,36.7156],[128.86622,36.71561],[128.86932,36.71462],[128.86938,36.7146],[128.86946,36.71456],[128.86951,36.7145],[128.8696,36.71437],[128.86963,36.71426],[128.86997,36.71299],[128.86994,36.71217],[128.87211,36.71228],[128.87342,36.71243],[128.87359,36.71249],[128.87374,36.71255],[128.87478,36.71281],[128.87525,36.71292],[128.87676,36.71326],[128.87689,36.71329],[128.87857,36.71353],[128.88158,36.7138],[128.88161,36.7138],[128.88175,36.71378],[128.88186,36.71376],[128.88277,36.71355],[128.88289,36.71352],[128.88307,36.71346],[128.88342,36.71334],[128.884,36.7131],[128.88415,36.71303],[128.8843,36.71294],[128.88434,36.71291],[128.88439,36.71286],[128.88443,36.71281],[128.88445,36.71274],[128.88447,36.7127],[128.88448,36.71264],[128.8845,36.71248],[128.88452,36.71231],[128.88453,36.71215],[128.88453,36.71206],[128.88457,36.712],[128.88462,36.71199],[128.88672,36.71161],[128.88944,36.7112],[128.88957,36.71119],[128.88966,36.71119],[128.89109,36.71137],[128.89126,36.71142],[128.89686,36.7094],[128.89692,36.7094],[128.89709,36.70941],[128.8973,36.70943],[128.89739,36.70945],[128.89931,36.71],[128.89997,36.71022],[128.90117,36.71071],[128.9015,36.71093],[128.90187,36.7112],[128.9023,36.71151],[128.90393,36.71273],[128.90416,36.71305],[128.9042,36.71311],[128.90423,36.71316],[128.90423,36.71321],[128.90433,36.71911],[128.90433,36.71944],[128.90432,36.71956],[128.90427,36.71975],[128.90422,36.71985],[128.90419,36.7199],[128.90415,36.71994],[128.90314,36.72117],[128.90119,36.72305],[128.90115,36.72308],[128.90094,36.72327],[128.90088,36.72332],[128.90011,36.72584],[128.90113,36.72717],[128.90177,36.72808],[128.90218,36.72874],[128.9022,36.72878],[128.90227,36.72892],[128.90252,36.72999],[128.90256,36.73017],[128.90255,36.73029],[128.90253,36.73037],[128.90227,36.73082],[128.90182,36.73177],[128.9018,36.73181],[128.90183,36.73188],[128.9019,36.73199],[128.90236,36.73253],[128.90257,36.73275],[128.90281,36.733],[128.90679,36.7355],[128.90689,36.73556],[128.90696,36.73558],[128.90707,36.7356],[128.90719,36.7356],[128.90737,36.73559],[128.91059,36.73571],[128.91381,36.73598],[128.91401,36.736],[128.91408,36.73601],[128.91425,36.73609],[128.91435,36.73616],[128.91508,36.73667],[128.91514,36.73671],[128.91523,36.73679],[128.9168,36.73845],[128.91692,36.73858],[128.91704,36.73873],[128.91711,36.73883],[128.91792,36.7402],[128.91798,36.74034],[128.91802,36.74045],[128.91805,36.7406],[128.91805,36.74065],[128.91805,36.74077],[128.91799,36.74089],[128.91781,36.74125],[128.91766,36.7415],[128.91754,36.7417],[128.91735,36.74219],[128.9173,36.74231],[128.91729,36.74235],[128.91729,36.7434],[128.91733,36.74346],[128.9174,36.74352],[128.91803,36.74402],[128.91888,36.74474],[128.91908,36.74499],[128.91912,36.74507],[128.91913,36.74517],[128.91829,36.75035],[128.91823,36.75053],[128.91815,36.75076],[128.91756,36.75236],[128.91719,36.75292],[128.91688,36.75346],[128.91679,36.75367],[128.91677,36.75376],[128.91679,36.75385],[128.9169,36.75395],[128.91778,36.7544],[128.91977,36.75539],[128.91994,36.75545],[128.92045,36.75555],[128.92113,36.7556],[128.92151,36.75568],[128.92179,36.7558],[128.92198,36.75595],[128.9221,36.75618],[128.92215,36.75645],[128.92212,36.75671],[128.92201,36.75688],[128.92163,36.7572],[128.92053,36.758],[128.92019,36.75829],[128.92013,36.75836],[128.92011,36.75846],[128.91994,36.76045],[128.92022,36.76182],[128.92036,36.7619],[128.92047,36.76199],[128.92072,36.76224],[128.92095,36.76252],[128.92105,36.76269],[128.92111,36.76287],[128.92113,36.76301],[128.92125,36.76466],[128.92127,36.76487],[128.92127,36.76513],[128.92125,36.76544],[128.9212,36.76567],[128.92064,36.76725],[128.92218,36.7677],[128.92523,36.76882],[128.92579,36.76904],[128.92605,36.76912],[128.92628,36.76912],[128.92652,36.76903],[128.92722,36.76864],[128.92793,36.76822],[128.92843,36.76801],[128.92925,36.76781],[128.92998,36.76772],[128.93033,36.76772],[128.93085,36.76781],[128.93128,36.76795],[128.93466,36.76935],[128.93567,36.76977],[128.93705,36.77045],[128.93815,36.77119],[128.93893,36.77169],[128.94184,36.77348],[128.9422,36.77369],[128.9424,36.77379],[128.94544,36.7735],[128.94662,36.77355],[128.9523,36.77141],[128.95435,36.77043],[128.95455,36.77031],[128.95697,36.7684],[128.9585,36.76632],[128.95874,36.76573],[128.95876,36.76551],[128.95873,36.76519],[128.95863,36.76449],[128.95857,36.76335],[128.95861,36.76308],[128.95867,36.76282],[128.9588,36.76254],[128.95903,36.76221],[128.96103,36.75943],[128.96236,36.75616],[128.96293,36.75462],[128.96367,36.7529],[128.96392,36.75234],[128.96398,36.75221],[128.96401,36.75216],[128.96408,36.75209],[128.96424,36.75203],[128.96441,36.75197],[128.96459,36.75192],[128.96563,36.75177],[128.96614,36.75175],[128.96639,36.75175],[128.96661,36.75175],[128.96675,36.75174],[128.96691,36.75169],[128.96703,36.75165],[128.96712,36.7516],[128.96719,36.75156],[128.96726,36.75149],[128.96737,36.7514],[128.96809,36.75069],[128.96815,36.75062],[128.96819,36.75057],[128.96846,36.74978],[128.96862,36.7493],[128.96975,36.74729],[128.96979,36.74723],[128.97561,36.7471],[128.97916,36.74624],[128.98253,36.74606],[128.98341,36.74643],[128.98462,36.74695],[128.98561,36.74734],[128.98736,36.74762],[128.98748,36.74762],[128.98847,36.74762],[128.98975,36.74721],[128.99016,36.74707]]]]}},{"type":"Feature","properties":{"code":"47170420","name":"도산면","parent":"47170"},"geometry":{"type":"MultiPolygon","coordinates":[[[[128.84121,36.80924],[128.84137,36.80779],[128.84172,36.80621],[128.84276,36.80441],[128.84338,36.8035],[128.84398,36.80306],[128.84475,36.80263],[128.84556,36.80235],[128.84608,36.80227],[128.8516,36.80174],[128.85269,36.8017],[128.85354,36.8017],[128.85431,36.80177],[128.85527,36.80192],[128.85568,36.80182],[128.86286,36.79947],[128.86322,36.79932],[128.86355,36.79915],[128.86383,36.79893],[128.86393,36.79871],[128.86467,36.79583],[128.86471,36.79563],[128.86462,36.79539],[128.86446,36.79487],[128.86442,36.79459],[128.86445,36.79442],[128.86472,36.79405],[128.86497,36.79379],[128.86805,36.79112],[128.86822,36.79097],[128.86837,36.79092],[128.87199,36.78861],[128.87201,36.78813],[128.87205,36.78745],[128.87214,36.78716],[128.87229,36.78681],[128.87274,36.78626],[128.87301,36.78596],[128.87331,36.78564],[128.87369,36.7854],[128.87479,36.78492],[128.87553,36.78468],[128.87854,36.78394],[128.88079,36.78426],[128.88456,36.78399],[128.88475,36.78396],[128.885,36.78383],[128.88539,36.78351],[128.88559,36.78323],[128.88563,36.78314],[128.88565,36.78306],[128.88562,36.78293],[128.88552,36.78283],[128.88536,36.7827],[128.88508,36.78252],[128.88489,36.7824],[128.88475,36.78225],[128.88465,36.78211],[128.88459,36.7819],[128.88456,36.78172],[128.88459,36.78147],[128.88524,36.77969],[128.88555,36.77898],[128.88604,36.77805],[128.88635,36.77769],[128.8871,36.77683],[128.88942,36.7742],[128.88959,36.77403],[128.88975,36.77389],[128.88998,36.77376],[128.89029,36.77362],[128.89059,36.77359],[128.89137,36.77353],[128.89947,36.77348],[128.90173,36.77433],[128.90361,36.77508],[128.90387,36.77522],[128.90408,36.77529],[128.9043,36.77531],[128.90904,36.7751],[128.90943,36.77508],[128.90973,36.775],[128.91263,36.77388],[128.91367,36.77288],[128.91371,36.77277],[128.91429,36.77163],[128.91452,36.77134],[128.91479,36.77109],[128.91639,36.76979],[128.91708,36.76924],[128.91732,36.76908],[128.91988,36.76759],[128.92037,36.76735],[128.92064,36.76725],[128.9212,36.76567],[128.92125,36.76544],[128.92127,36.76513],[128.92127,36.76487],[128.92125,36.76466],[128.92113,36.76301],[128.92111,36.76287],[128.92105,36.76269],[128.92095,36.76252],[128.92072,36.76224],[128.92047,36.76199],[128.92036,36.7619],[128.92022,36.76182],[128.91994,36.76045],[128.92011,36.75846],[128.92013,36.75836],[128.92019,36.75829],[128.92053,36.758],[128.92163,36.7572],[128.92201,36.75688],[128.92212,36.75671],[128.92215,36.75645],[128.9221,36.75618],[128.92198,36.75595],[128.92179,36.7558],[128.92151,36.75568],[128.92113,36.7556],[128.92045,36.75555],[128.91994,36.75545],[128.91977,36.75539],[128.91778,36.7544],[128.9169,36.75395],[128.91679,36.75385],[128.91677,36.75376],[128.91679,36.75367],[128.91688,36.75346],[128.91719,36.75292],[128.91756,36.75236],[128.91815,36.75076],[128.91823,36.75053],[128.91829,36.75035],[128.91913,36.74517],[128.91912,36.74507],[128.91908,36.74499],[128.91888,36.74474],[128.91803,36.74402],[128.9174,36.74352],[128.91733,36.74346],[128.91729,36.7434],[128.91729,36.74235],[128.9173,36.74231],[128.91735,36.74219],[128.91754,36.7417],[128.91766,36.7415],[128.91781,36.74125],[128.91799,36.74089],[128.91805,36.74077],[128.91805,36.74065],[128.91805,36.7406],[128.91802,36.74045],[128.91798,36.74034],[128.91792,36.7402],[128.91711,36.73883],[128.91704,36.73873],[128.91692,36.73858],[128.9168,36.73845],[128.91523,36.73679],[128.91514,36.73671],[128.91508,36.73667],[128.91435,36.73616],[128.91425,36.73609],[128.91408,36.73601],[128.91401,36.736],[128.91381,36.73598],[128.91059,36.73571],[128.90737,36.73559],[128.90719,36.7356],[128.90707,36.7356],[128.90696,36.73558],[128.90689,36.73556],[128.90679,36.7355],[128.90281,36.733],[128.90257,36.73275],[128.90236,36.73253],[128.9019,36.73199],[128.90183,36.73188],[128.9018,36.73181],[128.90182,36.73177],[128.90227,36.73082],[128.90253,36.73037],[128.90255,36.73029],[128.90256,36.73017],[128.90252,36.72999],[128.90227,36.72892],[128.9022,36.72878],[128.90218,36.72874],[128.90177,36.72808],[128.90113,36.72717],[128.90011,36.72584],[128.90088,36.72332],[128.90094,36.72327],[128.90115,36.72308],[128.90119,36.72305],[128.90314,36.72117],[128.90415,36.71994],[128.90419,36.7199],[128.90422,36.71985],[128.90427,36.71975],[128.90432,36.71956],[128.90433,36.71944],[128.90433,36.71911],[128.90423,36.71321],[128.90423,36.71316],[128.9042,36.71311],[128.90416,36.71305],[128.90393,36.71273],[128.9023,36.71151],[128.90187,36.7112],[128.9015,36.71093],[128.90117,36.71071],[128.89997,36.71022],[128.89931,36.71],[128.89739,36.70945],[128.8973,36.70943],[128.89709,36.70941],[128.89692,36.7094],[128.89686,36.7094],[128.89126,36.71142],[128.89109,36.71137],[128.88966,36.71119],[128.88957,36.71119],[128.88944,36.7112],[128.88672,36.71161],[128.88462,36.71199],[128.88457,36.712],[128.88453,36.71206],[128.88453,36.71215],[128.88452,36.71231],[128.8845,36.71248],[128.88448,36.71264],[128.88447,36.7127],[128.88445,36.71274],[128.88443,36.71281],[128.88439,36.71286],[128.88434,36.71291],[128.8843,36.71294],[128.88415,36.71303],[128.884,36.7131],[128.88342,36.71334],[128.88307,36.71346],[128.88289,36.71352],[128.88277,36.71355],[128.88186,36.71376],[128.88175,36.71378],[128.88161,36.7138],[128.88158,36.7138],[128.87857,36.71353],[128.87689,36.71329],[128.87676,36.71326],[128.87525,36.71292],[128.87478,36.71281],[128.87374,36.71255],[128.87359,36.71249],[128.87342,36.71243],[128.87211,36.71228],[128.86994,36.71217],[128.86997,36.71299],[128.86963,36.71426],[128.8696,36.71437],[128.86951,36.7145],[128.86946,36.71456],[128.86938,36.7146],[128.86932,36.71462],[128.86622,36.71561],[128.86398,36.7156],[128.86141,36.71507],[128.86131,36.71505],[128.86056,36.71463],[128.8605,36.71459],[128.86045,36.71453],[128.86041,36.71442],[128.86019,36.71374],[128.86015,36.71362],[128.8582,36.71257],[128.85588,36.71137],[128.85399,36.71153],[128.85064,36.71212],[128.8505,36.71216],[128.84991,36.71242],[128.84588,36.71587],[128.84583,36.71591],[128.84581,36.71593],[128.84576,36.71594],[128.84465,36.71599],[128.84453,36.71599],[128.84435,36.71597],[128.84388,36.71583],[128.8428,36.7155],[128.84273,36.71546],[128.84269,36.71543],[128.84265,36.7154],[128.84185,36.71434],[128.84123,36.71352],[128.84085,36.71272],[128.84079,36.71255],[128.84069,36.71198],[128.84034,36.70941],[128.83986,36.70291],[128.83991,36.70283],[128.83997,36.70276],[128.84015,36.7026],[128.84042,36.70243],[128.84053,36.70236],[128.84072,36.70227],[128.84129,36.70206],[128.84213,36.7018],[128.84572,36.70073],[128.84601,36.70064],[128.8463,36.70054],[128.8479,36.70002],[128.84817,36.6999],[128.84892,36.69957],[128.8494,36.69935],[128.84963,36.69924],[128.84986,36.69913],[128.85009,36.69901],[128.85268,36.6975],[128.85284,36.6974],[128.85301,36.6973],[128.85317,36.69719],[128.85334,36.69706],[128.85351,36.69692],[128.85367,36.69677],[128.854,36.69644],[128.8542,36.69622],[128.85433,36.69606],[128.85524,36.69479],[128.85648,36.69237],[128.8566,36.69211],[128.85672,36.69186],[128.85675,36.69177],[128.85677,36.69164],[128.85678,36.69147],[128.85678,36.69133],[128.85678,36.69122],[128.85677,36.69116],[128.85641,36.69008],[128.85584,36.68917],[128.85536,36.68855],[128.85478,36.68794],[128.85457,36.68775],[128.85416,36.68739],[128.85394,36.6872],[128.85371,36.68702],[128.85348,36.68685],[128.85333,36.68675],[128.8531,36.68662],[128.85291,36.68653],[128.8528,36.68649],[128.85276,36.68649],[128.8527,36.68648],[128.85235,36.68646],[128.85184,36.68654],[128.8499,36.68702],[128.84677,36.68816],[128.84246,36.68974],[128.84109,36.69026],[128.84082,36.69036],[128.83974,36.69077],[128.83867,36.69116],[128.83841,36.69125],[128.83666,36.69176],[128.83488,36.69224],[128.83401,36.69247],[128.83268,36.6928],[128.83064,36.69324],[128.82969,36.69342],[128.82893,36.69354],[128.82852,36.6936],[128.82823,36.69364],[128.8273,36.69373],[128.82579,36.69381],[128.82473,36.69382],[128.82449,36.69383],[128.82423,36.69382],[128.824,36.69381],[128.82376,36.6938],[128.82352,36.69377],[128.82327,36.69374],[128.82301,36.69371],[128.82229,36.6936],[128.82211,36.69357],[128.82192,36.69354],[128.82171,36.69349],[128.82153,36.69344],[128.82115,36.69334],[128.82098,36.69329],[128.8208,36.69323],[128.82063,36.69318],[128.82026,36.69306],[128.82005,36.69298],[128.81984,36.69291],[128.8197,36.69284],[128.81955,36.69275],[128.81868,36.69226],[128.81795,36.69245],[128.81358,36.69196],[128.81268,36.69186],[128.81044,36.69159],[128.80691,36.69128],[128.80675,36.69133],[128.80652,36.69144],[128.80644,36.6915],[128.80634,36.69161],[128.80462,36.69454],[128.80429,36.69502],[128.80413,36.69525],[128.80397,36.69546],[128.80384,36.69559],[128.80377,36.69567],[128.80361,36.6958],[128.80347,36.69589],[128.80323,36.69602],[128.80306,36.69607],[128.80287,36.69611],[128.80268,36.69613],[128.80258,36.69612],[128.80246,36.69609],[128.80226,36.69601],[128.80209,36.69593],[128.80195,36.69583],[128.80147,36.69544],[128.7993,36.69358],[128.79913,36.6934],[128.79895,36.69322],[128.79881,36.69307],[128.79862,36.69285],[128.79826,36.69242],[128.79808,36.69221],[128.7979,36.69199],[128.79775,36.6918],[128.79762,36.6917],[128.79735,36.69154],[128.79707,36.69139],[128.79691,36.69134],[128.7968,36.69132],[128.79656,36.69131],[128.7957,36.69129],[128.79538,36.69128],[128.7951,36.69129],[128.7945,36.69132],[128.79414,36.69141],[128.79383,36.69169],[128.79319,36.69231],[128.7926,36.69288],[128.79249,36.693],[128.79238,36.69314],[128.79226,36.69331],[128.79211,36.69347],[128.79196,36.6936],[128.79182,36.69372],[128.79151,36.69391],[128.79132,36.69401],[128.79116,36.69408],[128.79091,36.69416],[128.79057,36.69423],[128.78989,36.69423],[128.78909,36.69414],[128.78832,36.69401],[128.78774,36.69387],[128.7875,36.69382],[128.78682,36.69361],[128.78658,36.69353],[128.78631,36.69341],[128.7851,36.69284],[128.78536,36.69298],[128.78553,36.6931],[128.78567,36.69324],[128.78571,36.69329],[128.78583,36.69342],[128.7862,36.69429],[128.7862,36.69438],[128.78546,36.6969],[128.78543,36.69694],[128.78538,36.69698],[128.78464,36.69742],[128.7839,36.69781],[128.78177,36.69972],[128.78172,36.69977],[128.78164,36.69987],[128.78158,36.69999],[128.78151,36.70019],[128.78149,36.70029],[128.78154,36.70264],[128.78154,36.70274],[128.78157,36.70281],[128.7837,36.70864],[128.78373,36.70869],[128.78375,36.70873],[128.78386,36.70883],[128.78398,36.70892],[128.78724,36.71107],[128.78872,36.71155],[128.79477,36.7134],[128.79485,36.71342],[128.79492,36.71342],[128.79506,36.7134],[128.79519,36.71336],[128.79808,36.71236],[128.80043,36.71157],[128.80057,36.71153],[128.8007,36.7115],[128.80087,36.71151],[128.80118,36.71153],[128.8015,36.71156],[128.80343,36.71175],[128.80363,36.7118],[128.80384,36.71188],[128.80583,36.71315],[128.80595,36.71324],[128.80668,36.71405],[128.80672,36.71411],[128.80673,36.71416],[128.8067,36.7143],[128.80668,36.71433],[128.80664,36.71437],[128.80657,36.71441],[128.80403,36.71512],[128.80185,36.71574],[128.80157,36.71584],[128.80137,36.71594],[128.80119,36.71607],[128.79958,36.71747],[128.79903,36.71821],[128.79875,36.71865],[128.79822,36.72013],[128.79551,36.72334],[128.79544,36.72341],[128.79531,36.72347],[128.79524,36.72349],[128.79517,36.7235],[128.79502,36.7235],[128.79493,36.72351],[128.79489,36.72352],[128.79483,36.72354],[128.79478,36.72361],[128.7943,36.72476],[128.79359,36.7267],[128.79353,36.72701],[128.79354,36.72715],[128.79355,36.72728],[128.79357,36.72734],[128.79371,36.72799],[128.79373,36.72804],[128.79377,36.72812],[128.7938,36.72817],[128.79384,36.72823],[128.79391,36.72832],[128.79396,36.72836],[128.79413,36.72851],[128.7943,36.7286],[128.79434,36.72863],[128.79438,36.72864],[128.79442,36.72865],[128.7948,36.72904],[128.79507,36.73156],[128.79512,36.73254],[128.79511,36.73257],[128.79508,36.73259],[128.79411,36.73303],[128.79363,36.73324],[128.79352,36.73327],[128.79348,36.73328],[128.79342,36.73331],[128.79337,36.73336],[128.79334,36.73341],[128.79307,36.73398],[128.79306,36.73405],[128.79365,36.7346],[128.79369,36.73463],[128.79509,36.73564],[128.7952,36.73571],[128.79526,36.73573],[128.79589,36.73583],[128.79625,36.73589],[128.79637,36.73593],[128.79644,36.73595],[128.79648,36.73598],[128.79811,36.73739],[128.79819,36.73746],[128.79824,36.73752],[128.79829,36.73757],[128.79832,36.73763],[128.79833,36.73768],[128.7984,36.7396],[128.79751,36.7412],[128.79678,36.74182],[128.79279,36.7423],[128.78994,36.7435],[128.78757,36.7446],[128.78753,36.74463],[128.78751,36.74465],[128.78749,36.74468],[128.78748,36.74472],[128.78748,36.74477],[128.78748,36.74485],[128.78748,36.74491],[128.78756,36.74529],[128.78761,36.74546],[128.78763,36.74555],[128.78771,36.74576],[128.78774,36.74587],[128.78778,36.74594],[128.78835,36.74679],[128.78838,36.74682],[128.78955,36.74782],[128.7906,36.74853],[128.79169,36.75053],[128.79298,36.75292],[128.79336,36.754],[128.79347,36.7546],[128.7935,36.75504],[128.79348,36.75535],[128.79342,36.75559],[128.79317,36.75607],[128.79291,36.7566],[128.79287,36.75684],[128.7929,36.75701],[128.79351,36.75854],[128.79443,36.7599],[128.79484,36.7605],[128.79518,36.76082],[128.79571,36.76129],[128.79555,36.76425],[128.79336,36.76934],[128.793,36.77002],[128.79176,36.77232],[128.79161,36.77243],[128.79112,36.77257],[128.79078,36.77262],[128.79063,36.77269],[128.79054,36.77282],[128.79057,36.77293],[128.79074,36.77316],[128.79235,36.77486],[128.79319,36.77558],[128.79362,36.77601],[128.79393,36.7764],[128.79441,36.77711],[128.79485,36.7782],[128.79505,36.77893],[128.79513,36.77945],[128.79509,36.77981],[128.795,36.78023],[128.79502,36.7804],[128.79509,36.78058],[128.79531,36.78084],[128.79561,36.78107],[128.79599,36.7813],[128.79675,36.7817],[128.79702,36.78182],[128.80049,36.78309],[128.80069,36.78311],[128.8019,36.78314],[128.80222,36.78314],[128.80248,36.7831],[128.80276,36.78294],[128.80301,36.78272],[128.80339,36.78247],[128.80382,36.78239],[128.80424,36.78239],[128.80456,36.78253],[128.80516,36.7829],[128.80651,36.78389],[128.80731,36.7845],[128.8077,36.78478],[128.80793,36.78493],[128.80826,36.78505],[128.80861,36.78509],[128.80896,36.78507],[128.80954,36.78494],[128.81034,36.78473],[128.81061,36.78472],[128.81084,36.78482],[128.81122,36.7851],[128.81247,36.7861],[128.81258,36.78622],[128.81334,36.78795],[128.81343,36.78829],[128.81345,36.78852],[128.81331,36.78881],[128.813,36.78928],[128.81251,36.79002],[128.81233,36.79056],[128.81228,36.79087],[128.81225,36.79118],[128.81215,36.79315],[128.81221,36.79495],[128.81236,36.7955],[128.81263,36.79552],[128.81302,36.79568],[128.81334,36.79596],[128.81778,36.80034],[128.81893,36.80184],[128.82051,36.80516],[128.82064,36.80546],[128.82067,36.80583],[128.82052,36.80624],[128.82003,36.80744],[128.81952,36.80968],[128.81955,36.80999],[128.81969,36.81027],[128.81995,36.81047],[128.82058,36.81064],[128.82403,36.81087],[128.82428,36.81088],[128.82464,36.81087],[128.8253,36.81071],[128.82628,36.81019],[128.82681,36.80997],[128.82724,36.80985],[128.82982,36.80969],[128.8399,36.80915],[128.84121,36.80924]]]]}},{"type":"Feature","properties":{"code":"47170430","name":"녹전면","parent":"47170"},"geometry":{"type":"MultiPolygon","coordinates":[[[[128.81236,36.7955],[128.81221,36.79495],[128.81215,36.79315],[128.81225,36.79118],[128.81228,36.79087],[128.81233,36.79056],[128.81251,36.79002],[128.813,36.78928],[128.81331,36.78881],[128.81345,36.78852],[128.81343,36.78829],[128.81334,36.78795],[128.81258,36.78622],[128.81247,36.7861],[128.81122,36.7851],[128.81084,36.78482],[128.81061,36.78472],[128.81034,36.78473],[128.80954,36.78494],[128.80896,36.78507],[128.80861,36.78509],[128.80826,36.78505],[128.80793,36.78493],[128.8077,36.78478],[128.80731,36.7845],[128.80651,36.78389],[128.80516,36.7829],[128.80456,36.78253],[128.80424,36.78239],[128.80382,36.78239],[128.80339,36.78247],[128.80301,36.78272],[128.80276,36.78294],[128.80248,36.7831],[128.80222,36.78314],[128.8019,36.78314],[128.80069,36.78311],[128.80049,36.78309],[128.79702,36.78182],[128.79675,36.7817],[128.79599,36.7813],[128.79561,36.78107],[128.79531,36.78084],[128.79509,36.78058],[128.79502,36.7804],[128.795,36.78023],[128.79509,36.77981],[128.79513,36.77945],[128.79505,36.77893],[128.79485,36.7782],[128.79441,36.77711],[128.79393,36.7764],[128.79362,36.77601],[128.79319,36.77558],[128.79235,36.77486],[128.79074,36.77316],[128.79057,36.77293],[128.79054,36.77282],[128.79063,36.77269],[128.79078,36.77262],[128.79112,36.77257],[128.79161,36.77243],[128.79176,36.77232],[128.793,36.77002],[128.79336,36.76934],[128.79555,36.76425],[128.79571,36.76129],[128.79518,36.76082],[128.79484,36.7605],[128.79443,36.7599],[128.79351,36.75854],[128.7929,36.75701],[128.79287,36.75684],[128.79291,36.7566],[128.79317,36.75607],[128.79342,36.75559],[128.79348,36.75535],[128.7935,36.75504],[128.79347,36.7546],[128.79336,36.754],[128.79298,36.75292],[128.79169,36.75053],[128.7906,36.74853],[128.78955,36.74782],[128.78838,36.74682],[128.78835,36.74679],[128.78778,36.74594],[128.78774,36.74587],[128.78771,36.74576],[128.78763,36.74555],[128.78761,36.74546],[128.78756,36.74529],[128.78748,36.74491],[128.78748,36.74485],[128.78748,36.74477],[128.78748,36.74472],[128.78749,36.74468],[128.78751,36.74465],[128.78753,36.74463],[128.78757,36.7446],[128.78994,36.7435],[128.79279,36.7423],[128.79678,36.74182],[128.79751,36.7412],[128.7984,36.7396],[128.79833,36.73768],[128.79832,36.73763],[128.79829,36.73757],[128.79824,36.73752],[128.79819,36.73746],[128.79811,36.73739],[128.79648,36.73598],[128.79644,36.73595],[128.79637,36.73593],[128.79625,36.73589],[128.79589,36.73583],[128.79526,36.73573],[128.7952,36.73571],[128.79509,36.73564],[128.79369,36.73463],[128.79365,36.7346],[128.79306,36.73405],[128.79307,36.73398],[128.79334,36.73341],[128.79337,36.73336],[128.79342,36.73331],[128.79348,36.73328],[128.79352,36.73327],[128.79363,36.73324],[128.79411,36.73303],[128.79508,36.73259],[128.79511,36.73257],[128.79512,36.73254],[128.79507,36.73156],[128.7948,36.72904],[128.79442,36.72865],[128.79438,36.72864],[128.79434,36.72863],[128.7943,36.7286],[128.79413,36.72851],[128.79396,36.72836],[128.79391,36.72832],[128.79384,36.72823],[128.7938,36.72817],[128.79377,36.72812],[128.79373,36.72804],[128.79371,36.72799],[128.79357,36.72734],[128.79355,36.72728],[128.79354,36.72715],[128.79353,36.72701],[128.79359,36.7267],[128.7943,36.72476],[128.79478,36.72361],[128.79483,36.72354],[128.79489,36.72352],[128.79493,36.72351],[128.79502,36.7235],[128.79517,36.7235],[128.79524,36.72349],[128.79531,36.72347],[128.79544,36.72341],[128.79551,36.72334],[128.79822,36.72013],[128.79875,36.71865],[128.79903,36.71821],[128.79958,36.71747],[128.80119,36.71607],[128.80137,36.71594],[128.80157,36.71584],[128.80185,36.71574],[128.80403,36.71512],[128.80657,36.71441],[128.80664,36.71437],[128.80668,36.71433],[128.8067,36.7143],[128.80673,36.71416],[128.80672,36.71411],[128.80668,36.71405],[128.80595,36.71324],[128.80583,36.71315],[128.80384,36.71188],[128.80363,36.7118],[128.80343,36.71175],[128.8015,36.71156],[128.80118,36.71153],[128.80087,36.71151],[128.8007,36.7115],[128.80057,36.71153],[128.80043,36.71157],[128.79808,36.71236],[128.79519,36.71336],[128.79506,36.7134],[128.79492,36.71342],[128.79485,36.71342],[128.79477,36.7134],[128.78872,36.71155],[128.78724,36.71107],[128.78398,36.70892],[128.78386,36.70883],[128.78375,36.70873],[128.78373,36.70869],[128.7837,36.70864],[128.78157,36.70281],[128.78154,36.70274],[128.78154,36.70264],[128.78149,36.70029],[128.78151,36.70019],[128.78158,36.69999],[128.78164,36.69987],[128.78172,36.69977],[128.78177,36.69972],[128.7839,36.69781],[128.78464,36.69742],[128.78538,36.69698],[128.78543,36.69694],[128.78546,36.6969],[128.7862,36.69438],[128.7862,36.69429],[128.78583,36.69342],[128.78571,36.69329],[128.78567,36.69324],[128.78553,36.6931],[128.78536,36.69298],[128.7851,36.69284],[128.78475,36.68975],[128.78472,36.68966],[128.78465,36.68951],[128.7835,36.68746],[128.78268,36.68652],[128.78123,36.68674],[128.77857,36.68684],[128.7785,36.68683],[128.77837,36.6868],[128.77823,36.68674],[128.77637,36.68602],[128.77634,36.686],[128.77633,36.68597],[128.77633,36.68549],[128.77634,36.68529],[128.77637,36.68519],[128.77658,36.68452],[128.77665,36.68438],[128.77672,36.68428],[128.77681,36.68418],[128.77691,36.68408],[128.77698,36.68401],[128.77705,36.68387],[128.77713,36.68367],[128.77743,36.68294],[128.77743,36.6829],[128.77742,36.68287],[128.77552,36.67973],[128.77543,36.67964],[128.77403,36.67881],[128.77395,36.67879],[128.77389,36.67878],[128.77224,36.67854],[128.77211,36.67853],[128.77197,36.67854],[128.77188,36.67857],[128.76776,36.67976],[128.76638,36.68028],[128.76628,36.68033],[128.76622,36.68038],[128.76618,36.68043],[128.76616,36.6805],[128.76617,36.68058],[128.76621,36.68073],[128.76631,36.68096],[128.76638,36.68112],[128.76644,36.68132],[128.76646,36.68139],[128.76647,36.68143],[128.76647,36.68156],[128.76646,36.68163],[128.76644,36.68166],[128.7664,36.68168],[128.76614,36.68182],[128.76447,36.68267],[128.76438,36.68271],[128.76434,36.68271],[128.76429,36.68271],[128.76327,36.68259],[128.76323,36.68258],[128.7632,36.68256],[128.76316,36.68253],[128.76314,36.68242],[128.76296,36.68198],[128.76246,36.68112],[128.76242,36.68108],[128.76238,36.68107],[128.76227,36.68105],[128.76207,36.68104],[128.76083,36.68109],[128.76072,36.6811],[128.76061,36.68112],[128.76044,36.68116],[128.75293,36.68324],[128.75289,36.68325],[128.75226,36.68353],[128.75221,36.68356],[128.75209,36.68364],[128.75196,36.68374],[128.75188,36.68382],[128.7508,36.68514],[128.75042,36.68586],[128.75041,36.68596],[128.75038,36.68604],[128.75021,36.68646],[128.75017,36.68651],[128.75011,36.68657],[128.74923,36.68737],[128.74872,36.68772],[128.74861,36.68779],[128.74856,36.68781],[128.74801,36.68799],[128.74521,36.69066],[128.74515,36.69073],[128.74505,36.69085],[128.74504,36.69093],[128.74506,36.69099],[128.74522,36.69127],[128.74541,36.69184],[128.74543,36.6919],[128.74548,36.69217],[128.7455,36.69228],[128.74551,36.69234],[128.74547,36.6924],[128.74545,36.69244],[128.74539,36.69254],[128.74528,36.6927],[128.74507,36.69297],[128.745,36.69304],[128.74491,36.69311],[128.74457,36.69333],[128.74451,36.69337],[128.7444,36.69341],[128.74431,36.69344],[128.74279,36.69388],[128.74112,36.6966],[128.74112,36.69678],[128.74111,36.69692],[128.74108,36.69698],[128.7409,36.69741],[128.74087,36.69746],[128.74042,36.69801],[128.74039,36.69804],[128.74034,36.69809],[128.73806,36.6998],[128.73655,36.70023],[128.73647,36.70025],[128.73625,36.70027],[128.73607,36.70029],[128.73587,36.70031],[128.73572,36.70033],[128.73444,36.70042],[128.73514,36.70151],[128.73649,36.70304],[128.7366,36.70309],[128.73773,36.70377],[128.7378,36.70384],[128.73783,36.70391],[128.73743,36.70581],[128.73619,36.70732],[128.73415,36.70957],[128.73393,36.70975],[128.73379,36.70984],[128.73353,36.70999],[128.73327,36.71011],[128.73201,36.71061],[128.73176,36.71064],[128.7314,36.71063],[128.73123,36.71061],[128.73106,36.71059],[128.73096,36.7106],[128.73092,36.71062],[128.73021,36.71153],[128.73017,36.7116],[128.72952,36.71295],[128.72921,36.71366],[128.72913,36.71383],[128.72913,36.71387],[128.72912,36.71395],[128.72912,36.71401],[128.72917,36.71417],[128.73042,36.7177],[128.73085,36.71869],[128.73088,36.71872],[128.73091,36.71874],[128.73098,36.71877],[128.73118,36.71882],[128.7313,36.71885],[128.73378,36.72093],[128.73565,36.7245],[128.73575,36.7247],[128.73581,36.72492],[128.73587,36.72516],[128.73587,36.72524],[128.73533,36.7268],[128.73473,36.72757],[128.73466,36.72764],[128.73453,36.72773],[128.73436,36.72783],[128.73411,36.72797],[128.7339,36.72805],[128.73372,36.72807],[128.73337,36.72804],[128.73315,36.72806],[128.73298,36.7281],[128.73273,36.7282],[128.73244,36.72833],[128.73232,36.72841],[128.73222,36.72849],[128.73216,36.72857],[128.73206,36.72874],[128.73188,36.72909],[128.73189,36.72917],[128.73203,36.72961],[128.73261,36.73127],[128.73417,36.73543],[128.73646,36.73895],[128.73693,36.74183],[128.73692,36.74192],[128.73728,36.74413],[128.73729,36.74419],[128.74144,36.74872],[128.74285,36.74981],[128.74288,36.74989],[128.74289,36.75],[128.74301,36.75498],[128.74298,36.75553],[128.74295,36.75572],[128.74294,36.75576],[128.73781,36.76189],[128.73753,36.76213],[128.73748,36.76217],[128.73743,36.7622],[128.73697,36.76238],[128.73649,36.76247],[128.73609,36.76253],[128.73569,36.76255],[128.73556,36.76257],[128.73545,36.76261],[128.73537,36.76269],[128.73534,36.76275],[128.73533,36.76281],[128.73552,36.76363],[128.73558,36.76388],[128.73623,36.76626],[128.73628,36.76636],[128.73643,36.76656],[128.73653,36.76665],[128.73664,36.76669],[128.73703,36.76674],[128.73754,36.76708],[128.73777,36.76723],[128.73785,36.76732],[128.73914,36.76877],[128.74334,36.77425],[128.74468,36.77635],[128.74538,36.77744],[128.74537,36.77756],[128.74534,36.77767],[128.74531,36.77773],[128.74521,36.77787],[128.74509,36.77799],[128.74501,36.77807],[128.74495,36.7781],[128.7449,36.77811],[128.7448,36.77812],[128.74472,36.77812],[128.74441,36.77813],[128.74395,36.77818],[128.74381,36.77823],[128.7437,36.77827],[128.7432,36.77854],[128.74122,36.77988],[128.73643,36.78318],[128.73631,36.78329],[128.73618,36.78353],[128.73609,36.78383],[128.7361,36.78418],[128.73686,36.79105],[128.73689,36.7912],[128.73699,36.79158],[128.73703,36.79166],[128.73706,36.79172],[128.73715,36.79179],[128.73727,36.79184],[128.73733,36.79186],[128.73744,36.79187],[128.73756,36.79187],[128.73773,36.79186],[128.73791,36.79183],[128.73812,36.79175],[128.73827,36.79168],[128.73842,36.79159],[128.73892,36.79122],[128.73943,36.79085],[128.74015,36.79038],[128.74029,36.79029],[128.74033,36.79028],[128.74039,36.79029],[128.74046,36.79032],[128.74071,36.79049],[128.74095,36.79066],[128.74114,36.79081],[128.74187,36.79144],[128.74196,36.79158],[128.74205,36.7918],[128.74257,36.79315],[128.74279,36.79398],[128.74338,36.79613],[128.74323,36.79818],[128.74323,36.7983],[128.74324,36.79842],[128.74327,36.79856],[128.74338,36.79874],[128.7436,36.79909],[128.74381,36.7994],[128.74434,36.80003],[128.74454,36.80024],[128.74479,36.8005],[128.74489,36.80065],[128.7449,36.80067],[128.74542,36.80186],[128.74547,36.80206],[128.746,36.80411],[128.74604,36.8044],[128.74605,36.80445],[128.74625,36.80581],[128.74628,36.80607],[128.74631,36.80635],[128.74641,36.80672],[128.74652,36.80706],[128.74775,36.80874],[128.74813,36.80906],[128.74862,36.80902],[128.74904,36.80897],[128.74958,36.80877],[128.75005,36.80846],[128.75063,36.80799],[128.75115,36.80751],[128.75147,36.80729],[128.75196,36.80714],[128.7525,36.80712],[128.75497,36.80755],[128.75509,36.80761],[128.75517,36.80765],[128.75547,36.808],[128.75549,36.80839],[128.75559,36.80901],[128.75572,36.80928],[128.75608,36.80959],[128.7565,36.80985],[128.75697,36.80997],[128.75768,36.81009],[128.75802,36.81012],[128.75841,36.81011],[128.75844,36.8101],[128.75869,36.81002],[128.76006,36.80913],[128.76083,36.80853],[128.76207,36.80753],[128.76219,36.8074],[128.7631,36.80624],[128.76313,36.80614],[128.76315,36.80607],[128.7634,36.80441],[128.76344,36.80381],[128.76333,36.80311],[128.76318,36.80244],[128.76318,36.80208],[128.76331,36.80181],[128.76343,36.80168],[128.76369,36.80158],[128.76394,36.8016],[128.76444,36.80174],[128.7647,36.80187],[128.76518,36.80211],[128.76618,36.80277],[128.76764,36.80399],[128.76874,36.80499],[128.76936,36.80536],[128.76992,36.80561],[128.77047,36.80582],[128.77134,36.806],[128.77261,36.80605],[128.77327,36.80597],[128.77699,36.80506],[128.78131,36.8074],[128.78159,36.8076],[128.78167,36.80777],[128.78177,36.80855],[128.78184,36.80926],[128.78198,36.80952],[128.78214,36.80963],[128.78678,36.81247],[128.79049,36.81425],[128.79277,36.81406],[128.79297,36.81407],[128.79332,36.81418],[128.79367,36.81445],[128.79415,36.81491],[128.79883,36.82012],[128.80016,36.82196],[128.80052,36.82238],[128.8009,36.82266],[128.80143,36.82295],[128.80208,36.82309],[128.80274,36.82316],[128.80327,36.82314],[128.80382,36.82306],[128.80416,36.82292],[128.80424,36.82288],[128.80478,36.82259],[128.80515,36.82232],[128.80583,36.82169],[128.80618,36.82124],[128.80638,36.82089],[128.80643,36.82056],[128.80629,36.81773],[128.80617,36.81746],[128.80562,36.81686],[128.80519,36.81639],[128.80485,36.81587],[128.80472,36.81459],[128.80367,36.81251],[128.80326,36.81124],[128.80311,36.81075],[128.80274,36.8082],[128.80274,36.80811],[128.80274,36.80805],[128.80276,36.80785],[128.80345,36.80621],[128.80355,36.806],[128.80374,36.80584],[128.80447,36.80552],[128.80478,36.80539],[128.80504,36.80523],[128.80541,36.80485],[128.80579,36.8042],[128.80594,36.80387],[128.80675,36.80206],[128.80683,36.80181],[128.80688,36.80133],[128.80702,36.80093],[128.80719,36.80062],[128.80841,36.79934],[128.81166,36.79595],[128.81172,36.7959],[128.81206,36.79562],[128.81236,36.7955]]]]}},{"type":"Feature","properties":{"code":"47170510","name":"중구동","parent":"47170"},"geometry":{"type":"MultiPolygon","coordinates":[[[[128.77935,36.58325],[128.77543,36.58608],[128.7748,36.58628],[128.77363,36.58633],[128.77238,36.58615],[128.76925,36.58465],[128.76649,36.58269],[128.7647,36.58041],[128.76001,36.57532],[128.75974,36.5751],[128.75596,36.57205],[128.75397,36.57035],[128.75215,36.5688],[128.75143,36.56794],[128.75095,36.56754],[128.74885,36.56584],[128.74814,36.56528],[128.73958,36.55959],[128.73756,36.55837],[128.73727,36.55849],[128.73697,36.5586],[128.7357,36.5583],[128.72957,36.55687],[128.72951,36.55685],[128.72898,36.55668],[128.72723,36.55615],[128.72718,36.55614],[128.72632,36.55888],[128.72621,36.55923],[128.72608,36.56401],[128.72633,36.56525],[128.72677,36.56681],[128.72719,36.56771],[128.72728,36.56786],[128.72738,36.56797],[128.72765,36.56811],[128.72919,36.56748],[128.72935,36.56746],[128.7298,36.56744],[128.73394,36.56936],[128.73433,36.56973],[128.73433,36.56994],[128.73442,36.57044],[128.73453,36.57072],[128.73459,36.57081],[128.73469,36.57089],[128.73479,36.57098],[128.73501,36.57118],[128.73541,36.57146],[128.73616,36.5717],[128.73638,36.57174],[128.73642,36.57175],[128.73879,36.57215],[128.74701,36.57094],[128.74774,36.56977],[128.74933,36.56789],[128.75158,36.56987],[128.7528,36.57095],[128.75601,36.5743],[128.75736,36.57642],[128.7572,36.57669],[128.75711,36.5768],[128.75651,36.57761],[128.75637,36.57825],[128.7567,36.5794],[128.75713,36.57984],[128.75781,36.5802],[128.75825,36.58062],[128.75893,36.58192],[128.75887,36.58236],[128.75838,36.58401],[128.75919,36.58485],[128.75937,36.58495],[128.75942,36.58497],[128.76308,36.58641],[128.76581,36.58818],[128.76787,36.59028],[128.76788,36.59042],[128.76794,36.59063],[128.76807,36.59109],[128.76821,36.59135],[128.76836,36.59149],[128.76866,36.5917],[128.76883,36.59179],[128.7696,36.59211],[128.76974,36.59216],[128.77049,36.59218],[128.771,36.59214],[128.77151,36.5921],[128.77203,36.59201],[128.77273,36.59186],[128.77319,36.59176],[128.77505,36.59116],[128.77598,36.59112],[128.77751,36.59112],[128.77861,36.59124],[128.77921,36.59131],[128.77964,36.59119],[128.77994,36.59109],[128.78009,36.59102],[128.78032,36.59089],[128.78051,36.59077],[128.78239,36.58958],[128.7825,36.58949],[128.78259,36.58941],[128.78354,36.5882],[128.78402,36.58739],[128.78412,36.58719],[128.78423,36.58698],[128.78433,36.58674],[128.78439,36.58655],[128.78442,36.58641],[128.78441,36.58615],[128.78437,36.58605],[128.78422,36.58581],[128.78407,36.58566],[128.78393,36.58553],[128.78242,36.58424],[128.78217,36.58403],[128.78201,36.58393],[128.78185,36.58385],[128.78172,36.5838],[128.77935,36.58325]]]]}},{"type":"Feature","properties":{"code":"47170520","name":"명륜동","parent":"47170"},"geometry":{"type":"MultiPolygon","coordinates":[[[[128.75838,36.58401],[128.75887,36.58236],[128.75893,36.58192],[128.75825,36.58062],[128.75781,36.5802],[128.75713,36.57984],[128.7567,36.5794],[128.75637,36.57825],[128.75651,36.57761],[128.75711,36.5768],[128.7572,36.57669],[128.75736,36.57642],[128.75601,36.5743],[128.7528,36.57095],[128.75158,36.56987],[128.74933,36.56789],[128.74774,36.56977],[128.74701,36.57094],[128.73879,36.57215],[128.73642,36.57175],[128.73638,36.57174],[128.73616,36.5717],[128.73541,36.57146],[128.73501,36.57118],[128.73479,36.57098],[128.73469,36.57089],[128.73459,36.57081],[128.73453,36.57072],[128.73442,36.57044],[128.73433,36.56994],[128.73433,36.56973],[128.73394,36.56936],[128.7298,36.56744],[128.72935,36.56746],[128.72919,36.56748],[128.72765,36.56811],[128.7276,36.56832],[128.72788,36.56995],[128.7279,36.57002],[128.72798,36.57012],[128.72802,36.57018],[128.72806,36.57021],[128.72816,36.57024],[128.72856,36.57038],[128.72869,36.57044],[128.72885,36.57054],[128.72894,36.57064],[128.72899,36.57071],[128.72961,36.5723],[128.72962,36.57236],[128.72961,36.57274],[128.72958,36.57282],[128.7286,36.57393],[128.72848,36.57398],[128.72834,36.57399],[128.72807,36.574],[128.72783,36.57406],[128.72776,36.57408],[128.72759,36.57413],[128.72668,36.57441],[128.72655,36.57445],[128.72618,36.57476],[128.72617,36.57481],[128.72606,36.57632],[128.72606,36.57637],[128.72617,36.57852],[128.72657,36.5803],[128.7266,36.58043],[128.72669,36.5806],[128.72672,36.58065],[128.72685,36.58087],[128.72698,36.58109],[128.72703,36.58113],[128.72766,36.58118],[128.72775,36.58194],[128.72687,36.58297],[128.72569,36.584],[128.72414,36.58474],[128.72048,36.5853],[128.71864,36.58526],[128.71824,36.58525],[128.71776,36.58514],[128.71742,36.58491],[128.71712,36.58472],[128.71691,36.58466],[128.71642,36.58469],[128.71572,36.58496],[128.71539,36.58525],[128.71516,36.58563],[128.71517,36.58573],[128.71518,36.58594],[128.71518,36.58603],[128.7154,36.58622],[128.71546,36.58628],[128.71597,36.58654],[128.71759,36.58735],[128.71883,36.58833],[128.71997,36.58932],[128.7221,36.59141],[128.72275,36.59245],[128.72464,36.59607],[128.72544,36.59831],[128.7255,36.59885],[128.72696,36.59848],[128.72768,36.59862],[128.72777,36.59862],[128.72786,36.59856],[128.72794,36.59846],[128.72808,36.59797],[128.72814,36.5977],[128.72818,36.59748],[128.72819,36.59728],[128.7282,36.59718],[128.72824,36.59691],[128.7283,36.59666],[128.72834,36.59653],[128.72844,36.59625],[128.72848,36.59616],[128.72856,36.59609],[128.73083,36.59473],[128.73262,36.59672],[128.73271,36.59682],[128.73293,36.59696],[128.73326,36.59716],[128.73337,36.59721],[128.73382,36.59738],[128.73407,36.59746],[128.7348,36.59766],[128.73588,36.59794],[128.7388,36.59857],[128.73891,36.59856],[128.73898,36.59856],[128.73908,36.59854],[128.73921,36.59852],[128.73945,36.59843],[128.73968,36.59833],[128.73985,36.59825],[128.74021,36.59808],[128.74027,36.59801],[128.74031,36.59772],[128.74033,36.59753],[128.74035,36.59729],[128.74037,36.59715],[128.74041,36.59702],[128.74047,36.59688],[128.74076,36.59655],[128.74239,36.59474],[128.74293,36.59427],[128.744,36.59361],[128.74459,36.59333],[128.74502,36.59324],[128.74569,36.59339],[128.74633,36.59372],[128.74891,36.59564],[128.75281,36.59369],[128.7542,36.59148],[128.75421,36.59143],[128.75419,36.59136],[128.75416,36.59129],[128.75406,36.59123],[128.75096,36.58969],[128.75073,36.58962],[128.74998,36.5883],[128.75166,36.58478],[128.75184,36.58447],[128.75193,36.58435],[128.75201,36.58424],[128.75215,36.58412],[128.75225,36.58404],[128.75233,36.584],[128.7537,36.58334],[128.75381,36.58331],[128.7539,36.5833],[128.75409,36.58332],[128.75838,36.58401]]]]}},{"type":"Feature","properties":{"code":"47170555","name":"용상동","parent":"47170"},"geometry":{"type":"MultiPolygon","coordinates":[[[[128.8198,36.58257],[128.81808,36.58028],[128.81626,36.57823],[128.81616,36.57743],[128.81529,36.57481],[128.81526,36.57473],[128.81417,36.57217],[128.81411,36.57204],[128.81351,36.57107],[128.81124,36.56815],[128.80872,36.56629],[128.80894,36.56382],[128.8085,36.56184],[128.80826,36.56151],[128.80713,36.55965],[128.80709,36.55955],[128.80688,36.55473],[128.80882,36.55162],[128.80888,36.55154],[128.80931,36.5513],[128.81017,36.5509],[128.81074,36.55067],[128.8113,36.55049],[128.81162,36.55041],[128.81188,36.55042],[128.81207,36.55045],[128.81269,36.55055],[128.81282,36.55056],[128.81307,36.55057],[128.81336,36.55053],[128.81819,36.54925],[128.81837,36.54917],[128.81854,36.54904],[128.81868,36.5489],[128.81883,36.54863],[128.8189,36.54849],[128.81898,36.54835],[128.81912,36.54822],[128.81923,36.54816],[128.81944,36.54811],[128.82195,36.54817],[128.82225,36.54821],[128.82246,36.54827],[128.82275,36.54844],[128.82353,36.54889],[128.82372,36.54897],[128.82419,36.54916],[128.82442,36.54922],[128.82454,36.54925],[128.82469,36.54927],[128.8248,36.54925],[128.825,36.54916],[128.82529,36.54898],[128.82597,36.54834],[128.82603,36.54829],[128.82605,36.54824],[128.8259,36.5473],[128.82586,36.54712],[128.82456,36.54409],[128.82438,36.54397],[128.82387,36.54365],[128.82336,36.54343],[128.82319,36.54337],[128.82305,36.54335],[128.82285,36.54335],[128.82275,36.54337],[128.82264,36.5434],[128.82242,36.54343],[128.8223,36.54344],[128.82216,36.54342],[128.82202,36.54338],[128.82177,36.54323],[128.82159,36.5431],[128.82143,36.54295],[128.82121,36.54248],[128.82097,36.54175],[128.82087,36.5408],[128.82082,36.54016],[128.82075,36.53976],[128.82073,36.53967],[128.82072,36.53958],[128.82064,36.53935],[128.82049,36.53922],[128.82026,36.53911],[128.81935,36.53887],[128.81821,36.53856],[128.81478,36.53744],[128.81387,36.53711],[128.81121,36.53613],[128.80967,36.53578],[128.80876,36.53569],[128.80826,36.53569],[128.80767,36.53569],[128.80547,36.5357],[128.80488,36.53571],[128.80436,36.53573],[128.80288,36.53577],[128.79856,36.53604],[128.79184,36.53768],[128.79074,36.53798],[128.78936,36.53847],[128.78549,36.54107],[128.78272,36.54309],[128.78192,36.54433],[128.78212,36.54521],[128.78266,36.54613],[128.7829,36.54743],[128.78282,36.54872],[128.78279,36.54922],[128.78145,36.55064],[128.78143,36.55066],[128.78016,36.55102],[128.77937,36.55085],[128.77676,36.5493],[128.77611,36.54891],[128.76932,36.54482],[128.76781,36.54453],[128.76705,36.5447],[128.76248,36.54568],[128.76077,36.54605],[128.75962,36.54672],[128.75422,36.54984],[128.75344,36.55029],[128.75275,36.55075],[128.75102,36.5519],[128.74925,36.55307],[128.74849,36.55357],[128.74628,36.55466],[128.74331,36.55613],[128.73756,36.55837],[128.73958,36.55959],[128.74814,36.56528],[128.74885,36.56584],[128.75095,36.56754],[128.75143,36.56794],[128.75215,36.5688],[128.75397,36.57035],[128.75596,36.57205],[128.75974,36.5751],[128.76001,36.57532],[128.7647,36.58041],[128.76649,36.58269],[128.76925,36.58465],[128.77238,36.58615],[128.77363,36.58633],[128.7748,36.58628],[128.77543,36.58608],[128.77935,36.58325],[128.77935,36.58321],[128.77947,36.58308],[128.7798,36.58281],[128.78142,36.58169],[128.78181,36.58142],[128.78313,36.5807],[128.78382,36.5804],[128.78406,36.58034],[128.78445,36.58028],[128.78491,36.58026],[128.78566,36.58029],[128.78801,36.58064],[128.79081,36.58123],[128.79129,36.58134],[128.79221,36.58162],[128.79347,36.58207],[128.79403,36.58228],[128.79572,36.58294],[128.7966,36.58328],[128.79702,36.58347],[128.79745,36.58366],[128.79775,36.58376],[128.79831,36.58394],[128.79912,36.58419],[128.80077,36.58466],[128.80404,36.58544],[128.80496,36.58564],[128.80638,36.58591],[128.80715,36.58603],[128.80834,36.58621],[128.80932,36.58628],[128.81002,36.5863],[128.8111,36.58628],[128.81305,36.5861],[128.81414,36.58588],[128.81569,36.58548],[128.8164,36.58522],[128.81797,36.58433],[128.8188,36.5837],[128.81912,36.58338],[128.8195,36.583],[128.8198,36.58257]]]]}},{"type":"Feature","properties":{"code":"47170600","name":"태화동","parent":"47170"},"geometry":{"type":"MultiPolygon","coordinates":[[[[128.71802,36.56658],[128.7175,36.56534],[128.71727,36.56472],[128.71726,36.5647],[128.71721,36.56449],[128.71713,36.56416],[128.717,36.5636],[128.71661,36.56163],[128.71641,36.5605],[128.71641,36.56046],[128.71639,36.55967],[128.71655,36.55963],[128.71663,36.55949],[128.71714,36.55864],[128.71762,36.55721],[128.718,36.55478],[128.71513,36.55431],[128.70977,36.55347],[128.70309,36.55137],[128.70267,36.55115],[128.69978,36.55321],[128.69923,36.55344],[128.69909,36.55353],[128.69885,36.55373],[128.69848,36.55442],[128.69843,36.55466],[128.69866,36.5549],[128.69971,36.55529],[128.70166,36.5591],[128.70336,36.56106],[128.70442,36.56149],[128.70484,36.56136],[128.7054,36.56123],[128.70567,36.56121],[128.70585,36.56121],[128.70707,36.56145],[128.70732,36.56151],[128.70776,36.56283],[128.70807,36.56417],[128.70792,36.56453],[128.70623,36.56472],[128.70443,36.56434],[128.70381,36.5642],[128.70308,36.56626],[128.70303,36.56648],[128.70276,36.56806],[128.70296,36.56853],[128.70443,36.57064],[128.70474,36.57101],[128.70531,36.57103],[128.70537,36.57105],[128.70557,36.57116],[128.7057,36.57124],[128.70583,36.57132],[128.70603,36.57146],[128.70624,36.57163],[128.7063,36.57168],[128.70643,36.5718],[128.7069,36.57226],[128.70834,36.57106],[128.71002,36.57106],[128.71169,36.56868],[128.71288,36.56629],[128.71802,36.56658]]]]}},{"type":"Feature","properties":{"code":"47170620","name":"평화동","parent":"47170"},"geometry":{"type":"MultiPolygon","coordinates":[[[[128.71921,36.57095],[128.71802,36.56658],[128.71288,36.56629],[128.71169,36.56868],[128.71002,36.57106],[128.70834,36.57106],[128.7069,36.57226],[128.70691,36.5725],[128.70599,36.57422],[128.70553,36.57475],[128.70538,36.57546],[128.7053,36.57579],[128.7056,36.57643],[128.70707,36.57665],[128.7082,36.5772],[128.70974,36.57842],[128.71046,36.57945],[128.71038,36.57995],[128.7123,36.57699],[128.71315,36.57723],[128.71405,36.57627],[128.71608,36.57366],[128.71629,36.57185],[128.71628,36.57093],[128.71622,36.5708],[128.71633,36.57077],[128.71684,36.57064],[128.71691,36.57062],[128.71749,36.57047],[128.71775,36.5704],[128.71801,36.57034],[128.71903,36.57084],[128.71921,36.57095]]]]}},{"type":"Feature","properties":{"code":"47170630","name":"안기동","parent":"47170"},"geometry":{"type":"MultiPolygon","coordinates":[[[[128.7255,36.59885],[128.72544,36.59831],[128.72464,36.59607],[128.72275,36.59245],[128.7221,36.59141],[128.71997,36.58932],[128.71883,36.58833],[128.71759,36.58735],[128.71597,36.58654],[128.71546,36.58628],[128.7154,36.58622],[128.71518,36.58603],[128.71518,36.58594],[128.71517,36.58573],[128.71516,36.58563],[128.71539,36.58525],[128.71572,36.58496],[128.71642,36.58469],[128.71691,36.58466],[128.71712,36.58472],[128.71742,36.58491],[128.71776,36.58514],[128.71824,36.58525],[128.71864,36.58526],[128.72048,36.5853],[128.72414,36.58474],[128.72569,36.584],[128.72687,36.58297],[128.72775,36.58194],[128.72766,36.58118],[128.72703,36.58113],[128.72698,36.58109],[128.72685,36.58087],[128.72672,36.58065],[128.72669,36.5806],[128.7266,36.58043],[128.72657,36.5803],[128.72617,36.57852],[128.72606,36.57637],[128.72606,36.57632],[128.72617,36.57481],[128.72618,36.57476],[128.72655,36.57445],[128.72668,36.57441],[128.72759,36.57413],[128.72776,36.57408],[128.72783,36.57406],[128.72807,36.574],[128.72593,36.57395],[128.72531,36.57403],[128.72435,36.57396],[128.72422,36.57394],[128.72414,36.5739],[128.7241,36.57386],[128.72372,36.57338],[128.72118,36.57172],[128.72078,36.57155],[128.71921,36.57095],[128.71903,36.57084],[128.71801,36.57034],[128.71775,36.5704],[128.71749,36.57047],[128.71691,36.57062],[128.71684,36.57064],[128.71633,36.57077],[128.71622,36.5708],[128.71628,36.57093],[128.71629,36.57185],[128.71608,36.57366],[128.71405,36.57627],[128.71315,36.57723],[128.7123,36.57699],[128.71038,36.57995],[128.70985,36.5805],[128.70922,36.58137],[128.70889,36.58572],[128.70714,36.59076],[128.70652,36.59193],[128.7002,36.59348],[128.69968,36.59141],[128.69793,36.59035],[128.69778,36.59038],[128.69757,36.59043],[128.69693,36.59141],[128.69747,36.59246],[128.69699,36.59397],[128.69649,36.59499],[128.69419,36.59831],[128.69207,36.59972],[128.69263,36.59971],[128.69288,36.59975],[128.69315,36.59987],[128.69335,36.60004],[128.69364,36.60039],[128.69401,36.60107],[128.69417,36.60161],[128.6943,36.60199],[128.69477,36.60278],[128.69567,36.60352],[128.69588,36.60363],[128.69614,36.60366],[128.69775,36.60339],[128.69783,36.60332],[128.69822,36.60247],[128.69852,36.60216],[128.69892,36.60205],[128.70196,36.60136],[128.70428,36.60154],[128.70446,36.60157],[128.70536,36.60176],[128.70584,36.6028],[128.70597,36.60369],[128.70602,36.60412],[128.70425,36.6072],[128.70557,36.60765],[128.70747,36.60934],[128.70778,36.60948],[128.70801,36.60954],[128.70813,36.60957],[128.70824,36.60959],[128.70834,36.6096],[128.70839,36.6096],[128.71436,36.60919],[128.71535,36.60903],[128.71549,36.60901],[128.71559,36.60901],[128.71573,36.60903],[128.7158,36.60905],[128.71587,36.60912],[128.71595,36.60922],[128.716,36.60932],[128.71605,36.60946],[128.71639,36.61065],[128.7168,36.61124],[128.71693,36.61142],[128.71705,36.6115],[128.7181,36.61219],[128.71845,36.61242],[128.71866,36.61252],[128.71881,36.61259],[128.71891,36.61263],[128.71902,36.61267],[128.71974,36.61286],[128.71993,36.6129],[128.72002,36.6129],[128.72149,36.61276],[128.72202,36.61262],[128.72483,36.61037],[128.72604,36.61054],[128.72654,36.61059],[128.72504,36.60335],[128.72457,36.60185],[128.72456,36.60169],[128.72457,36.6016],[128.72461,36.60149],[128.72472,36.60138],[128.72508,36.60102],[128.72529,36.6008],[128.72539,36.60066],[128.72544,36.60054],[128.7255,36.59885]]]]}},{"type":"Feature","properties":{"code":"47170650","name":"옥동","parent":"47170"},"geometry":{"type":"MultiPolygon","coordinates":[[[[128.70276,36.56806],[128.70303,36.56648],[128.70308,36.56626],[128.70381,36.5642],[128.70443,36.56434],[128.70623,36.56472],[128.70792,36.56453],[128.70807,36.56417],[128.70776,36.56283],[128.70732,36.56151],[128.70707,36.56145],[128.70585,36.56121],[128.70567,36.56121],[128.7054,36.56123],[128.70484,36.56136],[128.70442,36.56149],[128.70336,36.56106],[128.70166,36.5591],[128.69971,36.55529],[128.69866,36.5549],[128.69843,36.55466],[128.69848,36.55442],[128.69885,36.55373],[128.69909,36.55353],[128.69923,36.55344],[128.69978,36.55321],[128.70267,36.55115],[128.69408,36.54676],[128.69391,36.54668],[128.69127,36.54486],[128.69034,36.54421],[128.68856,36.54298],[128.683,36.5444],[128.68003,36.54791],[128.67992,36.55073],[128.68039,36.55356],[128.68083,36.5548],[128.67861,36.56024],[128.67699,36.56165],[128.68086,36.56205],[128.68276,36.56227],[128.68408,36.56283],[128.6851,36.56333],[128.68574,36.56367],[128.68627,36.56405],[128.6863,36.56418],[128.68588,36.56574],[128.68586,36.56577],[128.68549,36.56642],[128.68499,36.56697],[128.68496,36.56702],[128.68505,36.56756],[128.68557,36.57099],[128.68609,36.57304],[128.68708,36.5738],[128.68715,36.5738],[128.68724,36.57376],[128.68734,36.57371],[128.68766,36.57353],[128.68896,36.57273],[128.69166,36.57284],[128.69248,36.57202],[128.69192,36.57148],[128.6918,36.57134],[128.69173,36.5712],[128.6917,36.5711],[128.69149,36.56971],[128.69147,36.56951],[128.69146,36.56929],[128.69148,36.56914],[128.69182,36.56743],[128.69184,36.56738],[128.69225,36.56697],[128.6925,36.56703],[128.69263,36.56705],[128.69652,36.56823],[128.69774,36.5687],[128.69821,36.56886],[128.70047,36.56809],[128.70276,36.56806]]]]}},{"type":"Feature","properties":{"code":"47170660","name":"송하동","parent":"47170"},"geometry":{"type":"MultiPolygon","coordinates":[[[[128.69207,36.59972],[128.69419,36.59831],[128.69649,36.59499],[128.69699,36.59397],[128.69747,36.59246],[128.69693,36.59141],[128.69757,36.59043],[128.69778,36.59038],[128.69793,36.59035],[128.69968,36.59141],[128.7002,36.59348],[128.70652,36.59193],[128.70714,36.59076],[128.70889,36.58572],[128.70922,36.58137],[128.70985,36.5805],[128.71038,36.57995],[128.71046,36.57945],[128.70974,36.57842],[128.7082,36.5772],[128.70707,36.57665],[128.7056,36.57643],[128.7053,36.57579],[128.70538,36.57546],[128.70553,36.57475],[128.70599,36.57422],[128.70691,36.5725],[128.7069,36.57226],[128.70643,36.5718],[128.7063,36.57168],[128.70624,36.57163],[128.70603,36.57146],[128.70583,36.57132],[128.7057,36.57124],[128.70557,36.57116],[128.70537,36.57105],[128.70531,36.57103],[128.70474,36.57101],[128.70443,36.57064],[128.70296,36.56853],[128.70276,36.56806],[128.70047,36.56809],[128.69821,36.56886],[128.69774,36.5687],[128.69652,36.56823],[128.69263,36.56705],[128.6925,36.56703],[128.69225,36.56697],[128.69184,36.56738],[128.69182,36.56743],[128.69148,36.56914],[128.69146,36.56929],[128.69147,36.56951],[128.69149,36.56971],[128.6917,36.5711],[128.69173,36.5712],[128.6918,36.57134],[128.69192,36.57148],[128.69248,36.57202],[128.69166,36.57284],[128.68896,36.57273],[128.68766,36.57353],[128.68734,36.57371],[128.68724,36.57376],[128.68715,36.5738],[128.68708,36.5738],[128.68609,36.57304],[128.68557,36.57099],[128.68505,36.56756],[128.68496,36.56702],[128.68499,36.56697],[128.68549,36.56642],[128.68586,36.56577],[128.68588,36.56574],[128.6863,36.56418],[128.68627,36.56405],[128.68574,36.56367],[128.6851,36.56333],[128.68408,36.56283],[128.68276,36.56227],[128.68086,36.56205],[128.67699,36.56165],[128.67236,36.56079],[128.67224,36.56406],[128.67199,36.5641],[128.67197,36.56414],[128.67192,36.56426],[128.67189,36.56442],[128.67136,36.56774],[128.67135,36.56794],[128.67134,36.56826],[128.67133,36.56858],[128.67134,36.56875],[128.67138,36.56894],[128.67147,36.56928],[128.67156,36.5695],[128.6718,36.56994],[128.67199,36.57027],[128.67253,36.57127],[128.67333,36.57291],[128.67334,36.57294],[128.6735,36.57328],[128.67361,36.57357],[128.67367,36.57389],[128.67377,36.57526],[128.67378,36.57571],[128.67366,36.57658],[128.67355,36.57705],[128.67345,36.57732],[128.67332,36.5777],[128.67276,36.57879],[128.67273,36.57909],[128.67272,36.57947],[128.67273,36.5801],[128.67319,36.58296],[128.67323,36.58313],[128.67334,36.58351],[128.67398,36.58571],[128.67411,36.58613],[128.67425,36.5866],[128.67434,36.58686],[128.67456,36.58745],[128.67481,36.58793],[128.67493,36.58812],[128.67552,36.58885],[128.67671,36.59025],[128.67757,36.59125],[128.67772,36.5914],[128.67844,36.5923],[128.67949,36.59373],[128.67987,36.59426],[128.68025,36.59486],[128.68083,36.59597],[128.68102,36.59641],[128.68112,36.59669],[128.68137,36.59746],[128.68142,36.59764],[128.68141,36.59777],[128.68139,36.59791],[128.68139,36.59796],[128.68144,36.59821],[128.6815,36.59853],[128.68154,36.59863],[128.68162,36.59872],[128.68181,36.59887],[128.68195,36.59895],[128.68215,36.59901],[128.68235,36.59905],[128.68252,36.59907],[128.68284,36.59906],[128.68329,36.59896],[128.68352,36.59886],[128.68372,36.59869],[128.6842,36.59819],[128.6844,36.59792],[128.68458,36.59752],[128.68464,36.59729],[128.68467,36.59714],[128.68467,36.597],[128.68464,36.59678],[128.68448,36.59639],[128.68437,36.59606],[128.68436,36.59603],[128.68438,36.59596],[128.68451,36.59574],[128.68459,36.59568],[128.68483,36.59554],[128.68505,36.59545],[128.68543,36.59534],[128.68562,36.5953],[128.68582,36.59529],[128.68617,36.59534],[128.68685,36.59549],[128.68784,36.59576],[128.68818,36.59586],[128.68834,36.59595],[128.68843,36.59603],[128.6885,36.59613],[128.68856,36.59628],[128.68863,36.59695],[128.68861,36.59732],[128.68859,36.59747],[128.68852,36.59773],[128.68838,36.59795],[128.68825,36.59815],[128.68819,36.59827],[128.68814,36.5984],[128.68814,36.5985],[128.68815,36.59856],[128.68834,36.59893],[128.6884,36.59901],[128.68854,36.59911],[128.68881,36.59927],[128.68951,36.59962],[128.68978,36.59975],[128.69022,36.59988],[128.69047,36.59991],[128.69073,36.59992],[128.6912,36.5999],[128.69188,36.59984],[128.69207,36.59972]]]]}},{"type":"Feature","properties":{"code":"47170585","name":"서구동","parent":"47170"},"geometry":{"type":"MultiPolygon","coordinates":[[[[128.72807,36.574],[128.72834,36.57399],[128.72848,36.57398],[128.7286,36.57393],[128.72958,36.57282],[128.72961,36.57274],[128.72962,36.57236],[128.72961,36.5723],[128.72899,36.57071],[128.72894,36.57064],[128.72885,36.57054],[128.72869,36.57044],[128.72856,36.57038],[128.72816,36.57024],[128.72806,36.57021],[128.72802,36.57018],[128.72798,36.57012],[128.7279,36.57002],[128.72788,36.56995],[128.7276,36.56832],[128.72765,36.56811],[128.72738,36.56797],[128.72728,36.56786],[128.72719,36.56771],[128.72677,36.56681],[128.72633,36.56525],[128.72608,36.56401],[128.72621,36.55923],[128.72632,36.55888],[128.72718,36.55614],[128.718,36.55478],[128.71762,36.55721],[128.71714,36.55864],[128.71663,36.55949],[128.71655,36.55963],[128.71639,36.55967],[128.71641,36.56046],[128.71641,36.5605],[128.71661,36.56163],[128.717,36.5636],[128.71713,36.56416],[128.71721,36.56449],[128.71726,36.5647],[128.71727,36.56472],[128.7175,36.56534],[128.71802,36.56658],[128.71921,36.57095],[128.72078,36.57155],[128.72118,36.57172],[128.72372,36.57338],[128.7241,36.57386],[128.72414,36.5739],[128.72422,36.57394],[128.72435,36.57396],[128.72531,36.57403],[128.72593,36.57395],[128.72807,36.574]]]]}},{"type":"Feature","properties":{"code":"47170690","name":"강남동","parent":"47170"},"geometry":{"type":"MultiPolygon","coordinates":[[[[128.70267,36.55115],[128.70309,36.55137],[128.70977,36.55347],[128.71513,36.55431],[128.718,36.55478],[128.72718,36.55614],[128.72723,36.55615],[128.72898,36.55668],[128.72951,36.55685],[128.72957,36.55687],[128.7357,36.5583],[128.73697,36.5586],[128.73727,36.55849],[128.73756,36.55837],[128.74331,36.55613],[128.74628,36.55466],[128.74849,36.55357],[128.74925,36.55307],[128.75102,36.5519],[128.75275,36.55075],[128.75344,36.55029],[128.75422,36.54984],[128.75962,36.54672],[128.76077,36.54605],[128.76248,36.54568],[128.76705,36.5447],[128.76845,36.53993],[128.76803,36.53881],[128.76797,36.53867],[128.76791,36.53858],[128.76758,36.53821],[128.76745,36.53808],[128.76729,36.53795],[128.7672,36.5379],[128.76419,36.53643],[128.75979,36.5355],[128.75539,36.5348],[128.75525,36.53478],[128.75504,36.53475],[128.75391,36.53475],[128.75381,36.53476],[128.75375,36.53477],[128.75362,36.53478],[128.75337,36.53487],[128.75273,36.5351],[128.74946,36.53463],[128.74847,36.53243],[128.74838,36.53225],[128.74827,36.53209],[128.74822,36.53202],[128.74814,36.53195],[128.74806,36.5319],[128.748,36.53186],[128.74551,36.53061],[128.74541,36.53057],[128.74523,36.53053],[128.74502,36.5305],[128.7448,36.5305],[128.74466,36.5305],[128.74457,36.53054],[128.74412,36.53076],[128.74386,36.53094],[128.7436,36.53112],[128.74338,36.5313],[128.74321,36.53144],[128.74305,36.53152],[128.74288,36.53159],[128.74242,36.53164],[128.74232,36.53164],[128.7357,36.52995],[128.73362,36.52859],[128.73304,36.52837],[128.73288,36.52833],[128.7328,36.52833],[128.7327,36.52837],[128.73063,36.52954],[128.72831,36.53134],[128.72808,36.53157],[128.72803,36.53165],[128.7279,36.53198],[128.72781,36.5323],[128.72778,36.53247],[128.72778,36.53267],[128.72778,36.53298],[128.72778,36.53307],[128.72773,36.53313],[128.7275,36.53327],[128.72681,36.53364],[128.72634,36.53383],[128.72613,36.53388],[128.726,36.53389],[128.72587,36.53386],[128.72576,36.53383],[128.72298,36.53261],[128.72178,36.53116],[128.72157,36.53087],[128.72152,36.53085],[128.72147,36.53084],[128.72142,36.53084],[128.72028,36.53081],[128.72004,36.53084],[128.71993,36.53087],[128.71803,36.53139],[128.71787,36.53144],[128.71774,36.53149],[128.71762,36.53154],[128.71748,36.53164],[128.71738,36.53173],[128.71731,36.53179],[128.71543,36.5336],[128.71486,36.53427],[128.71484,36.53433],[128.71483,36.53446],[128.71487,36.53456],[128.71495,36.53483],[128.71497,36.53491],[128.71497,36.53499],[128.71493,36.53531],[128.71492,36.53538],[128.71482,36.5355],[128.71373,36.53656],[128.71366,36.53659],[128.71352,36.5366],[128.71335,36.5366],[128.71323,36.53661],[128.71315,36.53658],[128.71305,36.53654],[128.71105,36.53568],[128.71101,36.53566],[128.70693,36.53236],[128.70516,36.53013],[128.70511,36.53004],[128.70094,36.52821],[128.69832,36.5258],[128.69822,36.52566],[128.6979,36.52535],[128.69782,36.52528],[128.69776,36.52525],[128.69301,36.52551],[128.69262,36.52645],[128.69052,36.52917],[128.68889,36.53097],[128.68875,36.5309],[128.68858,36.53085],[128.68852,36.53083],[128.68848,36.53082],[128.6884,36.53083],[128.68817,36.53088],[128.6875,36.53119],[128.68745,36.53122],[128.68736,36.5313],[128.68696,36.53167],[128.68685,36.53178],[128.6855,36.53345],[128.68528,36.5338],[128.68489,36.53443],[128.68481,36.53459],[128.68476,36.53475],[128.68475,36.535],[128.68476,36.5353],[128.68478,36.53552],[128.68483,36.53559],[128.68488,36.53564],[128.685,36.53621],[128.68516,36.5369],[128.68514,36.53699],[128.68489,36.5378],[128.68467,36.53831],[128.68463,36.53838],[128.68453,36.5385],[128.68404,36.53897],[128.6839,36.5391],[128.68376,36.53917],[128.68077,36.54045],[128.6794,36.54018],[128.67727,36.54062],[128.67304,36.54257],[128.67229,36.54294],[128.67222,36.54314],[128.67222,36.54343],[128.67228,36.5437],[128.67223,36.54386],[128.67205,36.54424],[128.67182,36.54455],[128.67146,36.54498],[128.67037,36.54556],[128.66938,36.54607],[128.66885,36.54631],[128.6686,36.54636],[128.66836,36.54641],[128.66813,36.54645],[128.6679,36.54648],[128.66751,36.54643],[128.66727,36.54629],[128.66612,36.54561],[128.66367,36.5451],[128.65904,36.54515],[128.6589,36.54518],[128.65872,36.54524],[128.6586,36.54534],[128.65811,36.54577],[128.65794,36.54624],[128.66137,36.54682],[128.66196,36.54697],[128.66222,36.54706],[128.6625,36.54714],[128.66273,36.54723],[128.6634,36.54752],[128.6637,36.54766],[128.6643,36.54796],[128.66471,36.54817],[128.66491,36.54829],[128.66514,36.54846],[128.66526,36.54858],[128.66554,36.54886],[128.66567,36.54903],[128.66584,36.54925],[128.66626,36.54989],[128.66659,36.5504],[128.66723,36.55142],[128.66738,36.55168],[128.66751,36.55194],[128.66777,36.55248],[128.66791,36.55292],[128.6688,36.55607],[128.67,36.55937],[128.67006,36.5595],[128.67022,36.55989],[128.67027,36.56],[128.67236,36.56079],[128.67699,36.56165],[128.67861,36.56024],[128.68083,36.5548],[128.68039,36.55356],[128.67992,36.55073],[128.68003,36.54791],[128.683,36.5444],[128.68856,36.54298],[128.69034,36.54421],[128.69127,36.54486],[128.69391,36.54668],[128.69408,36.54676],[128.70267,36.55115]]]]}}]}