{"type":"FeatureCollection","features":[{"type":"Feature","properties":{"code":"43150250","name":"봉양읍","parent":"43150"},"geometry":{"type":"MultiPolygon","coordinates":[[[[128.16672,37.21492],[128.16679,37.21462],[128.16682,37.2145],[128.16684,37.21442],[128.16687,37.21436],[128.16691,37.2143],[128.17127,37.21073],[128.17381,37.20643],[128.17629,37.20309],[128.1757,37.20241],[128.17322,37.20043],[128.17318,37.20039],[128.17315,37.20034],[128.17311,37.20026],[128.17303,37.2001],[128.17301,37.20004],[128.17298,37.19992],[128.17298,37.19979],[128.17298,37.19972],[128.17298,37.19967],[128.17361,37.19545],[128.17362,37.19538],[128.17367,37.19517],[128.17371,37.19508],[128.17515,37.19465],[128.1756,37.19457],[128.1762,37.19451],[128.17648,37.19402],[128.17651,37.19394],[128.17655,37.19383],[128.17656,37.19372],[128.17657,37.19362],[128.17659,37.19326],[128.17669,37.19062],[128.17591,37.18959],[128.17567,37.18945],[128.17458,37.18879],[128.17453,37.18875],[128.17445,37.18868],[128.17432,37.18852],[128.17402,37.18812],[128.17397,37.18803],[128.1739,37.18791],[128.17388,37.18785],[128.17386,37.1878],[128.17386,37.18776],[128.17387,37.18767],[128.17389,37.18761],[128.17393,37.18755],[128.17398,37.1875],[128.17407,37.18744],[128.17418,37.18737],[128.17445,37.18722],[128.17485,37.18701],[128.17508,37.1869],[128.17521,37.18684],[128.17553,37.18673],[128.18082,37.18501],[128.18097,37.18498],[128.18111,37.18496],[128.18131,37.18495],[128.1826,37.18488],[128.18267,37.18483],[128.18269,37.1848],[128.18269,37.18475],[128.18264,37.18448],[128.18257,37.18412],[128.18218,37.18239],[128.18216,37.1823],[128.18211,37.18216],[128.18204,37.18203],[128.18198,37.18191],[128.18193,37.18184],[128.1812,37.18085],[128.18108,37.18071],[128.18097,37.1806],[128.18081,37.18048],[128.18069,37.18039],[128.18055,37.18031],[128.18037,37.18021],[128.17994,37.18],[128.17969,37.1799],[128.17912,37.17969],[128.1789,37.17962],[128.17865,37.17954],[128.17857,37.17951],[128.17848,37.17945],[128.17842,37.17941],[128.17834,37.17929],[128.1783,37.17923],[128.17827,37.17914],[128.17823,37.17895],[128.17788,37.17612],[128.17787,37.17599],[128.17787,37.17589],[128.17788,37.17572],[128.1779,37.17562],[128.17794,37.1755],[128.178,37.17532],[128.17806,37.17517],[128.17816,37.175],[128.17822,37.17491],[128.17831,37.1748],[128.17841,37.17471],[128.17872,37.17443],[128.17886,37.17431],[128.17924,37.17398],[128.17928,37.17394],[128.17929,37.17391],[128.1793,37.17386],[128.17934,37.17366],[128.17949,37.17241],[128.17948,37.17237],[128.17848,37.16695],[128.17773,37.16456],[128.17809,37.16105],[128.17816,37.15996],[128.1764,37.15755],[128.17638,37.15752],[128.17636,37.15749],[128.17622,37.15734],[128.17544,37.15736],[128.17509,37.15737],[128.17368,37.1575],[128.17175,37.15754],[128.17154,37.15753],[128.17147,37.15753],[128.17143,37.15752],[128.1699,37.15707],[128.16977,37.15703],[128.16955,37.15695],[128.16937,37.15689],[128.16896,37.15672],[128.16565,37.15516],[128.16309,37.15548],[128.16297,37.1555],[128.16074,37.1548],[128.1597,37.15447],[128.15611,37.15488],[128.15528,37.15504],[128.15488,37.15501],[128.15328,37.15456],[128.15286,37.15442],[128.15275,37.15437],[128.15268,37.15433],[128.15257,37.15427],[128.15249,37.15421],[128.15245,37.15417],[128.15174,37.15335],[128.1517,37.1533],[128.15164,37.1532],[128.15107,37.15221],[128.15102,37.15211],[128.151,37.15205],[128.15098,37.15175],[128.15096,37.15117],[128.15043,37.14961],[128.14992,37.14888],[128.14844,37.14844],[128.14754,37.14818],[128.14741,37.14816],[128.14721,37.14812],[128.14721,37.14719],[128.14756,37.14583],[128.149,37.14083],[128.14929,37.14079],[128.14958,37.14081],[128.15037,37.14115],[128.15054,37.14126],[128.15144,37.14229],[128.1523,37.14328],[128.15296,37.14395],[128.15332,37.14407],[128.15917,37.14308],[128.16233,37.14143],[128.16275,37.14099],[128.16295,37.1404],[128.1619,37.14064],[128.16007,37.14106],[128.15903,37.14006],[128.15918,37.13812],[128.16008,37.13713],[128.15879,37.13556],[128.15553,37.13392],[128.15478,37.13154],[128.15129,37.13059],[128.15068,37.13094],[128.15064,37.13096],[128.15059,37.13096],[128.15054,37.13093],[128.1497,37.13003],[128.1497,37.13001],[128.14972,37.12993],[128.14999,37.12905],[128.15003,37.12895],[128.15091,37.12718],[128.15095,37.12711],[128.15107,37.12698],[128.15119,37.12687],[128.15131,37.12679],[128.1521,37.12608],[128.15313,37.12493],[128.15323,37.12482],[128.15334,37.12463],[128.15338,37.12454],[128.15393,37.12284],[128.15443,37.12123],[128.15449,37.1211],[128.15455,37.12102],[128.1546,37.12097],[128.15465,37.12094],[128.15472,37.12093],[128.1592,37.12104],[128.16026,37.12106],[128.16076,37.12111],[128.16154,37.1213],[128.16239,37.12145],[128.16245,37.12146],[128.16524,37.12123],[128.16828,37.11995],[128.1684,37.11988],[128.1685,37.11981],[128.16857,37.11975],[128.16863,37.11967],[128.16979,37.11758],[128.16984,37.11747],[128.17027,37.11655],[128.17029,37.11649],[128.1703,37.11643],[128.17098,37.11249],[128.17098,37.11236],[128.17095,37.11227],[128.17062,37.11162],[128.17035,37.11115],[128.17013,37.10821],[128.17108,37.10591],[128.17207,37.10429],[128.17447,37.10303],[128.17419,37.10262],[128.17414,37.10173],[128.17465,37.10126],[128.17437,37.09856],[128.17385,37.09713],[128.17325,37.09602],[128.17132,37.09679],[128.1712,37.09683],[128.17115,37.09685],[128.1711,37.09686],[128.17103,37.09686],[128.16653,37.09679],[128.16646,37.09678],[128.16639,37.09675],[128.16569,37.09646],[128.16565,37.09643],[128.16561,37.09638],[128.16558,37.09634],[128.16555,37.09628],[128.16554,37.09623],[128.16553,37.09613],[128.16557,37.09554],[128.16559,37.09539],[128.16561,37.0953],[128.16581,37.09485],[128.16602,37.09437],[128.16608,37.09417],[128.16625,37.09326],[128.16626,37.09314],[128.16623,37.09299],[128.1662,37.09289],[128.16567,37.09148],[128.1656,37.09135],[128.16533,37.09085],[128.16526,37.09071],[128.1652,37.09066],[128.16514,37.09063],[128.16502,37.0906],[128.16301,37.0902],[128.16291,37.09019],[128.16271,37.09018],[128.16267,37.09018],[128.16254,37.09021],[128.16248,37.09022],[128.16241,37.09025],[128.16179,37.09049],[128.16138,37.09065],[128.16112,37.09076],[128.161,37.09081],[128.1605,37.091],[128.15944,37.0913],[128.15934,37.09133],[128.15928,37.09134],[128.15921,37.09135],[128.15914,37.09136],[128.15906,37.09135],[128.15897,37.09133],[128.15634,37.09075],[128.15625,37.09072],[128.15622,37.0907],[128.15619,37.09068],[128.15615,37.09064],[128.15613,37.09059],[128.15612,37.09052],[128.1561,37.09028],[128.15604,37.08865],[128.15599,37.08628],[128.15311,37.08378],[128.15215,37.08375],[128.15095,37.0837],[128.15028,37.0836],[128.14908,37.08332],[128.14905,37.08331],[128.14897,37.08325],[128.14826,37.08254],[128.1482,37.08248],[128.14813,37.08238],[128.14796,37.08216],[128.14786,37.08195],[128.1477,37.08163],[128.14764,37.08157],[128.14758,37.08151],[128.14015,37.07743],[128.1323,37.07573],[128.12783,37.07398],[128.12463,37.07122],[128.12458,37.0712],[128.12424,37.07116],[128.12085,37.07112],[128.11943,37.07111],[128.11824,37.07106],[128.11627,37.07072],[128.11616,37.07068],[128.11602,37.0706],[128.1157,37.07038],[128.11564,37.07034],[128.11216,37.06762],[128.11208,37.06754],[128.11201,37.06746],[128.11197,37.0674],[128.11116,37.06561],[128.1111,37.06547],[128.11107,37.06535],[128.11106,37.06523],[128.11106,37.06509],[128.11107,37.06505],[128.11113,37.06481],[128.11115,37.06476],[128.11117,37.06472],[128.10832,37.066],[128.10119,37.06917],[128.10109,37.06921],[128.10095,37.06925],[128.09988,37.0694],[128.0996,37.06939],[128.09889,37.06933],[128.09282,37.07298],[128.0927,37.07303],[128.09262,37.07306],[128.09247,37.0731],[128.0924,37.0731],[128.09211,37.07306],[128.0905,37.07284],[128.08956,37.07293],[128.08939,37.07296],[128.08931,37.07299],[128.08583,37.07479],[128.08513,37.07562],[128.08383,37.0766],[128.08259,37.07779],[128.08244,37.07796],[128.08242,37.07804],[128.08241,37.07815],[128.08243,37.07828],[128.08243,37.07839],[128.0824,37.07864],[128.08237,37.07879],[128.08235,37.07883],[128.08232,37.0789],[128.08219,37.07907],[128.0821,37.07916],[128.07922,37.08189],[128.07905,37.08201],[128.07902,37.08203],[128.0789,37.08207],[128.07885,37.08208],[128.07874,37.08209],[128.07853,37.08209],[128.07836,37.08209],[128.07821,37.08208],[128.07816,37.08208],[128.07809,37.08209],[128.07791,37.08215],[128.07778,37.08222],[128.07744,37.08244],[128.07739,37.08248],[128.07677,37.08307],[128.07602,37.08377],[128.0762,37.08392],[128.07641,37.08413],[128.07655,37.0843],[128.07664,37.08443],[128.07675,37.08465],[128.07716,37.08575],[128.07756,37.08689],[128.07787,37.088],[128.07806,37.08887],[128.07806,37.08894],[128.07803,37.08903],[128.07541,37.09306],[128.07329,37.09744],[128.07224,37.09909],[128.07037,37.10183],[128.07019,37.10207],[128.07008,37.10216],[128.06993,37.10227],[128.06965,37.10243],[128.06917,37.10265],[128.06883,37.10279],[128.0687,37.10284],[128.0685,37.10292],[128.06838,37.10298],[128.06823,37.10315],[128.06809,37.10332],[128.06799,37.10345],[128.06767,37.10398],[128.06706,37.10544],[128.06701,37.1056],[128.06699,37.1057],[128.06697,37.10583],[128.06684,37.10819],[128.06685,37.10839],[128.06686,37.10849],[128.06688,37.10854],[128.06697,37.10877],[128.06703,37.10889],[128.06714,37.10902],[128.06724,37.1091],[128.06743,37.10924],[128.06751,37.1093],[128.06757,37.10935],[128.06759,37.10939],[128.0676,37.10942],[128.06759,37.10947],[128.06757,37.1095],[128.06755,37.10953],[128.06606,37.11051],[128.06593,37.11058],[128.06579,37.11065],[128.06565,37.11069],[128.06548,37.11073],[128.06523,37.11074],[128.06474,37.11073],[128.06311,37.11069],[128.06302,37.11068],[128.05789,37.11444],[128.05783,37.11449],[128.05772,37.11461],[128.05633,37.11629],[128.05628,37.11635],[128.05404,37.12032],[128.05397,37.12047],[128.05389,37.12069],[128.05383,37.12087],[128.05382,37.12093],[128.05381,37.12113],[128.05409,37.12471],[128.05414,37.1251],[128.05419,37.12542],[128.05422,37.12553],[128.05455,37.12613],[128.05496,37.12679],[128.05566,37.12896],[128.0557,37.1291],[128.05715,37.13636],[128.05729,37.13706],[128.05732,37.13719],[128.05731,37.13732],[128.05728,37.1374],[128.05721,37.13751],[128.05706,37.13764],[128.0566,37.13923],[128.05659,37.141],[128.05675,37.14238],[128.05732,37.144],[128.05818,37.14545],[128.05832,37.14556],[128.05851,37.14577],[128.05909,37.14653],[128.05927,37.14679],[128.06057,37.14875],[128.0606,37.14884],[128.06197,37.15357],[128.06197,37.15362],[128.06197,37.15365],[128.06198,37.1537],[128.06199,37.15385],[128.0619,37.15406],[128.06183,37.15413],[128.06159,37.15424],[128.05776,37.15658],[128.05536,37.15955],[128.05515,37.1598],[128.04741,37.16507],[128.04586,37.16592],[128.04574,37.16601],[128.04564,37.1661],[128.04551,37.16629],[128.04486,37.16757],[128.04483,37.16775],[128.04485,37.16793],[128.04491,37.1681],[128.04496,37.16821],[128.04505,37.16841],[128.04543,37.16899],[128.04557,37.16918],[128.04621,37.16977],[128.04627,37.16977],[128.04659,37.16965],[128.04696,37.1695],[128.04731,37.1694],[128.04745,37.16941],[128.04753,37.16943],[128.04763,37.16947],[128.04885,37.17013],[128.04963,37.1706],[128.04982,37.17071],[128.04995,37.17081],[128.04999,37.17088],[128.05001,37.17094],[128.05001,37.17115],[128.04997,37.1722],[128.04991,37.17251],[128.0497,37.1734],[128.04967,37.17351],[128.04959,37.17368],[128.04949,37.17379],[128.04871,37.17455],[128.04851,37.17473],[128.04843,37.17479],[128.0474,37.1754],[128.04601,37.17628],[128.0456,37.17655],[128.04542,37.17669],[128.04429,37.17773],[128.04425,37.17778],[128.04302,37.18213],[128.04197,37.18549],[128.04115,37.18773],[128.04048,37.18898],[128.04356,37.19057],[128.04365,37.1906],[128.04382,37.19065],[128.04424,37.19066],[128.04546,37.19004],[128.04598,37.1896],[128.04659,37.18915],[128.04699,37.18896],[128.04746,37.18897],[128.04937,37.18909],[128.04968,37.18912],[128.04977,37.18917],[128.05007,37.18955],[128.05022,37.18976],[128.05068,37.19009],[128.0518,37.19065],[128.05565,37.19222],[128.05698,37.19274],[128.05726,37.19283],[128.05973,37.19362],[128.07057,37.19459],[128.07131,37.19455],[128.07175,37.19451],[128.07197,37.19447],[128.07217,37.19437],[128.0725,37.19413],[128.07492,37.19348],[128.07881,37.19401],[128.07892,37.19412],[128.07894,37.19415],[128.07901,37.19442],[128.08236,37.1963],[128.08269,37.19641],[128.0846,37.19707],[128.08514,37.19728],[128.08641,37.19795],[128.08674,37.19833],[128.08701,37.1988],[128.08714,37.19902],[128.08753,37.19968],[128.08756,37.1997],[128.08775,37.19988],[128.08782,37.19993],[128.08792,37.19999],[128.08831,37.20013],[128.08892,37.20014],[128.09231,37.20007],[128.0931,37.19997],[128.09327,37.19993],[128.09349,37.19988],[128.09388,37.19977],[128.09414,37.19975],[128.09482,37.1998],[128.09491,37.19982],[128.10041,37.20172],[128.10501,37.20376],[128.10507,37.20379],[128.10871,37.20583],[128.11134,37.20766],[128.11155,37.20782],[128.11168,37.20801],[128.11172,37.20842],[128.11159,37.20913],[128.11163,37.20954],[128.11178,37.20984],[128.11202,37.21011],[128.11345,37.21147],[128.1136,37.21159],[128.1137,37.21168],[128.11416,37.2119],[128.11455,37.21202],[128.11505,37.2121],[128.11522,37.21218],[128.11762,37.21476],[128.11773,37.2149],[128.11864,37.21611],[128.11928,37.21725],[128.11929,37.21728],[128.11948,37.21761],[128.11978,37.2179],[128.12014,37.21815],[128.12066,37.21851],[128.12114,37.21878],[128.12134,37.21884],[128.12139,37.21886],[128.12185,37.2189],[128.12214,37.21899],[128.12441,37.22026],[128.12459,37.22042],[128.12466,37.22048],[128.12469,37.22051],[128.12473,37.22055],[128.12522,37.22114],[128.12527,37.22128],[128.12532,37.22229],[128.12531,37.22244],[128.12527,37.22257],[128.12523,37.22265],[128.124,37.22436],[128.12386,37.22449],[128.12331,37.22476],[128.12311,37.22484],[128.1228,37.22493],[128.1224,37.22504],[128.12218,37.22511],[128.12205,37.2253],[128.12202,37.22535],[128.12164,37.22616],[128.12154,37.22647],[128.12156,37.2275],[128.1228,37.2299],[128.12362,37.23134],[128.12369,37.23145],[128.12565,37.23386],[128.12579,37.23402],[128.12647,37.23465],[128.12682,37.23471],[128.12685,37.23464],[128.1269,37.23459],[128.12697,37.23453],[128.12824,37.23374],[128.12833,37.23369],[128.12848,37.23363],[128.12876,37.23357],[128.12917,37.2335],[128.1307,37.2327],[128.13158,37.2316],[128.13289,37.22997],[128.13324,37.22974],[128.13346,37.22969],[128.13362,37.22966],[128.13409,37.22963],[128.13556,37.22957],[128.13603,37.22958],[128.13709,37.22967],[128.13845,37.22969],[128.13982,37.22963],[128.14086,37.22949],[128.14109,37.22939],[128.14214,37.22841],[128.14221,37.22831],[128.14231,37.22702],[128.14229,37.22689],[128.14225,37.22673],[128.1422,37.22661],[128.14209,37.2264],[128.14205,37.22629],[128.14205,37.22619],[128.14206,37.22604],[128.14206,37.22599],[128.14208,37.22579],[128.14211,37.22554],[128.14219,37.22514],[128.14223,37.225],[128.14265,37.22416],[128.14313,37.22359],[128.14366,37.22303],[128.1439,37.22282],[128.14474,37.22218],[128.14497,37.22202],[128.14549,37.22182],[128.14554,37.2218],[128.14561,37.22181],[128.14576,37.22192],[128.14602,37.22209],[128.14605,37.2221],[128.14613,37.22215],[128.1463,37.22219],[128.14642,37.22223],[128.14662,37.22226],[128.14676,37.22227],[128.14687,37.22225],[128.14693,37.22223],[128.14702,37.22221],[128.14709,37.22218],[128.15003,37.22052],[128.1516,37.21892],[128.15211,37.21774],[128.15254,37.21718],[128.1533,37.2163],[128.15338,37.21621],[128.15357,37.21605],[128.15368,37.216],[128.15401,37.21588],[128.15492,37.21559],[128.15498,37.21558],[128.15505,37.21558],[128.15513,37.21558],[128.15531,37.2156],[128.15649,37.21579],[128.1579,37.21603],[128.15803,37.21606],[128.15813,37.21606],[128.15838,37.21602],[128.15847,37.216],[128.15957,37.21561],[128.16054,37.21527],[128.1609,37.21514],[128.16173,37.21482],[128.16184,37.21469],[128.16303,37.21369],[128.16306,37.21366],[128.16317,37.21358],[128.16337,37.21347],[128.16345,37.21344],[128.16398,37.21326],[128.16403,37.21326],[128.16406,37.21325],[128.16417,37.21328],[128.16439,37.21339],[128.1653,37.21389],[128.16546,37.21399],[128.16603,37.21432],[128.16637,37.21456],[128.16657,37.21473],[128.16672,37.21492]]]]}},{"type":"Feature","properties":{"code":"43150310","name":"금성면","parent":"43150"},"geometry":{"type":"MultiPolygon","coordinates":[[[[128.24399,37.07563],[128.24326,37.07533],[128.23995,37.07393],[128.23984,37.07387],[128.23978,37.07382],[128.23975,37.07378],[128.23952,37.07342],[128.23852,37.07135],[128.23848,37.07123],[128.23846,37.07111],[128.23843,37.07058],[128.23844,37.0705],[128.2385,37.07033],[128.23853,37.07027],[128.2386,37.07017],[128.23869,37.07005],[128.23875,37.06995],[128.23878,37.0698],[128.23879,37.06959],[128.23875,37.0679],[128.23873,37.06783],[128.2387,37.06773],[128.23856,37.06741],[128.23851,37.06734],[128.2369,37.06539],[128.23686,37.06536],[128.2368,37.06532],[128.23667,37.06527],[128.23643,37.06518],[128.23602,37.06504],[128.23156,37.06383],[128.22802,37.06294],[128.22784,37.06293],[128.22728,37.0629],[128.22693,37.06286],[128.22668,37.0628],[128.22642,37.06274],[128.22596,37.06261],[128.2259,37.06258],[128.22584,37.06254],[128.22564,37.06237],[128.22559,37.0623],[128.22502,37.06056],[128.22189,37.05607],[128.22183,37.05599],[128.22171,37.05587],[128.22159,37.05575],[128.22151,37.05568],[128.22145,37.05564],[128.22133,37.05558],[128.22121,37.05551],[128.22098,37.05542],[128.22071,37.05533],[128.22037,37.05522],[128.21998,37.05511],[128.21968,37.05505],[128.21937,37.055],[128.21922,37.05498],[128.2191,37.05499],[128.21901,37.05499],[128.21893,37.055],[128.21888,37.05501],[128.21883,37.055],[128.21876,37.05497],[128.21863,37.05491],[128.2185,37.05483],[128.21806,37.05443],[128.218,37.05437],[128.21798,37.05429],[128.21798,37.05424],[128.21801,37.05418],[128.21929,37.05176],[128.21969,37.05117],[128.22088,37.04921],[128.22046,37.04867],[128.21926,37.04585],[128.21925,37.0458],[128.21926,37.04571],[128.21944,37.04475],[128.2196,37.04429],[128.21984,37.04369],[128.21999,37.04332],[128.2201,37.04312],[128.22019,37.04304],[128.22026,37.043],[128.22029,37.04296],[128.22056,37.04244],[128.2206,37.04234],[128.22061,37.0423],[128.22067,37.04196],[128.22067,37.04192],[128.22066,37.04186],[128.22063,37.04182],[128.22057,37.04172],[128.22054,37.04168],[128.2196,37.04059],[128.2195,37.04047],[128.21894,37.03986],[128.21837,37.03911],[128.21734,37.03755],[128.2173,37.03749],[128.21728,37.03739],[128.21727,37.03733],[128.21729,37.03728],[128.21731,37.03725],[128.21735,37.03723],[128.21862,37.03697],[128.22063,37.03631],[128.22153,37.03599],[128.2217,37.03593],[128.22352,37.03489],[128.22388,37.03468],[128.22401,37.03459],[128.22415,37.03448],[128.22428,37.03438],[128.22432,37.03434],[128.22435,37.0343],[128.2244,37.03421],[128.22473,37.03363],[128.22475,37.03358],[128.2248,37.03348],[128.22486,37.0333],[128.2249,37.03318],[128.2249,37.03313],[128.22489,37.03306],[128.22486,37.033],[128.2248,37.03291],[128.22472,37.03279],[128.22461,37.03264],[128.22449,37.03239],[128.22438,37.03218],[128.22431,37.03199],[128.22425,37.03181],[128.2242,37.0316],[128.22417,37.03148],[128.22417,37.03141],[128.22418,37.03131],[128.22451,37.02963],[128.2252,37.0278],[128.22524,37.027],[128.22494,37.02702],[128.22481,37.02702],[128.22469,37.02703],[128.22461,37.02703],[128.22454,37.02703],[128.22431,37.02701],[128.22408,37.027],[128.22389,37.02697],[128.22372,37.02695],[128.22365,37.02692],[128.22361,37.0269],[128.22353,37.02687],[128.22349,37.02685],[128.22345,37.02683],[128.2224,37.02623],[128.22225,37.02612],[128.22203,37.02595],[128.22171,37.02574],[128.2216,37.02567],[128.22148,37.02562],[128.22135,37.02559],[128.2157,37.02492],[128.21125,37.02447],[128.20952,37.02455],[128.20916,37.02454],[128.20896,37.02452],[128.20709,37.02417],[128.20698,37.02415],[128.20685,37.02408],[128.20668,37.02398],[128.20659,37.02391],[128.20645,37.02378],[128.20622,37.02355],[128.20605,37.02339],[128.20602,37.02338],[128.20598,37.02335],[128.20589,37.02331],[128.20578,37.02328],[128.20567,37.02327],[128.20547,37.02326],[128.20521,37.02324],[128.20503,37.02324],[128.20487,37.02323],[128.20472,37.02323],[128.20359,37.02331],[128.20353,37.02332],[128.20345,37.02333],[128.20333,37.02336],[128.202,37.02387],[128.2019,37.02392],[128.20178,37.02398],[128.20144,37.02425],[128.20134,37.02435],[128.20103,37.0247],[128.20091,37.02484],[128.20082,37.02493],[128.20072,37.02502],[128.20059,37.02512],[128.20007,37.02549],[128.20003,37.02551],[128.19999,37.02553],[128.1999,37.02557],[128.19982,37.02558],[128.19975,37.02557],[128.19966,37.02555],[128.1977,37.02489],[128.19667,37.02443],[128.19662,37.0244],[128.19618,37.02393],[128.19523,37.0235],[128.19228,37.02366],[128.1922,37.02367],[128.19213,37.0237],[128.19114,37.02407],[128.19053,37.02432],[128.19021,37.02446],[128.18994,37.02452],[128.18986,37.02454],[128.18979,37.02455],[128.18958,37.02456],[128.18765,37.02444],[128.18754,37.02442],[128.18161,37.02298],[128.18127,37.02289],[128.18115,37.02285],[128.1811,37.02283],[128.18104,37.02278],[128.18099,37.02274],[128.18084,37.0226],[128.18068,37.02245],[128.18065,37.02242],[128.18063,37.02239],[128.18046,37.02223],[128.18021,37.02205],[128.17997,37.02189],[128.17989,37.02184],[128.17986,37.02183],[128.17983,37.02182],[128.17979,37.0218],[128.17973,37.02178],[128.17969,37.02177],[128.17962,37.02176],[128.17955,37.02175],[128.17942,37.02175],[128.17926,37.02174],[128.17894,37.02174],[128.17866,37.02173],[128.17831,37.02174],[128.17817,37.02176],[128.17811,37.02177],[128.17802,37.02181],[128.17638,37.02253],[128.17545,37.02315],[128.17533,37.02363],[128.17529,37.02374],[128.17524,37.02382],[128.17521,37.02386],[128.17518,37.02391],[128.17433,37.02486],[128.17391,37.02532],[128.17378,37.02544],[128.17374,37.02547],[128.17369,37.02551],[128.17092,37.0277],[128.16949,37.02861],[128.1656,37.03214],[128.16522,37.03268],[128.16477,37.03327],[128.16445,37.03368],[128.16441,37.03372],[128.16435,37.03374],[128.16432,37.03374],[128.16392,37.0334],[128.16214,37.03164],[128.16206,37.03156],[128.16176,37.03116],[128.16155,37.03086],[128.16139,37.03056],[128.1613,37.03039],[128.16067,37.02872],[128.16042,37.0278],[128.16043,37.02755],[128.16045,37.02688],[128.16042,37.02624],[128.16037,37.02591],[128.16031,37.02576],[128.16028,37.0257],[128.16008,37.02534],[128.15984,37.02498],[128.15977,37.0249],[128.15972,37.02484],[128.15966,37.02477],[128.1596,37.02472],[128.15956,37.02469],[128.15953,37.02467],[128.15947,37.02463],[128.15939,37.0246],[128.15929,37.02459],[128.15919,37.0246],[128.1591,37.02461],[128.15896,37.02466],[128.15887,37.02469],[128.15875,37.02474],[128.15861,37.0248],[128.15831,37.02491],[128.15731,37.02522],[128.15631,37.02552],[128.15594,37.02562],[128.15573,37.02566],[128.15538,37.02572],[128.15534,37.02573],[128.15531,37.02574],[128.15509,37.02577],[128.15487,37.02579],[128.15466,37.0258],[128.15452,37.0258],[128.15394,37.02577],[128.15333,37.02573],[128.15147,37.02546],[128.15122,37.02542],[128.15103,37.02539],[128.15081,37.02534],[128.15075,37.02532],[128.15067,37.02529],[128.15048,37.02522],[128.15037,37.02516],[128.15029,37.02513],[128.15022,37.02512],[128.15017,37.0251],[128.14998,37.02511],[128.14987,37.02512],[128.14976,37.02516],[128.14971,37.02518],[128.14967,37.0252],[128.1496,37.02523],[128.14952,37.02528],[128.1495,37.0253],[128.14947,37.02532],[128.14944,37.02535],[128.14941,37.02538],[128.14934,37.02546],[128.14927,37.02555],[128.14779,37.0278],[128.14771,37.02809],[128.14769,37.02821],[128.14772,37.02841],[128.14775,37.0285],[128.1481,37.02957],[128.14877,37.03145],[128.14917,37.03243],[128.14923,37.03251],[128.14929,37.03261],[128.14959,37.03315],[128.14969,37.03336],[128.15034,37.03489],[128.15036,37.035],[128.15035,37.03512],[128.14965,37.03943],[128.14929,37.04037],[128.14828,37.04239],[128.14781,37.04332],[128.14777,37.04338],[128.14468,37.04655],[128.14463,37.04659],[128.14453,37.04664],[128.14191,37.0473],[128.13887,37.04788],[128.13804,37.04802],[128.13636,37.04784],[128.13581,37.04774],[128.13562,37.04769],[128.13548,37.04764],[128.13367,37.04695],[128.1336,37.04692],[128.13336,37.04679],[128.13309,37.04664],[128.13281,37.04645],[128.13265,37.04631],[128.13258,37.04627],[128.1325,37.04624],[128.13099,37.04597],[128.13089,37.04595],[128.13015,37.04584],[128.12993,37.04581],[128.12985,37.04581],[128.12982,37.04582],[128.12975,37.04583],[128.1297,37.04585],[128.12963,37.04589],[128.12955,37.04594],[128.12633,37.04847],[128.12611,37.04869],[128.12586,37.049],[128.12578,37.04914],[128.12571,37.0493],[128.12569,37.04945],[128.12569,37.04949],[128.12571,37.04964],[128.12578,37.04977],[128.12615,37.05025],[128.12622,37.0503],[128.12628,37.05033],[128.12658,37.05041],[128.1268,37.05047],[128.12687,37.0505],[128.12698,37.05056],[128.12709,37.05065],[128.12712,37.05069],[128.12715,37.05075],[128.12713,37.05082],[128.127,37.05122],[128.12694,37.05132],[128.12566,37.05304],[128.12561,37.0531],[128.12555,37.05315],[128.12487,37.0537],[128.12479,37.05375],[128.12467,37.05382],[128.12454,37.05388],[128.12445,37.05392],[128.12433,37.05396],[128.12414,37.05403],[128.12355,37.05417],[128.12325,37.05422],[128.12257,37.05435],[128.12253,37.05434],[128.12249,37.05433],[128.12235,37.05422],[128.12155,37.05356],[128.11173,37.04879],[128.1117,37.04878],[128.11167,37.04877],[128.11164,37.04876],[128.11154,37.04872],[128.11145,37.04868],[128.11136,37.04865],[128.11127,37.04862],[128.1112,37.0486],[128.11114,37.04858],[128.11108,37.04855],[128.11071,37.04844],[128.11067,37.04843],[128.11051,37.04839],[128.11038,37.04838],[128.11005,37.04837],[128.11,37.04837],[128.10973,37.0484],[128.10956,37.04842],[128.10953,37.04843],[128.10949,37.04844],[128.10946,37.04847],[128.10635,37.05166],[128.10633,37.05168],[128.10627,37.05176],[128.10625,37.05181],[128.10625,37.05184],[128.10638,37.05231],[128.10639,37.05236],[128.10642,37.05245],[128.10646,37.05252],[128.10648,37.05256],[128.1065,37.05259],[128.10652,37.05261],[128.10654,37.05264],[128.10657,37.05266],[128.10743,37.05342],[128.10907,37.05487],[128.11046,37.05584],[128.11249,37.05803],[128.11256,37.05813],[128.1126,37.05824],[128.11259,37.05834],[128.11254,37.05846],[128.11242,37.05865],[128.11229,37.05882],[128.11205,37.05902],[128.11186,37.05915],[128.1118,37.05917],[128.11175,37.0592],[128.1111,37.0594],[128.11096,37.05944],[128.1108,37.05948],[128.11067,37.05951],[128.11059,37.05955],[128.11056,37.05959],[128.11053,37.05965],[128.11052,37.05971],[128.11053,37.06284],[128.11055,37.06293],[128.11117,37.06472],[128.11115,37.06476],[128.11113,37.06481],[128.11107,37.06505],[128.11106,37.06509],[128.11106,37.06523],[128.11107,37.06535],[128.1111,37.06547],[128.11116,37.06561],[128.11197,37.0674],[128.11201,37.06746],[128.11208,37.06754],[128.11216,37.06762],[128.11564,37.07034],[128.1157,37.07038],[128.11602,37.0706],[128.11616,37.07068],[128.11627,37.07072],[128.11824,37.07106],[128.11943,37.07111],[128.12085,37.07112],[128.12424,37.07116],[128.12458,37.0712],[128.12463,37.07122],[128.12783,37.07398],[128.1323,37.07573],[128.14015,37.07743],[128.14758,37.08151],[128.14764,37.08157],[128.1477,37.08163],[128.14786,37.08195],[128.14796,37.08216],[128.14813,37.08238],[128.1482,37.08248],[128.14826,37.08254],[128.14897,37.08325],[128.14905,37.08331],[128.14908,37.08332],[128.15028,37.0836],[128.15095,37.0837],[128.15215,37.08375],[128.15311,37.08378],[128.15599,37.08628],[128.15604,37.08865],[128.1561,37.09028],[128.15612,37.09052],[128.15613,37.09059],[128.15615,37.09064],[128.15619,37.09068],[128.15622,37.0907],[128.15625,37.09072],[128.15634,37.09075],[128.15897,37.09133],[128.15906,37.09135],[128.15914,37.09136],[128.15921,37.09135],[128.15928,37.09134],[128.15934,37.09133],[128.15944,37.0913],[128.1605,37.091],[128.161,37.09081],[128.16112,37.09076],[128.16138,37.09065],[128.16179,37.09049],[128.16241,37.09025],[128.16248,37.09022],[128.16254,37.09021],[128.16267,37.09018],[128.16271,37.09018],[128.16291,37.09019],[128.16301,37.0902],[128.16502,37.0906],[128.16514,37.09063],[128.1652,37.09066],[128.16526,37.09071],[128.16533,37.09085],[128.1656,37.09135],[128.16567,37.09148],[128.1662,37.09289],[128.16623,37.09299],[128.16626,37.09314],[128.16625,37.09326],[128.16608,37.09417],[128.16602,37.09437],[128.16581,37.09485],[128.16561,37.0953],[128.16559,37.09539],[128.16557,37.09554],[128.16553,37.09613],[128.16554,37.09623],[128.16555,37.09628],[128.16558,37.09634],[128.16561,37.09638],[128.16565,37.09643],[128.16569,37.09646],[128.16639,37.09675],[128.16646,37.09678],[128.16653,37.09679],[128.17103,37.09686],[128.1711,37.09686],[128.17115,37.09685],[128.1712,37.09683],[128.17132,37.09679],[128.17325,37.09602],[128.17302,37.09558],[128.17231,37.09178],[128.17294,37.09219],[128.17344,37.09264],[128.17381,37.09316],[128.17668,37.09364],[128.17741,37.09203],[128.17752,37.09184],[128.17812,37.09115],[128.17932,37.09016],[128.17935,37.09098],[128.17954,37.09169],[128.17998,37.0922],[128.18053,37.09238],[128.18122,37.09261],[128.18259,37.09162],[128.1827,37.09152],[128.18277,37.09145],[128.18353,37.09117],[128.18379,37.09112],[128.18416,37.09105],[128.18573,37.09104],[128.189,37.09115],[128.18936,37.09132],[128.18989,37.09158],[128.18995,37.09193],[128.18996,37.09203],[128.19099,37.0932],[128.19112,37.0933],[128.19125,37.09339],[128.19233,37.09345],[128.19338,37.09342],[128.19648,37.09393],[128.19869,37.09531],[128.20089,37.09606],[128.20094,37.09591],[128.20131,37.09474],[128.20164,37.0944],[128.20207,37.09394],[128.20285,37.09363],[128.20358,37.09333],[128.20497,37.09291],[128.20644,37.09246],[128.2095,37.09287],[128.21142,37.09399],[128.21177,37.09511],[128.21165,37.09636],[128.21268,37.09705],[128.21435,37.09679],[128.21602,37.0965],[128.21667,37.09628],[128.21725,37.09666],[128.21753,37.09685],[128.21705,37.0981],[128.21672,37.09852],[128.21583,37.09928],[128.21547,37.10015],[128.21581,37.10041],[128.21763,37.10158],[128.21742,37.10253],[128.21643,37.10393],[128.21545,37.10391],[128.21395,37.10452],[128.21264,37.10519],[128.21146,37.10648],[128.21151,37.10711],[128.21287,37.1072],[128.21342,37.10724],[128.2149,37.10724],[128.2155,37.10716],[128.21632,37.10706],[128.21768,37.10697],[128.21908,37.10695],[128.22096,37.10876],[128.22337,37.10996],[128.22486,37.11001],[128.22613,37.11034],[128.22674,37.11082],[128.22737,37.11284],[128.22872,37.11463],[128.23362,37.11382],[128.2337,37.11378],[128.23379,37.11373],[128.23393,37.11362],[128.23408,37.11345],[128.23428,37.11321],[128.23441,37.11304],[128.23447,37.11296],[128.23457,37.1128],[128.23599,37.10975],[128.23436,37.10744],[128.23419,37.10725],[128.23399,37.10699],[128.2338,37.10675],[128.23372,37.10663],[128.23366,37.10651],[128.23361,37.10639],[128.23346,37.10601],[128.23345,37.10594],[128.23341,37.10577],[128.23337,37.10528],[128.23337,37.10519],[128.2334,37.10509],[128.23455,37.09946],[128.23518,37.0964],[128.23579,37.09171],[128.23603,37.08791],[128.23626,37.08784],[128.23635,37.0878],[128.23723,37.08739],[128.2373,37.08735],[128.23903,37.08599],[128.23911,37.08591],[128.23928,37.08576],[128.23942,37.08562],[128.23946,37.08556],[128.23947,37.08552],[128.23946,37.08546],[128.23782,37.08199],[128.23775,37.08184],[128.23768,37.08173],[128.23761,37.08164],[128.23753,37.08155],[128.24132,37.07701],[128.24145,37.07687],[128.24165,37.07671],[128.24175,37.07663],[128.24219,37.07633],[128.2423,37.07627],[128.2424,37.07623],[128.24399,37.07563]]]]}},{"type":"Feature","properties":{"code":"43150320","name":"청풍면","parent":"43150"},"geometry":{"type":"MultiPolygon","coordinates":[[[[128.11117,37.06472],[128.11055,37.06293],[128.11053,37.06284],[128.11052,37.05971],[128.11053,37.05965],[128.11056,37.05959],[128.11059,37.05955],[128.11067,37.05951],[128.1108,37.05948],[128.11096,37.05944],[128.1111,37.0594],[128.11175,37.0592],[128.1118,37.05917],[128.11186,37.05915],[128.11205,37.05902],[128.11229,37.05882],[128.11242,37.05865],[128.11254,37.05846],[128.11259,37.05834],[128.1126,37.05824],[128.11256,37.05813],[128.11249,37.05803],[128.11046,37.05584],[128.10907,37.05487],[128.10743,37.05342],[128.10657,37.05266],[128.10654,37.05264],[128.10652,37.05261],[128.1065,37.05259],[128.10648,37.05256],[128.10646,37.05252],[128.10642,37.05245],[128.10639,37.05236],[128.10638,37.05231],[128.10625,37.05184],[128.10625,37.05181],[128.10627,37.05176],[128.10633,37.05168],[128.10635,37.05166],[128.10946,37.04847],[128.10949,37.04844],[128.10953,37.04843],[128.10956,37.04842],[128.10973,37.0484],[128.11,37.04837],[128.11005,37.04837],[128.11038,37.04838],[128.11051,37.04839],[128.11067,37.04843],[128.11071,37.04844],[128.11108,37.04855],[128.11114,37.04858],[128.1112,37.0486],[128.11127,37.04862],[128.11136,37.04865],[128.11145,37.04868],[128.11154,37.04872],[128.11164,37.04876],[128.11167,37.04877],[128.1117,37.04878],[128.11173,37.04879],[128.12155,37.05356],[128.12235,37.05422],[128.12249,37.05433],[128.12253,37.05434],[128.12257,37.05435],[128.12325,37.05422],[128.12355,37.05417],[128.12414,37.05403],[128.12433,37.05396],[128.12445,37.05392],[128.12454,37.05388],[128.12467,37.05382],[128.12479,37.05375],[128.12487,37.0537],[128.12555,37.05315],[128.12561,37.0531],[128.12566,37.05304],[128.12694,37.05132],[128.127,37.05122],[128.12713,37.05082],[128.12715,37.05075],[128.12712,37.05069],[128.12709,37.05065],[128.12698,37.05056],[128.12687,37.0505],[128.1268,37.05047],[128.12658,37.05041],[128.12628,37.05033],[128.12622,37.0503],[128.12615,37.05025],[128.12578,37.04977],[128.12571,37.04964],[128.12569,37.04949],[128.12569,37.04945],[128.12571,37.0493],[128.12578,37.04914],[128.12586,37.049],[128.12611,37.04869],[128.12633,37.04847],[128.12955,37.04594],[128.12963,37.04589],[128.1297,37.04585],[128.12975,37.04583],[128.12982,37.04582],[128.12985,37.04581],[128.12993,37.04581],[128.13015,37.04584],[128.13089,37.04595],[128.13099,37.04597],[128.1325,37.04624],[128.13258,37.04627],[128.13265,37.04631],[128.13281,37.04645],[128.13309,37.04664],[128.13336,37.04679],[128.1336,37.04692],[128.13367,37.04695],[128.13548,37.04764],[128.13562,37.04769],[128.13581,37.04774],[128.13636,37.04784],[128.13804,37.04802],[128.13887,37.04788],[128.14191,37.0473],[128.14453,37.04664],[128.14463,37.04659],[128.14468,37.04655],[128.14777,37.04338],[128.14781,37.04332],[128.14828,37.04239],[128.14929,37.04037],[128.14965,37.03943],[128.15035,37.03512],[128.15036,37.035],[128.15034,37.03489],[128.14969,37.03336],[128.14959,37.03315],[128.14929,37.03261],[128.14923,37.03251],[128.14917,37.03243],[128.14877,37.03145],[128.1481,37.02957],[128.14775,37.0285],[128.14772,37.02841],[128.14769,37.02821],[128.14771,37.02809],[128.14779,37.0278],[128.14927,37.02555],[128.14934,37.02546],[128.14941,37.02538],[128.14944,37.02535],[128.14947,37.02532],[128.1495,37.0253],[128.14952,37.02528],[128.1496,37.02523],[128.14967,37.0252],[128.14971,37.02518],[128.14976,37.02516],[128.14987,37.02512],[128.14998,37.02511],[128.15017,37.0251],[128.15022,37.02512],[128.15029,37.02513],[128.15037,37.02516],[128.15048,37.02522],[128.15067,37.02529],[128.15075,37.02532],[128.15081,37.02534],[128.15103,37.02539],[128.15122,37.02542],[128.15147,37.02546],[128.15333,37.02573],[128.15394,37.02577],[128.15452,37.0258],[128.15466,37.0258],[128.15487,37.02579],[128.15509,37.02577],[128.15531,37.02574],[128.15534,37.02573],[128.15538,37.02572],[128.15573,37.02566],[128.15594,37.02562],[128.15631,37.02552],[128.15731,37.02522],[128.15831,37.02491],[128.15861,37.0248],[128.15875,37.02474],[128.15887,37.02469],[128.15896,37.02466],[128.1591,37.02461],[128.15919,37.0246],[128.15929,37.02459],[128.15939,37.0246],[128.15947,37.02463],[128.15953,37.02467],[128.15956,37.02469],[128.1596,37.02472],[128.15966,37.02477],[128.15972,37.02484],[128.15977,37.0249],[128.15984,37.02498],[128.16008,37.02534],[128.16028,37.0257],[128.16031,37.02576],[128.16037,37.02591],[128.16042,37.02624],[128.16045,37.02688],[128.16043,37.02755],[128.16042,37.0278],[128.16067,37.02872],[128.1613,37.03039],[128.16139,37.03056],[128.16155,37.03086],[128.16176,37.03116],[128.16206,37.03156],[128.16214,37.03164],[128.16392,37.0334],[128.16432,37.03374],[128.16435,37.03374],[128.16441,37.03372],[128.16445,37.03368],[128.16477,37.03327],[128.16522,37.03268],[128.1656,37.03214],[128.16949,37.02861],[128.17092,37.0277],[128.17369,37.02551],[128.17374,37.02547],[128.17378,37.02544],[128.17391,37.02532],[128.17433,37.02486],[128.17518,37.02391],[128.17521,37.02386],[128.17524,37.02382],[128.17529,37.02374],[128.17533,37.02363],[128.17545,37.02315],[128.17638,37.02253],[128.17802,37.02181],[128.17811,37.02177],[128.17817,37.02176],[128.17831,37.02174],[128.17866,37.02173],[128.17894,37.02174],[128.17926,37.02174],[128.17942,37.02175],[128.17955,37.02175],[128.17962,37.02176],[128.17969,37.02177],[128.17973,37.02178],[128.17979,37.0218],[128.17983,37.02182],[128.17986,37.02183],[128.17989,37.02184],[128.17997,37.02189],[128.18021,37.02205],[128.18046,37.02223],[128.18063,37.02239],[128.18065,37.02242],[128.18068,37.02245],[128.18084,37.0226],[128.18099,37.02274],[128.18104,37.02278],[128.1811,37.02283],[128.18115,37.02285],[128.18127,37.02289],[128.18161,37.02298],[128.18754,37.02442],[128.18765,37.02444],[128.18958,37.02456],[128.18979,37.02455],[128.18986,37.02454],[128.18994,37.02452],[128.19021,37.02446],[128.19053,37.02432],[128.19114,37.02407],[128.19213,37.0237],[128.1922,37.02367],[128.19228,37.02366],[128.19523,37.0235],[128.19618,37.02393],[128.19662,37.0244],[128.19667,37.02443],[128.1977,37.02489],[128.19966,37.02555],[128.19975,37.02557],[128.19982,37.02558],[128.1999,37.02557],[128.19999,37.02553],[128.20003,37.02551],[128.20007,37.02549],[128.20059,37.02512],[128.20072,37.02502],[128.20082,37.02493],[128.20091,37.02484],[128.20103,37.0247],[128.20134,37.02435],[128.20144,37.02425],[128.20178,37.02398],[128.2019,37.02392],[128.202,37.02387],[128.20333,37.02336],[128.20345,37.02333],[128.20353,37.02332],[128.20359,37.02331],[128.20472,37.02323],[128.20487,37.02323],[128.20503,37.02324],[128.20521,37.02324],[128.20547,37.02326],[128.20567,37.02327],[128.20578,37.02328],[128.20589,37.02331],[128.20598,37.02335],[128.20602,37.02338],[128.20605,37.02339],[128.20622,37.02355],[128.20645,37.02378],[128.20659,37.02391],[128.20668,37.02398],[128.20685,37.02408],[128.20698,37.02415],[128.20709,37.02417],[128.20896,37.02452],[128.20916,37.02454],[128.20952,37.02455],[128.21125,37.02447],[128.2157,37.02492],[128.22135,37.02559],[128.22148,37.02562],[128.2216,37.02567],[128.22171,37.02574],[128.22203,37.02595],[128.22225,37.02612],[128.2224,37.02623],[128.22345,37.02683],[128.22349,37.02685],[128.22353,37.02687],[128.22361,37.0269],[128.22365,37.02692],[128.22372,37.02695],[128.22389,37.02697],[128.22408,37.027],[128.22431,37.02701],[128.22454,37.02703],[128.22461,37.02703],[128.22469,37.02703],[128.22481,37.02702],[128.22494,37.02702],[128.22524,37.027],[128.22555,37.02689],[128.22565,37.02685],[128.22665,37.0264],[128.22671,37.02636],[128.22676,37.02631],[128.22679,37.02623],[128.22679,37.02614],[128.22678,37.02608],[128.22674,37.02601],[128.22664,37.02585],[128.22656,37.02575],[128.22653,37.0257],[128.22645,37.02549],[128.22644,37.02546],[128.22645,37.02542],[128.22648,37.02537],[128.22652,37.02534],[128.22656,37.02531],[128.22669,37.02524],[128.22813,37.02445],[128.22821,37.02441],[128.22825,37.02441],[128.22829,37.02441],[128.22964,37.02443],[128.22973,37.02443],[128.22984,37.02443],[128.22997,37.02444],[128.23012,37.02446],[128.23028,37.02448],[128.23041,37.02449],[128.23054,37.02452],[128.23069,37.02455],[128.2338,37.02491],[128.23741,37.02502],[128.23749,37.02501],[128.23762,37.02498],[128.23829,37.02482],[128.23836,37.0248],[128.2402,37.02395],[128.24025,37.02393],[128.24038,37.02387],[128.24041,37.02385],[128.24044,37.02384],[128.24057,37.02374],[128.24392,37.02102],[128.24397,37.02098],[128.24405,37.0209],[128.24457,37.02045],[128.24459,37.02041],[128.24583,37.01774],[128.24627,37.01643],[128.24766,37.01385],[128.24773,37.01374],[128.24795,37.01347],[128.24879,37.01254],[128.25071,37.01064],[128.25078,37.01059],[128.2509,37.01052],[128.25258,37.00963],[128.25286,37.00952],[128.25303,37.00948],[128.25319,37.00945],[128.2535,37.0094],[128.25375,37.00936],[128.25379,37.00934],[128.25383,37.00928],[128.25515,37.00721],[128.25522,37.0071],[128.25634,37.00427],[128.25682,37.0028],[128.2575,37.00035],[128.25752,37.00027],[128.25753,37.00019],[128.25753,37.00012],[128.25752,37.00008],[128.25744,36.99976],[128.25736,36.99945],[128.25727,36.99922],[128.25714,36.99895],[128.25698,36.99876],[128.25676,36.99852],[128.25671,36.99847],[128.25665,36.99841],[128.25654,36.99833],[128.2564,36.99824],[128.25631,36.99818],[128.25617,36.9981],[128.25599,36.99803],[128.25576,36.99796],[128.25386,36.99753],[128.25276,36.9974],[128.25268,36.99739],[128.2524,36.99736],[128.25226,36.99735],[128.25215,36.99735],[128.25204,36.99737],[128.25194,36.9974],[128.25176,36.99747],[128.25024,36.99813],[128.24944,36.99862],[128.24885,36.99906],[128.24875,36.99912],[128.24867,36.99916],[128.24856,36.99922],[128.24613,37.00026],[128.2451,37.00067],[128.24437,37.00076],[128.23674,37.00086],[128.23572,37.00085],[128.23456,37.00081],[128.2333,37.00073],[128.23236,37.00067],[128.23078,37.00081],[128.22732,37.00175],[128.22243,37.00335],[128.21847,37.00401],[128.21834,37.00404],[128.21822,37.00409],[128.21811,37.00417],[128.21789,37.00437],[128.21781,37.00443],[128.21759,37.00453],[128.21696,37.00479],[128.2168,37.00486],[128.21675,37.00486],[128.21327,37.0044],[128.21317,37.00437],[128.21313,37.00436],[128.21087,37.00345],[128.20834,37.0021],[128.20729,37.00144],[128.20642,37.00108],[128.20568,37.0009],[128.205,37.00099],[128.20426,37.00107],[128.20376,37.00105],[128.20263,37.00051],[128.20182,36.99983],[128.19748,36.99473],[128.19694,36.99399],[128.1967,36.99243],[128.1965,36.9922],[128.19159,36.98906],[128.18646,36.98595],[128.18163,36.98319],[128.18028,36.98238],[128.1798,36.98197],[128.17843,36.97989],[128.17804,36.97924],[128.17794,36.97862],[128.17732,36.97455],[128.17754,36.97381],[128.17806,36.97331],[128.17977,36.97251],[128.18023,36.97241],[128.18039,36.97227],[128.18109,36.97112],[128.1827,36.9672],[128.1827,36.96653],[128.18212,36.96577],[128.18175,36.96554],[128.17994,36.96506],[128.17941,36.96501],[128.17932,36.96503],[128.17899,36.96512],[128.17846,36.96576],[128.17804,36.96666],[128.1774,36.96756],[128.17667,36.96827],[128.17286,36.97081],[128.17144,36.9712],[128.16439,36.97173],[128.16384,36.97176],[128.16362,36.97171],[128.16342,36.97166],[128.16286,36.97136],[128.1625,36.97089],[128.16153,36.96909],[128.16137,36.96864],[128.16152,36.96757],[128.1615,36.96647],[128.16118,36.96521],[128.16063,36.96475],[128.15969,36.96452],[128.15759,36.9644],[128.15492,36.9641],[128.15383,36.96383],[128.15263,36.96333],[128.152,36.96316],[128.15155,36.96316],[128.15065,36.96356],[128.15053,36.96384],[128.15065,36.96508],[128.15107,36.9661],[128.15111,36.96697],[128.15097,36.96711],[128.14642,36.96971],[128.14618,36.96975],[128.14264,36.96955],[128.14232,36.96947],[128.1422,36.96944],[128.14186,36.96927],[128.14162,36.96894],[128.13871,36.96472],[128.13664,36.96124],[128.13274,36.95565],[128.13204,36.95523],[128.13041,36.95491],[128.12974,36.95482],[128.12914,36.95489],[128.12857,36.95501],[128.12296,36.95621],[128.12017,36.9571],[128.11926,36.95742],[128.11861,36.958],[128.11841,36.95863],[128.11775,36.95974],[128.11534,36.96212],[128.11481,36.96251],[128.10983,36.96451],[128.10525,36.96762],[128.10464,36.96834],[128.10368,36.96967],[128.10302,36.97132],[128.10219,36.9738],[128.10199,36.97489],[128.10246,36.97657],[128.10268,36.97772],[128.10256,36.97844],[128.10229,36.97868],[128.10114,36.97952],[128.10026,36.98036],[128.09991,36.98097],[128.09887,36.98306],[128.09871,36.98375],[128.09889,36.98453],[128.09911,36.9852],[128.09981,36.98669],[128.10037,36.98746],[128.10093,36.98764],[128.10188,36.98786],[128.1029,36.98787],[128.10456,36.98837],[128.10523,36.98883],[128.10545,36.98926],[128.10545,36.98962],[128.10495,36.99054],[128.10431,36.99147],[128.10283,36.99263],[128.10056,36.99372],[128.09746,36.99424],[128.09435,36.99422],[128.09206,36.99385],[128.09047,36.99311],[128.08972,36.99246],[128.08932,36.99155],[128.08734,36.99001],[128.08553,36.99016],[128.08484,36.99036],[128.08431,36.99082],[128.08389,36.99394],[128.08372,36.99549],[128.08364,36.99588],[128.08334,36.99626],[128.08208,36.99719],[128.08105,36.9977],[128.07976,36.99799],[128.07915,36.99832],[128.07906,36.9984],[128.07869,36.99874],[128.07607,37.00254],[128.07613,37.00342],[128.07615,37.00357],[128.07643,37.00554],[128.07646,37.00561],[128.07649,37.00565],[128.08055,37.00886],[128.08327,37.01018],[128.08343,37.01026],[128.08348,37.01027],[128.08362,37.01029],[128.08374,37.01029],[128.0839,37.01027],[128.08434,37.01017],[128.08444,37.01015],[128.08453,37.01014],[128.08458,37.01014],[128.08474,37.01017],[128.08482,37.0102],[128.08493,37.01025],[128.08504,37.01033],[128.08605,37.01127],[128.08608,37.01131],[128.08871,37.01707],[128.08879,37.01726],[128.08883,37.01737],[128.0889,37.01762],[128.08894,37.01795],[128.08892,37.01806],[128.0889,37.01814],[128.08888,37.01819],[128.08882,37.01825],[128.08871,37.01835],[128.08785,37.01903],[128.08778,37.01909],[128.0876,37.01921],[128.08732,37.01939],[128.08721,37.01945],[128.08705,37.01953],[128.08683,37.01963],[128.08675,37.01966],[128.08657,37.0197],[128.08588,37.01988],[128.08579,37.01991],[128.08571,37.01995],[128.08564,37.02],[128.08561,37.02003],[128.08561,37.02007],[128.08564,37.02014],[128.08632,37.02124],[128.0867,37.02183],[128.08773,37.02274],[128.08779,37.02279],[128.08793,37.02287],[128.08801,37.02291],[128.08811,37.02295],[128.08838,37.02304],[128.08852,37.02307],[128.08867,37.02309],[128.08879,37.0231],[128.08832,37.02547],[128.08617,37.02804],[128.08615,37.02808],[128.08612,37.02817],[128.08611,37.02823],[128.08612,37.02826],[128.08615,37.02832],[128.0866,37.02915],[128.08679,37.02946],[128.08737,37.03015],[128.08742,37.03021],[128.0875,37.03027],[128.08759,37.03034],[128.08778,37.03045],[128.08827,37.03072],[128.08839,37.03079],[128.08848,37.03087],[128.08854,37.03095],[128.08859,37.03104],[128.08861,37.03113],[128.0886,37.03124],[128.08858,37.03132],[128.08849,37.03157],[128.08828,37.03206],[128.08823,37.03216],[128.08728,37.03384],[128.0865,37.03504],[128.0849,37.03718],[128.08452,37.03736],[128.08441,37.03743],[128.08434,37.0375],[128.08429,37.03756],[128.08387,37.03822],[128.08384,37.03827],[128.08382,37.03832],[128.08377,37.0385],[128.08375,37.03862],[128.08372,37.03916],[128.08373,37.0416],[128.08374,37.04166],[128.08379,37.04176],[128.08384,37.04184],[128.08391,37.04191],[128.08409,37.04202],[128.08418,37.04209],[128.08423,37.04213],[128.08438,37.04234],[128.08441,37.0424],[128.08443,37.04248],[128.08446,37.04263],[128.08446,37.0445],[128.08444,37.04457],[128.08433,37.04481],[128.08268,37.04767],[128.08246,37.04796],[128.0824,37.04802],[128.08229,37.0481],[128.08195,37.04831],[128.08179,37.04839],[128.08169,37.04843],[128.08143,37.04853],[128.08089,37.04869],[128.08078,37.04872],[128.08066,37.04905],[128.08065,37.04911],[128.08066,37.04917],[128.08068,37.04923],[128.08118,37.05043],[128.08263,37.05363],[128.0831,37.05762],[128.08377,37.06082],[128.08389,37.06093],[128.08399,37.06103],[128.08408,37.06115],[128.08413,37.06123],[128.0855,37.06388],[128.08553,37.06399],[128.08559,37.06433],[128.0856,37.06438],[128.08569,37.06578],[128.08569,37.06587],[128.08568,37.06591],[128.08561,37.066],[128.08549,37.06611],[128.0854,37.06618],[128.08515,37.0663],[128.08507,37.06634],[128.08495,37.06641],[128.08474,37.06657],[128.08467,37.06667],[128.08457,37.06683],[128.08207,37.07089],[128.08202,37.07096],[128.08201,37.07102],[128.08202,37.07113],[128.08206,37.07133],[128.08209,37.07145],[128.08308,37.07413],[128.08336,37.0742],[128.0838,37.07433],[128.08404,37.07447],[128.08418,37.07459],[128.08486,37.0753],[128.08513,37.07562],[128.08583,37.07479],[128.08931,37.07299],[128.08939,37.07296],[128.08956,37.07293],[128.0905,37.07284],[128.09211,37.07306],[128.0924,37.0731],[128.09247,37.0731],[128.09262,37.07306],[128.0927,37.07303],[128.09282,37.07298],[128.09889,37.06933],[128.0996,37.06939],[128.09988,37.0694],[128.10095,37.06925],[128.10109,37.06921],[128.10119,37.06917],[128.10832,37.066],[128.11117,37.06472]]]]}},{"type":"Feature","properties":{"code":"43150330","name":"수산면","parent":"43150"},"geometry":{"type":"MultiPolygon","coordinates":[[[[128.25386,36.99753],[128.25412,36.99741],[128.25677,36.99572],[128.25685,36.99567],[128.257,36.99556],[128.25706,36.99551],[128.25713,36.99545],[128.25729,36.99528],[128.25735,36.9952],[128.2575,36.99502],[128.25755,36.99496],[128.25818,36.99408],[128.25821,36.99404],[128.25824,36.994],[128.25871,36.9932],[128.25873,36.99316],[128.25874,36.99313],[128.25873,36.99307],[128.25769,36.98846],[128.25766,36.98833],[128.25765,36.98829],[128.25734,36.98724],[128.2573,36.9872],[128.25726,36.98717],[128.25722,36.98716],[128.25716,36.98715],[128.25711,36.98715],[128.25707,36.98716],[128.257,36.98717],[128.25697,36.98718],[128.25693,36.98717],[128.2569,36.98716],[128.25686,36.98715],[128.25679,36.98712],[128.25673,36.98708],[128.25616,36.98671],[128.25615,36.98668],[128.25617,36.9866],[128.2564,36.98598],[128.25641,36.98596],[128.2577,36.98333],[128.25871,36.98134],[128.2588,36.98126],[128.25891,36.98115],[128.25894,36.98112],[128.25901,36.98105],[128.25908,36.98098],[128.25925,36.98072],[128.25928,36.98068],[128.2593,36.98063],[128.25938,36.98046],[128.25947,36.98023],[128.25954,36.98003],[128.25961,36.97981],[128.25962,36.97975],[128.25996,36.97811],[128.26014,36.9772],[128.26043,36.97572],[128.26045,36.97553],[128.26045,36.97548],[128.26045,36.97533],[128.26071,36.97218],[128.26101,36.9693],[128.26229,36.96707],[128.26239,36.96697],[128.26273,36.9666],[128.2628,36.96651],[128.26288,36.96642],[128.2629,36.96639],[128.26292,36.96635],[128.26297,36.96622],[128.26301,36.96606],[128.26301,36.966],[128.263,36.9658],[128.26322,36.96408],[128.26436,36.96292],[128.26625,36.96092],[128.2655,36.96006],[128.2645,36.95914],[128.26433,36.959],[128.2642,36.9589],[128.2639,36.95868],[128.26372,36.95857],[128.26367,36.95854],[128.26363,36.95852],[128.26314,36.95828],[128.26295,36.95819],[128.26278,36.9581],[128.26242,36.95793],[128.26217,36.95779],[128.26209,36.95773],[128.262,36.95765],[128.26193,36.95757],[128.26188,36.95751],[128.26175,36.95733],[128.26135,36.95669],[128.26126,36.95654],[128.26125,36.95651],[128.26127,36.95648],[128.26243,36.95478],[128.26248,36.95471],[128.26324,36.9539],[128.26417,36.95307],[128.26424,36.95303],[128.26426,36.95299],[128.26429,36.95294],[128.26432,36.95285],[128.26433,36.95281],[128.26448,36.95182],[128.2645,36.9517],[128.2645,36.95157],[128.26448,36.95072],[128.26447,36.95063],[128.26442,36.95045],[128.26438,36.95036],[128.26426,36.95013],[128.26412,36.94992],[128.26402,36.9498],[128.26396,36.94973],[128.26391,36.94968],[128.26385,36.94963],[128.26381,36.9496],[128.26359,36.94944],[128.26337,36.94929],[128.26329,36.94926],[128.26322,36.94922],[128.26318,36.9492],[128.26313,36.94918],[128.26303,36.94915],[128.26299,36.94914],[128.26296,36.94914],[128.26292,36.94914],[128.26284,36.94915],[128.26257,36.9492],[128.26252,36.94921],[128.26244,36.94923],[128.26241,36.94924],[128.26235,36.94925],[128.2623,36.94925],[128.26217,36.94924],[128.26207,36.94922],[128.26032,36.94869],[128.26019,36.94865],[128.26013,36.94863],[128.26008,36.94861],[128.26004,36.94858],[128.25999,36.94854],[128.25992,36.94848],[128.25988,36.94843],[128.25984,36.94838],[128.25857,36.94675],[128.25836,36.9463],[128.25824,36.94603],[128.25798,36.94554],[128.25789,36.94543],[128.25598,36.9442],[128.25445,36.94332],[128.25436,36.94327],[128.25425,36.94322],[128.25375,36.94301],[128.25342,36.94289],[128.2531,36.94278],[128.25174,36.94245],[128.25162,36.94243],[128.25146,36.94241],[128.25121,36.94241],[128.25107,36.94241],[128.24795,36.94424],[128.24725,36.94435],[128.24635,36.94425],[128.24593,36.9442],[128.24563,36.94405],[128.24537,36.94379],[128.24501,36.94336],[128.24481,36.94287],[128.24472,36.94231],[128.24478,36.94203],[128.24491,36.94149],[128.24552,36.94068],[128.24585,36.94022],[128.24628,36.93961],[128.24687,36.93862],[128.24705,36.93798],[128.24696,36.93782],[128.24684,36.9376],[128.24635,36.93721],[128.2453,36.93679],[128.24492,36.93671],[128.24444,36.93661],[128.24401,36.93664],[128.24232,36.93713],[128.24192,36.93717],[128.24168,36.9371],[128.24155,36.93706],[128.23919,36.93521],[128.23739,36.93353],[128.2368,36.93277],[128.23621,36.93192],[128.23587,36.93046],[128.23636,36.92652],[128.23695,36.92276],[128.23703,36.91907],[128.2368,36.91511],[128.237,36.91437],[128.23733,36.91403],[128.23794,36.9138],[128.23908,36.91352],[128.23959,36.9134],[128.24013,36.91327],[128.24017,36.91324],[128.24112,36.91256],[128.24196,36.91193],[128.24558,36.90614],[128.24617,36.9051],[128.24618,36.90506],[128.24626,36.90462],[128.24556,36.90135],[128.24468,36.89803],[128.24395,36.89489],[128.24355,36.89206],[128.24384,36.89105],[128.24507,36.88896],[128.24544,36.88843],[128.24577,36.88815],[128.24597,36.88809],[128.24694,36.88793],[128.24727,36.888],[128.24738,36.88805],[128.24754,36.88812],[128.24795,36.88807],[128.24815,36.88796],[128.24821,36.88792],[128.24826,36.88789],[128.24847,36.88772],[128.24907,36.88719],[128.24942,36.88687],[128.2515,36.88471],[128.25154,36.88466],[128.25151,36.88461],[128.25147,36.88458],[128.25139,36.88454],[128.251,36.88444],[128.25093,36.88442],[128.25088,36.8844],[128.25071,36.88437],[128.2497,36.88396],[128.24795,36.88312],[128.24442,36.88047],[128.24327,36.87937],[128.24248,36.87847],[128.2415,36.87889],[128.24023,36.87946],[128.23941,36.88007],[128.23622,36.88175],[128.23492,36.8823],[128.23398,36.88235],[128.23197,36.88197],[128.23114,36.88207],[128.23046,36.88232],[128.22909,36.88313],[128.22902,36.88342],[128.2287,36.88422],[128.22766,36.88522],[128.22635,36.88637],[128.22561,36.88651],[128.22473,36.88669],[128.21946,36.88855],[128.21889,36.889],[128.21834,36.89155],[128.21758,36.89472],[128.21682,36.89588],[128.21521,36.89717],[128.21442,36.89723],[128.21335,36.89704],[128.21187,36.89663],[128.21056,36.89651],[128.21011,36.8966],[128.2095,36.89697],[128.2088,36.8977],[128.2063,36.90114],[128.20487,36.90066],[128.20433,36.90033],[128.20302,36.89965],[128.19977,36.89878],[128.19497,36.8981],[128.19297,36.89796],[128.19204,36.89802],[128.19182,36.89821],[128.19117,36.90267],[128.19078,36.90662],[128.19053,36.90709],[128.18626,36.91075],[128.18473,36.9119],[128.18337,36.91248],[128.18294,36.91287],[128.18226,36.91464],[128.18167,36.91668],[128.18144,36.91747],[128.18088,36.91819],[128.18022,36.91853],[128.17673,36.91869],[128.17577,36.919],[128.17472,36.9195],[128.17366,36.92068],[128.17304,36.92094],[128.17235,36.92097],[128.17004,36.92103],[128.16859,36.92106],[128.16795,36.92145],[128.16779,36.92185],[128.16758,36.92261],[128.1677,36.92378],[128.16804,36.92515],[128.16877,36.92595],[128.1688,36.92676],[128.16862,36.92806],[128.16828,36.92927],[128.1681,36.92954],[128.16771,36.92985],[128.16468,36.93048],[128.16378,36.93037],[128.16311,36.93009],[128.16189,36.92896],[128.16096,36.9277],[128.16055,36.92752],[128.16013,36.92755],[128.15199,36.92988],[128.15147,36.93026],[128.15086,36.93116],[128.15061,36.93215],[128.15084,36.93316],[128.15097,36.9339],[128.15051,36.93468],[128.15022,36.93491],[128.14924,36.93536],[128.14848,36.93574],[128.14791,36.93638],[128.14761,36.93708],[128.14692,36.93918],[128.14678,36.94082],[128.14647,36.94206],[128.14623,36.94251],[128.14567,36.943],[128.14416,36.94384],[128.14336,36.94428],[128.14127,36.94518],[128.14042,36.94602],[128.13886,36.94837],[128.13783,36.95019],[128.1375,36.95078],[128.13732,36.95091],[128.13636,36.95102],[128.13483,36.9512],[128.1337,36.95169],[128.13296,36.95232],[128.13235,36.9531],[128.13194,36.95413],[128.13185,36.95498],[128.13193,36.95513],[128.13204,36.95523],[128.13274,36.95565],[128.13664,36.96124],[128.13871,36.96472],[128.14162,36.96894],[128.14186,36.96927],[128.1422,36.96944],[128.14232,36.96947],[128.14264,36.96955],[128.14618,36.96975],[128.14642,36.96971],[128.15097,36.96711],[128.15111,36.96697],[128.15107,36.9661],[128.15065,36.96508],[128.15053,36.96384],[128.15065,36.96356],[128.15155,36.96316],[128.152,36.96316],[128.15263,36.96333],[128.15383,36.96383],[128.15492,36.9641],[128.15759,36.9644],[128.15969,36.96452],[128.16063,36.96475],[128.16118,36.96521],[128.1615,36.96647],[128.16152,36.96757],[128.16137,36.96864],[128.16153,36.96909],[128.1625,36.97089],[128.16286,36.97136],[128.16342,36.97166],[128.16362,36.97171],[128.16384,36.97176],[128.16439,36.97173],[128.17144,36.9712],[128.17286,36.97081],[128.17667,36.96827],[128.1774,36.96756],[128.17804,36.96666],[128.17846,36.96576],[128.17899,36.96512],[128.17932,36.96503],[128.17941,36.96501],[128.17994,36.96506],[128.18175,36.96554],[128.18212,36.96577],[128.1827,36.96653],[128.1827,36.9672],[128.18109,36.97112],[128.18039,36.97227],[128.18023,36.97241],[128.17977,36.97251],[128.17806,36.97331],[128.17754,36.97381],[128.17732,36.97455],[128.17794,36.97862],[128.17804,36.97924],[128.17843,36.97989],[128.1798,36.98197],[128.18028,36.98238],[128.18163,36.98319],[128.18646,36.98595],[128.19159,36.98906],[128.1965,36.9922],[128.1967,36.99243],[128.19694,36.99399],[128.19748,36.99473],[128.20182,36.99983],[128.20263,37.00051],[128.20376,37.00105],[128.20426,37.00107],[128.205,37.00099],[128.20568,37.0009],[128.20642,37.00108],[128.20729,37.00144],[128.20834,37.0021],[128.21087,37.00345],[128.21313,37.00436],[128.21317,37.00437],[128.21327,37.0044],[128.21675,37.00486],[128.2168,37.00486],[128.21696,37.00479],[128.21759,37.00453],[128.21781,37.00443],[128.21789,37.00437],[128.21811,37.00417],[128.21822,37.00409],[128.21834,37.00404],[128.21847,37.00401],[128.22243,37.00335],[128.22732,37.00175],[128.23078,37.00081],[128.23236,37.00067],[128.2333,37.00073],[128.23456,37.00081],[128.23572,37.00085],[128.23674,37.00086],[128.24437,37.00076],[128.2451,37.00067],[128.24613,37.00026],[128.24856,36.99922],[128.24867,36.99916],[128.24875,36.99912],[128.24885,36.99906],[128.24944,36.99862],[128.25024,36.99813],[128.25176,36.99747],[128.25194,36.9974],[128.25204,36.99737],[128.25215,36.99735],[128.25226,36.99735],[128.2524,36.99736],[128.25268,36.99739],[128.25276,36.9974],[128.25386,36.99753]]]]}},{"type":"Feature","properties":{"code":"43150340","name":"덕산면","parent":"43150"},"geometry":{"type":"MultiPolygon","coordinates":[[[[128.24248,36.87847],[128.2419,36.87679],[128.24174,36.87449],[128.24192,36.87279],[128.24045,36.87125],[128.23979,36.86821],[128.23903,36.8652],[128.237,36.86429],[128.23663,36.86411],[128.23401,36.86265],[128.23521,36.86097],[128.23526,36.8609],[128.23496,36.85871],[128.23441,36.85733],[128.23396,36.8557],[128.23411,36.85501],[128.23435,36.85404],[128.2355,36.8524],[128.23772,36.85116],[128.23783,36.85107],[128.23783,36.85091],[128.23708,36.84844],[128.23682,36.84812],[128.23653,36.84807],[128.23362,36.84765],[128.23265,36.84755],[128.2299,36.84746],[128.22275,36.84728],[128.22138,36.84735],[128.21881,36.84777],[128.21546,36.84899],[128.21382,36.85],[128.21374,36.84858],[128.21426,36.844],[128.21359,36.84289],[128.21283,36.8394],[128.21498,36.83517],[128.21545,36.83389],[128.21524,36.83244],[128.21555,36.83029],[128.21621,36.8277],[128.21637,36.82547],[128.21608,36.82302],[128.21607,36.82285],[128.21737,36.82167],[128.21778,36.8206],[128.2185,36.81538],[128.21839,36.81476],[128.21699,36.81305],[128.21633,36.81286],[128.21439,36.81268],[128.21101,36.81301],[128.20995,36.81319],[128.20876,36.81353],[128.20208,36.81557],[128.19261,36.81785],[128.1922,36.81793],[128.19148,36.81743],[128.19045,36.81687],[128.18913,36.81702],[128.18328,36.81799],[128.1827,36.8181],[128.18157,36.81856],[128.18077,36.81899],[128.17854,36.8201],[128.1769,36.8208],[128.17587,36.82119],[128.17082,36.82157],[128.16955,36.82158],[128.16847,36.82138],[128.16762,36.82105],[128.16639,36.82054],[128.16617,36.82045],[128.16521,36.82002],[128.16468,36.82002],[128.16413,36.82012],[128.16196,36.82078],[128.16057,36.82123],[128.15602,36.82331],[128.1557,36.82354],[128.15531,36.82432],[128.15519,36.8247],[128.15466,36.8253],[128.15288,36.82615],[128.15082,36.82715],[128.14646,36.82942],[128.14573,36.82995],[128.14541,36.83072],[128.14522,36.83155],[128.14493,36.83241],[128.14425,36.83264],[128.14293,36.83238],[128.14201,36.83234],[128.14154,36.83251],[128.14016,36.83309],[128.13977,36.83339],[128.13959,36.83424],[128.1396,36.83546],[128.13942,36.8357],[128.13805,36.83589],[128.13765,36.83583],[128.13741,36.83566],[128.13648,36.83569],[128.13547,36.83592],[128.13481,36.83616],[128.13375,36.83674],[128.13208,36.8378],[128.13013,36.83968],[128.12974,36.84046],[128.1283,36.84144],[128.12503,36.84269],[128.12379,36.84302],[128.12296,36.84308],[128.12147,36.84305],[128.12047,36.84284],[128.1203,36.84284],[128.12007,36.84308],[128.12007,36.84385],[128.12012,36.84585],[128.12036,36.84623],[128.12296,36.84913],[128.12431,36.85026],[128.12512,36.85089],[128.12565,36.85125],[128.12585,36.85149],[128.12624,36.85207],[128.12642,36.85245],[128.12642,36.85264],[128.12634,36.85324],[128.1263,36.8535],[128.1255,36.8574],[128.12542,36.8577],[128.12518,36.85811],[128.12488,36.85855],[128.12392,36.85962],[128.11979,36.86564],[128.1188,36.86584],[128.11505,36.86757],[128.11463,36.86793],[128.11363,36.86974],[128.11264,36.87109],[128.11216,36.87143],[128.11017,36.87282],[128.10962,36.87302],[128.10883,36.87313],[128.10851,36.87328],[128.10688,36.87489],[128.10636,36.87581],[128.10532,36.87938],[128.10488,36.88102],[128.1055,36.8833],[128.10583,36.88382],[128.10654,36.88454],[128.10646,36.88545],[128.10604,36.88581],[128.1052,36.88608],[128.10414,36.88668],[128.10368,36.88716],[128.10249,36.88909],[128.1014,36.89101],[128.09956,36.89367],[128.09837,36.89506],[128.09757,36.89551],[128.09594,36.89623],[128.09476,36.89687],[128.08812,36.90201],[128.08793,36.90244],[128.08785,36.90294],[128.08779,36.90446],[128.08786,36.90534],[128.0881,36.90668],[128.08855,36.90744],[128.08922,36.90808],[128.09001,36.90886],[128.09045,36.90956],[128.09052,36.90993],[128.0904,36.91403],[128.09031,36.9148],[128.0895,36.91659],[128.08938,36.91735],[128.08912,36.91989],[128.08922,36.92065],[128.08982,36.92114],[128.09076,36.9214],[128.09178,36.92149],[128.09258,36.92153],[128.09421,36.92124],[128.09531,36.92075],[128.0963,36.92003],[128.09749,36.91888],[128.0978,36.91815],[128.09781,36.91685],[128.09854,36.91591],[128.09988,36.91427],[128.10344,36.91104],[128.10447,36.91044],[128.10545,36.91021],[128.10711,36.91025],[128.10896,36.91039],[128.1093,36.91056],[128.10941,36.91086],[128.10974,36.91199],[128.10962,36.9122],[128.10749,36.91343],[128.10585,36.91451],[128.10532,36.91508],[128.105,36.91643],[128.10482,36.91922],[128.10503,36.92047],[128.10552,36.92102],[128.10607,36.92163],[128.10705,36.92252],[128.10938,36.92354],[128.11096,36.92408],[128.11156,36.92454],[128.11193,36.925],[128.11204,36.92555],[128.11188,36.926],[128.11161,36.92703],[128.11167,36.92828],[128.11332,36.92957],[128.11456,36.93023],[128.11543,36.93015],[128.11656,36.93009],[128.11701,36.93022],[128.1204,36.93128],[128.12082,36.93143],[128.12296,36.93253],[128.12471,36.93349],[128.12516,36.93385],[128.12587,36.93449],[128.12628,36.93539],[128.12676,36.93676],[128.127,36.93696],[128.1274,36.93706],[128.12772,36.93711],[128.1283,36.937],[128.12925,36.9366],[128.13002,36.9363],[128.13069,36.93646],[128.13179,36.93702],[128.13254,36.93748],[128.13304,36.93766],[128.13333,36.93759],[128.13422,36.93717],[128.13534,36.93652],[128.13557,36.9365],[128.13667,36.93656],[128.13911,36.93688],[128.14046,36.93707],[128.14261,36.93738],[128.14376,36.93773],[128.14461,36.93806],[128.14585,36.93861],[128.14633,36.93886],[128.14692,36.93918],[128.14761,36.93708],[128.14791,36.93638],[128.14848,36.93574],[128.14924,36.93536],[128.15022,36.93491],[128.15051,36.93468],[128.15097,36.9339],[128.15084,36.93316],[128.15061,36.93215],[128.15086,36.93116],[128.15147,36.93026],[128.15199,36.92988],[128.16013,36.92755],[128.16055,36.92752],[128.16096,36.9277],[128.16189,36.92896],[128.16311,36.93009],[128.16378,36.93037],[128.16468,36.93048],[128.16771,36.92985],[128.1681,36.92954],[128.16828,36.92927],[128.16862,36.92806],[128.1688,36.92676],[128.16877,36.92595],[128.16804,36.92515],[128.1677,36.92378],[128.16758,36.92261],[128.16779,36.92185],[128.16795,36.92145],[128.16859,36.92106],[128.17004,36.92103],[128.17235,36.92097],[128.17304,36.92094],[128.17366,36.92068],[128.17472,36.9195],[128.17577,36.919],[128.17673,36.91869],[128.18022,36.91853],[128.18088,36.91819],[128.18144,36.91747],[128.18167,36.91668],[128.18226,36.91464],[128.18294,36.91287],[128.18337,36.91248],[128.18473,36.9119],[128.18626,36.91075],[128.19053,36.90709],[128.19078,36.90662],[128.19117,36.90267],[128.19182,36.89821],[128.19204,36.89802],[128.19297,36.89796],[128.19497,36.8981],[128.19977,36.89878],[128.20302,36.89965],[128.20433,36.90033],[128.20487,36.90066],[128.2063,36.90114],[128.2088,36.8977],[128.2095,36.89697],[128.21011,36.8966],[128.21056,36.89651],[128.21187,36.89663],[128.21335,36.89704],[128.21442,36.89723],[128.21521,36.89717],[128.21682,36.89588],[128.21758,36.89472],[128.21834,36.89155],[128.21889,36.889],[128.21946,36.88855],[128.22473,36.88669],[128.22561,36.88651],[128.22635,36.88637],[128.22766,36.88522],[128.2287,36.88422],[128.22902,36.88342],[128.22909,36.88313],[128.23046,36.88232],[128.23114,36.88207],[128.23197,36.88197],[128.23398,36.88235],[128.23492,36.8823],[128.23622,36.88175],[128.23941,36.88007],[128.24023,36.87946],[128.2415,36.87889],[128.24248,36.87847]]]]}},{"type":"Feature","properties":{"code":"43150350","name":"한수면","parent":"43150"},"geometry":{"type":"MultiPolygon","coordinates":[[[[128.13204,36.95523],[128.13193,36.95513],[128.13185,36.95498],[128.13194,36.95413],[128.13235,36.9531],[128.13296,36.95232],[128.1337,36.95169],[128.13483,36.9512],[128.13636,36.95102],[128.13732,36.95091],[128.1375,36.95078],[128.13783,36.95019],[128.13886,36.94837],[128.14042,36.94602],[128.14127,36.94518],[128.14336,36.94428],[128.14416,36.94384],[128.14567,36.943],[128.14623,36.94251],[128.14647,36.94206],[128.14678,36.94082],[128.14692,36.93918],[128.14633,36.93886],[128.14585,36.93861],[128.14461,36.93806],[128.14376,36.93773],[128.14261,36.93738],[128.14046,36.93707],[128.13911,36.93688],[128.13667,36.93656],[128.13557,36.9365],[128.13534,36.93652],[128.13422,36.93717],[128.13333,36.93759],[128.13304,36.93766],[128.13254,36.93748],[128.13179,36.93702],[128.13069,36.93646],[128.13002,36.9363],[128.12925,36.9366],[128.1283,36.937],[128.12772,36.93711],[128.1274,36.93706],[128.127,36.93696],[128.12676,36.93676],[128.12628,36.93539],[128.12587,36.93449],[128.12516,36.93385],[128.12471,36.93349],[128.12296,36.93253],[128.12082,36.93143],[128.1204,36.93128],[128.11701,36.93022],[128.11656,36.93009],[128.11543,36.93015],[128.11456,36.93023],[128.11332,36.92957],[128.11167,36.92828],[128.11161,36.92703],[128.11188,36.926],[128.11204,36.92555],[128.11193,36.925],[128.11156,36.92454],[128.11096,36.92408],[128.10938,36.92354],[128.10705,36.92252],[128.10607,36.92163],[128.10552,36.92102],[128.10503,36.92047],[128.10482,36.91922],[128.105,36.91643],[128.10532,36.91508],[128.10585,36.91451],[128.10749,36.91343],[128.10962,36.9122],[128.10974,36.91199],[128.10941,36.91086],[128.1093,36.91056],[128.10896,36.91039],[128.10711,36.91025],[128.10545,36.91021],[128.10447,36.91044],[128.10344,36.91104],[128.09988,36.91427],[128.09854,36.91591],[128.09781,36.91685],[128.0978,36.91815],[128.09749,36.91888],[128.0963,36.92003],[128.09531,36.92075],[128.09421,36.92124],[128.09258,36.92153],[128.09178,36.92149],[128.09076,36.9214],[128.08982,36.92114],[128.08922,36.92065],[128.08912,36.91989],[128.08938,36.91735],[128.0895,36.91659],[128.09031,36.9148],[128.0904,36.91403],[128.09052,36.90993],[128.09045,36.90956],[128.09001,36.90886],[128.08922,36.90808],[128.08855,36.90744],[128.0881,36.90668],[128.08786,36.90534],[128.08779,36.90446],[128.08785,36.90294],[128.08793,36.90244],[128.08812,36.90201],[128.09476,36.89687],[128.09594,36.89623],[128.09757,36.89551],[128.09837,36.89506],[128.09956,36.89367],[128.1014,36.89101],[128.10249,36.88909],[128.10368,36.88716],[128.10414,36.88668],[128.1052,36.88608],[128.10604,36.88581],[128.10646,36.88545],[128.10654,36.88454],[128.10583,36.88382],[128.1055,36.8833],[128.10488,36.88102],[128.10532,36.87938],[128.10636,36.87581],[128.10688,36.87489],[128.10851,36.87328],[128.10883,36.87313],[128.10962,36.87302],[128.11017,36.87282],[128.11216,36.87143],[128.11264,36.87109],[128.11363,36.86974],[128.11463,36.86793],[128.11505,36.86757],[128.1188,36.86584],[128.11979,36.86564],[128.12392,36.85962],[128.12488,36.85855],[128.12518,36.85811],[128.12542,36.8577],[128.1255,36.8574],[128.1263,36.8535],[128.12634,36.85324],[128.12642,36.85264],[128.12642,36.85245],[128.12624,36.85207],[128.12585,36.85149],[128.12565,36.85125],[128.12512,36.85089],[128.12431,36.85026],[128.12296,36.84913],[128.12036,36.84623],[128.12012,36.84585],[128.12007,36.84385],[128.12007,36.84308],[128.1203,36.84284],[128.12047,36.84284],[128.12147,36.84305],[128.12296,36.84308],[128.12379,36.84302],[128.12503,36.84269],[128.1283,36.84144],[128.12974,36.84046],[128.13013,36.83968],[128.13208,36.8378],[128.13375,36.83674],[128.13481,36.83616],[128.13547,36.83592],[128.13648,36.83569],[128.13741,36.83566],[128.13765,36.83583],[128.13805,36.83589],[128.13942,36.8357],[128.1396,36.83546],[128.13959,36.83424],[128.13596,36.83407],[128.13415,36.83214],[128.13366,36.83222],[128.13187,36.83208],[128.13068,36.83216],[128.13017,36.83231],[128.12944,36.83275],[128.12886,36.83325],[128.12828,36.83378],[128.12797,36.83402],[128.12736,36.83422],[128.12645,36.83419],[128.11979,36.83231],[128.11262,36.83058],[128.10916,36.8308],[128.10717,36.83103],[128.10352,36.83212],[128.09715,36.83421],[128.09482,36.83526],[128.09472,36.83537],[128.09399,36.83674],[128.09399,36.83687],[128.09411,36.83703],[128.09444,36.83728],[128.09461,36.83748],[128.09464,36.83765],[128.09461,36.8379],[128.09434,36.83969],[128.09369,36.84254],[128.09315,36.84483],[128.09157,36.84885],[128.09132,36.8494],[128.09096,36.84963],[128.08718,36.85188],[128.08694,36.85177],[128.08542,36.85042],[128.08444,36.84952],[128.08324,36.84894],[128.08265,36.84886],[128.08198,36.84893],[128.08114,36.84905],[128.07972,36.84875],[128.07841,36.84841],[128.07726,36.84793],[128.07613,36.84717],[128.07538,36.8469],[128.07254,36.84598],[128.07038,36.84542],[128.06914,36.84506],[128.06879,36.84486],[128.06807,36.84434],[128.06516,36.84088],[128.06281,36.83819],[128.06184,36.83751],[128.06163,36.83745],[128.06134,36.83745],[128.05948,36.83844],[128.05901,36.83882],[128.05871,36.83914],[128.05753,36.84129],[128.05734,36.84197],[128.05767,36.84254],[128.0578,36.84329],[128.04729,36.84687],[128.04187,36.84869],[128.04108,36.849],[128.03749,36.85241],[128.03702,36.85306],[128.03634,36.855],[128.03623,36.85562],[128.03721,36.85724],[128.03824,36.85875],[128.0385,36.8598],[128.03881,36.86007],[128.03935,36.86045],[128.04085,36.86109],[128.04147,36.8613],[128.04419,36.86383],[128.04415,36.86417],[128.04437,36.86545],[128.0458,36.86924],[128.04618,36.86969],[128.04647,36.86986],[128.04732,36.8703],[128.04878,36.87065],[128.04958,36.87071],[128.0517,36.87107],[128.05181,36.87132],[128.05214,36.87238],[128.05293,36.87483],[128.05492,36.88069],[128.0555,36.88165],[128.05643,36.88239],[128.05762,36.88294],[128.05859,36.88355],[128.05968,36.88447],[128.06108,36.88577],[128.0613,36.88602],[128.0613,36.88618],[128.06105,36.88646],[128.06027,36.88696],[128.05993,36.88724],[128.05988,36.88756],[128.05996,36.88774],[128.0601,36.88809],[128.06176,36.88998],[128.06266,36.8907],[128.06448,36.89181],[128.06561,36.89253],[128.06634,36.89313],[128.06662,36.89345],[128.06685,36.89413],[128.0673,36.89804],[128.06732,36.89933],[128.06702,36.90022],[128.0669,36.90142],[128.06711,36.90261],[128.06729,36.90334],[128.0676,36.90392],[128.06842,36.90501],[128.06857,36.90537],[128.06802,36.90663],[128.06786,36.90774],[128.06789,36.90817],[128.06804,36.90847],[128.06853,36.9088],[128.07024,36.90946],[128.07131,36.91014],[128.07184,36.91069],[128.07217,36.91159],[128.07211,36.91255],[128.07158,36.91372],[128.07045,36.91482],[128.06864,36.91638],[128.06682,36.91738],[128.06476,36.91846],[128.06436,36.91866],[128.06351,36.91909],[128.06301,36.91942],[128.06213,36.92031],[128.06167,36.92103],[128.06112,36.92337],[128.06092,36.92512],[128.06046,36.92776],[128.05953,36.92951],[128.05841,36.93125],[128.05686,36.93252],[128.05568,36.93321],[128.05401,36.93387],[128.05188,36.93441],[128.05063,36.93468],[128.04811,36.935],[128.04516,36.93574],[128.0433,36.93683],[128.04191,36.93852],[128.04127,36.94049],[128.04123,36.94095],[128.04111,36.94213],[128.04157,36.94395],[128.04266,36.94814],[128.04338,36.95185],[128.04436,36.95159],[128.04793,36.95186],[128.04932,36.95218],[128.05121,36.95317],[128.05209,36.95396],[128.05251,36.95434],[128.05306,36.95476],[128.05459,36.95593],[128.05625,36.95683],[128.05878,36.95744],[128.06149,36.95764],[128.06337,36.95769],[128.06521,36.95753],[128.06644,36.95722],[128.06823,36.95645],[128.072,36.9545],[128.07577,36.95222],[128.07771,36.95155],[128.0802,36.95089],[128.08221,36.95047],[128.08391,36.95036],[128.08511,36.95048],[128.0862,36.95082],[128.08714,36.95122],[128.08812,36.95196],[128.08864,36.95272],[128.08873,36.95436],[128.08853,36.95588],[128.08744,36.95944],[128.08703,36.96198],[128.08668,36.96508],[128.08657,36.96818],[128.08676,36.97128],[128.08713,36.97284],[128.08782,36.97476],[128.08859,36.97758],[128.09012,36.98489],[128.09081,36.98901],[128.09011,36.9897],[128.08961,36.9899],[128.08926,36.98997],[128.08889,36.98998],[128.08734,36.99001],[128.08932,36.99155],[128.08972,36.99246],[128.09047,36.99311],[128.09206,36.99385],[128.09435,36.99422],[128.09746,36.99424],[128.10056,36.99372],[128.10283,36.99263],[128.10431,36.99147],[128.10495,36.99054],[128.10545,36.98962],[128.10545,36.98926],[128.10523,36.98883],[128.10456,36.98837],[128.1029,36.98787],[128.10188,36.98786],[128.10093,36.98764],[128.10037,36.98746],[128.09981,36.98669],[128.09911,36.9852],[128.09889,36.98453],[128.09871,36.98375],[128.09887,36.98306],[128.09991,36.98097],[128.10026,36.98036],[128.10114,36.97952],[128.10229,36.97868],[128.10256,36.97844],[128.10268,36.97772],[128.10246,36.97657],[128.10199,36.97489],[128.10219,36.9738],[128.10302,36.97132],[128.10368,36.96967],[128.10464,36.96834],[128.10525,36.96762],[128.10983,36.96451],[128.11481,36.96251],[128.11534,36.96212],[128.11775,36.95974],[128.11841,36.95863],[128.11861,36.958],[128.11926,36.95742],[128.12017,36.9571],[128.12296,36.95621],[128.12857,36.95501],[128.12914,36.95489],[128.12974,36.95482],[128.13041,36.95491],[128.13204,36.95523]]]]}},{"type":"Feature","properties":{"code":"43150360","name":"백운면","parent":"43150"},"geometry":{"type":"MultiPolygon","coordinates":[[[[128.01904,37.2444],[128.01859,37.24224],[128.01858,37.24216],[128.01857,37.2421],[128.01862,37.24121],[128.01871,37.24014],[128.0188,37.23961],[128.01989,37.23462],[128.02131,37.23231],[128.02418,37.22878],[128.0261,37.22712],[128.02628,37.22712],[128.02642,37.22713],[128.02661,37.22712],[128.02685,37.22711],[128.0274,37.22705],[128.02743,37.22705],[128.02796,37.22698],[128.02824,37.22682],[128.03163,37.2242],[128.03178,37.22405],[128.03182,37.22402],[128.0319,37.22366],[128.03223,37.22223],[128.03224,37.22215],[128.03208,37.22187],[128.03201,37.22173],[128.03185,37.22089],[128.03186,37.22067],[128.03188,37.2206],[128.03335,37.21897],[128.03354,37.2189],[128.03456,37.21873],[128.03493,37.21869],[128.03522,37.21872],[128.03549,37.21867],[128.03614,37.21853],[128.03644,37.21843],[128.03666,37.21826],[128.03697,37.21796],[128.03894,37.21602],[128.03911,37.21584],[128.03928,37.21555],[128.03924,37.21539],[128.0372,37.21267],[128.03682,37.21219],[128.03627,37.2118],[128.03559,37.21137],[128.03534,37.21123],[128.03504,37.21119],[128.03489,37.2112],[128.03462,37.21121],[128.03436,37.21103],[128.03374,37.21045],[128.0335,37.21017],[128.03335,37.20999],[128.02995,37.20357],[128.02983,37.20297],[128.0298,37.20285],[128.02978,37.2025],[128.02981,37.20219],[128.02989,37.20191],[128.03007,37.20164],[128.03025,37.20151],[128.03038,37.20143],[128.03057,37.20137],[128.03081,37.20129],[128.031,37.20118],[128.03157,37.20038],[128.03161,37.2003],[128.03167,37.20016],[128.0318,37.19966],[128.03186,37.19928],[128.03208,37.19704],[128.03205,37.19677],[128.03194,37.19601],[128.03176,37.19498],[128.0315,37.19394],[128.03166,37.19369],[128.03214,37.19329],[128.03302,37.19257],[128.03676,37.18969],[128.03735,37.18942],[128.03739,37.1894],[128.03786,37.18922],[128.0395,37.18881],[128.0397,37.1888],[128.04048,37.18898],[128.04115,37.18773],[128.04197,37.18549],[128.04302,37.18213],[128.04425,37.17778],[128.04429,37.17773],[128.04542,37.17669],[128.0456,37.17655],[128.04601,37.17628],[128.0474,37.1754],[128.04843,37.17479],[128.04851,37.17473],[128.04871,37.17455],[128.04949,37.17379],[128.04959,37.17368],[128.04967,37.17351],[128.0497,37.1734],[128.04991,37.17251],[128.04997,37.1722],[128.05001,37.17115],[128.05001,37.17094],[128.04999,37.17088],[128.04995,37.17081],[128.04982,37.17071],[128.04963,37.1706],[128.04885,37.17013],[128.04763,37.16947],[128.04753,37.16943],[128.04745,37.16941],[128.04731,37.1694],[128.04696,37.1695],[128.04659,37.16965],[128.04627,37.16977],[128.04621,37.16977],[128.04557,37.16918],[128.04543,37.16899],[128.04505,37.16841],[128.04496,37.16821],[128.04491,37.1681],[128.04485,37.16793],[128.04483,37.16775],[128.04486,37.16757],[128.04551,37.16629],[128.04564,37.1661],[128.04574,37.16601],[128.04586,37.16592],[128.04741,37.16507],[128.05515,37.1598],[128.05536,37.15955],[128.05776,37.15658],[128.06159,37.15424],[128.06183,37.15413],[128.0619,37.15406],[128.06199,37.15385],[128.06198,37.1537],[128.06197,37.15365],[128.06197,37.15362],[128.06197,37.15357],[128.0606,37.14884],[128.06057,37.14875],[128.05927,37.14679],[128.05909,37.14653],[128.05851,37.14577],[128.05832,37.14556],[128.05818,37.14545],[128.05732,37.144],[128.05675,37.14238],[128.05659,37.141],[128.0566,37.13923],[128.05706,37.13764],[128.05721,37.13751],[128.05728,37.1374],[128.05731,37.13732],[128.05732,37.13719],[128.05729,37.13706],[128.05715,37.13636],[128.0557,37.1291],[128.05566,37.12896],[128.05496,37.12679],[128.05455,37.12613],[128.05422,37.12553],[128.05419,37.12542],[128.05414,37.1251],[128.05409,37.12471],[128.05381,37.12113],[128.05382,37.12093],[128.05383,37.12087],[128.05389,37.12069],[128.05397,37.12047],[128.05404,37.12032],[128.05628,37.11635],[128.05633,37.11629],[128.05772,37.11461],[128.05783,37.11449],[128.05789,37.11444],[128.06302,37.11068],[128.06311,37.11069],[128.06474,37.11073],[128.06523,37.11074],[128.06548,37.11073],[128.06565,37.11069],[128.06579,37.11065],[128.06593,37.11058],[128.06606,37.11051],[128.06755,37.10953],[128.06757,37.1095],[128.06759,37.10947],[128.0676,37.10942],[128.06759,37.10939],[128.06757,37.10935],[128.06751,37.1093],[128.06743,37.10924],[128.06724,37.1091],[128.06714,37.10902],[128.06703,37.10889],[128.06697,37.10877],[128.06688,37.10854],[128.06686,37.10849],[128.06685,37.10839],[128.06684,37.10819],[128.06697,37.10583],[128.06699,37.1057],[128.06701,37.1056],[128.06706,37.10544],[128.06767,37.10398],[128.06799,37.10345],[128.06809,37.10332],[128.06823,37.10315],[128.06838,37.10298],[128.0685,37.10292],[128.0687,37.10284],[128.06883,37.10279],[128.06917,37.10265],[128.06965,37.10243],[128.06993,37.10227],[128.07008,37.10216],[128.07019,37.10207],[128.07037,37.10183],[128.07224,37.09909],[128.07329,37.09744],[128.07541,37.09306],[128.07803,37.08903],[128.07806,37.08894],[128.07806,37.08887],[128.07787,37.088],[128.07756,37.08689],[128.07716,37.08575],[128.07675,37.08465],[128.07664,37.08443],[128.07655,37.0843],[128.07641,37.08413],[128.0762,37.08392],[128.07602,37.08377],[128.07296,37.08509],[128.0725,37.08528],[128.07225,37.08536],[128.0719,37.08544],[128.06857,37.08612],[128.06834,37.08615],[128.06815,37.08617],[128.06803,37.08616],[128.0677,37.08607],[128.06737,37.08596],[128.06694,37.08579],[128.06669,37.08568],[128.06663,37.08569],[128.06272,37.08706],[128.05996,37.08889],[128.05976,37.08903],[128.05943,37.08932],[128.05926,37.08953],[128.0592,37.08965],[128.05918,37.08978],[128.05921,37.08986],[128.05998,37.09156],[128.06011,37.09183],[128.0602,37.09198],[128.06048,37.09238],[128.06079,37.09277],[128.06139,37.09352],[128.0616,37.09377],[128.06215,37.09439],[128.06333,37.09578],[128.06353,37.09608],[128.06358,37.09618],[128.06359,37.09634],[128.06359,37.09645],[128.06356,37.09656],[128.06348,37.09674],[128.06343,37.0968],[128.06334,37.0969],[128.06318,37.09703],[128.06309,37.09708],[128.06282,37.09714],[128.06021,37.09766],[128.05989,37.09771],[128.0583,37.09759],[128.05706,37.09749],[128.05656,37.09744],[128.05567,37.09739],[128.05501,37.09736],[128.05447,37.09736],[128.05399,37.09737],[128.05352,37.0974],[128.05329,37.09748],[128.05311,37.09756],[128.05293,37.09772],[128.04952,37.10089],[128.04905,37.10134],[128.04872,37.10166],[128.04615,37.10427],[128.04593,37.10451],[128.04577,37.10471],[128.04567,37.10486],[128.0456,37.10501],[128.04551,37.1053],[128.04549,37.10546],[128.04549,37.10574],[128.04552,37.10593],[128.04555,37.10613],[128.04568,37.10628],[128.04581,37.10636],[128.04596,37.10641],[128.04611,37.10645],[128.04622,37.10646],[128.04659,37.10649],[128.04681,37.10651],[128.04724,37.10652],[128.04753,37.10651],[128.04766,37.10652],[128.04797,37.10663],[128.04801,37.10665],[128.0481,37.10674],[128.04828,37.1069],[128.04843,37.10711],[128.04856,37.10737],[128.04864,37.1076],[128.04873,37.10801],[128.04877,37.10852],[128.04874,37.10874],[128.04867,37.109],[128.04848,37.1093],[128.04828,37.10952],[128.04772,37.11017],[128.04718,37.11093],[128.04693,37.11139],[128.04669,37.11186],[128.04661,37.11219],[128.04659,37.11251],[128.04662,37.11319],[128.04664,37.11355],[128.04666,37.11394],[128.04665,37.11416],[128.04659,37.11438],[128.0465,37.11461],[128.04609,37.11551],[128.04603,37.11559],[128.04596,37.11562],[128.0458,37.11563],[128.0455,37.11563],[128.04512,37.1156],[128.0447,37.11555],[128.04376,37.11541],[128.04345,37.11534],[128.0432,37.11525],[128.04299,37.11513],[128.04286,37.11501],[128.04271,37.11478],[128.04211,37.11399],[128.04184,37.1137],[128.04156,37.11349],[128.04104,37.11313],[128.04056,37.11282],[128.0401,37.11262],[128.03902,37.1122],[128.03871,37.11213],[128.03816,37.11207],[128.03747,37.11207],[128.03671,37.11218],[128.03624,37.11229],[128.0358,37.11241],[128.03564,37.11248],[128.0354,37.1127],[128.03517,37.11295],[128.03492,37.11319],[128.03466,37.11339],[128.03428,37.11358],[128.03389,37.11373],[128.03217,37.11415],[128.032,37.11419],[128.03103,37.1144],[128.03068,37.11445],[128.03001,37.11452],[128.0293,37.11462],[128.02859,37.11473],[128.02787,37.11483],[128.02678,37.115],[128.02458,37.11542],[128.02413,37.11554],[128.02373,37.11565],[128.02252,37.11608],[128.02225,37.11617],[128.02214,37.11622],[128.02182,37.11636],[128.02164,37.11645],[128.02065,37.11629],[128.01746,37.11477],[128.0173,37.11468],[128.01713,37.11457],[128.01696,37.11443],[128.01682,37.11431],[128.01316,37.11082],[128.01301,37.11066],[128.01296,37.11059],[128.01291,37.11052],[128.01285,37.1104],[128.01177,37.10807],[128.01127,37.10681],[128.01043,37.10443],[128.0107,37.10283],[128.01073,37.10279],[128.011,37.10227],[128.01115,37.10194],[128.01125,37.10171],[128.0113,37.10156],[128.01201,37.09881],[128.01202,37.09874],[128.01202,37.09868],[128.01198,37.09855],[128.01196,37.09848],[128.01191,37.09843],[128.01186,37.0984],[128.01179,37.09838],[128.01171,37.09838],[128.0114,37.09844],[128.01129,37.09847],[128.01106,37.09858],[128.01095,37.09865],[128.01069,37.09884],[128.01052,37.09897],[128.01034,37.09909],[128.01021,37.09917],[128.01002,37.09928],[128.0099,37.09933],[128.00974,37.0994],[128.00968,37.09941],[128.00695,37.09933],[128.0068,37.09931],[128.00663,37.09928],[128.00641,37.09922],[128.00475,37.09858],[128.00464,37.09853],[128.00458,37.09849],[128.00324,37.09867],[128.00092,37.10106],[128.00064,37.10137],[128.00059,37.10144],[127.99996,37.10307],[127.99971,37.10412],[127.99971,37.10419],[127.99971,37.10428],[127.99972,37.10441],[127.99977,37.10464],[127.99977,37.10472],[127.99969,37.10499],[127.99958,37.10533],[127.99915,37.10663],[127.9985,37.10854],[127.99842,37.10869],[127.99821,37.10892],[127.99794,37.10917],[127.99586,37.11],[127.99567,37.11005],[127.99555,37.11005],[127.99551,37.11004],[127.99328,37.10997],[127.98711,37.11117],[127.98671,37.11126],[127.98621,37.11139],[127.98599,37.11148],[127.98589,37.11154],[127.98505,37.11225],[127.98501,37.11229],[127.98484,37.11446],[127.98457,37.1179],[127.9846,37.11828],[127.98462,37.11845],[127.98535,37.11975],[127.98544,37.11987],[127.98569,37.12019],[127.9858,37.12041],[127.98582,37.1205],[127.98595,37.12299],[127.98533,37.12434],[127.98516,37.12469],[127.98506,37.1254],[127.98505,37.12567],[127.98506,37.12577],[127.98534,37.12734],[127.98537,37.12741],[127.98556,37.12779],[127.98564,37.12788],[127.98575,37.12803],[127.98581,37.12807],[127.9859,37.12811],[127.98612,37.12816],[127.98626,37.12819],[127.98634,37.12823],[127.98645,37.12833],[127.98665,37.12854],[127.98703,37.12894],[127.98706,37.12901],[127.98707,37.12909],[127.98692,37.12998],[127.98645,37.13125],[127.98641,37.13134],[127.98633,37.13142],[127.98624,37.1315],[127.98613,37.13158],[127.98601,37.13163],[127.98567,37.13174],[127.98559,37.13176],[127.9855,37.13177],[127.98535,37.13176],[127.98435,37.13158],[127.98342,37.13132],[127.98335,37.1313],[127.98323,37.1313],[127.98291,37.13131],[127.98275,37.13132],[127.98268,37.13135],[127.98265,37.13137],[127.98198,37.13202],[127.98191,37.13212],[127.98156,37.13303],[127.98035,37.13669],[127.97827,37.14006],[127.97748,37.14127],[127.97739,37.14137],[127.97728,37.14146],[127.97709,37.14162],[127.97697,37.14169],[127.97693,37.1417],[127.97459,37.14193],[127.97445,37.14194],[127.97434,37.14194],[127.97423,37.14192],[127.97273,37.1415],[127.97063,37.14226],[127.97062,37.14229],[127.97058,37.14247],[127.97054,37.14268],[127.97046,37.14335],[127.97046,37.1434],[127.97047,37.14344],[127.97089,37.14422],[127.97092,37.14427],[127.97111,37.14452],[127.97131,37.14478],[127.97147,37.14505],[127.97201,37.14622],[127.97201,37.14625],[127.97201,37.14631],[127.97172,37.14846],[127.97133,37.15011],[127.97104,37.15094],[127.97103,37.151],[127.96823,37.15615],[127.96789,37.15647],[127.96783,37.15652],[127.96699,37.15687],[127.95983,37.15969],[127.95486,37.16219],[127.95482,37.16221],[127.95477,37.16222],[127.94807,37.16259],[127.94633,37.16257],[127.94628,37.16256],[127.94557,37.16232],[127.94496,37.16202],[127.94482,37.16197],[127.94474,37.16195],[127.94406,37.1618],[127.94396,37.16179],[127.94381,37.16178],[127.94365,37.16178],[127.94361,37.16179],[127.94357,37.1618],[127.94351,37.16184],[127.94209,37.16275],[127.94063,37.16353],[127.9399,37.16385],[127.93883,37.16398],[127.9388,37.16398],[127.93871,37.16398],[127.93849,37.16393],[127.93776,37.1637],[127.93707,37.16344],[127.93654,37.16323],[127.9358,37.16319],[127.93575,37.16319],[127.93333,37.16364],[127.9283,37.1646],[127.92668,37.165],[127.92622,37.16518],[127.9266,37.16721],[127.92705,37.16929],[127.92707,37.16934],[127.92712,37.16941],[127.92717,37.16948],[127.93161,37.17483],[127.93165,37.17486],[127.9317,37.1749],[127.93238,37.17543],[127.93244,37.17548],[127.93254,37.17554],[127.93264,37.17559],[127.93269,37.17561],[127.93307,37.1757],[127.93319,37.17574],[127.9334,37.17582],[127.93346,37.17585],[127.93351,37.17589],[127.93357,37.17597],[127.93359,37.17602],[127.9336,37.17611],[127.93358,37.17645],[127.93315,37.18079],[127.93286,37.18256],[127.93283,37.18261],[127.93284,37.18264],[127.9336,37.18362],[127.93375,37.18379],[127.93384,37.1839],[127.93464,37.18467],[127.93475,37.18476],[127.9349,37.18487],[127.93512,37.18499],[127.93655,37.18881],[127.93528,37.19025],[127.9335,37.19294],[127.93343,37.19312],[127.93335,37.1933],[127.93327,37.19348],[127.93294,37.19476],[127.93274,37.19572],[127.93205,37.20091],[127.9321,37.20101],[127.93214,37.20109],[127.93219,37.20131],[127.93222,37.20169],[127.93235,37.20465],[127.93238,37.2075],[127.92933,37.21259],[127.92872,37.21349],[127.92856,37.21379],[127.92765,37.21604],[127.92674,37.21911],[127.92666,37.21945],[127.92313,37.22194],[127.92297,37.22219],[127.92248,37.22315],[127.92146,37.22532],[127.92129,37.22575],[127.92138,37.22591],[127.92148,37.22607],[127.92155,37.22616],[127.92249,37.22751],[127.9229,37.22794],[127.92648,37.23069],[127.92966,37.23301],[127.93148,37.23398],[127.93165,37.23406],[127.93378,37.23571],[127.93404,37.23599],[127.93555,37.23798],[127.936,37.23884],[127.93602,37.23889],[127.93602,37.23892],[127.93606,37.23895],[127.93674,37.23942],[127.9385,37.2406],[127.93855,37.24064],[127.93866,37.24071],[127.93876,37.24073],[127.93886,37.24071],[127.93899,37.24059],[127.93924,37.2404],[127.93943,37.2403],[127.93967,37.24021],[127.93982,37.24016],[127.94067,37.23993],[127.94077,37.23992],[127.94085,37.23992],[127.94554,37.24046],[127.94558,37.24049],[127.94561,37.24052],[127.94703,37.2435],[127.94739,37.24441],[127.9477,37.24569],[127.9479,37.24663],[127.94789,37.24671],[127.94792,37.24679],[127.94809,37.24694],[127.94838,37.24705],[127.94863,37.24711],[127.94936,37.24727],[127.94941,37.24728],[127.95681,37.24877],[127.95754,37.24923],[127.95845,37.24979],[127.95927,37.25025],[127.9594,37.25026],[127.96006,37.25029],[127.96104,37.25034],[127.96136,37.25035],[127.96149,37.25032],[127.96161,37.25026],[127.96173,37.25012],[127.96182,37.25007],[127.96202,37.25003],[127.96266,37.24989],[127.96271,37.2499],[127.96282,37.24995],[127.96566,37.25159],[127.96773,37.25284],[127.96793,37.25297],[127.96806,37.25307],[127.96826,37.25326],[127.96838,37.25338],[127.97265,37.25683],[127.97903,37.25849],[127.97917,37.2585],[127.97926,37.25851],[127.97933,37.2585],[127.97954,37.25838],[127.97971,37.25823],[127.98002,37.25794],[127.98106,37.25688],[127.98109,37.25686],[127.98117,37.25687],[127.98129,37.25689],[127.98136,37.25691],[127.98241,37.25712],[127.98246,37.25714],[127.98382,37.25765],[127.98488,37.25808],[127.98493,37.25811],[127.98505,37.25816],[127.98513,37.25818],[127.98518,37.25818],[127.98535,37.25815],[127.9865,37.25789],[127.98658,37.25787],[127.98802,37.25715],[127.98832,37.25692],[127.98872,37.25654],[127.99014,37.25556],[127.99058,37.25534],[127.99062,37.25532],[127.99436,37.25375],[127.99531,37.25418],[127.99768,37.25464],[127.99836,37.25474],[127.99907,37.25464],[128.002,37.25329],[128.00753,37.2517],[128.00778,37.25156],[128.00785,37.25152],[128.01102,37.24945],[128.01162,37.24848],[128.01227,37.24756],[128.01256,37.24732],[128.01303,37.247],[128.0135,37.24673],[128.01387,37.24657],[128.014,37.24653],[128.01423,37.24649],[128.01627,37.24632],[128.01656,37.24638],[128.01662,37.24638],[128.01683,37.24625],[128.01834,37.24513],[128.01904,37.2444]]]]}},{"type":"Feature","properties":{"code":"43150380","name":"송학면","parent":"43150"},"geometry":{"type":"MultiPolygon","coordinates":[[[[128.30148,37.21699],[128.30249,37.21677],[128.30338,37.2166],[128.30353,37.21658],[128.30379,37.21656],[128.304,37.21654],[128.30413,37.21654],[128.30429,37.21653],[128.3085,37.21691],[128.30856,37.21692],[128.30935,37.21747],[128.30939,37.21751],[128.30942,37.21754],[128.30943,37.21759],[128.30945,37.2177],[128.30949,37.21791],[128.30962,37.21833],[128.30969,37.21851],[128.30979,37.21867],[128.30985,37.21877],[128.30997,37.21895],[128.3101,37.21912],[128.31208,37.22107],[128.31218,37.22115],[128.31478,37.22309],[128.31499,37.22325],[128.31507,37.2233],[128.31516,37.22335],[128.31525,37.22338],[128.31531,37.2234],[128.31542,37.22344],[128.31546,37.22345],[128.31555,37.22346],[128.31567,37.22347],[128.31579,37.22348],[128.31602,37.22347],[128.31628,37.22346],[128.31652,37.22344],[128.31658,37.22343],[128.31662,37.22341],[128.31923,37.22097],[128.31925,37.2209],[128.31935,37.22075],[128.31956,37.22046],[128.32018,37.21963],[128.32026,37.21952],[128.32032,37.21946],[128.32038,37.21941],[128.32043,37.21938],[128.32047,37.21936],[128.32636,37.2182],[128.3305,37.21654],[128.33124,37.2128],[128.33013,37.21056],[128.33011,37.21051],[128.33008,37.21042],[128.33004,37.2103],[128.32998,37.21007],[128.3292,37.20517],[128.3295,37.20406],[128.32961,37.2037],[128.32971,37.20345],[128.32977,37.20334],[128.3298,37.20321],[128.32979,37.20297],[128.32971,37.20215],[128.32744,37.19875],[128.32158,37.19593],[128.31924,37.19621],[128.3163,37.19661],[128.31482,37.19676],[128.31459,37.19678],[128.31438,37.19679],[128.31415,37.19679],[128.31402,37.19679],[128.31394,37.19679],[128.31363,37.19679],[128.31354,37.19678],[128.31345,37.19678],[128.31342,37.19677],[128.31338,37.19676],[128.31332,37.19674],[128.31321,37.19669],[128.31314,37.19664],[128.3131,37.1966],[128.31307,37.19655],[128.31306,37.19649],[128.31294,37.19523],[128.31295,37.19507],[128.31378,37.19046],[128.31395,37.19028],[128.31402,37.1902],[128.31408,37.19008],[128.31409,37.19003],[128.31409,37.18998],[128.31408,37.18993],[128.31374,37.18919],[128.31344,37.18872],[128.31297,37.18807],[128.31292,37.18802],[128.31286,37.18797],[128.31269,37.18785],[128.31264,37.18783],[128.31252,37.18778],[128.31167,37.18748],[128.3084,37.18637],[128.3064,37.18658],[128.30222,37.18612],[128.29592,37.18306],[128.29587,37.18303],[128.29584,37.18299],[128.29581,37.18292],[128.2958,37.18286],[128.2958,37.18266],[128.2958,37.18259],[128.29599,37.17934],[128.29601,37.17905],[128.29604,37.17877],[128.2961,37.17854],[128.29768,37.17336],[128.29787,37.17291],[128.29794,37.17277],[128.29818,37.1723],[128.29382,37.17078],[128.29337,37.17063],[128.29322,37.17059],[128.2926,37.17042],[128.29216,37.17029],[128.29202,37.17026],[128.29161,37.17016],[128.29134,37.17011],[128.2912,37.17009],[128.29115,37.17009],[128.29106,37.17008],[128.29091,37.17007],[128.29076,37.17008],[128.2906,37.17011],[128.28242,37.17144],[128.28233,37.17146],[128.28226,37.1715],[128.28216,37.17158],[128.28204,37.17167],[128.28192,37.1718],[128.28182,37.17191],[128.28178,37.17196],[128.28157,37.1722],[128.2813,37.17253],[128.28111,37.17276],[128.28088,37.17297],[128.28081,37.17302],[128.2807,37.17308],[128.28063,37.17311],[128.28059,37.17313],[128.28054,37.17315],[128.28044,37.17315],[128.28039,37.17315],[128.27992,37.17309],[128.27975,37.17306],[128.27955,37.173],[128.27832,37.17265],[128.27774,37.17248],[128.27629,37.17205],[128.2762,37.172],[128.27613,37.17196],[128.27605,37.17189],[128.27194,37.16801],[128.27148,37.16751],[128.27118,37.16717],[128.27091,37.16684],[128.27078,37.16667],[128.27066,37.16649],[128.27021,37.16579],[128.27002,37.16544],[128.26993,37.16526],[128.26985,37.16508],[128.26982,37.165],[128.2698,37.16495],[128.26979,37.16488],[128.26977,37.16474],[128.26976,37.16406],[128.26473,37.16055],[128.26469,37.16051],[128.26468,37.16045],[128.26468,37.16039],[128.26469,37.16029],[128.26476,37.16008],[128.26493,37.1596],[128.26494,37.15957],[128.26495,37.15952],[128.26626,37.15611],[128.26785,37.15546],[128.26787,37.15549],[128.2679,37.15551],[128.26793,37.15552],[128.26811,37.15545],[128.26857,37.15526],[128.26879,37.15515],[128.26896,37.15507],[128.2701,37.15444],[128.27034,37.1543],[128.27058,37.15416],[128.27074,37.15404],[128.27082,37.15396],[128.27088,37.15385],[128.27141,37.15295],[128.27147,37.15285],[128.27149,37.15278],[128.27152,37.15265],[128.27185,37.15131],[128.27039,37.15118],[128.27001,37.15115],[128.2698,37.15114],[128.26945,37.15113],[128.26908,37.15114],[128.26735,37.15121],[128.26539,37.15134],[128.26525,37.15135],[128.26512,37.15137],[128.2648,37.15142],[128.26454,37.15146],[128.26444,37.15147],[128.2643,37.15149],[128.2636,37.1515],[128.26347,37.1515],[128.26333,37.15148],[128.26324,37.15147],[128.26313,37.15145],[128.25935,37.15063],[128.25432,37.14895],[128.25132,37.1477],[128.24612,37.14624],[128.24589,37.1462],[128.24572,37.14617],[128.24567,37.14617],[128.24544,37.1462],[128.24538,37.14623],[128.2454,37.14639],[128.24636,37.14772],[128.24758,37.14899],[128.24778,37.14926],[128.24812,37.15055],[128.24814,37.15067],[128.24812,37.15085],[128.2481,37.15098],[128.24807,37.15115],[128.24802,37.15127],[128.24795,37.15134],[128.24773,37.15154],[128.24716,37.15201],[128.24711,37.15204],[128.24708,37.15203],[128.2468,37.15197],[128.24467,37.15388],[128.24483,37.15523],[128.24523,37.15826],[128.24565,37.15927],[128.24714,37.15975],[128.24735,37.15975],[128.24839,37.15944],[128.24895,37.15918],[128.2493,37.15927],[128.25036,37.15984],[128.25193,37.16109],[128.25191,37.1613],[128.25179,37.1622],[128.25079,37.16425],[128.25067,37.16447],[128.24987,37.16549],[128.24912,37.16629],[128.2485,37.16781],[128.24824,37.16879],[128.24822,37.16989],[128.24821,37.17007],[128.24792,37.17102],[128.24756,37.17144],[128.24626,37.1719],[128.24497,37.17231],[128.2443,37.17251],[128.24343,37.17462],[128.24327,37.17527],[128.24317,37.17546],[128.24289,37.17592],[128.24271,37.17613],[128.24244,37.17629],[128.24006,37.17721],[128.23774,37.17806],[128.23736,37.17811],[128.23297,37.17815],[128.23138,37.1777],[128.22894,37.17692],[128.22474,37.17606],[128.2201,37.17576],[128.21583,37.17643],[128.21581,37.17652],[128.21577,37.17658],[128.21472,37.17802],[128.21322,37.17968],[128.20928,37.18039],[128.20864,37.18045],[128.20859,37.18044],[128.20832,37.18037],[128.20825,37.18046],[128.20821,37.18053],[128.206,37.18402],[128.20519,37.18599],[128.20515,37.18609],[128.20494,37.18648],[128.20482,37.18667],[128.20454,37.187],[128.20432,37.1872],[128.20417,37.18732],[128.20401,37.18744],[128.20384,37.18755],[128.20333,37.1878],[128.19853,37.19062],[128.19531,37.19271],[128.19322,37.19344],[128.19307,37.19348],[128.19297,37.19351],[128.19292,37.19352],[128.19288,37.19352],[128.19282,37.19351],[128.19271,37.19349],[128.19259,37.19346],[128.1924,37.19339],[128.19167,37.19326],[128.18974,37.19308],[128.18955,37.19309],[128.18946,37.19314],[128.18942,37.19318],[128.18847,37.19491],[128.18846,37.19496],[128.18846,37.19499],[128.18848,37.19503],[128.18887,37.19599],[128.1889,37.19605],[128.18894,37.19612],[128.189,37.1962],[128.18906,37.19627],[128.18916,37.19637],[128.1894,37.19659],[128.18967,37.19684],[128.18981,37.19698],[128.18993,37.19712],[128.18998,37.1972],[128.19062,37.19931],[128.19064,37.19938],[128.19064,37.19946],[128.19063,37.19957],[128.1902,37.20202],[128.19026,37.20224],[128.19028,37.20232],[128.19027,37.2024],[128.19026,37.20244],[128.18983,37.20327],[128.18975,37.20336],[128.18962,37.20346],[128.18949,37.20356],[128.18935,37.20362],[128.18928,37.20364],[128.18337,37.20363],[128.17804,37.20312],[128.17629,37.20309],[128.17381,37.20643],[128.17127,37.21073],[128.16691,37.2143],[128.16687,37.21436],[128.16684,37.21442],[128.16682,37.2145],[128.16679,37.21462],[128.16672,37.21492],[128.16797,37.21558],[128.17168,37.21764],[128.17175,37.21769],[128.17183,37.21774],[128.17289,37.21856],[128.17303,37.21869],[128.1731,37.21878],[128.17312,37.21882],[128.17314,37.21886],[128.17315,37.21891],[128.17315,37.21912],[128.17315,37.21914],[128.17309,37.21944],[128.17293,37.22007],[128.17282,37.2204],[128.17272,37.22232],[128.17265,37.22475],[128.17271,37.22486],[128.17276,37.2249],[128.1728,37.22492],[128.17297,37.22499],[128.17319,37.22513],[128.17346,37.22532],[128.17365,37.22549],[128.17484,37.22662],[128.17489,37.22667],[128.17594,37.22828],[128.17599,37.22836],[128.17599,37.22842],[128.17595,37.22846],[128.17566,37.22859],[128.17542,37.22871],[128.17536,37.22875],[128.17521,37.2289],[128.17501,37.22915],[128.17466,37.22961],[128.1742,37.2303],[128.17386,37.23089],[128.17382,37.23096],[128.17379,37.23106],[128.17375,37.23124],[128.17376,37.23135],[128.17415,37.23248],[128.17418,37.23253],[128.17816,37.2354],[128.17829,37.23548],[128.18077,37.23668],[128.18291,37.23758],[128.18501,37.23886],[128.18895,37.24171],[128.18905,37.24179],[128.18915,37.24188],[128.18962,37.24231],[128.18971,37.24243],[128.18976,37.24259],[128.18978,37.24266],[128.18985,37.24275],[128.18994,37.24283],[128.19297,37.24484],[128.19429,37.24564],[128.1945,37.24577],[128.19465,37.24584],[128.19488,37.24594],[128.19509,37.24601],[128.19539,37.2461],[128.19574,37.2462],[128.196,37.24628],[128.1965,37.24642],[128.19675,37.24649],[128.19689,37.24651],[128.19705,37.24654],[128.19737,37.2466],[128.19789,37.24669],[128.20029,37.24816],[128.20123,37.24882],[128.20326,37.249],[128.20342,37.24901],[128.20361,37.249],[128.20378,37.24899],[128.20448,37.24886],[128.20493,37.24878],[128.20514,37.24875],[128.2056,37.24872],[128.20583,37.24873],[128.20658,37.24879],[128.20794,37.24892],[128.20801,37.24866],[128.20811,37.24838],[128.20825,37.24811],[128.20894,37.24707],[128.20912,37.24685],[128.21013,37.24609],[128.21031,37.24596],[128.21047,37.24591],[128.21067,37.24587],[128.21201,37.24561],[128.21209,37.24561],[128.21218,37.24561],[128.21232,37.24564],[128.21303,37.24581],[128.21331,37.24592],[128.21357,37.24602],[128.21392,37.24614],[128.21416,37.24622],[128.21453,37.24632],[128.21471,37.24636],[128.21481,37.24636],[128.21484,37.24634],[128.21487,37.2463],[128.21494,37.24606],[128.21498,37.24591],[128.21501,37.24573],[128.21517,37.24412],[128.21518,37.244],[128.21519,37.24387],[128.21516,37.24376],[128.21525,37.24194],[128.21832,37.24088],[128.21953,37.24052],[128.2218,37.23741],[128.22315,37.23483],[128.22321,37.23474],[128.22329,37.2346],[128.22362,37.23409],[128.22434,37.233],[128.22437,37.23296],[128.22443,37.2329],[128.22452,37.23286],[128.2246,37.23284],[128.22473,37.23283],[128.22488,37.23282],[128.22531,37.23284],[128.22544,37.23285],[128.22564,37.23286],[128.22575,37.23286],[128.22583,37.23285],[128.22595,37.23284],[128.2261,37.23281],[128.22624,37.23278],[128.22636,37.23274],[128.22643,37.23269],[128.2265,37.23264],[128.22842,37.2303],[128.22845,37.23024],[128.22847,37.23016],[128.22847,37.23007],[128.22845,37.22997],[128.22838,37.22974],[128.22829,37.22942],[128.22822,37.22914],[128.22818,37.22892],[128.22815,37.22869],[128.22815,37.22859],[128.22817,37.2285],[128.22827,37.22821],[128.22831,37.22814],[128.22839,37.22806],[128.22849,37.22796],[128.22859,37.2279],[128.2287,37.22784],[128.22919,37.22766],[128.23222,37.22655],[128.2324,37.2265],[128.23273,37.22644],[128.23292,37.22641],[128.23335,37.22637],[128.23368,37.22633],[128.23383,37.22632],[128.23395,37.22632],[128.23412,37.22633],[128.23439,37.22637],[128.23462,37.22641],[128.23459,37.22675],[128.23462,37.22751],[128.23466,37.22765],[128.2347,37.22778],[128.23478,37.22795],[128.2349,37.22814],[128.23504,37.2283],[128.2352,37.22846],[128.23533,37.22857],[128.23572,37.22883],[128.23685,37.22931],[128.237,37.22934],[128.23715,37.22933],[128.23735,37.22931],[128.24005,37.22878],[128.24025,37.2287],[128.24036,37.22859],[128.24041,37.22841],[128.24047,37.2281],[128.24054,37.22794],[128.24059,37.22784],[128.24097,37.22747],[128.24102,37.22742],[128.24138,37.22707],[128.242,37.22656],[128.24214,37.22645],[128.24251,37.22642],[128.24295,37.22639],[128.24389,37.22649],[128.24505,37.22684],[128.24635,37.22765],[128.24701,37.22811],[128.24717,37.22822],[128.24772,37.2285],[128.24823,37.22874],[128.24897,37.22908],[128.24927,37.22921],[128.24956,37.22933],[128.24971,37.22938],[128.24984,37.22942],[128.24998,37.22945],[128.25013,37.22947],[128.25029,37.22948],[128.25059,37.22942],[128.25075,37.22938],[128.25092,37.22933],[128.25107,37.22928],[128.2512,37.22921],[128.25134,37.2291],[128.25146,37.22898],[128.2523,37.22811],[128.25283,37.22743],[128.25352,37.22644],[128.25358,37.22634],[128.25701,37.22013],[128.25751,37.21861],[128.25853,37.21607],[128.25859,37.21596],[128.25868,37.21585],[128.25876,37.21577],[128.25884,37.21569],[128.26662,37.20933],[128.26733,37.20863],[128.26744,37.20854],[128.2675,37.20851],[128.26835,37.20808],[128.26839,37.20807],[128.26859,37.20803],[128.26869,37.20802],[128.2688,37.20803],[128.26891,37.20804],[128.26902,37.20805],[128.26914,37.20808],[128.26925,37.20812],[128.26937,37.20818],[128.26962,37.20828],[128.26974,37.20834],[128.26996,37.20847],[128.27018,37.20861],[128.27029,37.20868],[128.27088,37.20892],[128.2721,37.20932],[128.27219,37.20935],[128.27243,37.2094],[128.27258,37.20943],[128.27363,37.2096],[128.27373,37.20962],[128.27406,37.20965],[128.27773,37.20994],[128.27791,37.20996],[128.27808,37.20997],[128.27826,37.20997],[128.27844,37.20997],[128.27863,37.20997],[128.27875,37.20997],[128.27914,37.20992],[128.2793,37.2099],[128.27946,37.20987],[128.27979,37.20979],[128.28013,37.20972],[128.2803,37.20968],[128.28065,37.20962],[128.2808,37.20961],[128.28097,37.2096],[128.28114,37.2096],[128.28131,37.20962],[128.2841,37.21095],[128.28478,37.21194],[128.28688,37.21381],[128.28827,37.21502],[128.2885,37.21515],[128.28854,37.21516],[128.28868,37.21518],[128.28889,37.21519],[128.28927,37.21521],[128.28937,37.21521],[128.28963,37.21517],[128.28983,37.21512],[128.29,37.21507],[128.29902,37.21641],[128.30148,37.21699]]]]}},{"type":"Feature","properties":{"code":"43150510","name":"교동","parent":"43150"},"geometry":{"type":"MultiPolygon","coordinates":[[[[128.24014,37.14863],[128.24061,37.14635],[128.23944,37.14239],[128.23797,37.13908],[128.23832,37.13776],[128.2366,37.13698],[128.2356,37.13681],[128.23345,37.13707],[128.23108,37.13878],[128.22879,37.13932],[128.22561,37.13989],[128.22432,37.13985],[128.22435,37.13947],[128.22435,37.13917],[128.22432,37.13899],[128.22428,37.13886],[128.224,37.13857],[128.22224,37.13682],[128.21711,37.1375],[128.21404,37.13857],[128.21532,37.14243],[128.21549,37.14237],[128.21626,37.14213],[128.21633,37.14215],[128.21828,37.14292],[128.2194,37.1439],[128.21966,37.14469],[128.22058,37.14753],[128.22058,37.14761],[128.21994,37.14962],[128.21962,37.15017],[128.22116,37.15419],[128.22111,37.15509],[128.2215,37.15557],[128.22159,37.15569],[128.22161,37.15573],[128.22197,37.15703],[128.22199,37.15726],[128.222,37.15736],[128.22196,37.1575],[128.22166,37.15768],[128.22145,37.15791],[128.22143,37.15802],[128.22092,37.1601],[128.22119,37.16036],[128.2215,37.16066],[128.22549,37.16261],[128.22707,37.16296],[128.22755,37.16288],[128.22819,37.16294],[128.22903,37.16295],[128.22917,37.16294],[128.22909,37.16181],[128.22904,37.15818],[128.22989,37.15776],[128.23052,37.1574],[128.23263,37.1554],[128.23243,37.15436],[128.23223,37.15396],[128.23253,37.15254],[128.23535,37.1513],[128.2398,37.14889],[128.24014,37.14863]]]]}},{"type":"Feature","properties":{"code":"43150560","name":"용두동","parent":"43150"},"geometry":{"type":"MultiPolygon","coordinates":[[[[128.20211,37.1552],[128.20199,37.1544],[128.20119,37.15372],[128.20101,37.15357],[128.2009,37.15349],[128.2007,37.15343],[128.20013,37.15328],[128.19992,37.15326],[128.19972,37.15325],[128.19956,37.15327],[128.19948,37.15322],[128.19856,37.15213],[128.19735,37.14999],[128.19722,37.1495],[128.19691,37.14818],[128.19737,37.14776],[128.19745,37.14772],[128.19795,37.14748],[128.19809,37.14742],[128.19839,37.14724],[128.19882,37.14698],[128.1991,37.14671],[128.19972,37.14611],[128.19982,37.14593],[128.20001,37.14557],[128.20139,37.14278],[128.20172,37.14195],[128.20186,37.14159],[128.2019,37.14129],[128.20229,37.13974],[128.20217,37.13923],[128.19991,37.13348],[128.19934,37.13211],[128.19907,37.13151],[128.19903,37.13143],[128.19895,37.13126],[128.1984,37.1302],[128.19823,37.13021],[128.19643,37.13037],[128.19644,37.1312],[128.19645,37.13143],[128.1959,37.13251],[128.1947,37.13367],[128.19417,37.13413],[128.19256,37.13458],[128.19071,37.13481],[128.19055,37.13492],[128.19021,37.13514],[128.18811,37.13716],[128.1865,37.1388],[128.18637,37.13893],[128.18636,37.13965],[128.18636,37.14014],[128.18627,37.14038],[128.1852,37.14127],[128.18392,37.14211],[128.17966,37.14327],[128.17871,37.1433],[128.1782,37.14373],[128.17684,37.14456],[128.17654,37.14466],[128.1759,37.14462],[128.17379,37.14399],[128.17359,37.14361],[128.17336,37.14333],[128.17307,37.1431],[128.17118,37.14319],[128.17014,37.14331],[128.1692,37.14376],[128.16871,37.14408],[128.16821,37.14433],[128.16774,37.14434],[128.16674,37.1443],[128.1658,37.14391],[128.16536,37.14301],[128.16488,37.14237],[128.16318,37.14057],[128.16295,37.1404],[128.16275,37.14099],[128.16233,37.14143],[128.15917,37.14308],[128.15332,37.14407],[128.15296,37.14395],[128.1523,37.14328],[128.15144,37.14229],[128.15054,37.14126],[128.15037,37.14115],[128.14958,37.14081],[128.14929,37.14079],[128.149,37.14083],[128.14756,37.14583],[128.14721,37.14719],[128.14721,37.14812],[128.14741,37.14816],[128.14754,37.14818],[128.14844,37.14844],[128.14992,37.14888],[128.15043,37.14961],[128.15096,37.15117],[128.15098,37.15175],[128.151,37.15205],[128.15102,37.15211],[128.15107,37.15221],[128.15164,37.1532],[128.1517,37.1533],[128.15174,37.15335],[128.15245,37.15417],[128.15249,37.15421],[128.15257,37.15427],[128.15268,37.15433],[128.15275,37.15437],[128.15286,37.15442],[128.15328,37.15456],[128.15488,37.15501],[128.15528,37.15504],[128.15611,37.15488],[128.1597,37.15447],[128.16074,37.1548],[128.16297,37.1555],[128.16309,37.15548],[128.16565,37.15516],[128.16896,37.15672],[128.16937,37.15689],[128.16955,37.15695],[128.16977,37.15703],[128.1699,37.15707],[128.17143,37.15752],[128.17147,37.15753],[128.17154,37.15753],[128.17175,37.15754],[128.17368,37.1575],[128.17509,37.15737],[128.17544,37.15736],[128.17622,37.15734],[128.17636,37.15749],[128.17638,37.15752],[128.1764,37.15755],[128.17816,37.15996],[128.17809,37.16105],[128.17773,37.16456],[128.17848,37.16695],[128.17948,37.17237],[128.17949,37.17241],[128.17934,37.17366],[128.1793,37.17386],[128.17929,37.17391],[128.17928,37.17394],[128.17924,37.17398],[128.17886,37.17431],[128.17872,37.17443],[128.17841,37.17471],[128.17831,37.1748],[128.17822,37.17491],[128.17816,37.175],[128.17806,37.17517],[128.178,37.17532],[128.17794,37.1755],[128.1779,37.17562],[128.17788,37.17572],[128.17787,37.17589],[128.17787,37.17599],[128.17788,37.17612],[128.17823,37.17895],[128.17827,37.17914],[128.1783,37.17923],[128.17834,37.17929],[128.17842,37.17941],[128.17848,37.17945],[128.17857,37.17951],[128.17865,37.17954],[128.1789,37.17962],[128.17912,37.17969],[128.17969,37.1799],[128.17994,37.18],[128.18037,37.18021],[128.18055,37.18031],[128.18069,37.18039],[128.18081,37.18048],[128.18097,37.1806],[128.18108,37.18071],[128.1812,37.18085],[128.18193,37.18184],[128.18198,37.18191],[128.18204,37.18203],[128.18211,37.18216],[128.18216,37.1823],[128.18218,37.18239],[128.18257,37.18412],[128.18264,37.18448],[128.18269,37.18475],[128.18269,37.1848],[128.18267,37.18483],[128.1826,37.18488],[128.18335,37.18506],[128.18804,37.18615],[128.19024,37.18624],[128.19131,37.18642],[128.19199,37.18702],[128.19281,37.18751],[128.19388,37.18774],[128.1952,37.18764],[128.19665,37.18711],[128.19897,37.18649],[128.19934,37.186],[128.19952,37.18542],[128.19958,37.18416],[128.19948,37.18372],[128.1994,37.18364],[128.1993,37.18355],[128.19907,37.18336],[128.19895,37.18329],[128.19888,37.18325],[128.19863,37.18234],[128.1992,37.18072],[128.19938,37.18056],[128.19973,37.18033],[128.20013,37.18016],[128.20111,37.18038],[128.20234,37.18069],[128.2024,37.18062],[128.20255,37.18044],[128.20301,37.17833],[128.20301,37.17794],[128.20287,37.17754],[128.20263,37.17705],[128.20253,37.17688],[128.2025,37.17662],[128.2025,37.1765],[128.20261,37.17627],[128.20293,37.17569],[128.2033,37.17513],[128.2037,37.17459],[128.20389,37.17438],[128.20448,37.17414],[128.20491,37.17397],[128.20528,37.17383],[128.20579,37.17358],[128.20645,37.17321],[128.20664,37.17301],[128.2067,37.1728],[128.20633,37.16945],[128.20485,37.16681],[128.20476,37.16676],[128.20463,37.16675],[128.20449,37.16675],[128.20433,37.16677],[128.20413,37.16682],[128.2038,37.16693],[128.20357,37.16546],[128.20272,37.15954],[128.20211,37.1552]]]]}},{"type":"Feature","properties":{"code":"43150590","name":"청전동","parent":"43150"},"geometry":{"type":"MultiPolygon","coordinates":[[[[128.22111,37.15509],[128.22116,37.15419],[128.21962,37.15017],[128.21994,37.14962],[128.22058,37.14761],[128.22058,37.14753],[128.21966,37.14469],[128.2194,37.1439],[128.21828,37.14292],[128.21633,37.14215],[128.21626,37.14213],[128.21549,37.14237],[128.21532,37.14243],[128.21469,37.14265],[128.21453,37.14274],[128.21445,37.14324],[128.21438,37.14444],[128.21447,37.1448],[128.21447,37.14483],[128.2124,37.14536],[128.21205,37.14536],[128.21199,37.14524],[128.21181,37.14506],[128.21132,37.1449],[128.20829,37.14484],[128.20752,37.14528],[128.2066,37.14479],[128.20651,37.14475],[128.20564,37.14427],[128.20489,37.143],[128.20445,37.1422],[128.20281,37.14103],[128.2019,37.14129],[128.20186,37.14159],[128.20172,37.14195],[128.20139,37.14278],[128.20001,37.14557],[128.19982,37.14593],[128.19972,37.14611],[128.1991,37.14671],[128.19882,37.14698],[128.19839,37.14724],[128.19809,37.14742],[128.19795,37.14748],[128.19745,37.14772],[128.19737,37.14776],[128.19691,37.14818],[128.19722,37.1495],[128.19735,37.14999],[128.19856,37.15213],[128.19948,37.15322],[128.19956,37.15327],[128.19972,37.15325],[128.19992,37.15326],[128.20013,37.15328],[128.2007,37.15343],[128.2009,37.15349],[128.20101,37.15357],[128.20119,37.15372],[128.20199,37.1544],[128.20211,37.1552],[128.20733,37.15793],[128.20992,37.15921],[128.21114,37.15979],[128.21136,37.15984],[128.21252,37.15916],[128.21464,37.15866],[128.21815,37.15661],[128.21916,37.15486],[128.21959,37.15398],[128.21977,37.15392],[128.21992,37.15394],[128.2201,37.15398],[128.2202,37.15402],[128.22111,37.15509]]]]}},{"type":"Feature","properties":{"code":"43150605","name":"화산동","parent":"43150"},"geometry":{"type":"MultiPolygon","coordinates":[[[[128.22342,37.12465],[128.22483,37.12498],[128.22736,37.12041],[128.22754,37.11997],[128.22762,37.11977],[128.22792,37.11636],[128.22872,37.11463],[128.22737,37.11284],[128.22674,37.11082],[128.22613,37.11034],[128.22486,37.11001],[128.22337,37.10996],[128.22096,37.10876],[128.21908,37.10695],[128.21768,37.10697],[128.21632,37.10706],[128.2155,37.10716],[128.2149,37.10724],[128.21342,37.10724],[128.21287,37.1072],[128.21151,37.10711],[128.21146,37.10648],[128.21264,37.10519],[128.21395,37.10452],[128.21545,37.10391],[128.21643,37.10393],[128.21742,37.10253],[128.21763,37.10158],[128.21581,37.10041],[128.21547,37.10015],[128.21583,37.09928],[128.21672,37.09852],[128.21705,37.0981],[128.21753,37.09685],[128.21725,37.09666],[128.21667,37.09628],[128.21602,37.0965],[128.21435,37.09679],[128.21268,37.09705],[128.21165,37.09636],[128.21177,37.09511],[128.21142,37.09399],[128.2095,37.09287],[128.20644,37.09246],[128.20497,37.09291],[128.20358,37.09333],[128.20285,37.09363],[128.20207,37.09394],[128.20164,37.0944],[128.20131,37.09474],[128.20094,37.09591],[128.20089,37.09606],[128.19869,37.09531],[128.19648,37.09393],[128.19338,37.09342],[128.19233,37.09345],[128.19125,37.09339],[128.19112,37.0933],[128.19099,37.0932],[128.18996,37.09203],[128.18995,37.09193],[128.18989,37.09158],[128.18936,37.09132],[128.189,37.09115],[128.18573,37.09104],[128.18416,37.09105],[128.18379,37.09112],[128.18353,37.09117],[128.18277,37.09145],[128.1827,37.09152],[128.18259,37.09162],[128.18122,37.09261],[128.18053,37.09238],[128.17998,37.0922],[128.17954,37.09169],[128.17935,37.09098],[128.17932,37.09016],[128.17812,37.09115],[128.17752,37.09184],[128.17741,37.09203],[128.17668,37.09364],[128.17381,37.09316],[128.17344,37.09264],[128.17294,37.09219],[128.17231,37.09178],[128.17302,37.09558],[128.17325,37.09602],[128.17385,37.09713],[128.17437,37.09856],[128.17465,37.10126],[128.17414,37.10173],[128.17419,37.10262],[128.17447,37.10303],[128.17529,37.10412],[128.17532,37.1052],[128.17533,37.10531],[128.17651,37.10839],[128.17744,37.10903],[128.17771,37.10907],[128.17954,37.10912],[128.18067,37.10931],[128.18299,37.11001],[128.18654,37.11235],[128.1866,37.11246],[128.18668,37.11259],[128.18692,37.11318],[128.18686,37.11338],[128.18622,37.11581],[128.18619,37.11801],[128.18671,37.12029],[128.18749,37.12136],[128.1901,37.12346],[128.19297,37.12531],[128.19319,37.12533],[128.19413,37.12541],[128.19476,37.12533],[128.19556,37.12523],[128.19645,37.12441],[128.1974,37.12374],[128.20422,37.12263],[128.20662,37.12261],[128.21164,37.12308],[128.21432,37.12403],[128.21349,37.12463],[128.21239,37.12501],[128.21142,37.12538],[128.21129,37.12545],[128.20568,37.12847],[128.20634,37.13],[128.20722,37.13165],[128.2076,37.13232],[128.20982,37.13495],[128.21276,37.13289],[128.21575,37.13203],[128.21843,37.13108],[128.21953,37.13069],[128.22001,37.12803],[128.22005,37.12698],[128.21919,37.12624],[128.21876,37.12601],[128.21787,37.1257],[128.21781,37.12552],[128.21797,37.12538],[128.22342,37.12465]]]]}},{"type":"Feature","properties":{"code":"43150518","name":"의림지동","parent":"43150"},"geometry":{"type":"MultiPolygon","coordinates":[[[[128.24467,37.15388],[128.24458,37.15312],[128.24332,37.1521],[128.24228,37.1515],[128.24014,37.14863],[128.2398,37.14889],[128.23535,37.1513],[128.23253,37.15254],[128.23223,37.15396],[128.23243,37.15436],[128.23263,37.1554],[128.23052,37.1574],[128.22989,37.15776],[128.22904,37.15818],[128.22909,37.16181],[128.22917,37.16294],[128.22903,37.16295],[128.22819,37.16294],[128.22755,37.16288],[128.22707,37.16296],[128.22549,37.16261],[128.2215,37.16066],[128.22119,37.16036],[128.22092,37.1601],[128.22143,37.15802],[128.22145,37.15791],[128.22166,37.15768],[128.22196,37.1575],[128.222,37.15736],[128.22199,37.15726],[128.22197,37.15703],[128.22161,37.15573],[128.22159,37.15569],[128.2215,37.15557],[128.22111,37.15509],[128.2202,37.15402],[128.2201,37.15398],[128.21992,37.15394],[128.21977,37.15392],[128.21959,37.15398],[128.21916,37.15486],[128.21815,37.15661],[128.21464,37.15866],[128.21252,37.15916],[128.21136,37.15984],[128.21114,37.15979],[128.20992,37.15921],[128.20733,37.15793],[128.20211,37.1552],[128.20272,37.15954],[128.20357,37.16546],[128.2038,37.16693],[128.20413,37.16682],[128.20433,37.16677],[128.20449,37.16675],[128.20463,37.16675],[128.20476,37.16676],[128.20485,37.16681],[128.20633,37.16945],[128.2067,37.1728],[128.20664,37.17301],[128.20645,37.17321],[128.20579,37.17358],[128.20528,37.17383],[128.20491,37.17397],[128.20448,37.17414],[128.20389,37.17438],[128.2037,37.17459],[128.2033,37.17513],[128.20293,37.17569],[128.20261,37.17627],[128.2025,37.1765],[128.2025,37.17662],[128.20253,37.17688],[128.20263,37.17705],[128.20287,37.17754],[128.20301,37.17794],[128.20301,37.17833],[128.20255,37.18044],[128.2024,37.18062],[128.20234,37.18069],[128.20111,37.18038],[128.20013,37.18016],[128.19973,37.18033],[128.19938,37.18056],[128.1992,37.18072],[128.19863,37.18234],[128.19888,37.18325],[128.19895,37.18329],[128.19907,37.18336],[128.1993,37.18355],[128.1994,37.18364],[128.19948,37.18372],[128.19958,37.18416],[128.19952,37.18542],[128.19934,37.186],[128.19897,37.18649],[128.19665,37.18711],[128.1952,37.18764],[128.19388,37.18774],[128.19281,37.18751],[128.19199,37.18702],[128.19131,37.18642],[128.19024,37.18624],[128.18804,37.18615],[128.18335,37.18506],[128.1826,37.18488],[128.18131,37.18495],[128.18111,37.18496],[128.18097,37.18498],[128.18082,37.18501],[128.17553,37.18673],[128.17521,37.18684],[128.17508,37.1869],[128.17485,37.18701],[128.17445,37.18722],[128.17418,37.18737],[128.17407,37.18744],[128.17398,37.1875],[128.17393,37.18755],[128.17389,37.18761],[128.17387,37.18767],[128.17386,37.18776],[128.17386,37.1878],[128.17388,37.18785],[128.1739,37.18791],[128.17397,37.18803],[128.17402,37.18812],[128.17432,37.18852],[128.17445,37.18868],[128.17453,37.18875],[128.17458,37.18879],[128.17567,37.18945],[128.17591,37.18959],[128.17669,37.19062],[128.17659,37.19326],[128.17657,37.19362],[128.17656,37.19372],[128.17655,37.19383],[128.17651,37.19394],[128.17648,37.19402],[128.1762,37.19451],[128.1756,37.19457],[128.17515,37.19465],[128.17371,37.19508],[128.17367,37.19517],[128.17362,37.19538],[128.17361,37.19545],[128.17298,37.19967],[128.17298,37.19972],[128.17298,37.19979],[128.17298,37.19992],[128.17301,37.20004],[128.17303,37.2001],[128.17311,37.20026],[128.17315,37.20034],[128.17318,37.20039],[128.17322,37.20043],[128.1757,37.20241],[128.17629,37.20309],[128.17804,37.20312],[128.18337,37.20363],[128.18928,37.20364],[128.18935,37.20362],[128.18949,37.20356],[128.18962,37.20346],[128.18975,37.20336],[128.18983,37.20327],[128.19026,37.20244],[128.19027,37.2024],[128.19028,37.20232],[128.19026,37.20224],[128.1902,37.20202],[128.19063,37.19957],[128.19064,37.19946],[128.19064,37.19938],[128.19062,37.19931],[128.18998,37.1972],[128.18993,37.19712],[128.18981,37.19698],[128.18967,37.19684],[128.1894,37.19659],[128.18916,37.19637],[128.18906,37.19627],[128.189,37.1962],[128.18894,37.19612],[128.1889,37.19605],[128.18887,37.19599],[128.18848,37.19503],[128.18846,37.19499],[128.18846,37.19496],[128.18847,37.19491],[128.18942,37.19318],[128.18946,37.19314],[128.18955,37.19309],[128.18974,37.19308],[128.19167,37.19326],[128.1924,37.19339],[128.19259,37.19346],[128.19271,37.19349],[128.19282,37.19351],[128.19288,37.19352],[128.19292,37.19352],[128.19297,37.19351],[128.19307,37.19348],[128.19322,37.19344],[128.19531,37.19271],[128.19853,37.19062],[128.20333,37.1878],[128.20384,37.18755],[128.20401,37.18744],[128.20417,37.18732],[128.20432,37.1872],[128.20454,37.187],[128.20482,37.18667],[128.20494,37.18648],[128.20515,37.18609],[128.20519,37.18599],[128.206,37.18402],[128.20821,37.18053],[128.20825,37.18046],[128.20832,37.18037],[128.20859,37.18044],[128.20864,37.18045],[128.20928,37.18039],[128.21322,37.17968],[128.21472,37.17802],[128.21577,37.17658],[128.21581,37.17652],[128.21583,37.17643],[128.2201,37.17576],[128.22474,37.17606],[128.22894,37.17692],[128.23138,37.1777],[128.23297,37.17815],[128.23736,37.17811],[128.23774,37.17806],[128.24006,37.17721],[128.24244,37.17629],[128.24271,37.17613],[128.24289,37.17592],[128.24317,37.17546],[128.24327,37.17527],[128.24343,37.17462],[128.2443,37.17251],[128.24497,37.17231],[128.24626,37.1719],[128.24756,37.17144],[128.24792,37.17102],[128.24821,37.17007],[128.24822,37.16989],[128.24824,37.16879],[128.2485,37.16781],[128.24912,37.16629],[128.24987,37.16549],[128.25067,37.16447],[128.25079,37.16425],[128.25179,37.1622],[128.25191,37.1613],[128.25193,37.16109],[128.25036,37.15984],[128.2493,37.15927],[128.24895,37.15918],[128.24839,37.15944],[128.24735,37.15975],[128.24714,37.15975],[128.24565,37.15927],[128.24523,37.15826],[128.24483,37.15523],[128.24467,37.15388]]]]}},{"type":"Feature","properties":{"code":"43150528","name":"중앙동","parent":"43150"},"geometry":{"type":"MultiPolygon","coordinates":[[[[128.21532,37.14243],[128.21404,37.13857],[128.20982,37.13495],[128.2076,37.13232],[128.20539,37.13246],[128.20413,37.1337],[128.20495,37.1352],[128.2069,37.13875],[128.20355,37.14052],[128.20281,37.14103],[128.20445,37.1422],[128.20489,37.143],[128.20564,37.14427],[128.20651,37.14475],[128.2066,37.14479],[128.20752,37.14528],[128.20829,37.14484],[128.21132,37.1449],[128.21181,37.14506],[128.21199,37.14524],[128.21205,37.14536],[128.2124,37.14536],[128.21447,37.14483],[128.21447,37.1448],[128.21438,37.14444],[128.21445,37.14324],[128.21453,37.14274],[128.21469,37.14265],[128.21532,37.14243]]]]}},{"type":"Feature","properties":{"code":"43150537","name":"남현동","parent":"43150"},"geometry":{"type":"MultiPolygon","coordinates":[[[[128.22224,37.13682],[128.22338,37.13586],[128.22356,37.13567],[128.22358,37.13564],[128.22369,37.13548],[128.22374,37.13513],[128.22374,37.13433],[128.22373,37.13426],[128.22373,37.13419],[128.22372,37.13413],[128.22371,37.13406],[128.22371,37.134],[128.22369,37.13392],[128.22367,37.13386],[128.22365,37.13379],[128.2236,37.13367],[128.22323,37.13288],[128.22291,37.13219],[128.22252,37.13137],[128.22238,37.13097],[128.22231,37.13038],[128.22225,37.12955],[128.22221,37.12903],[128.22222,37.12863],[128.22236,37.12833],[128.22278,37.12793],[128.22292,37.12779],[128.22328,37.12746],[128.2234,37.12733],[128.22359,37.12681],[128.22383,37.12602],[128.22388,37.12577],[128.22354,37.12493],[128.22342,37.12465],[128.21797,37.12538],[128.21781,37.12552],[128.21787,37.1257],[128.21876,37.12601],[128.21919,37.12624],[128.22005,37.12698],[128.22001,37.12803],[128.21953,37.13069],[128.21843,37.13108],[128.21575,37.13203],[128.21276,37.13289],[128.20982,37.13495],[128.21404,37.13857],[128.21711,37.1375],[128.22224,37.13682]]]]}},{"type":"Feature","properties":{"code":"43150547","name":"영서동","parent":"43150"},"geometry":{"type":"MultiPolygon","coordinates":[[[[128.2019,37.14129],[128.20281,37.14103],[128.20355,37.14052],[128.2069,37.13875],[128.20495,37.1352],[128.20413,37.1337],[128.20539,37.13246],[128.2076,37.13232],[128.20722,37.13165],[128.20634,37.13],[128.20568,37.12847],[128.21129,37.12545],[128.21142,37.12538],[128.21239,37.12501],[128.21349,37.12463],[128.21432,37.12403],[128.21164,37.12308],[128.20662,37.12261],[128.20422,37.12263],[128.1974,37.12374],[128.19645,37.12441],[128.19556,37.12523],[128.19476,37.12533],[128.19413,37.12541],[128.19319,37.12533],[128.19297,37.12531],[128.1901,37.12346],[128.18749,37.12136],[128.18671,37.12029],[128.18619,37.11801],[128.18622,37.11581],[128.18686,37.11338],[128.18692,37.11318],[128.18668,37.11259],[128.1866,37.11246],[128.18654,37.11235],[128.18299,37.11001],[128.18067,37.10931],[128.17954,37.10912],[128.17771,37.10907],[128.17744,37.10903],[128.17651,37.10839],[128.17533,37.10531],[128.17532,37.1052],[128.17529,37.10412],[128.17447,37.10303],[128.17207,37.10429],[128.17108,37.10591],[128.17013,37.10821],[128.17035,37.11115],[128.17062,37.11162],[128.17095,37.11227],[128.17098,37.11236],[128.17098,37.11249],[128.1703,37.11643],[128.17029,37.11649],[128.17027,37.11655],[128.16984,37.11747],[128.16979,37.11758],[128.16863,37.11967],[128.16857,37.11975],[128.1685,37.11981],[128.1684,37.11988],[128.16828,37.11995],[128.16524,37.12123],[128.16245,37.12146],[128.16239,37.12145],[128.16154,37.1213],[128.16076,37.12111],[128.16026,37.12106],[128.1592,37.12104],[128.15472,37.12093],[128.15465,37.12094],[128.1546,37.12097],[128.15455,37.12102],[128.15449,37.1211],[128.15443,37.12123],[128.15393,37.12284],[128.15338,37.12454],[128.15334,37.12463],[128.15323,37.12482],[128.15313,37.12493],[128.1521,37.12608],[128.15131,37.12679],[128.15119,37.12687],[128.15107,37.12698],[128.15095,37.12711],[128.15091,37.12718],[128.15003,37.12895],[128.14999,37.12905],[128.14972,37.12993],[128.1497,37.13001],[128.1497,37.13003],[128.15054,37.13093],[128.15059,37.13096],[128.15064,37.13096],[128.15068,37.13094],[128.15129,37.13059],[128.15478,37.13154],[128.15553,37.13392],[128.15879,37.13556],[128.16008,37.13713],[128.15918,37.13812],[128.15903,37.14006],[128.16007,37.14106],[128.1619,37.14064],[128.16295,37.1404],[128.16318,37.14057],[128.16488,37.14237],[128.16536,37.14301],[128.1658,37.14391],[128.16674,37.1443],[128.16774,37.14434],[128.16821,37.14433],[128.16871,37.14408],[128.1692,37.14376],[128.17014,37.14331],[128.17118,37.14319],[128.17307,37.1431],[128.17336,37.14333],[128.17359,37.14361],[128.17379,37.14399],[128.1759,37.14462],[128.17654,37.14466],[128.17684,37.14456],[128.1782,37.14373],[128.17871,37.1433],[128.17966,37.14327],[128.18392,37.14211],[128.1852,37.14127],[128.18627,37.14038],[128.18636,37.14014],[128.18636,37.13965],[128.18637,37.13893],[128.1865,37.1388],[128.18811,37.13716],[128.19021,37.13514],[128.19055,37.13492],[128.19071,37.13481],[128.19256,37.13458],[128.19417,37.13413],[128.1947,37.13367],[128.1959,37.13251],[128.19645,37.13143],[128.19644,37.1312],[128.19643,37.13037],[128.19823,37.13021],[128.1984,37.1302],[128.19895,37.13126],[128.19903,37.13143],[128.19907,37.13151],[128.19934,37.13211],[128.19991,37.13348],[128.20217,37.13923],[128.20229,37.13974],[128.2019,37.14129]]]]}},{"type":"Feature","properties":{"code":"43150577","name":"신백동","parent":"43150"},"geometry":{"type":"MultiPolygon","coordinates":[[[[128.27185,37.15131],[128.27241,37.15072],[128.2726,37.1505],[128.27264,37.15045],[128.27268,37.15038],[128.2727,37.15033],[128.27272,37.15029],[128.27272,37.15026],[128.27273,37.15021],[128.27273,37.15011],[128.27273,37.15006],[128.27271,37.14999],[128.27267,37.14984],[128.27266,37.14982],[128.2726,37.14964],[128.2724,37.14914],[128.27235,37.14902],[128.27234,37.14897],[128.27234,37.14891],[128.27234,37.14884],[128.27239,37.14866],[128.2725,37.1484],[128.27254,37.14833],[128.27259,37.14823],[128.27291,37.1478],[128.27302,37.14767],[128.27315,37.14753],[128.27328,37.14742],[128.27339,37.14732],[128.27811,37.14356],[128.27828,37.14343],[128.27852,37.14324],[128.27886,37.14301],[128.27921,37.14278],[128.27925,37.14276],[128.27938,37.1427],[128.27957,37.14263],[128.27971,37.1426],[128.2799,37.1426],[128.28006,37.14262],[128.28018,37.14263],[128.28049,37.14267],[128.28108,37.14274],[128.28245,37.14289],[128.28263,37.1429],[128.2828,37.14291],[128.28284,37.14291],[128.283,37.14291],[128.28316,37.1429],[128.28345,37.14286],[128.28381,37.1428],[128.28403,37.14275],[128.28432,37.14267],[128.28442,37.14263],[128.28451,37.1426],[128.28845,37.14106],[128.2885,37.14103],[128.28864,37.14096],[128.29224,37.13895],[128.29241,37.13883],[128.29273,37.1386],[128.29306,37.13833],[128.29329,37.13811],[128.29344,37.13792],[128.29374,37.13754],[128.29408,37.1371],[128.29495,37.13598],[128.29598,37.13458],[128.29616,37.13428],[128.2962,37.13421],[128.29626,37.13411],[128.29634,37.13405],[128.29646,37.13398],[128.29672,37.13391],[128.29697,37.13386],[128.29779,37.1338],[128.29782,37.13382],[128.29789,37.13386],[128.29827,37.13418],[128.29901,37.13324],[128.2994,37.13264],[128.29962,37.1323],[128.30258,37.12756],[128.30376,37.12453],[128.30378,37.12444],[128.30381,37.12417],[128.30393,37.12276],[128.30376,37.12203],[128.30374,37.12122],[128.30441,37.11842],[128.30449,37.11827],[128.30454,37.11818],[128.30556,37.11695],[128.30612,37.11641],[128.30737,37.11538],[128.30743,37.11533],[128.30748,37.1153],[128.30756,37.11524],[128.30766,37.11517],[128.30798,37.11499],[128.30835,37.11482],[128.30867,37.11466],[128.30875,37.11459],[128.30889,37.11444],[128.30894,37.11434],[128.30962,37.11249],[128.30968,37.11168],[128.30968,37.11159],[128.30965,37.11149],[128.30888,37.10968],[128.30464,37.1008],[128.30461,37.10074],[128.30453,37.10067],[128.30443,37.10058],[128.30435,37.1005],[128.30423,37.1004],[128.30401,37.10025],[128.30271,37.09947],[128.30148,37.09877],[128.30129,37.09866],[128.30105,37.09857],[128.30081,37.09848],[128.30068,37.09846],[128.30064,37.09846],[128.30058,37.09847],[128.30049,37.09848],[128.30041,37.09849],[128.30029,37.09851],[128.30019,37.09855],[128.30007,37.09859],[128.29992,37.09866],[128.29794,37.09904],[128.29588,37.09869],[128.29584,37.09868],[128.29577,37.09867],[128.2956,37.09861],[128.29548,37.09857],[128.29499,37.09832],[128.29471,37.09816],[128.29431,37.09789],[128.29222,37.09996],[128.29209,37.10006],[128.29189,37.10019],[128.29137,37.10051],[128.29097,37.10074],[128.29081,37.10081],[128.29055,37.10088],[128.29014,37.10099],[128.28992,37.10105],[128.28603,37.10399],[128.28551,37.10457],[128.28357,37.10633],[128.28231,37.10744],[128.27985,37.10955],[128.27972,37.10964],[128.2796,37.10971],[128.27945,37.10978],[128.27935,37.10982],[128.27906,37.10989],[128.27879,37.10996],[128.27862,37.11002],[128.27848,37.11011],[128.2782,37.11035],[128.27789,37.11073],[128.27784,37.11079],[128.27784,37.11086],[128.27808,37.11196],[128.2781,37.11201],[128.2782,37.11227],[128.27842,37.11267],[128.27886,37.11359],[128.27889,37.11367],[128.27891,37.11379],[128.27894,37.11395],[128.27893,37.11399],[128.27889,37.1141],[128.27878,37.11429],[128.27855,37.11468],[128.27814,37.11523],[128.27805,37.11534],[128.27801,37.11539],[128.27791,37.11546],[128.27764,37.11564],[128.27758,37.11566],[128.27723,37.11567],[128.27388,37.11728],[128.27378,37.11731],[128.27365,37.11734],[128.27348,37.11734],[128.27342,37.11732],[128.27335,37.1173],[128.26806,37.11402],[128.26787,37.11388],[128.26772,37.11375],[128.26755,37.11358],[128.26745,37.11343],[128.26736,37.11329],[128.26727,37.11309],[128.26716,37.11281],[128.26447,37.10937],[128.25971,37.10375],[128.2596,37.10368],[128.25944,37.10356],[128.25851,37.1027],[128.2582,37.1024],[128.25816,37.10233],[128.25814,37.1023],[128.25811,37.1022],[128.25811,37.10209],[128.25811,37.10189],[128.25814,37.1017],[128.25818,37.10154],[128.2586,37.0999],[128.2587,37.09955],[128.25914,37.09823],[128.25925,37.09805],[128.25933,37.09795],[128.2594,37.09788],[128.25952,37.09777],[128.25964,37.09768],[128.25982,37.09756],[128.25998,37.09748],[128.26011,37.09742],[128.26034,37.09734],[128.26048,37.09727],[128.2606,37.09719],[128.26068,37.09712],[128.26076,37.09702],[128.26083,37.09685],[128.26096,37.09655],[128.26106,37.09629],[128.26131,37.09563],[128.26153,37.09473],[128.26158,37.09455],[128.26174,37.09381],[128.26176,37.09363],[128.26176,37.09349],[128.26176,37.09337],[128.2617,37.09316],[128.26165,37.09301],[128.26155,37.09275],[128.26146,37.09253],[128.26142,37.09243],[128.26141,37.09237],[128.26141,37.09229],[128.26142,37.09221],[128.26447,37.08797],[128.26462,37.08793],[128.26506,37.08787],[128.2654,37.08786],[128.26676,37.0879],[128.26789,37.08814],[128.26833,37.08838],[128.26874,37.08849],[128.26897,37.0885],[128.2691,37.0885],[128.26945,37.0883],[128.26974,37.08802],[128.26756,37.08631],[128.26272,37.08347],[128.26262,37.08342],[128.26252,37.08339],[128.26242,37.08337],[128.26234,37.08337],[128.26217,37.08337],[128.26206,37.08338],[128.26021,37.08369],[128.25884,37.08404],[128.2588,37.08403],[128.2587,37.08398],[128.25588,37.08245],[128.25577,37.08238],[128.25235,37.07922],[128.25144,37.07813],[128.24945,37.07506],[128.24792,37.07613],[128.24399,37.07563],[128.2424,37.07623],[128.2423,37.07627],[128.24219,37.07633],[128.24175,37.07663],[128.24165,37.07671],[128.24145,37.07687],[128.24132,37.07701],[128.23753,37.08155],[128.23761,37.08164],[128.23768,37.08173],[128.23775,37.08184],[128.23782,37.08199],[128.23946,37.08546],[128.23947,37.08552],[128.23946,37.08556],[128.23942,37.08562],[128.23928,37.08576],[128.23911,37.08591],[128.23903,37.08599],[128.2373,37.08735],[128.23723,37.08739],[128.23635,37.0878],[128.23626,37.08784],[128.23603,37.08791],[128.23579,37.09171],[128.23518,37.0964],[128.23455,37.09946],[128.2334,37.10509],[128.23337,37.10519],[128.23337,37.10528],[128.23341,37.10577],[128.23345,37.10594],[128.23346,37.10601],[128.23361,37.10639],[128.23366,37.10651],[128.23372,37.10663],[128.2338,37.10675],[128.23399,37.10699],[128.23419,37.10725],[128.23436,37.10744],[128.23599,37.10975],[128.23457,37.1128],[128.23447,37.11296],[128.23441,37.11304],[128.23428,37.11321],[128.23408,37.11345],[128.23393,37.11362],[128.23379,37.11373],[128.2337,37.11378],[128.23362,37.11382],[128.22872,37.11463],[128.22792,37.11636],[128.22762,37.11977],[128.22754,37.11997],[128.22736,37.12041],[128.22483,37.12498],[128.22342,37.12465],[128.22354,37.12493],[128.22388,37.12577],[128.22383,37.12602],[128.22359,37.12681],[128.2234,37.12733],[128.22328,37.12746],[128.22292,37.12779],[128.22278,37.12793],[128.22236,37.12833],[128.22222,37.12863],[128.22221,37.12903],[128.22225,37.12955],[128.22231,37.13038],[128.22238,37.13097],[128.22252,37.13137],[128.22291,37.13219],[128.22323,37.13288],[128.2236,37.13367],[128.22365,37.13379],[128.22367,37.13386],[128.22369,37.13392],[128.22371,37.134],[128.22371,37.13406],[128.22372,37.13413],[128.22373,37.13419],[128.22373,37.13426],[128.22374,37.13433],[128.22374,37.13513],[128.22369,37.13548],[128.22358,37.13564],[128.22356,37.13567],[128.22338,37.13586],[128.22224,37.13682],[128.224,37.13857],[128.22428,37.13886],[128.22432,37.13899],[128.22435,37.13917],[128.22435,37.13947],[128.22432,37.13985],[128.22561,37.13989],[128.22879,37.13932],[128.23108,37.13878],[128.23345,37.13707],[128.2356,37.13681],[128.2366,37.13698],[128.23832,37.13776],[128.23797,37.13908],[128.23944,37.14239],[128.24061,37.14635],[128.24014,37.14863],[128.24228,37.1515],[128.24332,37.1521],[128.24458,37.15312],[128.24467,37.15388],[128.2468,37.15197],[128.24708,37.15203],[128.24711,37.15204],[128.24716,37.15201],[128.24773,37.15154],[128.24795,37.15134],[128.24802,37.15127],[128.24807,37.15115],[128.2481,37.15098],[128.24812,37.15085],[128.24814,37.15067],[128.24812,37.15055],[128.24778,37.14926],[128.24758,37.14899],[128.24636,37.14772],[128.2454,37.14639],[128.24538,37.14623],[128.24544,37.1462],[128.24567,37.14617],[128.24572,37.14617],[128.24589,37.1462],[128.24612,37.14624],[128.25132,37.1477],[128.25432,37.14895],[128.25935,37.15063],[128.26313,37.15145],[128.26324,37.15147],[128.26333,37.15148],[128.26347,37.1515],[128.2636,37.1515],[128.2643,37.15149],[128.26444,37.15147],[128.26454,37.15146],[128.2648,37.15142],[128.26512,37.15137],[128.26525,37.15135],[128.26539,37.15134],[128.26735,37.15121],[128.26908,37.15114],[128.26945,37.15113],[128.2698,37.15114],[128.27001,37.15115],[128.27039,37.15118],[128.27185,37.15131]]]]}}]}